idx,date,signal,position,return,pnl,equity,action
0,2020-01-01,-1,-1,0.0081838863379848,-0.0081838863379848,0.9915661136620152,enter
1,2020-01-02,0,-1,-0.0045227893866035,0.0045227893866035,0.9960507583570015,hold
2,2020-01-03,-1,-1,-0.0191058530729412,0.0191058530729412,1.015081157799362,hold
3,2020-01-06,0,-1,0.0049945920012428,-0.0049945920012428,1.010011241568005,hold
4,2020-01-07,0,-1,-0.0022899444111396,0.0022899444111396,1.0123241111658217,hold
5,2020-01-08,-1,-1,0.0158457581226116,-0.0158457581226116,0.9962830681586003,hold
6,2020-01-09,1,1,0.0033480474426501,0.0033480474426501,0.9991205296030251,flip
7,2020-01-10,1,1,0.0059354808073293,0.0059354808073293,1.0050507903306927,hold
8,2020-01-13,1,1,0.0026562202609821,0.0026562202609821,1.007720426603285,hold
9,2020-01-14,0,1,-0.0015369308543056,-0.0015369308543056,1.0061716299871244,hold
10,2020-01-15,0,1,0.0009884063018437,0.0009884063018437,1.00716613636694,hold
11,2020-01-16,-1,-1,-0.0002549788049855,0.0002549788049855,1.0069193593166292,flip
12,2020-01-17,-1,-1,-0.0103461939411514,0.0103461939411514,1.017337142291219,hold
13,2020-01-20,0,-1,-0.0044746183856623,0.0044746183856623,1.0218893377725324,hold
14,2020-01-21,0,-1,-0.0051725551893021,0.0051725551893021,1.0271751167695202,hold
15,2020-01-22,0,-1,0.0060667236352978,-0.0060667236352978,1.0209435292110247,hold
16,2020-01-23,1,1,0.0055745847042631,0.0055745847042631,1.0261243936282756,flip
17,2020-01-24,0,1,-0.0105525279121506,-0.0105525279121506,1.0152961873231747,hold
18,2020-01-27,0,1,-0.0052149678449129,-0.0052149678449129,1.0100014503532218,hold
19,2020-01-28,0,1,0.0061132563999481,0.0061132563999481,1.0161758481835506,hold
20,2020-01-29,1,1,-0.007724984155365,-0.007724984155365,1.008325905857268,hold
21,2020-01-30,0,1,-0.0061234148547233,-0.0061234148547233,1.0021515080269392,hold
22,2020-01-31,1,1,-0.0212503847193161,-0.0212503847193161,0.9808554029343239,hold
23,2020-02-03,0,1,0.0232108226866707,0.0232108226866707,1.0036218637730956,hold
24,2020-02-04,1,1,0.0091405004678344,0.0091405004678344,1.0127954698884425,hold
25,2020-02-05,1,1,0.0040366612301674,0.0040366612301674,1.0168837820958303,hold
26,2020-02-06,1,1,-0.0032625431230384,-0.0032625431230384,1.0135661549056243,hold
27,2020-02-07,-1,-1,-0.0055255147630383,0.0055255147630383,1.0186598465804184,flip
28,2020-02-10,1,1,0.0063500303889789,0.0063500303889789,1.0246190376389466,flip
29,2020-02-11,1,1,0.0077056964194832,0.0077056964194832,1.0325144408886153,hold
30,2020-02-12,0,1,-0.0021759994314084,-0.0021759994314084,1.0302676900523207,hold
31,2020-02-13,-1,-1,-0.0050268544351488,0.0050268544351488,1.0349315619144246,flip
32,2020-02-14,0,-1,-0.0055847334602637,0.0055847334602637,1.040711378837331,hold
33,2020-02-17,-1,-1,-0.0044247626186481,0.0044247626186481,1.045316279643212,hold
34,2020-02-18,1,1,0.011123651500938,0.011123651500938,1.0564213555063988,flip
35,2020-02-19,0,1,-0.0037152524595064,-0.0037152524595064,1.0524964834670785,hold
36,2020-02-20,-1,-1,-0.0208138687990014,0.0208138687990014,1.073876758943639,flip
37,2020-02-24,0,-1,-0.0026628568617023,0.0026628568617023,1.0767363390398146,hold
38,2020-02-25,0,-1,-0.0101204779385897,0.0101204779385897,1.0876334254047448,hold
39,2020-02-26,0,-1,-0.0038703767874727,0.0038703767874727,1.0918429765677107,hold
40,2020-02-27,1,1,-0.0370960786649383,-0.0370960786649383,1.0507939621309106,flip
41,2020-02-28,-1,-1,-0.0061597518244916,0.0061597518244916,1.056741195175246,flip
42,2020-03-02,1,1,0.0153196474085468,0.0153196474085468,1.0724017270898294,flip
43,2020-03-03,-1,-1,-0.0046269501465237,0.0046269501465237,1.076827475554575,flip
44,2020-03-04,1,1,0.0015998577904186,0.0015998577904186,1.0780118326425006,flip
45,2020-03-05,-1,-1,-0.0248069753028219,0.0248069753028219,1.1042150396346917,flip
46,2020-03-06,1,1,-0.0489560433359516,-0.0489560433359516,1.049604932782309,flip
47,2020-03-09,1,1,0.0006649981756232,0.0006649981756232,1.0503029181477344,hold
48,2020-03-11,1,1,-0.0830193880106471,-0.0830193880106471,0.9631074126573127,hold
49,2020-03-12,1,1,0.0380650761268936,0.0380650761268936,0.9997681696384889,hold
50,2020-03-13,1,1,-0.0761210010667908,-0.0761210010667908,0.9236648157308941,hold
51,2020-03-16,1,1,-0.0250451840905282,-0.0250451840905282,0.90053146038297,hold
52,2020-03-17,1,1,-0.055564540272715,-0.055564540272715,0.8504938437856737,hold
53,2020-03-18,1,1,-0.0242477817531284,-0.0242477817531284,0.8298712546791794,hold
54,2020-03-19,1,1,0.0583291468584656,0.0583291468584656,0.8782769369669805,hold
55,2020-03-20,1,1,-0.1298046607047124,-0.1298046607047124,0.7642724971592075,hold
56,2020-03-23,1,1,0.0250714240251634,0.0250714240251634,0.7834338970062565,hold
57,2020-03-24,1,1,0.0662474689466749,0.0662474689466749,0.8353344097699511,hold
58,2020-03-25,1,1,0.0389043564303894,0.0389043564303894,0.8678325573862103,hold
59,2020-03-26,1,1,0.0021755381634551,0.0021755381634551,0.8697205602342929,hold
60,2020-03-27,1,1,-0.0437805364308189,-0.0437805364308189,0.8316437275623232,hold
61,2020-03-30,1,1,0.0382377227133605,0.0382377227133605,0.8634438898131569,hold
62,2020-03-31,1,1,-0.0400046750966822,-0.0400046750966822,0.8289020975369661,hold
63,2020-04-01,1,1,-0.0205965741867707,-0.0205965741867707,0.811829553991476,hold
64,2020-04-03,1,1,0.0876321046711503,0.0876321046711503,0.8829718864419904,hold
65,2020-04-07,1,1,-0.0049419024075071,-0.0049419024075071,0.8786083255506216,hold
66,2020-04-08,1,1,0.0415088316188025,0.0415088316188025,0.9150783305947805,hold
67,2020-04-09,1,1,-0.0129556707370791,-0.0129556707370791,0.9032228770449584,hold
68,2020-04-13,1,1,-0.0076218535626885,-0.0076218535626885,0.8963386445416515,hold
69,2020-04-15,-1,-1,0.0075627711647903,-0.0075627711647903,0.8891116711645538,flip
70,2020-04-16,-1,-1,0.0304632818768748,-0.0304632818768748,0.8620264117058488,hold
71,2020-04-17,0,-1,-0.0005288143766692,0.0005288143766692,0.8624822636654275,hold
72,2020-04-20,-1,-1,-0.0302746671440956,0.0302746671440956,0.8885936271155844,hold
73,2020-04-21,-1,-1,0.0229194177887257,-0.0229194177887257,0.8682275785313232,hold
74,2020-04-22,-1,-1,0.0137799558770148,-0.0137799558770148,0.8562634408079541,hold
75,2020-04-23,-1,-1,-0.0171249415723349,0.0171249415723349,0.8709269022023168,hold
76,2020-04-24,-1,-1,0.0139713589754586,-0.0139713589754586,0.8587588698102641,hold
77,2020-04-27,1,1,0.0106224306488902,0.0106224306488902,0.8674515969140378,flip
78,2020-04-28,-1,-1,0.0183830135241964,-0.0183830135241964,0.8510714966779244,flip
79,2020-04-29,-1,-1,0.032088303452139,-0.032088303452139,0.8237620562330571,hold
80,2020-04-30,-1,-1,-0.057444839013135,0.057444839013135,0.8710829349384941,hold
81,2020-05-04,-1,-1,-0.0094582655216011,0.0094582655216011,0.8793218686284779,hold
82,2020-05-05,-1,-1,0.0070935934671216,-0.0070935934671216,0.8730843167656779,hold
83,2020-05-06,-1,-1,-0.0077501195040513,0.0077501195040513,0.8798508245577248,hold
84,2020-05-07,1,1,0.0057016970693835,0.0057016970693835,0.8844275420133214,flip
85,2020-05-08,1,1,-0.0013294930214019,-0.0013294930214019,0.883251701768279,hold
86,2020-05-11,1,1,-0.0046162427183511,-0.0046162427183511,0.8791743975315199,hold
87,2020-05-12,1,1,0.0203337125303977,0.0203337125303977,0.8970512769950115,hold
88,2020-05-13,1,1,-0.0256619093732747,-0.0256619093732747,0.8740312284215852,hold
89,2020-05-14,1,1,-0.0006453627874545,-0.0006453627874545,0.8734671611916888,hold
90,2020-05-15,1,1,-0.0343225097032598,-0.0343225097032598,0.8434875760762083,hold
91,2020-05-18,1,1,0.0063298228402233,0.0063298228402233,0.8488267030007001,hold
92,2020-05-19,1,1,0.021111396826158,0.021111396826158,0.8667466203643872,hold
93,2020-05-20,1,1,0.0043787544510012,0.0043787544510012,0.870541890986198,hold
94,2020-05-21,1,1,-0.0073575840768702,-0.0073575840768702,0.8641368058308295,hold
95,2020-05-22,1,1,-0.0011284338094974,-0.0011284338094974,0.8631616846430988,hold
96,2020-05-26,1,1,0.0316645047717616,0.0316645047717616,0.890493271925282,hold
97,2020-05-27,0,1,0.0188030435364687,0.0188030435364687,0.9072372556862257,hold
98,2020-05-28,0,1,0.0095046626511057,0.0095046626511057,0.9158602397460383,hold
99,2020-05-29,0,1,0.0256620973194605,0.0256620973194605,0.9393631343494255,hold
100,2020-06-01,0,1,0.0155655279707429,0.0155655279707429,0.9539848174918263,hold
101,2020-06-02,-1,-1,0.0082622880359908,-0.0082622880359908,0.9456257277390008,flip
102,2020-06-03,-1,-1,-0.0032251686810099,0.0032251686810099,0.9486755302200618,hold
103,2020-06-04,-1,-1,0.0112722762414605,-0.0112722762414605,0.9379817975799072,hold
104,2020-06-05,-1,-1,0.0024945207587225,-0.0024945207587225,0.9356419825145403,hold
105,2020-06-08,-1,-1,-0.0118810323499978,0.0118810323499978,0.9467583751768117,hold
106,2020-06-09,-1,-1,0.0069177285262014,-0.0069177285262014,0.940208957757431,hold
107,2020-06-10,1,1,-0.021169158460066,-0.021169158460066,0.9198354208662118,flip
108,2020-06-11,-1,-1,0.0071602091117954,-0.0071602091117954,0.9127892891939404,flip
109,2020-06-12,-1,-1,-0.0159632793948444,0.0159632793948444,0.9273603996459646,hold
110,2020-06-15,-1,-1,0.010220386061458,-0.010220386061458,0.9178824183434748,hold
111,2020-06-16,-1,-1,-0.0033134566648174,0.0033134566648174,0.9209237819600538,hold
112,2020-06-17,1,1,0.0213031875518985,0.0213031875518985,0.9400819321171725,flip
113,2020-06-18,-1,-1,0.0151362754442923,-0.0151362754442923,0.925382552086386,flip
114,2020-06-19,-1,-1,0.0065206163504338,-0.0065206163504338,0.9193484874868454,hold
115,2020-06-22,-1,-1,0.0154976919912916,-0.0154976919912916,0.9051007077951144,hold
116,2020-06-23,-1,-1,-0.0158246772335498,0.0158246772335498,0.9194236343598295,hold
117,2020-06-24,1,1,-0.0015913572989929,-0.0015913572989929,0.9175007910312446,flip
118,2020-06-25,1,1,0.0091457401473864,0.0091457401473864,0.9258920148510379,hold
119,2020-06-26,0,1,-0.0067995386087835,-0.0067995386087835,0.919596376348494,hold
120,2020-06-29,1,1,-0.0009988732845714,-0.0009988732845714,0.9186778160955709,hold
121,2020-06-30,1,1,0.0124198173347171,0.0124198173347171,0.9300876267609348,hold
122,2020-07-01,0,1,0.0116634525148986,0.0116634525148986,0.9409356596303557,hold
123,2020-07-02,0,1,0.0052739760448483,0.0052739760448483,0.9458981317589898,hold
124,2020-07-03,0,1,0.014735139974255,0.014735139974255,0.9598360731318448,hold
125,2020-07-06,1,1,0.0033445902359812,0.0033445902359812,0.9630463314901841,hold
126,2020-07-07,-1,-1,-0.008694762073642,0.008694762073642,0.97093826704264,flip
127,2020-07-08,-1,-1,0.0100600327219018,-0.0100600327219018,0.9611705963052444,hold
128,2020-07-09,-1,-1,-0.0041985110954393,0.0041985110954393,0.9652060817184419,hold
129,2020-07-10,-1,-1,0.0032178891492418,-0.0032178891492418,0.9621001555412979,hold
130,2020-07-13,-1,-1,-0.0180834960154004,0.0180834960154004,0.9794982898704451,hold
131,2020-07-14,1,1,0.0010229309240368,0.0010229309240368,0.9800104998162595,flip
132,2020-07-15,1,1,0.0114661616621005,0.0114661616621005,0.9912474586377088,hold
133,2020-07-16,1,1,0.0150605912558696,0.0150605912558696,1.0061762314456708,hold
134,2020-07-17,0,1,0.0110533217609316,0.0110533217609316,1.0172978210800414,hold
135,2020-07-20,0,1,0.0127061568657644,0.0127061568657644,1.0302237667738847,hold
136,2020-07-21,1,1,-0.0026563094918139,-0.0026563094918139,1.027487173603511,hold
137,2020-07-22,1,1,0.0074421598588463,0.0074421598588463,1.0351338974023825,hold
138,2020-07-23,1,1,-0.0018991484351116,-0.0018991484351116,1.0331680244809998,hold
139,2020-07-24,-1,-1,-0.0055699256988469,0.0055699256988469,1.038406109599543,flip
140,2020-07-27,1,1,0.0151592736988444,0.0151592736988444,1.053628388970715,flip
141,2020-07-28,1,1,-0.0086456143286032,-0.0086456143286032,1.0445191242740066,hold
142,2020-07-29,1,1,-0.0089887146807479,-0.0089887146807479,1.035130239887323,hold
143,2020-07-30,-1,-1,-0.0025851023723058,0.0025851023723058,1.0372885924061577,flip
144,2020-07-31,-1,-1,-0.0164222155452939,0.0164222155452939,1.0543231692533261,hold
145,2020-08-03,-1,-1,0.0186979321613793,-0.0186979321613793,1.034609506158457,hold
146,2020-08-04,1,1,0.0005768586219327,0.0005768586219327,1.034689024819339,flip
147,2020-08-05,-1,-1,0.0088725546683743,-0.0088725546683743,1.0249913453694528,flip
148,2020-08-06,1,1,0.001241002448872,0.001241002448872,1.0257508664664443,flip
149,2020-08-07,1,1,0.005002705259437,0.005002705259437,1.030882395720988,hold
150,2020-08-10,1,1,0.0046449787767293,0.0046449787767293,1.0356708225704159,hold
151,2020-08-11,1,1,-0.0012452735151247,-0.0012452735151247,1.0343811291246816,hold
152,2020-08-12,-1,-1,-0.000703034473301,0.000703034473301,1.034591144152426,flip
153,2020-08-13,-1,-1,-0.0108004373788689,0.0108004373788689,1.0457651810175765,hold
154,2020-08-14,-1,-1,0.0061457110453491,-0.0061457110453491,1.0393382103937554,hold
155,2020-08-17,1,1,0.0122920579350753,0.0122920579350753,1.0515941467848562,flip
156,2020-08-18,1,1,0.0020246002135075,0.0020246002135075,1.0537232045189602,hold
157,2020-08-19,1,1,-0.008432399987605,-0.008432399987605,1.0448377889822353,hold
158,2020-08-20,-1,-1,0.0052509160938571,-0.0052509160938571,1.0388290145261074,flip
159,2020-08-21,0,-1,0.0083410064718865,-0.0083410064718865,1.0301641349927617,hold
160,2020-08-24,1,1,0.0005058064691958,0.0005058064691958,1.0301701166090782,flip
161,2020-08-25,1,1,0.0067423225064831,0.0067423225064831,1.0371158557717979,hold
162,2020-08-26,1,1,0.0008355606212675,0.0008355606212675,1.037982428940573,hold
163,2020-08-27,0,1,0.0076431956549949,0.0076431956549949,1.0459159317314126,hold
164,2020-08-28,0,1,-0.0223307478019462,-0.0223307478019462,1.022559846837881,hold
165,2020-08-31,-1,-1,0.0072667398463226,-0.0072667398463226,1.0146178905301957,flip
166,2020-09-01,1,1,0.0056450382511279,0.0056450382511279,1.0198381383872523,flip
167,2020-09-02,1,1,-0.0006545127600779,-0.0006545127600779,1.0191706413124637,hold
168,2020-09-03,-1,-1,-0.0167947449485598,0.0167947449485598,1.0357777669717103,flip
169,2020-09-04,-1,-1,0.0018705202595032,-0.0018705202595032,1.0338403236742468,hold
170,2020-09-07,1,1,-0.0033201259317187,-0.0033201259317187,1.0298909234445224,flip
171,2020-09-08,-1,-1,-0.0034769279675166,0.0034769279675166,1.032956834538016,flip
172,2020-09-09,-1,-1,0.0151844298634509,-0.0151844298634509,1.0172719739320013,hold
173,2020-09-10,1,1,0.0013276149365679,0.0013276149365679,1.0181138834121795,flip
174,2020-09-11,-1,-1,-0.0021283524468515,0.0021283524468515,1.0197717316454071,flip
175,2020-09-14,1,1,0.0071459479106903,0.0071459479106903,1.0265490814547171,flip
176,2020-09-15,0,1,0.0071820376506051,0.0071820376506051,1.033921795607919,hold
177,2020-09-16,0,1,-0.0076220272911209,-0.0076220272911209,1.0260412154649106,hold
178,2020-09-17,-1,-1,-0.0009681588767627,0.0009681588767627,1.026521565767855,flip
179,2020-09-18,-1,-1,-0.0221122548386738,0.0221122548386738,1.0492202722275084,hold
180,2020-09-21,-1,-1,-0.0086128603263573,0.0086128603263573,1.0582570598837866,hold
181,2020-09-22,-1,-1,-0.0019545871070447,0.0019545871070447,1.0603255154889746,hold
182,2020-09-23,-1,-1,-0.0293122720965164,0.0293122720965164,1.0914060655098665,hold
183,2020-09-24,1,1,0.0226457884823545,0.0226457884823545,1.1155761133850068,flip
184,2020-09-25,-1,-1,0.0160448681873712,-0.0160448681873712,1.0971190536360722,flip
185,2020-09-28,1,1,-0.0004586409458945,-0.0004586409458945,1.0960673103887357,flip
186,2020-09-29,-1,-1,0.0022410013176423,-0.0022410013176423,1.0930629884467356,flip
187,2020-09-30,-1,-1,0.0150610927327836,-0.0150610927327836,1.0766002654149658,hold
188,2020-10-01,1,1,0.0075676439490797,0.0075676439490797,1.0842092927664035,flip
189,2020-10-05,1,1,0.0138264754746197,0.0138264754746197,1.099200085962193,hold
190,2020-10-06,1,1,0.0065551872847253,0.0065551872847253,1.1064055483890616,hold
191,2020-10-07,1,1,0.0081566766068399,0.0081566766068399,1.1154301406432845,hold
192,2020-10-08,1,1,0.0067260903253916,0.0067260903253916,1.1229326245209155,hold
193,2020-10-09,1,1,0.0014058853909966,0.0014058853909966,1.124511339092803,hold
194,2020-10-12,1,1,0.0002975290843887,0.0002975290843887,1.124845913921908,hold
195,2020-10-13,-1,-1,0.0030625333853533,-0.0030625333853533,1.120838612800183,flip
196,2020-10-14,-1,-1,-0.0242836008583533,0.0242836008583533,1.1480566103000531,hold
197,2020-10-15,-1,-1,0.007028949362235,-0.007028949362235,1.1399869785212748,hold
198,2020-10-16,-1,-1,0.0094027696218492,-0.0094027696218492,1.1292679435903314,hold
199,2020-10-19,1,1,0.0020003285078973,0.0020003285078973,1.1309622164791546,flip
200,2020-10-20,1,1,0.0034337457642519,0.0034337457642519,1.1348456531995188,hold
201,2020-10-21,1,1,-0.0034512817819539,-0.0034512817819539,1.1309289810713017,hold
202,2020-10-22,1,1,0.0028495402835257,0.0028495402835257,1.1341516087606711,hold
203,2020-10-23,-1,-1,-0.0136290733045432,0.0136290733045432,1.1490419683705557,flip
204,2020-10-26,0,-1,0.0103376083469652,-0.0103376083469652,1.137163622527315,hold
205,2020-10-27,1,1,-0.0134406089457635,-0.0134406089457635,1.121310869158314,flip
206,2020-10-28,0,1,-0.0050129421843609,-0.0050129421843609,1.115689802600528,hold
207,2020-10-29,0,1,-0.0024333734223676,-0.0024333734223676,1.1129749126872732,hold
208,2020-10-30,0,1,0.0022976361491175,0.0022976361491175,1.1155321240797245,hold
209,2020-11-02,1,1,0.0123701901631991,0.0123701901631991,1.1293314685877482,hold
210,2020-11-03,1,1,0.008041647267956,0.008041647267956,1.1384131539067337,hold
211,2020-11-04,1,1,0.0177855989156905,0.0177855989156905,1.1586605136624653,hold
212,2020-11-05,1,1,0.0118190145712895,0.0118190145712895,1.1723547391566198,hold
213,2020-11-06,0,1,0.0161046355374614,0.0161046355374614,1.1912350849513529,hold
214,2020-11-09,0,1,0.0136465071043638,0.0136465071043638,1.207491283001109,hold
215,2020-11-10,-1,-1,0.0093460415087203,-0.0093460415087203,1.1956022737072622,flip
216,2020-11-11,-1,-1,-0.0045768215253314,0.0045768215253314,1.201074331929301,hold
217,2020-11-12,-1,-1,0.0022969703307613,-0.0022969703307613,1.1983154998238204,hold
218,2020-11-13,-1,-1,0.0121266198083733,-0.0121266198083733,1.183783983346976,hold
219,2020-11-17,-1,-1,0.0049750511655721,-0.0049750511655721,1.1778945974608401,hold
220,2020-11-18,-1,-1,-0.0128726686134137,0.0128726686134137,1.1930572442754839,hold
221,2020-11-19,-1,-1,0.0068393094137191,-0.0068393094137191,1.1848975566336049,hold
222,2020-11-20,-1,-1,0.005241475198302,-0.005241475198302,1.1786869454779811,hold
223,2020-11-23,-1,-1,0.0099563448098976,-0.0099563448098976,1.1669515318258774,hold
224,2020-11-24,-1,-1,-0.0150706804680923,0.0150706804680923,1.184538285483776,hold
225,2020-11-25,0,-1,0.0100012136399767,-0.0100012136399767,1.172691465025921,hold
226,2020-11-26,-1,-1,-0.0013898363507738,0.0013898363507738,1.1743213142522564,hold
227,2020-11-27,-1,-1,0.0108026946873185,-0.0108026946873185,1.1616354796295787,hold
228,2020-12-01,-1,-1,0.0003585458429504,-0.0003585458429504,1.1612189800573338,hold
229,2020-12-02,-1,-1,0.00153658492994,-0.00153658492994,1.1594346684722174,hold
230,2020-12-03,-1,-1,0.0094906623588735,-0.0094906623588735,1.1484308655065751,hold
231,2020-12-04,-1,-1,0.0073311332494399,-0.0073311332494399,1.1400115658037768,hold
232,2020-12-07,1,1,0.0027853318093331,0.0027853318093331,1.1426168704981159,flip
233,2020-12-08,-1,-1,0.0101657522858669,-0.0101657522858669,1.1304300019997306,flip
234,2020-12-09,1,1,-0.0037548548058806,-0.0037548548058806,1.1256201864730107,flip
235,2020-12-10,-1,-1,0.0026375585350264,-0.0026375585350264,1.1220884872497443,flip
236,2020-12-11,-1,-1,0.0032781762806703,-0.0032781762806703,1.118410083386029,hold
237,2020-12-14,-1,-1,0.0007153791977927,-0.0007153791977927,1.117609996077773,hold
238,2020-12-15,-1,-1,0.008464907059269,-0.008464907059269,1.1081495313324645,hold
239,2020-12-16,-1,-1,0.0042389293905504,-0.0042389293905504,1.1034521637149748,hold
240,2020-12-17,-1,-1,0.0014445849987885,-0.0014445849987885,1.1018581332723913,hold
241,2020-12-18,-1,-1,-0.0314049525779333,0.0314049525779333,1.1364619356954209,hold
242,2020-12-21,0,-1,0.0103462838766079,-0.0103462838766079,1.1247037778937568,hold
243,2020-12-22,-1,-1,0.0100101591857162,-0.0100101591857162,1.1134453140402638,hold
244,2020-12-23,-1,-1,0.0108925303747413,-0.0108925303747413,1.1013170771364669,hold
245,2020-12-24,-1,-1,0.0090150513891666,-0.0090150513891666,1.091388647090315,hold
246,2020-12-28,-1,-1,0.0042815942411449,-0.0042815942411449,1.086715763744082,hold
247,2020-12-29,-1,-1,0.0035420946069744,-0.0035420946069744,1.08286651369801,hold
248,2020-12-30,-1,-1,-1.4318125132972703e-05,1.4318125132972703e-05,1.0828820183162555,hold
249,2020-12-31,-1,-1,0.0026284263414808,-0.0026284263414808,1.0800357426945972,hold
250,2021-01-01,-1,-1,0.0081606727271106,-0.0081606727271106,1.0712219244648848,hold
251,2021-01-04,-1,-1,0.0047123808655142,-0.0047123808655142,1.0661739187653172,hold
252,2021-01-05,-1,-1,-0.0037501320469031,0.0037501320469031,1.0701722117456514,hold
253,2021-01-06,-1,-1,-0.000629169612088,0.000629169612088,1.0708455315809826,hold
254,2021-01-07,-1,-1,0.014847223590326,-0.014847223590326,1.0549464485428983,hold
255,2021-01-08,-1,-1,0.0095837181341371,-0.0095837181341371,1.0448361391334542,hold
256,2021-01-11,-1,-1,0.0054333140242324,-0.0054333140242324,1.0391592162856755,hold
257,2021-01-12,-1,-1,9.609083312889231e-05,-9.609083312889231e-05,1.039059362610829,hold
258,2021-01-13,-1,-1,0.002111247340323,-0.002111247340323,1.0368656512950793,hold
259,2021-01-14,-1,-1,-0.0110923441582015,0.0110923441582015,1.0483669219450622,hold
260,2021-01-15,-1,-1,-0.0105586501425666,0.0105586501425666,1.0594362614949195,hold
261,2021-01-18,-1,-1,0.0167947308170628,-0.0167947308170628,1.041643314665277,hold
262,2021-01-19,-1,-1,0.008508265623863,-0.008508265623863,1.0327807366587838,hold
263,2021-01-20,-1,-1,-0.0037112802046228,0.0037112802046228,1.0366136753624613,hold
264,2021-01-21,-1,-1,-0.0149721716475961,0.0149721716475961,1.0521340332422335,hold
265,2021-01-22,0,-1,-0.0092541693433081,0.0092541693433081,1.061870659757715,hold
266,2021-01-25,-1,-1,-0.0190604880418779,0.0190604880418779,1.082110432770048,hold
267,2021-01-27,0,-1,-0.0107356502819043,0.0107356502819043,1.0937275919426672,hold
268,2021-01-28,1,1,-0.0132404223540728,-0.0132404223540728,1.078699312889072,flip
269,2021-01-29,-1,-1,0.0474235111013383,-0.0474235111013383,1.0270042543928266,flip
270,2021-02-01,-1,-1,0.0256735714819573,-0.0256735714819573,1.0006373872553982,hold
271,2021-02-02,-1,-1,0.0097011226717231,-0.0097011226717231,0.9909300812117211,hold
272,2021-02-03,-1,-1,0.0071467580293813,-0.0071467580293813,0.9838481436972658,hold
273,2021-02-04,-1,-1,0.0019199973566108,-0.0019199973566108,0.9819591578620607,hold
274,2021-02-05,-1,-1,0.0128348027329681,-0.0128348027329681,0.9693559057790696,hold
275,2021-02-08,-1,-1,-0.0004300136336804,0.0004300136336804,0.9697727420344432,hold
276,2021-02-09,-1,-1,-0.0001853034041081,0.0001853034041081,0.9699524442247535,hold
277,2021-02-10,-1,-1,0.0044219246475027,-0.0044219246475027,0.9656633876047306,hold
278,2021-02-11,-1,-1,-0.0006590524229219,0.0006590524229219,0.9662998104000585,hold
279,2021-02-12,-1,-1,0.0099846598415338,-0.0099846598415338,0.9566516354882753,hold
280,2021-02-15,-1,-1,-8.162092525865194e-05,8.162092525865194e-05,0.9567297182799139,hold
281,2021-02-16,-1,-1,-0.0068273186874309,0.0068273186874309,0.9632616169643468,hold
282,2021-02-17,-1,-1,-0.0059143128695843,0.0059143128695843,0.9689586475423355,hold
283,2021-02-18,-1,-1,-0.0090747170630297,0.0090747170630297,0.9777516731145581,hold
284,2021-02-19,-1,-1,-0.0204281745915864,0.0204281745915864,0.997725355000158,hold
285,2021-02-22,-1,-1,0.0021872625461001,-0.0021872625461001,0.9955430676998717,hold
286,2021-02-23,-1,-1,0.0186431824578623,-0.0186431824578623,0.976982976644083,hold
287,2021-02-24,-1,-1,0.0076992130139501,-0.0076992130139501,0.9694609765958971,hold
288,2021-02-25,1,1,-0.0376356932475859,-0.0376356932475859,0.9324899101769311,flip
289,2021-02-26,-1,-1,0.0159953891187234,-0.0159953891187234,0.9171081262592792,flip
290,2021-03-01,-1,-1,0.0106729853417877,-0.0106729853417877,0.9073198446708794,hold
291,2021-03-02,-1,-1,0.0218846987116321,-0.0218846987116321,0.8874634232351724,hold
292,2021-03-03,1,1,-0.0108129305241382,-0.0108129305241382,0.877423611185399,flip
293,2021-03-04,-1,-1,-0.0094591045289524,0.0094591045289524,0.88528454103418,flip
294,2021-03-05,1,1,0.0012117060677612,0.0012117060677612,0.8859146034137293,flip
295,2021-03-08,-1,-1,0.0095077756017913,-0.0095077756017913,0.8770485688604148,flip
296,2021-03-09,0,-1,0.0050600998838219,-0.0050600998838219,0.8726106154990181,hold
297,2021-03-10,-1,-1,-0.0094795062357636,0.0094795062357636,0.8808825332700345,hold
298,2021-03-12,-1,-1,-0.006749419963093,0.006749419963093,0.8868279794252273,hold
299,2021-03-15,-1,-1,-0.0012759841044576,0.0012759841044576,0.8879595578303622,hold
300,2021-03-16,-1,-1,-0.0126857598628687,0.0126857598628687,0.8992239995489372,hold
301,2021-03-17,0,-1,-0.0111029730717429,0.0111029730717429,0.9092080594013939,hold
302,2021-03-18,0,-1,0.0127869428260285,-0.0127869428260285,0.897582067928864,hold
303,2021-03-19,-1,-1,-0.0005154374236977,0.0005154374236977,0.8980447153175145,hold
304,2021-03-22,-1,-1,0.0053167399974314,-0.0053167399974314,0.893270045060104,hold
305,2021-03-23,-1,-1,-0.0179111769942118,0.0179111769942118,0.909269562940803,hold
306,2021-03-24,-1,-1,-0.0154301891468089,0.0154301891468089,0.9232997642824159,hold
307,2021-03-25,0,-1,0.0127330319296232,-0.0127330319296232,0.9115433589031944,hold
308,2021-03-26,-1,-1,0.0232848158675504,-0.0232848158675504,0.8903182396358451,hold
309,2021-03-30,1,1,-0.0104006990943323,-0.0104006990943323,0.8806131484073791,flip
310,2021-03-31,-1,-1,0.0120245741669184,-0.0120245741669184,0.8695838437177875,flip
311,2021-04-01,-1,-1,-0.015439860548026,0.015439860548026,0.8830100969996065,hold
312,2021-04-05,-1,-1,0.0031220672452334,-0.0031220672452334,0.8802532800985536,hold
313,2021-04-06,-1,-1,0.0092314369658119,-0.0092314369658119,0.8721272774293747,hold
314,2021-04-07,1,1,0.0036945688638336,0.0036945688638336,0.8749133480751506,flip
315,2021-04-08,-1,-1,-0.0026187118170183,0.0026187118170183,0.8767670373245845,flip
316,2021-04-09,-1,-1,-0.0353255893040076,0.0353255893040076,0.9077393496004043,hold
317,2021-04-12,0,-1,0.0135561955060299,-0.0135561955060299,0.8954338575087047,hold
318,2021-04-13,-1,-1,0.0052844845607746,-0.0052844845607746,0.8907019511135051,hold
319,2021-04-15,0,-1,0.0024962821650071,-0.0024962821650071,0.8884785077186035,hold
320,2021-04-16,-1,-1,-0.0176769785548196,0.0176769785548196,0.9041841232459634,hold
321,2021-04-19,0,-1,-0.004390823034999,0.004390823034999,0.9081542357221921,hold
322,2021-04-20,-1,-1,0.0076767575754221,-0.0076767575754221,0.9011825558134602,hold
323,2021-04-22,-1,-1,-0.0044981330537942,0.0044981330537942,0.9052361948552674,hold
324,2021-04-23,-1,-1,0.0100165182871698,-0.0100165182871698,0.8961688799552916,hold
325,2021-04-26,-1,-1,0.011601643402658,-0.011601643402658,0.8857718481814909,hold
326,2021-04-27,1,1,0.014433855260107,0.014433855260107,0.8981140649075294,flip
327,2021-04-28,1,1,0.0020418099664161,0.0020418099664161,0.8999478431562361,hold
328,2021-04-29,0,1,-0.0177108120451774,-0.0177108120451774,0.8840090360556332,hold
329,2021-04-30,0,1,0.0002085134632017,0.0002085134632017,0.8841933638412428,hold
330,2021-05-03,-1,-1,-0.0094061074234402,0.0094061074234402,0.8920680849227058,flip
331,2021-05-04,0,-1,0.0083709591539336,-0.0083709591539336,0.8846006194212901,hold
332,2021-05-05,-1,-1,0.0073164109749706,-0.0073164109749706,0.8781285177408904,hold
333,2021-05-06,-1,-1,0.0066792477481554,-0.0066792477481554,0.8722632798161785,hold
334,2021-05-07,0,-1,0.0080414227481215,-0.0080414227481215,0.8652490420355136,hold
335,2021-05-10,0,-1,-0.0061302011912188,0.0061302011912188,0.8705531927437006,hold
336,2021-05-11,0,-1,-0.0103866808073666,0.0103866808073666,0.8795953508825632,hold
337,2021-05-12,-1,-1,-0.0012724250884564,0.0012724250884564,0.8807145700747158,hold
338,2021-05-14,-1,-1,0.0167157604819725,-0.0167157604819725,0.8659927562683634,hold
339,2021-05-17,0,-1,0.012393443335275,-0.012393443335275,0.8552601241147928,hold
340,2021-05-18,0,-1,-0.0051594324081388,0.0051594324081388,0.8596727809165394,hold
341,2021-05-19,-1,-1,-0.0082567760609306,0.0082567760609306,0.8667709065542448,hold
342,2021-05-20,-1,-1,0.0180631356749747,-0.0180631356749747,0.8511143060700347,hold
343,2021-05-21,0,-1,0.0014761086049899,-0.0014761086049899,0.8498579689190147,hold
344,2021-05-24,0,-1,0.0007073438653115,-0.0007073438653115,0.8492568270983137,hold
345,2021-05-25,-1,-1,0.0061150215048646,-0.0061150215048646,0.8440636033374544,hold
346,2021-05-26,-1,-1,0.0023788211965458,-0.0023788211965458,0.8420557269466026,hold
347,2021-05-27,-1,-1,0.006376433707514,-0.006376433707514,0.8366864144256951,hold
348,2021-05-28,-1,-1,0.0095330880357249,-0.0095330880357249,0.82871020917868,hold
349,2021-05-31,-1,-1,-0.0005101904286871,0.0005101904286871,0.8291330091955582,hold
350,2021-06-01,-1,-1,8.67158252806366e-05,-8.67158252806366e-05,0.8290611102423984,hold
351,2021-06-02,-1,-1,0.0073284506253876,-0.0073284506253876,0.822985376830558,hold
352,2021-06-03,-1,-1,-0.0012810173052479,0.0012810173052479,0.8240396353402439,hold
353,2021-06-04,-1,-1,0.0051945814919991,-0.0051945814919991,0.8197590943018318,hold
354,2021-06-07,-1,-1,-0.0007333060957773,0.0007333060957773,0.8203602286427522,hold
355,2021-06-08,-1,-1,-0.0066549769442125,0.0066549769442125,0.8258197070503186,hold
356,2021-06-09,-1,-1,0.006549286916079,-0.006549286916079,0.8204111768478938,hold
357,2021-06-10,-1,-1,0.0039141306333496,-0.0039141306333496,0.817199980328651,hold
358,2021-06-11,-1,-1,0.0007911718082738,-0.0007911718082738,0.8165534347424931,hold
359,2021-06-14,-1,-1,0.0036302135450976,-0.0036302135450976,0.8135891714033949,hold
360,2021-06-15,-1,-1,-0.0064086327528081,0.0064086327528081,0.8188031656145808,hold
361,2021-06-16,-1,-1,-0.0048295020472909,0.0048295020472909,0.8227575771792446,hold
362,2021-06-17,-1,-1,-0.0005130696464038,0.0005130696464038,0.823179709118444,hold
363,2021-06-18,-1,-1,0.0040265882096546,-0.0040265882096546,0.8198651034072807,hold
364,2021-06-21,0,-1,0.0016670371193598,-0.0016670371193598,0.8184983578470331,hold
365,2021-06-22,-1,-1,-0.0054397492312691,0.0054397492312691,0.8229507836599264,hold
366,2021-06-23,-1,-1,0.0065978407983298,-0.0065978407983298,0.8175210854044774,hold
367,2021-06-24,1,1,0.0044266891189239,0.0044266891189239,0.8207312365550261,flip
368,2021-06-25,0,1,-0.0028782098242977,-0.0028782098242977,0.8183689998468655,hold
369,2021-06-28,-1,-1,-0.0041891404314852,0.0041891404314852,0.8213880780120747,flip
370,2021-06-29,-1,-1,-0.0017112919035373,0.0017112919035373,0.8227937127796389,hold
371,2021-06-30,-1,-1,-0.002639697229908,0.002639697229908,0.8249656390640491,hold
372,2021-07-01,-1,-1,0.0026913389867666,-0.0026913389867666,0.8227453768768932,hold
373,2021-07-02,-1,-1,0.007133188273225,-0.007133188273225,0.8168765792027048,hold
374,2021-07-05,1,1,-0.0010167521731027,-0.0010167521731027,0.8156375798760425,flip
375,2021-07-06,-1,-1,0.0038816171589777,-0.0038816171589777,0.8120637682605506,flip
376,2021-07-07,0,-1,-0.0095562557277451,0.0095562557277451,0.8198240572972848,hold
377,2021-07-08,-1,-1,-0.0024224839292732,0.0024224839292732,0.821810067900919,hold
378,2021-07-09,-1,-1,0.0001784474449868,-0.0001784474449868,0.8216634179940376,hold
379,2021-07-12,-1,-1,0.0076309854951284,-0.0076309854951284,0.8153933163694475,hold
380,2021-07-13,0,-1,0.0026308921169333,-0.0026308921169333,0.8132481045212109,hold
381,2021-07-14,-1,-1,0.0044310723280038,-0.0044310723280038,0.8096445433494655,hold
382,2021-07-15,1,1,-5.0225736783704455e-05,-5.0225736783704455e-05,0.8091990560840682,flip
383,2021-07-16,-1,-1,-0.0107389122803617,0.0107389122803617,0.8174843742366644,flip
384,2021-07-19,-1,-1,-0.0076369809214345,0.0076369809214345,0.8237274868062806,hold
385,2021-07-20,-1,-1,0.0122792331234495,-0.0122792331234495,0.8136127449655931,hold
386,2021-07-22,0,-1,0.0020222383267853,-0.0020222383267853,0.8119674260895627,hold
387,2021-07-23,-1,-1,-0.0019929055322251,0.0019929055322251,0.8135856004650033,hold
388,2021-07-26,-1,-1,-0.0049290812026508,0.0049290812026508,0.8175958299550027,hold
389,2021-07-27,-1,-1,-0.0023528988583426,0.0023528988583426,0.8195195502498894,hold
390,2021-07-28,-1,-1,0.0043954449546468,-0.0043954449546468,0.8159173971775091,hold
391,2021-07-29,1,1,-0.0009760394990868,-0.0009760394990868,0.8147130708712831,flip
392,2021-07-30,-1,-1,0.0077460001364197,-0.0077460001364197,0.8079949467777356,flip
393,2021-08-02,1,1,0.0154609558824161,0.0154609558824161,0.8200833235296926,flip
394,2021-08-03,0,1,0.0079382424678022,0.0079382424678022,0.8265933437956724,hold
395,2021-08-04,0,1,0.0022018725316477,0.0022018725316477,0.8284133969742189,hold
396,2021-08-05,0,1,-0.0034612335015614,-0.0034612335015614,0.8255460647714695,hold
397,2021-08-06,-1,-1,0.0012347307242392,-0.0012347307242392,0.8241139646486357,flip
398,2021-08-09,0,-1,0.0013439090538649,-0.0013439090538649,0.8230064304301279,hold
399,2021-08-10,-1,-1,0.0001320870680521,-0.0001320870680521,0.8228977219237443,hold
400,2021-08-11,-1,-1,0.0050453954843463,-0.0050453954843463,0.8187458774734714,hold
401,2021-08-12,-1,-1,0.0100644823408473,-0.0100644823408473,0.8105056240479981,hold
402,2021-08-13,-1,-1,0.0020540242770237,-0.0020540242770237,0.8088408258195392,hold
403,2021-08-16,-1,-1,0.0031122785775283,-0.0031122785775283,0.8063234878447108,hold
404,2021-08-17,-1,-1,-0.0027536023181795,0.0027536023181795,0.8085437820700426,hold
405,2021-08-18,-1,-1,-0.0071428984006249,0.0071428984006249,0.814319128157826,hold
406,2021-08-20,-1,-1,0.0027931806783987,-0.0027931806783987,0.8120445877030051,hold
407,2021-08-23,-1,-1,0.0077683620836017,-0.0077683620836017,0.8057363313176992,hold
408,2021-08-24,-1,-1,0.0006045728309951,-0.0006045728309951,0.8052492050228388,hold
409,2021-08-25,-1,-1,0.0001352598309651,-0.0001352598309651,0.8051402871514827,hold
410,2021-08-26,-1,-1,0.00410526158848,-0.00410526158848,0.8018349756573019,hold
411,2021-08-27,-1,-1,0.0135198365217041,-0.0135198365217041,0.7909942978690306,hold
412,2021-08-30,1,1,0.0118804461754233,0.0118804461754233,0.799996165900996,flip
413,2021-08-31,1,1,-0.0032657347743637,-0.0032657347743637,0.7973835906026555,hold
414,2021-09-01,-1,-1,0.009246783727399,-0.009246783727399,0.7896116651972747,flip
415,2021-09-02,-1,-1,0.0051902308336972,-0.0051902308336972,0.7855133983859208,hold
416,2021-09-03,-1,-1,0.0031287476677577,-0.0031287476677577,0.7830557251727285,hold
417,2021-09-06,-1,-1,-0.0009035189246697,0.0009035189246697,0.7837632308394931,hold
418,2021-09-07,-1,-1,-0.0004953092983268,0.0004953092983268,0.7841514360554146,hold
419,2021-09-08,-1,-1,0.0009075978909154,-0.0009075978909154,0.7834397418658924,hold
420,2021-09-09,-1,-1,-0.0008030985074197,0.0008030985074197,0.7840689211532381,hold
421,2021-09-13,-1,-1,0.001423151293159,-0.001423151293159,0.7829530724541731,hold
422,2021-09-14,-1,-1,0.0080235453826236,-0.0080235453826236,0.7766710129448725,hold
423,2021-09-15,-1,-1,0.0062816347635072,-0.0062816347635072,0.7717922493101497,hold
424,2021-09-16,-1,-1,-0.0025156476006126,0.0025156476006126,0.7737338066302981,hold
425,2021-09-17,-1,-1,-0.010705054879733,0.010705054879733,0.7820166694925801,hold
426,2021-09-20,-1,-1,0.0094901738624639,-0.0094901738624639,0.7745951953357506,hold
427,2021-09-21,-1,-1,-0.0008740239935656,0.0008740239935656,0.7752722101217747,hold
428,2021-09-22,-1,-1,0.0157465283671818,-0.0157465283671818,0.7630643642728044,hold
429,2021-09-23,-1,-1,0.0016972499684944,-0.0016972499684944,0.7617692533045832,hold
430,2021-09-24,-1,-1,0.0001064453827974,-0.0001064453827974,0.761688166484812,hold
431,2021-09-27,-1,-1,-0.0059646824901542,0.0059646824901542,0.7662313945544016,hold
432,2021-09-28,-1,-1,-0.0021015082285871,0.0021015082285871,0.7678416361350594,hold
433,2021-09-29,-1,-1,-0.0052593760207388,0.0052593760207388,0.771880004023873,hold
434,2021-09-30,-1,-1,-0.0048869834497958,0.0048869834497958,0.775652168828766,hold
435,2021-10-01,-1,-1,0.0090804675811375,-0.0090804675811375,0.7686088844554774,hold
436,2021-10-04,0,-1,0.0074076609199462,-0.0074076609199462,0.7629152904593731,hold
437,2021-10-05,0,-1,-0.0098921448702895,0.0098921448702895,0.7704621590363563,hold
438,2021-10-06,-1,-1,0.0081803020160375,-0.0081803020160375,0.7641595458835106,hold
439,2021-10-07,0,-1,0.0058936227604964,-0.0058936227604964,0.759655877791241,hold
440,2021-10-08,0,-1,0.0028359561343596,-0.0028359561343596,0.7575015270446166,hold
441,2021-10-11,0,-1,0.0025632525445875,-0.0025632525445875,0.7555598593278906,hold
442,2021-10-12,-1,-1,0.0094375978492116,-0.0094375978492116,0.748429189224547,hold
443,2021-10-13,0,-1,0.0097347877407187,-0.0097347877407187,0.7411433899284879,hold
444,2021-10-14,1,1,0.0075523961327199,0.0075523961327199,0.7463702267054106,flip
445,2021-10-18,-1,-1,-0.0031553077349963,0.0031553077349963,0.7483520693415526,flip
446,2021-10-19,-1,-1,-0.00826062521208,0.00826062521208,0.7545339253130677,hold
447,2021-10-20,-1,-1,-0.0048449082967022,0.0048449082967022,0.7581895729879603,hold
448,2021-10-21,-1,-1,-0.0034766680845673,0.0034766680845673,0.7608255464784193,hold
449,2021-10-22,-1,-1,0.0005796333280105,-0.0005796333280105,0.7603845466348786,hold
450,2021-10-25,-1,-1,0.0078894808897,-0.0078894808897,0.7543855072853796,hold
451,2021-10-26,-1,-1,-0.0031448386638428,0.0031448386638428,0.7567579279961333,hold
452,2021-10-27,-1,-1,-0.0194223384240636,0.0194223384240636,0.7714559365787672,hold
453,2021-10-28,0,-1,-0.0103935157639054,0.0103935157639054,0.7794740760167571,hold
454,2021-10-29,-1,-1,0.0145996550575078,-0.0145996550575078,0.7680940233806428,hold
455,2021-11-01,-1,-1,-0.0022700482713416,0.0022700482713416,0.7698376338906459,hold
456,2021-11-02,-1,-1,-0.0033400508475575,0.0033400508475575,0.7724089307322038,hold
457,2021-11-03,-1,-1,0.0049133761659847,-0.0049133761659847,0.7686137951015505,hold
458,2021-11-04,-1,-1,0.0084697040421863,-0.0084697040421863,0.7621038637342987,hold
459,2021-11-08,1,1,-0.0013449214352717,-0.0013449214352717,0.760697841980192,flip
460,2021-11-09,-1,-1,-0.0014991358050348,0.0014991358050348,0.761457882430927,flip
461,2021-11-10,-1,-1,-0.007970140510272,0.007970140510272,0.7675268087465557,hold
462,2021-11-11,-1,-1,0.0128206066843303,-0.0128206066843303,0.7576866494119369,hold
463,2021-11-12,0,-1,0.0003700663573213,-0.0003700663573213,0.757406255073598,hold
464,2021-11-15,-1,-1,-0.0060879819517564,0.0060879819517564,0.7620173306846334,hold
465,2021-11-16,-1,-1,-0.005586294529162,0.005586294529162,0.7662741839301637,hold
466,2021-11-17,-1,-1,-0.0074781956434608,0.0074781956434608,0.7720045321941268,hold
467,2021-11-18,-1,-1,-0.0196033721001568,0.0196033721001568,0.7871384243017356,hold
468,2021-11-22,0,-1,0.0049836979327988,-0.0049836979327988,0.7832155641637165,hold
469,2021-11-23,-1,-1,-0.0050446817378146,0.0050446817378146,0.7871666374170254,hold
470,2021-11-24,-1,-1,0.006959452503032,-0.006959452503032,0.7816883885919502,hold
471,2021-11-25,-1,-1,-0.0290712541877539,0.0290712541877539,0.8044130504323225,hold
472,2021-11-26,1,1,0.0016151341742889,0.0016151341742889,0.8053100789151036,flip
473,2021-11-29,-1,-1,-0.004148599194972,0.004148599194972,0.8082483326207361,flip
474,2021-11-30,1,1,0.0108166411704213,0.0108166411704213,0.8165867406449757,flip
475,2021-12-01,-1,-1,0.0136745711024337,-0.0136745711024337,0.805011973828399,flip
476,2021-12-02,-1,-1,-0.0117776858673942,0.0117776858673942,0.8144931519756408,hold
477,2021-12-03,-1,-1,-0.0165409195759996,0.0165409195759996,0.8279656176976722,hold
478,2021-12-06,-1,-1,0.0156365485816494,-0.0156365485816494,0.8150190930926071,hold
479,2021-12-07,-1,-1,0.0170609485278816,-0.0170609485278816,0.8011140942961134,hold
480,2021-12-08,-1,-1,0.0026960665936832,-0.0026960665936832,0.7989542373487528,hold
481,2021-12-09,-1,-1,-0.0003167708948091,0.0003167708948091,0.7992073227974293,hold
482,2021-12-10,-1,-1,-0.0081690551168631,0.0081690551168631,0.8057360914671622,hold
483,2021-12-13,-1,-1,-0.0024959111813221,0.0024959111813221,0.8077471371870498,hold
484,2021-12-14,-1,-1,-0.0059740603216401,0.0059740603216401,0.8125726673092373,hold
485,2021-12-15,-1,-1,0.0015678167505297,-0.0015678167505297,0.8112987022704072,hold
486,2021-12-16,-1,-1,-0.01525945397337,0.01525945397337,0.8236786774763573,hold
487,2021-12-17,0,-1,-0.0218425462793778,0.0218425462793778,0.8416699171084714,hold
488,2021-12-20,0,-1,0.009428705444209,-0.009428705444209,0.8337340593788037,hold
489,2021-12-21,-1,-1,0.0110071709945933,-0.0110071709945933,0.8245570060232049,hold
490,2021-12-22,-1,-1,0.0069093062126275,-0.0069093062126275,0.8188598891788232,hold
491,2021-12-23,-1,-1,-0.0040327548791804,0.0040327548791804,0.8221621503922741,hold
492,2021-12-24,-1,-1,0.0048518709108285,-0.0048518709108285,0.8181731257708017,hold
493,2021-12-27,-1,-1,0.0086034091740434,-0.0086034091740434,0.8111340475945894,hold
494,2021-12-28,1,1,-0.0011402602889762,-0.0011402602889762,0.8098035766272835,flip
495,2021-12-29,-1,-1,-0.0005606259494814,0.0005606259494814,0.8098526717380101,flip
496,2021-12-30,-1,-1,0.0087248317576065,-0.0087248317576065,0.8027868434286478,hold
497,2021-12-31,1,1,0.0156533158122078,0.0156533158122078,0.8149517259970076,flip
498,2022-01-03,1,1,0.0101868742352642,0.0101868742352642,0.8232535367375506,hold
499,2022-01-04,-1,-1,0.006739585234692,-0.006739585234692,0.8172935225885776,flip
500,2022-01-05,-1,-1,-0.0100054174627969,0.0100054174627969,0.8254708854717161,hold
501,2022-01-06,-1,-1,0.0037641836511315,-0.0037641836511315,0.8223636614601384,hold
502,2022-01-07,-1,-1,0.0107003189218717,-0.0107003189218717,0.8135641080127568,hold
503,2022-01-10,-1,-1,0.0029133112526023,-0.0029133112526023,0.8111939425421699,hold
504,2022-01-11,-1,-1,0.0086731157318304,-0.0086731157318304,0.8041583635975419,hold
505,2022-01-12,-1,-1,0.0024956237305924,-0.0024956237305924,0.8021514869021935,hold
506,2022-01-13,-1,-1,-0.0001123235637506,0.0001123235637506,0.8022415874158701,hold
507,2022-01-14,-1,-1,0.0028675682661627,-0.0028675682661627,0.7999411048980004,hold
508,2022-01-17,-1,-1,-0.0106536905679234,0.0106536905679234,0.8084634299021464,hold
509,2022-01-18,-1,-1,-0.0096422404339412,0.0096422404339412,0.8162588286753115,hold
510,2022-01-19,-1,-1,-0.010112406160797,0.010112406160797,0.8245131694832126,hold
511,2022-01-20,-1,-1,-0.0078757453046686,0.0078757453046686,0.8310068252064073,hold
512,2022-01-21,-1,-1,-0.0265679051873833,0.0265679051873833,0.8530849357485596,hold
513,2022-01-24,-1,-1,0.0075134912216943,-0.0075134912216943,0.8466752895724531,hold
514,2022-01-25,-1,-1,-0.0097117329146276,0.0097117329146276,0.8548979738501958,hold
515,2022-01-27,1,1,-0.0004793161771092,-0.0004793161771092,0.8540607584346266,flip
516,2022-01-28,-1,-1,0.0139107178709299,-0.0139107178709299,0.8417531298001928,flip
517,2022-01-31,-1,-1,0.0136679386118703,-0.0136679386118703,0.830248099695734,hold
518,2022-02-01,-1,-1,0.0115578385853996,-0.0115578385853996,0.8206522261736159,hold
519,2022-02-02,-1,-1,-0.0123622486642295,0.0123622486642295,0.8307973330604276,hold
520,2022-02-03,-1,-1,-0.0024998826581151,0.0024998826581151,0.8328742289057536,hold
521,2022-02-04,-1,-1,-0.0172811129276234,0.0172811129276234,0.8472672225099811,hold
522,2022-02-07,-1,-1,0.0030876976246183,-0.0030876976246183,0.8446511175196202,hold
523,2022-02-08,-1,-1,0.0114121523303458,-0.0114121523303458,0.8350118303004895,hold
524,2022-02-09,-1,-1,0.008133901085124,-0.008133901085124,0.828219926667917,hold
525,2022-02-10,-1,-1,-0.0131262969128136,0.0131262969128136,0.8390913873344689,hold
526,2022-02-11,-1,-1,-0.0306162228952934,0.0306162228952934,0.8647811962786218,hold
527,2022-02-14,-1,-1,0.0302591263839775,-0.0302591263839775,0.8386136727659397,hold
528,2022-02-15,-1,-1,-0.0017432697608654,0.0017432697608654,0.8400756026227209,hold
529,2022-02-16,-1,-1,-0.0010160147191904,0.0010160147191904,0.8409291318002183,hold
530,2022-02-17,-1,-1,-0.0016353356196504,0.0016353356196504,0.8423043331630529,hold
531,2022-02-18,-1,-1,-0.004031556958107,0.004031556958107,0.8457001310582601,hold
532,2022-02-21,1,1,-0.0066515660675804,-0.0066515660675804,0.8396520506976356,flip
533,2022-02-22,0,1,-0.0016937094155936,-0.0016937094155936,0.8382299241135466,hold
534,2022-02-23,-1,-1,-0.0477810384708364,0.0477810384708364,0.8778623054029655,flip
535,2022-02-24,-1,-1,0.0252616601096495,-0.0252616601096495,0.8556860462208025,hold
536,2022-02-25,-1,-1,0.0081340342903666,-0.0081340342903666,0.8487258665790542,hold
537,2022-02-28,-1,-1,-0.0111916331229355,0.0111916331229355,0.8582244950997526,hold
538,2022-03-02,1,1,-0.006497577228417,-0.006497577228417,0.852219002915973,flip
539,2022-03-03,1,1,-0.0153170320073322,-0.0153170320073322,0.8391655371710522,hold
540,2022-03-04,1,1,-0.0235266847399477,-0.0235266847399477,0.8194227541334,hold
541,2022-03-07,1,1,0.0094747765094835,0.0094747765094835,0.8271866015955995,hold
542,2022-03-08,-1,-1,0.0207262900882942,-0.0207262900882942,0.8096284988329812,flip
543,2022-03-09,-1,-1,0.0152673871904744,-0.0152673871904744,0.7972675870608555,hold
544,2022-03-10,-1,-1,0.0021421537513466,-0.0021421537513466,0.795559717308406,hold
545,2022-03-11,-1,-1,0.014482565042708,-0.014482565042708,0.7840379719571287,hold
546,2022-03-14,-1,-1,-0.0123464565033122,0.0123464565033122,0.7937180626748425,hold
547,2022-03-15,-1,-1,0.0187451004846066,-0.0187451004846066,0.7788397378335552,hold
548,2022-03-16,-1,-1,0.0183619883565082,-0.0183619883565082,0.7645386916358696,hold
549,2022-03-17,-1,-1,-0.0098022024704637,0.0098022024704637,0.7720328546877877,hold
550,2022-03-21,-1,-1,0.0115612232521558,-0.0115612232521558,0.763107210496743,hold
551,2022-03-22,-1,-1,-0.004033935455228,0.004033935455228,0.7661855357293059,hold
552,2022-03-23,-1,-1,-0.0013278937068936,0.0013278937068936,0.7672029486805139,hold
553,2022-03-24,-1,-1,-0.0040498758909001,0.0040498758909001,0.7703100254058025,hold
554,2022-03-25,-1,-1,0.0040226199498629,-0.0040226199498629,0.7672113609300257,hold
555,2022-03-28,-1,-1,0.005998187274997,-0.005998187274997,0.7626094835076621,hold
556,2022-03-29,-1,-1,0.0099824655821947,-0.0099824655821947,0.7549967605858916,hold
557,2022-03-30,-1,-1,-0.0019144771620018,0.0019144771620018,0.7564421846414187,hold
558,2022-03-31,-1,-1,0.0117779652585923,-0.0117779652585923,0.7475328348705783,hold
559,2022-04-01,-1,-1,0.0216718413399843,-0.0216718413399843,0.7313324218768344,hold
560,2022-04-04,-1,-1,-0.005317557796472,0.005317557796472,0.7352213242985983,hold
561,2022-04-05,-1,-1,-0.0083391803235717,0.0083391803235717,0.7413524674996596,hold
562,2022-04-06,-1,-1,-0.0094397411049521,0.0094397411049521,0.7483506428603737,hold
563,2022-04-07,-1,-1,0.0082087593907955,-0.0082087593907955,0.7422076124931858,hold
564,2022-04-08,-1,-1,-0.006151497975913,0.006151497975913,0.7467733011191449,hold
565,2022-04-11,-1,-1,-0.0081838106412522,0.0081838106412522,0.7528847524074468,hold
566,2022-04-12,-1,-1,-0.0031174816283502,0.0031174816283502,0.755231856791342,hold
567,2022-04-13,-1,-1,-0.0172811880101475,0.0172811880101475,0.7682831604998059,hold
568,2022-04-18,0,-1,-0.0125191788064678,0.0125191788064678,0.7779014347601012,hold
569,2022-04-19,-1,-1,0.010490244596548,-0.010490244596548,0.7697410584374621,hold
570,2022-04-20,-1,-1,0.014941678252146,-0.014941678252146,0.7582398352048232,hold
571,2022-04-21,-1,-1,-0.0126864526051679,0.0126864526051679,0.7678592089374996,hold
572,2022-04-22,-1,-1,-0.0126951225643019,0.0126951225643019,0.7776072757070891,hold
573,2022-04-25,1,1,0.0145601216162072,0.0145601216162072,0.7885405285731784,flip
574,2022-04-26,-1,-1,-0.0094414436101153,0.0094414436101153,0.795591219243706,flip
575,2022-04-27,-1,-1,0.0121285088909346,-0.0121285088909346,0.7859418840675592,hold
576,2022-04-28,-1,-1,-0.0082632403816946,0.0082632403816946,0.7924363107816514,hold
577,2022-04-29,-1,-1,-0.0019559171203674,0.0019559171203674,0.79398625052871,hold
578,2022-05-02,-1,-1,-0.0229361834519363,0.0229361834519363,0.8121972648291516,hold
579,2022-05-04,-1,-1,0.0003028482136697,-0.0003028482136697,0.8119512923383506,hold
580,2022-05-05,-1,-1,-0.0162684216398562,0.0162684216398562,0.825160458313137,hold
581,2022-05-06,1,1,-0.0066661826871809,-0.0066661826871809,0.8192472077226272,flip
582,2022-05-09,1,1,-0.0037909688880922,-0.0037909688880922,0.8161414670464943,hold
583,2022-05-10,1,1,-0.0044919933245182,-0.0044919933245182,0.8124753650246589,hold
584,2022-05-11,1,1,-0.0222117521417858,-0.0222117521417858,0.7944288635954242,hold
585,2022-05-12,1,1,-0.0016352232651188,-0.0016352232651188,0.7931297950351911,hold
586,2022-05-13,-1,-1,0.0038112305721171,-0.0038112305721171,0.7897104296151785,flip
587,2022-05-16,-1,-1,0.0263219359020472,-0.0263219359020472,0.7689237223056695,hold
588,2022-05-17,-1,-1,-0.0011685620062508,0.0011685620062508,0.7698222573532608,hold
589,2022-05-18,-1,-1,-0.0265327253341793,0.0265327253341793,0.7902477398637529,hold
590,2022-05-19,-1,-1,0.0288910387942893,-0.0288910387942893,0.7674166617542497,hold
591,2022-05-20,-1,-1,-0.0031630222318707,0.0031630222318707,0.7698440177164864,hold
592,2022-05-23,-1,-1,-0.0055227542667355,0.0055227542667355,0.7740956770500509,hold
593,2022-05-24,-1,-1,-0.0061612191843656,0.0061612191843656,0.7788650501860261,hold
594,2022-05-25,-1,-1,0.0090073873189953,-0.0090073873189953,0.7718495110097718,hold
595,2022-05-26,-1,-1,0.0112738471989222,-0.0112738471989222,0.7631477975620848,hold
596,2022-05-27,-1,-1,0.0188932050929628,-0.0188932050929628,0.7487294897065015,hold
597,2022-05-30,-1,-1,-0.0046124339835348,0.0046124339835348,0.7521829550492984,hold
598,2022-05-31,-1,-1,-0.0037264067061659,0.0037264067061659,0.7549858946572578,hold
599,2022-06-01,-1,-1,0.0063700049931154,-0.0063700049931154,0.7501766307385594,hold
600,2022-06-02,-1,-1,-0.0026280502014673,0.0026280502014673,0.752148132584108,hold
601,2022-06-03,-1,-1,-0.0008893953501298,0.0008893953501298,0.7528170896358372,hold
602,2022-06-06,-1,-1,-0.0092459460064759,0.0092459460064759,0.7597775957993625,hold
603,2022-06-07,-1,-1,-0.0036609606157923,0.0036609606157923,0.7625591116543453,hold
604,2022-06-08,-1,-1,0.0074497277416889,-0.0074497277416889,0.7568782538855763,hold
605,2022-06-09,-1,-1,-0.0167676984141,0.0167676984141,0.7695693601829203,hold
606,2022-06-10,0,-1,-0.0263797491152091,0.0263797491152091,0.7898704068312977,hold
607,2022-06-13,0,-1,-0.0026816094559853,0.0026816094559853,0.7919885307832596,hold
608,2022-06-14,-1,-1,-0.002539344381356,0.002539344381356,0.7939996624090024,hold
609,2022-06-15,-1,-1,-0.0211284478542902,0.0211284478542902,0.810775642872535,hold
610,2022-06-16,1,1,-0.0043682936266399,-0.0043682936266399,0.8068285489777038,flip
611,2022-06-17,1,1,0.0037042135956451,0.0037042135956451,0.8098172142581817,hold
612,2022-06-20,-1,-1,0.018804337854487,-0.018804337854487,0.7941842291537623,flip
613,2022-06-21,-1,-1,-0.0144192650853174,0.0144192650853174,0.8056357820805089,hold
614,2022-06-22,1,1,0.0093004475196092,0.0093004475196092,0.8127257375006278,flip
615,2022-06-23,-1,-1,0.0091664725885294,-0.0091664725885294,0.8048695464370856,flip
616,2022-06-24,-1,-1,0.008458990377725,-0.008458990377725,0.7980611626884504,hold
617,2022-06-27,-1,-1,0.0011464333961117,-0.0011464333961117,0.7971462387194047,hold
618,2022-06-28,-1,-1,-0.0032239710103227,0.0032239710103227,0.7997162150840239,hold
619,2022-06-29,-1,-1,-0.0011930812414028,0.0011930812414028,0.8006703414986862,hold
620,2022-06-30,-1,-1,-0.0017870563085186,0.0017870563085186,0.8021011844835051,hold
621,2022-07-01,-1,-1,0.0052881882498054,-0.0052881882498054,0.7978595224245645,hold
622,2022-07-04,-1,-1,-0.0015471713984448,0.0015471713984448,0.7990939478576365,hold
623,2022-07-05,-1,-1,0.0113181897073002,-0.0113181897073002,0.7900496509618283,hold
624,2022-07-06,-1,-1,0.0089494920315105,-0.0089494920315105,0.7829791079060477,hold
625,2022-07-07,1,1,0.0054360478665673,0.0054360478665673,0.7868439302611943,flip
626,2022-07-08,-1,-1,-0.0002835659276332,0.0002835659276332,0.7866736304250508,flip
627,2022-07-11,-1,-1,-0.0097249750439381,0.0097249750439381,0.7943240118486586,hold
628,2022-07-12,-1,-1,-0.0057072925015229,0.0057072925015229,0.7988574513252621,hold
629,2022-07-13,-1,-1,-0.0017536552323109,0.0017536552323109,0.8002583718746492,hold
630,2022-07-14,-1,-1,0.0069359576863876,-0.0069359576863876,0.7947078136691492,hold
631,2022-07-15,-1,-1,0.0142873041582765,-0.0142873041582765,0.7833535814182991,hold
632,2022-07-18,-1,-1,0.0038117642711243,-0.0038117642711243,0.7803676222249916,hold
633,2022-07-19,-1,-1,0.0110338885069691,-0.0110338885069691,0.7717571328869125,hold
634,2022-07-20,-1,-1,0.005108719746296,-0.005108719746296,0.7678144419827884,hold
635,2022-07-21,-1,-1,0.0068772959606149,-0.0068772959606149,0.7625339548224384,hold
636,2022-07-22,-1,-1,-0.0052901993117577,0.0052901993117577,0.7665679114254319,hold
637,2022-07-25,-1,-1,-0.008847958067765,0.008847958067765,0.7733504721618183,hold
638,2022-07-26,-1,-1,0.0095821774414373,-0.0095821774414373,0.7659400907131444,hold
639,2022-07-27,-1,-1,0.0172937311236929,-0.0172937311236929,0.7526941287274943,hold
640,2022-07-28,-1,-1,0.0135059538264792,-0.0135059538264792,0.7425282765794388,hold
641,2022-07-29,-1,-1,0.0105955316684394,-0.0105955316684394,0.7346607947102296,hold
642,2022-08-01,-1,-1,0.0003113276638058,-0.0003113276638058,0.7344320744813227,hold
643,2022-08-02,-1,-1,0.0024618083588656,-0.0024618083588656,0.7326240434613457,hold
644,2022-08-03,-1,-1,-0.0003537116074355,0.0003537116074355,0.7328831810894043,hold
645,2022-08-04,-1,-1,0.0008917270739845,-0.0008917270739845,0.732229649314759,hold
646,2022-08-05,-1,-1,0.0073343646716481,-0.0073343646716481,0.7268592100432916,hold
647,2022-08-08,-1,-1,0.0005506610997998,-0.0005506610997998,0.7264589569512895,hold
648,2022-08-10,-1,-1,0.0070859293688247,-0.0070859293688247,0.7213113200929826,hold
649,2022-08-11,-1,-1,0.0022170219505635,-0.0022170219505635,0.7197121570631465,hold
650,2022-08-12,-1,-1,0.0071815193435313,-0.0071815193435313,0.714543530285423,hold
651,2022-08-16,-1,-1,0.0066759231988331,-0.0066759231988331,0.7097732925550143,hold
652,2022-08-17,-1,-1,0.000682669936052,-0.000682669936052,0.7092887516667743,hold
653,2022-08-18,-1,-1,-0.011029475746944,0.011029475746944,0.7171118347508632,hold
654,2022-08-19,-1,-1,-0.0150773300473388,0.0150773300473388,0.7279239665642546,hold
655,2022-08-22,-1,-1,0.0049626821755044,-0.0049626821755044,0.7243115112702637,hold
656,2022-08-23,-1,-1,0.0015616110795051,-0.0015616110795051,0.723180418389251,hold
657,2022-08-24,-1,-1,-0.0046861822192667,0.0046861822192667,0.7265693736072285,hold
658,2022-08-25,-1,-1,0.0020802555293466,-0.0020802555293466,0.7250579236503282,hold
659,2022-08-26,-1,-1,-0.0140099889245538,0.0140099889245538,0.7352159771303292,hold
660,2022-08-29,0,-1,0.0257842637890255,-0.0257842637890255,0.7162589744340946,hold
661,2022-08-30,1,1,-0.0121907952721076,-0.0121907952721076,0.7071690784277418,flip
662,2022-09-01,-1,-1,-0.0001910505934481,0.0001910505934481,0.7069505989606297,flip
663,2022-09-02,-1,-1,0.0072038500710118,-0.0072038500710118,0.7018578328381054,hold
664,2022-09-05,1,1,-0.0005774531254664,-0.0005774531254664,0.7011016139224809,flip
665,2022-09-06,1,1,-0.0017671004916441,-0.0017671004916441,0.699862696915826,hold
666,2022-09-07,-1,-1,0.0098925129655895,-0.0098925129655895,0.6925893647639959,flip
667,2022-09-08,1,1,0.0019439347917691,0.0019439347917691,0.693589418644188,flip
668,2022-09-09,0,1,0.005775695663245,0.005775695663245,0.6975953800415239,hold
669,2022-09-12,0,1,0.0074542019299801,0.0074542019299801,0.7027953968697747,hold
670,2022-09-13,0,1,-0.0036690976717561,-0.0036690976717561,0.7002167719153989,hold
671,2022-09-14,-1,-1,-0.0070179606679163,0.0070179606679163,0.7047807572937589,flip
672,2022-09-15,-1,-1,-0.0193848531485446,0.0193848531485446,0.7184428287758184,hold
673,2022-09-16,0,-1,0.0052136885924867,-0.0052136885924867,0.7146970915950761,hold
674,2022-09-19,-1,-1,0.0110088098852303,-0.0110088098852303,0.7068291271881788,hold
675,2022-09-20,-1,-1,-0.0054950054374517,0.0054950054374517,0.710713157085427,hold
676,2022-09-21,0,-1,-0.0049975776569025,0.0049975776569025,0.7142650012797438,hold
677,2022-09-22,-1,-1,-0.0171556772324205,0.0171556772324205,0.7265187011001134,hold
678,2022-09-23,0,-1,-0.0179513217622564,0.0179513217622564,0.7395606720698582,hold
679,2022-09-26,0,-1,-0.0005230508522044,0.0005230508522044,0.7399474999096413,hold
680,2022-09-27,-1,-1,-0.0087491784653945,0.0087491784653945,0.7464214326413733,hold
681,2022-09-28,1,1,-0.0024023347691036,-0.0024023347691036,0.7442550677650142,flip
682,2022-09-29,-1,-1,0.016425755966269,-0.016425755966269,0.7316579881113645,flip
683,2022-09-30,-1,-1,-0.0121092644487904,0.0121092644487904,0.740517828175475,hold
684,2022-10-03,-1,-1,0.0229136709327191,-0.0229136709327191,0.7235498463408503,hold
685,2022-10-04,-1,-1,0.0033286441360573,-0.0033286441360573,0.7211414063876826,hold
686,2022-10-06,-1,-1,-0.0009895331040011,0.0009895331040011,0.7218549996819692,hold
687,2022-10-07,-1,-1,-0.0042536458411471,0.0042536458411471,0.7249255151992776,hold
688,2022-10-10,-1,-1,-0.0149323831999303,0.0149323831999303,0.7357503807836402,hold
689,2022-10-11,-1,-1,0.0082461453396196,-0.0082461453396196,0.7296832762100178,hold
690,2022-10-12,-1,-1,-0.0063800837728176,0.0063800837728176,0.7343387166398617,hold
691,2022-10-13,-1,-1,0.0100708880038873,-0.0100708880038873,0.7269432736676633,hold
692,2022-10-14,-1,-1,0.0073375869608156,-0.0073375869608156,0.7216092641815469,hold
693,2022-10-17,-1,-1,0.010117285874136,-0.010117285874136,0.7143085369663973,hold
694,2022-10-18,-1,-1,0.0014468379208691,-0.0014468379208691,0.7132750482879138,hold
695,2022-10-19,-1,-1,0.002952174549244,-0.002952174549244,0.7111693358437474,hold
696,2022-10-20,-1,-1,0.0007032337856462,-0.0007032337856462,0.7106692175394665,hold
697,2022-10-21,-1,-1,0.0087873563767617,-0.0087873563767617,0.7044243138589529,hold
698,2022-10-24,1,1,-0.004196122026705,-0.004196122026705,0.7011162513224933,flip
699,2022-10-25,-1,-1,0.0045649078749665,-0.0045649078749665,0.697565162099903,flip
700,2022-10-27,-1,-1,0.0028106052447454,-0.0028106052447454,0.6956045817967533,hold
701,2022-10-28,-1,-1,0.0126722303955641,-0.0126722303955641,0.6867897202720149,hold
702,2022-10-31,-1,-1,0.0073950532223929,-0.0073950532223929,0.6817108737380111,hold
703,2022-11-01,-1,-1,-0.0034471976315451,0.0034471976315451,0.6840608658473593,hold
704,2022-11-02,-1,-1,-0.0016673473084335,0.0016673473084335,0.6852014328908345,hold
705,2022-11-03,-1,-1,0.0035701681556883,-0.0035701681556883,0.6827551485548956,hold
706,2022-11-04,-1,-1,0.0047275862251119,-0.0047275862251119,0.6795273647194632,hold
707,2022-11-07,-1,-1,-0.0025161392359563,0.0025161392359563,0.6812371501837398,hold
708,2022-11-09,-1,-1,-0.0070937259046097,0.0070937259046097,0.6860696598031807,hold
709,2022-11-10,-1,-1,0.0178331732470333,-0.0178331732470333,0.6738348607003773,hold
710,2022-11-11,-1,-1,-0.0011198455015547,0.0011198455015547,0.6745894516379234,hold
711,2022-11-14,-1,-1,0.0040509242609507,-0.0040509242609507,0.6718567408621019,hold
712,2022-11-15,-1,-1,0.0003396111515991,-0.0003396111515991,0.6716285708206281,hold
713,2022-11-16,-1,-1,-0.0035714963948192,0.0035714963948192,0.6740272898399716,hold
714,2022-11-17,-1,-1,-0.0019761337135545,0.0019761337135545,0.6753592578912802,hold
715,2022-11-18,-1,-1,-0.0080677295405768,0.0080677295405768,0.6808078737266717,hold
716,2022-11-21,-1,-1,0.0046393301536886,-0.0046393301536886,0.677649381229223,hold
717,2022-11-22,-1,-1,0.0012634580983039,-0.0012634580983039,0.6767931996306984,hold
718,2022-11-23,-1,-1,0.0118709498898301,-0.0118709498898301,0.6687590214721046,hold
719,2022-11-24,0,-1,0.0015500019600884,-0.0015500019600884,0.6677224436779962,hold
720,2022-11-25,-1,-1,0.0027008413120686,-0.0027008413120686,0.6659190313171153,hold
721,2022-11-28,0,-1,0.0029791265437502,-0.0029791265437502,0.66393517425493,hold
722,2022-11-29,0,-1,0.0075356346254191,-0.0075356346254191,0.6589320013667809,hold
723,2022-11-30,0,-1,0.0028867353340049,-0.0028867353340049,0.6570298390757289,hold
724,2022-12-01,-1,-1,-0.006187396179402,0.006187396179402,0.6610951429917791,hold
725,2022-12-02,-1,-1,0.0002648237856262,-0.0002648237856262,0.6609200692733529,hold
726,2022-12-05,-1,-1,-0.0031175136590962,0.0031175136590962,0.6629804966168834,hold
727,2022-12-06,-1,-1,-0.0044119027503989,0.0044119027503989,0.6659055020933682,hold
728,2022-12-07,-1,-1,0.0026319123609277,-0.0026319123609277,0.6641528971711989,hold
729,2022-12-08,-1,-1,-0.0060587824059793,0.0060587824059793,0.6681768550594599,hold
730,2022-12-09,0,-1,2.977743269738653e-05,-2.977743269738653e-05,0.6681569584681284,hold
731,2022-12-12,-1,-1,0.0059927938646799,-0.0059927938646799,0.6641528315467774,hold
732,2022-12-13,-1,-1,0.0028106610731943,-0.0028106610731943,0.6622861230364971,hold
733,2022-12-14,-1,-1,-0.0131509343553336,0.0131509343553336,0.6709958043649985,hold
734,2022-12-15,0,-1,-0.0079229530179417,0.0079229530179417,0.6763120725982184,hold
735,2022-12-16,0,-1,0.0082899566889265,-0.0082899566889265,0.670705474808181,hold
736,2022-12-19,1,1,-0.0019081205394395,-0.0019081205394395,0.669090335178381,flip
737,2022-12-20,-1,-1,-0.0101277196435586,0.0101277196435586,0.6755321493416931,flip
738,2022-12-21,1,1,-0.0039425027358517,-0.0039425027358517,0.6725310959200869,flip
739,2022-12-22,-1,-1,-0.0176831602541178,0.0176831602541178,0.6840873055171592,flip
740,2022-12-23,-1,-1,0.0116696328935068,-0.0116696328935068,0.6761042577946658,hold
741,2022-12-26,-1,-1,0.0065336546149905,-0.0065336546149905,0.671686826090511,hold
742,2022-12-27,-1,-1,-0.0005405150382313,0.0005405150382313,0.6720498829209949,hold
743,2022-12-28,-1,-1,0.0037798317009243,-0.0037798317009243,0.6695096474689276,hold
744,2022-12-29,-1,-1,-0.0047110779368918,0.0047110779368918,0.6726637595976547,hold
745,2022-12-30,-1,-1,0.0050895833553579,-0.0050895833553579,0.669240181323054,hold
746,2023-01-02,-1,-1,0.0019289276248581,-0.0019289276248581,0.6679492654496348,hold
747,2023-01-03,-1,-1,-0.0103990694870288,0.0103990694870288,0.6748953162748554,hold
748,2023-01-04,-1,-1,-0.0028154392892826,0.0028154392892826,0.6767954430644484,hold
749,2023-01-05,-1,-1,-0.0073755037054461,0.0073755037054461,0.6817871503625993,hold
750,2023-01-06,-1,-1,0.0135362517084902,-0.0135362517084902,0.6725583078836769,hold
751,2023-01-09,-1,-1,-0.0103335047509585,0.0103335047509585,0.6795081923534895,hold
752,2023-01-10,-1,-1,-0.0010299775022909,0.0010299775022909,0.6802080705042359,hold
753,2023-01-11,-1,-1,-0.0020954755408891,0.0020954755408891,0.6816334298786929,hold
754,2023-01-12,-1,-1,0.0055100959183882,-0.0055100959183882,0.6778775642988814,hold
755,2023-01-13,1,1,-0.0034388470725693,-0.0034388470725693,0.6752075082391824,flip
756,2023-01-16,-1,-1,0.0088545685118242,-0.0088545685118242,0.668891233343661,flip
757,2023-01-17,1,1,0.00620655632356,0.00620655632356,0.6727082988410722,flip
758,2023-01-18,1,1,-0.003165367099256,-0.003165367099256,0.6705789301245242,hold
759,2023-01-19,-1,-1,-0.0044289753051891,0.0044289753051891,0.6732136181811637,flip
760,2023-01-20,-1,-1,0.0050422760956287,-0.0050422760956287,0.6698190892469571,hold
761,2023-01-23,0,-1,-1.3798013043020418e-05,1.3798013043020418e-05,0.6698283314194869,hold
762,2023-01-24,-1,-1,-0.0124929796250122,0.0124929796250122,0.6781964831161665,hold
763,2023-01-25,0,-1,-0.0160742469061787,0.0160742469061787,0.6890979808366778,hold
764,2023-01-27,0,-1,0.0025334426073457,-0.0025334426073457,0.6873521906513903,hold
765,2023-01-30,-1,-1,0.0007479862801675,-0.0007479862801675,0.68683806064314,hold
766,2023-01-31,-1,-1,-0.0025959245256645,0.0025959245256645,0.6886210404099234,hold
767,2023-02-01,-1,-1,-0.0003349392530399,0.0003349392530399,0.6888516866268258,hold
768,2023-02-02,-1,-1,0.0138355963078902,-0.0138355963078902,0.6793210127746477,hold
769,2023-02-03,1,1,-0.0050101331608701,-0.0050101331608701,0.6755778635352824,flip
770,2023-02-06,-1,-1,-0.0024261514654264,0.0024261514654264,0.6768791288271405,flip
771,2023-02-07,-1,-1,0.0084755364246817,-0.0084755364246817,0.6711422151156593,hold
772,2023-02-08,1,1,0.0012170079483646,0.0012170079483646,0.6716234294183804,flip
773,2023-02-09,-1,-1,-0.0020649578680046,0.0020649578680046,0.6726744917885848,flip
774,2023-02-10,-1,-1,-0.0047937507000251,0.0047937507000251,0.6758991256044854,hold
775,2023-02-13,-1,-1,0.0089443537049958,-0.0089443537049958,0.6698536447561815,hold
776,2023-02-14,1,1,0.0047964707944361,0.0047964707944361,0.6727316513774231,flip
777,2023-02-15,0,1,0.0011101336008929,0.0011101336008929,0.6734784733880014,hold
778,2023-02-16,-1,-1,-0.0050815676893513,0.0050815676893513,0.6765640606011495,flip
779,2023-02-17,-1,-1,-0.0055505184801407,0.0055505184801407,0.6803193419225152,hold
780,2023-02-20,-1,-1,-0.001003126492992,0.001003126492992,0.6810017882780925,hold
781,2023-02-21,-1,-1,-0.0152803631315826,0.0152803631315826,0.6914077428962389,hold
782,2023-02-22,0,-1,-0.0024524349779846,0.0024524349779846,0.693103375428967,hold
783,2023-02-23,-1,-1,-0.002595429723749,0.002595429723749,0.6949022765311861,hold
784,2023-02-24,-1,-1,-0.0041854114458053,0.0041854114458053,0.6978107284730959,hold
785,2023-02-27,-1,-1,-0.0051027157362857,0.0051027157362857,0.7013714582582246,hold
786,2023-02-28,-1,-1,0.008492348770636,-0.008492348770636,0.6954151672169262,hold
787,2023-03-01,-1,-1,-0.0073921687198044,0.0073921687198044,0.7005557934633048,hold
788,2023-03-02,-1,-1,0.0157285986298278,-0.0157285986298278,0.6895370325701199,hold
789,2023-03-03,1,1,0.0066555236183669,0.0066555236183669,0.693781494059844,flip
790,2023-03-06,-1,-1,0.0024250512391459,-0.0024250512391459,0.6917521476409478,flip
791,2023-03-08,-1,-1,-0.0092822498999752,0.0092822498999752,0.6981731639441956,hold
792,2023-03-09,-1,-1,-0.010045664635585,0.010045664635585,0.7051867774067444,hold
793,2023-03-10,-1,-1,-0.0148510359316261,0.0148510359316261,0.7156595315765195,hold
794,2023-03-13,-1,-1,-0.0064706805258611,0.0064706805258611,0.7202903357706386,hold
795,2023-03-14,-1,-1,-0.0041746837386849,0.0041746837386849,0.7232973201225121,hold
796,2023-03-15,-1,-1,0.0007924286811309,-0.0007924286811309,0.7227241585810619,hold
797,2023-03-16,-1,-1,0.0067381296219788,-0.0067381296219788,0.7178543495196071,hold
798,2023-03-17,-1,-1,-0.0065292432199922,0.0065292432199922,0.72254139516415,hold
799,2023-03-20,1,1,0.007010642946744,0.007010642946744,0.727245604202306,flip
800,2023-03-21,-1,-1,0.0025953757489405,-0.0025953757489405,0.7249945057955346,flip
801,2023-03-22,-1,-1,-0.0043726933046436,0.0043726933046436,0.72816468441693,hold
802,2023-03-23,-1,-1,-0.0077209333285906,0.0077209333285906,0.7337867953975473,hold
803,2023-03-24,-1,-1,0.0023988383407489,-0.0023988383407489,0.7320265594988123,hold
804,2023-03-27,-1,-1,-0.0020016838613549,0.0020016838613549,0.7334918452490442,hold
805,2023-03-28,-1,-1,0.0076098565893214,-0.0076098565893214,0.7279100774972622,hold
806,2023-03-29,-1,-1,0.0163371989446239,-0.0163371989446239,0.7160180657473928,hold
807,2023-03-31,-1,-1,0.0022062979737611,-0.0022062979737611,0.714438316539758,hold
808,2023-04-03,-1,-1,0.0091389548173612,-0.0091389548173612,0.7079090970451095,hold
809,2023-04-05,-1,-1,0.0023978747854371,-0.0023978747854371,0.7062116196709235,hold
810,2023-04-06,-1,-1,0.001414863221935,-0.001414863221935,0.705212426823348,hold
811,2023-04-10,-1,-1,0.0055747683219642,-0.0055747683219642,0.7012810309260377,hold
812,2023-04-11,-1,-1,0.0050839679614469,-0.0050839679614469,0.6977157406328393,hold
813,2023-04-12,-1,-1,0.0008757724412713,-0.0008757724412713,0.6971047004153518,hold
814,2023-04-13,-1,-1,-0.0067955121508301,0.0067955121508301,0.7018418838774251,hold
815,2023-04-17,-1,-1,-0.0026373533282438,0.0026373533282438,0.7036928889057701,hold
816,2023-04-18,-1,-1,-0.0023442830162407,0.0023442830162407,0.7053425441938813,hold
817,2023-04-19,-1,-1,0.0003234746363958,-0.0003234746363958,0.7051143837708637,hold
818,2023-04-20,-1,-1,-2.260708945023282e-05,2.260708945023282e-05,0.7051303243548103,hold
819,2023-04-21,-1,-1,0.0067719737565652,-0.0067719737565652,0.7003552003033211,hold
820,2023-04-24,-1,-1,0.0014568576938982,-0.0014568576938982,0.6993348824412976,hold
821,2023-04-25,-1,-1,0.0024958627615121,-0.0024958627615121,0.6975894385503859,hold
822,2023-04-26,-1,-1,0.0056951528101938,-0.0056951528101938,0.6936165600990641,hold
823,2023-04-27,-1,-1,0.0083700136036979,-0.0083700136036979,0.6878109800552848,hold
824,2023-04-28,1,1,0.0045751669319125,0.0045751669319125,0.6906139246166125,flip
825,2023-05-02,-1,-1,-0.0031850283648763,0.0031850283648763,0.6924682425933867,flip
826,2023-05-03,-1,-1,0.0091737176073036,-0.0091737176073036,0.6861157344838091,hold
827,2023-05-04,0,-1,-0.0102324068655403,0.0102324068655403,0.6931363498358966,hold
828,2023-05-05,-1,-1,0.0108141231183243,-0.0108141231183243,0.6856406880109853,hold
829,2023-05-08,-1,-1,8.480038171931881e-05,-8.480038171931881e-05,0.6855825454189197,hold
830,2023-05-09,-1,-1,0.0026908205008338,-0.0026908205008338,0.6837377658506927,hold
831,2023-05-10,-1,-1,-0.0009882342854272,0.0009882342854272,0.6844134589531478,hold
832,2023-05-11,-1,-1,0.0009728797753729,-0.0009728797753729,0.6837476069409393,hold
833,2023-05-12,-1,-1,0.0045891205221868,-0.0045891205221868,0.6806098067659304,hold
834,2023-05-15,-1,-1,-0.0061063388070606,0.0061063388070606,0.6847658408414512,hold
835,2023-05-16,-1,-1,-0.0057282694884204,0.0057282694884204,0.6886883641142558,hold
836,2023-05-17,-1,-1,-0.0028490536527011,0.0028490536527011,0.6906504742136083,hold
837,2023-05-18,-1,-1,0.0040513721791914,-0.0040513721791914,0.6878523920968339,hold
838,2023-05-19,-1,-1,0.0060977618257063,-0.0060977618257063,0.6836580320385851,hold
839,2023-05-22,-1,-1,0.0018346005688616,-0.0018346005688616,0.6824037926241003,hold
840,2023-05-23,-1,-1,-0.0034117947119577,0.0034117947119577,0.684732014275195,hold
841,2023-05-24,-1,-1,0.0019551116867164,-0.0019551116867164,0.6833932867118168,hold
842,2023-05-25,-1,-1,0.0097264208278746,-0.0097264208278746,0.6767463160143133,hold
843,2023-05-26,0,-1,0.0053677985089635,-0.0053677985089635,0.6731136781482652,hold
844,2023-05-29,0,-1,0.0018925684396833,-0.0018925684396833,0.6718397644446826,hold
845,2023-05-30,0,-1,-0.0053370195013254,0.0053370195013254,0.6754253863692897,hold
846,2023-05-31,0,-1,-0.0025169624936233,0.0025169624936233,0.6771254067340222,hold
847,2023-06-01,-1,-1,0.0025070443604549,-0.0025070443604549,0.675427823301749,hold
848,2023-06-02,-1,-1,0.0032237875731377,-0.0032237875731377,0.6732503874784374,hold
849,2023-06-05,-1,-1,0.0002769943144211,-0.0002769943144211,0.673063900948924,hold
850,2023-06-06,-1,-1,0.0068498516385289,-0.0068498516385289,0.6684535130841743,hold
851,2023-06-07,0,-1,-0.0049048192636628,0.0049048192636628,0.6717321567520126,hold
852,2023-06-08,-1,-1,-0.0038181972541345,0.0038181972541345,0.674296962628437,hold
853,2023-06-09,-1,-1,0.0020524046550352,-0.0020524046550352,0.6729130324034622,hold
854,2023-06-12,-1,-1,0.0061635024393194,-0.0061635024393194,0.6687655312867937,hold
855,2023-06-13,-1,-1,0.0021238341844009,-0.0021238341844009,0.6673451841900978,hold
856,2023-06-14,-1,-1,-0.0036149041015322,0.0036149041015322,0.6697575730335643,hold
857,2023-06-15,-1,-1,0.007379048352023,-0.007379048352023,0.664815399518016,hold
858,2023-06-16,0,-1,-0.0037475183921172,0.0037475183921172,0.6673068074550725,hold
859,2023-06-19,-1,-1,0.0032657175674986,-0.0032657175674986,0.6651275718910551,hold
860,2023-06-20,-1,-1,0.002133763746672,-0.002133763746672,0.663708346791242,hold
861,2023-06-21,-1,-1,-0.0045394438174043,0.0045394438174043,0.6667212135426431,hold
862,2023-06-22,-1,-1,-0.0056336152360657,0.0056336152360657,0.6704772643294652,hold
863,2023-06-23,-1,-1,0.0013768299134766,-0.0013768299134766,0.6695541311756303,hold
864,2023-06-26,-1,-1,0.0067519034171119,-0.0067519034171119,0.6650333663494042,hold
865,2023-06-27,0,-1,0.0082210728123248,-0.0082210728123248,0.6595660786220203,hold
866,2023-06-28,0,-1,0.0114352747635688,-0.0114352747635688,0.652023759288248,hold
867,2023-06-30,0,-1,0.0069570924336936,-0.0069570924336936,0.6474875697259153,hold
868,2023-07-03,0,-1,0.0034389465191355,-0.0034389465191355,0.6452608946018229,hold
869,2023-07-04,-1,-1,0.0004899685388621,-0.0004899685388621,0.64494473706411,hold
870,2023-07-05,-1,-1,0.0050932175812563,-0.0050932175812563,0.6416598931903564,hold
871,2023-07-06,-1,-1,-0.0084883544577184,0.0084883544577184,0.6471065298050579,hold
872,2023-07-07,-1,-1,0.0012466303397029,-0.0012466303397029,0.6462998271719831,hold
873,2023-07-10,-1,-1,0.0043139300324381,-0.0043139300324381,0.6435117349375863,hold
874,2023-07-11,-1,-1,-0.0028344294714754,0.0028344294714754,0.6453357235643337,hold
875,2023-07-12,-1,-1,0.0015192303855748,-0.0015192303855748,0.6443553099241979,hold
876,2023-07-13,-1,-1,0.0077651149314275,-0.0077651149314275,0.6393518168859609,hold
877,2023-07-14,-1,-1,0.0075110132510414,-0.0075110132510414,0.634549636917253,hold
878,2023-07-17,-1,-1,0.0019177068530324,-0.0019177068530324,0.6333327567299475,hold
879,2023-07-18,-1,-1,0.0042482823714824,-0.0042482823714824,0.6306421803442492,hold
880,2023-07-19,-1,-1,0.0073614124394989,-0.0073614124394989,0.6259997631529903,hold
881,2023-07-20,-1,-1,-0.011719737128305,0.011719737128305,0.6333363158195247,hold
882,2023-07-21,-1,-1,-0.0036794322929856,0.0036794322929856,0.6356666339122715,hold
883,2023-07-24,-1,-1,0.0004193703428323,-0.0004193703428323,0.6354000541780807,hold
884,2023-07-25,-1,-1,0.0049643391875346,-0.0049643391875346,0.6322457127893628,hold
885,2023-07-26,-1,-1,-0.0059863783008722,0.0059863783008722,0.6360305748052245,hold
886,2023-07-27,-1,-1,-0.0007044597937843,0.0007044597937843,0.6364786327727923,hold
887,2023-07-28,-1,-1,0.0054845628365591,-0.0054845628365591,0.6329878257172227,hold
888,2023-07-31,0,-1,-0.0010251191770254,0.0010251191770254,0.633636713676189,hold
889,2023-08-01,-1,-1,-0.0104897492749598,0.0104897492749598,0.6402834039340617,hold
890,2023-08-02,0,-1,-0.0074206854169113,0.0074206854169113,0.6450347456523254,hold
891,2023-08-03,0,-1,0.0069833892701145,-0.0069833892701145,0.6405302169306859,hold
892,2023-08-04,1,1,0.0041144018676027,0.0041144018676027,0.6428453505430162,flip
893,2023-08-07,1,1,-0.0013497354646058,-0.0013497354646058,0.6419776793751313,hold
894,2023-08-08,-1,-1,0.0031527078847637,-0.0031527078847637,0.6396327224438354,flip
895,2023-08-09,1,1,-0.0045562684580157,-0.0045562684580157,0.636398567684628,flip
896,2023-08-10,1,1,-0.0058741361615907,-0.0058741361615907,0.6326602758450072,hold
897,2023-08-11,-1,-1,0.0003216956578122,-0.0003216956578122,0.6321404216434752,flip
898,2023-08-14,-1,-1,0.0015667570139761,-0.0015667570139761,0.6311500112040475,hold
899,2023-08-16,-1,-1,-0.0051245825841254,0.0051245825841254,0.6343843915594342,hold
900,2023-08-17,-1,-1,-0.0028452826260957,0.0028452826260957,0.6361893944470045,hold
901,2023-08-18,-1,-1,0.0043215209131937,-0.0043215209131937,0.6334400886741497,hold
902,2023-08-21,-1,-1,0.0001469355577301,-0.0001469355577301,0.6333470138014318,hold
903,2023-08-22,-1,-1,0.0024515199000461,-0.0024515199000461,0.6317943509934628,hold
904,2023-08-23,-1,-1,-0.0029469646806212,0.0029469646806212,0.6336562266312566,hold
905,2023-08-24,-1,-1,-0.0062361537740819,0.0062361537740819,0.6376078043004336,hold
906,2023-08-25,-1,-1,0.0020891942389009,-0.0020891942389009,0.6362757177490109,hold
907,2023-08-28,-1,-1,0.001895758474361,-0.001895758474361,0.6350694926650582,hold
908,2023-08-29,-1,-1,0.0002480956863764,-0.0002480956863764,0.6349119346633787,hold
909,2023-08-30,1,1,-0.0048403506033882,-0.0048403506033882,0.6315212823300008,flip
910,2023-08-31,-1,-1,0.0094267101889176,-0.0094267101889176,0.6252523535821773,flip
911,2023-09-01,0,-1,0.0048108337016425,-0.0048108337016425,0.622244368487533,hold
912,2023-09-04,1,1,0.0023605960187407,0.0023605960187407,0.6234021138822248,flip
913,2023-09-05,-1,-1,0.0018467726478093,-0.0018467726478093,0.6219391308527795,flip
914,2023-09-06,0,-1,0.0059150323607803,-0.0059150323607803,0.6182603407673498,hold
915,2023-09-07,0,-1,0.004709190366575,-0.004709190366575,0.6153488351265728,hold
916,2023-09-08,0,-1,0.0089001434200508,-0.0089001434200508,0.6098721422405851,hold
917,2023-09-11,0,-1,-0.0001575482868895,0.0001575482868895,0.6099682265518166,hold
918,2023-09-12,-1,-1,0.0038413452699443,-0.0038413452699443,0.6076251279899355,hold
919,2023-09-13,-1,-1,0.0016492082399102,-0.0016492082399102,0.606623027622078,hold
920,2023-09-14,-1,-1,0.0044396138771742,-0.0044396138771742,0.6039298556104336,hold
921,2023-09-15,-1,-1,-0.0029243168460981,0.0029243168460981,0.6056959378610568,hold
922,2023-09-18,-1,-1,-0.011518249945432,0.011518249945432,0.6126724950642733,hold
923,2023-09-20,-1,-1,-0.0079919391664983,0.0079919391664983,0.6175689363738137,hold
924,2023-09-21,-1,-1,-0.0034494176591149,0.0034494176591149,0.6196991895686623,hold
925,2023-09-22,-1,-1,1.5288066889551644e-05,-1.5288066889551644e-05,0.6196897155660008,hold
926,2023-09-25,-1,-1,-0.0005007261720755,0.0005007261720755,0.6200000104251507,hold
927,2023-09-26,-1,-1,0.0026316191986632,-0.0026316191986632,0.6183684064945445,hold
928,2023-09-27,-1,-1,-0.0097836296667737,0.0097836296667737,0.6244182939813201,hold
929,2023-09-28,-1,-1,0.0058775169171687,-0.0058775169171687,0.6207482648950553,hold
930,2023-09-29,-1,-1,-0.0055784246544688,0.0055784246544688,0.6242110623201645,hold
931,2023-10-03,-1,-1,-0.0047443072713306,0.0047443072713306,0.6271725114019752,hold
932,2023-10-04,-1,-1,0.0056415841052857,-0.0056415841052857,0.6236342649303777,hold
933,2023-10-05,-1,-1,0.0055127073660514,-0.0055127073660514,0.6201963517243739,hold
934,2023-10-06,-1,-1,-0.0071819467588469,0.0071819467588469,0.6246505689024895,hold
935,2023-10-09,-1,-1,0.0090968029762401,-0.0090968029762401,0.6189682457481873,hold
936,2023-10-10,-1,-1,0.0061706921287072,-0.0061706921287072,0.6151487832662292,hold
937,2023-10-11,-1,-1,-0.0008757409120068,0.0008757409120068,0.6156874942227067,hold
938,2023-10-12,-1,-1,-0.002169809980297,0.002169809980297,0.6170234190924152,hold
939,2023-10-13,-1,-1,-0.0009772027556287,0.0009772027556287,0.6176263760778398,hold
940,2023-10-16,-1,-1,0.0040417094276989,-0.0040417094276989,0.6151301097308505,hold
941,2023-10-17,0,-1,-0.0070868127413371,0.0070868127413371,0.6194894216300711,hold
942,2023-10-18,0,-1,-0.0023588102112444,0.0023588102112444,0.6209506796035701,hold
943,2023-10-19,-1,-1,-0.0041808960845935,0.0041808960845935,0.6235468098686503,hold
944,2023-10-20,-1,-1,-0.0133503074255556,0.0133503074255556,0.6318713514746213,hold
945,2023-10-23,0,-1,-0.008277236732921,0.008277236732921,0.6371015002355274,hold
946,2023-10-25,1,1,-0.0138530649123475,-0.0138530649123475,0.6279571410468929,flip
947,2023-10-26,-1,-1,0.0100757003274603,-0.0100757003274603,0.6213160545046923,flip
948,2023-10-27,-1,-1,0.0049167407696648,-0.0049167407696648,0.6182612045286618,hold
949,2023-10-30,-1,-1,-0.0032026069828995,0.0032026069828995,0.6202412521795412,hold
950,2023-10-31,-1,-1,-0.0047406245729368,0.0047406245729368,0.6231815831007727,hold
951,2023-11-01,-1,-1,0.0075885232572669,-0.0075885232572669,0.6184525551639121,hold
952,2023-11-02,-1,-1,0.0050879808383312,-0.0050879808383312,0.6153058804138212,hold
953,2023-11-03,-1,-1,0.0094199033989916,-0.0094199033989916,0.6095097584594915,hold
954,2023-11-06,-1,-1,-0.0002601919584787,0.0002601919584787,0.6096683479972569,hold
955,2023-11-07,-1,-1,0.0018962926582819,-0.0018962926582819,0.6085122383849628,hold
956,2023-11-08,-1,-1,-0.002478937369815,0.002478937369815,0.6100207021126851,hold
957,2023-11-09,-1,-1,0.0015492839458333,-0.0015492839458333,0.6090756068322759,hold
958,2023-11-10,-1,-1,0.0009369804014345,-0.0009369804014345,0.6085049149256823,hold
959,2023-11-13,-1,-1,0.0119267535086042,-0.0119267535086042,0.6012474267965895,hold
960,2023-11-15,-1,-1,0.0045615222809993,-0.0045615222809993,0.5985048232628634,hold
961,2023-11-16,-1,-1,-0.0016897597201204,0.0016897597201204,0.5995161526055107,hold
962,2023-11-17,-1,-1,-0.0019157289123818,0.0019157289123818,0.6006646630324971,hold
963,2023-11-20,-1,-1,0.004539473475424,-0.004539473475424,0.5979379617270365,hold
964,2023-11-21,-1,-1,0.0014380348265852,-0.0014380348265852,0.5970781061139356,hold
965,2023-11-22,-1,-1,-0.0004971574875239,0.0004971574875239,0.5973749479650268,hold
966,2023-11-23,-1,-1,-0.0003686890844358,0.0003686890844358,0.5975951935876569,hold
967,2023-11-24,-1,-1,0.0047992646389904,-0.0047992646389904,0.594727176106641,hold
968,2023-11-28,-1,-1,0.0104023891135545,-0.0104023891135545,0.5885405926043743,hold
969,2023-11-29,-1,-1,0.0018187545137213,-0.0018187545137213,0.5874701817450669,hold
970,2023-11-30,-1,-1,0.0066929416105065,-0.0066929416105065,0.5835382781207336,hold
971,2023-12-01,-1,-1,0.0206681690037693,-0.0206681690037693,0.5714776103683656,hold
972,2023-12-04,-1,-1,0.0081355657602475,-0.0081355657602475,0.5668283166887047,hold
973,2023-12-05,-1,-1,0.0039606432442005,-0.0039606432442005,0.56458331194559,hold
974,2023-12-06,-1,-1,-0.001745599062397,0.001745599062397,0.5655688480455672,hold
975,2023-12-07,-1,-1,0.0032653705047074,-0.0032653705047074,0.5637220562107779,hold
976,2023-12-08,-1,-1,0.0013209351833629,-0.0013209351833629,0.5629774159130914,hold
977,2023-12-11,-1,-1,-0.0043196070141755,0.0043196070141755,0.565409257107692,hold
978,2023-12-12,-1,-1,0.0009542158562574,-0.0009542158562574,0.564869734629285,hold
979,2023-12-13,-1,-1,0.0122500872899569,-0.0122500872899569,0.5579500310726215,hold
980,2023-12-14,-1,-1,0.0129327792008919,-0.0129327792008919,0.5507341865156286,hold
981,2023-12-15,-1,-1,-0.0017710126840955,0.0017710126840955,0.5517095437455127,hold
982,2023-12-18,-1,-1,0.0016083748565725,-0.0016083748565725,0.5508221879872214,hold
983,2023-12-19,-1,-1,-0.0141214660942333,0.0141214660942333,0.5586006048388343,hold
984,2023-12-20,-1,-1,0.0049597940765233,-0.0049597940765233,0.5558300608678124,hold
985,2023-12-21,-1,-1,0.0044389265566107,-0.0044389265566107,0.5533627720496637,hold
986,2023-12-22,-1,-1,0.0043068759341071,-0.0043068759341071,0.5509795072438922,hold
987,2023-12-26,-1,-1,0.0099527499207277,-0.0099527499207277,0.545495745996848,hold
988,2023-12-27,-1,-1,0.0057238813077962,-0.0057238813077962,0.5423733930928543,hold
989,2023-12-28,-1,-1,-0.0021717930740454,0.0021717930740454,0.5435513158715198,hold
990,2023-12-29,-1,-1,0.0004831718072126,-0.0004831718072126,0.5432886871999174,hold
991,2024-01-01,-1,-1,-0.003500136051024,0.003500136051024,0.5451902715200994,hold
992,2024-01-02,-1,-1,-0.0068518663756694,0.0068518663756694,0.54892584240987,hold
993,2024-01-03,-1,-1,0.0065644701863494,-0.0065644701863494,0.5453224350828536,hold
994,2024-01-04,-1,-1,0.0024101822286055,-0.0024101822286055,0.544008108640957,hold
995,2024-01-05,-1,-1,-0.009110708685643,0.009110708685643,0.5489644080414124,hold
996,2024-01-08,-1,-1,0.0014804820050666,-0.0014804820050666,0.5481516761138852,hold
997,2024-01-09,-1,-1,0.0034277152411805,-0.0034277152411805,0.546272768259191,hold
998,2024-01-10,-1,-1,0.0013183031833516,-0.0013183031833516,0.5455526151298167,hold
999,2024-01-11,-1,-1,0.0114264926377058,-0.0114264926377058,0.5393188621895547,hold
1000,2024-01-12,0,-1,0.0092670746948486,-0.0092670746948486,0.5343209540093034,hold
1001,2024-01-15,1,1,-0.0029482333845447,-0.0029482333845447,0.5324784906576266,flip
1002,2024-01-16,-1,-1,-0.0208943935120824,0.0208943935120824,0.543338066532818,flip
1003,2024-01-17,-1,-1,-0.0050852715087356,0.0050852715087356,0.5461010881221688,hold
1004,2024-01-18,-1,-1,0.0074619571864553,-0.0074619571864553,0.5420261051831246,hold
1005,2024-01-19,0,-1,-0.0177408429427344,0.0177408429427344,0.5516421051860404,hold
1006,2024-01-23,0,-1,0.0101299710711508,-0.0101299710711508,0.546053986618877,hold
1007,2024-01-24,-1,-1,-0.0047240537554001,0.0047240537554001,0.5486335750050152,hold
1008,2024-01-25,-1,-1,0.0180305914522447,-0.0180305914522447,0.5387413871571153,hold
1009,2024-01-29,1,1,-0.0099136981024832,-0.0099136981024832,0.5331310969959481,flip
1010,2024-01-30,-1,-1,0.0094600254190029,-0.0094600254190029,0.5278210977182075,flip
1011,2024-01-31,1,1,-0.0013003033741542,-0.0013003033741542,0.5268708596150357,flip
1012,2024-02-01,-1,-1,0.0072059881750932,-0.0072059881750932,0.522810799001041,flip
1013,2024-02-02,0,-1,-0.0037568550808078,0.0037568550808078,0.5247749234075693,hold
1014,2024-02-05,-1,-1,0.0072434021015312,-0.0072434021015312,0.520973767624528,hold
1015,2024-02-06,1,1,5.014315737827957e-05,5.014315737827957e-05,0.5207394040103357,flip
1016,2024-02-07,-1,-1,-0.0096920171108729,0.0096920171108729,0.5255260495223045,flip
1017,2024-02-08,-1,-1,0.0029722318898448,-0.0029722318898448,0.5239640642389702,hold
1018,2024-02-09,-1,-1,-0.0076414194307357,0.0076414194307357,0.5279678934204531,hold
1019,2024-02-12,0,-1,0.0058844800115076,-0.0058844800115076,0.5248610769049027,hold
1020,2024-02-13,-1,-1,0.0044519922849619,-0.0044519922849619,0.5225243994398453,hold
1021,2024-02-14,-1,-1,0.0032371361888359,-0.0032371361888359,0.5208329167968688,hold
1022,2024-02-15,-1,-1,0.0059308430222606,-0.0059308430222606,0.5177439385265206,hold
1023,2024-02-16,0,-1,0.0037000088082788,-0.0037000088082788,0.5158282813935394,hold
1024,2024-02-19,-1,-1,0.003376655573009,-0.003376655573009,0.5140865069524563,hold
1025,2024-02-20,-1,-1,-0.00639270001033,0.00639270001033,0.5173729077707618,hold
1026,2024-02-21,-1,-1,0.0073633218581414,-0.0073633218581414,0.5135633245301632,hold
1027,2024-02-22,1,1,-0.0002137959201901,-0.0002137959201901,0.5131967451243543,flip
1028,2024-02-23,-1,-1,-0.0040809285088362,0.0040809285088362,0.515034465979612,flip
1029,2024-02-26,-1,-1,0.0034489943486464,-0.0034489943486464,0.5132581150170902,hold
1030,2024-02-27,-1,-1,-0.0111359278099485,0.0111359278099485,0.5189737203337907,hold
1031,2024-02-28,0,-1,0.0014418556686905,-0.0014418556686905,0.518225435133226,hold
1032,2024-02-29,-1,-1,0.0161921687000685,-0.0161921687000685,0.5098342414628825,hold
1033,2024-03-01,0,-1,0.0029925402887358,-0.0029925402887358,0.5083085419547277,hold
1034,2024-03-04,0,-1,-0.0022002905070378,0.0022002905070378,0.509426968414237,hold
1035,2024-03-05,-1,-1,0.0052669715420341,-0.0052669715420341,0.5067438310688545,hold
1036,2024-03-06,-1,-1,0.000867667346212,-0.000867667346212,0.5063041459937416,hold
1037,2024-03-07,-1,-1,-0.0071531788017711,0.0071531788017711,0.5099258300781129,hold
1038,2024-03-11,-1,-1,0.000136518866846,-0.000136518866846,0.5098562155816151,hold
1039,2024-03-12,-1,-1,-0.0151327252704165,0.0151327252704165,0.517571729619426,hold
1040,2024-03-13,0,-1,0.0067712159528048,-0.0067712159528048,0.5140671396671062,hold
1041,2024-03-14,0,-1,-0.0055674686273187,0.0055674686273187,0.5169291923395382,hold
1042,2024-03-15,0,-1,0.0014688778023679,-0.0014688778023679,0.5161698865235146,hold
1043,2024-03-18,-1,-1,-0.0108021966402886,0.0108021966402886,0.5217456551375371,hold
1044,2024-03-19,1,1,0.0009923428906801,0.0009923428906801,0.5220025329015874,flip
1045,2024-03-20,-1,-1,0.0079146856998078,-0.0079146856998078,0.517610045652717,flip
1046,2024-03-21,-1,-1,0.0038524885010076,-0.0038524885010076,0.5156159589038338,hold
1047,2024-03-22,-1,-1,-0.0041658063402989,0.0041658063402989,0.5177639151345947,hold
1048,2024-03-26,-1,-1,0.0054057167831516,-0.0054057167831516,0.5149650300488414,hold
1049,2024-03-27,1,1,0.0091870010785439,0.0091870010785439,0.5194385318202882,flip
1050,2024-03-28,1,1,0.0060509791780918,0.0060509791780918,0.5225816435606314,hold
1051,2024-04-01,1,1,-0.0003872860275131,-0.0003872860275131,0.5223792549918456,hold
1052,2024-04-02,-1,-1,-0.0008306302403686,0.0008306302403686,0.5225519693704872,flip
1053,2024-04-03,-1,-1,0.0035659124883635,-0.0035659124883635,0.5206885947770901,hold
1054,2024-04-04,-1,-1,-4.224679746289706e-05,4.224679746289706e-05,0.5207105922026949,hold
1055,2024-04-05,-1,-1,0.0067781647528144,-0.0067781647528144,0.5171811300202095,hold
1056,2024-04-08,-1,-1,-0.0010390218270411,0.0010390218270411,0.5177184925028343,hold
1057,2024-04-09,-1,-1,0.0049044741142307,-0.0049044741142307,0.5151793555578956,hold
1058,2024-04-10,-1,-1,-0.0103015928142499,0.0103015928142499,0.5204865235051607,hold
1059,2024-04-12,-1,-1,-0.010963897188301,0.010963897188301,0.5261930842367675,hold
1060,2024-04-15,-1,-1,-0.005594325260972,0.005594325260972,0.529136779500062,hold
1061,2024-04-16,-1,-1,-0.0068652458503182,0.0068652458503182,0.5327694335797756,hold
1062,2024-04-18,-1,-1,0.0068717686886063,-0.0068717686886063,0.5291083652678555,hold
1063,2024-04-19,-1,-1,0.0085519659829773,-0.0085519659829773,0.5245834485267762,hold
1064,2024-04-22,-1,-1,0.0014147135985376,-0.0014147135985376,0.5238413131885776,hold
1065,2024-04-23,-1,-1,0.0015379287654238,-0.0015379287654238,0.5230356825645075,hold
1066,2024-04-24,-1,-1,0.0074969296067168,-0.0074969296067168,0.5191145208705203,hold
1067,2024-04-25,1,1,-0.0066636269808832,-0.0066636269808832,0.515395778082644,flip
1068,2024-04-26,-1,-1,0.0099666225688024,-0.0099666225688024,0.5100013249998988,flip
1069,2024-04-29,1,1,-0.0017025173156396,-0.0017025173156396,0.5088780382505874,flip
1070,2024-04-30,-1,-1,0.001917712797214,-0.001917712797214,0.5076477173052879,flip
1071,2024-05-02,-1,-1,-0.0076098592965534,0.0076098592965534,0.5115108450061977,hold
1072,2024-05-03,0,-1,-0.0014749338156797,0.0014749338156797,0.5122652896485842,hold
1073,2024-05-06,-1,-1,-0.006246985595782,0.006246985595782,0.5154654035342381,hold
1074,2024-05-07,0,-1,0.0,-0.0,0.5154654035342381,hold
1075,2024-05-08,-1,-1,-0.0154691178119045,0.0154691178119045,0.5234391985894701,hold
1076,2024-05-09,0,-1,0.004449469144939,-0.004449469144939,0.5211101720260947,hold
1077,2024-05-10,-1,-1,0.0022149680905385,-0.0022149680905385,0.5199559296234019,hold
1078,2024-05-13,-1,-1,0.0051483245877055,-0.0051483245877055,0.5172790277263984,hold
1079,2024-05-14,-1,-1,-0.0007786004689536,0.0007786004689536,0.5176817814199661,hold
1080,2024-05-15,-1,-1,0.0091573776762647,-0.0091573776762647,0.512941173831382,hold
1081,2024-05-16,1,1,0.002778540343975,0.002778540343975,0.5141099309900428,flip
1082,2024-05-17,0,1,0.0028020516676037,0.0028020516676037,0.515550493579505,hold
1083,2024-05-21,0,1,0.00305161547495,0.00305161547495,0.5171237554438304,hold
1084,2024-05-22,0,1,0.016366619608483,0.016366619608483,0.5255873232396898,hold
1085,2024-05-23,-1,-1,-0.0004593757337192,0.0004593757337192,0.5255659716403167,flip
1086,2024-05-24,-1,-1,-0.0010737589261899,0.0010737589261899,0.5261303027936672,hold
1087,2024-05-27,-1,-1,-0.0019317094176221,0.0019317094176221,0.5271466336544701,hold
1088,2024-05-28,-1,-1,-0.008015115627261,0.008015115627261,0.5313717748757321,hold
1089,2024-05-29,-1,-1,-0.0095155996581792,0.0095155996581792,0.5364280959551057,hold
1090,2024-05-30,-1,-1,0.0018697799732139,-0.0018697799732139,0.5354250934442195,hold
1091,2024-05-31,-1,-1,0.0325423176953527,-0.0325423176953527,0.5180011199512938,hold
1092,2024-06-03,-1,-1,-0.0592935994164107,0.0592935994164107,0.548715270854938,hold
1093,2024-06-04,-1,-1,0.0336242367600356,-0.0336242367600356,0.5302651386738645,hold
1094,2024-06-05,-1,-1,0.0088880492442378,-0.0088880492442378,0.5255521160088286,hold
1095,2024-06-06,-1,-1,0.0205399314668071,-0.0205399314668071,0.5147573115637718,hold
1096,2024-06-07,-1,-1,-0.0013289382574128,0.0013289382574128,0.5154413922483919,hold
1097,2024-06-10,-1,-1,0.0002429314342191,-0.0002429314342191,0.5153161753317171,hold
1098,2024-06-11,-1,-1,0.0024973129141392,-0.0024973129141392,0.5140292695921964,hold
1099,2024-06-12,-1,-1,0.003256499474515,-0.003256499474515,0.5123553335458841,hold
1100,2024-06-13,-1,-1,0.0028505279152657,-0.0028505279152657,0.5108948503650763,hold
1101,2024-06-14,-1,-1,0.0039334507869606,-0.0039334507869606,0.5088852706138537,hold
1102,2024-06-18,-1,-1,-0.0017786131162043,0.0017786131162043,0.5097903806308107,hold
1103,2024-06-19,-1,-1,0.0021687361796223,-0.0021687361796223,0.5086847797883133,hold
1104,2024-06-20,-1,-1,-0.0027962995130903,0.0027962995130903,0.5101072147903518,hold
1105,2024-06-21,-1,-1,0.001563756616109,-0.001563756616109,0.5093095312582985,hold
1106,2024-06-24,-1,-1,0.0077938798539154,-0.0077938798539154,0.5053400339632174,hold
1107,2024-06-25,-1,-1,0.0062180401218379,-0.0062180401218379,0.5021978093568631,hold
1108,2024-06-26,-1,-1,0.0073610408985447,-0.0073610408985447,0.49850111074302766,hold
1109,2024-06-27,-1,-1,-0.0014099020825968,0.0014099020825968,0.4992039484972411,hold
1110,2024-06-28,-1,-1,0.0054704843490753,-0.0054704843490753,0.49647306110999034,hold
1111,2024-07-01,-1,-1,-0.0007497161563467,0.0007497161563467,0.49684527498509545,hold
1112,2024-07-02,-1,-1,0.0067423066077227,-0.0067423066077227,0.49349539180454766,hold
1113,2024-07-03,-1,-1,0.0006444070008029,-0.0006444070008029,0.4931773799192048,hold
1114,2024-07-04,-1,-1,0.0008928929498506,-0.0008928929498506,0.49273702531364916,hold
1115,2024-07-05,-1,-1,-0.0001356211363734,0.0001356211363734,0.49280385086895545,hold
1116,2024-07-08,-1,-1,0.0046318209860134,-0.0046318209860134,0.4905212716505124,hold
1117,2024-07-09,-1,-1,-0.0044509111977667,0.0044509111977667,0.4927045382712444,hold
1118,2024-07-10,-1,-1,-0.0003494426502141,0.0003494426502141,0.49287671025087043,hold
1119,2024-07-11,-1,-1,0.007657573644356,-0.007657573644356,0.4891024705445365,hold
1120,2024-07-12,-1,-1,0.0034506697076412,-0.0034506697076412,0.48741473946549596,hold
1121,2024-07-15,-1,-1,0.0010697158254551,-0.0010697158254551,0.48689334420512964,hold
1122,2024-07-16,-1,-1,0.0076321297434283,-0.0076321297434283,0.4831773110309444,hold
1123,2024-07-18,-1,-1,-0.0108846762510892,0.0108846762510892,0.48843653963338807,hold
1124,2024-07-19,-1,-1,-0.0008825762723847,0.0008825762723847,0.4888676221338342,hold
1125,2024-07-22,-1,-1,-0.0012321559717249,0.0012321559717249,0.4894699832938294,hold
1126,2024-07-23,-1,-1,-0.0026778318259059,0.0026778318259059,0.4907807015929193,hold
1127,2024-07-24,-1,-1,-0.0003031269840456,0.0003031269840456,0.490929470466821,hold
1128,2024-07-25,-1,-1,0.0175673297602745,-0.0175673297602745,0.4823051505700934,hold
1129,2024-07-26,1,1,5.03324972633834e-05,5.03324972633834e-05,0.4820882736174795,flip
1130,2024-07-29,-1,-1,0.0008536433743,-0.0008536433743,0.4814356980200695,flip
1131,2024-07-30,0,-1,0.0037755350108565,-0.0037755350108565,0.4796180206867186,hold
1132,2024-07-31,-1,-1,0.0023946791656728,-0.0023946791656728,0.47846948940509887,hold
1133,2024-08-01,-1,-1,-0.0117229354919546,0.0117229354919546,0.4840785563642633,hold
1134,2024-08-02,0,-1,-0.0267864578946228,0.0267864578946228,0.49704530623200444,hold
1135,2024-08-05,-1,-1,-0.0026209626510589,0.0026209626510589,0.4983480434155227,hold
1136,2024-08-06,-1,-1,0.0127101624804444,-0.0127101624804444,0.4920139588118998,hold
1137,2024-08-07,-1,-1,-0.007428747813561,0.007428747813561,0.4956690064326652,hold
1138,2024-08-08,-1,-1,0.0103868640378157,-0.0103868640378157,0.4905205598550899,hold
1139,2024-08-09,-1,-1,-0.0008412844977941,0.0008412844977941,0.4909332271979453,hold
1140,2024-08-12,-1,-1,-0.0085431469996303,0.0085431469996303,0.4951273419249002,hold
1141,2024-08-13,-1,-1,0.0001967769998756,-0.0001967769998756,0.4950299122519998,hold
1142,2024-08-14,-1,-1,0.0164597624902924,-0.0164597624902924,0.48688183747074165,hold
1143,2024-08-16,-1,-1,0.0012835584110202,-0.0012835584110202,0.4862568961930831,hold
1144,2024-08-19,-1,-1,0.0051357593399101,-0.0051357593399101,0.4837595977968638,hold
1145,2024-08-20,-1,-1,0.0028887826964991,-0.0028887826964991,0.4823621214414829,hold
1146,2024-08-21,-1,-1,0.0016673576536574,-0.0016673576536574,0.481557851266463,hold
1147,2024-08-22,-1,-1,0.0004695560778267,-0.0004695560778267,0.4813317328505757,hold
1148,2024-08-23,-1,-1,0.007551387144671,-0.007551387144671,0.47769701059080566,hold
1149,2024-08-26,-1,-1,0.000285894410237,-0.000285894410237,0.47756043968569084,hold
1150,2024-08-27,-1,-1,0.0013830024432652,-0.0013830024432652,0.47689997243079874,hold
1151,2024-08-28,-1,-1,0.0039756594063229,-0.0039756594063229,0.4750039805695291,hold
1152,2024-08-29,-1,-1,0.0033377600735777,-0.0033377600735777,0.47341853124839367,hold
1153,2024-08-30,-1,-1,0.0016959501132323,-0.0016959501132323,0.47261563703671666,hold
1154,2024-09-02,-1,-1,4.550829989491412e-05,-4.550829989491412e-05,0.47259412910257137,hold
1155,2024-09-03,-1,-1,-0.0032100820170585,0.0032100820170585,0.47411119501777094,hold
1156,2024-09-04,-1,-1,-0.0021270784221717,0.0021270784221717,0.47511966671040323,hold
1157,2024-09-05,-1,-1,-0.0116503502989019,0.0116503502989019,0.48065497726147693,hold
1158,2024-09-06,-1,-1,0.0033900486950126,-0.0033900486950126,0.4790255334830604,hold
1159,2024-09-09,-1,-1,0.0041986500501236,-0.0041986500501236,0.4770142729028912,hold
1160,2024-09-10,-1,-1,-0.0048979634496194,0.0048979634496194,0.4793506713765163,hold
1161,2024-09-11,-1,-1,0.0188796328272711,-0.0188796328272711,0.4703007067054218,hold
1162,2024-09-12,1,1,-0.0012761636040355,-0.0012761636040355,0.46946537570721947,flip
1163,2024-09-13,-1,-1,0.0010746751326089,-0.0010746751326089,0.4687261202544724,flip
1164,2024-09-16,-1,-1,0.0013709866056039,-0.0013709866056039,0.4680835030219069,hold
1165,2024-09-17,0,-1,-0.0016129951842196,0.0016129951842196,0.46883851945809385,hold
1166,2024-09-18,-1,-1,0.0015072376499098,-0.0015072376499098,0.46813186838983867,hold
1167,2024-09-19,-1,-1,0.0147604413777415,-0.0147604413777415,0.46122203538941786,hold
1168,2024-09-20,1,1,0.0057423850996662,0.0057423850996662,0.46363993891538113,flip
1169,2024-09-23,-1,-1,5.203002169906768e-05,-5.203002169906768e-05,0.4633839957498411,flip
1170,2024-09-24,-1,-1,0.0024575565157058,-0.0024575565157058,0.4622452033918123,hold
1171,2024-09-25,-1,-1,0.008148714241454,-0.008148714241454,0.4584784993198896,hold
1172,2024-09-26,-1,-1,-0.0014152231703233,0.0014152231703233,0.45912734871522215,hold
1173,2024-09-27,-1,-1,-0.0140609008520233,0.0140609008520233,0.46558309284395927,hold
1174,2024-09-30,-1,-1,-0.0005404401234794,0.0005404401234794,0.4658347126281458,hold
1175,2024-10-01,-1,-1,-0.0211963752609873,0.0211963752609873,0.4757087200066062,hold
1176,2024-10-03,-1,-1,-0.0093266958801446,0.0093266958801446,0.48014551056564064,hold
1177,2024-10-04,-1,-1,-0.0087488751686026,0.0087488751686026,0.4843462437003444,hold
1178,2024-10-07,-1,-1,0.0087676473034692,-0.0087676473034692,0.4800996666628196,hold
1179,2024-10-08,-1,-1,-0.0012473907279866,0.0012473907279866,0.4806985385355243,hold
1180,2024-10-09,-1,-1,0.0006604768849507,-0.0006604768849507,0.48038104826219197,hold
1181,2024-10-10,-1,-1,-0.0013680536120755,0.0013680536120755,0.48103823529043965,hold
1182,2024-10-11,-1,-1,0.0065573457544287,-0.0065573457544287,0.47788390126054003,hold
1183,2024-10-14,-1,-1,-0.0028096049048969,0.0028096049048969,0.4792265662134929,hold
1184,2024-10-15,-1,-1,-0.0034340754096676,0.0034340754096676,0.4808722663801861,hold
1185,2024-10-16,-1,-1,-0.0088682273228345,0.0088682273228345,0.4851367509516922,hold
1186,2024-10-17,1,1,0.0042101739412401,0.0042101739412401,0.4869366926830111,flip
1187,2024-10-18,-1,-1,-0.0029351823779982,0.0029351823779982,0.4881224723362335,flip
1188,2024-10-21,-1,-1,-0.0124691803378693,0.0124691803378693,0.49420895947076066,hold
1189,2024-10-22,1,1,-0.0014955647434917,-0.0014955647434917,0.49322273349532314,flip
1190,2024-10-23,-1,-1,-0.0014773427748562,0.0014773427748562,0.49370478117029964,flip
1191,2024-10-24,-1,-1,-0.0089592205494931,0.0089592205494931,0.49812799119114354,hold
1192,2024-10-25,1,1,0.0065485676346082,0.0065485676346082,0.5011409520365547,flip
1193,2024-10-28,-1,-1,0.0052466588480091,-0.0052466588480091,0.4982610659504342,flip
1194,2024-10-29,-1,-1,-0.0051498252538292,0.0051498252538292,0.5008270233708655,hold
1195,2024-10-30,-1,-1,-0.005566773640794,0.005566773640794,0.5036150140431638,hold
1196,2024-10-31,1,1,0.0040900049616161,0.0040900049616161,0.5054229944423232,flip
1197,2024-11-01,-1,-1,-0.0127137736646451,0.0127137736646451,0.5115961165013488,flip
1198,2024-11-04,1,1,0.0090830588186072,0.0090830588186072,0.515987176060651,flip
1199,2024-11-05,-1,-1,0.0111818707596305,-0.0111818707596305,0.5099594805562838,flip
1200,2024-11-06,-1,-1,-0.0116280257061476,0.0116280257061476,0.515889302505286,hold
1201,2024-11-07,-1,-1,-0.0021137093124677,0.0021137093124677,0.5169797425281939,hold
1202,2024-11-08,-1,-1,-0.0002856708874028,0.0002856708874028,0.5171274285900113,hold
1203,2024-11-11,-1,-1,-0.0106809307765333,0.0106809307765333,0.5226508308574278,hold
1204,2024-11-12,-1,-1,-0.0135825623229214,0.0135825623229214,0.5297497683406754,hold
1205,2024-11-13,1,1,-0.0011185324376894,-0.0011185324376894,0.5288923511567576,flip
1206,2024-11-14,-1,-1,-0.0033527151631265,0.0033527151631265,0.5304011303865641,flip
1207,2024-11-18,-1,-1,0.0027585814066317,-0.0027585814066317,0.5289379756902233,hold
1208,2024-11-19,-1,-1,-0.0071688079331164,0.0071688079331164,0.5327298304464779,hold
1209,2024-11-21,1,1,0.0238694641112378,0.0238694641112378,0.5451794411000828,flip
1210,2024-11-22,-1,-1,0.0131612958673623,-0.0131612958673623,0.5377315834544114,flip
1211,2024-11-25,-1,-1,-0.0011312238174179,0.0011312238174179,0.5383398782289929,hold
1212,2024-11-26,-1,-1,0.0033230854378061,-0.0033230854378061,0.5365509288190597,hold
1213,2024-11-27,-1,-1,-0.0148610290544929,0.0148610290544929,0.5445246277614549,hold
1214,2024-11-28,-1,-1,0.0090720019405352,-0.0090720019405352,0.5395846992817338,hold
1215,2024-11-29,-1,-1,0.0060068200049485,-0.0060068200049485,0.5363435111157242,hold
1216,2024-12-02,-1,-1,0.0074600111445999,-0.0074600111445999,0.5323423825454671,hold
1217,2024-12-03,-1,-1,0.0004210968146538,-0.0004210968146538,0.5321182148638719,hold
1218,2024-12-04,-1,-1,0.0098478255628851,-0.0098478255628851,0.5268780075050586,hold
1219,2024-12-05,-1,-1,-0.0012384293961259,0.0012384293961259,0.5275305087177251,hold
1220,2024-12-06,-1,-1,-0.0023827399277279,0.0023827399277279,0.5287874767239414,hold
1221,2024-12-09,-1,-1,-0.00036350862139,0.00036350862139,0.5289796955306136,hold
1222,2024-12-10,-1,-1,0.0012901233029631,-0.0012901233029631,0.5282972464986153,hold
1223,2024-12-11,-1,-1,-0.0037781963796591,0.0037781963796591,0.5302932572427203,hold
1224,2024-12-12,-1,-1,0.0089455478085889,-0.0089455478085889,0.5255494935574831,hold
1225,2024-12-13,-1,-1,-0.0040394689217332,0.0040394689217332,0.5276724344035412,hold
1226,2024-12-16,-1,-1,-0.0134687300477334,0.0134687300477334,0.5347795119761528,hold
1227,2024-12-17,-1,-1,-0.0056356998120069,0.0056356998120069,0.5377933687712619,hold
1228,2024-12-18,-1,-1,-0.010213311567061,0.010213311567061,0.5432860200052222,hold
1229,2024-12-19,-1,-1,-0.0152055691508056,0.0152055691508056,0.5515469931510775,hold
1230,2024-12-20,-1,-1,0.0070354729729729,-0.0070354729729729,0.5476665991874385,hold
1231,2024-12-23,-1,-1,-0.0010861087115143,0.0010861087115143,0.5482614246518215,hold
1232,2024-12-24,-1,-1,0.0009503186263191,-0.0009503186263191,0.5477404016078826,hold
1233,2024-12-26,-1,-1,0.002661079652128,-0.002661079652128,0.5462828207705155,hold
1234,2024-12-27,-1,-1,-0.0070758479358679,0.0070758479358679,0.5501482349402647,hold
1235,2024-12-30,-1,-1,-4.212721278373799e-06,4.212721278373799e-06,0.5501505525614403,hold
1236,2024-12-31,-1,-1,0.0041488871182535,-0.0041488871182535,0.5478680400208181,hold
1237,2025-01-01,-1,-1,0.0187740331916654,-0.0187740331916654,0.5375823472528146,hold
1238,2025-01-02,-1,-1,-0.0076027553276091,0.0076027553276091,0.5416694543074195,hold
1239,2025-01-03,-1,-1,-0.0161925959966257,0.0161925959966257,0.5504404889447322,hold
1240,2025-01-06,-1,-1,0.0038892874268343,-0.0038892874268343,0.5482996676718589,hold
1241,2025-01-07,-1,-1,-0.0007993610384197,0.0007993610384197,0.5487379570635742,hold
1242,2025-01-08,-1,-1,-0.0068575949591475,0.0068575949591475,0.5525009797118262,hold
1243,2025-01-09,1,1,-0.0040379997024632,-0.0040379997024632,0.5499937304302833,flip
1244,2025-01-10,-1,-1,-0.0147472753024774,0.0147472753024774,0.5578296425223601,flip
1245,2025-01-13,-1,-1,0.0039028744993869,-0.0039028744993869,0.5556525034355575,hold
1246,2025-01-14,-1,-1,0.0016028803979861,-0.0016028803979861,0.5547618589297088,hold
1247,2025-01-15,-1,-1,0.0042476507253836,-0.0042476507253836,0.5524054243172108,hold
1248,2025-01-16,-1,-1,-0.0046586517926727,0.0046586517926727,0.5549788888374884,hold
1249,2025-01-17,1,1,0.0061004855371675,0.0061004855371675,0.558087040077856,flip
1250,2025-01-20,-1,-1,-0.0137118456772935,0.0137118456772935,0.5654603999258623,flip
1251,2025-01-21,-1,-1,0.0056764909144164,-0.0056764909144164,0.5622505691032209,hold
1252,2025-01-22,-1,-1,0.0021593282262408,-0.0021593282262408,0.5610364855791364,hold
1253,2025-01-23,-1,-1,-0.0048760476583936,0.0048760476583936,0.5637721262209179,hold
1254,2025-01-24,-1,-1,-0.0113912419355629,0.0113912419355629,0.570194190907227,hold
1255,2025-01-27,1,1,0.0056112298172781,0.0056112298172781,0.5731085844574308,flip
1256,2025-01-28,-1,-1,0.0089666492883511,-0.0089666492883511,0.567683166484229,flip
1257,2025-01-29,-1,-1,0.0037300875997627,-0.0037300875997627,0.5655656585443322,hold
1258,2025-01-30,-1,-1,0.0111357401503258,-0.0111357401503258,0.5592676663328345,hold
1259,2025-01-31,1,1,-0.0011166221250199,-0.0011166221250199,0.5583635418496327,flip
1260,2025-02-01,-1,-1,-0.0051570919766934,0.0051570919766934,0.5609638922204587,flip
1261,2025-02-03,-1,-1,0.0161893068206311,-0.0161893068206311,0.5518822756540063,hold
1262,2025-02-04,1,1,-0.0018092070621439,-0.0018092070621439,0.550607865205594,flip
1263,2025-02-05,-1,-1,-0.0039226026346081,0.0039226026346081,0.5524923771356827,flip
1264,2025-02-06,-1,-1,-0.0018387386257991,0.0018387386257991,0.5535082662099816,hold
1265,2025-02-07,-1,-1,-0.0075700336923079,0.0075700336923079,0.5576983424341622,hold
1266,2025-02-10,-1,-1,-0.0132496849360461,0.0132496849360461,0.56508766976077,hold
1267,2025-02-11,-1,-1,-0.0011507892904301,0.0011507892904301,0.5657379665992848,hold
1268,2025-02-12,-1,-1,-0.0006009745771905,0.0006009745771905,0.5660779607345624,hold
1269,2025-02-13,-1,-1,-0.0044352661537063,0.0044352661537063,0.5685886671541676,hold
1270,2025-02-14,-1,-1,0.0013192755977626,-0.0013192755977626,0.5678385420004267,hold
1271,2025-02-17,-1,-1,-0.0006184463402948,0.0006184463402948,0.5681897196686052,hold
1272,2025-02-18,-1,-1,-0.0005404326900405,0.0005404326900405,0.568496787967259,hold
1273,2025-02-19,-1,-1,-0.0008612081186238,0.0008612081186238,0.568986382016468,hold
1274,2025-02-20,-1,-1,-0.0051171487988824,0.0051171487988824,0.571897969997784,hold
1275,2025-02-21,-1,-1,-0.0106401053300685,0.0106401053300685,0.5779830246366127,hold
1276,2025-02-24,1,1,-0.0002571160481895,-0.0002571160481895,0.5775454244130792,flip
1277,2025-02-25,-1,-1,-0.0001108767876499,0.0001108767876499,0.5773206880822535,flip
1278,2025-02-27,-1,-1,-0.0186449596666951,0.0186449596666951,0.5880848090262958,hold
1279,2025-02-28,1,1,-0.0002440004922383,-0.0002440004922383,0.5876472736389025,flip
1280,2025-03-03,-1,-1,-0.0016569416451024,0.0016569416451024,0.5883271472424062,flip
1281,2025-03-04,-1,-1,0.0115316950692254,-0.0115316950692254,0.5815427379794595,hold
1282,2025-03-05,-1,-1,0.009284847776867,-0.009284847776867,0.5761432021815778,hold
1283,2025-03-06,-1,-1,0.0003460139864501,-0.0003460139864501,0.5759438485754248,hold
1284,2025-03-07,-1,-1,-0.0040882039130917,0.0040882039130917,0.5782984244708919,hold
1285,2025-03-10,-1,-1,0.001674047455606,-0.001674047455606,0.5773303254648254,hold
1286,2025-03-11,-1,-1,-0.0012179087892316,0.0012179087892316,0.578033461142499,hold
1287,2025-03-12,-1,-1,-0.0032620894617386,0.0032620894617386,0.5799190580046242,hold
1288,2025-03-13,-1,-1,0.0049805683362682,-0.0049805683362682,0.5770307315067278,hold
1289,2025-03-17,-1,-1,0.0144632989948354,-0.0144632989948354,0.5686849635077373,hold
1290,2025-03-18,-1,-1,0.0032100316461272,-0.0032100316461272,0.5668594667782008,hold
1291,2025-03-19,-1,-1,0.01235619558909,-0.01235619558909,0.5598552403351621,hold
1292,2025-03-20,-1,-1,0.0068885519512889,-0.0068885519512889,0.555998648426912,hold
1293,2025-03-21,-1,-1,0.0131881772302988,-0.0131881772302988,0.5486660397116514,hold
1294,2025-03-24,-1,-1,0.0004353972876416,-0.0004353972876416,0.5484271520061399,hold
1295,2025-03-25,-1,-1,-0.0076810793285454,0.0076810793285454,0.5526396644666273,hold
1296,2025-03-26,-1,-1,0.0044748278770025,-0.0044748278770025,0.5501666970901347,hold
1297,2025-03-27,-1,-1,-0.0030773044101545,0.0030773044101545,0.5518597274934102,hold
1298,2025-03-28,-1,-1,-0.0150365718652369,0.0150365718652369,0.5601578059453949,hold
1299,2025-04-01,-1,-1,0.0071938424586863,-0.0071938424586863,0.5561281189374203,hold
1300,2025-04-02,-1,-1,-0.0035251486188494,0.0035251486188494,0.5580885532077959,hold
1301,2025-04-03,-1,-1,-0.0148666197750665,0.0148666197750665,0.5663854435291532,hold
1302,2025-04-04,-1,-1,-0.0324325462830553,0.0324325462830553,0.5847547656404612,hold
1303,2025-04-07,-1,-1,0.0168873189028142,-0.0168873189028142,0.5748798254331504,hold
1304,2025-04-08,-1,-1,-0.0060658560080705,0.0060658560080705,0.5783669636761726,hold
1305,2025-04-09,1,1,0.0191703874091904,0.0191703874091904,0.5891652989526839,flip
1306,2025-04-11,-1,-1,0.0219023977821084,-0.0219023977821084,0.5759665835661311,flip
1307,2025-04-15,1,1,0.004657316201027,0.004657316201027,0.5783610587752408,flip
1308,2025-04-16,-1,-1,0.0176834769379541,-0.0176834769379541,0.5678444438011905,flip
1309,2025-04-17,-1,-1,0.0114834984640164,-0.0114834984640164,0.5613236030029992,hold
1310,2025-04-21,-1,-1,0.0017284255654137,-0.0017284255654137,0.5603533969370986,hold
1311,2025-04-22,-1,-1,0.0066908406521222,-0.0066908406521222,0.5566041616493171,hold
1312,2025-04-23,-1,-1,-0.0033807460922566,0.0033807460922566,0.5584858989937468,hold
1313,2025-04-24,-1,-1,-0.0085516633626838,0.0085516633626838,0.5632618823947472,hold
1314,2025-04-25,-1,-1,0.0120282118827472,-0.0120282118827472,0.5564868491278281,hold
1315,2025-04-28,-1,-1,0.0003061930965739,-0.0003061930965739,0.556316456696291,hold
1316,2025-04-29,-1,-1,-7.191007773188485e-05,7.191007773188485e-05,0.5563564614559356,hold
1317,2025-04-30,-1,-1,0.0005136803511647,-0.0005136803511647,0.5560706720734422,hold
1318,2025-05-02,-1,-1,0.0047008906976129,-0.0047008906976129,0.5534566446238768,hold
1319,2025-05-05,-1,-1,-0.0033338898599493,0.0033338898599493,0.5553018081193098,hold
1320,2025-05-06,-1,-1,0.0014274549954715,-0.0014274549954715,0.5545091397793156,hold
1321,2025-05-07,-1,-1,-0.0057588802970967,0.0057588802970967,0.5577024915389507,hold
1322,2025-05-08,-1,-1,-0.0109501096942064,0.0109501096942064,0.5638093949980344,hold
1323,2025-05-09,-1,-1,0.0381830730902199,-0.0381830730902199,0.5422814196598718,hold
1324,2025-05-12,-1,-1,-0.0138958390765435,0.0138958390765435,0.5498168750016649,hold
1325,2025-05-13,-1,-1,0.0036027960647213,-0.0036027960647213,0.5478359969280916,hold
1326,2025-05-14,-1,-1,0.0160214381414618,-0.0160214381414618,0.5390588763916421,hold
1327,2025-05-15,-1,-1,-0.0016877607536591,0.0016877607536591,0.5399686788071275,hold
1328,2025-05-16,-1,-1,-0.0029717088137536,0.0029717088137536,0.5415733084890895,hold
1329,2025-05-19,-1,-1,-0.0104848313546668,0.0104848313546668,0.5472516132947866,hold
1330,2025-05-20,-1,-1,0.0052483127088862,-0.0052483127088862,0.5443794656977731,hold
1331,2025-05-21,-1,-1,-0.0082112727740422,0.0082112727740422,0.5488495139832048,hold
1332,2025-05-22,-1,-1,0.0098924887180058,-0.0098924887180058,0.5434200263582429,hold
1333,2025-05-23,-1,-1,0.0059549794562796,-0.0059549794562796,0.5401839712651486,hold
1334,2025-05-26,-1,-1,-0.0069977248703164,0.0069977248703164,0.543964030075417,hold
1335,2025-05-27,-1,-1,-0.0029706520659956,0.0029706520659956,0.5455799579451879,hold
1336,2025-05-28,-1,-1,0.0032784792287758,-0.0032784792287758,0.5437912853854282,hold
1337,2025-05-29,-1,-1,-0.0033382349691143,0.0033382349691143,0.5456065884702014,hold
1338,2025-05-30,-1,-1,-0.0013777230725331,0.0013777230725331,0.5463582832556628,hold
1339,2025-06-02,-1,-1,-0.0070438333802584,0.0070438333802584,0.5502067399688397,hold
1340,2025-06-03,-1,-1,0.0031659048079861,-0.0031659048079861,0.548464837805386,hold
1341,2025-06-04,-1,-1,0.0053086967621067,-0.0053086967621067,0.5455532042967992,hold
1342,2025-06-05,-1,-1,0.0101875239545026,-0.0101875239545026,0.5399953679595699,hold
1343,2025-06-06,1,1,0.0040054487100871,0.0040054487100871,0.5418882940256369,flip
1344,2025-06-09,1,1,4.18584595869298e-05,4.18584595869298e-05,0.541910976634893,hold
1345,2025-06-10,-1,-1,0.0014798446727146,-0.0014798446727146,0.5408380770747169,flip
1346,2025-06-11,0,-1,-0.0100710846627866,0.0100710846627866,0.546284903137795,hold
1347,2025-06-12,-1,-1,-0.0068144588479197,0.0068144588479197,0.5500075391294673,hold
1348,2025-06-13,0,-1,0.0092197937677085,-0.0092197937677085,0.5449365830480087,hold
1349,2025-06-16,-1,-1,-0.0037319707924959,0.0037319707924959,0.5469702704597064,hold
1350,2025-06-17,-1,-1,-0.0016637405234334,0.0016637405234334,0.5478802870637836,hold
1351,2025-06-18,-1,-1,-0.0007577278241026,0.0007577278241026,0.5482954312015691,hold
1352,2025-06-19,-1,-1,0.0128724709598377,-0.0128724709598377,0.5412375141860152,hold
1353,2025-06-20,0,-1,-0.0055948454872697,0.0055948454872697,0.5442656544497998,hold
1354,2025-06-23,-1,-1,0.0029012296868362,-0.0029012296868362,0.5426866147755848,hold
1355,2025-06-24,-1,-1,0.0080018205204253,-0.0080018205204253,0.5383441338853133,hold
1356,2025-06-25,0,-1,0.0120520108141297,-0.0120520108141297,0.5318560045620042,hold
1357,2025-06-26,-1,-1,0.003475704773181,-0.003475704773181,0.5300074301083031,hold
1358,2025-06-27,-1,-1,-0.0047098423546652,0.0047098423546652,0.5325036815509144,hold
1359,2025-06-30,-1,-1,0.0009699396772837,-0.0009699396772837,0.5319871851018786,hold
1360,2025-07-01,-1,-1,-0.0034610085397696,0.0034610085397696,0.5338283972925641,hold
1361,2025-07-02,-1,-1,-0.0018897125192245,0.0018897125192245,0.5348371794980454,hold
1362,2025-07-03,-1,-1,0.0021924250859925,-0.0021924250859925,0.5336645890487924,hold
1363,2025-07-04,-1,-1,1.1813410706551508e-05,-1.1813410706551508e-05,0.5336582846498225,hold
1364,2025-07-07,-1,-1,0.0024036171315751,-0.0024036171315751,0.5323755744544312,hold
1365,2025-07-08,-1,-1,-0.0018180190273288,0.0018180190273288,0.5333434433784744,hold
1366,2025-07-09,-1,-1,-0.004743646446198,0.004743646446198,0.5358734361082598,hold
1367,2025-07-10,-1,-1,-0.008100901810276,0.008100901810276,0.540214494196908,hold
1368,2025-07-11,-1,-1,-0.0026858541571485,0.0026858541571485,0.5416654315418986,hold
1369,2025-07-14,-1,-1,0.0045251032187942,-0.0045251032187942,0.5392143395541188,hold
1370,2025-07-15,-1,-1,0.0006449487413033,-0.0006449487413033,0.5388665739445306,hold
1371,2025-07-16,-1,-1,-0.0039902173517283,0.0039902173517283,0.5410167686981505,hold
1372,2025-07-17,-1,-1,-0.0056965580472427,0.0056965580472427,0.5440987021255712,hold
1373,2025-07-18,-1,-1,0.0048981443028652,-0.0048981443028652,0.5414336281675585,hold
1374,2025-07-21,-1,-1,-0.0011876443882732,0.0011876443882732,0.5420766587776741,hold
1375,2025-07-22,-1,-1,0.0063445445902445,-0.0063445445902445,0.5386374292447283,hold
1376,2025-07-23,-1,-1,-0.006256994627491,0.006256994627491,0.5420076807456782,hold
1377,2025-07-24,-1,-1,-0.0089816740370306,0.0089816740370306,0.5468758170597028,hold
1378,2025-07-25,-1,-1,-0.0062849623293875,0.0062849623293875,0.550312910968776,hold
1379,2025-07-28,-1,-1,0.0056804742343701,-0.0056804742343701,0.5471868726571767,hold
1380,2025-07-29,-1,-1,0.0013678351245234,-0.0013678351245234,0.5464384112330781,hold
1381,2025-07-30,-1,-1,-0.0034882717656889,0.0034882717656889,0.5483445369146704,hold
1382,2025-07-31,-1,-1,-0.0081959437427822,0.0081959437427822,0.552838737890885,hold
1383,2025-08-01,1,1,0.0064074150430544,0.0064074150430544,0.5561045857674849,flip
1384,2025-08-04,-1,-1,-0.0029608040671041,0.0029608040671041,0.5574730501938768,flip
1385,2025-08-05,-1,-1,-0.0030569142281212,0.0030569142281212,0.5591771974928086,hold
1386,2025-08-06,-1,-1,0.0008932609229541,-0.0008932609229541,0.5586777063532813,hold
1387,2025-08-07,-1,-1,-0.0094669127354072,0.0094669127354072,0.5639666594465452,hold
1388,2025-08-08,-1,-1,0.0091018044718578,-0.0091018044718578,0.5588335451836159,hold
1389,2025-08-11,-1,-1,-0.0039719417907191,0.0039719417907191,0.5610531994957865,hold
1390,2025-08-12,-1,-1,0.0053884535167121,-0.0053884535167121,0.5580299904099008,hold
1391,2025-08-13,-1,-1,0.000485438164071,-0.000485438164071,0.5577591013558596,hold
1392,2025-08-14,-1,-1,0.0099730192766349,-0.0099730192766349,0.552196559086319,hold
1393,2025-08-18,1,1,0.0041685646806257,0.0041685646806257,0.5542223278797462,flip
1394,2025-08-19,1,1,0.0027981813736617,0.0027981813736617,0.5557731424744868,hold
1395,2025-08-20,-1,-1,0.0013252889742787,-0.0013252889742787,0.5547586958853279,flip
1396,2025-08-21,0,-1,-0.0085174820600987,0.0085174820600987,0.5594838431252148,hold
1397,2025-08-22,-1,-1,0.0039264173509054,-0.0039264173509054,0.5572870760560168,hold
1398,2025-08-25,-1,-1,-0.0102411798720348,0.0102411798720348,0.5629943532422668,hold
1399,2025-08-26,0,-1,-0.0085444301039235,0.0085444301039235,0.567804819142449,hold
1400,2025-08-28,0,-1,-0.0030223697933294,0.0030223697933294,0.569520935276332,hold
1401,2025-08-29,-1,-1,0.0081140701746054,-0.0081140701746054,0.5648998024415929,hold
1402,2025-09-01,-1,-1,-0.0018457290617897,0.0018457290617897,0.5659424544239586,hold
1403,2025-09-02,-1,-1,0.005510715147017,-0.005510715147017,0.5628237067680246,hold
1404,2025-09-03,-1,-1,0.0007788776228048,-0.0007788776228048,0.5623853359772389,hold
1405,2025-09-04,-1,-1,0.0002708473067116,-0.0002708473067116,0.5622330154236554,hold
1406,2025-09-05,-1,-1,0.0012994782193525,-0.0012994782193525,0.5615024058659115,hold
1407,2025-09-08,-1,-1,0.0038529301782352,-0.0038529301782352,0.5593389763011991,hold
1408,2025-09-09,0,-1,0.0042020862308871,-0.0042020862308871,0.5569885856904854,hold
1409,2025-09-10,0,-1,0.0012974116602184,-0.0012974116602184,0.556265942204802,hold
1410,2025-09-11,0,-1,0.0043390454100098,-0.0043390454100098,0.5538522790215334,hold
1411,2025-09-12,0,-1,-0.0017838966811339,0.0017838966811339,0.5548402942639183,hold
1412,2025-09-15,-1,-1,0.0067772563910986,-0.0067772563910986,0.5510799993335792,hold
1413,2025-09-16,0,-1,0.0036114755294653,-0.0036114755294653,0.5490897874012083,hold
1414,2025-09-17,-1,-1,0.0036853015416349,-0.0036853015416349,0.5470662259612026,hold
1415,2025-09-18,-1,-1,-0.0037976065391384,0.0037976065391384,0.5491437682382545,hold
1416,2025-09-19,-1,-1,-0.0049236357186648,0.0049236357186648,0.5518475521102346,hold
1417,2025-09-22,-1,-1,-0.001303434397354,0.001303434397354,0.5525668491917507,hold
1418,2025-09-23,-1,-1,-0.0044736530076083,0.0044736530076083,0.5550388415385421,hold
1419,2025-09-24,-1,-1,-0.0066269482123226,0.0066269482123226,0.5587170551972456,hold
1420,2025-09-25,-1,-1,-0.0094874379272315,0.0094874379272315,0.564017848577315,hold
1421,2025-09-26,0,-1,-0.0008030448049409,0.0008030448049409,0.564470780180509,hold
1422,2025-09-29,-1,-1,-0.0009661407544825,0.0009661407544825,0.565016138405956,hold
1423,2025-09-30,-1,-1,0.0091503904924759,-0.0091503904924759,0.5598460201049907,hold
1424,2025-10-01,-1,-1,0.0023332467769816,-0.0023332467769816,0.5585397611829748,hold
1425,2025-10-03,-1,-1,0.0073671787912872,-0.0073671787912872,0.5544248989002969,hold
1426,2025-10-06,-1,-1,0.0012222193924698,-0.0012222193924698,0.5537472700371928,hold
1427,2025-10-07,-1,-1,-0.0024752925801897,0.0024752925801897,0.5551179565460161,hold
1428,2025-10-08,-1,-1,0.0054160175719368,-0.0054160175719368,0.5521114279388653,hold
1429,2025-10-09,1,1,0.004112050167679,0.004112050167679,0.5541056821147293,flip
1430,2025-10-10,-1,-1,-0.0022938183927065,0.0022938183927065,0.55509964707881,flip
1431,2025-10-13,-1,-1,-0.0032444791324643,0.0032444791324643,0.5569006563001956,hold
1432,2025-10-14,-1,-1,0.0070808208725219,-0.0070808208725219,0.552957342509144,hold
1433,2025-10-15,-1,-1,0.0103362282114798,-0.0103362282114798,0.547241849225756,hold
1434,2025-10-16,1,1,0.0048679837376106,0.0048679837376106,0.5496321927237141,flip
1435,2025-10-17,-1,-1,0.0051848137299641,-0.0051848137299641,0.5465076360880881,flip
1436,2025-10-20,-1,-1,0.0009847568259027,-0.0009847568259027,0.5459694589630424,hold
1437,2025-10-21,-1,-1,0.0008814076368377,-0.0008814076368377,0.5454882373124322,hold
1438,2025-10-23,-1,-1,-0.0037174505259611,0.0037174505259611,0.5475160628471349,hold
1439,2025-10-24,-1,-1,0.0066252915000297,-0.0066252915000297,0.5438886093298241,hold
1440,2025-10-27,-1,-1,-0.001149638146805,0.001149638146805,0.5445138844227224,hold
1441,2025-10-28,-1,-1,0.0045381040946781,-0.0045381040946781,0.5420428237342145,hold
1442,2025-10-29,-1,-1,-0.00675717564781,0.00675717564781,0.5457055023028216,hold
1443,2025-10-30,-1,-1,-0.0060186608373972,0.0060186608373972,0.5489899186382836,hold
1444,2025-10-31,-1,-1,0.0016036793506921,-0.0016036793506921,0.5481095148420253,hold
1445,2025-11-03,-1,-1,-0.0064315867797603,0.0064315867797603,0.5516347287515441,hold
1446,2025-11-04,-1,-1,-0.0034359080045569,0.0034359080045569,0.5535300949316531,hold
1447,2025-11-06,-1,-1,-0.0006820322478444,0.0006820322478444,0.5539076203065488,hold
1448,2025-11-07,-1,-1,0.0032185728871263,-0.0032185728871263,0.5521248282578575,hold
1449,2025-11-10,-1,-1,0.0047156471705849,-0.0047156471705849,0.5495212023736736,hold
1450,2025-11-11,-1,-1,0.0070384090258497,-0.0070384090258497,0.5456534473829909,hold
1451,2025-11-12,1,1,0.0001294494962036,0.0001294494962036,0.545451255223165,flip
1452,2025-11-13,-1,-1,0.0011940264714482,-0.0011940264714482,0.5445272463579323,flip
1453,2025-11-14,0,-1,0.0039906690408659,-0.0039906690408659,0.5423542183339837,hold
1454,2025-11-17,0,-1,-0.0039748069020186,0.0039748069020186,0.5445099716243565,hold
1455,2025-11-18,-1,-1,0.0055036406751542,-0.0055036406751542,0.5415131843964976,hold
1456,2025-11-19,0,-1,0.0053545415882216,-0.0053545415882216,0.5386136295300763,hold
1457,2025-11-20,0,-1,-0.0047342428227803,0.0047342428227803,0.5411635572399307,hold
1458,2025-11-21,-1,-1,-0.004167936312968,0.004167936312968,0.543419092481406,hold
1459,2025-11-24,-1,-1,-0.002877529180069,0.002877529180069,0.5449827967770278,hold
1460,2025-11-25,-1,-1,0.0123817835303625,-0.0123817835303625,0.5382349377595631,hold
1461,2025-11-26,0,-1,0.0003911422381892,-0.0003911422381892,0.5380244113413363,hold
1462,2025-11-27,-1,-1,-0.0004806903583736,0.0004806903583736,0.5382830344884377,hold
1463,2025-11-28,-1,-1,-0.0010380212747401,0.0010380212747401,0.5388417837300684,hold
1464,2025-12-01,-1,-1,-0.0054841133969418,0.0054841133969418,0.5417968531750545,hold
1465,2025-12-02,-1,-1,-0.0017746951904364,0.0017746951904364,0.542758377444578,hold
1466,2025-12-03,-1,-1,0.0018375278996383,-0.0018375278996383,0.5417610437832612,hold
1467,2025-12-04,-1,-1,0.0058654330916598,-0.0058654330916598,0.5385833806292827,hold
1468,2025-12-05,-1,-1,-0.0086265394598917,0.0086265394598917,0.5432294914147231,hold
1469,2025-12-08,0,-1,-0.0046570811090926,0.0046570811090926,0.5457593552170926,hold
1470,2025-12-09,-1,-1,-0.0031598875909956,0.0031598875909956,0.5474838934313129,hold
1471,2025-12-10,-1,-1,0.0054565875164998,-0.0054565875164998,0.5444964996529309,hold
1472,2025-12-11,1,1,0.0057299900196514,0.0057299900196514,0.5473442109118509,flip
1473,2025-12-12,1,1,-0.0007543469807149,-0.0007543469807149,0.5469313234589378,hold
1474,2025-12-15,-1,-1,-0.0064240688375742,0.0064240688375742,0.5501713822685342,flip
1475,2025-12-16,-1,-1,-0.0016066770334456,0.0016066770334456,0.5510553299928841,hold
1476,2025-12-17,-1,-1,-0.0001161955225689,0.0001161955225689,0.5511193601549169,hold
1477,2025-12-18,-1,-1,0.0058433620360547,-0.0058433620360547,0.5478989702084529,hold
1478,2025-12-19,1,1,0.0079333291061156,0.0079333291061156,0.5519716835709142,flip
1479,2025-12-22,0,1,0.0001814888939914,0.0001814888939914,0.5520718603012801,hold
1480,2025-12-23,1,1,-0.0013389838361685,-0.0013389838361685,0.5513326450039332,hold
1481,2025-12-24,-1,-1,-0.003817552133005,0.003817552133005,0.5531617197963613,flip
1482,2025-12-26,-1,-1,-0.0038476313101776,0.0038476313101776,0.5552900821490415,hold
1483,2025-12-29,-1,-1,-0.0001252789885528,0.0001252789885528,0.5553596483288866,hold
1484,2025-12-30,-1,-1,0.007353834224439,-0.007353834224439,0.5512756255401332,hold
1485,2025-12-31,0,-1,0.0006487344669803,-0.0006487344669803,0.5509179940410391,hold
1486,2026-01-01,-1,-1,0.0069607651702385,-0.0069607651702385,0.5470831832564607,hold
1487,2026-01-02,0,-1,-0.002972058760474,0.002972058760474,0.5487091466239661,hold
1488,2026-01-05,-1,-1,-0.0027276473171363,0.0027276473171363,0.5502058316556431,hold
