idx,date,signal,position,return,pnl,equity,action
0,2020-01-01,-1,-1,0.0081838863379848,-0.0081838863379848,0.9913161136620152,enter
1,2020-01-02,0,-1,-0.0045227893866035,0.0045227893866035,0.9957996276596549,hold
2,2020-01-03,-1,-1,-0.0191058530729412,0.0191058530729412,1.0148252290358097,hold
3,2020-01-06,0,-1,0.0049945920012428,-0.0049945920012428,1.0097565910642081,hold
4,2020-01-07,0,-1,-0.0022899444111396,0.0022899444111396,1.012068877526527,hold
5,2020-01-08,-1,-1,0.0158457581226116,-0.0158457581226116,0.9960318788898186,hold
6,2020-01-09,1,1,0.0033480474426501,0.0033480474426501,0.998370608995844,flip
7,2020-01-10,1,1,0.0059354808073293,0.0059354808073293,1.0042964185841405,hold
8,2020-01-13,1,1,0.0026562202609821,0.0026562202609821,1.0069640510792155,hold
9,2020-01-14,0,1,-0.0015369308543056,-0.0015369308543056,1.0054164169599353,hold
10,2020-01-15,0,1,0.0009884063018437,0.0009884063018437,1.0064101768824356,hold
11,2020-01-16,-1,-1,-0.0002549788049855,0.0002549788049855,1.0056603799697799,flip
12,2020-01-17,-1,-1,-0.0103461939411514,0.0103461939411514,1.0160651372998792,hold
13,2020-01-20,0,-1,-0.0044746183856623,0.0044746183856623,1.0206116410442718,hold
14,2020-01-21,0,-1,-0.0051725551893021,0.0051725551893021,1.0258908110844174,hold
15,2020-01-22,0,-1,0.0060667236352978,-0.0060667236352978,1.0196670150535767,hold
16,2020-01-23,1,1,0.0055745847042631,0.0055745847042631,1.0243315681840826,flip
17,2020-01-24,0,1,-0.0105525279121506,-0.0105525279121506,1.013522280719523,hold
18,2020-01-27,0,1,-0.0052149678449129,-0.0052149678449129,1.0082367946154678,hold
19,2020-01-28,0,1,0.0061132563999481,0.0061132563999481,1.0144004046528141,hold
20,2020-01-29,1,1,-0.007724984155365,-0.007724984155365,1.0065641775996752,hold
21,2020-01-30,0,1,-0.0061234148547233,-0.0061234148547233,1.0004005675623289,hold
22,2020-01-31,1,1,-0.0212503847193161,-0.0212503847193161,0.9791416706282072,hold
23,2020-02-03,0,1,0.0232108226866707,0.0232108226866707,1.001868354330289,hold
24,2020-02-04,1,1,0.0091405004678344,0.0091405004678344,1.0110259324917537,hold
25,2020-02-05,1,1,0.0040366612301674,0.0040366612301674,1.015107101676137,hold
26,2020-02-06,1,1,-0.0032625431230384,-0.0032625431230384,1.011795270982416,hold
27,2020-02-07,-1,-1,-0.0055255147630383,0.0055255147630383,1.0163741654184193,flip
28,2020-02-10,1,1,0.0063500303889789,0.0063500303889789,1.021811798089981,flip
29,2020-02-11,1,1,0.0077056964194832,0.0077056964194832,1.0296855696039087,hold
30,2020-02-12,0,1,-0.0021759994314084,-0.0021759994314084,1.027444974389921,hold
31,2020-02-13,-1,-1,-0.0050268544351488,0.0050268544351488,1.0315823457419144,flip
32,2020-02-14,0,-1,-0.0055847334602637,0.0055847334602637,1.0373434581851966,hold
33,2020-02-17,-1,-1,-0.0044247626186481,0.0044247626186481,1.0419334567416734,hold
34,2020-02-18,1,1,0.011123651500938,0.011123651500938,1.0524816279448939,flip
35,2020-02-19,0,1,-0.0037152524595064,-0.0037152524595064,1.0485713929880862,hold
36,2020-02-20,-1,-1,-0.0208138687990014,0.0208138687990014,1.0693476489951383,flip
37,2020-02-24,0,-1,-0.0026628568617023,0.0026628568617023,1.0721951687198101,hold
38,2020-02-25,0,-1,-0.0101204779385897,0.0101204779385897,1.0830462962707015,hold
39,2020-02-26,0,-1,-0.0038703767874727,0.0038703767874727,1.0872380935155457,hold
40,2020-02-27,1,1,-0.0370960786649383,-0.0370960786649383,1.0458185855774598,flip
41,2020-02-28,-1,-1,-0.0061597518244916,0.0061597518244916,1.0512147499324804,flip
42,2020-03-02,1,1,0.0153196474085468,0.0153196474085468,1.0662677745021774,flip
43,2020-03-03,-1,-1,-0.0046269501465237,0.0046269501465237,1.0701350745631417,flip
44,2020-03-04,1,1,0.0015998577904186,0.0015998577904186,1.0707770034244188,flip
45,2020-03-05,-1,-1,-0.0248069753028219,0.0248069753028219,1.0962689650997737,flip
46,2020-03-06,1,1,-0.0489560433359516,-0.0489560433359516,1.0415037051713905,flip
47,2020-03-09,1,1,0.0006649981756232,0.0006649981756232,1.0421963032352344,hold
48,2020-03-11,1,1,-0.0830193880106471,-0.0830193880106471,0.9556738039536864,hold
49,2020-03-12,1,1,0.0380650761268936,0.0380650761268936,0.9920516000536616,hold
50,2020-03-13,1,1,-0.0761210010667908,-0.0761210010667908,0.9165356391476653,hold
51,2020-03-16,1,1,-0.0250451840905282,-0.0250451840905282,0.8935808353396821,hold
52,2020-03-17,1,1,-0.055564540272715,-0.055564540272715,0.843929427027524,hold
53,2020-03-18,1,1,-0.0242477817531284,-0.0242477817531284,0.8234660104659179,hold
54,2020-03-19,1,1,0.0583291468584656,0.0583291468584656,0.8714980803233393,hold
55,2020-03-20,1,1,-0.1298046607047124,-0.1298046607047124,0.75837356770216,hold
56,2020-03-23,1,1,0.0250714240251634,0.0250714240251634,0.7773870729874969,hold
57,2020-03-24,1,1,0.0662474689466749,0.0662474689466749,0.8288869989647827,hold
58,2020-03-25,1,1,0.0389043564303894,0.0389043564303894,0.8611343142130244,hold
59,2020-03-26,1,1,0.0021755381634551,0.0021755381634551,0.8630077447774557,hold
60,2020-03-27,1,1,-0.0437805364308189,-0.0437805364308189,0.8252248027671474,hold
61,2020-03-30,1,1,0.0382377227133605,0.0382377227133605,0.8567795199515452,hold
62,2020-03-31,1,1,-0.0400046750966822,-0.0400046750966822,0.8225043336263923,hold
63,2020-04-01,1,1,-0.0205965741867707,-0.0205965741867707,0.8055635620999159,hold
64,2020-04-03,1,1,0.0876321046711503,0.0876321046711503,0.8761567924931204,hold
65,2020-04-07,1,1,-0.0049419024075071,-0.0049419024075071,0.8718269111309449,hold
66,2020-04-08,1,1,0.0415088316188025,0.0415088316188025,0.9080154275858201,hold
67,2020-04-09,1,1,-0.0129556707370791,-0.0129556707370791,0.8962514786818301,hold
68,2020-04-13,1,1,-0.0076218535626885,-0.0076218535626885,0.8894203811559741,hold
69,2020-04-15,-1,-1,0.0075627711647903,-0.0075627711647903,0.8818044779628349,flip
70,2020-04-16,-1,-1,0.0304632818768748,-0.0304632818768748,0.8549418195903626,hold
71,2020-04-17,0,-1,-0.0005288143766692,0.0005288143766692,0.8553939251157778,hold
72,2020-04-20,-1,-1,-0.0302746671440956,0.0302746671440956,0.8812906914757395,hold
73,2020-04-21,-1,-1,0.0229194177887257,-0.0229194177887257,0.861092021924492,hold
74,2020-04-22,-1,-1,0.0137799558770148,-0.0137799558770148,0.8492262118563231,hold
75,2020-04-23,-1,-1,-0.0171249415723349,0.0171249415723349,0.863769161116058,hold
76,2020-04-24,-1,-1,0.0139713589754586,-0.0139713589754586,0.8517011320941748,hold
77,2020-04-27,1,1,0.0106224306488902,0.0106224306488902,0.8598965671713323,flip
78,2020-04-28,-1,-1,0.0183830135241964,-0.0183830135241964,0.8432291803804404,flip
79,2020-04-29,-1,-1,0.032088303452139,-0.032088303452139,0.8161713865606943,hold
80,2020-04-30,-1,-1,-0.057444839013135,0.057444839013135,0.8630562204688006,hold
81,2020-05-04,-1,-1,-0.0094582655216011,0.0094582655216011,0.871219235362064,hold
82,2020-05-05,-1,-1,0.0070935934671216,-0.0070935934671216,0.8650391602856691,hold
83,2020-05-06,-1,-1,-0.0077501195040513,0.0077501195040513,0.8717433171535671,hold
84,2020-05-07,1,1,0.0057016970693835,0.0057016970693835,0.8758419901530828,flip
85,2020-05-08,1,1,-0.0013294930214019,-0.0013294930214019,0.8746775643393235,hold
86,2020-05-11,1,1,-0.0046162427183511,-0.0046162427183511,0.870639840402037,hold
87,2020-05-12,1,1,0.0203337125303977,0.0203337125303977,0.8883431806342834,hold
88,2020-05-13,1,1,-0.0256619093732747,-0.0256619093732747,0.8655465984404798,hold
89,2020-05-14,1,1,-0.0006453627874545,-0.0006453627874545,0.8649880068750384,hold
90,2020-05-15,1,1,-0.0343225097032598,-0.0343225097032598,0.8352994476158666,hold
91,2020-05-18,1,1,0.0063298228402233,0.0063298228402233,0.8405867451378114,hold
92,2020-05-19,1,1,0.021111396826158,0.021111396826158,0.8583327054812243,hold
93,2020-05-20,1,1,0.0043787544510012,0.0043787544510012,0.8620911336357902,hold
94,2020-05-21,1,1,-0.0073575840768702,-0.0073575840768702,0.8557482256381406,hold
95,2020-05-22,1,1,-0.0011284338094974,-0.0011284338094974,0.8547825704079131,hold
96,2020-05-26,1,1,0.0316645047717616,0.0316645047717616,0.8818488371874131,hold
97,2020-05-27,0,1,0.0188030435364687,0.0188030435364687,0.8984302792656325,hold
98,2020-05-28,0,1,0.0095046626511057,0.0095046626511057,0.906969555985591,hold
99,2020-05-29,0,1,0.0256620973194605,0.0256620973194605,0.9302442969970812,hold
100,2020-06-01,0,1,0.0155655279707429,0.0155655279707429,0.9447240406216134,hold
101,2020-06-02,-1,-1,0.0082622880359908,-0.0082622880359908,0.9359737344428509,flip
102,2020-06-03,-1,-1,-0.0032251686810099,0.0032251686810099,0.9389924076174239,hold
103,2020-06-04,-1,-1,0.0112722762414605,-0.0112722762414605,0.9284078258101262,hold
104,2020-06-05,-1,-1,0.0024945207587225,-0.0024945207587225,0.9260918932160824,hold
105,2020-06-08,-1,-1,-0.0118810323499978,0.0118810323499978,0.9370948209584534,hold
106,2020-06-09,-1,-1,0.0069177285262014,-0.0069177285262014,0.9306122533837535,hold
107,2020-06-10,1,1,-0.021169158460066,-0.021169158460066,0.9099813628736101,flip
108,2020-06-11,-1,-1,0.0071602091117954,-0.0071602091117954,0.9025557246647249,flip
109,2020-06-12,-1,-1,-0.0159632793948444,0.0159632793948444,0.9169634738669641,hold
110,2020-06-15,-1,-1,0.010220386061458,-0.010220386061458,0.907591753159788,hold
111,2020-06-16,-1,-1,-0.0033134566648174,0.0033134566648174,0.9105990191032286,hold
112,2020-06-17,1,1,0.0213031875518985,0.0213031875518985,0.9290870817726564,flip
113,2020-06-18,-1,-1,0.0151362754442923,-0.0151362754442923,0.9140950767094391,flip
114,2020-06-19,-1,-1,0.0065206163504338,-0.0065206163504338,0.9081346134063966,hold
115,2020-06-22,-1,-1,0.0154976919912916,-0.0154976919912916,0.8940606228811936,hold
116,2020-06-23,-1,-1,-0.0158246772335498,0.0158246772335498,0.9082088436655149,hold
117,2020-06-24,1,1,-0.0015913572989929,-0.0015913572989929,0.9058553500494724,flip
118,2020-06-25,1,1,0.0091457401473864,0.0091457401473864,0.9141400676921446,hold
119,2020-06-26,0,1,-0.0067995386087835,-0.0067995386087835,0.907924337008036,hold
120,2020-06-29,1,1,-0.0009988732845714,-0.0009988732845714,0.9070174356433864,hold
121,2020-06-30,1,1,0.0124198173347171,0.0124198173347171,0.9182824265134809,hold
122,2020-07-01,0,1,0.0116634525148986,0.0116634525148986,0.9289927699903868,hold
123,2020-07-02,0,1,0.0052739760448483,0.0052739760448483,0.9338922556051534,hold
124,2020-07-03,0,1,0.014735139974255,0.014735139974255,0.9476532887123681,hold
125,2020-07-06,1,1,0.0033445902359812,0.0033445902359812,0.950822800648891,hold
126,2020-07-07,-1,-1,-0.008694762073642,0.008694762073642,0.9581391558740783,flip
127,2020-07-08,-1,-1,0.0100600327219018,-0.0100600327219018,0.9485002446138496,hold
128,2020-07-09,-1,-1,-0.0041985110954393,0.0041985110954393,0.9524825334148876,hold
129,2020-07-10,-1,-1,0.0032178891492418,-0.0032178891492418,0.9494175502057696,hold
130,2020-07-13,-1,-1,-0.0180834960154004,0.0180834960154004,0.9665863386918668,hold
131,2020-07-14,1,1,0.0010229309240368,0.0010229309240368,0.9666085034097746,flip
132,2020-07-15,1,1,0.0114661616621005,0.0114661616621005,0.9776917927738321,hold
133,2020-07-16,1,1,0.0150605912558696,0.0150605912558696,0.9924164092390172,hold
134,2020-07-17,0,1,0.0110533217609316,0.0110533217609316,1.0033859071311644,hold
135,2020-07-20,0,1,0.0127061568657644,0.0127061568657644,1.0161350858640703,hold
136,2020-07-21,1,1,-0.0026563094918139,-0.0026563094918139,1.0134359165905245,hold
137,2020-07-22,1,1,0.0074421598588463,0.0074421598588463,1.0209780686884875,hold
138,2020-07-23,1,1,-0.0018991484351116,-0.0018991484351116,1.0190390797870545,hold
139,2020-07-24,-1,-1,-0.0055699256988469,0.0055699256988469,1.0236960126659027,flip
140,2020-07-27,1,1,0.0151592736988444,0.0151592736988444,1.038190804693655,flip
141,2020-07-28,1,1,-0.0086456143286032,-0.0086456143286032,1.0292150073967714,hold
142,2020-07-29,1,1,-0.0089887146807479,-0.0089887146807479,1.0199636873501379,hold
143,2020-07-30,-1,-1,-0.0025851023723058,0.0025851023723058,1.0215804342106225,flip
144,2020-07-31,-1,-1,-0.0164222155452939,0.0164222155452939,1.0383570482980844,hold
145,2020-08-03,-1,-1,0.0186979321613793,-0.0186979321613793,1.0189419186497168,hold
146,2020-08-04,1,1,0.0005768586219327,0.0005768586219327,1.018510762162089,flip
147,2020-08-05,-1,-1,0.0088725546683743,-0.0088725546683743,1.0084554589823163,flip
148,2020-08-06,1,1,0.001241002448872,0.001241002448872,1.0086984992175094,flip
149,2020-08-07,1,1,0.005002705259437,0.005002705259437,1.0137447205047312,hold
150,2020-08-10,1,1,0.0046449787767293,0.0046449787767293,1.018453543216497,hold
151,2020-08-11,1,1,-0.0012452735151247,-0.0012452735151247,1.0171852899927445,hold
152,2020-08-12,-1,-1,-0.000703034473301,0.000703034473301,1.0168832210273513,flip
153,2020-08-13,-1,-1,-0.0108004373788689,0.0108004373788689,1.0278660045776795,hold
154,2020-08-14,-1,-1,0.0061457110453491,-0.0061457110453491,1.0215490371202076,hold
155,2020-08-17,1,1,0.0122920579350753,0.0122920579350753,1.0330844280308895,flip
156,2020-08-18,1,1,0.0020246002135075,0.0020246002135075,1.035176010984452,hold
157,2020-08-19,1,1,-0.008432399987605,-0.008432399987605,1.0264469928022577,hold
158,2020-08-20,-1,-1,0.0052509160938571,-0.0052509160938571,1.020030758775459,flip
159,2020-08-21,0,-1,0.0083410064718865,-0.0083410064718865,1.0115226756149895,hold
160,2020-08-24,1,1,0.0005058064691958,0.0005058064691958,1.011022787652439,flip
161,2020-08-25,1,1,0.0067423225064831,0.0067423225064831,1.0178394293481952,hold
162,2020-08-26,1,1,0.0008355606212675,0.0008355606212675,1.018689895894132,hold
163,2020-08-27,0,1,0.0076431956549949,0.0076431956549949,1.0264759420802172,hold
164,2020-08-28,0,1,-0.0223307478019462,-0.0223307478019462,1.0035539666928588,hold
165,2020-08-31,-1,-1,0.0072667398463226,-0.0072667398463226,0.9952578471284638,flip
166,2020-09-01,1,1,0.0056450382511279,0.0056450382511279,0.9998808578981109,flip
167,2020-09-02,1,1,-0.0006545127600779,-0.0006545127600779,0.999226423118059,hold
168,2020-09-03,-1,-1,-0.0167947449485598,0.0167947449485598,1.0150089496170704,flip
169,2020-09-04,-1,-1,0.0018705202595032,-0.0018705202595032,1.0131103548132347,hold
170,2020-09-07,1,1,-0.0033201259317187,-0.0033201259317187,1.0087335904977133,flip
171,2020-09-08,-1,-1,-0.0034769279675166,0.0034769279675166,1.0112321509397906,flip
172,2020-09-09,-1,-1,0.0151844298634509,-0.0151844298634509,0.9958771672681788,hold
173,2020-09-10,1,1,0.0013276149365679,0.0013276149365679,0.9962034315031629,flip
174,2020-09-11,-1,-1,-0.0021283524468515,0.0021283524468515,0.9973275000826614,flip
175,2020-09-14,1,1,0.0071459479106903,0.0071459479106903,1.0034570229480686,flip
176,2020-09-15,0,1,0.0071820376506051,0.0071820376506051,1.0106638890676458,hold
177,2020-09-16,0,1,-0.0076220272911209,-0.0076220272911209,1.0029605813230218,hold
178,2020-09-17,-1,-1,-0.0009681588767627,0.0009681588767627,1.0029286459315498,flip
179,2020-09-18,-1,-1,-0.0221122548386738,0.0221122548386738,1.0251056597353945,hold
180,2020-09-21,-1,-1,-0.0086128603263573,0.0086128603263573,1.0339347516024537,hold
181,2020-09-22,-1,-1,-0.0019545871070447,0.0019545871070447,1.0359556671374615,hold
182,2020-09-23,-1,-1,-0.0293122720965164,0.0293122720965164,1.0663218815325228,hold
183,2020-09-24,1,1,0.0226457884823545,0.0226457884823545,1.0894032594342822,flip
184,2020-09-25,-1,-1,0.0160448681873712,-0.0160448681873712,1.0708345244743322,flip
185,2020-09-28,1,1,-0.0004586409458945,-0.0004586409458945,1.0692725613906564,flip
186,2020-09-29,-1,-1,0.0022410013176423,-0.0022410013176423,1.0658070476102706,flip
187,2020-09-30,-1,-1,0.0150610927327836,-0.0150610927327836,1.049754828830958,hold
188,2020-10-01,1,1,0.0075676439490797,0.0075676439490797,1.056649244780547,flip
189,2020-10-05,1,1,0.0138264754746197,0.0138264754746197,1.0712589796487806,hold
190,2020-10-06,1,1,0.0065551872847253,0.0065551872847253,1.0782812828908221,hold
191,2020-10-07,1,1,0.0081566766068399,0.0081566766068399,1.087076474606571,hold
192,2020-10-08,1,1,0.0067260903253916,0.0067260903253916,1.0943882491653831,hold
193,2020-10-09,1,1,0.0014058853909966,0.0014058853909966,1.0959268336169632,hold
194,2020-10-12,1,1,0.0002975290843887,0.0002975290843887,1.0962529037243263,hold
195,2020-10-13,-1,-1,0.0030625333853533,-0.0030625333853533,1.0917993397041557,flip
196,2020-10-14,-1,-1,-0.0242836008583533,0.0242836008583533,1.1183121590869451,hold
197,2020-10-15,-1,-1,0.007028949362235,-0.007028949362235,1.1104515995495514,hold
198,2020-10-16,-1,-1,0.0094027696218492,-0.0094027696218492,1.100010278982773,hold
199,2020-10-19,1,1,0.0020003285078973,0.0020003285078973,1.1011106506238197,flip
200,2020-10-20,1,1,0.0034337457642519,0.0034337457642519,1.104891584656372,hold
201,2020-10-21,1,1,-0.0034512817819539,-0.0034512817819539,1.1010782924592133,hold
202,2020-10-22,1,1,0.0028495402835257,0.0028495402835257,1.1042158594088916,hold
203,2020-10-23,-1,-1,-0.0136290733045432,0.0136290733045432,1.1181610824414057,flip
204,2020-10-26,0,-1,0.0103376083469652,-0.0103376083469652,1.1066019711023078,hold
205,2020-10-27,1,1,-0.0134406089457635,-0.0134406089457635,1.0906219647790083,flip
206,2020-10-28,0,1,-0.0050129421843609,-0.0050129421843609,1.0851547399245771,hold
207,2020-10-29,0,1,-0.0024333734223676,-0.0024333734223676,1.0825141532212885,hold
208,2020-10-30,0,1,0.0022976361491175,0.0022976361491175,1.085001376871661,hold
209,2020-11-02,1,1,0.0123701901631991,0.0123701901631991,1.0984230502308965,hold
210,2020-11-03,1,1,0.008041647267956,0.008041647267956,1.1072561809518457,hold
211,2020-11-04,1,1,0.0177855989156905,0.0177855989156905,1.1269493952831746,hold
212,2020-11-05,1,1,0.0118190145712895,0.0118190145712895,1.1402688266071324,hold
213,2020-11-06,0,1,0.0161046355374614,0.0161046355374614,1.158632440474369,hold
214,2020-11-09,0,1,0.0136465071043638,0.0136465071043638,1.174443726304649,hold
215,2020-11-10,-1,-1,0.0093460415087203,-0.0093460415087203,1.1622928827626449,flip
216,2020-11-11,-1,-1,-0.0045768215253314,0.0045768215253314,1.1676124898472124,hold
217,2020-11-12,-1,-1,0.0022969703307613,-0.0022969703307613,1.164930518600207,hold
218,2020-11-13,-1,-1,0.0121266198083733,-0.0121266198083733,1.1508038490979713,hold
219,2020-11-17,-1,-1,0.0049750511655721,-0.0049750511655721,1.1450785410671716,hold
220,2020-11-18,-1,-1,-0.0128726686134137,0.0128726686134137,1.1598187576626606,hold
221,2020-11-19,-1,-1,0.0068393094137191,-0.0068393094137191,1.1518863983151704,hold
222,2020-11-20,-1,-1,0.005241475198302,-0.005241475198302,1.14584881432714,hold
223,2020-11-23,-1,-1,0.0099563448098976,-0.0099563448098976,1.1344403484316865,hold
224,2020-11-24,-1,-1,-0.0150706804680923,0.0150706804680923,1.1515371364330116,hold
225,2020-11-25,0,-1,0.0100012136399767,-0.0100012136399767,1.140020367517178,hold
226,2020-11-26,-1,-1,-0.0013898363507738,0.0013898363507738,1.141604809264576,hold
227,2020-11-27,-1,-1,0.0108026946873185,-0.0108026946873185,1.1292724010565163,hold
228,2020-12-01,-1,-1,0.0003585458429504,-0.0003585458429504,1.1288675051315589,hold
229,2020-12-02,-1,-1,0.00153658492994,-0.00153658492994,1.1271329043352747,hold
230,2020-12-03,-1,-1,0.0094906623588735,-0.0094906623588735,1.1164356665066522,hold
231,2020-12-04,-1,-1,0.0073311332494399,-0.0073311332494399,1.1082509278710646,hold
232,2020-12-07,1,1,0.0027853318093331,0.0027853318093331,1.110229523505316,flip
233,2020-12-08,-1,-1,0.0101657522858669,-0.0101657522858669,1.0978329756653995,flip
234,2020-12-09,1,1,-0.0037548548058806,-0.0037548548058806,1.0926129392650028,flip
235,2020-12-10,-1,-1,0.0026375585350264,-0.0026375585350264,1.088638495742299,flip
236,2020-12-11,-1,-1,0.0032781762806703,-0.0032781762806703,1.085069746847332,hold
237,2020-12-14,-1,-1,0.0007153791977927,-0.0007153791977927,1.0842935105222833,hold
238,2020-12-15,-1,-1,0.008464907059269,-0.008464907059269,1.0751150667307436,hold
239,2020-12-16,-1,-1,0.0042389293905504,-0.0042389293905504,1.0705577298761553,hold
240,2020-12-17,-1,-1,0.0014445849987885,-0.0014445849987885,1.069011218239239,hold
241,2020-12-18,-1,-1,-0.0314049525779333,0.0314049525779333,1.102583464853321,hold
242,2020-12-21,0,-1,0.0103462838766079,-0.0103462838766079,1.0911758233282947,hold
243,2020-12-22,-1,-1,0.0100101591857162,-0.0100101591857162,1.0802529796371734,hold
244,2020-12-23,-1,-1,0.0108925303747413,-0.0108925303747413,1.0684862912440707,hold
245,2020-12-24,-1,-1,0.0090150513891666,-0.0090150513891666,1.0588538324198853,hold
246,2020-12-28,-1,-1,0.0042815942411449,-0.0042815942411449,1.054320249948782,hold
247,2020-12-29,-1,-1,0.0035420946069744,-0.0035420946069744,1.0505857478774145,hold
248,2020-12-30,-1,-1,-1.4318125132972703e-05,1.4318125132972703e-05,1.0506007902956156,hold
249,2020-12-31,-1,-1,0.0026284263414808,-0.0026284263414808,1.0478393635040222,hold
250,2021-01-01,-1,-1,0.0081606727271106,-0.0081606727271106,1.0392882893878819,hold
251,2021-01-04,-1,-1,0.0047123808655142,-0.0047123808655142,1.0343907671392174,hold
252,2021-01-05,-1,-1,-0.0037501320469031,0.0037501320469031,1.0382698691040868,hold
253,2021-01-06,-1,-1,-0.000629169612088,0.000629169612088,1.0389231169548736,hold
254,2021-01-07,-1,-1,0.014847223590326,-0.014847223590326,1.0234979931442862,hold
255,2021-01-08,-1,-1,0.0095837181341371,-0.0095837181341371,1.0136890768671365,hold
256,2021-01-11,-1,-1,0.0054333140242324,-0.0054333140242324,1.0081813857895832,hold
257,2021-01-12,-1,-1,9.609083312889231e-05,-9.609083312889231e-05,1.0080845088002777,hold
258,2021-01-13,-1,-1,0.002111247340323,-0.002111247340323,1.0059561930622523,hold
259,2021-01-14,-1,-1,-0.0110923441582015,0.0110923441582015,1.017114605363773,hold
260,2021-01-15,-1,-1,-0.0105586501425666,0.0105586501425666,1.0278539626367036,hold
261,2021-01-18,-1,-1,0.0167947308170628,-0.0167947308170628,1.0105914320149687,hold
262,2021-01-19,-1,-1,0.008508265623863,-0.008508265623863,1.0019930516741853,hold
263,2021-01-20,-1,-1,-0.0037112802046228,0.0037112802046228,1.0057117286520334,hold
264,2021-01-21,-1,-1,-0.0149721716475961,0.0149721716475961,1.0207694172814124,hold
265,2021-01-22,0,-1,-0.0092541693433081,0.0092541693433081,1.0302157903294045,hold
266,2021-01-25,-1,-1,-0.0190604880418779,0.0190604880418779,1.0498522060815318,hold
267,2021-01-27,0,-1,-0.0107356502819043,0.0107356502819043,1.061123052213709,hold
268,2021-01-28,1,1,-0.0132404223540728,-0.0132404223540728,1.046012211780543,flip
269,2021-01-29,-1,-1,0.0474235111013383,-0.0474235111013383,0.9953606278312525,flip
270,2021-02-01,-1,-1,0.0256735714819573,-0.0256735714819573,0.9698061656023009,hold
271,2021-02-02,-1,-1,0.0097011226717231,-0.0097011226717231,0.9603979570219996,hold
272,2021-02-03,-1,-1,0.0071467580293813,-0.0071467580293813,0.9535342252112513,hold
273,2021-02-04,-1,-1,0.0019199973566108,-0.0019199973566108,0.9517034420194078,hold
274,2021-02-05,-1,-1,0.0128348027329681,-0.0128348027329681,0.939488516080802,hold
275,2021-02-08,-1,-1,-0.0004300136336804,0.0004300136336804,0.9398925089514029,hold
276,2021-02-09,-1,-1,-0.0001853034041081,0.0001853034041081,0.9400666742328073,hold
277,2021-02-10,-1,-1,0.0044219246475027,-0.0044219246475027,0.9359097702357214,hold
278,2021-02-11,-1,-1,-0.0006590524229219,0.0006590524229219,0.9365265838374316,hold
279,2021-02-12,-1,-1,0.0099846598415338,-0.0099846598415338,0.9271756844652611,hold
280,2021-02-15,-1,-1,-8.162092525865194e-05,8.162092525865194e-05,0.9272513614025044,hold
281,2021-02-16,-1,-1,-0.0068273186874309,0.0068273186874309,0.9335820019501534,hold
282,2021-02-17,-1,-1,-0.0059143128695843,0.0059143128695843,0.9391034979990994,hold
283,2021-02-18,-1,-1,-0.0090747170630297,0.0090747170630297,0.9476255965363427,hold
284,2021-02-19,-1,-1,-0.0204281745915864,0.0204281745915864,0.9669838576698433,hold
285,2021-02-22,-1,-1,0.0021872625461001,-0.0021872625461001,0.9648688100952786,hold
286,2021-02-23,-1,-1,0.0186431824578623,-0.0186431824578623,0.9468805848207718,hold
287,2021-02-24,-1,-1,0.0076992130139501,-0.0076992130139501,0.9395903494994631,hold
288,2021-02-25,1,1,-0.0376356932475859,-0.0376356932475859,0.9032886249778098,flip
289,2021-02-26,-1,-1,0.0159953891187234,-0.0159953891187234,0.8879368833097953,flip
290,2021-03-01,-1,-1,0.0106729853417877,-0.0106729853417877,0.8784599459697972,hold
291,2021-03-02,-1,-1,0.0218846987116321,-0.0218846987116321,0.8592351147220115,hold
292,2021-03-03,1,1,-0.0108129305241382,-0.0108129305241382,0.8490850300079005,flip
293,2021-03-04,-1,-1,-0.0094591045289524,0.0094591045289524,0.8562675290307061,flip
294,2021-03-05,1,1,0.0012117060677612,0.0012117060677612,0.856448806062229,flip
295,2021-03-08,-1,-1,0.0095077756017913,-0.0095077756017913,0.847449434193705,flip
296,2021-03-09,0,-1,0.0050600998838219,-0.0050600998838219,0.8431612554101965,hold
297,2021-03-10,-1,-1,-0.0094795062357636,0.0094795062357636,0.8511540077886116,hold
298,2021-03-12,-1,-1,-0.006749419963093,0.006749419963093,0.8568988036404468,hold
299,2021-03-15,-1,-1,-0.0012759841044576,0.0012759841044576,0.8579921928930208,hold
300,2021-03-16,-1,-1,-0.0126857598628687,0.0126857598628687,0.8688764758162777,hold
301,2021-03-17,0,-1,-0.0111029730717429,0.0111029730717429,0.8785235879299367,hold
302,2021-03-18,0,-1,0.0127869428260285,-0.0127869428260285,0.8672899570397591,hold
303,2021-03-19,-1,-1,-0.0005154374236977,0.0005154374236977,0.8677369907408146,hold
304,2021-03-22,-1,-1,0.0053167399974314,-0.0053167399974314,0.863123458774892,hold
305,2021-03-23,-1,-1,-0.0179111769942118,0.0179111769942118,0.8785830158128654,hold
306,2021-03-24,-1,-1,-0.0154301891468089,0.0154301891468089,0.8921397179280317,hold
307,2021-03-25,0,-1,0.0127330319296232,-0.0127330319296232,0.8807800744139691,hold
308,2021-03-26,-1,-1,0.0232848158675504,-0.0232848158675504,0.8602712725614325,hold
309,2021-03-30,1,1,-0.0104006990943323,-0.0104006990943323,0.8504635786434613,flip
310,2021-03-31,-1,-1,0.0120245741669184,-0.0120245741669184,0.8393866526871567,flip
311,2021-04-01,-1,-1,-0.015439860548026,0.015439860548026,0.8523466655505207,hold
312,2021-04-05,-1,-1,0.0031220672452334,-0.0031220672452334,0.8496855819444216,hold
313,2021-04-06,-1,-1,0.0092314369658119,-0.0092314369658119,0.8418417630539424,hold
314,2021-04-07,1,1,0.0036945688638336,0.0036945688638336,0.8441101636569425,flip
315,2021-04-08,-1,-1,-0.0026187118170183,0.0026187118170183,0.8454765347537192,flip
316,2021-04-09,-1,-1,-0.0353255893040076,0.0353255893040076,0.8753434915866046,hold
317,2021-04-12,0,-1,0.0135561955060299,-0.0135561955060299,0.8634771640797257,hold
318,2021-04-13,-1,-1,0.0052844845607746,-0.0052844845607746,0.858914132337565,hold
319,2021-04-15,0,-1,0.0024962821650071,-0.0024962821650071,0.8567700403077382,hold
320,2021-04-16,-1,-1,-0.0176769785548196,0.0176769785548196,0.8719151459366701,hold
321,2021-04-19,0,-1,-0.004390823034999,0.004390823034999,0.8757435710440132,hold
322,2021-04-20,-1,-1,0.0076767575754221,-0.0076767575754221,0.8690206999508739,hold
323,2021-04-22,-1,-1,-0.0044981330537942,0.0044981330537942,0.8729296706857542,hold
324,2021-04-23,-1,-1,0.0100165182871698,-0.0100165182871698,0.8641859546759173,hold
325,2021-04-26,-1,-1,0.011601643402658,-0.011601643402658,0.8541599773961818,hold
326,2021-04-27,1,1,0.014433855260107,0.014433855260107,0.8656346389014985,flip
327,2021-04-28,1,1,0.0020418099664161,0.0020418099664161,0.8674021003344826,hold
328,2021-04-29,0,1,-0.0177108120451774,-0.0177108120451774,0.8520397047678665,hold
329,2021-04-30,0,1,0.0002085134632017,0.0002085134632017,0.852217366517493,hold
330,2021-05-03,-1,-1,-0.0094061074234402,0.0094061074234402,0.8593811972485604,flip
331,2021-05-04,0,-1,0.0083709591539336,-0.0083709591539336,0.8521873523487342,hold
332,2021-05-05,-1,-1,0.0073164109749706,-0.0073164109749706,0.8459523994512788,hold
333,2021-05-06,-1,-1,0.0066792477481554,-0.0066792477481554,0.8403020737921971,hold
334,2021-05-07,0,-1,0.0080414227481215,-0.0080414227481215,0.833544849580711,hold
335,2021-05-10,0,-1,-0.0061302011912188,0.0061302011912188,0.838654647210545,hold
336,2021-05-11,0,-1,-0.0103866808073666,0.0103866808073666,0.8473654853387355,hold
337,2021-05-12,-1,-1,-0.0012724250884564,0.0012724250884564,0.8484436944413725,hold
338,2021-05-14,-1,-1,0.0167157604819725,-0.0167157604819725,0.8342613128626506,hold
339,2021-05-17,0,-1,0.012393443335275,-0.012393443335275,0.8239219425548752,hold
340,2021-05-18,0,-1,-0.0051594324081388,0.0051594324081388,0.8281729121270694,hold
341,2021-05-19,-1,-1,-0.0082567760609306,0.0082567760609306,0.8350109504022315,hold
342,2021-05-20,-1,-1,0.0180631356749747,-0.0180631356749747,0.8199280343150264,hold
343,2021-05-21,0,-1,0.0014761086049899,-0.0014761086049899,0.8187177314881015,hold
344,2021-05-24,0,-1,0.0007073438653115,-0.0007073438653115,0.8181386165233117,hold
345,2021-05-25,-1,-1,0.0061150215048646,-0.0061150215048646,0.8131356812893114,hold
346,2021-05-26,-1,-1,0.0023788211965458,-0.0023788211965458,0.8112013768949926,hold
347,2021-05-27,-1,-1,0.006376433707514,-0.006376433707514,0.8060288050917777,hold
348,2021-05-28,-1,-1,0.0095330880357249,-0.0095330880357249,0.7983448615335076,hold
349,2021-05-31,-1,-1,-0.0005101904286871,0.0005101904286871,0.7987521694406535,hold
350,2021-06-01,-1,-1,8.67158252806366e-05,-8.67158252806366e-05,0.7986829049870858,hold
351,2021-06-02,-1,-1,0.0073284506253876,-0.0073284506253876,0.7928297967525468,hold
352,2021-06-03,-1,-1,-0.0012810173052479,0.0012810173052479,0.7938454254423031,hold
353,2021-06-04,-1,-1,0.0051945814919991,-0.0051945814919991,0.7897217306877923,hold
354,2021-06-07,-1,-1,-0.0007333060957773,0.0007333060957773,0.7903008384468734,hold
355,2021-06-08,-1,-1,-0.0066549769442125,0.0066549769442125,0.7955602723057292,hold
356,2021-06-09,-1,-1,0.006549286916079,-0.006549286916079,0.790349919823365,hold
357,2021-06-10,-1,-1,0.0039141306333496,-0.0039141306333496,0.787256386991119,hold
358,2021-06-11,-1,-1,0.0007911718082738,-0.0007911718082738,0.7866335319318482,hold
359,2021-06-14,-1,-1,0.0036302135450976,-0.0036302135450976,0.7837778842292011,hold
360,2021-06-15,-1,-1,-0.0064086327528081,0.0064086327528081,0.788800828848999,hold
361,2021-06-16,-1,-1,-0.0048295020472909,0.0048295020472909,0.79261034406683,hold
362,2021-06-17,-1,-1,-0.0005130696464038,0.0005130696464038,0.7930170083757963,hold
363,2021-06-18,-1,-1,0.0040265882096546,-0.0040265882096546,0.7898238554398147,hold
364,2021-06-21,0,-1,0.0016670371193598,-0.0016670371193598,0.7885071897550406,hold
365,2021-06-22,-1,-1,-0.0054397492312691,0.0054397492312691,0.7927964711343607,hold
366,2021-06-23,-1,-1,0.0065978407983298,-0.0065978407983298,0.7875657262323384,hold
367,2021-06-24,1,1,0.0044266891189239,0.0044266891189239,0.7902644691368563,flip
368,2021-06-25,0,1,-0.0028782098242977,-0.0028782098242977,0.7879899221779932,hold
369,2021-06-28,-1,-1,-0.0041891404314852,0.0041891404314852,0.790502932698414,flip
370,2021-06-29,-1,-1,-0.0017112919035373,0.0017112919035373,0.7918557139668633,hold
371,2021-06-30,-1,-1,-0.002639697229908,0.002639697229908,0.7939459733015085,hold
372,2021-07-01,-1,-1,0.0026913389867666,-0.0026913389867666,0.7918091955501758,hold
373,2021-07-02,-1,-1,0.007133188273225,-0.007133188273225,0.7861610714818457,hold
374,2021-07-05,1,1,-0.0010167521731027,-0.0010167521731027,0.7845755794325259,flip
375,2021-07-06,-1,-1,0.0038816171589777,-0.0038816171589777,0.7807455818214531,flip
376,2021-07-07,0,-1,-0.0095562557277451,0.0095562557277451,0.7882065862596461,hold
377,2021-07-08,-1,-1,-0.0024224839292732,0.0024224839292732,0.7901160040478075,hold
378,2021-07-09,-1,-1,0.0001784474449868,-0.0001784474449868,0.789975009865642,hold
379,2021-07-12,-1,-1,0.0076309854951284,-0.0076309854951284,0.7839467220238433,hold
380,2021-07-13,0,-1,0.0026308921169333,-0.0026308921169333,0.781884242772775,hold
381,2021-07-14,-1,-1,0.0044310723280038,-0.0044310723280038,0.7784196571409224,hold
382,2021-07-15,1,1,-5.0225736783704455e-05,-5.0225736783704455e-05,0.7776021407829747,flip
383,2021-07-16,-1,-1,-0.0107389122803617,0.0107389122803617,0.7851751398210817,flip
384,2021-07-19,-1,-1,-0.0076369809214345,0.0076369809214345,0.79117150738388,hold
385,2021-07-20,-1,-1,0.0122792331234495,-0.0122792331234495,0.7814565280040824,hold
386,2021-07-22,0,-1,0.0020222383267853,-0.0020222383267853,0.779876236662436,hold
387,2021-07-23,-1,-1,-0.0019929055322251,0.0019929055322251,0.7814304563289315,hold
388,2021-07-26,-1,-1,-0.0049290812026508,0.0049290812026508,0.7852821905024012,hold
389,2021-07-27,-1,-1,-0.0023528988583426,0.0023528988583426,0.7871298800719111,hold
390,2021-07-28,-1,-1,0.0043954449546468,-0.0043954449546468,0.7836700940118972,hold
391,2021-07-29,1,1,-0.0009760394990868,-0.0009760394990868,0.7821215309518768,flip
392,2021-07-30,-1,-1,0.0077460001364197,-0.0077460001364197,0.7752810959354749,flip
393,2021-08-02,1,1,0.0154609558824161,0.0154609558824161,0.7864924016602691,flip
394,2021-08-03,0,1,0.0079382424678022,0.0079382424678022,0.7927357690437324,hold
395,2021-08-04,0,1,0.0022018725316477,0.0022018725316477,0.7944812721584444,hold
396,2021-08-05,0,1,-0.0034612335015614,-0.0034612335015614,0.7917313869628866,hold
397,2021-08-06,-1,-1,0.0012347307242392,-0.0012347307242392,0.7899620805070962,flip
398,2021-08-09,0,-1,0.0013439090538649,-0.0013439090538649,0.7889004433148927,hold
399,2021-08-10,-1,-1,0.0001320870680521,-0.0001320870680521,0.7887962397683502,hold
400,2021-08-11,-1,-1,0.0050453954843463,-0.0050453954843463,0.7848164507821536,hold
401,2021-08-12,-1,-1,0.0100644823408473,-0.0100644823408473,0.77691767947245,hold
402,2021-08-13,-1,-1,0.0020540242770237,-0.0020540242770237,0.7753218716975647,hold
403,2021-08-16,-1,-1,0.0031122785775283,-0.0031122785775283,0.7729088540455913,hold
404,2021-08-17,-1,-1,-0.0027536023181795,0.0027536023181795,0.7750371376578328,hold
405,2021-08-18,-1,-1,-0.0071428984006249,0.0071428984006249,0.7805731491888339,hold
406,2021-08-20,-1,-1,0.0027931806783987,-0.0027931806783987,0.7783928673504428,hold
407,2021-08-23,-1,-1,0.0077683620836017,-0.0077683620836017,0.7723460297135716,hold
408,2021-08-24,-1,-1,0.0006045728309951,-0.0006045728309951,0.7718790902878798,hold
409,2021-08-25,-1,-1,0.0001352598309651,-0.0001352598309651,0.771774686052602,hold
410,2021-08-26,-1,-1,0.00410526158848,-0.00410526158848,0.7686063490789891,hold
411,2021-08-27,-1,-1,0.0135198365217041,-0.0135198365217041,0.7582149168898973,hold
412,2021-08-30,1,1,0.0118804461754233,0.0118804461754233,0.766464633482521,flip
413,2021-08-31,1,1,-0.0032657347743637,-0.0032657347743637,0.7639615632756372,hold
414,2021-09-01,-1,-1,0.009246783727399,-0.009246783727399,0.7561334143607061,flip
415,2021-09-02,-1,-1,0.0051902308336972,-0.0051902308336972,0.7522089073991025,hold
416,2021-09-03,-1,-1,0.0031287476677577,-0.0031287476677577,0.749855435534411,hold
417,2021-09-06,-1,-1,-0.0009035189246697,0.0009035189246697,0.7505329441111829,hold
418,2021-09-07,-1,-1,-0.0004953092983268,0.0004953092983268,0.7509046900571018,hold
419,2021-09-08,-1,-1,0.0009075978909154,-0.0009075978909154,0.7502231705441275,hold
420,2021-09-09,-1,-1,-0.0008030985074197,0.0008030985074197,0.7508256736526231,hold
421,2021-09-13,-1,-1,0.001423151293159,-0.001423151293159,0.7497571351242274,hold
422,2021-09-14,-1,-1,0.0080235453826236,-0.0080235453826236,0.7437414247246122,hold
423,2021-09-15,-1,-1,0.0062816347635072,-0.0062816347635072,0.7390695127360017,hold
424,2021-09-16,-1,-1,-0.0025156476006126,0.0025156476006126,0.740928751182402,hold
425,2021-09-17,-1,-1,-0.010705054879733,0.010705054879733,0.7488604341257816,hold
426,2021-09-20,-1,-1,0.0094901738624639,-0.0094901738624639,0.7417536184072078,hold
427,2021-09-21,-1,-1,-0.0008740239935656,0.0008740239935656,0.7424019288670098,hold
428,2021-09-22,-1,-1,0.0157465283671818,-0.0157465283671818,0.730711675834255,hold
429,2021-09-23,-1,-1,0.0016972499684944,-0.0016972499684944,0.7294714754654669,hold
430,2021-09-24,-1,-1,0.0001064453827974,-0.0001064453827974,0.7293938265950212,hold
431,2021-09-27,-1,-1,-0.0059646824901542,0.0059646824901542,0.7337444291809391,hold
432,2021-09-28,-1,-1,-0.0021015082285871,0.0021015082285871,0.7352863991365428,hold
433,2021-09-29,-1,-1,-0.0052593760207388,0.0052593760207388,0.739153546792537,hold
434,2021-09-30,-1,-1,-0.0048869834497958,0.0048869834497958,0.7427657779425699,hold
435,2021-10-01,-1,-1,0.0090804675811375,-0.0090804675811375,0.7360211173755841,hold
436,2021-10-04,0,-1,0.0074076609199462,-0.0074076609199462,0.7305689225081459,hold
437,2021-10-05,0,-1,-0.0098921448702895,0.0098921448702895,0.7377958161273278,hold
438,2021-10-06,-1,-1,0.0081803020160375,-0.0081803020160375,0.7317604235252374,hold
439,2021-10-07,0,-1,0.0058936227604964,-0.0058936227604964,0.7274477036379186,hold
440,2021-10-08,0,-1,0.0028359561343596,-0.0028359561343596,0.7253846938603608,hold
441,2021-10-11,0,-1,0.0025632525445875,-0.0025632525445875,0.7235253496980184,hold
442,2021-10-12,-1,-1,0.0094375978492116,-0.0094375978492116,0.7166970084138583,hold
443,2021-10-13,0,-1,0.0097347877407187,-0.0097347877407187,0.7097201151625413,hold
444,2021-10-14,1,1,0.0075523961327199,0.0075523961327199,0.714370482500446,flip
445,2021-10-18,-1,-1,-0.0031553077349963,0.0031553077349963,0.7159101707270323,flip
446,2021-10-19,-1,-1,-0.00826062521208,0.00826062521208,0.7218240363329246,hold
447,2021-10-20,-1,-1,-0.0048449082967022,0.0048449082967022,0.725321207595313,hold
448,2021-10-21,-1,-1,-0.0034766680845673,0.0034766680845673,0.7278429086888194,hold
449,2021-10-22,-1,-1,0.0005796333280105,-0.0005796333280105,0.7274210266813873,hold
450,2021-10-25,-1,-1,0.0078894808897,-0.0078894808897,0.7216820523926185,hold
451,2021-10-26,-1,-1,-0.0031448386638428,0.0031448386638428,0.7239516260139843,hold
452,2021-10-27,-1,-1,-0.0194223384240636,0.0194223384240636,0.7380124594970789,hold
453,2021-10-28,0,-1,-0.0103935157639054,0.0103935157639054,0.7456830036288205,hold
454,2021-10-29,-1,-1,0.0145996550575078,-0.0145996550575078,0.7347962889935933,hold
455,2021-11-01,-1,-1,-0.0022700482713416,0.0022700482713416,0.7364643120392114,hold
456,2021-11-02,-1,-1,-0.0033400508475575,0.0033400508475575,0.7389241402888337,hold
457,2021-11-03,-1,-1,0.0049133761659847,-0.0049133761659847,0.7352935280294678,hold
458,2021-11-04,-1,-1,0.0084697040421863,-0.0084697040421863,0.7290658094629232,hold
459,2021-11-08,1,1,-0.0013449214352717,-0.0013449214352717,0.72735620741859,flip
460,2021-11-09,-1,-1,-0.0014991358050348,0.0014991358050348,0.7277192569447269,flip
461,2021-11-10,-1,-1,-0.007970140510272,0.007970140510272,0.7335192816746071,hold
462,2021-11-11,-1,-1,0.0128206066843303,-0.0128206066843303,0.7241151194688845,hold
463,2021-11-12,0,-1,0.0003700663573213,-0.0003700663573213,0.7238471488243414,hold
464,2021-11-15,-1,-1,-0.0060879819517564,0.0060879819517564,0.7282539172022143,hold
465,2021-11-16,-1,-1,-0.005586294529162,0.005586294529162,0.7323221580757219,hold
466,2021-11-17,-1,-1,-0.0074781956434608,0.0074781956434608,0.7377986064478536,hold
467,2021-11-18,-1,-1,-0.0196033721001568,0.0196033721001568,0.7522619470650279,hold
468,2021-11-22,0,-1,0.0049836979327988,-0.0049836979327988,0.7485129007545167,hold
469,2021-11-23,-1,-1,-0.0050446817378146,0.0050446817378146,0.7522889101154717,hold
470,2021-11-24,-1,-1,0.006959452503032,-0.006959452503032,0.7470533911769655,hold
471,2021-11-25,-1,-1,-0.0290712541877539,0.0290712541877539,0.7687711702036945,hold
472,2021-11-26,1,1,0.0016151341742889,0.0016151341742889,0.7692440676226949,flip
473,2021-11-29,-1,-1,-0.004148599194972,0.004148599194972,0.7716661088747487,flip
474,2021-11-30,1,1,0.0108166411704213,0.0108166411704213,0.7792412781689475,flip
475,2021-12-01,-1,-1,0.0136745711024337,-0.0136745711024337,0.7678062466265059,flip
476,2021-12-02,-1,-1,-0.0117776858673942,0.0117776858673942,0.7768492274062958,hold
477,2021-12-03,-1,-1,-0.0165409195759996,0.0165409195759996,0.7896990279995008,hold
478,2021-12-06,-1,-1,0.0156365485816494,-0.0156365485816494,0.7773508607833053,hold
479,2021-12-07,-1,-1,0.0170609485278816,-0.0170609485278816,0.7640885177593768,hold
480,2021-12-08,-1,-1,0.0026960665936832,-0.0026960665936832,0.7620284842320288,hold
481,2021-12-09,-1,-1,-0.0003167708948091,0.0003167708948091,0.762269872676849,hold
482,2021-12-10,-1,-1,-0.0081690551168631,0.0081690551168631,0.7684968972806704,hold
483,2021-12-13,-1,-1,-0.0024959111813221,0.0024959111813221,0.7704149972794045,hold
484,2021-12-14,-1,-1,-0.0059740603216401,0.0059740603216401,0.7750175029458478,hold
485,2021-12-15,-1,-1,0.0015678167505297,-0.0015678167505297,0.7738024175227756,hold
486,2021-12-16,-1,-1,-0.01525945397337,0.01525945397337,0.7856102198974467,hold
487,2021-12-17,0,-1,-0.0218425462793778,0.0218425462793778,0.8027699474831089,hold
488,2021-12-20,0,-1,0.009428705444209,-0.009428705444209,0.7952008661088276,hold
489,2021-12-21,-1,-1,0.0110071709945933,-0.0110071709945933,0.786447954200519,hold
490,2021-12-22,-1,-1,0.0069093062126275,-0.0069093062126275,0.7810141444646532,hold
491,2021-12-23,-1,-1,-0.0040327548791804,0.0040327548791804,0.7841637830664518,hold
492,2021-12-24,-1,-1,0.0048518709108285,-0.0048518709108285,0.7803591216180665,hold
493,2021-12-27,-1,-1,0.0086034091740434,-0.0086034091740434,0.7736453727920891,hold
494,2021-12-28,1,1,-0.0011402602889762,-0.0011402602889762,0.771989570322952,flip
495,2021-12-29,-1,-1,-0.0005606259494814,0.0005606259494814,0.7716503781384811,flip
496,2021-12-30,-1,-1,0.0087248317576065,-0.0087248317576065,0.7649178584135294,hold
497,2021-12-31,1,1,0.0156533158122078,0.0156533158122078,0.7761264413632607,flip
498,2022-01-03,1,1,0.0101868742352642,0.0101868742352642,0.7840327438120914,hold
499,2022-01-04,-1,-1,0.006739585234692,-0.006739585234692,0.7779646555645683,flip
500,2022-01-05,-1,-1,-0.0100054174627969,0.0100054174627969,0.7857485167147927,hold
501,2022-01-06,-1,-1,0.0037641836511315,-0.0037641836511315,0.782790814994274,hold
502,2022-01-07,-1,-1,0.0107003189218717,-0.0107003189218717,0.7744147036247234,hold
503,2022-01-10,-1,-1,0.0029133112526023,-0.0029133112526023,0.7721585925544728,hold
504,2022-01-11,-1,-1,0.0086731157318304,-0.0086731157318304,0.7654615717179206,hold
505,2022-01-12,-1,-1,0.0024956237305924,-0.0024956237305924,0.7635512676546848,hold
506,2022-01-13,-1,-1,-0.0001123235637506,0.0001123235637506,0.763637032454174,hold
507,2022-01-14,-1,-1,0.0028675682661627,-0.0028675682661627,0.7614472511330418,hold
508,2022-01-17,-1,-1,-0.0106536905679234,0.0106536905679234,0.769559474530409,hold
509,2022-01-18,-1,-1,-0.0096422404339412,0.0096422404339412,0.7769797520120486,hold
510,2022-01-19,-1,-1,-0.010112406160797,0.010112406160797,0.7848368868431097,hold
511,2022-01-20,-1,-1,-0.0078757453046686,0.0078757453046686,0.7910180622695949,hold
512,2022-01-21,-1,-1,-0.0265679051873833,0.0265679051873833,0.8120337551494812,hold
513,2022-01-24,-1,-1,0.0075134912216943,-0.0075134912216943,0.805932546658446,hold
514,2022-01-25,-1,-1,-0.0097117329146276,0.0097117329146276,0.8137595482987986,hold
515,2022-01-27,1,1,-0.0004793161771092,-0.0004793161771092,0.8125557406347231,flip
516,2022-01-28,-1,-1,0.0139107178709299,-0.0139107178709299,0.8004399512317143,flip
517,2022-01-31,-1,-1,0.0136679386118703,-0.0136679386118703,0.7894995871157907,hold
518,2022-02-01,-1,-1,0.0115578385853996,-0.0115578385853996,0.7803746783246668,hold
519,2022-02-02,-1,-1,-0.0123622486642295,0.0123622486642295,0.7900218641493844,hold
520,2022-02-03,-1,-1,-0.0024998826581151,0.0024998826581151,0.7919968261071031,hold
521,2022-02-04,-1,-1,-0.0172811129276234,0.0172811129276234,0.8056834126973792,hold
522,2022-02-07,-1,-1,0.0030876976246183,-0.0030876976246183,0.8031957059377992,hold
523,2022-02-08,-1,-1,0.0114121523303458,-0.0114121523303458,0.7940295141905575,hold
524,2022-02-09,-1,-1,0.008133901085124,-0.008133901085124,0.7875709566634623,hold
525,2022-02-10,-1,-1,-0.0131262969128136,0.0131262969128136,0.7979088468805356,hold
526,2022-02-11,-1,-1,-0.0306162228952934,0.0306162228952934,0.8223378019867565,hold
527,2022-02-14,-1,-1,0.0302591263839775,-0.0302591263839775,0.797454578506117,hold
528,2022-02-15,-1,-1,-0.0017432697608654,0.0017432697608654,0.7988447569584904,hold
529,2022-02-16,-1,-1,-0.0010160147191904,0.0010160147191904,0.7996563949899084,hold
530,2022-02-17,-1,-1,-0.0016353356196504,0.0016353356196504,0.8009641015761165,hold
531,2022-02-18,-1,-1,-0.004031556958107,0.004031556958107,0.8041932339730197,hold
532,2022-02-21,1,1,-0.0066515660675804,-0.0066515660675804,0.798039896312174,flip
533,2022-02-22,0,1,-0.0016937094155936,-0.0016937094155936,0.7966882486257707,hold
534,2022-02-23,-1,-1,-0.0477810384708364,0.0477810384708364,0.8339581522339962,flip
535,2022-02-24,-1,-1,0.0252616601096495,-0.0252616601096495,0.8128909848465896,hold
536,2022-02-25,-1,-1,0.0081340342903666,-0.0081340342903666,0.8062789017015175,hold
537,2022-02-28,-1,-1,-0.0111916331229355,0.0111916331229355,0.8153024793641244,hold
538,2022-03-02,1,1,-0.006497577228417,-0.006497577228417,0.809189686060572,flip
539,2022-03-03,1,1,-0.0153170320073322,-0.0153170320073322,0.796795301739179,hold
540,2022-03-04,1,1,-0.0235266847399477,-0.0235266847399477,0.7780493498728899,hold
541,2022-03-07,1,1,0.0094747765094835,0.0094747765094835,0.7854211935762845,hold
542,2022-03-08,-1,-1,0.0207262900882942,-0.0207262900882942,0.7683569048831519,flip
543,2022-03-09,-1,-1,0.0152673871904744,-0.0152673871904744,0.7566261025158263,hold
544,2022-03-10,-1,-1,0.0021421537513466,-0.0021421537513466,0.7550052930719552,hold
545,2022-03-11,-1,-1,0.014482565042708,-0.014482565042708,0.7440708798074518,hold
546,2022-03-14,-1,-1,-0.0123464565033122,0.0123464565033122,0.7532575185603757,hold
547,2022-03-15,-1,-1,0.0187451004846066,-0.0187451004846066,0.739137630684176,hold
548,2022-03-16,-1,-1,0.0183619883565082,-0.0183619883565082,0.7255655941156962,hold
549,2022-03-17,-1,-1,-0.0098022024704637,0.0098022024704637,0.7326777349748205,hold
550,2022-03-21,-1,-1,0.0115612232521558,-0.0115612232521558,0.7242070841088927,hold
551,2022-03-22,-1,-1,-0.004033935455228,0.004033935455228,0.7271284887424068,hold
552,2022-03-23,-1,-1,-0.0013278937068936,0.0013278937068936,0.7280940380867109,hold
553,2022-03-24,-1,-1,-0.0040498758909001,0.0040498758909001,0.7310427285778663,hold
554,2022-03-25,-1,-1,0.0040226199498629,-0.0040226199498629,0.7281020215136869,hold
555,2022-03-28,-1,-1,0.005998187274997,-0.005998187274997,0.7237347292333438,hold
556,2022-03-29,-1,-1,0.0099824655821947,-0.0099824655821947,0.7165100722081329,hold
557,2022-03-30,-1,-1,-0.0019144771620018,0.0019144771620018,0.7178818143777197,hold
558,2022-03-31,-1,-1,0.0117779652585923,-0.0117779652585923,0.7094266273082037,hold
559,2022-04-01,-1,-1,0.0216718413399843,-0.0216718413399843,0.6940520459988201,hold
560,2022-04-04,-1,-1,-0.005317557796472,0.005317557796472,0.6977427078671784,hold
561,2022-04-05,-1,-1,-0.0083391803235717,0.0083391803235717,0.7035613101275401,hold
562,2022-04-06,-1,-1,-0.0094397411049521,0.0094397411049521,0.710202746746605,hold
563,2022-04-07,-1,-1,0.0082087593907955,-0.0082087593907955,0.70437286327988,hold
564,2022-04-08,-1,-1,-0.006151497975913,0.006151497975913,0.7087058115226342,hold
565,2022-04-11,-1,-1,-0.0081838106412522,0.0081838106412522,0.7145057256844904,hold
566,2022-04-12,-1,-1,-0.0031174816283502,0.0031174816283502,0.7167331841576629,hold
567,2022-04-13,-1,-1,-0.0172811880101475,0.0172811880101475,0.7291191850662031,hold
568,2022-04-18,0,-1,-0.0125191788064678,0.0125191788064678,0.738247158515273,hold
569,2022-04-19,-1,-1,0.010490244596548,-0.010490244596548,0.7305027652497412,hold
570,2022-04-20,-1,-1,0.014941678252146,-0.014941678252146,0.7195878279690766,hold
571,2022-04-21,-1,-1,-0.0126864526051679,0.0126864526051679,0.7287168448438621,hold
572,2022-04-22,-1,-1,-0.0126951225643019,0.0126951225643019,0.7379679945038263,hold
573,2022-04-25,1,1,0.0145601216162072,0.0145601216162072,0.7479749302581669,flip
574,2022-04-26,-1,-1,-0.0094414436101153,0.0094414436101153,0.7542889184537213,flip
575,2022-04-27,-1,-1,0.0121285088909346,-0.0121285088909346,0.7451405185999218,hold
576,2022-04-28,-1,-1,-0.0082632403816946,0.0082632403816946,0.7512977938232536,hold
577,2022-04-29,-1,-1,-0.0019559171203674,0.0019559171203674,0.7527672700406867,hold
578,2022-05-02,-1,-1,-0.0229361834519363,0.0229361834519363,0.7700328782429532,hold
579,2022-05-04,-1,-1,0.0003028482136697,-0.0003028482136697,0.7697996751613104,hold
580,2022-05-05,-1,-1,-0.0162684216398562,0.0162684216398562,0.7823231008550589,hold
581,2022-05-06,1,1,-0.0066661826871809,-0.0066661826871809,0.7763256690435021,flip
582,2022-05-09,1,1,-0.0037909688880922,-0.0037909688880922,0.7733826425851308,hold
583,2022-05-10,1,1,-0.0044919933245182,-0.0044919933245182,0.7699086129173401,hold
584,2022-05-11,1,1,-0.0222117521417858,-0.0222117521417858,0.7528075936353941,hold
585,2022-05-12,1,1,-0.0016352232651188,-0.0016352232651188,0.7515765851441234,hold
586,2022-05-13,-1,-1,0.0038112305721171,-0.0038112305721171,0.7479605769003906,flip
587,2022-05-16,-1,-1,0.0263219359020472,-0.0263219359020472,0.7282728065379603,hold
588,2022-05-17,-1,-1,-0.0011685620062508,0.0011685620062508,0.7291238384698662,hold
589,2022-05-18,-1,-1,-0.0265327253341793,0.0265327253341793,0.7484694810105897,hold
590,2022-05-19,-1,-1,0.0288910387942893,-0.0288910387942893,0.7268454201983712,hold
591,2022-05-20,-1,-1,-0.0031630222318707,0.0031630222318707,0.729144448421592,hold
592,2022-05-23,-1,-1,-0.0055227542667355,0.0055227542667355,0.7331713340351789,hold
593,2022-05-24,-1,-1,-0.0061612191843656,0.0061612191843656,0.7376885633238633,hold
594,2022-05-25,-1,-1,0.0090073873189953,-0.0090073873189953,0.7310439167132121,hold
595,2022-05-26,-1,-1,0.0112738471989222,-0.0112738471989222,0.7228022393004857,hold
596,2022-05-27,-1,-1,0.0188932050929628,-0.0188932050929628,0.7091461883517288,hold
597,2022-05-30,-1,-1,-0.0046124339835348,0.0046124339835348,0.7124170783301764,hold
598,2022-05-31,-1,-1,-0.0037264067061659,0.0037264067061659,0.7150718341084532,hold
599,2022-06-01,-1,-1,0.0063700049931154,-0.0063700049931154,0.7105168229547462,hold
600,2022-06-02,-1,-1,-0.0026280502014673,0.0026280502014673,0.7123840968344582,hold
601,2022-06-03,-1,-1,-0.0008893953501298,0.0008893953501298,0.7130176879376893,hold
602,2022-06-06,-1,-1,-0.0092459460064759,0.0092459460064759,0.7196102109820235,hold
603,2022-06-07,-1,-1,-0.0036609606157923,0.0036609606157923,0.7222446756231506,hold
604,2022-06-08,-1,-1,0.0074497277416889,-0.0074497277416889,0.7168641494268737,hold
605,2022-06-09,-1,-1,-0.0167676984141,0.0167676984141,0.7288843112883439,hold
606,2022-06-10,0,-1,-0.0263797491152091,0.0263797491152091,0.7481120965541423,hold
607,2022-06-13,0,-1,-0.0026816094559853,0.0026816094559853,0.750118241026399,hold
608,2022-06-14,-1,-1,-0.002539344381356,0.002539344381356,0.752023049567102,hold
609,2022-06-15,-1,-1,-0.0211284478542902,0.0211284478542902,0.7679121293551048,hold
610,2022-06-16,1,1,-0.0043682936266399,-0.0043682936266399,0.7637897515652683,flip
611,2022-06-17,1,1,0.0037042135956451,0.0037042135956451,0.7666189919472307,hold
612,2022-06-20,-1,-1,0.018804337854487,-0.018804337854487,0.7514366104250415,flip
613,2022-06-21,-1,-1,-0.0144192650853174,0.0144192650853174,0.7622717741055726,hold
614,2022-06-22,1,1,0.0093004475196092,0.0093004475196092,0.7685989709622154,flip
615,2022-06-23,-1,-1,0.0091664725885294,-0.0091664725885294,0.7607850305923561,flip
616,2022-06-24,-1,-1,0.008458990377725,-0.008458990377725,0.7543495573390582,hold
617,2022-06-27,-1,-1,0.0011464333961117,-0.0011464333961117,0.7534847458141827,hold
618,2022-06-28,-1,-1,-0.0032239710103227,0.0032239710103227,0.755913958791408,hold
619,2022-06-29,-1,-1,-0.0011930812414028,0.0011930812414028,0.7568158255557564,hold
620,2022-06-30,-1,-1,-0.0017870563085186,0.0017870563085186,0.7581682980512024,hold
621,2022-07-01,-1,-1,0.0052881882498054,-0.0052881882498054,0.7541589613660732,hold
622,2022-07-04,-1,-1,-0.0015471713984448,0.0015471713984448,0.7553257745409796,hold
623,2022-07-05,-1,-1,0.0113181897073002,-0.0113181897073002,0.7467768541339113,hold
624,2022-07-06,-1,-1,0.0089494920315105,-0.0089494920315105,0.7400935806285234,hold
625,2022-07-07,1,1,0.0054360478665673,0.0054360478665673,0.7433766711779308,flip
626,2022-07-08,-1,-1,-0.0002835659276332,0.0002835659276332,0.7428440908020963,flip
627,2022-07-11,-1,-1,-0.0097249750439381,0.0097249750439381,0.7500682310466836,hold
628,2022-07-12,-1,-1,-0.0057072925015229,0.0057072925015229,0.7543490898373669,hold
629,2022-07-13,-1,-1,-0.0017536552323109,0.0017536552323109,0.7556719580657493,hold
630,2022-07-14,-1,-1,0.0069359576863876,-0.0069359576863876,0.7504306493398156,hold
631,2022-07-15,-1,-1,0.0142873041582765,-0.0142873041582765,0.7397090184030047,hold
632,2022-07-18,-1,-1,0.0038117642711243,-0.0038117642711243,0.7368894219956278,hold
633,2022-07-19,-1,-1,0.0110338885069691,-0.0110338885069691,0.7287586662713631,hold
634,2022-07-20,-1,-1,0.005108719746296,-0.005108719746296,0.7250356424826983,hold
635,2022-07-21,-1,-1,0.0068772959606149,-0.0068772959606149,0.7200493577873501,hold
636,2022-07-22,-1,-1,-0.0052901993117577,0.0052901993117577,0.7238585624043484,hold
637,2022-07-25,-1,-1,-0.008847958067765,0.008847958067765,0.7302632326114947,hold
638,2022-07-26,-1,-1,0.0095821774414373,-0.0095821774414373,0.7232657207376538,hold
639,2022-07-27,-1,-1,0.0172937311236929,-0.0172937311236929,0.7107577578322328,hold
640,2022-07-28,-1,-1,0.0135059538264792,-0.0135059538264792,0.7011582963731388,hold
641,2022-07-29,-1,-1,0.0105955316684394,-0.0105955316684394,0.6937291514393281,hold
642,2022-08-01,-1,-1,0.0003113276638058,-0.0003113276638058,0.6935131743632965,hold
643,2022-08-02,-1,-1,0.0024618083588656,-0.0024618083588656,0.6918058778336655,hold
644,2022-08-03,-1,-1,-0.0003537116074355,0.0003537116074355,0.6920505776027474,hold
645,2022-08-04,-1,-1,0.0008917270739845,-0.0008917270739845,0.6914334573661324,hold
646,2022-08-05,-1,-1,0.0073343646716481,-0.0073343646716481,0.6863622322436308,hold
647,2022-08-08,-1,-1,0.0005506610997998,-0.0005506610997998,0.6859842792619625,hold
648,2022-08-10,-1,-1,0.0070859293688247,-0.0070859293688247,0.6811234431109882,hold
649,2022-08-11,-1,-1,0.0022170219505635,-0.0022170219505635,0.6796133774865677,hold
650,2022-08-12,-1,-1,0.0071815193435313,-0.0071815193435313,0.6747327208700252,hold
651,2022-08-16,-1,-1,0.0066759231988331,-0.0066759231988331,0.6702282570457572,hold
652,2022-08-17,-1,-1,0.000682669936052,-0.000682669936052,0.6697707123643795,hold
653,2022-08-18,-1,-1,-0.011029475746944,0.011029475746944,0.6771579321924158,hold
654,2022-08-19,-1,-1,-0.0150773300473388,0.0150773300473388,0.6873676658302543,hold
655,2022-08-22,-1,-1,0.0049626821755044,-0.0049626821755044,0.6839564785670205,hold
656,2022-08-23,-1,-1,0.0015616110795051,-0.0015616110795051,0.6828884045521909,hold
657,2022-08-24,-1,-1,-0.0046861822192667,0.0046861822192667,0.6860885440513468,hold
658,2022-08-25,-1,-1,0.0020802555293466,-0.0020802555293466,0.6846613045639626,hold
659,2022-08-26,-1,-1,-0.0140099889245538,0.0140099889245538,0.6942534018579742,hold
660,2022-08-29,0,-1,0.0257842637890255,-0.0257842637890255,0.6763525890080399,hold
661,2022-08-30,1,1,-0.0121907952721076,-0.0121907952721076,0.6674309604746749,flip
662,2022-09-01,-1,-1,-0.0001910505934481,0.0001910505934481,0.6668910425952845,flip
663,2022-09-02,-1,-1,0.0072038500710118,-0.0072038500710118,0.6620868595107274,hold
664,2022-09-05,1,1,-0.0005774531254664,-0.0005774531254664,0.6610424485248619,flip
665,2022-09-06,1,1,-0.0017671004916441,-0.0017671004916441,0.6598743200890761,hold
666,2022-09-07,-1,-1,0.0098925129655895,-0.0098925129655895,0.6526866305018463,flip
667,2022-09-08,1,1,0.0019439347917691,0.0019439347917691,0.6533027241204996,flip
668,2022-09-09,0,1,0.005775695663245,0.005775695663245,0.6570760018309886,hold
669,2022-09-12,0,1,0.0074542019299801,0.0074542019299801,0.6619739790319807,hold
670,2022-09-13,0,1,-0.0036690976717561,-0.0036690976717561,0.6595451318467515,hold
671,2022-09-14,-1,-1,-0.0070179606679163,0.0070179606679163,0.663514248508921,flip
672,2022-09-15,-1,-1,-0.0193848531485446,0.0193848531485446,0.6763763747782334,hold
673,2022-09-16,0,-1,0.0052136885924867,-0.0052136885924867,0.6728499589888246,hold
674,2022-09-19,-1,-1,0.0110088098852303,-0.0110088098852303,0.6654426817090316,hold
675,2022-09-20,-1,-1,-0.0054950054374517,0.0054950054374517,0.6690992928633351,hold
676,2022-09-21,0,-1,-0.0049975776569025,0.0049975776569025,0.6724431685395982,hold
677,2022-09-22,-1,-1,-0.0171556772324205,0.0171556772324205,0.6839793864962096,hold
678,2022-09-23,0,-1,-0.0179513217622564,0.0179513217622564,0.6962577205419538,hold
679,2022-09-26,0,-1,-0.0005230508522044,0.0005230508522044,0.6966218987360372,hold
680,2022-09-27,-1,-1,-0.0087491784653945,0.0087491784653945,0.7027167680509808,hold
681,2022-09-28,1,1,-0.0024023347691036,-0.0024023347691036,0.7003258903582089,flip
682,2022-09-29,-1,-1,0.016425755966269,-0.016425755966269,0.6881221822959667,flip
683,2022-09-30,-1,-1,-0.0121092644487904,0.0121092644487904,0.6964548357744672,hold
684,2022-10-03,-1,-1,0.0229136709327191,-0.0229136709327191,0.6804964988480301,hold
685,2022-10-04,-1,-1,0.0033286441360573,-0.0033286441360573,0.678231368167532,hold
686,2022-10-06,-1,-1,-0.0009895331040011,0.0009895331040011,0.6789025005585058,hold
687,2022-10-07,-1,-1,-0.0042536458411471,0.0042536458411471,0.6817903113565508,hold
688,2022-10-10,-1,-1,-0.0149323831999303,0.0149323831999303,0.6919710655477267,hold
689,2022-10-11,-1,-1,0.0082461453396196,-0.0082461453396196,0.6862649715704087,hold
690,2022-10-12,-1,-1,-0.0063800837728176,0.0063800837728176,0.6906433995793781,hold
691,2022-10-13,-1,-1,0.0100708880038873,-0.0100708880038873,0.6836880072515902,hold
692,2022-10-14,-1,-1,0.0073375869608156,-0.0073375869608156,0.678671387044315,hold
693,2022-10-17,-1,-1,0.010117285874136,-0.010117285874136,0.6718050746069912,hold
694,2022-10-18,-1,-1,0.0014468379208691,-0.0014468379208691,0.6708330815496175,hold
695,2022-10-19,-1,-1,0.002952174549244,-0.002952174549244,0.6688526651994758,hold
696,2022-10-20,-1,-1,0.0007032337856462,-0.0007032337856462,0.6683823054076881,hold
697,2022-10-21,-1,-1,0.0087873563767617,-0.0087873563767617,0.6625089918941491,hold
698,2022-10-24,1,1,-0.004196122026705,-0.004196122026705,0.6590665143284777,flip
699,2022-10-25,-1,-1,0.0045649078749665,-0.0045649078749665,0.6553988698927644,flip
700,2022-10-27,-1,-1,0.0028106052447454,-0.0028106052447454,0.6535568023916436,hold
701,2022-10-28,-1,-1,0.0126722303955641,-0.0126722303955641,0.6452747800151485,hold
702,2022-10-31,-1,-1,0.0073950532223929,-0.0073950532223929,0.6405029386738686,hold
703,2022-11-01,-1,-1,-0.0034471976315451,0.0034471976315451,0.6427108788870629,hold
704,2022-11-02,-1,-1,-0.0016673473084335,0.0016673473084335,0.6437825011410762,hold
705,2022-11-03,-1,-1,0.0035701681556883,-0.0035701681556883,0.6414840893563128,hold
706,2022-11-04,-1,-1,0.0047275862251119,-0.0047275862251119,0.6384514180118435,hold
707,2022-11-07,-1,-1,-0.0025161392359563,0.0025161392359563,0.640057850674955,hold
708,2022-11-09,-1,-1,-0.0070937259046097,0.0070937259046097,0.6445982456307368,hold
709,2022-11-10,-1,-1,0.0178331732470333,-0.0178331732470333,0.6331030134416701,hold
710,2022-11-11,-1,-1,-0.0011198455015547,0.0011198455015547,0.6338119910032934,hold
711,2022-11-14,-1,-1,0.0040509242609507,-0.0040509242609507,0.6312444666320568,hold
712,2022-11-15,-1,-1,0.0003396111515991,-0.0003396111515991,0.6310300889718033,hold
713,2022-11-16,-1,-1,-0.0035714963948192,0.0035714963948192,0.6332838106595886,hold
714,2022-11-17,-1,-1,-0.0019761337135545,0.0019761337135545,0.6345352641480813,hold
715,2022-11-18,-1,-1,-0.0080677295405768,0.0080677295405768,0.6396545230431865,hold
716,2022-11-21,-1,-1,0.0046393301536886,-0.0046393301536886,0.6366869545264889,hold
717,2022-11-22,-1,-1,0.0012634580983039,-0.0012634580983039,0.635882527237708,hold
718,2022-11-23,-1,-1,0.0118709498898301,-0.0118709498898301,0.6283339976210507,hold
719,2022-11-24,0,-1,0.0015500019600884,-0.0015500019600884,0.6273600786931479,hold
720,2022-11-25,-1,-1,0.0027008413120686,-0.0027008413120686,0.6256656786750708,hold
721,2022-11-28,0,-1,0.0029791265437502,-0.0029791265437502,0.6238017414442164,hold
722,2022-11-29,0,-1,0.0075356346254191,-0.0075356346254191,0.6191009994419927,hold
723,2022-11-30,0,-1,0.0028867353340049,-0.0028867353340049,0.6173138187115857,hold
724,2022-12-01,-1,-1,-0.006187396179402,0.006187396179402,0.6211333838749739,hold
725,2022-12-02,-1,-1,0.0002648237856262,-0.0002648237856262,0.6209688929808773,hold
726,2022-12-05,-1,-1,-0.0031175136590962,0.0031175136590962,0.6229047719866191,hold
727,2022-12-06,-1,-1,-0.0044119027503989,0.0044119027503989,0.6256529672633834,hold
728,2022-12-07,-1,-1,0.0026319123609277,-0.0026319123609277,0.6240063034851917,hold
729,2022-12-08,-1,-1,-0.0060587824059793,0.0060587824059793,0.627787021897968,hold
730,2022-12-09,0,-1,2.977743269738653e-05,-2.977743269738653e-05,0.6277683280121751,hold
731,2022-12-12,-1,-1,0.0059927938646799,-0.0059927938646799,0.6240062418276233,hold
732,2022-12-13,-1,-1,0.0028106610731943,-0.0028106610731943,0.6222523717742882,hold
733,2022-12-14,-1,-1,-0.0131509343553336,0.0131509343553336,0.6304355718679424,hold
734,2022-12-15,0,-1,-0.0079229530179417,0.0079229530179417,0.6354304832846913,hold
735,2022-12-16,0,-1,0.0082899566889265,-0.0082899566889265,0.6301627920994376,hold
736,2022-12-19,1,1,-0.0019081205394395,-0.0019081205394395,0.6283302027405427,flip
737,2022-12-20,-1,-1,-0.0101277196435586,0.0101277196435586,0.6340654246747388,flip
738,2022-12-21,1,1,-0.0039425027358517,-0.0039425027358517,0.630931554578575,flip
739,2022-12-22,-1,-1,-0.0176831602541178,0.0176831602541178,0.6414574868129891,flip
740,2022-12-23,-1,-1,0.0116696328935068,-0.0116696328935068,0.6339719134250901,hold
741,2022-12-26,-1,-1,0.0065336546149905,-0.0065336546149905,0.6298297599071659,hold
742,2022-12-27,-1,-1,-0.0005405150382313,0.0005405150382313,0.6301701923639215,hold
743,2022-12-28,-1,-1,0.0037798317009243,-0.0037798317009243,0.6277882550938467,hold
744,2022-12-29,-1,-1,-0.0047110779368918,0.0047110779368918,0.6307458144914591,hold
745,2022-12-30,-1,-1,0.0050895833553579,-0.0050895833553579,0.6275355810925617,hold
746,2023-01-02,-1,-1,0.0019289276248581,-0.0019289276248581,0.6263251103746109,hold
747,2023-01-03,-1,-1,-0.0103990694870288,0.0103990694870288,0.6328383087188675,hold
748,2023-01-04,-1,-1,-0.0028154392892826,0.0028154392892826,0.6346200265569977,hold
749,2023-01-05,-1,-1,-0.0073755037054461,0.0073755037054461,0.6393006689144192,hold
750,2023-01-06,-1,-1,0.0135362517084902,-0.0135362517084902,0.6306469341425874,hold
751,2023-01-09,-1,-1,-0.0103335047509585,0.0103335047509585,0.6371637272327273,hold
752,2023-01-10,-1,-1,-0.0010299775022909,0.0010299775022909,0.6378199915370528,hold
753,2023-01-11,-1,-1,-0.0020954755408891,0.0020954755408891,0.6391565277288088,hold
754,2023-01-12,-1,-1,0.0055100959183882,-0.0055100959183882,0.6356347139541592,hold
755,2023-01-13,1,1,-0.0034388470725693,-0.0034388470725693,0.6328132286649003,flip
756,2023-01-16,-1,-1,0.0088545685118242,-0.0088545685118242,0.6265771273478333,flip
757,2023-01-17,1,1,0.00620655632356,0.00620655632356,0.6298394364524244,flip
758,2023-01-18,1,1,-0.003165367099256,-0.003165367099256,0.6278457634224639,hold
759,2023-01-19,-1,-1,-0.0044289753051891,0.0044289753051891,0.6299986310407072,flip
760,2023-01-20,-1,-1,0.0050422760956287,-0.0050422760956287,0.6268220040031318,hold
761,2023-01-23,0,-1,-1.3798013043020418e-05,1.3798013043020418e-05,0.6268306529013187,hold
762,2023-01-24,-1,-1,-0.0124929796250122,0.0124929796250122,0.6346616354763479,hold
763,2023-01-25,0,-1,-0.0160742469061787,0.0160742469061787,0.6448633433068739,hold
764,2023-01-27,0,-1,0.0025334426073457,-0.0025334426073457,0.6432296190370249,hold
765,2023-01-30,-1,-1,0.0007479862801675,-0.0007479862801675,0.6427484921069878,hold
766,2023-01-31,-1,-1,-0.0025959245256645,0.0025959245256645,0.6444170186814823,hold
767,2023-02-01,-1,-1,-0.0003349392530399,0.0003349392530399,0.6446328592363656,hold
768,2023-02-02,-1,-1,0.0138355963078902,-0.0138355963078902,0.6357139792291702,hold
769,2023-02-03,1,1,-0.0050101331608701,-0.0050101331608701,0.6318932535617763,flip
770,2023-02-06,-1,-1,-0.0024261514654264,0.0024261514654264,0.6327944290513365,flip
771,2023-02-07,-1,-1,0.0084755364246817,-0.0084755364246817,0.6274311568185763,hold
772,2023-02-08,1,1,0.0012170079483646,0.0012170079483646,0.6275673143666577,flip
773,2023-02-09,-1,-1,-0.0020649578680046,0.0020649578680046,0.628235647115795,flip
774,2023-02-10,-1,-1,-0.0047937507000251,0.0047937507000251,0.6312472521889371,hold
775,2023-02-13,-1,-1,0.0089443537049958,-0.0089443537049958,0.6256011534900525,hold
776,2023-02-14,1,1,0.0047964707944361,0.0047964707944361,0.6279762299982431,flip
777,2023-02-15,0,1,0.0011101336008929,0.0011101336008929,0.6286733675117262,hold
778,2023-02-16,-1,-1,-0.0050815676893513,0.0050815676893513,0.6312393404157177,flip
779,2023-02-17,-1,-1,-0.0055505184801407,0.0055505184801407,0.634743046040087,hold
780,2023-02-20,-1,-1,-0.001003126492992,0.001003126492992,0.6353797736058122,hold
781,2023-02-21,-1,-1,-0.0152803631315826,0.0152803631315826,0.6450886072729717,hold
782,2023-02-22,0,-1,-0.0024524349779846,0.0024524349779846,0.6466706451373473,hold
783,2023-02-23,-1,-1,-0.002595429723749,0.002595429723749,0.6483490333512126,hold
784,2023-02-24,-1,-1,-0.0041854114458053,0.0041854114458053,0.6510626408162776,hold
785,2023-02-27,-1,-1,-0.0051027157362857,0.0051027157362857,0.6543848283988786,hold
786,2023-02-28,-1,-1,0.008492348770636,-0.008492348770636,0.6488275642059025,hold
787,2023-03-01,-1,-1,-0.0073921687198044,0.0073921687198044,0.6536238070305722,hold
788,2023-03-02,-1,-1,0.0157285986298278,-0.0157285986298278,0.6433432205148883,hold
789,2023-03-03,1,1,0.0066555236183669,0.0066555236183669,0.6469816632932266,flip
790,2023-03-06,-1,-1,0.0024250512391459,-0.0024250512391459,0.6447657179456594,flip
791,2023-03-08,-1,-1,-0.0092822498999752,0.0092822498999752,0.6507505944665679,hold
792,2023-03-09,-1,-1,-0.010045664635585,0.010045664635585,0.6572878166999867,hold
793,2023-03-10,-1,-1,-0.0148510359316261,0.0148510359316261,0.6670492216832182,hold
794,2023-03-13,-1,-1,-0.0064706805258611,0.0064706805258611,0.6713654840917547,hold
795,2023-03-14,-1,-1,-0.0041746837386849,0.0041746837386849,0.6741682226609068,hold
796,2023-03-15,-1,-1,0.0007924286811309,-0.0007924286811309,0.6736339924253633,hold
797,2023-03-16,-1,-1,0.0067381296219788,-0.0067381296219788,0.6690949592666301,hold
798,2023-03-17,-1,-1,-0.0065292432199922,0.0065292432199922,0.6734636429929527,hold
799,2023-03-20,1,1,0.007010642946744,0.007010642946744,0.6775115924885969,flip
800,2023-03-21,-1,-1,0.0025953757489405,-0.0025953757489405,0.6750756837393374,flip
801,2023-03-22,-1,-1,-0.0043726933046436,0.0043726933046436,0.678027582661752,hold
802,2023-03-23,-1,-1,-0.0077209333285906,0.0077209333285906,0.6832625884224288,hold
803,2023-03-24,-1,-1,0.0023988383407489,-0.0023988383407489,0.6816235519285218,hold
804,2023-03-27,-1,-1,-0.0020016838613549,0.0020016838613549,0.6829879467919364,hold
805,2023-03-28,-1,-1,0.0076098565893214,-0.0076098565893214,0.6777905064646147,hold
806,2023-03-29,-1,-1,0.0163371989446239,-0.0163371989446239,0.6667173081177249,hold
807,2023-03-31,-1,-1,0.0022062979737611,-0.0022062979737611,0.6652463310717532,hold
808,2023-04-03,-1,-1,0.0091389548173612,-0.0091389548173612,0.6591666749096732,hold
809,2023-04-05,-1,-1,0.0023978747854371,-0.0023978747854371,0.6575860757605069,hold
810,2023-04-06,-1,-1,0.001414863221935,-0.001414863221935,0.6566556814066568,hold
811,2023-04-10,-1,-1,0.0055747683219642,-0.0055747683219642,0.6529949781155131,hold
812,2023-04-11,-1,-1,0.0050839679614469,-0.0050839679614469,0.6496751725677881,hold
813,2023-04-12,-1,-1,0.0008757724412713,-0.0008757724412713,0.649106204955875,hold
814,2023-04-13,-1,-1,-0.0067955121508301,0.0067955121508301,0.6535172140588319,hold
815,2023-04-17,-1,-1,-0.0026373533282438,0.0026373533282438,0.6552407698583945,hold
816,2023-04-18,-1,-1,-0.0023442830162407,0.0023442830162407,0.6567768396667221,hold
817,2023-04-19,-1,-1,0.0003234746363958,-0.0003234746363958,0.6565643890173177,hold
818,2023-04-20,-1,-1,-2.260708945023282e-05,2.260708945023282e-05,0.65657923202719,hold
819,2023-04-21,-1,-1,0.0067719737565652,-0.0067719737565652,0.6521328946987961,hold
820,2023-04-24,-1,-1,0.0014568576938982,-0.0014568576938982,0.65118282987371,hold
821,2023-04-25,-1,-1,0.0024958627615121,-0.0024958627615121,0.6495575668976922,hold
822,2023-04-26,-1,-1,0.0056951528101938,-0.0056951528101938,0.6458582372951921,hold
823,2023-04-27,-1,-1,0.0083700136036979,-0.0083700136036979,0.6404523950629709,hold
824,2023-04-28,1,1,0.0045751669319125,0.0045751669319125,0.6427421192872643,flip
825,2023-05-02,-1,-1,-0.0031850283648763,0.0031850283648763,0.6441465290492078,flip
826,2023-05-03,-1,-1,0.0091737176073036,-0.0091737176073036,0.6382373106939856,hold
827,2023-05-04,0,-1,-0.0102324068655403,0.0102324068655403,0.6447680145337747,hold
828,2023-05-05,-1,-1,0.0108141231183243,-0.0108141231183243,0.637795413841849,hold
829,2023-05-08,-1,-1,8.480038171931881e-05,-8.480038171931881e-05,0.6377413285472964,hold
830,2023-05-09,-1,-1,0.0026908205008338,-0.0026908205008338,0.6360252811062124,hold
831,2023-05-10,-1,-1,-0.0009882342854272,0.0009882342854272,0.6366538230954001,hold
832,2023-05-11,-1,-1,0.0009728797753729,-0.0009728797753729,0.6360344354669968,hold
833,2023-05-12,-1,-1,0.0045891205221868,-0.0045891205221868,0.6331155967863776,hold
834,2023-05-15,-1,-1,-0.0061063388070606,0.0061063388070606,0.6369816151243896,hold
835,2023-05-16,-1,-1,-0.0057282694884204,0.0057282694884204,0.6406304174749914,hold
836,2023-05-17,-1,-1,-0.0028490536527011,0.0028490536527011,0.6424556079059299,hold
837,2023-05-18,-1,-1,0.0040513721791914,-0.0040513721791914,0.6398527811296943,hold
838,2023-05-19,-1,-1,0.0060977618257063,-0.0060977618257063,0.6359511112668497,hold
839,2023-05-22,-1,-1,0.0018346005688616,-0.0018346005688616,0.6347843949963513,hold
840,2023-05-23,-1,-1,-0.0034117947119577,0.0034117947119577,0.6369501490384331,hold
841,2023-05-24,-1,-1,0.0019551116867164,-0.0019551116867164,0.6357048403581923,hold
842,2023-05-25,-1,-1,0.0097264208278746,-0.0097264208278746,0.6295217075585517,hold
843,2023-05-26,0,-1,0.0053677985089635,-0.0053677985089635,0.6261425618753588,hold
844,2023-05-29,0,-1,0.0018925684396833,-0.0018925684396833,0.624957544224011,hold
845,2023-05-30,0,-1,-0.0053370195013254,0.0053370195013254,0.6282929548250349,hold
846,2023-05-31,0,-1,-0.0025169624936233,0.0025169624936233,0.6298743446273372,hold
847,2023-06-01,-1,-1,0.0025070443604549,-0.0025070443604549,0.628295221703844,hold
848,2023-06-02,-1,-1,0.0032237875731377,-0.0032237875731377,0.6262697313758534,hold
849,2023-06-05,-1,-1,0.0002769943144211,-0.0002769943144211,0.6260962582209683,hold
850,2023-06-06,-1,-1,0.0068498516385289,-0.0068498516385289,0.6218075917407165,hold
851,2023-06-07,0,-1,-0.0049048192636628,0.0049048192636628,0.6248574455949781,hold
852,2023-06-08,-1,-1,-0.0038181972541345,0.0038181972541345,0.6272432745779744,hold
853,2023-06-09,-1,-1,0.0020524046550352,-0.0020524046550352,0.625955917561391,hold
854,2023-06-12,-1,-1,0.0061635024393194,-0.0061635024393194,0.622097836736595,hold
855,2023-06-13,-1,-1,0.0021238341844009,-0.0021238341844009,0.620776604084892,hold
856,2023-06-14,-1,-1,-0.0036149041015322,0.0036149041015322,0.6230206519771336,hold
857,2023-06-15,-1,-1,0.007379048352023,-0.007379048352023,0.6184233524618855,hold
858,2023-06-16,0,-1,-0.0037475183921172,0.0037475183921172,0.6207409053493512,hold
859,2023-06-19,-1,-1,0.0032657175674986,-0.0032657175674986,0.6187137408698868,hold
860,2023-06-20,-1,-1,0.002133763746672,-0.002133763746672,0.6173935519200509,hold
861,2023-06-21,-1,-1,-0.0045394438174043,0.0045394438174043,0.6201961752622196,hold
862,2023-06-22,-1,-1,-0.0056336152360657,0.0056336152360657,0.6236901218845264,hold
863,2023-06-23,-1,-1,0.0013768299134766,-0.0013768299134766,0.6228314066679759,hold
864,2023-06-26,-1,-1,0.0067519034171119,-0.0067519034171119,0.6186261091650098,hold
865,2023-06-27,0,-1,0.0082210728123248,-0.0082210728123248,0.6135403388779591,hold
866,2023-06-28,0,-1,0.0114352747635688,-0.0114352747635688,0.6065243365243566,hold
867,2023-06-30,0,-1,0.0069570924336936,-0.0069570924336936,0.602304690651872,hold
868,2023-07-03,0,-1,0.0034389465191355,-0.0034389465191355,0.6002333970324958,hold
869,2023-07-04,-1,-1,0.0004899685388621,-0.0004899685388621,0.5999393015519755,hold
870,2023-07-05,-1,-1,0.0050932175812563,-0.0050932175812563,0.5968836801536244,hold
871,2023-07-06,-1,-1,-0.0084883544577184,0.0084883544577184,0.6019502404007957,hold
872,2023-07-07,-1,-1,0.0012466303397029,-0.0012466303397029,0.6011998309681207,hold
873,2023-07-10,-1,-1,0.0043139300324381,-0.0043139300324381,0.5986062969618107,hold
874,2023-07-11,-1,-1,-0.0028344294714754,0.0028344294714754,0.60030300429173,hold
875,2023-07-12,-1,-1,0.0015192303855748,-0.0015192303855748,0.5993910057270582,hold
876,2023-07-13,-1,-1,0.0077651149314275,-0.0077651149314275,0.5947366656787236,hold
877,2023-07-14,-1,-1,0.0075110132510414,-0.0075110132510414,0.5902695907019305,hold
878,2023-07-17,-1,-1,0.0019177068530324,-0.0019177068530324,0.5891376266627049,hold
879,2023-07-18,-1,-1,0.0042482823714824,-0.0042482823714824,0.5866348036689767,hold
880,2023-07-19,-1,-1,0.0073614124394989,-0.0073614124394989,0.5823163429278049,hold
881,2023-07-20,-1,-1,-0.011719737128305,0.011719737128305,0.5891409373924347,hold
882,2023-07-21,-1,-1,-0.0036794322929856,0.0036794322929856,0.5913086415825962,hold
883,2023-07-24,-1,-1,0.0004193703428323,-0.0004193703428323,0.591060664274856,hold
884,2023-07-25,-1,-1,0.0049643391875346,-0.0049643391875346,0.5881264386569861,hold
885,2023-07-26,-1,-1,-0.0059863783008722,0.0059863783008722,0.5916471860075315,hold
886,2023-07-27,-1,-1,-0.0007044597937843,0.0007044597937843,0.5920639776621794,hold
887,2023-07-28,-1,-1,0.0054845628365591,-0.0054845628365591,0.5888167655734281,hold
888,2023-07-31,0,-1,-0.0010251191770254,0.0010251191770254,0.5894203729315715,hold
889,2023-08-01,-1,-1,-0.0104897492749598,0.0104897492749598,0.595603244861177,hold
890,2023-08-02,0,-1,-0.0074206854169113,0.0074206854169113,0.6000230291745833,hold
891,2023-08-03,0,-1,0.0069833892701145,-0.0069833892701145,0.5958328347908238,hold
892,2023-08-04,1,1,0.0041144018676027,0.0041144018676027,0.5976884976842755,flip
893,2023-08-07,1,1,-0.0013497354646058,-0.0013497354646058,0.596881776322164,hold
894,2023-08-08,-1,-1,0.0031527078847637,-0.0031527078847637,0.5944031006633591,flip
895,2023-08-09,1,1,-0.0045562684580157,-0.0045562684580157,0.5911004374637966,flip
896,2023-08-10,1,1,-0.0058741361615907,-0.0058741361615907,0.5876282330089584,hold
897,2023-08-11,-1,-1,0.0003216956578122,-0.0003216956578122,0.5868515673249827,flip
898,2023-08-14,-1,-1,0.0015667570139761,-0.0015667570139761,0.5859321135157134,hold
899,2023-08-16,-1,-1,-0.0051245825841254,0.0051245825841254,0.5889347710201157,hold
900,2023-08-17,-1,-1,-0.0028452826260957,0.0028452826260957,0.5906104568920029,hold
901,2023-08-18,-1,-1,0.0043215209131937,-0.0043215209131937,0.5880581214509932,hold
902,2023-08-21,-1,-1,0.0001469355577301,-0.0001469355577301,0.5879717148029401,hold
903,2023-08-22,-1,-1,0.0024515199000461,-0.0024515199000461,0.5865302904434364,hold
904,2023-08-23,-1,-1,-0.0029469646806212,0.0029469646806212,0.5882587744934877,hold
905,2023-08-24,-1,-1,-0.0062361537740819,0.0062361537740819,0.591927246670182,hold
906,2023-08-25,-1,-1,0.0020891942389009,-0.0020891942389009,0.5906905956765902,hold
907,2023-08-28,-1,-1,0.001895758474361,-0.001895758474361,0.589570788974111,hold
908,2023-08-29,-1,-1,0.0002480956863764,-0.0002480956863764,0.589424519004553,hold
909,2023-08-30,1,1,-0.0048403506033882,-0.0048403506033882,0.5859820731593329,flip
910,2023-08-31,-1,-1,0.0094267101889176,-0.0094267101889176,0.5798722079065994,flip
911,2023-09-01,0,-1,0.0048108337016425,-0.0048108337016425,0.5770825391461565,hold
912,2023-09-04,1,1,0.0023605960187407,0.0023605960187407,0.5778677153514036,flip
913,2023-09-05,-1,-1,0.0018467726478093,-0.0018467726478093,0.5762226573452891,flip
914,2023-09-06,0,-1,0.0059150323607803,-0.0059150323607803,0.5728142816800769,hold
915,2023-09-07,0,-1,0.004709190366575,-0.004709190366575,0.5701167901829525,hold
916,2023-09-08,0,-1,0.0089001434200508,-0.0089001434200508,0.5650426689841451,hold
917,2023-09-11,0,-1,-0.0001575482868895,0.0001575482868895,0.565131690488663,hold
918,2023-09-12,-1,-1,0.0038413452699443,-0.0038413452699443,0.5629608245425087,hold
919,2023-09-13,-1,-1,0.0016492082399102,-0.0016492082399102,0.5620323849119265,hold
920,2023-09-14,-1,-1,0.0044396138771742,-0.0044396138771742,0.5595371781364502,hold
921,2023-09-15,-1,-1,-0.0029243168460981,0.0029243168460981,0.5611734421324929,hold
922,2023-09-18,-1,-1,-0.011518249945432,0.011518249945432,0.5676371781017133,hold
923,2023-09-20,-1,-1,-0.0079919391664983,0.0079919391664983,0.5721736998977449,hold
924,2023-09-21,-1,-1,-0.0034494176591149,0.0034494176591149,0.5741473659622532,hold
925,2023-09-22,-1,-1,1.5288066889551644e-05,-1.5288066889551644e-05,0.574138588358918,hold
926,2023-09-25,-1,-1,-0.0005007261720755,0.0005007261720755,0.5744260745765077,hold
927,2023-09-26,-1,-1,0.0026316191986632,-0.0026316191986632,0.5729144038904395,hold
928,2023-09-27,-1,-1,-0.0097836296667737,0.0097836296667737,0.5785195862488639,hold
929,2023-09-28,-1,-1,0.0058775169171687,-0.0058775169171687,0.5751193275937728,hold
930,2023-09-29,-1,-1,-0.0055784246544688,0.0055784246544688,0.5783275874300834,hold
931,2023-10-03,-1,-1,-0.0047443072713306,0.0047443072713306,0.5810713512083391,hold
932,2023-10-04,-1,-1,0.0056415841052857,-0.0056415841052857,0.5777931883093252,hold
933,2023-10-05,-1,-1,0.0055127073660514,-0.0055127073660514,0.5746079835440782,hold
934,2023-10-06,-1,-1,-0.0071819467588469,0.0071819467588469,0.5787347874891001,hold
935,2023-10-09,-1,-1,0.0090968029762401,-0.0090968029762401,0.5734701511518157,hold
936,2023-10-10,-1,-1,0.0061706921287072,-0.0061706921287072,0.5699314434040545,hold
937,2023-10-11,-1,-1,-0.0008757409120068,0.0008757409120068,0.5704305556860826,hold
938,2023-10-12,-1,-1,-0.002169809980297,0.002169809980297,0.5716682815988766,hold
939,2023-10-13,-1,-1,-0.0009772027556287,0.0009772027556287,0.5722269174189606,hold
940,2023-10-16,-1,-1,0.0040417094276989,-0.0040417094276989,0.5699141424920453,hold
941,2023-10-17,0,-1,-0.0070868127413371,0.0070868127413371,0.5739530172985261,hold
942,2023-10-18,0,-1,-0.0023588102112444,0.0023588102112444,0.5753068635365044,hold
943,2023-10-19,-1,-1,-0.0041808960845935,0.0041808960845935,0.577712161749704,hold
944,2023-10-20,-1,-1,-0.0133503074255556,0.0133503074255556,0.5854247967125449,hold
945,2023-10-23,0,-1,-0.008277236732921,0.008277236732921,0.5902704963442568,hold
946,2023-10-25,1,1,-0.0138530649123475,-0.0138530649123475,0.5815031703462119,flip
947,2023-10-26,-1,-1,0.0100757003274603,-0.0100757003274603,0.5750626154919891,flip
948,2023-10-27,-1,-1,0.0049167407696648,-0.0049167407696648,0.5722351816852896,hold
949,2023-10-30,-1,-1,-0.0032026069828995,0.0032026069828995,0.5740678260740156,hold
950,2023-10-31,-1,-1,-0.0047406245729368,0.0047406245729368,0.5767892661168346,hold
951,2023-11-01,-1,-1,0.0075885232572669,-0.0075885232572669,0.5724122873563651,hold
952,2023-11-02,-1,-1,0.0050879808383312,-0.0050879808383312,0.5694998646066706,hold
953,2023-11-03,-1,-1,0.0094199033989916,-0.0094199033989916,0.564135230896337,hold
954,2023-11-06,-1,-1,-0.0002601919584787,0.0002601919584787,0.5642820143469107,hold
955,2023-11-07,-1,-1,0.0018962926582819,-0.0018962926582819,0.5632119705059041,hold
956,2023-11-08,-1,-1,-0.002478937369815,0.002478937369815,0.5646081377067184,hold
957,2023-11-09,-1,-1,0.0015492839458333,-0.0015492839458333,0.5637333993832825,hold
958,2023-11-10,-1,-1,0.0009369804014345,-0.0009369804014345,0.5632051922364263,hold
959,2023-11-13,-1,-1,0.0119267535086042,-0.0119267535086042,0.5564879827338564,hold
960,2023-11-15,-1,-1,0.0045615222809993,-0.0045615222809993,0.5539495504015075,hold
961,2023-11-16,-1,-1,-0.0016897597201204,0.0016897597201204,0.5548855920387548,hold
962,2023-11-17,-1,-1,-0.0019157289123818,0.0019157289123818,0.5559486024104876,hold
963,2023-11-20,-1,-1,0.004539473475424,-0.004539473475424,0.5534248884761461,hold
964,2023-11-21,-1,-1,0.0014380348265852,-0.0014380348265852,0.5526290442126184,hold
965,2023-11-22,-1,-1,-0.0004971574875239,0.0004971574875239,0.5529037878797719,hold
966,2023-11-23,-1,-1,-0.0003686890844358,0.0003686890844358,0.5531076374711065,hold
967,2023-11-24,-1,-1,0.0047992646389904,-0.0047992646389904,0.5504531275450358,hold
968,2023-11-28,-1,-1,0.0104023891135545,-0.0104023891135545,0.5447270999235393,hold
969,2023-11-29,-1,-1,0.0018187545137213,-0.0018187545137213,0.543736375051807,hold
970,2023-11-30,-1,-1,0.0066929416105065,-0.0066929416105065,0.5400971792420769,hold
971,2023-12-01,-1,-1,0.0206681690037693,-0.0206681690037693,0.5289343594630426,hold
972,2023-12-04,-1,-1,0.0081355657602475,-0.0081355657602475,0.5246311791987766,hold
973,2023-12-05,-1,-1,0.0039606432442005,-0.0039606432442005,0.522553302263186,hold
974,2023-12-06,-1,-1,-0.001745599062397,0.001745599062397,0.523465470817669,hold
975,2023-12-07,-1,-1,0.0032653705047074,-0.0032653705047074,0.5217561621090282,hold
976,2023-12-08,-1,-1,0.0013209351833629,-0.0013209351833629,0.521066956037362,hold
977,2023-12-11,-1,-1,-0.0043196070141755,0.0043196070141755,0.523317760515516,hold
978,2023-12-12,-1,-1,0.0009542158562574,-0.0009542158562574,0.522818402410571,hold
979,2023-12-13,-1,-1,0.0122500872899569,-0.0122500872899569,0.5164138313442457,hold
980,2023-12-14,-1,-1,0.0129327792008919,-0.0129327792008919,0.509735165287184,hold
981,2023-12-15,-1,-1,-0.0017710126840955,0.0017710126840955,0.5106379127304371,hold
982,2023-12-18,-1,-1,0.0016083748565725,-0.0016083748565725,0.5098166155507888,hold
983,2023-12-19,-1,-1,-0.0141214660942333,0.0141214660942333,0.517015973601566,hold
984,2023-12-20,-1,-1,0.0049597940765233,-0.0049597940765233,0.5144516808382291,hold
985,2023-12-21,-1,-1,0.0044389265566107,-0.0044389265566107,0.5121680676100633,hold
986,2023-12-22,-1,-1,0.0043068759341071,-0.0043068759341071,0.5099622232854554,hold
987,2023-12-26,-1,-1,0.0099527499207277,-0.0099527499207277,0.504886696808077,hold
988,2023-12-27,-1,-1,0.0057238813077962,-0.0057238813077962,0.5019967852816623,hold
989,2023-12-28,-1,-1,-0.0021717930740454,0.0021717930740454,0.5030870184231301,hold
990,2023-12-29,-1,-1,0.0004831718072126,-0.0004831718072126,0.5028439409592534,hold
991,2024-01-01,-1,-1,-0.003500136051024,0.003500136051024,0.504603963165044,hold
992,2024-01-02,-1,-1,-0.0068518663756694,0.0068518663756694,0.5080614420932841,hold
993,2024-01-03,-1,-1,0.0065644701863494,-0.0065644701863494,0.504726287903829,hold
994,2024-01-04,-1,-1,0.0024101822286055,-0.0024101822286055,0.5035098055744132,hold
995,2024-01-05,-1,-1,-0.009110708685643,0.009110708685643,0.5080971367333664,hold
996,2024-01-08,-1,-1,0.0014804820050666,-0.0014804820050666,0.5073449080656068,hold
997,2024-01-09,-1,-1,0.0034277152411805,-0.0034277152411805,0.505605874191695,hold
998,2024-01-10,-1,-1,0.0013183031833516,-0.0013183031833516,0.5049393323582269,hold
999,2024-01-11,-1,-1,0.0114264926377058,-0.0114264926377058,0.4991696467945475,hold
1000,2024-01-12,0,-1,0.0092670746948486,-0.0092670746948486,0.4945438043923013,hold
1001,2024-01-15,1,1,-0.0029482333845447,-0.0029482333845447,0.4925912300336798,flip
1002,2024-01-16,-1,-1,-0.0208943935120824,0.0208943935120824,0.5023910338045706,flip
1003,2024-01-17,-1,-1,-0.0050852715087356,0.0050852715087356,0.5049458286150211,hold
1004,2024-01-18,-1,-1,0.0074619571864553,-0.0074619571864553,0.5011779444604166,hold
1005,2024-01-19,0,-1,-0.0177408429427344,0.0177408429427344,0.5100692636594514,hold
1006,2024-01-23,0,-1,0.0101299710711508,-0.0101299710711508,0.504902276774298,hold
1007,2024-01-24,-1,-1,-0.0047240537554001,0.0047240537554001,0.5072874622710036,hold
1008,2024-01-25,-1,-1,0.0180305914522447,-0.0180305914522447,0.49814076928994916,hold
1009,2024-01-29,1,1,-0.0099136981024832,-0.0099136981024832,0.4927042113213799,flip
1010,2024-01-30,-1,-1,0.0094600254190029,-0.0094600254190029,0.4875505127469085,flip
1011,2024-01-31,1,1,-0.0013003033741542,-0.0013003033741542,0.4864289986573662,flip
1012,2024-02-01,-1,-1,0.0072059881750932,-0.0072059881750932,0.48243736804636145,flip
1013,2024-02-02,0,-1,-0.0037568550808078,0.0037568550808078,0.48424981532367795,hold
1014,2024-02-05,-1,-1,0.0072434021015312,-0.0072434021015312,0.4807421991936963,hold
1015,2024-02-06,1,1,5.014315737827957e-05,5.014315737827957e-05,0.4802855629262552,flip
1016,2024-02-07,-1,-1,-0.0096920171108729,0.0096920171108729,0.48446021325731553,flip
1017,2024-02-08,-1,-1,0.0029722318898448,-0.0029722318898448,0.48302028516211115,hold
1018,2024-02-09,-1,-1,-0.0076414194307357,0.0076414194307357,0.4867112457545884,hold
1019,2024-02-12,0,-1,0.0058844800115076,-0.0058844800115076,0.4838472031575695,hold
1020,2024-02-13,-1,-1,0.0044519922849619,-0.0044519922849619,0.4816931191420116,hold
1021,2024-02-14,-1,-1,0.0032371361888359,-0.0032371361888359,0.48013381291412377,hold
1022,2024-02-15,-1,-1,0.0059308430222606,-0.0059308430222606,0.47728621464005067,hold
1023,2024-02-16,0,-1,0.0037000088082788,-0.0037000088082788,0.4755202514418124,hold
1024,2024-02-19,-1,-1,0.003376655573009,-0.003376655573009,0.47391458333470277,hold
1025,2024-02-20,-1,-1,-0.00639270001033,0.00639270001033,0.4769441770964821,hold
1026,2024-02-21,-1,-1,0.0073633218581414,-0.0073633218581414,0.47343228361215434,hold
1027,2024-02-22,1,1,-0.0002137959201901,-0.0002137959201901,0.4728576334378196,flip
1028,2024-02-23,-1,-1,-0.0040809285088362,0.0040809285088362,0.474314474001299,flip
1029,2024-02-26,-1,-1,0.0034489943486464,-0.0034489943486464,0.4726785660609873,hold
1030,2024-02-27,-1,-1,-0.0111359278099485,0.0111359278099485,0.47794228044995246,hold
1031,2024-02-28,0,-1,0.0014418556686905,-0.0014418556686905,0.4772531566635788,hold
1032,2024-02-29,-1,-1,0.0161921687000685,-0.0161921687000685,0.4695253930382419,hold
1033,2024-03-01,0,-1,0.0029925402887358,-0.0029925402887358,0.4681203193829905,hold
1034,2024-03-04,0,-1,-0.0022002905070378,0.0022002905070378,0.4691503200778803,hold
1035,2024-03-05,-1,-1,0.0052669715420341,-0.0052669715420341,0.4666793186930939,hold
1036,2024-03-06,-1,-1,0.000867667346212,-0.000867667346212,0.4662743962871115,hold
1037,2024-03-07,-1,-1,-0.0071531788017711,0.0071531788017711,0.4696097404144411,hold
1038,2024-03-11,-1,-1,0.000136518866846,-0.000136518866846,0.4695456298248199,hold
1039,2024-03-12,-1,-1,-0.0151327252704165,0.0151327252704165,0.4766511348428836,hold
1040,2024-03-13,0,-1,0.0067712159528048,-0.0067712159528048,0.4734236270747129,hold
1041,2024-03-14,0,-1,-0.0055674686273187,0.0055674686273187,0.4760593982658828,hold
1042,2024-03-15,0,-1,0.0014688778023679,-0.0014688778023679,0.4753601251831614,hold
1043,2024-03-18,-1,-1,-0.0108021966402886,0.0108021966402886,0.48049505873034215,hold
1044,2024-03-19,1,1,0.0009923428906801,0.0009923428906801,0.4804913795271498,flip
1045,2024-03-20,-1,-1,0.0079146856998078,-0.0079146856998078,0.4762079498971982,flip
1046,2024-03-21,-1,-1,0.0038524885010076,-0.0038524885010076,0.47437336424613086,hold
1047,2024-03-22,-1,-1,-0.0041658063402989,0.0041658063402989,0.47634951181457635,hold
1048,2024-03-26,-1,-1,0.0054057167831516,-0.0054057167831516,0.47377450126391424,hold
1049,2024-03-27,1,1,0.0091870010785439,0.0091870010785439,0.4776532936167486,flip
1050,2024-03-28,1,1,0.0060509791780918,0.0060509791780918,0.4805435637507705,hold
1051,2024-04-01,1,1,-0.0003872860275131,-0.0003872860275131,0.48035745594291845,hold
1052,2024-04-02,-1,-1,-0.0008306302403686,0.0008306302403686,0.4802760979160683,flip
1053,2024-04-03,-1,-1,0.0035659124883635,-0.0035659124883635,0.4785634753806469,hold
1054,2024-04-04,-1,-1,-4.224679746289706e-05,4.224679746289706e-05,0.47858369315486454,hold
1055,2024-04-05,-1,-1,0.0067781647528144,-0.0067781647528144,0.4753397740346505,hold
1056,2024-04-08,-1,-1,-0.0010390218270411,0.0010390218270411,0.47583366243513325,hold
1057,2024-04-09,-1,-1,0.0049044741142307,-0.0049044741142307,0.4734999485550406,hold
1058,2024-04-10,-1,-1,-0.0103015928142499,0.0103015928142499,0.47837775222262285,hold
1059,2024-04-12,-1,-1,-0.010963897188301,0.010963897188301,0.48362263671516226,hold
1060,2024-04-15,-1,-1,-0.005594325260972,0.005594325260972,0.4863281790485158,hold
1061,2024-04-16,-1,-1,-0.0068652458503182,0.0068652458503182,0.48966694156162144,hold
1062,2024-04-18,-1,-1,0.0068717686886063,-0.0068717686886063,0.4863020636047527,hold
1063,2024-04-19,-1,-1,0.0085519659829773,-0.0085519659829773,0.48214322489935324,hold
1064,2024-04-22,-1,-1,0.0014147135985376,-0.0014147135985376,0.48146113032264537,hold
1065,2024-04-23,-1,-1,0.0015379287654238,-0.0015379287654238,0.4807206774008887,hold
1066,2024-04-24,-1,-1,0.0074969296067168,-0.0074969296067168,0.477116748321921,hold
1067,2024-04-25,1,1,-0.0066636269808832,-0.0066636269808832,0.4734603035364499,flip
1068,2024-04-26,-1,-1,0.0099666225688024,-0.0099666225688024,0.468268043086255,flip
1069,2024-04-29,1,1,-0.0017025173156396,-0.0017025173156396,0.46700254059145374,flip
1070,2024-04-30,-1,-1,0.001917712797214,-0.001917712797214,0.4656399613024386,flip
1071,2024-05-02,-1,-1,-0.0076098592965534,0.0076098592965534,0.46918341589080276,hold
1072,2024-05-03,0,-1,-0.0014749338156797,0.0014749338156797,0.4698754303766562,hold
1073,2024-05-06,-1,-1,-0.006246985595782,0.006246985595782,0.47281073542203106,hold
1074,2024-05-07,0,-1,0.0,-0.0,0.47281073542203106,hold
1075,2024-05-08,-1,-1,-0.0154691178119045,0.0154691178119045,0.48012470039100763,hold
1076,2024-05-09,0,-1,0.004449469144939,-0.004449469144939,0.47798840035089474,hold
1077,2024-05-10,-1,-1,0.0022149680905385,-0.0022149680905385,0.47692967129647,hold
1078,2024-05-13,-1,-1,0.0051483245877055,-0.0051483245877055,0.47447428254312807,hold
1079,2024-05-14,-1,-1,-0.0007786004689536,0.0007786004689536,0.47484370844202256,hold
1080,2024-05-15,-1,-1,0.0091573776762647,-0.0091573776762647,0.4704953852666208,hold
1081,2024-05-16,1,1,0.002778540343975,0.002778540343975,0.4713321802909717,flip
1082,2024-05-17,0,1,0.0028020516676037,0.0028020516676037,0.4726528774127513,hold
1083,2024-05-21,0,1,0.00305161547495,0.00305161547495,0.4740952322477437,hold
1084,2024-05-22,0,1,0.016366619608483,0.016366619608483,0.48185456857213793,hold
1085,2024-05-23,-1,-1,-0.0004593757337192,0.0004593757337192,0.4815940662995496,flip
1086,2024-05-24,-1,-1,-0.0010737589261899,0.0010737589261899,0.48211118222703886,hold
1087,2024-05-27,-1,-1,-0.0019317094176221,0.0019317094176221,0.48304248093808777,hold
1088,2024-05-28,-1,-1,-0.008015115627261,0.008015115627261,0.48691412227568553,hold
1089,2024-05-29,-1,-1,-0.0095155996581792,0.0095155996581792,0.4915474021311747,hold
1090,2024-05-30,-1,-1,0.0018697799732139,-0.0018697799732139,0.4906283166427845,hold
1091,2024-05-31,-1,-1,0.0325423176953527,-0.0325423176953527,0.47466213409225894,hold
1092,2024-06-03,-1,-1,-0.0592935994164107,0.0592935994164107,0.502806560529264,hold
1093,2024-06-04,-1,-1,0.0336242367600356,-0.0336242367600356,0.48590007369352883,hold
1094,2024-06-05,-1,-1,0.0088880492442378,-0.0088880492442378,0.48158136991076195,hold
1095,2024-06-06,-1,-1,0.0205399314668071,-0.0205399314668071,0.4716897215771038,hold
1096,2024-06-07,-1,-1,-0.0013289382574128,0.0013289382574128,0.47231656809373607,hold
1097,2024-06-10,-1,-1,0.0002429314342191,-0.0002429314342191,0.4722018275524436,hold
1098,2024-06-11,-1,-1,0.0024973129141392,-0.0024973129141392,0.4710225918304167,hold
1099,2024-06-12,-1,-1,0.003256499474515,-0.003256499474515,0.4694887070076363,hold
1100,2024-06-13,-1,-1,0.0028505279152657,-0.0028505279152657,0.468150416342409,hold
1101,2024-06-14,-1,-1,0.0039334507869606,-0.0039334507869606,0.466308969718831,hold
1102,2024-06-18,-1,-1,-0.0017786131162043,0.0017786131162043,0.46713835296857664,hold
1103,2024-06-19,-1,-1,0.0021687361796223,-0.0021687361796223,0.4661252531216045,hold
1104,2024-06-20,-1,-1,-0.0027962995130903,0.0027962995130903,0.4674286789399476,hold
1105,2024-06-21,-1,-1,0.001563756616109,-0.001563756616109,0.46669773425069616,hold
1106,2024-06-24,-1,-1,0.0077938798539154,-0.0077938798539154,0.46306034818185166,hold
1107,2024-06-25,-1,-1,0.0062180401218379,-0.0062180401218379,0.46018102035802466,hold
1108,2024-06-26,-1,-1,0.0073610408985447,-0.0073610408985447,0.4567936090464352,hold
1109,2024-06-27,-1,-1,-0.0014099020825968,0.0014099020825968,0.45743764330714665,hold
1110,2024-06-28,-1,-1,0.0054704843490753,-0.0054704843490753,0.454935237838757,hold
1111,2024-07-01,-1,-1,-0.0007497161563467,0.0007497161563467,0.4552763101366562,hold
1112,2024-07-02,-1,-1,0.0067423066077227,-0.0067423066077227,0.4522066976624822,hold
1113,2024-07-03,-1,-1,0.0006444070008029,-0.0006444070008029,0.45191529250069856,hold
1114,2024-07-04,-1,-1,0.0008928929498506,-0.0008928929498506,0.451511780522095,hold
1115,2024-07-05,-1,-1,-0.0001356211363734,0.0001356211363734,0.4515730150628554,hold
1116,2024-07-08,-1,-1,0.0046318209860134,-0.0046318209860134,0.4494814096949699,hold
1117,2024-07-09,-1,-1,-0.0044509111977667,0.0044509111977667,0.4514820115345692,hold
1118,2024-07-10,-1,-1,-0.0003494426502141,0.0003494426502141,0.4516397786052039,hold
1119,2024-07-11,-1,-1,0.007657573644356,-0.007657573644356,0.44818131373981385,hold
1120,2024-07-12,-1,-1,0.0034506697076412,-0.0034506697076412,0.44663478805696105,hold
1121,2024-07-15,-1,-1,0.0010697158254551,-0.0010697158254551,0.4461570157559777,hold
1122,2024-07-16,-1,-1,0.0076321297434283,-0.0076321297434283,0.4427518875257873,hold
1123,2024-07-18,-1,-1,-0.0108846762510892,0.0108846762510892,0.4475710984810642,hold
1124,2024-07-19,-1,-1,-0.0008825762723847,0.0008825762723847,0.44796611411278875,hold
1125,2024-07-22,-1,-1,-0.0012321559717249,0.0012321559717249,0.4485180782354233,hold
1126,2024-07-23,-1,-1,-0.0026778318259059,0.0026778318259059,0.4497191342198163,hold
1127,2024-07-24,-1,-1,-0.0003031269840456,0.0003031269840456,0.44985545622463996,hold
1128,2024-07-25,-1,-1,0.0175673297602745,-0.0175673297602745,0.44195269708068297,hold
1129,2024-07-26,1,1,5.03324972633834e-05,5.03324972633834e-05,0.44153298896651866,flip
1130,2024-07-29,-1,-1,0.0008536433743,-0.0008536433743,0.440714544266986,flip
1131,2024-07-30,0,-1,0.0037755350108565,-0.0037755350108565,0.4390506110753123,hold
1132,2024-07-31,-1,-1,0.0023946791656728,-0.0023946791656728,0.43799922572429434,hold
1133,2024-08-01,-1,-1,-0.0117229354919546,0.0117229354919546,0.4431338623929863,hold
1134,2024-08-02,0,-1,-0.0267864578946228,0.0267864578946228,0.4550038489396576,hold
1135,2024-08-05,-1,-1,-0.0026209626510589,0.0026209626510589,0.45619639703381654,hold
1136,2024-08-06,-1,-1,0.0127101624804444,-0.0127101624804444,0.45039806670452337,hold
1137,2024-08-07,-1,-1,-0.007428747813561,0.007428747813561,0.45374396035778675,hold
1138,2024-08-08,-1,-1,0.0103868640378157,-0.0103868640378157,0.44903098353357035,hold
1139,2024-08-09,-1,-1,-0.0008412844977941,0.0008412844977941,0.44940874633904637,hold
1140,2024-08-12,-1,-1,-0.0085431469996303,0.0085431469996303,0.4532481113219404,hold
1141,2024-08-13,-1,-1,0.0001967769998756,-0.0001967769998756,0.4531589225183951,hold
1142,2024-08-14,-1,-1,0.0164597624902924,-0.0164597624902924,0.44570003428338556,hold
1143,2024-08-16,-1,-1,0.0012835584110202,-0.0012835584110202,0.4451279522555891,hold
1144,2024-08-19,-1,-1,0.0051357593399101,-0.0051357593399101,0.4428418822173374,hold
1145,2024-08-20,-1,-1,0.0028887826964991,-0.0028887826964991,0.44156260825070287,hold
1146,2024-08-21,-1,-1,0.0016673576536574,-0.0016673576536574,0.44082636545626713,hold
1147,2024-08-22,-1,-1,0.0004695560778267,-0.0004695560778267,0.4406193727571009,hold
1148,2024-08-23,-1,-1,0.007551387144671,-0.007551387144671,0.43729208528996993,hold
1149,2024-08-26,-1,-1,0.000285894410237,-0.000285894410237,0.43716706592714466,hold
1150,2024-08-27,-1,-1,0.0013830024432652,-0.0013830024432652,0.43656246280685235,hold
1151,2024-08-28,-1,-1,0.0039756594063229,-0.0039756594063229,0.43482683914514675,hold
1152,2024-08-29,-1,-1,0.0033377600735777,-0.0033377600735777,0.4333754914825281,hold
1153,2024-08-30,-1,-1,0.0016959501132323,-0.0016959501132323,0.43264050826867617,hold
1154,2024-09-02,-1,-1,4.550829989491412e-05,-4.550829989491412e-05,0.4326208195346792,hold
1155,2024-09-03,-1,-1,-0.0032100820170585,0.0032100820170585,0.43400956784767253,hold
1156,2024-09-04,-1,-1,-0.0021270784221717,0.0021270784221717,0.4349327402344573,hold
1157,2024-09-05,-1,-1,-0.0116503502989019,0.0116503502989019,0.43999985901465005,hold
1158,2024-09-06,-1,-1,0.0033900486950126,-0.0033900486950126,0.43850823806679173,hold
1159,2024-09-09,-1,-1,0.0041986500501236,-0.0041986500501236,0.436667095431053,hold
1160,2024-09-10,-1,-1,-0.0048979634496194,0.0048979634496194,0.4388058749041257,hold
1161,2024-09-11,-1,-1,0.0188796328272711,-0.0188796328272711,0.43052138110348637,hold
1162,2024-09-12,1,1,-0.0012761636040355,-0.0012761636040355,0.4295414440050595,flip
1163,2024-09-13,-1,-1,0.0010746751326089,-0.0010746751326089,0.42865028505275726,flip
1164,2024-09-16,-1,-1,0.0013709866056039,-0.0013709866056039,0.4280626112534617,hold
1165,2024-09-17,0,-1,-0.0016129951842196,0.0016129951842196,0.42875307418395797,hold
1166,2024-09-18,-1,-1,0.0015072376499098,-0.0015072376499098,0.42810684140803335,hold
1167,2024-09-19,-1,-1,0.0147604413777415,-0.0147604413777415,0.42178779547202,hold
1168,2024-09-20,1,1,0.0057423850996662,0.0057423850996662,0.42378807562848764,flip
1169,2024-09-23,-1,-1,5.203002169906768e-05,-5.203002169906768e-05,0.4233422378500884,flip
1170,2024-09-24,-1,-1,0.0024575565157058,-0.0024575565157058,0.42230185037508644,hold
1171,2024-09-25,-1,-1,0.008148714241454,-0.008148714241454,0.4188606332727426,hold
1172,2024-09-26,-1,-1,-0.0014152231703233,0.0014152231703233,0.4194534145460865,hold
1173,2024-09-27,-1,-1,-0.0140609008520233,0.0140609008520233,0.42535130742006166,hold
1174,2024-09-30,-1,-1,-0.0005404401234794,0.0005404401234794,0.4255811843331659,hold
1175,2024-10-01,-1,-1,-0.0211963752609873,0.0211963752609873,0.4346019628203071,hold
1176,2024-10-03,-1,-1,-0.0093266958801446,0.0093266958801446,0.438655363156446,hold
1177,2024-10-04,-1,-1,-0.0087488751686026,0.0087488751686026,0.4424931041707398,hold
1178,2024-10-07,-1,-1,0.0087676473034692,-0.0087676473034692,0.43861348069915346,hold
1179,2024-10-08,-1,-1,-0.0012473907279866,0.0012473907279866,0.4391606030881475,hold
1180,2024-10-09,-1,-1,0.0006604768849507,-0.0006604768849507,0.4388705476610268,hold
1181,2024-10-10,-1,-1,-0.0013680536120755,0.0013680536120755,0.439470946098988,hold
1182,2024-10-11,-1,-1,0.0065573457544287,-0.0065573457544287,0.43658918315639106,hold
1183,2024-10-14,-1,-1,-0.0028096049048969,0.0028096049048969,0.4378158262668122,hold
1184,2024-10-15,-1,-1,-0.0034340754096676,0.0034340754096676,0.43931931882975833,hold
1185,2024-10-16,-1,-1,-0.0088682273228345,0.0088682273228345,0.4432153024164534,hold
1186,2024-10-17,1,1,0.0042101739412401,0.0042101739412401,0.44463810063062964,flip
1187,2024-10-18,-1,-1,-0.0029351823779982,0.0029351823779982,0.44549855644755665,flip
1188,2024-10-21,-1,-1,-0.0124691803378693,0.0124691803378693,0.4510535582881617,hold
1189,2024-10-22,1,1,-0.0014955647434917,-0.0014955647434917,0.4499279249306713,flip
1190,2024-10-23,-1,-1,-0.0014773427748562,0.0014773427748562,0.45014269477484303,flip
1191,2024-10-24,-1,-1,-0.0089592205494931,0.0089592205494931,0.454175622456074,hold
1192,2024-10-25,1,1,0.0065485676346082,0.0065485676346082,0.45669564661526185,flip
1193,2024-10-28,-1,-1,0.0052466588480091,-0.0052466588480091,0.45384282471348536,flip
1194,2024-10-29,-1,-1,-0.0051498252538292,0.0051498252538292,0.456180035953464,hold
1195,2024-10-30,-1,-1,-0.005566773640794,0.005566773640794,0.45871948695306625,hold
1196,2024-10-31,1,1,0.0040900049616161,0.0040900049616161,0.46013693244374126,flip
1197,2024-11-01,-1,-1,-0.0127137736646451,0.0127137736646451,0.46552687232513135,flip
1198,2024-11-04,1,1,0.0090830588186072,0.0090830588186072,0.4692897534157777,flip
1199,2024-11-05,-1,-1,0.0111818707596305,-0.0111818707596305,0.46357292629084784,flip
1200,2024-11-06,-1,-1,-0.0116280257061476,0.0116280257061476,0.4689633641944319,hold
1201,2024-11-07,-1,-1,-0.0021137093124677,0.0021137093124677,0.46995461642453584,hold
1202,2024-11-08,-1,-1,-0.0002856708874028,0.0002856708874028,0.4700888687768489,hold
1203,2024-11-11,-1,-1,-0.0106809307765333,0.0106809307765333,0.4751098554430732,hold
1204,2024-11-12,-1,-1,-0.0135825623229214,0.0135825623229214,0.48156306466486287,hold
1205,2024-11-13,1,1,-0.0011185324376894,-0.0011185324376894,0.48054285769157723,flip
1206,2024-11-14,-1,-1,-0.0033527151631265,0.0033527151631265,0.4816734381594004,flip
1207,2024-11-18,-1,-1,0.0027585814066317,-0.0027585814066317,0.4803447027688255,hold
1208,2024-11-19,-1,-1,-0.0071688079331164,0.0071688079331164,0.48378820168466513,hold
1209,2024-11-21,1,1,0.0238694641112378,0.0238694641112378,0.49485217860053293,flip
1210,2024-11-22,-1,-1,0.0131612958673623,-0.0131612958673623,0.48784443048876197,flip
1211,2024-11-25,-1,-1,-0.0011312238174179,0.0011312238174179,0.48839629172772553,hold
1212,2024-11-26,-1,-1,0.0033230854378061,-0.0033230854378061,0.4867733091228066,hold
1213,2024-11-27,-1,-1,-0.0148610290544929,0.0148610290544929,0.49400726141263224,hold
1214,2024-11-28,-1,-1,0.0090720019405352,-0.0090720019405352,0.4895256265784584,hold
1215,2024-11-29,-1,-1,0.0060068200049485,-0.0060068200049485,0.48658513425179195,hold
1216,2024-12-02,-1,-1,0.0074600111445999,-0.0074600111445999,0.4829552037274769,hold
1217,2024-12-03,-1,-1,0.0004210968146538,-0.0004210968146538,0.48275183282956674,hold
1218,2024-12-04,-1,-1,0.0098478255628851,-0.0098478255628851,0.4779977769896981,hold
1219,2024-12-05,-1,-1,-0.0012384293961259,0.0012384293961259,0.4785897434880049,hold
1220,2024-12-06,-1,-1,-0.0023827399277279,0.0023827399277279,0.4797300983788148,hold
1221,2024-12-09,-1,-1,-0.00036350862139,0.00036350862139,0.4799044844055158,hold
1222,2024-12-10,-1,-1,0.0012901233029631,-0.0012901233029631,0.4792853484469878,hold
1223,2024-12-11,-1,-1,-0.0037781963796591,0.0037781963796591,0.4810961826153138,hold
1224,2024-12-12,-1,-1,0.0089455478085889,-0.0089455478085889,0.47679251371319886,hold
1225,2024-12-13,-1,-1,-0.0040394689217332,0.0040394689217332,0.47871850225445833,hold
1226,2024-12-16,-1,-1,-0.0134687300477334,0.0134687300477334,0.4851662325301789,hold
1227,2024-12-17,-1,-1,-0.0056356998120069,0.0056356998120069,0.48790048377564127,hold
1228,2024-12-18,-1,-1,-0.010213311567061,0.010213311567061,0.4928835634301617,hold
1229,2024-12-19,-1,-1,-0.0152055691508056,0.0152055691508056,0.5003781385371945,hold
1230,2024-12-20,-1,-1,0.0070354729729729,-0.0070354729729729,0.49685774166724955,hold
1231,2024-12-23,-1,-1,-0.0010861087115143,0.0010861087115143,0.49739738318885773,hold
1232,2024-12-24,-1,-1,0.0009503186263191,-0.0009503186263191,0.49692469719093096,hold
1233,2024-12-26,-1,-1,0.002661079652128,-0.002661079652128,0.4956023409905963,hold
1234,2024-12-27,-1,-1,-0.0070758479358679,0.0070758479358679,0.4991091477921059,hold
1235,2024-12-30,-1,-1,-4.212721278373799e-06,4.212721278373799e-06,0.4991112503998331,hold
1236,2024-12-31,-1,-1,0.0041488871182535,-0.0041488871182535,0.49704049416247387,hold
1237,2025-01-01,-1,-1,0.0187740331916654,-0.0187740331916654,0.4877090394274658,hold
1238,2025-01-02,-1,-1,-0.0076027553276091,0.0076027553276091,0.49141697192529604,hold
1239,2025-01-03,-1,-1,-0.0161925959966257,0.0161925959966257,0.4993742884175675,hold
1240,2025-01-06,-1,-1,0.0038892874268343,-0.0038892874268343,0.49743207827634073,hold
1241,2025-01-07,-1,-1,-0.0007993610384197,0.0007993610384197,0.4978297060989749,hold
1242,2025-01-08,-1,-1,-0.0068575949591475,0.0068575949591475,0.5012436205820331,hold
1243,2025-01-09,1,1,-0.0040379997024632,-0.0040379997024632,0.4987183553706792,flip
1244,2025-01-10,-1,-1,-0.0147472753024774,0.0147472753024774,0.5055743739003588,flip
1245,2025-01-13,-1,-1,0.0039028744993869,-0.0039028744993869,0.5036011805689196,hold
1246,2025-01-14,-1,-1,0.0016028803979861,-0.0016028803979861,0.502793968108183,hold
1247,2025-01-15,-1,-1,0.0042476507253836,-0.0042476507253836,0.5006582749448298,hold
1248,2025-01-16,-1,-1,-0.0046586517926727,0.0046586517926727,0.502990667514918,hold
1249,2025-01-17,1,1,0.0061004855371675,0.0061004855371675,0.5055561641399082,flip
1250,2025-01-20,-1,-1,-0.0137118456772935,0.0137118456772935,0.5119827160796593,flip
1251,2025-01-21,-1,-1,0.0056764909144164,-0.0056764909144164,0.5090764508434948,hold
1252,2025-01-22,-1,-1,0.0021593282262408,-0.0021593282262408,0.507977187693874,hold
1253,2025-01-23,-1,-1,-0.0048760476583936,0.0048760476583936,0.510454108670446,hold
1254,2025-01-24,-1,-1,-0.0113912419355629,0.0113912419355629,0.5162688149193132,hold
1255,2025-01-27,1,1,0.0056112298172781,0.0056112298172781,0.5186494490724001,flip
1256,2025-01-28,-1,-1,0.0089666492883511,-0.0089666492883511,0.513480251909899,flip
1257,2025-01-29,-1,-1,0.0037300875997627,-0.0037300875997627,0.5115649255895268,hold
1258,2025-01-30,-1,-1,0.0111357401503258,-0.0111357401503258,0.5058682715081411,hold
1259,2025-01-31,1,1,-0.0011166221250199,-0.0011166221250199,0.5047975395323213,flip
1260,2025-02-01,-1,-1,-0.0051570919766934,0.0051570919766934,0.5068960293337658,flip
1261,2025-02-03,-1,-1,0.0161893068206311,-0.0161893068206311,0.4986897339887218,hold
1262,2025-02-04,1,1,-0.0018092070621439,-0.0018092070621439,0.497288811266182,flip
1263,2025-02-05,-1,-1,-0.0039226026346081,0.0039226026346081,0.4987421888561498,flip
1264,2025-02-06,-1,-1,-0.0018387386257991,0.0018387386257991,0.49965924538311524,hold
1265,2025-02-07,-1,-1,-0.0075700336923079,0.0075700336923079,0.5034416827053385,hold
1266,2025-02-10,-1,-1,-0.0132496849360461,0.0132496849360461,0.5101121263848571,hold
1267,2025-02-11,-1,-1,-0.0011507892904301,0.0011507892904301,0.5106991579568194,hold
1268,2025-02-12,-1,-1,-0.0006009745771905,0.0006009745771905,0.511006075167344,hold
1269,2025-02-13,-1,-1,-0.0044352661537063,0.0044352661537063,0.513272523116872,hold
1270,2025-02-14,-1,-1,0.0013192755977626,-0.0013192755977626,0.5125953752021218,hold
1271,2025-02-17,-1,-1,-0.0006184463402948,0.0006184463402948,0.5129123879359676,hold
1272,2025-02-18,-1,-1,-0.0005404326900405,0.0005404326900405,0.5131895825575349,hold
1273,2025-02-19,-1,-1,-0.0008612081186238,0.0008612081186238,0.5136315455924266,hold
1274,2025-02-20,-1,-1,-0.0051171487988824,0.0051171487988824,0.516259874639023,hold
1275,2025-02-21,-1,-1,-0.0106401053300685,0.0106401053300685,0.5217529340828702,hold
1276,2025-02-24,1,1,-0.0002571160481895,-0.0002571160481895,0.5210970300962446,flip
1277,2025-02-25,-1,-1,-0.0001108767876499,0.0001108767876499,0.5206337106308994,flip
1278,2025-02-27,-1,-1,-0.0186449596666951,0.0186449596666951,0.5303409051667343,hold
1279,2025-02-28,1,1,-0.0002440004922383,-0.0002440004922383,0.5296811608196528,flip
1280,2025-03-03,-1,-1,-0.0016569416451024,0.0016569416451024,0.5300291304328215,flip
1281,2025-03-04,-1,-1,0.0115316950692254,-0.0115316950692254,0.5239169961228636,hold
1282,2025-03-05,-1,-1,0.009284847776867,-0.009284847776867,0.5190525065661493,hold
1283,2025-03-06,-1,-1,0.0003460139864501,-0.0003460139864501,0.5188729071391754,hold
1284,2025-03-07,-1,-1,-0.0040882039130917,0.0040882039130917,0.520994165388539,hold
1285,2025-03-10,-1,-1,0.001674047455606,-0.001674047455606,0.5201219964315849,hold
1286,2025-03-11,-1,-1,-0.0012179087892316,0.0012179087892316,0.5207554575825116,hold
1287,2025-03-12,-1,-1,-0.0032620894617386,0.0032620894617386,0.5224542084728344,hold
1288,2025-03-13,-1,-1,0.0049805683362682,-0.0049805683362682,0.5198520895849645,hold
1289,2025-03-17,-1,-1,0.0144632989948354,-0.0144632989948354,0.5123333133802073,hold
1290,2025-03-18,-1,-1,0.0032100316461272,-0.0032100316461272,0.5106887072308915,hold
1291,2025-03-19,-1,-1,0.01235619558909,-0.01235619558909,0.5043785376792072,hold
1292,2025-03-20,-1,-1,0.0068885519512889,-0.0068885519512889,0.5009040999192889,hold
1293,2025-03-21,-1,-1,0.0131881772302988,-0.0131881772302988,0.49429808787417,hold
1294,2025-03-24,-1,-1,0.0004353972876416,-0.0004353972876416,0.49408287182742316,hold
1295,2025-03-25,-1,-1,-0.0076810793285454,0.0076810793285454,0.4978779615608051,hold
1296,2025-03-26,-1,-1,0.0044748278770025,-0.0044748278770025,0.49565004337906765,hold
1297,2025-03-27,-1,-1,-0.0030773044101545,0.0030773044101545,0.4971753094434513,hold
1298,2025-03-28,-1,-1,-0.0150365718652369,0.0150365718652369,0.5046511217135192,hold
1299,2025-04-01,-1,-1,0.0071938424586863,-0.0071938424586863,0.5010207410473129,hold
1300,2025-04-02,-1,-1,-0.0035251486188494,0.0035251486188494,0.5027869136206308,hold
1301,2025-04-03,-1,-1,-0.0148666197750665,0.0148666197750665,0.5102616554933078,hold
1302,2025-04-04,-1,-1,-0.0324325462830553,0.0324325462830553,0.5268107402515629,hold
1303,2025-04-07,-1,-1,0.0168873189028142,-0.0168873189028142,0.5179143192795072,hold
1304,2025-04-08,-1,-1,-0.0060658560080705,0.0060658560080705,0.5210559129647745,hold
1305,2025-04-09,1,1,0.0191703874091904,0.0191703874091904,0.530523700765194,flip
1306,2025-04-11,-1,-1,0.0219023977821084,-0.0219023977821084,0.5183734359374332,flip
1307,2025-04-15,1,1,0.004657316201027,0.004657316201027,0.5202692915028694,flip
1308,2025-04-16,-1,-1,0.0176834769379541,-0.0176834769379541,0.5105488521935497,flip
1309,2025-04-17,-1,-1,0.0114834984640164,-0.0114834984640164,0.5046859652335798,hold
1310,2025-04-21,-1,-1,0.0017284255654137,-0.0017284255654137,0.5038136531087646,hold
1311,2025-04-22,-1,-1,0.0066908406521222,-0.0066908406521222,0.5004427162374503,hold
1312,2025-04-23,-1,-1,-0.0033807460922566,0.0033807460922566,0.5021345859947683,hold
1313,2025-04-24,-1,-1,-0.0085516633626838,0.0085516633626838,0.5064286719369563,hold
1314,2025-04-25,-1,-1,0.0120282118827472,-0.0120282118827472,0.5003372405674004,hold
1315,2025-04-28,-1,-1,0.0003061930965739,-0.0003061930965739,0.5001840407583799,hold
1316,2025-04-29,-1,-1,-7.191007773188485e-05,7.191007773188485e-05,0.5002200090316311,hold
1317,2025-04-30,-1,-1,0.0005136803511647,-0.0005136803511647,0.4999630558417321,hold
1318,2025-05-02,-1,-1,0.0047008906976129,-0.0047008906976129,0.49761278416337557,hold
1319,2025-05-05,-1,-1,-0.0033338898599493,0.0033338898599493,0.499271770378679,hold
1320,2025-05-06,-1,-1,0.0014274549954715,-0.0014274549954715,0.49855908239595403,hold
1321,2025-05-07,-1,-1,-0.0057588802970967,0.0057588802970967,0.5014302244725027,hold
1322,2025-05-08,-1,-1,-0.0109501096942064,0.0109501096942064,0.5069209404344672,hold
1323,2025-05-09,-1,-1,0.0381830730902199,-0.0381830730902199,0.4875651411148949,hold
1324,2025-05-12,-1,-1,-0.0138958390765435,0.0138958390765435,0.4943402678551597,hold
1325,2025-05-13,-1,-1,0.0036027960647213,-0.0036027960647213,0.4925592606834979,hold
1326,2025-05-14,-1,-1,0.0160214381414618,-0.0160214381414618,0.48466775295745307,hold
1327,2025-05-15,-1,-1,-0.0016877607536591,0.0016877607536591,0.4854857561694588,hold
1328,2025-05-16,-1,-1,-0.0029717088137536,0.0029717088137536,0.4869284784700194,hold
1329,2025-05-19,-1,-1,-0.0104848313546668,0.0104848313546668,0.4920338414485621,hold
1330,2025-05-20,-1,-1,0.0052483127088862,-0.0052483127088862,0.48945149398528554,hold
1331,2025-05-21,-1,-1,-0.0082112727740422,0.0082112727740422,0.4934705137120612,hold
1332,2025-05-22,-1,-1,0.0098924887180058,-0.0098924887180058,0.4885888622224961,hold
1333,2025-05-23,-1,-1,0.0059549794562796,-0.0059549794562796,0.48567932558539406,hold
1334,2025-05-26,-1,-1,-0.0069977248703164,0.0069977248703164,0.48907797588104146,hold
1335,2025-05-27,-1,-1,-0.0029706520659956,0.0029706520659956,0.4905308563805254,hold
1336,2025-05-28,-1,-1,0.0032784792287758,-0.0032784792287758,0.48892266115680827,hold
1337,2025-05-29,-1,-1,-0.0033382349691143,0.0033382349691143,0.4905547998814743,hold
1338,2025-05-30,-1,-1,-0.0013777230725331,0.0013777230725331,0.4912306485476129,hold
1339,2025-06-02,-1,-1,-0.0070438333802584,0.0070438333802584,0.4946907953872586,hold
1340,2025-06-03,-1,-1,0.0031659048079861,-0.0031659048079861,0.4931246514196756,hold
1341,2025-06-04,-1,-1,0.0053086967621067,-0.0053086967621067,0.490506802179369,hold
1342,2025-06-05,-1,-1,0.0101875239545026,-0.0101875239545026,0.4855097523823202,hold
1343,2025-06-06,1,1,0.0040054487100871,0.0040054487100871,0.4869689270413524,flip
1344,2025-06-09,1,1,4.18584595869298e-05,4.18584595869298e-05,0.48698931081050506,hold
1345,2025-06-10,-1,-1,0.0014798446727146,-0.0014798446727146,0.4857816529624227,flip
1346,2025-06-11,0,-1,-0.0100710846627866,0.0100710846627866,0.49067400111703563,hold
1347,2025-06-12,-1,-1,-0.0068144588479197,0.0068144588479197,0.4940176789053918,hold
1348,2025-06-13,0,-1,0.0092197937677085,-0.0092197937677085,0.489462937788282,hold
1349,2025-06-16,-1,-1,-0.0037319707924959,0.0037319707924959,0.4912895991761171,hold
1350,2025-06-17,-1,-1,-0.0016637405234334,0.0016637405234334,0.49210697759100774,hold
1351,2025-06-18,-1,-1,-0.0007577278241026,0.0007577278241026,0.49247986074036354,hold
1352,2025-06-19,-1,-1,0.0128724709598377,-0.0128724709598377,0.48614042803467833,hold
1353,2025-06-20,0,-1,-0.0055948454872697,0.0055948454872697,0.48886030861464747,hold
1354,2025-06-23,-1,-1,0.0029012296868362,-0.0029012296868362,0.48744201257457875,hold
1355,2025-06-24,-1,-1,0.0080018205204253,-0.0080018205204253,0.4835415890758421,hold
1356,2025-06-25,0,-1,0.0120520108141297,-0.0120520108141297,0.4777139406152186,hold
1357,2025-06-26,-1,-1,0.003475704773181,-0.003475704773181,0.47605354799160715,hold
1358,2025-06-27,-1,-1,-0.0047098423546652,0.0047098423546652,0.4782956851550267,hold
1359,2025-06-30,-1,-1,0.0009699396772837,-0.0009699396772837,0.47783176719252124,hold
1360,2025-07-01,-1,-1,-0.0034610085397696,0.0034610085397696,0.4794855470193477,hold
1361,2025-07-02,-1,-1,-0.0018897125192245,0.0018897125192245,0.48039163686033737,hold
1362,2025-07-03,-1,-1,0.0021924250859925,-0.0021924250859925,0.4793384141845838,hold
1363,2025-07-04,-1,-1,1.1813410706551508e-05,-1.1813410706551508e-05,0.47933275156302957,hold
1364,2025-07-07,-1,-1,0.0024036171315751,-0.0024036171315751,0.47818061914964766,hold
1365,2025-07-08,-1,-1,-0.0018180190273288,0.0018180190273288,0.47904996061376154,hold
1366,2025-07-09,-1,-1,-0.004743646446198,0.004743646446198,0.4813224042569783,hold
1367,2025-07-10,-1,-1,-0.008100901810276,0.008100901810276,0.48522154979295007,hold
1368,2025-07-11,-1,-1,-0.0026858541571485,0.0026858541571485,0.48652478410959943,hold
1369,2025-07-14,-1,-1,0.0045251032187942,-0.0045251032187942,0.48432320924300193,hold
1370,2025-07-15,-1,-1,0.0006449487413033,-0.0006449487413033,0.4840108455988167,hold
1371,2025-07-16,-1,-1,-0.0039902173517283,0.0039902173517283,0.4859421540733498,hold
1372,2025-07-17,-1,-1,-0.0056965580472427,0.0056965580472427,0.4887103517616308,hold
1373,2025-07-18,-1,-1,0.0048981443028652,-0.0048981443028652,0.4863165779363983,hold
1374,2025-07-21,-1,-1,-0.0011876443882732,0.0011876443882732,0.48689414909110873,hold
1375,2025-07-22,-1,-1,0.0063445445902445,-0.0063445445902445,0.483805027451471,hold
1376,2025-07-23,-1,-1,-0.006256994627491,0.006256994627491,0.48683219290898805,hold
1377,2025-07-24,-1,-1,-0.0089816740370306,0.0089816740370306,0.49120476097642934,hold
1378,2025-07-25,-1,-1,-0.0062849623293875,0.0062849623293875,0.49429196439518197,hold
1379,2025-07-28,-1,-1,0.0056804742343701,-0.0056804742343701,0.49148415162717896,hold
1380,2025-07-29,-1,-1,0.0013678351245234,-0.0013678351245234,0.4908118823414367,hold
1381,2025-07-30,-1,-1,-0.0034882717656889,0.0034882717656889,0.492523967572873,hold
1382,2025-07-31,-1,-1,-0.0081959437427822,0.0081959437427822,0.49656066630307205,hold
1383,2025-08-01,1,1,0.0064074150430544,0.0064074150430544,0.49924577591982844,flip
1384,2025-08-04,-1,-1,-0.0029608040671041,0.0029608040671041,0.5002246990677366,flip
1385,2025-08-05,-1,-1,-0.0030569142281212,0.0030569142281212,0.5017538430675744,hold
1386,2025-08-06,-1,-1,0.0008932609229541,-0.0008932609229541,0.5013056459666201,hold
1387,2025-08-07,-1,-1,-0.0094669127354072,0.0094669127354072,0.5060514627707531,hold
1388,2025-08-08,-1,-1,0.0091018044718578,-0.0091018044718578,0.5014454813039161,hold
1389,2025-08-11,-1,-1,-0.0039719417907191,0.0039719417907191,0.5034371935668743,hold
1390,2025-08-12,-1,-1,0.0053884535167121,-0.0053884535167121,0.5007244456507552,hold
1391,2025-08-13,-1,-1,0.000485438164071,-0.000485438164071,0.5004813748951531,hold
1392,2025-08-14,-1,-1,0.0099730192766349,-0.0099730192766349,0.495490064495727,hold
1393,2025-08-18,1,1,0.0041685646806257,0.0041685646806257,0.4970600568136892,flip
1394,2025-08-19,1,1,0.0027981813736617,0.0027981813736617,0.4984509210062565,hold
1395,2025-08-20,-1,-1,0.0013252889742787,-0.0013252889742787,0.49729187857542156,flip
1396,2025-08-21,0,-1,-0.0085174820600987,0.0085174820600987,0.5015275532298205,hold
1397,2025-08-22,-1,-1,0.0039264173509054,-0.0039264173509054,0.49955834674286176,hold
1398,2025-08-25,-1,-1,-0.0102411798720348,0.0102411798720348,0.5046744136284317,hold
1399,2025-08-26,0,-1,-0.0085444301039235,0.0085444301039235,0.5089865688809184,hold
1400,2025-08-28,0,-1,-0.0030223697933294,0.0030223697933294,0.5105249145119145,hold
1401,2025-08-29,-1,-1,0.0081140701746054,-0.0081140701746054,0.5063824795296804,hold
1402,2025-09-01,-1,-1,-0.0018457290617897,0.0018457290617897,0.5073171243885295,hold
1403,2025-09-02,-1,-1,0.005510715147017,-0.005510715147017,0.5045214442268205,hold
1404,2025-09-03,-1,-1,0.0007788776228048,-0.0007788776228048,0.5041284837636871,hold
1405,2025-09-04,-1,-1,0.0002708473067116,-0.0002708473067116,0.5039919419216231,hold
1406,2025-09-05,-1,-1,0.0012994782193525,-0.0012994782193525,0.5033370153703668,hold
1407,2025-09-08,-1,-1,0.0038529301782352,-0.0038529301782352,0.5013976929940235,hold
1408,2025-09-09,0,-1,0.0042020862308871,-0.0042020862308871,0.4992907766520947,hold
1409,2025-09-10,0,-1,0.0012974116602184,-0.0012974116602184,0.4986429909766268,hold
1410,2025-09-11,0,-1,0.0043390454100098,-0.0043390454100098,0.4964793563953961,hold
1411,2025-09-12,0,-1,-0.0017838966811339,0.0017838966811339,0.4973650242715213,hold
1412,2025-09-15,-1,-1,0.0067772563910986,-0.0067772563910986,0.4939942539820682,hold
1413,2025-09-16,0,-1,0.0036114755294653,-0.0036114755294653,0.4922102058221155,hold
1414,2025-09-17,-1,-1,0.0036853015416349,-0.0036853015416349,0.4903962627917908,hold
1415,2025-09-18,-1,-1,-0.0037976065391384,0.0037976065391384,0.49225859484613793,hold
1416,2025-09-19,-1,-1,-0.0049236357186648,0.0049236357186648,0.49468229684654214,hold
1417,2025-09-22,-1,-1,-0.001303434397354,0.001303434397354,0.49532708276801396,hold
1418,2025-09-23,-1,-1,-0.0044736530076083,0.0044736530076083,0.497543004261589,hold
1419,2025-09-24,-1,-1,-0.0066269482123226,0.0066269482123226,0.500840195984234,hold
1420,2025-09-25,-1,-1,-0.0094874379272315,0.0094874379272315,0.5055918862550969,hold
1421,2025-09-26,0,-1,-0.0008030448049409,0.0008030448049409,0.5059978991927744,hold
1422,2025-09-29,-1,-1,-0.0009661407544825,0.0009661407544825,0.5064867643848671,hold
1423,2025-09-30,-1,-1,0.0091503904924759,-0.0091503904924759,0.5018522127114748,hold
1424,2025-10-01,-1,-1,0.0023332467769816,-0.0023332467769816,0.5006812676536447,hold
1425,2025-10-03,-1,-1,0.0073671787912872,-0.0073671787912872,0.496992659237392,hold
1426,2025-10-06,-1,-1,0.0012222193924698,-0.0012222193924698,0.4963852251713569,hold
1427,2025-10-07,-1,-1,-0.0024752925801897,0.0024752925801897,0.49761392383613934,hold
1428,2025-10-08,-1,-1,0.0054160175719368,-0.0054160175719368,0.4949188380806024,hold
1429,2025-10-09,1,1,0.004112050167679,0.004112050167679,0.4964590503336387,flip
1430,2025-10-10,-1,-1,-0.0022938183927065,0.0022938183927065,0.49710137818418604,flip
1431,2025-10-13,-1,-1,-0.0032444791324643,0.0032444791324643,0.49871421323242393,hold
1432,2025-10-14,-1,-1,0.0070808208725219,-0.0070808208725219,0.4951829072219444,hold
1433,2025-10-15,-1,-1,0.0103362282114798,-0.0103362282114798,0.4900645836864744,hold
1434,2025-10-16,1,1,0.0048679837376106,0.0048679837376106,0.49196014552655265,flip
1435,2025-10-17,-1,-1,0.0051848137299641,-0.0051848137299641,0.48891746366390487,flip
1436,2025-10-20,-1,-1,0.0009847568259027,-0.0009847568259027,0.4884359988542588,hold
1437,2025-10-21,-1,-1,0.0008814076368377,-0.0008814076368377,0.4880054876347622,hold
1438,2025-10-23,-1,-1,-0.0037174505259611,0.0037174505259611,0.489819623891442,hold
1439,2025-10-24,-1,-1,0.0066252915000297,-0.0066252915000297,0.4865744261007263,hold
1440,2025-10-27,-1,-1,-0.001149638146805,0.001149638146805,0.4871338106222315,hold
1441,2025-10-28,-1,-1,0.0045381040946781,-0.0045381040946781,0.4849231466815906,hold
1442,2025-10-29,-1,-1,-0.00675717564781,0.00675717564781,0.4881998575594068,hold
1443,2025-10-30,-1,-1,-0.0060186608373972,0.0060186608373972,0.49113816692292245,hold
1444,2025-10-31,-1,-1,0.0016036793506921,-0.0016036793506921,0.4903505387862914,hold
1445,2025-11-03,-1,-1,-0.0064315867797603,0.0064315867797603,0.4935042708289976,hold
1446,2025-11-04,-1,-1,-0.0034359080045569,0.0034359080045569,0.495199906103422,hold
1447,2025-11-06,-1,-1,-0.0006820322478444,0.0006820322478444,0.4955376484085141,hold
1448,2025-11-07,-1,-1,0.0032185728871263,-0.0032185728871263,0.4939427243687961,hold
1449,2025-11-10,-1,-1,0.0047156471705849,-0.0047156471705849,0.4916134647581954,hold
1450,2025-11-11,-1,-1,0.0070384090258497,-0.0070384090258497,0.48815328811061204,hold
1451,2025-11-12,1,1,0.0001294494962036,0.0001294494962036,0.4877283260197175,flip
1452,2025-11-13,-1,-1,0.0011940264714482,-0.0011940264714482,0.48665823716155515,flip
1453,2025-11-14,0,-1,0.0039906690408659,-0.0039906690408659,0.4847161452010322,hold
1454,2025-11-17,0,-1,-0.0039748069020186,0.0039748069020186,0.4866427982804971,hold
1455,2025-11-18,-1,-1,0.0055036406751542,-0.0055036406751542,0.4839644911816097,hold
1456,2025-11-19,0,-1,0.0053545415882216,-0.0053545415882216,0.4813730831863553,hold
1457,2025-11-20,0,-1,-0.0047342428227803,0.0047342428227803,0.48365202025050996,hold
1458,2025-11-21,-1,-1,-0.004167936312968,0.004167936312968,0.4856678510685524,hold
1459,2025-11-24,-1,-1,-0.002877529180069,0.002877529180069,0.4870653744818235,hold
1460,2025-11-25,-1,-1,0.0123817835303625,-0.0123817835303625,0.48103463644985467,hold
1461,2025-11-26,0,-1,0.0003911422381892,-0.0003911422381892,0.4808464834855072,hold
1462,2025-11-27,-1,-1,-0.0004806903583736,0.0004806903583736,0.4810776217539765,hold
1463,2025-11-28,-1,-1,-0.0010380212747401,0.0010380212747401,0.48157699056015846,hold
1464,2025-12-01,-1,-1,-0.0054841133969418,0.0054841133969418,0.4842180133857484,hold
1465,2025-12-02,-1,-1,-0.0017746951904364,0.0017746951904364,0.4850773527652268,hold
1466,2025-12-03,-1,-1,0.0018375278996383,-0.0018375278996383,0.48418600959603797,hold
1467,2025-12-04,-1,-1,0.0058654330916598,-0.0058654330916598,0.48134604895283467,hold
1468,2025-12-05,-1,-1,-0.0086265394598917,0.0086265394598917,0.48549839963798924,hold
1469,2025-12-08,0,-1,-0.0046570811090926,0.0046570811090926,0.48775940506343807,hold
1470,2025-12-09,-1,-1,-0.0031598875909956,0.0031598875909956,0.48930066995488936,hold
1471,2025-12-10,-1,-1,0.0054565875164998,-0.0054565875164998,0.4866307580273985,hold
1472,2025-12-11,1,1,0.0057299900196514,0.0057299900196514,0.4889325166561236,flip
1473,2025-12-12,1,1,-0.0007543469807149,-0.0007543469807149,0.4885636918884107,hold
1474,2025-12-15,-1,-1,-0.0064240688375742,0.0064240688375742,0.4912136949847529,flip
1475,2025-12-16,-1,-1,-0.0016066770334456,0.0016066770334456,0.49200291674699886,hold
1476,2025-12-17,-1,-1,-0.0001161955225689,0.0001161955225689,0.49206008528301565,hold
1477,2025-12-18,-1,-1,0.0058433620360547,-0.0058433620360547,0.489184800061215,hold
1478,2025-12-19,1,1,0.0079333291061156,0.0079333291061156,0.49257647927374887,flip
1479,2025-12-22,0,1,0.0001814888939914,0.0001814888939914,0.4926658764341785,hold
1480,2025-12-23,1,1,-0.0013389838361685,-0.0013389838361685,0.4920062047890013,hold
1481,2025-12-24,-1,-1,-0.003817552133005,0.003817552133005,0.4933924579207563,flip
1482,2025-12-26,-1,-1,-0.0038476313101776,0.0038476313101776,0.4952908501900577,hold
1483,2025-12-29,-1,-1,-0.0001252789885528,0.0001252789885528,0.495352899726809,hold
1484,2025-12-30,-1,-1,0.007353834224439,-0.007353834224439,0.4917101566196229,hold
1485,2025-12-31,0,-1,0.0006487344669803,-0.0006487344669803,0.4913911672932595,hold
1486,2026-01-01,-1,-1,0.0069607651702385,-0.0069607651702385,0.48797070877100174,hold
1487,2026-01-02,0,-1,-0.002972058760474,0.002972058760474,0.4894209863908593,hold
1488,2026-01-05,-1,-1,-0.0027276473171363,0.0027276473171363,0.4907559542313385,hold
