idx,date,signal,position,return,pnl,equity,action
0,2020-01-01,-1,-1,0.0081838863379848,-0.0081838863379848,0.9908161136620152,enter
1,2020-01-02,0,-1,-0.0045227893866035,0.0045227893866035,0.9952973662649615,hold
2,2020-01-03,-1,-1,-0.0191058530729412,0.0191058530729412,1.0143133715087052,hold
3,2020-01-06,0,-1,0.0049945920012428,-0.0049945920012428,1.0092472900566143,hold
4,2020-01-07,0,-1,-0.0022899444111396,0.0022899444111396,1.0115584102479371,hold
5,2020-01-08,-1,-1,0.0158457581226116,-0.0158457581226116,0.9955295003522548,hold
6,2020-01-09,1,1,0.0033480474426501,0.0033480474426501,0.9968715213492875,flip
7,2020-01-10,1,1,0.0059354808073293,0.0059354808073293,1.0027884331316292,hold
8,2020-01-13,1,1,0.0026562202609821,0.0026562202609821,1.005452060085192,hold
9,2020-01-14,0,1,-0.0015369308543056,-0.0015369308543056,1.003906749791522,hold
10,2020-01-15,0,1,0.0009884063018437,0.0009884063018437,1.0048990175494794,hold
11,2020-01-16,-1,-1,-0.0002549788049855,0.0002549788049855,1.0031454474650063,flip
12,2020-01-17,-1,-1,-0.0103461939411514,0.0103461939411514,1.0135241848156624,hold
13,2020-01-20,0,-1,-0.0044746183856623,0.0044746183856623,1.018059318767352,hold
14,2020-01-21,0,-1,-0.0051725551893021,0.0051725551893021,1.0233252867796592,hold
15,2020-01-22,0,-1,0.0060667236352978,-0.0060667236352978,1.0171170550757551,hold
16,2020-01-23,1,1,0.0055745847042631,0.0055745847042631,1.0207528261432741,flip
17,2020-01-24,0,1,-0.0105525279121506,-0.0105525279121506,1.0099813034539906,hold
18,2020-01-27,0,1,-0.0052149678449129,-0.0052149678449129,1.004714283432515,hold
19,2020-01-28,0,1,0.0061132563999481,0.0061132563999481,1.0108563594558282,hold
20,2020-01-29,1,1,-0.007724984155365,-0.007724984155365,1.003047510095682,hold
21,2020-01-30,0,1,-0.0061234148547233,-0.0061234148547233,0.9969054340723688,hold
22,2020-01-31,1,1,-0.0212503847193161,-0.0212503847193161,0.9757208100695541,hold
23,2020-02-03,0,1,0.0232108226866707,0.0232108226866707,0.9983680927837733,hold
24,2020-02-04,1,1,0.0091405004678344,0.0091405004678344,1.0074936768029343,hold
25,2020-02-05,1,1,0.0040366612301674,0.0040366612301674,1.0115605874677236,hold
26,2020-02-06,1,1,-0.0032625431230384,-0.0032625431230384,1.008260327429544,hold
27,2020-02-07,-1,-1,-0.0055255147630383,0.0055255147630383,1.0118149640988827,flip
28,2020-02-10,1,1,0.0063500303889789,0.0063500303889789,1.0162163899407366,flip
29,2020-02-11,1,1,0.0077056964194832,0.0077056964194832,1.0240470449381232,hold
30,2020-02-12,0,1,-0.0021759994314084,-0.0021759994314084,1.0218187191506023,hold
31,2020-02-13,-1,-1,-0.0050268544351488,0.0050268544351488,1.0249116156725815,flip
32,2020-02-14,0,-1,-0.0055847334602637,0.0055847334602637,1.030635473866441,hold
33,2020-02-17,-1,-1,-0.0044247626186481,0.0044247626186481,1.0351957911846577,hold
34,2020-02-18,1,1,0.011123651500938,0.011123651500938,1.0446405568186643,flip
35,2020-02-19,0,1,-0.0037152524595064,-0.0037152524595064,1.0407594534206437,hold
36,2020-02-20,-1,-1,-0.0208138687990014,0.0208138687990014,1.06034016522862,flip
37,2020-02-24,0,-1,-0.0026628568617023,0.0026628568617023,1.0631636993133375,hold
38,2020-02-25,0,-1,-0.0101204779385897,0.0101204779385897,1.0739234240773476,hold
39,2020-02-26,0,-1,-0.0038703767874727,0.0038703767874727,1.0780799123694198,hold
40,2020-02-27,1,1,-0.0370960786649383,-0.0370960786649383,1.035931215308335,flip
41,2020-02-28,-1,-1,-0.0061597518244916,0.0061597518244916,1.0402404320712617,flip
42,2020-03-02,1,1,0.0153196474085468,0.0153196474085468,1.0540960678465654,flip
43,2020-03-03,-1,-1,-0.0046269501465237,0.0046269501465237,1.056865125666445,flip
44,2020-03-04,1,1,0.0015998577904186,0.0015998577904186,1.0564422293198312,flip
45,2020-03-05,-1,-1,-0.0248069753028219,0.0248069753028219,1.0805364811527867,flip
46,2020-03-06,1,1,-0.0489560433359516,-0.0489560433359516,1.0254766173930887,flip
47,2020-03-09,1,1,0.0006649981756232,0.0006649981756232,1.0261585574727994,hold
48,2020-03-11,1,1,-0.0830193880106471,-0.0830193880106471,0.9409675020295191,hold
49,2020-03-12,1,1,0.0380650761268936,0.0380650761268936,0.9767855016272057,hold
50,2020-03-13,1,1,-0.0761210010667908,-0.0761210010667908,0.9024316114158154,hold
51,2020-03-16,1,1,-0.0250451840905282,-0.0250451840905282,0.8798300455787943,hold
52,2020-03-17,1,1,-0.055564540272715,-0.055564540272715,0.8309426935780867,hold
53,2020-03-18,1,1,-0.0242477817531284,-0.0242477817531284,0.8107941764948486,hold
54,2020-03-19,1,1,0.0583291468584656,0.0583291468584656,0.8580871090876054,hold
55,2020-03-20,1,1,-0.1298046607047124,-0.1298046607047124,0.7467034030374012,hold
56,2020-03-23,1,1,0.0250714240251634,0.0250714240251634,0.7654243206759844,hold
57,2020-03-24,1,1,0.0662474689466749,0.0662474689466749,0.8161317445909965,hold
58,2020-03-25,1,1,0.0389043564303894,0.0389043564303894,0.8478828248767202,hold
59,2020-03-26,1,1,0.0021755381634551,0.0021755381634551,0.8497274263203777,hold
60,2020-03-27,1,1,-0.0437805364308189,-0.0437805364308189,0.8125259037760924,hold
61,2020-03-30,1,1,0.0382377227133605,0.0382377227133605,0.8435950439821053,hold
62,2020-03-31,1,1,-0.0400046750966822,-0.0400046750966822,0.8098472983344298,hold
63,2020-04-01,1,1,-0.0205965741867707,-0.0205965741867707,0.7931672183743289,hold
64,2020-04-03,1,1,0.0876321046711503,0.0876321046711503,0.8626741310766333,hold
65,2020-04-07,1,1,-0.0049419024075071,-0.0049419024075071,0.8584108797113715,hold
66,2020-04-08,1,1,0.0415088316188025,0.0415088316188025,0.894042512377059,hold
67,2020-04-09,1,1,-0.0129556707370791,-0.0129556707370791,0.8824595919617508,hold
68,2020-04-13,1,1,-0.0076218535626885,-0.0076218535626885,0.8757336141768285,hold
69,2020-04-15,-1,-1,0.0075627711647903,-0.0075627711647903,0.8673591740231407,flip
70,2020-04-16,-1,-1,0.0304632818768748,-0.0304632818768748,0.8409365670163804,hold
71,2020-04-17,0,-1,-0.0005288143766692,0.0005288143766692,0.8413812663628856,hold
72,2020-04-20,-1,-1,-0.0302746671440956,0.0302746671440956,0.8668538041432996,hold
73,2020-04-21,-1,-1,0.0229194177887257,-0.0229194177887257,0.846986019644393,hold
74,2020-04-22,-1,-1,0.0137799558770148,-0.0137799558770148,0.835314589665245,hold
75,2020-04-23,-1,-1,-0.0171249415723349,0.0171249415723349,0.8496193032077812,hold
76,2020-04-24,-1,-1,0.0139713589754586,-0.0139713589754586,0.8377489669301863,hold
77,2020-04-27,1,1,0.0106224306488902,0.0106224306488902,0.8449723992987213,flip
78,2020-04-28,-1,-1,0.0183830135241964,-0.0183830135241964,0.8277493154562428,flip
79,2020-04-29,-1,-1,0.032088303452139,-0.032088303452139,0.8011882442395826,hold
80,2020-04-30,-1,-1,-0.057444839013135,0.057444839013135,0.8472123739491417,hold
81,2020-05-04,-1,-1,-0.0094582655216011,0.0094582655216011,0.8552255335351387,hold
82,2020-05-05,-1,-1,0.0070935934671216,-0.0070935934671216,0.8491589112775383,hold
83,2020-05-06,-1,-1,-0.0077501195040513,0.0077501195040513,0.8557399943178693,hold
84,2020-05-07,1,1,0.0057016970693835,0.0057016970693835,0.85890768454699,flip
85,2020-05-08,1,1,-0.0013294930214019,-0.0013294930214019,0.8577657727743562,hold
86,2020-05-11,1,1,-0.0046162427183511,-0.0046162427183511,0.8538061177717357,hold
87,2020-05-12,1,1,0.0203337125303977,0.0203337125303977,0.871167165927201,hold
88,2020-05-13,1,1,-0.0256619093732747,-0.0256619093732747,0.8488113530662046,hold
89,2020-05-14,1,1,-0.0006453627874545,-0.0006453627874545,0.8482635618053668,hold
90,2020-05-15,1,1,-0.0343225097032598,-0.0343225097032598,0.8191490274743803,hold
91,2020-05-18,1,1,0.0063298228402233,0.0063298228402233,0.8243340956980344,hold
92,2020-05-19,1,1,0.021111396826158,0.021111396826158,0.8417369399096477,hold
93,2020-05-20,1,1,0.0043787544510012,0.0043787544510012,0.8454226992818492,hold
94,2020-05-21,1,1,-0.0073575840768702,-0.0073575840768702,0.8392024306913884,hold
95,2020-05-22,1,1,-0.0011284338094974,-0.0011284338094974,0.8382554462955838,hold
96,2020-05-26,1,1,0.0316645047717616,0.0316645047717616,0.8647983898747655,hold
97,2020-05-27,0,1,0.0188030435364687,0.0188030435364687,0.8810592316498489,hold
98,2020-05-28,0,1,0.0095046626511057,0.0095046626511057,0.8894334024223232,hold
99,2020-05-29,0,1,0.0256620973194605,0.0256620973194605,0.9122581289544638,hold
100,2020-06-01,0,1,0.0155655279707429,0.0155655279707429,0.9264579083772422,hold
101,2020-06-02,-1,-1,0.0082622880359908,-0.0082622880359908,0.9169503304682534,flip
102,2020-06-03,-1,-1,-0.0032251686810099,0.0032251686810099,0.9199076499561212,hold
103,2020-06-04,-1,-1,0.0112722762414605,-0.0112722762414605,0.909538196809183,hold
104,2020-06-05,-1,-1,0.0024945207587225,-0.0024945207587225,0.9072693348963915,hold
105,2020-06-08,-1,-1,-0.0118810323499978,0.0118810323499978,0.9180486312144566,hold
106,2020-06-09,-1,-1,0.0069177285262014,-0.0069177285262014,0.9116978200098641,hold
107,2020-06-10,1,1,-0.021169158460066,-0.021169158460066,0.8905745487503589,flip
108,2020-06-11,-1,-1,0.0071602091117954,-0.0071602091117954,0.8824166996541628,flip
109,2020-06-12,-1,-1,-0.0159632793948444,0.0159632793948444,0.8965029639734187,hold
110,2020-06-15,-1,-1,0.010220386061458,-0.010220386061458,0.887340357576369,hold
111,2020-06-16,-1,-1,-0.0033134566648174,0.0033134566648174,0.8902805213981418,hold
112,2020-06-17,1,1,0.0213031875518985,0.0213031875518985,0.9074657732764921,flip
113,2020-06-18,-1,-1,0.0151362754442923,-0.0151362754442923,0.8919151898293585,flip
114,2020-06-19,-1,-1,0.0065206163504338,-0.0065206163504338,0.8860993530593569,hold
115,2020-06-22,-1,-1,0.0154976919912916,-0.0154976919912916,0.8723668582119602,hold
116,2020-06-23,-1,-1,-0.0158246772335498,0.0158246772335498,0.8861717821724103,hold
117,2020-06-24,1,1,-0.0015913572989929,-0.0015913572989929,0.882989222674344,flip
118,2020-06-25,1,1,0.0091457401473864,0.0091457401473864,0.8910648126578663,hold
119,2020-06-26,0,1,-0.0067995386087835,-0.0067995386087835,0.8850059830612708,hold
120,2020-06-29,1,1,-0.0009988732845714,-0.0009988732845714,0.884121974228105,hold
121,2020-06-30,1,1,0.0124198173347171,0.0124198173347171,0.8951026076496276,hold
122,2020-07-01,0,1,0.0116634525148986,0.0116634525148986,0.9055425944099109,hold
123,2020-07-02,0,1,0.0052739760448483,0.0052739760448483,0.9103184043604187,hold
124,2020-07-03,0,1,0.014735139974255,0.014735139974255,0.9237320734698099,hold
125,2020-07-06,1,1,0.0033445902359812,0.0033445902359812,0.9268215787433997,hold
126,2020-07-07,-1,-1,-0.008694762073642,0.008694762073642,0.933026428697804,flip
127,2020-07-08,-1,-1,0.0100600327219018,-0.0100600327219018,0.9236401522947049,hold
128,2020-07-09,-1,-1,-0.0041985110954393,0.0041985110954393,0.9275180657223073,hold
129,2020-07-10,-1,-1,0.0032178891492418,-0.0032178891492418,0.9245334154028938,hold
130,2020-07-13,-1,-1,-0.0180834960154004,0.0180834960154004,0.9412522117364366,hold
131,2020-07-14,1,1,0.0010229309240368,0.0010229309240368,0.9403325433076669,flip
132,2020-07-15,1,1,0.0114661616621005,0.0114661616621005,0.9511145482653668,hold
133,2020-07-16,1,1,0.0150605912558696,0.0150605912558696,0.9654388957143026,hold
134,2020-07-17,0,1,0.0110533217609316,0.0110533217609316,0.9761102024691514,hold
135,2020-07-20,0,1,0.0127061568657644,0.0127061568657644,0.9885128118199975,hold
136,2020-07-21,1,1,-0.0026563094918139,-0.0026563094918139,0.9858870158551803,hold
137,2020-07-22,1,1,0.0074421598588463,0.0074421598588463,0.9932241446299356,hold
138,2020-07-23,1,1,-0.0018991484351116,-0.0018991484351116,0.9913378645499465,hold
139,2020-07-24,-1,-1,-0.0055699256988469,0.0055699256988469,0.9948768670688434,flip
140,2020-07-27,1,1,0.0151592736988444,0.0151592736988444,1.0079687240592512,flip
141,2020-07-28,1,1,-0.0086456143286032,-0.0086456143286032,0.9992542152157406,hold
142,2020-07-29,1,1,-0.0089887146807479,-0.0089887146807479,0.9902722041816316,hold
143,2020-07-30,-1,-1,-0.0025851023723058,0.0025851023723058,0.9908516147975268,flip
144,2020-07-31,-1,-1,-0.0164222155452939,0.0164222155452939,1.0071235935891345,hold
145,2020-08-03,-1,-1,0.0186979321613793,-0.0186979321613793,0.9882924649580803,hold
146,2020-08-04,1,1,0.0005768586219327,0.0005768586219327,0.9868859850575664,flip
147,2020-08-05,-1,-1,0.0088725546683743,-0.0088725546683743,0.9761560132335756,flip
148,2020-08-06,1,1,0.001241002448872,0.001241002448872,0.9754151132100125,flip
149,2020-08-07,1,1,0.005002705259437,0.005002705259437,0.9802948275270026,hold
150,2020-08-10,1,1,0.0046449787767293,0.0046449787767293,0.9848482761958031,hold
151,2020-08-11,1,1,-0.0012452735151247,-0.0012452735151247,0.9836218707210402,hold
152,2020-08-12,-1,-1,-0.000703034473301,0.000703034473301,0.9823461470634078,flip
153,2020-08-13,-1,-1,-0.0108004373788689,0.0108004373788689,0.9929559151091393,hold
154,2020-08-14,-1,-1,0.0061457110453491,-0.0061457110453491,0.9868534949741083,hold
155,2020-08-17,1,1,0.0122920579350753,0.0122920579350753,0.9970102483178135,flip
156,2020-08-18,1,1,0.0020246002135075,0.0020246002135075,0.999028795479427,hold
157,2020-08-19,1,1,-0.008432399987605,-0.008432399987605,0.9906045850768093,hold
158,2020-08-20,-1,-1,0.0052509160938571,-0.0052509160938571,0.9834217943482272,flip
159,2020-08-21,0,-1,0.0083410064718865,-0.0083410064718865,0.9752190667969743,hold
160,2020-08-24,1,1,0.0005058064691958,0.0005058064691958,0.9737619007762495,flip
161,2020-08-25,1,1,0.0067423225064831,0.0067423225064831,0.9803273175558089,hold
162,2020-08-26,1,1,0.0008355606212675,0.0008355606212675,0.9811464404583115,hold
163,2020-08-27,0,1,0.0076431956549949,0.0076431956549949,0.9886455346689361,hold
164,2020-08-28,0,1,-0.0223307478019462,-0.0223307478019462,0.9665683405687239,hold
165,2020-08-31,-1,-1,0.0072667398463226,-0.0072667398463226,0.9576114032129818,flip
166,2020-09-01,1,1,0.0056450382511279,0.0056450382511279,0.9611019334074093,flip
167,2020-09-02,1,1,-0.0006545127600779,-0.0006545127600779,0.9604728799282587,hold
168,2020-09-03,-1,-1,-0.0167947449485598,0.0167947449485598,0.9746828312168059,flip
169,2020-09-04,-1,-1,0.0018705202595032,-0.0018705202595032,0.972859667234425,hold
170,2020-09-07,1,1,-0.0033201259317187,-0.0033201259317187,0.9676839312908478,flip
171,2020-09-08,-1,-1,-0.0034769279675166,0.0034769279675166,0.9691131307526878,flip
172,2020-09-09,-1,-1,0.0151844298634509,-0.0151844298634509,0.9543977003890243,hold
173,2020-09-10,1,1,0.0013276149365679,0.0013276149365679,0.9537559776307089,flip
174,2020-09-11,-1,-1,-0.0021283524468515,0.0021283524468515,0.9538783945441369,flip
175,2020-09-14,1,1,0.0071459479106903,0.0071459479106903,0.958787003075594,flip
176,2020-09-15,0,1,0.0071820376506051,0.0071820376506051,0.9656730474305937,hold
177,2020-09-16,0,1,-0.0076220272911209,-0.0076220272911209,0.9583126611087778,hold
178,2020-09-17,-1,-1,-0.0009681588767627,0.0009681588767627,0.9573238346961268,flip
179,2020-09-18,-1,-1,-0.0221122548386738,0.0221122548386738,0.9784924232920641,hold
180,2020-09-21,-1,-1,-0.0086128603263573,0.0086128603263573,0.9869200418642775,hold
181,2020-09-22,-1,-1,-0.0019545871070447,0.0019545871070447,0.9888490630537895,hold
182,2020-09-23,-1,-1,-0.0293122720965164,0.0293122720965164,1.0178344758524076,hold
183,2020-09-24,1,1,0.0226457884823545,0.0226457884823545,1.0388484711509045,flip
184,2020-09-25,-1,-1,0.0160448681873712,-0.0160448681873712,1.0201025874223344,flip
185,2020-09-28,1,1,-0.0004586409458945,-0.0004586409458945,1.017594521431885,flip
186,2020-09-29,-1,-1,0.0022410013176423,-0.0022410013176423,1.0132789017256667,flip
187,2020-09-30,-1,-1,0.0150610927327836,-0.0150610927327836,0.9980178142226034,hold
188,2020-10-01,1,1,0.0075676439490797,0.0075676439490797,1.0035744220670337,flip
189,2020-10-05,1,1,0.0138264754746197,0.0138264754746197,1.0174503192006994,hold
190,2020-10-06,1,1,0.0065551872847253,0.0065551872847253,1.0241198965959637,hold
191,2020-10-07,1,1,0.0081566766068399,0.0081566766068399,1.0324733113991273,hold
192,2020-10-08,1,1,0.0067260903253916,0.0067260903253916,1.039417820150154,hold
193,2020-10-09,1,1,0.0014058853909966,0.0014058853909966,1.0408791224786447,hold
194,2020-10-12,1,1,0.0002975290843887,0.0002975290843887,1.0411888142909151,hold
195,2020-10-13,-1,-1,0.0030625333853533,-0.0030625333853533,1.035917761158111,flip
196,2020-10-14,-1,-1,-0.0242836008583533,0.0242836008583533,1.0610735745921536,hold
197,2020-10-15,-1,-1,0.007028949362235,-0.007028949362235,1.0536153421667396,hold
198,2020-10-16,-1,-1,0.0094027696218492,-0.0094027696218492,1.0437084398343,hold
199,2020-10-19,1,1,0.0020003285078973,0.0020003285078973,1.043708782700765,flip
200,2020-10-20,1,1,0.0034337457642519,0.0034337457642519,1.0472926133124763,hold
201,2020-10-21,1,1,-0.0034512817819539,-0.0034512817819539,1.043678111395776,hold
202,2020-10-22,1,1,0.0028495402835257,0.0028495402835257,1.0466521142172325,hold
203,2020-10-23,-1,-1,-0.0136290733045432,0.0136290733045432,1.0588237083778198,flip
204,2020-10-26,0,-1,0.0103376083469652,-0.0103376083469652,1.0478780035721287,hold
205,2020-10-27,1,1,-0.0134406089457635,-0.0134406089457635,1.031698129096104,flip
206,2020-10-28,0,1,-0.0050129421843609,-0.0050129421843609,1.026526286023232,hold
207,2020-10-29,0,1,-0.0024333734223676,-0.0024333734223676,1.0240283642414614,hold
208,2020-10-30,0,1,0.0022976361491175,0.0022976361491175,1.0263812088288644,hold
209,2020-11-02,1,1,0.0123701901631991,0.0123701901631991,1.0390777395620117,hold
210,2020-11-03,1,1,0.008041647267956,0.008041647267956,1.0474336362275545,hold
211,2020-11-04,1,1,0.0177855989156905,0.0177855989156905,1.066062870772301,hold
212,2020-11-05,1,1,0.0118190145712895,0.0118190145712895,1.0786626833758697,hold
213,2020-11-06,0,1,0.0161046355374614,0.0161046355374614,1.0960341527594983,hold
214,2020-11-09,0,1,0.0136465071043638,0.0136465071043638,1.1109911906117562,hold
215,2020-11-10,-1,-1,0.0093460415087203,-0.0093460415087203,1.0983858384472527,flip
216,2020-11-11,-1,-1,-0.0045768215253314,0.0045768215253314,1.1034129543957774,hold
217,2020-11-12,-1,-1,0.0022969703307613,-0.0022969703307613,1.1008784475769526,hold
218,2020-11-13,-1,-1,0.0121266198083733,-0.0121266198083733,1.0875285131879548,hold
219,2020-11-17,-1,-1,0.0049750511655721,-0.0049750511655721,1.0821180031908262,hold
220,2020-11-18,-1,-1,-0.0128726686134137,0.0128726686134137,1.0960477496465106,hold
221,2020-11-19,-1,-1,0.0068393094137191,-0.0068393094137191,1.0885515399544676,hold
222,2020-11-20,-1,-1,0.005241475198302,-0.005241475198302,1.0828459240557229,hold
223,2020-11-23,-1,-1,0.0099563448098976,-0.0099563448098976,1.072064736659832,hold
224,2020-11-24,-1,-1,-0.0150706804680923,0.0150706804680923,1.0882214817471416,hold
225,2020-11-25,0,-1,0.0100012136399767,-0.0100012136399767,1.0773379462205763,hold
226,2020-11-26,-1,-1,-0.0013898363507738,0.0013898363507738,1.0788352696603016,hold
227,2020-11-27,-1,-1,0.0108026946873185,-0.0108026946873185,1.0671809416242504,hold
228,2020-12-01,-1,-1,0.0003585458429504,-0.0003585458429504,1.0667983083339552,hold
229,2020-12-02,-1,-1,0.00153658492994,-0.00153658492994,1.0651590821300838,hold
230,2020-12-03,-1,-1,0.0094906623588735,-0.0094906623588735,1.0550500169230996,hold
231,2020-12-04,-1,-1,0.0073311332494399,-0.0073311332494399,1.0473153046642125,hold
232,2020-12-07,1,1,0.0027853318093331,0.0027853318093331,1.0481377946873667,flip
233,2020-12-08,-1,-1,0.0101657522858669,-0.0101657522858669,1.0353864099157453,flip
234,2020-12-09,1,1,-0.0037548548058806,-0.0037548548058806,1.0294279114586982,flip
235,2020-12-10,-1,-1,0.0026375585350264,-0.0026375585350264,1.0246538792617184,flip
236,2020-12-11,-1,-1,0.0032781762806703,-0.0032781762806703,1.0212948832188258,hold
237,2020-12-14,-1,-1,0.0007153791977927,-0.0007153791977927,1.020564270104559,hold
238,2020-12-15,-1,-1,0.008464907059269,-0.008464907059269,1.011925288410113,hold
239,2020-12-16,-1,-1,0.0042389293905504,-0.0042389293905504,1.0076358085640302,hold
240,2020-12-17,-1,-1,0.0014445849987885,-0.0014445849987885,1.0061801929907366,hold
241,2020-12-18,-1,-1,-0.0314049525779333,0.0314049525779333,1.0377792342364662,hold
242,2020-12-21,0,-1,0.0103462838766079,-0.0103462838766079,1.0270420756778071,hold
243,2020-12-22,-1,-1,0.0100101591857162,-0.0100101591857162,1.0167612210098438,hold
244,2020-12-23,-1,-1,0.0108925303747413,-0.0108925303747413,1.005686118526135,hold
245,2020-12-24,-1,-1,0.0090150513891666,-0.0090150513891666,0.9966198064862504,hold
246,2020-12-28,-1,-1,0.0042815942411449,-0.0042815942411449,0.9923526848621879,hold
247,2020-12-29,-1,-1,0.0035420946069744,-0.0035420946069744,0.988837677768921,hold
248,2020-12-30,-1,-1,-1.4318125132972703e-05,1.4318125132972703e-05,0.9888518360705275,hold
249,2020-12-31,-1,-1,0.0026284263414808,-0.0026284263414808,0.9862527118567781,hold
250,2021-01-01,-1,-1,0.0081606727271106,-0.0081606727271106,0.9782042262490895,hold
251,2021-01-04,-1,-1,0.0047123808655142,-0.0047123808655142,0.9735945553707482,hold
252,2021-01-05,-1,-1,-0.0037501320469031,0.0037501320469031,0.9772456635135345,hold
253,2021-01-06,-1,-1,-0.000629169612088,0.000629169612088,0.9778605167885619,hold
254,2021-01-07,-1,-1,0.014847223590326,-0.014847223590326,0.9633420030556504,hold
255,2021-01-08,-1,-1,0.0095837181341371,-0.0095837181341371,0.9541096048315901,hold
256,2021-01-11,-1,-1,0.0054333140242324,-0.0054333140242324,0.9489256277350038,hold
257,2021-01-12,-1,-1,9.609083312889231e-05,-9.609083312889231e-05,0.9488344446808573,hold
258,2021-01-13,-1,-1,0.002111247340323,-0.002111247340323,0.9468312204831181,hold
259,2021-01-14,-1,-1,-0.0110923441582015,0.0110923441582015,0.9573337982404468,hold
260,2021-01-15,-1,-1,-0.0105586501425666,0.0105586501425666,0.967441950885722,hold
261,2021-01-18,-1,-1,0.0167947308170628,-0.0167947308170628,0.9511940237394623,hold
262,2021-01-19,-1,-1,0.008508265623863,-0.008508265623863,0.9431010123256559,hold
263,2021-01-20,-1,-1,-0.0037112802046228,0.0037112802046228,0.9466011244436598,hold
264,2021-01-21,-1,-1,-0.0149721716475961,0.0149721716475961,0.9607737989606379,hold
265,2021-01-22,0,-1,-0.0092541693433081,0.0092541693433081,0.9696649623968331,hold
266,2021-01-25,-1,-1,-0.0190604880418779,0.0190604880418779,0.9881472498172259,hold
267,2021-01-27,0,-1,-0.0107356502819043,0.0107356502819043,0.9987556531182892,hold
268,2021-01-28,1,1,-0.0132404223540728,-0.0132404223540728,0.9835341951362486,flip
269,2021-01-29,-1,-1,0.0474235111013383,-0.0474235111013383,0.9349244819243864,flip
270,2021-02-01,-1,-1,0.0256735714819573,-0.0256735714819573,0.9109216314074687,hold
271,2021-02-02,-1,-1,0.0097011226717231,-0.0097011226717231,0.9020846689168588,hold
272,2021-02-03,-1,-1,0.0071467580293813,-0.0071467580293813,0.8956376880660954,hold
273,2021-02-04,-1,-1,0.0019199973566108,-0.0019199973566108,0.8939180660725276,hold
274,2021-02-05,-1,-1,0.0128348027329681,-0.0128348027329681,0.8824448040350503,hold
275,2021-02-08,-1,-1,-0.0004300136336804,0.0004300136336804,0.8828242673317558,hold
276,2021-02-09,-1,-1,-0.0001853034041081,0.0001853034041081,0.8829878576737217,hold
277,2021-02-10,-1,-1,0.0044219246475027,-0.0044219246475027,0.8790833519024287,hold
278,2021-02-11,-1,-1,-0.0006590524229219,0.0006590524229219,0.8796627139154504,hold
279,2021-02-12,-1,-1,0.0099846598415338,-0.0099846598415338,0.8708795809417241,hold
280,2021-02-15,-1,-1,-8.162092525865194e-05,8.162092525865194e-05,0.8709506629389093,hold
281,2021-02-16,-1,-1,-0.0068273186874309,0.0068273186874309,0.8768969206758224,hold
282,2021-02-17,-1,-1,-0.0059143128695843,0.0059143128695843,0.8820831634190741,hold
283,2021-02-18,-1,-1,-0.0090747170630297,0.0090747170630297,0.8900878185531643,hold
284,2021-02-19,-1,-1,-0.0204281745915864,0.0204281745915864,0.9082706879124126,hold
285,2021-02-22,-1,-1,0.0021872625461001,-0.0021872625461001,0.9062840614550212,hold
286,2021-02-23,-1,-1,0.0186431824578623,-0.0186431824578623,0.8893880423386626,hold
287,2021-02-24,-1,-1,0.0076992130139501,-0.0076992130139501,0.8825404543486373,hold
288,2021-02-25,1,1,-0.0376356932475859,-0.0376356932475859,0.8475603516214896,flip
289,2021-02-26,-1,-1,0.0159953891187234,-0.0159953891187234,0.8323081732924588,flip
290,2021-03-01,-1,-1,0.0106729853417877,-0.0106729853417877,0.8234249603590582,hold
291,2021-03-02,-1,-1,0.0218846987116321,-0.0218846987116321,0.8054045531899626,hold
292,2021-03-03,1,1,-0.0108129305241382,-0.0108129305241382,0.795084960606115,flip
293,2021-03-04,-1,-1,-0.0094591045289524,0.0094591045289524,0.801015582436674,flip
294,2021-03-05,1,1,0.0012117060677612,0.0012117060677612,0.8003841467134105,flip
295,2021-03-08,-1,-1,0.0095077756017913,-0.0095077756017913,0.7911735055578014,flip
296,2021-03-09,0,-1,0.0050600998838219,-0.0050600998838219,0.7871700885942454,hold
297,2021-03-10,-1,-1,-0.0094795062357636,0.0094795062357636,0.7946320723576811,hold
298,2021-03-12,-1,-1,-0.006749419963093,0.006749419963093,0.7999953779301661,hold
299,2021-03-15,-1,-1,-0.0012759841044576,0.0012759841044576,0.8010161593160445,hold
300,2021-03-16,-1,-1,-0.0126857598628687,0.0126857598628687,0.8111776579594052,hold
301,2021-03-17,0,-1,-0.0111029730717429,0.0111029730717429,0.8201841416521279,hold
302,2021-03-18,0,-1,0.0127869428260285,-0.0127869428260285,0.8096964939260068,hold
303,2021-03-19,-1,-1,-0.0005154374236977,0.0005154374236977,0.8101138418008131,hold
304,2021-03-22,-1,-1,0.0053167399974314,-0.0053167399974314,0.8058066771356379,hold
305,2021-03-23,-1,-1,-0.0179111769942118,0.0179111769942118,0.820239623152932,hold
306,2021-03-24,-1,-1,-0.0154301891468089,0.0154301891468089,0.832896075683889,hold
307,2021-03-25,0,-1,0.0127330319296232,-0.0127330319296232,0.8222907833581482,hold
308,2021-03-26,-1,-1,0.0232848158675504,-0.0232848158675504,0.80314389387807,hold
309,2021-03-30,1,1,-0.0104006990943323,-0.0104006990943323,0.7931843481206377,flip
310,2021-03-31,-1,-1,0.0120245741669184,-0.0120245741669184,0.782060275402381,flip
311,2021-04-01,-1,-1,-0.015439860548026,0.015439860548026,0.7941351769947445,hold
312,2021-04-05,-1,-1,0.0031220672452334,-0.0031220672452334,0.7916558335703615,hold
313,2021-04-06,-1,-1,0.0092314369658119,-0.0092314369658119,0.7843477126441395,hold
314,2021-04-07,1,1,0.0036945688638336,0.0036945688638336,0.7856768438564055,flip
315,2021-04-08,-1,-1,-0.0026187118170183,0.0026187118170183,0.786162951404057,flip
316,2021-04-09,-1,-1,-0.0353255893040076,0.0353255893040076,0.8139346209513832,hold
317,2021-04-12,0,-1,0.0135561955060299,-0.0135561955060299,0.8029007641006399,hold
318,2021-04-13,-1,-1,0.0052844845607746,-0.0052844845607746,0.798657847408916,hold
319,2021-04-15,0,-1,0.0024962821650071,-0.0024962821650071,0.7966641720684862,hold
320,2021-04-16,-1,-1,-0.0176769785548196,0.0176769785548196,0.8107467875535339,hold
321,2021-04-19,0,-1,-0.004390823034999,0.004390823034999,0.8143066332238753,hold
322,2021-04-20,-1,-1,0.0076767575754221,-0.0076767575754221,0.8080553986085575,hold
323,2021-04-22,-1,-1,-0.0044981330537942,0.0044981330537942,0.8116901393063354,hold
324,2021-04-23,-1,-1,0.0100165182871698,-0.0100165182871698,0.8035598301824581,hold
325,2021-04-26,-1,-1,0.011601643402658,-0.011601643402658,0.7942372155799808,hold
326,2021-04-27,1,1,0.014433855260107,0.014433855260107,0.8041126461606928,flip
327,2021-04-28,1,1,0.0020418099664161,0.0020418099664161,0.805754491375745,hold
328,2021-04-29,0,1,-0.0177108120451774,-0.0177108120451774,0.7914839250244315,hold
329,2021-04-30,0,1,0.0002085134632017,0.0002085134632017,0.7916489600787069,hold
330,2021-05-03,-1,-1,-0.0094061074234402,0.0094061074234402,0.7975119973187045,flip
331,2021-05-04,0,-1,0.0083709591539336,-0.0083709591539336,0.7908360569643776,hold
332,2021-05-05,-1,-1,0.0073164109749706,-0.0073164109749706,0.785049975357801,hold
333,2021-05-06,-1,-1,0.0066792477481554,-0.0066792477481554,0.779806432077703,hold
334,2021-05-07,0,-1,0.0080414227481215,-0.0080414227481215,0.7735356788956619,hold
335,2021-05-10,0,-1,-0.0061302011912188,0.0061302011912188,0.7782776082358783,hold
336,2021-05-11,0,-1,-0.0103866808073666,0.0103866808073666,0.786361329332145,hold
337,2021-05-12,-1,-1,-0.0012724250884564,0.0012724250884564,0.7873619152161792,hold
338,2021-05-14,-1,-1,0.0167157604819725,-0.0167157604819725,0.7742005620287983,hold
339,2021-05-17,0,-1,0.012393443335275,-0.012393443335275,0.7646055512331563,hold
340,2021-05-18,0,-1,-0.0051594324081388,0.0051594324081388,0.7685504818936315,hold
341,2021-05-19,-1,-1,-0.0082567760609306,0.0082567760609306,0.7748962311141476,hold
342,2021-05-20,-1,-1,0.0180631356749747,-0.0180631356749747,0.7608991753575062,hold
343,2021-05-21,0,-1,0.0014761086049899,-0.0014761086049899,0.7597760055372312,hold
344,2021-05-24,0,-1,0.0007073438653115,-0.0007073438653115,0.7592385826407037,hold
345,2021-05-25,-1,-1,0.0061150215048646,-0.0061150215048646,0.7545958223805328,hold
346,2021-05-26,-1,-1,0.0023788211965458,-0.0023788211965458,0.7528007738434291,hold
347,2021-05-27,-1,-1,0.006376433707514,-0.006376433707514,0.7480005896140514,hold
348,2021-05-28,-1,-1,0.0095330880357249,-0.0095330880357249,0.7408698341424864,hold
349,2021-05-31,-1,-1,-0.0005101904286871,0.0005101904286871,0.7412478188407688,hold
350,2021-06-01,-1,-1,8.67158252806366e-05,-8.67158252806366e-05,0.7411835409244206,hold
351,2021-06-02,-1,-1,0.0073284506253876,-0.0073284506253876,0.7357518139404061,hold
352,2021-06-03,-1,-1,-0.0012810173052479,0.0012810173052479,0.7366943247464314,hold
353,2021-06-04,-1,-1,0.0051945814919991,-0.0051945814919991,0.7328675060418428,hold
354,2021-06-07,-1,-1,-0.0007333060957773,0.0007333060957773,0.7334049222514204,hold
355,2021-06-08,-1,-1,-0.0066549769442125,0.0066549769442125,0.7382857150997756,hold
356,2021-06-09,-1,-1,0.006549286916079,-0.006549286916079,0.7334504701255445,hold
357,2021-06-10,-1,-1,0.0039141306333496,-0.0039141306333496,0.7305796491723815,hold
358,2021-06-11,-1,-1,0.0007911718082738,-0.0007911718082738,0.7300016351502577,hold
359,2021-06-14,-1,-1,0.0036302135450976,-0.0036302135450976,0.7273515733263919,hold
360,2021-06-15,-1,-1,-0.0064086327528081,0.0064086327528081,0.7320129024420179,hold
361,2021-06-16,-1,-1,-0.0048295020472909,0.0048295020472909,0.735548160253005,hold
362,2021-06-17,-1,-1,-0.0005130696464038,0.0005130696464038,0.7359255476874988,hold
363,2021-06-18,-1,-1,0.0040265882096546,-0.0040265882096546,0.7329622785539968,hold
364,2021-06-21,0,-1,0.0016670371193598,-0.0016670371193598,0.7317404032285567,hold
365,2021-06-22,-1,-1,-0.0054397492312691,0.0054397492312691,0.7357208875245077,hold
366,2021-06-23,-1,-1,0.0065978407983298,-0.0065978407983298,0.7308667182366151,hold
367,2021-06-24,1,1,0.0044266891189239,0.0044266891189239,0.7326403045491435,flip
368,2021-06-25,0,1,-0.0028782098242977,-0.0028782098242977,0.7305316120269137,hold
369,2021-06-28,-1,-1,-0.0041891404314852,0.0041891404314852,0.7321308483152799,flip
370,2021-06-29,-1,-1,-0.0017112919035373,0.0017112919035373,0.7333837379083318,hold
371,2021-06-30,-1,-1,-0.002639697229908,0.002639697229908,0.735319648929748,hold
372,2021-07-01,-1,-1,0.0026913389867666,-0.0026913389867666,0.7333406544908478,hold
373,2021-07-02,-1,-1,0.007133188273225,-0.007133188273225,0.7281095975339547,hold
374,2021-07-05,1,1,-0.0010167521731027,-0.0010167521731027,0.7259130713233372,flip
375,2021-07-06,-1,-1,0.0038816171589777,-0.0038816171589777,0.7216435285471156,flip
376,2021-07-07,0,-1,-0.0095562557277451,0.0095562557277451,0.7285397386501841,hold
377,2021-07-08,-1,-1,-0.0024224839292732,0.0024224839292732,0.730304614458901,hold
378,2021-07-09,-1,-1,0.0001784474449868,-0.0001784474449868,0.7301742934663887,hold
379,2021-07-12,-1,-1,0.0076309854951284,-0.0076309854951284,0.7246023440240311,hold
380,2021-07-13,0,-1,0.0026308921169333,-0.0026308921169333,0.7226959934292269,hold
381,2021-07-14,-1,-1,0.0044310723280038,-0.0044310723280038,0.7194936752111835,hold
382,2021-07-15,1,1,-5.0225736783704455e-05,-5.0225736783704455e-05,0.7180185507608124,flip
383,2021-07-16,-1,-1,-0.0107389122803617,0.0107389122803617,0.7242932518915836,flip
384,2021-07-19,-1,-1,-0.0076369809214345,0.0076369809214345,0.7298246656378033,hold
385,2021-07-20,-1,-1,0.0122792331234495,-0.0122792331234495,0.7208629784291932,hold
386,2021-07-22,0,-1,0.0020222383267853,-0.0020222383267853,0.7194052216858531,hold
387,2021-07-23,-1,-1,-0.0019929055322251,0.0019929055322251,0.7208389283320625,hold
388,2021-07-26,-1,-1,-0.0049290812026508,0.0049290812026508,0.724392001943843,hold
389,2021-07-27,-1,-1,-0.0023528988583426,0.0023528988583426,0.7260964230582092,hold
390,2021-07-28,-1,-1,0.0043954449546468,-0.0043954449546468,0.7229049061988909,hold
391,2021-07-29,1,1,-0.0009760394990868,-0.0009760394990868,0.7207535126439594,flip
392,2021-07-30,-1,-1,0.0077460001364197,-0.0077460001364197,0.7137290488114064,flip
393,2021-08-02,1,1,0.0154609558824161,0.0154609558824161,0.7233365240494556,flip
394,2021-08-03,0,1,0.0079382424678022,0.0079382424678022,0.7290785447631775,hold
395,2021-08-04,0,1,0.0022018725316477,0.0022018725316477,0.7306838827843052,hold
396,2021-08-05,0,1,-0.0034612335015614,-0.0034612335015614,0.7281548152501612,hold
397,2021-08-06,-1,-1,0.0012347307242392,-0.0012347307242392,0.7257994304972688,flip
398,2021-08-09,0,-1,0.0013439090538649,-0.0013439090538649,0.7248240220713335,hold
399,2021-08-10,-1,-1,0.0001320870680521,-0.0001320870680521,0.7247282821914043,hold
400,2021-08-11,-1,-1,0.0050453954843463,-0.0050453954843463,0.7210717413890577,hold
401,2021-08-12,-1,-1,0.0100644823408473,-0.0100644823408473,0.7138145275813635,hold
402,2021-08-13,-1,-1,0.0020540242770237,-0.0020540242770237,0.7123483352124192,hold
403,2021-08-16,-1,-1,0.0031122785775283,-0.0031122785775283,0.7101313087489997,hold
404,2021-08-17,-1,-1,-0.0027536023181795,0.0027536023181795,0.7120867279669828,hold
405,2021-08-18,-1,-1,-0.0071428984006249,0.0071428984006249,0.7171730911172844,hold
406,2021-08-20,-1,-1,0.0027931806783987,-0.0027931806783987,0.7151698970961081,hold
407,2021-08-23,-1,-1,0.0077683620836017,-0.0077683620836017,0.7096141983841734,hold
408,2021-08-24,-1,-1,0.0006045728309951,-0.0006045728309951,0.7091851849193419,hold
409,2021-08-25,-1,-1,0.0001352598309651,-0.0001352598309651,0.7090892606511068,hold
410,2021-08-26,-1,-1,0.00410526158848,-0.00410526158848,0.7061782637465521,hold
411,2021-08-27,-1,-1,0.0135198365217041,-0.0135198365217041,0.6966308490655179,hold
412,2021-08-30,1,1,0.0118804461754233,0.0118804461754233,0.7035138726738492,flip
413,2021-08-31,1,1,-0.0032657347743637,-0.0032657347743637,0.7012163829556111,hold
414,2021-09-01,-1,-1,0.009246783727399,-0.009246783727399,0.6933299539504003,flip
415,2021-09-02,-1,-1,0.0051902308336972,-0.0051902308336972,0.6897314114454811,hold
416,2021-09-03,-1,-1,0.0031287476677577,-0.0031287476677577,0.6875734159005418,hold
417,2021-09-06,-1,-1,-0.0009035189246697,0.0009035189246697,0.6881946514939078,hold
418,2021-09-07,-1,-1,-0.0004953092983268,0.0004953092983268,0.6885355207038515,hold
419,2021-09-08,-1,-1,0.0009075978909154,-0.0009075978909154,0.6879106073174404,hold
420,2021-09-09,-1,-1,-0.0008030985074197,0.0008030985074197,0.6884630672994152,hold
421,2021-09-13,-1,-1,0.001423151293159,-0.001423151293159,0.6874832801948959,hold
422,2021-09-14,-1,-1,0.0080235453826236,-0.0080235453826236,0.6819672268964572,hold
423,2021-09-15,-1,-1,0.0062816347635072,-0.0062816347635072,0.6776833578564118,hold
424,2021-09-16,-1,-1,-0.0025156476006126,0.0025156476006126,0.6793881703695783,hold
425,2021-09-17,-1,-1,-0.010705054879733,0.010705054879733,0.686661058018026,hold
426,2021-09-20,-1,-1,0.0094901738624639,-0.0094901738624639,0.6801445251928515,hold
427,2021-09-21,-1,-1,-0.0008740239935656,0.0008740239935656,0.6807389878269624,hold
428,2021-09-22,-1,-1,0.0157465283671818,-0.0157465283671818,0.6700197120444985,hold
429,2021-09-23,-1,-1,0.0016972499684944,-0.0016972499684944,0.6688825211093403,hold
430,2021-09-24,-1,-1,0.0001064453827974,-0.0001064453827974,0.6688113216533343,hold
431,2021-09-27,-1,-1,-0.0059646824901542,0.0059646824901542,0.6728005688328169,hold
432,2021-09-28,-1,-1,-0.0021015082285871,0.0021015082285871,0.6742144647644172,hold
433,2021-09-29,-1,-1,-0.0052593760207388,0.0052593760207388,0.6777604121532345,hold
434,2021-09-30,-1,-1,-0.0048869834497958,0.0048869834497958,0.6810726160703541,hold
435,2021-10-01,-1,-1,0.0090804675811375,-0.0090804675811375,0.6748881582597267,hold
436,2021-10-04,0,-1,0.0074076609199462,-0.0074076609199462,0.6698888156244517,hold
437,2021-10-05,0,-1,-0.0098921448702895,0.0098921448702895,0.6765154528355954,hold
438,2021-10-06,-1,-1,0.0081803020160375,-0.0081803020160375,0.6709813521128839,hold
439,2021-10-07,0,-1,0.0058936227604964,-0.0058936227604964,0.6670268411442027,hold
440,2021-10-08,0,-1,0.0028359561343596,-0.0028359561343596,0.6651351822822773,hold
441,2021-10-11,0,-1,0.0025632525445875,-0.0025632525445875,0.6634302728337976,hold
442,2021-10-12,-1,-1,0.0094375978492116,-0.0094375978492116,0.6571690847177996,hold
443,2021-10-13,0,-1,0.0097347877407187,-0.0097347877407187,0.6507716831683094,hold
444,2021-10-14,1,1,0.0075523961327199,0.0075523961327199,0.6543850253452167,flip
445,2021-10-18,-1,-1,-0.0031553077349963,0.0031553077349963,0.6551410414266639,flip
446,2021-10-19,-1,-1,-0.00826062521208,0.00826062521208,0.6605529160309414,hold
447,2021-10-20,-1,-1,-0.0048449082967022,0.0048449082967022,0.6637532343342305,hold
448,2021-10-21,-1,-1,-0.0034766680845673,0.0034766680845673,0.6660608840200686,hold
449,2021-10-22,-1,-1,0.0005796333280105,-0.0005796333280105,0.6656748129332064,hold
450,2021-10-25,-1,-1,0.0078894808897,-0.0078894808897,0.6604229842178153,hold
451,2021-10-26,-1,-1,-0.0031448386638428,0.0031448386638428,0.662499907953074,hold
452,2021-10-27,-1,-1,-0.0194223384240636,0.0194223384240636,0.6753672053712495,hold
453,2021-10-28,0,-1,-0.0103935157639054,0.0103935157639054,0.6823866450667003,hold
454,2021-10-29,-1,-1,0.0145996550575078,-0.0145996550575078,0.6724240354328764,hold
455,2021-11-01,-1,-1,-0.0022700482713416,0.0022700482713416,0.6739504704521194,hold
456,2021-11-02,-1,-1,-0.0033400508475575,0.0033400508475575,0.6762014992921648,hold
457,2021-11-03,-1,-1,0.0049133761659847,-0.0049133761659847,0.6728790669621395,hold
458,2021-11-04,-1,-1,0.0084697040421863,-0.0084697040421863,0.6671799804087878,hold
459,2021-11-08,1,1,-0.0013449214352717,-0.0013449214352717,0.6649483157911343,flip
460,2021-11-09,-1,-1,-0.0014991358050348,0.0014991358050348,0.664615266988252,flip
461,2021-11-10,-1,-1,-0.007970140510272,0.007970140510272,0.6699123440514203,hold
462,2021-11-11,-1,-1,0.0128206066843303,-0.0128206066843303,0.6613236613753593,hold
463,2021-11-12,0,-1,0.0003700663573213,-0.0003700663573213,0.6610789277369837,hold
464,2021-11-15,-1,-1,-0.0060879819517564,0.0060879819517564,0.6651035643177329,hold
465,2021-11-16,-1,-1,-0.005586294529162,0.005586294529162,0.6688190287204072,hold
466,2021-11-17,-1,-1,-0.0074781956434608,0.0074781956434608,0.6738205882672479,hold
467,2021-11-18,-1,-1,-0.0196033721001568,0.0196033721001568,0.6870297439877973,hold
468,2021-11-22,0,-1,0.0049836979327988,-0.0049836979327988,0.683605795272914,hold
469,2021-11-23,-1,-1,-0.0050446817378146,0.0050446817378146,0.6870543689441916,hold
470,2021-11-24,-1,-1,0.006959452503032,-0.006959452503032,0.6822728466965239,hold
471,2021-11-25,-1,-1,-0.0290712541877539,0.0290712541877539,0.7021073740482409,hold
472,2021-11-26,1,1,0.0016151341742889,0.0016151341742889,0.70183715691399,flip
473,2021-11-29,-1,-1,-0.004148599194972,0.004148599194972,0.7033451236643368,flip
474,2021-11-30,1,1,0.0108166411704213,0.0108166411704213,0.7095462652386508,flip
475,2021-12-01,-1,-1,0.0136745711024337,-0.0136745711024337,0.6984244318537013,flip
476,2021-12-02,-1,-1,-0.0117776858673942,0.0117776858673942,0.7066502554141874,hold
477,2021-12-03,-1,-1,-0.0165409195759996,0.0165409195759996,0.7183389004573529,hold
478,2021-12-06,-1,-1,0.0156365485816494,-0.0156365485816494,0.7071065593422629,hold
479,2021-12-07,-1,-1,0.0170609485278816,-0.0170609485278816,0.695042650729597,hold
480,2021-12-08,-1,-1,0.0026960665936832,-0.0026960665936832,0.6931687694577799,hold
481,2021-12-09,-1,-1,-0.0003167708948091,0.0003167708948091,0.6933883451491348,hold
482,2021-12-10,-1,-1,-0.0081690551168631,0.0081690551168631,0.6990526727580486,hold
483,2021-12-13,-1,-1,-0.0024959111813221,0.0024959111813221,0.7007974461403185,hold
484,2021-12-14,-1,-1,-0.0059740603216401,0.0059740603216401,0.704984052356812,hold
485,2021-12-15,-1,-1,0.0015678167505297,-0.0015678167505297,0.7038787665506707,hold
486,2021-12-16,-1,-1,-0.01525945397337,0.01525945397337,0.714619572191683,hold
487,2021-12-17,0,-1,-0.0218425462793778,0.0218425462793778,0.7302286832694291,hold
488,2021-12-20,0,-1,0.009428705444209,-0.009428705444209,0.7233435721079691,hold
489,2021-12-21,-1,-1,0.0110071709945933,-0.0110071709945933,0.7153816057219368,hold
490,2021-12-22,-1,-1,0.0069093062126275,-0.0069093062126275,0.7104388151491228,hold
491,2021-12-23,-1,-1,-0.0040327548791804,0.0040327548791804,0.7133038407472745,hold
492,2021-12-24,-1,-1,0.0048518709108285,-0.0048518709108285,0.7098429825917706,hold
493,2021-12-27,-1,-1,0.0086034091740434,-0.0086034091740434,0.7037359129632101,hold
494,2021-12-28,1,1,-0.0011402602889762,-0.0011402602889762,0.7015259990218053,flip
495,2021-12-29,-1,-1,-0.0005606259494814,0.0005606259494814,0.7005162407030493,flip
496,2021-12-30,-1,-1,0.0087248317576065,-0.0087248317576065,0.6944043543594443,hold
497,2021-12-31,1,1,0.0156533158122078,0.0156533158122078,0.703885276310886,flip
498,2022-01-03,1,1,0.0101868742352642,0.0101868742352642,0.7110556670967192,hold
499,2022-01-04,-1,-1,0.006739585234692,-0.006739585234692,0.7048413354875166,flip
500,2022-01-05,-1,-1,-0.0100054174627969,0.0100054174627969,0.7118935672941045,hold
501,2022-01-06,-1,-1,0.0037641836511315,-0.0037641836511315,0.7092138691667503,hold
502,2022-01-07,-1,-1,0.0107003189218717,-0.0107003189218717,0.7016250545828515,hold
503,2022-01-10,-1,-1,0.0029133112526023,-0.0029133112526023,0.6995810024162276,hold
504,2022-01-11,-1,-1,0.0086731157318304,-0.0086731157318304,0.6935134554184818,hold
505,2022-01-12,-1,-1,0.0024956237305924,-0.0024956237305924,0.6917827067816542,hold
506,2022-01-13,-1,-1,-0.0001123235637506,0.0001123235637506,0.691860410280621,hold
507,2022-01-14,-1,-1,0.0028675682661627,-0.0028675682661627,0.6898764533234859,hold
508,2022-01-17,-1,-1,-0.0106536905679234,0.0106536905679234,0.6972261835872907,hold
509,2022-01-18,-1,-1,-0.0096422404339412,0.0096422404339412,0.7039490060862785,hold
510,2022-01-19,-1,-1,-0.010112406160797,0.010112406160797,0.7110676243523123,hold
511,2022-01-20,-1,-1,-0.0078757453046686,0.0078757453046686,0.7166678118561068,hold
512,2022-01-21,-1,-1,-0.0265679051873833,0.0265679051873833,0.7357081743323494,hold
513,2022-01-24,-1,-1,0.0075134912216943,-0.0075134912216943,0.7301804374227745,hold
514,2022-01-25,-1,-1,-0.0097117329146276,0.0097117329146276,0.7372717548105105,hold
515,2022-01-27,1,1,-0.0004793161771092,-0.0004793161771092,0.7354438250218832,flip
516,2022-01-28,-1,-1,0.0139107178709299,-0.0139107178709299,0.7237423858120425,flip
517,2022-01-31,-1,-1,0.0136679386118703,-0.0136679386118703,0.713850319311955,hold
518,2022-02-01,-1,-1,0.0115578385853996,-0.0115578385853996,0.7055997525472114,hold
519,2022-02-02,-1,-1,-0.0123622486642295,0.0123622486642295,0.7143225521456188,hold
520,2022-02-03,-1,-1,-0.0024998826581151,0.0024998826581151,0.7161082747060281,hold
521,2022-02-04,-1,-1,-0.0172811129276234,0.0172811129276234,0.7284834226696285,hold
522,2022-02-07,-1,-1,0.0030876976246183,-0.0030876976246183,0.7262340861358777,hold
523,2022-02-08,-1,-1,0.0114121523303458,-0.0114121523303458,0.7179461921174056,hold
524,2022-02-09,-1,-1,0.008133901085124,-0.008133901085124,0.7121064888062812,hold
525,2022-02-10,-1,-1,-0.0131262969128136,0.0131262969128136,0.7214538100118937,hold
526,2022-02-11,-1,-1,-0.0306162228952934,0.0306162228952934,0.7435420006678765,hold
527,2022-02-14,-1,-1,0.0302591263839775,-0.0302591263839775,0.7210430692978717,hold
528,2022-02-15,-1,-1,-0.0017432697608654,0.0017432697608654,0.7223000418768603,hold
529,2022-02-16,-1,-1,-0.0010160147191904,0.0010160147191904,0.723033909351079,hold
530,2022-02-17,-1,-1,-0.0016353356196504,0.0016353356196504,0.7242163124572559,hold
531,2022-02-18,-1,-1,-0.004031556958107,0.004031556958107,0.7271360317709177,hold
532,2022-02-21,1,1,-0.0066515660675804,-0.0066515660675804,0.7208451663519333,flip
533,2022-02-22,0,1,-0.0016937094155936,-0.0016937094155936,0.7196242641064979,hold
534,2022-02-23,-1,-1,-0.0477810384708364,0.0477810384708364,0.7525694102261048,flip
535,2022-02-24,-1,-1,0.0252616601096495,-0.0252616601096495,0.7335582575760535,hold
536,2022-02-25,-1,-1,0.0081340342903666,-0.0081340342903666,0.7275914695549484,hold
537,2022-02-28,-1,-1,-0.0111916331229355,0.0111916331229355,0.7357344063455848,hold
538,2022-03-02,1,1,-0.006497577228417,-0.006497577228417,0.7294824464080597,flip
539,2022-03-03,1,1,-0.0153170320073322,-0.0153170320073322,0.7183089404276404,hold
540,2022-03-04,1,1,-0.0235266847399477,-0.0235266847399477,0.7014095124403135,hold
541,2022-03-07,1,1,0.0094747765094835,0.0094747765094835,0.7080552108123113,hold
542,2022-03-08,-1,-1,0.0207262900882942,-0.0207262900882942,0.6919637426928624,flip
543,2022-03-09,-1,-1,0.0152673871904744,-0.0152673871904744,0.6813992643114007,hold
544,2022-03-10,-1,-1,0.0021421537513466,-0.0021421537513466,0.6799396023211912,hold
545,2022-03-11,-1,-1,0.014482565042708,-0.014482565042708,0.6700923328054615,hold
546,2022-03-14,-1,-1,-0.0123464565033122,0.0123464565033122,0.6783655986456472,hold
547,2022-03-15,-1,-1,0.0187451004846066,-0.0187451004846066,0.6656495673337341,hold
548,2022-03-16,-1,-1,0.0183619883565082,-0.0183619883565082,0.6534269177288374,hold
549,2022-03-17,-1,-1,-0.0098022024704637,0.0098022024704637,0.6598319406760664,hold
550,2022-03-21,-1,-1,0.0115612232521558,-0.0115612232521558,0.6522034763010072,hold
551,2022-03-22,-1,-1,-0.004033935455228,0.004033935455228,0.6548344230280807,hold
552,2022-03-23,-1,-1,-0.0013278937068936,0.0013278937068936,0.655703973537477,hold
553,2022-03-24,-1,-1,-0.0040498758909001,0.0040498758909001,0.6583594932514738,hold
554,2022-03-25,-1,-1,0.0040226199498629,-0.0040226199498629,0.6557111632197388,hold
555,2022-03-28,-1,-1,0.005998187274997,-0.005998187274997,0.6517780848644407,hold
556,2022-03-29,-1,-1,0.0099824655821947,-0.0099824655821947,0.6452717325650525,hold
557,2022-03-30,-1,-1,-0.0019144771620018,0.0019144771620018,0.6465070905603337,hold
558,2022-03-31,-1,-1,0.0117779652585923,-0.0117779652585923,0.6388925525082805,hold
559,2022-04-01,-1,-1,0.0216718413399843,-0.0216718413399843,0.6250465744770234,hold
560,2022-04-04,-1,-1,-0.005317557796472,0.005317557796472,0.6283702957622918,hold
561,2022-04-05,-1,-1,-0.0083391803235717,0.0083391803235717,0.6336103889686296,hold
562,2022-04-06,-1,-1,-0.0094397411049521,0.0094397411049521,0.6395915070019015,hold
563,2022-04-07,-1,-1,0.0082087593907955,-0.0082087593907955,0.6343412542125266,hold
564,2022-04-08,-1,-1,-0.006151497975913,0.006151497975913,0.6382434031538531,hold
565,2022-04-11,-1,-1,-0.0081838106412522,0.0081838106412522,0.6434666663082926,hold
566,2022-04-12,-1,-1,-0.0031174816283502,0.0031174816283502,0.6454726618189645,hold
567,2022-04-13,-1,-1,-0.0172811880101475,0.0172811880101475,0.6566271962432684,hold
568,2022-04-18,0,-1,-0.0125191788064678,0.0125191788064678,0.6648476295222274,hold
569,2022-04-19,-1,-1,0.010490244596548,-0.010490244596548,0.6578732152691041,hold
570,2022-04-20,-1,-1,0.014941678252146,-0.014941678252146,0.6480434853558484,hold
571,2022-04-21,-1,-1,-0.0126864526051679,0.0126864526051679,0.6562648583189032,hold
572,2022-04-22,-1,-1,-0.0126951225643019,0.0126951225643019,0.664596221129906,hold
573,2022-04-25,1,1,0.0145601216162072,0.0145601216162072,0.6729436304929693,flip
574,2022-04-26,-1,-1,-0.0094414436101153,0.0094414436101153,0.677951302572069,flip
575,2022-04-27,-1,-1,0.0121285088909346,-0.0121285088909346,0.669728764171203,hold
576,2022-04-28,-1,-1,-0.0082632403816946,0.0082632403816946,0.675262893940085,hold
577,2022-04-29,-1,-1,-0.0019559171203674,0.0019559171203674,0.6765836521950912,hold
578,2022-05-02,-1,-1,-0.0229361834519363,0.0229361834519363,0.6921018989624189,hold
579,2022-05-04,-1,-1,0.0003028482136697,-0.0003028482136697,0.6918922971386408,hold
580,2022-05-05,-1,-1,-0.0162684216398562,0.0162684216398562,0.7031482927578607,hold
581,2022-05-06,1,1,-0.0066661826871809,-0.0066661826871809,0.6970546811966417,flip
582,2022-05-09,1,1,-0.0037909688880922,-0.0037909688880922,0.6944121685869262,hold
583,2022-05-10,1,1,-0.0044919933245182,-0.0044919933245182,0.6912928737611695,hold
584,2022-05-11,1,1,-0.0222117521417858,-0.0222117521417858,0.6759380477918036,hold
585,2022-05-12,1,1,-0.0016352232651188,-0.0016352232651188,0.6748327381702754,hold
586,2022-05-13,-1,-1,0.0038112305721171,-0.0038112305721171,0.6709111295311548,flip
587,2022-05-16,-1,-1,0.0263219359020472,-0.0263219359020472,0.6532514497836657,hold
588,2022-05-17,-1,-1,-0.0011685620062508,0.0011685620062508,0.654014814608411,hold
589,2022-05-18,-1,-1,-0.0265327253341793,0.0265327253341793,0.6713676100489002,hold
590,2022-05-19,-1,-1,0.0288910387942893,-0.0288910387942893,0.6519711023817482,hold
591,2022-05-20,-1,-1,-0.0031630222318707,0.0031630222318707,0.6540333014731188,hold
592,2022-05-23,-1,-1,-0.0055227542667355,0.0055227542667355,0.6576453666794165,hold
593,2022-05-24,-1,-1,-0.0061612191843656,0.0061612191843656,0.6616972639291109,hold
594,2022-05-25,-1,-1,0.0090073873189953,-0.0090073873189953,0.6557371003849819,hold
595,2022-05-26,-1,-1,0.0112738471989222,-0.0112738471989222,0.6483444205125773,hold
596,2022-05-27,-1,-1,0.0188932050929628,-0.0188932050929628,0.6360951164049551,hold
597,2022-05-30,-1,-1,-0.0046124339835348,0.0046124339835348,0.6390290631366218,hold
598,2022-05-31,-1,-1,-0.0037264067061659,0.0037264067061659,0.6414103453229291,hold
599,2022-06-01,-1,-1,0.0063700049931154,-0.0063700049931154,0.6373245582205862,hold
600,2022-06-02,-1,-1,-0.0026280502014673,0.0026280502014673,0.6389994791542178,hold
601,2022-06-03,-1,-1,-0.0008893953501298,0.0008893953501298,0.639567802319713,hold
602,2022-06-06,-1,-1,-0.0092459460064759,0.0092459460064759,0.6454812116874415,hold
603,2022-06-07,-1,-1,-0.0036609606157923,0.0036609606157923,0.6478442929816631,hold
604,2022-06-08,-1,-1,0.0074497277416889,-0.0074497277416889,0.6430180293799428,hold
605,2022-06-09,-1,-1,-0.0167676984141,0.0167676984141,0.6537999617714146,hold
606,2022-06-10,0,-1,-0.0263797491152091,0.0263797491152091,0.6710470407344779,hold
607,2022-06-13,0,-1,-0.0026816094559853,0.0026816094559853,0.6728465268243224,hold
608,2022-06-14,-1,-1,-0.002539344381356,0.002539344381356,0.6745551158717287,hold
609,2022-06-15,-1,-1,-0.0211284478542902,0.0211284478542902,0.6888074184622691,hold
610,2022-06-16,1,1,-0.0043682936266399,-0.0043682936266399,0.6844208905692936,flip
611,2022-06-17,1,1,0.0037042135956451,0.0037042135956451,0.6869561317372839,hold
612,2022-06-20,-1,-1,0.018804337854487,-0.018804337854487,0.6726644642814099,flip
613,2022-06-21,-1,-1,-0.0144192650853174,0.0144192650853174,0.6823637915053566,hold
614,2022-06-22,1,1,0.0093004475196092,0.0093004475196092,0.6873453525545231,flip
615,2022-06-23,-1,-1,0.0091664725885294,-0.0091664725885294,0.67967012951637,flip
616,2022-06-24,-1,-1,0.008458990377725,-0.008458990377725,0.6739208064307639,hold
617,2022-06-27,-1,-1,0.0011464333961117,-0.0011464333961117,0.6731482011119372,hold
618,2022-06-28,-1,-1,-0.0032239710103227,0.0032239710103227,0.675318411397973,hold
619,2022-06-29,-1,-1,-0.0011930812414028,0.0011930812414028,0.6761241211265858,hold
620,2022-06-30,-1,-1,-0.0017870563085186,0.0017870563085186,0.6773323930025866,hold
621,2022-07-01,-1,-1,0.0052881882498054,-0.0052881882498054,0.6737505318006978,hold
622,2022-07-04,-1,-1,-0.0015471713984448,0.0015471713984448,0.6747929393531867,hold
623,2022-07-05,-1,-1,0.0113181897073002,-0.0113181897073002,0.6671555048524406,hold
624,2022-07-06,-1,-1,0.0089494920315105,-0.0089494920315105,0.6611848019779852,hold
625,2022-07-07,1,1,0.0054360478665673,0.0054360478665673,0.6634566646062284,flip
626,2022-07-08,-1,-1,-0.0002835659276332,0.0002835659276332,0.6623178849815595,flip
627,2022-07-11,-1,-1,-0.0097249750439381,0.0097249750439381,0.6687589098841591,hold
628,2022-07-12,-1,-1,-0.0057072925015229,0.0057072925015229,0.6725757125958676,hold
629,2022-07-13,-1,-1,-0.0017536552323109,0.0017536552323109,0.6737551785133866,hold
630,2022-07-14,-1,-1,0.0069359576863876,-0.0069359576863876,0.6690820411042333,hold
631,2022-07-15,-1,-1,0.0142873041582765,-0.0142873041582765,0.6595226624761367,hold
632,2022-07-18,-1,-1,0.0038117642711243,-0.0038117642711243,0.6570087175553133,hold
633,2022-07-19,-1,-1,0.0110338885069691,-0.0110338885069691,0.6497593566177012,hold
634,2022-07-20,-1,-1,0.005108719746296,-0.005108719746296,0.6464399181622078,hold
635,2022-07-21,-1,-1,0.0068772959606149,-0.0068772959606149,0.6419941595242507,hold
636,2022-07-22,-1,-1,-0.0052901993117577,0.0052901993117577,0.6453904365851184,hold
637,2022-07-25,-1,-1,-0.008847958067765,0.008847958067765,0.6511008241053601,hold
638,2022-07-26,-1,-1,0.0095821774414373,-0.0095821774414373,0.6448618604765165,hold
639,2022-07-27,-1,-1,0.0172937311236929,-0.0172937311236929,0.6337097928495112,hold
640,2022-07-28,-1,-1,0.0135059538264792,-0.0135059538264792,0.625150937647898,hold
641,2022-07-29,-1,-1,0.0105955316684394,-0.0105955316684394,0.6185271310904951,hold
642,2022-08-01,-1,-1,0.0003113276638058,-0.0003113276638058,0.6183345664837722,hold
643,2022-08-02,-1,-1,0.0024618083588656,-0.0024618083588656,0.6168123452794269,hold
644,2022-08-03,-1,-1,-0.0003537116074355,0.0003537116074355,0.6170305189655617,hold
645,2022-08-04,-1,-1,0.0008917270739845,-0.0008917270739845,0.6164802961463254,hold
646,2022-08-05,-1,-1,0.0073343646716481,-0.0073343646716481,0.6119588048415027,hold
647,2022-08-08,-1,-1,0.0005506610997998,-0.0005506610997998,0.6116218229329965,hold
648,2022-08-10,-1,-1,0.0070859293688247,-0.0070859293688247,0.6072879138952615,hold
649,2022-08-11,-1,-1,0.0022170219505635,-0.0022170219505635,0.6059415432598437,hold
650,2022-08-12,-1,-1,0.0071815193435313,-0.0071815193435313,0.6015899623458739,hold
651,2022-08-16,-1,-1,0.0066759231988331,-0.0066759231988331,0.5975737939600639,hold
652,2022-08-17,-1,-1,0.000682669936052,-0.000682669936052,0.5971658482963549,hold
653,2022-08-18,-1,-1,-0.011029475746944,0.011029475746944,0.6037522745370428,hold
654,2022-08-19,-1,-1,-0.0150773300473388,0.0150773300473388,0.6128552468470694,hold
655,2022-08-22,-1,-1,0.0049626821755044,-0.0049626821755044,0.609813841037377,hold
656,2022-08-23,-1,-1,0.0015616110795051,-0.0015616110795051,0.6088615489867775,hold
657,2022-08-24,-1,-1,-0.0046861822192667,0.0046861822192667,0.6117147851516345,hold
658,2022-08-25,-1,-1,0.0020802555293466,-0.0020802555293466,0.6104422620874397,hold
659,2022-08-26,-1,-1,-0.0140099889245538,0.0140099889245538,0.6189945514183642,hold
660,2022-08-29,0,-1,0.0257842637890255,-0.0257842637890255,0.6030342326206236,hold
661,2022-08-30,1,1,-0.0121907952721076,-0.0121907952721076,0.5944766972834318,flip
662,2022-09-01,-1,-1,-0.0001910505934481,0.0001910505934481,0.593401319014672,flip
663,2022-09-02,-1,-1,0.0072038500710118,-0.0072038500710118,0.5891265448805496,hold
664,2022-09-05,1,1,-0.0005774531254664,-0.0005774531254664,0.587608098826152,flip
665,2022-09-06,1,1,-0.0017671004916441,-0.0017671004916441,0.5865697362658222,hold
666,2022-09-07,-1,-1,0.0098925129655895,-0.0098925129655895,0.5795939480720586,flip
667,2022-09-08,1,1,0.0019439347917691,0.0019439347917691,0.5795614530166705,flip
668,2022-09-09,0,1,0.005775695663245,0.005775695663245,0.5829088235874429,hold
669,2022-09-12,0,1,0.0074542019299801,0.0074542019299801,0.5872539436652309,hold
670,2022-09-13,0,1,-0.0036690976717561,-0.0036690976717561,0.5850992515877992,hold
671,2022-09-14,-1,-1,-0.0070179606679163,0.0070179606679163,0.5880352566190941,flip
672,2022-09-15,-1,-1,-0.0193848531485446,0.0193848531485446,0.5994342337148219,hold
673,2022-09-16,0,-1,0.0052136885924867,-0.0052136885924867,0.5963089702885569,hold
674,2022-09-19,-1,-1,0.0110088098852303,-0.0110088098852303,0.5897443182017927,hold
675,2022-09-20,-1,-1,-0.0054950054374517,0.0054950054374517,0.5929849664370178,hold
676,2022-09-21,0,-1,-0.0049975776569025,0.0049975776569025,0.5959484548561625,hold
677,2022-09-22,-1,-1,-0.0171556772324205,0.0171556772324205,0.6061723541948345,hold
678,2022-09-23,0,-1,-0.0179513217622564,0.0179513217622564,0.6170539491683704,hold
679,2022-09-26,0,-1,-0.0005230508522044,0.0005230508522044,0.6173766997623391,hold
680,2022-09-27,-1,-1,-0.0087491784653945,0.0087491784653945,0.6227782386889361,hold
681,2022-09-28,1,1,-0.0024023347691036,-0.0024023347691036,0.6200365603953147,flip
682,2022-09-29,-1,-1,0.016425755966269,-0.016425755966269,0.6086119180433058,flip
683,2022-09-30,-1,-1,-0.0121092644487904,0.0121092644487904,0.6159817607055778,hold
684,2022-10-03,-1,-1,0.0229136709327191,-0.0229136709327191,0.6018673573402132,hold
685,2022-10-04,-1,-1,0.0033286441360573,-0.0033286441360573,0.5998639550905185,hold
686,2022-10-06,-1,-1,-0.0009895331040011,0.0009895331040011,0.6004575403319775,hold
687,2022-10-07,-1,-1,-0.0042536458411471,0.0042536458411471,0.603011674051196,hold
688,2022-10-10,-1,-1,-0.0149323831999303,0.0149323831999303,0.6120160754421601,hold
689,2022-10-11,-1,-1,0.0082461453396196,-0.0082461453396196,0.6069693019338804,hold
690,2022-10-12,-1,-1,-0.0063800837728176,0.0063800837728176,0.6108418169277472,hold
691,2022-10-13,-1,-1,0.0100708880038873,-0.0100708880038873,0.6046900974013768,hold
692,2022-10-14,-1,-1,0.0073375869608156,-0.0073375869608156,0.6002531312273501,hold
693,2022-10-17,-1,-1,0.010117285874136,-0.010117285874136,0.5941801987018778,hold
694,2022-10-18,-1,-1,0.0014468379208691,-0.0014468379208691,0.5933205162585664,hold
695,2022-10-19,-1,-1,0.002952174549244,-0.002952174549244,0.5915689305309235,hold
696,2022-10-20,-1,-1,0.0007032337856462,-0.0007032337856462,0.5911529192724356,hold
697,2022-10-21,-1,-1,0.0087873563767617,-0.0087873563767617,0.5859582478976257,hold
698,2022-10-24,1,1,-0.004196122026705,-0.004196122026705,0.5823275790910978,flip
699,2022-10-25,-1,-1,0.0045649078749665,-0.0045649078749665,0.5785046521813124,flip
700,2022-10-27,-1,-1,0.0028106052447454,-0.0028106052447454,0.576878703971782,hold
701,2022-10-28,-1,-1,0.0126722303955641,-0.0126722303955641,0.5695683641247572,hold
702,2022-10-31,-1,-1,0.0073950532223929,-0.0073950532223929,0.5653563757582634,hold
703,2022-11-01,-1,-1,-0.0034471976315451,0.0034471976315451,0.5673052709177562,hold
704,2022-11-02,-1,-1,-0.0016673473084335,0.0016673473084335,0.568251165834281,hold
705,2022-11-03,-1,-1,0.0035701681556883,-0.0035701681556883,0.5662224136175867,hold
706,2022-11-04,-1,-1,0.0047275862251119,-0.0047275862251119,0.5635455483346186,hold
707,2022-11-07,-1,-1,-0.0025161392359563,0.0025161392359563,0.5649635074000318,hold
708,2022-11-09,-1,-1,-0.0070937259046097,0.0070937259046097,0.5689712036676345,hold
709,2022-11-10,-1,-1,0.0178331732470333,-0.0178331732470333,0.5588246416200565,hold
710,2022-11-11,-1,-1,-0.0011198455015547,0.0011198455015547,0.5594504388811327,hold
711,2022-11-14,-1,-1,0.0040509242609507,-0.0040509242609507,0.5571841475254696,hold
712,2022-11-15,-1,-1,0.0003396111515991,-0.0003396111515991,0.5569949215754757,hold
713,2022-11-16,-1,-1,-0.0035714963948192,0.0035714963948192,0.5589842269298151,hold
714,2022-11-17,-1,-1,-0.0019761337135545,0.0019761337135545,0.5600888545059962,hold
715,2022-11-18,-1,-1,-0.0080677295405768,0.0080677295405768,0.5646074999028421,hold
716,2022-11-21,-1,-1,0.0046393301536886,-0.0046393301536886,0.5619880993035441,hold
717,2022-11-22,-1,-1,0.0012634580983039,-0.0012634580983039,0.5612780508883286,hold
718,2022-11-23,-1,-1,0.0118709498898301,-0.0118709498898301,0.5546151472719718,hold
719,2022-11-24,0,-1,0.0015500019600884,-0.0015500019600884,0.5537554927066055,hold
720,2022-11-25,-1,-1,0.0027008413120686,-0.0027008413120686,0.5522598869951186,hold
721,2022-11-28,0,-1,0.0029791265437502,-0.0029791265437502,0.550614634906723,hold
722,2022-11-29,0,-1,0.0075356346254191,-0.0075356346254191,0.5464654041986574,hold
723,2022-11-30,0,-1,0.0028867353340049,-0.0028867353340049,0.5448879032075459,hold
724,2022-12-01,-1,-1,-0.006187396179402,0.006187396179402,0.5482593405380546,hold
725,2022-12-02,-1,-1,0.0002648237856262,-0.0002648237856262,0.5481141484239884,hold
726,2022-12-05,-1,-1,-0.0031175136590962,0.0031175136590962,0.5498229017684441,hold
727,2022-12-06,-1,-1,-0.0044119027503989,0.0044119027503989,0.5522486669409885,hold
728,2022-12-07,-1,-1,0.0026319123609277,-0.0026319123609277,0.5507951968481607,hold
729,2022-12-08,-1,-1,-0.0060587824059793,0.0060587824059793,0.5541323450961222,hold
730,2022-12-09,0,-1,2.977743269738653e-05,-2.977743269738653e-05,0.5541158444575106,hold
731,2022-12-12,-1,-1,0.0059927938646799,-0.0059927938646799,0.5507951424245238,hold
732,2022-12-13,-1,-1,0.0028106610731943,-0.0028106610731943,0.5492470439584066,hold
733,2022-12-14,-1,-1,-0.0131509343553336,0.0131509343553336,0.5564701557783647,hold
734,2022-12-15,0,-1,-0.0079229530179417,0.0079229530179417,0.5608790426784833,hold
735,2022-12-16,0,-1,0.0082899566889265,-0.0082899566889265,0.5562293797069521,hold
736,2022-12-19,1,1,-0.0019081205394395,-0.0019081205394395,0.5540555682434797,flip
737,2022-12-20,-1,-1,-0.0101277196435586,0.0101277196435586,0.5585587765691152,flip
738,2022-12-21,1,1,-0.0039425027358517,-0.0039425027358517,0.5552395395112193,flip
739,2022-12-22,-1,-1,-0.0176831602541178,0.0176831602541178,0.5639474501887963,flip
740,2022-12-23,-1,-1,0.0116696328935068,-0.0116696328935068,0.5573663904738639,hold
741,2022-12-26,-1,-1,0.0065336546149905,-0.0065336546149905,0.5537247509845038,hold
742,2022-12-27,-1,-1,-0.0005405150382313,0.0005405150382313,0.5540240475394519,hold
743,2022-12-28,-1,-1,0.0037798317009243,-0.0037798317009243,0.5519299298814878,hold
744,2022-12-29,-1,-1,-0.0047110779368918,0.0047110779368918,0.5545301147968626,hold
745,2022-12-30,-1,-1,0.0050895833553579,-0.0050895833553579,0.5517077875545479,hold
746,2023-01-02,-1,-1,0.0019289276248581,-0.0019289276248581,0.5506435831622846,hold
747,2023-01-03,-1,-1,-0.0103990694870288,0.0103990694870288,0.5563697640461757,hold
748,2023-01-04,-1,-1,-0.0028154392892826,0.0028154392892826,0.5579361893392402,hold
749,2023-01-05,-1,-1,-0.0073755037054461,0.0073755037054461,0.5620512497711142,hold
750,2023-01-06,-1,-1,0.0135362517084902,-0.0135362517084902,0.5544431825811409,hold
751,2023-01-09,-1,-1,-0.0103335047509585,0.0103335047509585,0.5601725238424796,hold
752,2023-01-10,-1,-1,-0.0010299775022909,0.0010299775022909,0.5607494889394389,hold
753,2023-01-11,-1,-1,-0.0020954755408891,0.0020954755408891,0.5619245257780775,hold
754,2023-01-12,-1,-1,0.0055100959183882,-0.0055100959183882,0.5588282677421454,hold
755,2023-01-13,1,1,-0.0034388470725693,-0.0034388470725693,0.5557888862540671,flip
756,2023-01-16,-1,-1,0.0088545685118242,-0.0088545685118242,0.5497560377101118,flip
757,2023-01-17,1,1,0.00620655632356,0.00620655632356,0.5520686174469566,flip
758,2023-01-18,1,1,-0.003165367099256,-0.003165367099256,0.5503211176087582,hold
759,2023-01-19,-1,-1,-0.0044289753051891,0.0044289753051891,0.551657834013354,flip
760,2023-01-20,-1,-1,0.0050422760956287,-0.0050422760956287,0.5488762229039421,hold
761,2023-01-23,0,-1,-1.3798013043020418e-05,1.3798013043020418e-05,0.5488837963052248,hold
762,2023-01-24,-1,-1,-0.0124929796250122,0.0124929796250122,0.5557409903889653,hold
763,2023-01-25,0,-1,-0.0160742469061787,0.0160742469061787,0.5646741082843618,hold
764,2023-01-27,0,-1,0.0025334426073457,-0.0025334426073457,0.5632435388391693,hold
765,2023-01-30,-1,-1,0.0007479862801675,-0.0007479862801675,0.5628222403997246,hold
766,2023-01-31,-1,-1,-0.0025959245256645,0.0025959245256645,0.5642832844571678,hold
767,2023-02-01,-1,-1,-0.0003349392530399,0.0003349392530399,0.5644722850789667,hold
768,2023-02-02,-1,-1,0.0138355963078902,-0.0138355963078902,0.5566624744156218,hold
769,2023-02-03,1,1,-0.0050101331608701,-0.0050101331608701,0.5527601963443088,flip
770,2023-02-06,-1,-1,-0.0024261514654264,0.0024261514654264,0.5529957559120103,flip
771,2023-02-07,-1,-1,0.0084755364246817,-0.0084755364246817,0.5483088202400838,hold
772,2023-02-08,1,1,0.0012170079483646,0.0012170079483646,0.5478794987919943,flip
773,2023-02-09,-1,-1,-0.0020649578680046,0.0020649578680046,0.5479150878761592,flip
774,2023-02-10,-1,-1,-0.0047937507000251,0.0047937507000251,0.5505416562122198,hold
775,2023-02-13,-1,-1,0.0089443537049958,-0.0089443537049958,0.5456174169097235,hold
776,2023-02-14,1,1,0.0047964707944361,0.0047964707944361,0.5471432200810472,flip
777,2023-02-15,0,1,0.0011101336008929,0.0011101336008929,0.5477506221541599,hold
778,2023-02-16,-1,-1,-0.0050815676893513,0.0050815676893513,0.5494385527732122,flip
779,2023-02-17,-1,-1,-0.0055505184801407,0.0055505184801407,0.5524882216140817,hold
780,2023-02-20,-1,-1,-0.001003126492992,0.001003126492992,0.5530424371862488,hold
781,2023-02-21,-1,-1,-0.0152803631315826,0.0152803631315826,0.5614931264536301,hold
782,2023-02-22,0,-1,-0.0024524349779846,0.0024524349779846,0.562870151836843,hold
783,2023-02-23,-1,-1,-0.002595429723749,0.002595429723749,0.5643310417595314,hold
784,2023-02-24,-1,-1,-0.0041854114458053,0.0041854114458053,0.566692999360935,hold
785,2023-02-27,-1,-1,-0.0051027157362857,0.0051027157362857,0.569584672646417,hold
786,2023-02-28,-1,-1,0.008492348770636,-0.008492348770636,0.564747560951895,hold
787,2023-03-01,-1,-1,-0.0073921687198044,0.0073921687198044,0.5689222702065495,hold
788,2023-03-02,-1,-1,0.0157285986298278,-0.0157285986298278,0.5599739201669003,hold
789,2023-03-03,1,1,0.0066555236183669,0.0066555236183669,0.5625808919779068,flip
790,2023-03-06,-1,-1,0.0024250512391459,-0.0024250512391459,0.5600914427047402,flip
791,2023-03-08,-1,-1,-0.0092822498999752,0.0092822498999752,0.5652903514427632,hold
792,2023-03-09,-1,-1,-0.010045664635585,0.010045664635585,0.5709690687350892,hold
793,2023-03-10,-1,-1,-0.0148510359316261,0.0148510359316261,0.5794485508907211,hold
794,2023-03-13,-1,-1,-0.0064706805258611,0.0064706805258611,0.5831979773447082,hold
795,2023-03-14,-1,-1,-0.0041746837386849,0.0041746837386849,0.5856326444571631,hold
796,2023-03-15,-1,-1,0.0007924286811309,-0.0007924286811309,0.5851685723530887,hold
797,2023-03-16,-1,-1,0.0067381296219788,-0.0067381296219788,0.5812256306618653,hold
798,2023-03-17,-1,-1,-0.0065292432199922,0.0065292432199922,0.58502059417015,hold
799,2023-03-20,1,1,0.007010642946744,0.007010642946744,0.5879519234840286,flip
800,2023-03-21,-1,-1,0.0025953757489405,-0.0025953757489405,0.5852500634733071,flip
801,2023-03-22,-1,-1,-0.0043726933046436,0.0043726933046436,0.587809182507399,hold
802,2023-03-23,-1,-1,-0.0077209333285906,0.0077209333285906,0.592347618015472,hold
803,2023-03-24,-1,-1,0.0023988383407489,-0.0023988383407489,0.5909266718383251,hold
804,2023-03-27,-1,-1,-0.0020016838613549,0.0020016838613549,0.592109520220588,hold
805,2023-03-28,-1,-1,0.0076098565893214,-0.0076098565893214,0.5876036516865375,hold
806,2023-03-29,-1,-1,0.0163371989446239,-0.0163371989446239,0.5780038539283471,hold
807,2023-03-31,-1,-1,0.0022062979737611,-0.0022062979737611,0.5767286051965989,hold
808,2023-04-03,-1,-1,0.0091389548173612,-0.0091389548173612,0.5714579085318274,hold
809,2023-04-05,-1,-1,0.0023978747854371,-0.0023978747854371,0.5700876240220204,hold
810,2023-04-06,-1,-1,0.001414863221935,-0.001414863221935,0.5692810280095114,hold
811,2023-04-10,-1,-1,0.0055747683219642,-0.0055747683219642,0.5661074181682687,hold
812,2023-04-11,-1,-1,0.0050839679614469,-0.0050839679614469,0.5632293461915637,hold
813,2023-04-12,-1,-1,0.0008757724412713,-0.0008757724412713,0.5627360854520539,hold
814,2023-04-13,-1,-1,-0.0067955121508301,0.0067955121508301,0.5665601653584539,hold
815,2023-04-17,-1,-1,-0.0026373533282438,0.0026373533282438,0.5680543846962124,hold
816,2023-04-18,-1,-1,-0.0023442830162407,0.0023442830162407,0.5693860649425568,hold
817,2023-04-19,-1,-1,0.0003234746363958,-0.0003234746363958,0.5692018829922307,hold
818,2023-04-20,-1,-1,-2.260708945023282e-05,2.260708945023282e-05,0.5692147509901148,hold
819,2023-04-21,-1,-1,0.0067719737565652,-0.0067719737565652,0.5653600436345599,hold
820,2023-04-24,-1,-1,0.0014568576938982,-0.0014568576938982,0.5645363945051682,hold
821,2023-04-25,-1,-1,0.0024958627615121,-0.0024958627615121,0.5631273891406045,hold
822,2023-04-26,-1,-1,0.0056951528101938,-0.0056951528101938,0.5599202926078433,hold
823,2023-04-27,-1,-1,0.0083700136036979,-0.0083700136036979,0.5552337521417291,hold
824,2023-04-28,1,1,0.0045751669319125,0.0045751669319125,0.5566635717397261,flip
825,2023-05-02,-1,-1,-0.0031850283648763,0.0031850283648763,0.5573232338619311,flip
826,2023-05-03,-1,-1,0.0091737176073036,-0.0091737176073036,0.5522105078984925,hold
827,2023-05-04,0,-1,-0.0102324068655403,0.0102324068655403,0.5578609504907366,hold
828,2023-05-05,-1,-1,0.0108141231183243,-0.0108141231183243,0.5518281734892243,hold
829,2023-05-08,-1,-1,8.480038171931881e-05,-8.480038171931881e-05,0.5517813782494689,hold
830,2023-05-09,-1,-1,0.0026908205008338,-0.0026908205008338,0.5502966336048969,hold
831,2023-05-10,-1,-1,-0.0009882342854272,0.0009882342854272,0.5508404556053804,hold
832,2023-05-11,-1,-1,0.0009728797753729,-0.0009728797753729,0.5503045540666648,hold
833,2023-05-12,-1,-1,0.0045891205221868,-0.0045891205221868,0.5477791401441445,hold
834,2023-05-15,-1,-1,-0.0061063388070606,0.0061063388070606,0.551124065165305,hold
835,2023-05-16,-1,-1,-0.0057282694884204,0.0057282694884204,0.5542810523321257,hold
836,2023-05-17,-1,-1,-0.0028490536527011,0.0028490536527011,0.5558602287888955,hold
837,2023-05-18,-1,-1,0.0040513721791914,-0.0040513721791914,0.5536082321224612,hold
838,2023-05-19,-1,-1,0.0060977618257063,-0.0060977618257063,0.5502324609782281,hold
839,2023-05-22,-1,-1,0.0018346005688616,-0.0018346005688616,0.5492230041923113,hold
840,2023-05-23,-1,-1,-0.0034117947119577,0.0034117947119577,0.5510968403337001,hold
841,2023-05-24,-1,-1,0.0019551116867164,-0.0019551116867164,0.5500193844606512,hold
842,2023-05-25,-1,-1,0.0097264208278746,-0.0097264208278746,0.5446696644638984,hold
843,2023-05-26,0,-1,0.0053677985089635,-0.0053677985089635,0.5417459874511115,hold
844,2023-05-29,0,-1,0.0018925684396833,-0.0018925684396833,0.5407206960929364,hold
845,2023-05-30,0,-1,-0.0053370195013254,0.0053370195013254,0.5436065329927546,hold
846,2023-05-31,0,-1,-0.0025169624936233,0.0025169624936233,0.5449747702475859,hold
847,2023-06-01,-1,-1,0.0025070443604549,-0.0025070443604549,0.5436084943232464,hold
848,2023-06-02,-1,-1,0.0032237875731377,-0.0032237875731377,0.5418560160145951,hold
849,2023-06-05,-1,-1,0.0002769943144211,-0.0002769943144211,0.5417059249789242,hold
850,2023-06-06,-1,-1,0.0068498516385289,-0.0068498516385289,0.5379953197611065,hold
851,2023-06-07,0,-1,-0.0049048192636628,0.0049048192636628,0.5406340895692311,hold
852,2023-06-08,-1,-1,-0.0038181972541345,0.0038181972541345,0.5426983371655159,hold
853,2023-06-09,-1,-1,0.0020524046550352,-0.0020524046550352,0.5415845005720374,hold
854,2023-06-12,-1,-1,0.0061635024393194,-0.0061635024393194,0.5382464431816641,hold
855,2023-06-13,-1,-1,0.0021238341844009,-0.0021238341844009,0.5371032969860028,hold
856,2023-06-14,-1,-1,-0.0036149041015322,0.0036149041015322,0.5390448738972239,hold
857,2023-06-15,-1,-1,0.007379048352023,-0.007379048352023,0.5350672357088262,hold
858,2023-06-16,0,-1,-0.0037475183921172,0.0037475183921172,0.5370724100156643,hold
859,2023-06-19,-1,-1,0.0032657175674986,-0.0032657175674986,0.5353184832112573,hold
860,2023-06-20,-1,-1,0.002133763746672,-0.002133763746672,0.5341762400388577,hold
861,2023-06-21,-1,-1,-0.0045394438174043,0.0045394438174043,0.5366011030691062,hold
862,2023-06-22,-1,-1,-0.0056336152360657,0.0056336152360657,0.539624107219046,hold
863,2023-06-23,-1,-1,0.0013768299134766,-0.0013768299134766,0.5388811366061936,hold
864,2023-06-26,-1,-1,0.0067519034171119,-0.0067519034171119,0.5352426632185252,hold
865,2023-06-27,0,-1,0.0082210728123248,-0.0082210728123248,0.5308423943119431,hold
866,2023-06-28,0,-1,0.0114352747635688,-0.0114352747635688,0.5247720656768353,hold
867,2023-06-30,0,-1,0.0069570924336936,-0.0069570924336936,0.5211211779093012,hold
868,2023-07-03,0,-1,0.0034389465191355,-0.0034389465191355,0.5193290700484823,hold
869,2023-07-04,-1,-1,0.0004899685388621,-0.0004899685388621,0.519074615142842,hold
870,2023-07-05,-1,-1,0.0050932175812563,-0.0050932175812563,0.5164308551870127,hold
871,2023-07-06,-1,-1,-0.0084883544577184,0.0084883544577184,0.5208145033387427,hold
872,2023-07-07,-1,-1,0.0012466303397029,-0.0012466303397029,0.5201652401775233,hold
873,2023-07-10,-1,-1,0.0043139300324381,-0.0043139300324381,0.5179212837260911,hold
874,2023-07-11,-1,-1,-0.0028344294714754,0.0028344294714754,0.5193892950765888,hold
875,2023-07-12,-1,-1,0.0015192303855748,-0.0015192303855748,0.5186002230775661,hold
876,2023-07-13,-1,-1,0.0077651149314275,-0.0077651149314275,0.5145732327419049,hold
877,2023-07-14,-1,-1,0.0075110132510414,-0.0075110132510414,0.5107082663721493,hold
878,2023-07-17,-1,-1,0.0019177068530324,-0.0019177068530324,0.5097288776298271,hold
879,2023-07-18,-1,-1,0.0042482823714824,-0.0042482823714824,0.5075634054247568,hold
880,2023-07-19,-1,-1,0.0073614124394989,-0.0073614124394989,0.5038270218582285,hold
881,2023-07-20,-1,-1,-0.011719737128305,0.011719737128305,0.5097317421125437,hold
882,2023-07-21,-1,-1,-0.0036794322929856,0.0036794322929856,0.5116072655452324,hold
883,2023-07-24,-1,-1,0.0004193703428323,-0.0004193703428323,0.5113927126308851,hold
884,2023-07-25,-1,-1,0.0049643391875346,-0.0049643391875346,0.5088539857473521,hold
885,2023-07-26,-1,-1,-0.0059863783008722,0.0059863783008722,0.5119001782059424,hold
886,2023-07-27,-1,-1,-0.0007044597937843,0.0007044597937843,0.5122607912999194,hold
887,2023-07-28,-1,-1,0.0054845628365591,-0.0054845628365591,0.5094512648013295,hold
888,2023-07-31,0,-1,-0.0010251191770254,0.0010251191770254,0.5099735130626372,hold
889,2023-08-01,-1,-1,-0.0104897492749598,0.0104897492749598,0.5153230073515347,hold
890,2023-08-02,0,-1,-0.0074206854169113,0.0074206854169113,0.519147057277187,hold
891,2023-08-03,0,-1,0.0069833892701145,-0.0069833892701145,0.5155216512877859,hold
892,2023-08-04,1,1,0.0041144018676027,0.0041144018676027,0.5166116712300585,flip
893,2023-08-07,1,1,-0.0013497354646058,-0.0013497354646058,0.51591438213597,hold
894,2023-08-08,-1,-1,0.0031527078847637,-0.0031527078847637,0.513256026031275,flip
895,2023-08-09,1,1,-0.0045562684580157,-0.0045562684580157,0.5098909817369196,flip
896,2023-08-10,1,1,-0.0058741361615907,-0.0058741361615907,0.5068958126826297,hold
897,2023-08-11,-1,-1,0.0003216956578122,-0.0003216956578122,0.5057189548753613,flip
898,2023-08-14,-1,-1,0.0015667570139761,-0.0015667570139761,0.5049266161557097,hold
899,2023-08-16,-1,-1,-0.0051245825841254,0.0051245825841254,0.5075141542991225,hold
900,2023-08-17,-1,-1,-0.0028452826260957,0.0028452826260957,0.5089581755048475,hold
901,2023-08-18,-1,-1,0.0043215209131937,-0.0043215209131937,0.5067587021054624,hold
902,2023-08-21,-1,-1,0.0001469355577301,-0.0001469355577301,0.5066842412329339,hold
903,2023-08-22,-1,-1,0.0024515199000461,-0.0024515199000461,0.5054420947325116,hold
904,2023-08-23,-1,-1,-0.0029469646806212,0.0029469646806212,0.5069316147337875,hold
905,2023-08-24,-1,-1,-0.0062361537740819,0.0062361537740819,0.510092918236211,hold
906,2023-08-25,-1,-1,0.0020891942389009,-0.0020891942389009,0.5090272350501277,hold
907,2023-08-28,-1,-1,0.001895758474361,-0.001895758474361,0.5080622423556009,hold
908,2023-08-29,-1,-1,0.0002480956863764,-0.0002480956863764,0.5079361943048618,hold
909,2023-08-30,1,1,-0.0048403506033882,-0.0048403506033882,0.5044617326516658,flip
910,2023-08-31,-1,-1,0.0094267101889176,-0.0094267101889176,0.498697394631256,flip
911,2023-09-01,0,-1,0.0048108337016425,-0.0048108337016425,0.49629824439824266,hold
912,2023-09-04,1,1,0.0023605960187407,0.0023605960187407,0.49647720756928065,flip
913,2023-09-05,-1,-1,0.0018467726478093,-0.0018467726478093,0.4945673726269424,flip
914,2023-09-06,0,-1,0.0059150323607803,-0.0059150323607803,0.49164199061326797,hold
915,2023-09-07,0,-1,0.004709190366575,-0.004709190366575,0.4893267548872682,hold
916,2023-09-08,0,-1,0.0089001434200508,-0.0089001434200508,0.4849716765895034,hold
917,2023-09-11,0,-1,-0.0001575482868895,0.0001575482868895,0.48504808304633995,hold
918,2023-09-12,-1,-1,0.0038413452699443,-0.0038413452699443,0.48318484588683436,hold
919,2023-09-13,-1,-1,0.0016492082399102,-0.0016492082399102,0.48238797345759804,hold
920,2023-09-14,-1,-1,0.0044396138771742,-0.0044396138771742,0.48024635711645375,hold
921,2023-09-15,-1,-1,-0.0029243168460981,0.0029243168460981,0.4816507496288467,hold
922,2023-09-18,-1,-1,-0.011518249945432,0.011518249945432,0.48719852334947644,hold
923,2023-09-20,-1,-1,-0.0079919391664983,0.0079919391664983,0.4910921843100932,hold
924,2023-09-21,-1,-1,-0.0034494176591149,0.0034494176591149,0.49278616636290573,hold
925,2023-09-22,-1,-1,1.5288066889551644e-05,-1.5288066889551644e-05,0.49277863261503213,hold
926,2023-09-25,-1,-1,-0.0005007261720755,0.0005007261720755,0.4930253797734221,hold
927,2023-09-26,-1,-1,0.0026316191986632,-0.0026316191986632,0.4917279247185822,hold
928,2023-09-27,-1,-1,-0.0097836296667737,0.0097836296667737,0.49653880863084,hold
929,2023-09-28,-1,-1,0.0058775169171687,-0.0058775169171687,0.49362039338308145,hold
930,2023-09-29,-1,-1,-0.0055784246544688,0.0055784246544688,0.4963740175554782,hold
931,2023-10-03,-1,-1,-0.0047443072713306,0.0047443072713306,0.4987289684162663,hold
932,2023-10-04,-1,-1,0.0056415841052857,-0.0056415841052857,0.49591534699520357,hold
933,2023-10-05,-1,-1,0.0055127073660514,-0.0055127073660514,0.49318151080888517,hold
934,2023-10-06,-1,-1,-0.0071819467588469,0.0071819467588469,0.4967235141619623,hold
935,2023-10-09,-1,-1,0.0090968029762401,-0.0090968029762401,0.49220491821996537,hold
936,2023-10-10,-1,-1,0.0061706921287072,-0.0061706921287072,0.48916767320539445,hold
937,2023-10-11,-1,-1,-0.0008757409120068,0.0008757409120068,0.4895960573496516,hold
938,2023-10-12,-1,-1,-0.002169809980297,0.002169809980297,0.4906583877612029,hold
939,2023-10-13,-1,-1,-0.0009772027556287,0.0009772027556287,0.4911378604897955,hold
940,2023-10-16,-1,-1,0.0040417094276989,-0.0040417094276989,0.48915282396875404,hold
941,2023-10-17,0,-1,-0.0070868127413371,0.0070868127413371,0.4926193584341168,hold
942,2023-10-18,0,-1,-0.0023588102112444,0.0023588102112444,0.49378135400704787,hold
943,2023-10-19,-1,-1,-0.0041808960845935,0.0041808960845935,0.4958458025366612,hold
944,2023-10-20,-1,-1,-0.0133503074255556,0.0133503074255556,0.502465496436197,hold
945,2023-10-23,0,-1,-0.008277236732921,0.008277236732921,0.5066245223003241,hold
946,2023-10-25,1,1,-0.0138530649123475,-0.0138530649123475,0.49859297086210996,flip
947,2023-10-26,-1,-1,0.0100757003274603,-0.0100757003274603,0.492572111560601,flip
948,2023-10-27,-1,-1,0.0049167407696648,-0.0049167407696648,0.49015026217769114,hold
949,2023-10-30,-1,-1,-0.0032026069828995,0.0032026069828995,0.4917200208300114,hold
950,2023-10-31,-1,-1,-0.0047406245729368,0.0047406245729368,0.49405108084376315,hold
951,2023-11-01,-1,-1,0.0075885232572669,-0.0075885232572669,0.4903019627265024,hold
952,2023-11-02,-1,-1,0.0050879808383312,-0.0050879808383312,0.4878073157351538,hold
953,2023-11-03,-1,-1,0.0094199033989916,-0.0094199033989916,0.48321221794360725,hold
954,2023-11-06,-1,-1,-0.0002601919584787,0.0002601919584787,0.4833379458769548,hold
955,2023-11-07,-1,-1,0.0018962926582819,-0.0018962926582819,0.4824213956787192,hold
956,2023-11-08,-1,-1,-0.002478937369815,0.002478937369815,0.4836172881044655,hold
957,2023-11-09,-1,-1,0.0015492839458333,-0.0015492839458333,0.4828680276040778,hold
958,2023-11-10,-1,-1,0.0009369804014345,-0.0009369804014345,0.48241558972573345,hold
959,2023-11-13,-1,-1,0.0119267535086042,-0.0119267535086042,0.4766619378983667,hold
960,2023-11-15,-1,-1,0.0045615222809993,-0.0045615222809993,0.474487633848139,hold
961,2023-11-16,-1,-1,-0.0016897597201204,0.0016897597201204,0.47528940393951086,hold
962,2023-11-17,-1,-1,-0.0019157289123818,0.0019157289123818,0.47619992959238655,hold
963,2023-11-20,-1,-1,0.004539473475424,-0.004539473475424,0.4740382326430031,hold
964,2023-11-21,-1,-1,0.0014380348265852,-0.0014380348265852,0.47335654915532954,hold
965,2023-11-22,-1,-1,-0.0004971574875239,0.0004971574875239,0.4735918819080106,hold
966,2023-11-23,-1,-1,-0.0003686890844358,0.0003686890844358,0.47376649006534755,hold
967,2023-11-24,-1,-1,0.0047992646389904,-0.0047992646389904,0.47149275930243834,hold
968,2023-11-28,-1,-1,0.0104023891135545,-0.0104023891135545,0.46658810815595086,hold
969,2023-11-29,-1,-1,0.0018187545137213,-0.0018187545137213,0.46573949892819355,hold
970,2023-11-30,-1,-1,0.0066929416105065,-0.0066929416105065,0.4626223316561606,hold
971,2023-12-01,-1,-1,0.0206681690037693,-0.0206681690037693,0.45306077512057324,hold
972,2023-12-04,-1,-1,0.0081355657602475,-0.0081355657602475,0.4493748693911911,hold
973,2023-12-05,-1,-1,0.0039606432442005,-0.0039606432442005,0.44759505585062337,hold
974,2023-12-06,-1,-1,-0.001745599062397,0.001745599062397,0.4483763773604497,hold
975,2023-12-07,-1,-1,0.0032653705047074,-0.0032653705047074,0.44691226236280934,hold
976,2023-12-08,-1,-1,0.0013209351833629,-0.0013209351833629,0.446321920231578,hold
977,2023-12-11,-1,-1,-0.0043196070141755,0.0043196070141755,0.44824985552879065,hold
978,2023-12-12,-1,-1,0.0009542158562574,-0.0009542158562574,0.44782212840908,hold
979,2023-12-13,-1,-1,0.0122500872899569,-0.0122500872899569,0.44233626824569444,hold
980,2023-12-14,-1,-1,0.0129327792008919,-0.0129327792008919,0.4366156309559264,hold
981,2023-12-15,-1,-1,-0.0017710126840955,0.0017710126840955,0.43738888277642374,hold
982,2023-12-18,-1,-1,0.0016083748565725,-0.0016083748565725,0.4366853974948218,hold
983,2023-12-19,-1,-1,-0.0141214660942333,0.0141214660942333,0.44285203552939173,hold
984,2023-12-20,-1,-1,0.0049597940765233,-0.0049597940765233,0.4406555806267968,hold
985,2023-12-21,-1,-1,0.0044389265566107,-0.0044389265566107,0.4386995428676338,hold
986,2023-12-22,-1,-1,0.0043068759341071,-0.0043068759341071,0.4368101183641534,hold
987,2023-12-26,-1,-1,0.0099527499207277,-0.0099527499207277,0.4324626564932315,hold
988,2023-12-27,-1,-1,0.0057238813077962,-0.0057238813077962,0.42998729157741,hold
989,2023-12-28,-1,-1,-0.0021717930740454,0.0021717930740454,0.4309211349991854,hold
990,2023-12-29,-1,-1,0.0004831718072126,-0.0004831718072126,0.4307129260556217,hold
991,2024-01-01,-1,-1,-0.003500136051024,0.003500136051024,0.4322204798957511,hold
992,2024-01-02,-1,-1,-0.0068518663756694,0.0068518663756694,0.43518199686882447,hold
993,2024-01-03,-1,-1,0.0065644701863494,-0.0065644701863494,0.43232525762474305,hold
994,2024-01-04,-1,-1,0.0024101822286055,-0.0024101822286055,0.4312832749718386,hold
995,2024-01-05,-1,-1,-0.009110708685643,0.009110708685643,0.4352125712510971,hold
996,2024-01-08,-1,-1,0.0014804820050666,-0.0014804820050666,0.43456824687098106,hold
997,2024-01-09,-1,-1,0.0034277152411805,-0.0034277152411805,0.43307867066784833,hold
998,2024-01-10,-1,-1,0.0013183031833516,-0.0013183031833516,0.43250774167766526,hold
999,2024-01-11,-1,-1,0.0114264926377058,-0.0114264926377058,0.4275656951516347,hold
1000,2024-01-12,0,-1,0.0092670746948486,-0.0092670746948486,0.4236034119177096,hold
1001,2024-01-15,1,1,-0.0029482333845447,-0.0029482333845447,0.42150732337305136,flip
1002,2024-01-16,-1,-1,-0.0208943935120824,0.0208943935120824,0.42947144860908637,flip
1003,2024-01-17,-1,-1,-0.0050852715087356,0.0050852715087356,0.4316554275305135,hold
1004,2024-01-18,-1,-1,0.0074619571864553,-0.0074619571864553,0.4284344332109798,hold
1005,2024-01-19,0,-1,-0.0177408429427344,0.0177408429427344,0.4360352212018352,hold
1006,2024-01-23,0,-1,0.0101299710711508,-0.0101299710711508,0.43161819702505777,hold
1007,2024-01-24,-1,-1,-0.0047240537554001,0.0047240537554001,0.433657184589613,hold
1008,2024-01-25,-1,-1,0.0180305914522447,-0.0180305914522447,0.425838089063947,hold
1009,2024-01-29,1,1,-0.0099136981024832,-0.0099136981024832,0.42076478263030076,flip
1010,2024-01-30,-1,-1,0.0094600254190029,-0.0094600254190029,0.41594280752593626,flip
1011,2024-01-31,1,1,-0.0013003033741542,-0.0013003033741542,0.41457007007480323,flip
1012,2024-02-01,-1,-1,0.0072059881750932,-0.0072059881750932,0.41075354291194704,flip
1013,2024-02-02,0,-1,-0.0037568550808078,0.0037568550808078,0.4122966844465956,hold
1014,2024-02-05,-1,-1,0.0072434021015312,-0.0072434021015312,0.4093102537760208,hold
1015,2024-02-06,1,1,5.014315737827957e-05,5.014315737827957e-05,0.4085121573769404,flip
1016,2024-02-07,-1,-1,-0.0096920171108729,0.0096920171108729,0.4116544398814835,flip
1017,2024-02-08,-1,-1,0.0029722318898448,-0.0029722318898448,0.4104309074276716,hold
1018,2024-02-09,-1,-1,-0.0076414194307357,0.0076414194307357,0.4135671821386639,hold
1019,2024-02-12,0,-1,0.0058844800115076,-0.0058844800115076,0.41113355432195337,hold
1020,2024-02-13,-1,-1,0.0044519922849619,-0.0044519922849619,0.4093031909100231,hold
1021,2024-02-14,-1,-1,0.0032371361888359,-0.0032371361888359,0.40797822073852225,hold
1022,2024-02-15,-1,-1,0.0059308430222606,-0.0059308430222606,0.4055585659548209,hold
1023,2024-02-16,0,-1,0.0037000088082788,-0.0037000088082788,0.4040579956885152,hold
1024,2024-02-19,-1,-1,0.003376655573009,-0.003376655573009,0.4026936310055547,hold
1025,2024-02-20,-1,-1,-0.00639270001033,0.00639270001033,0.4052679305846438,hold
1026,2024-02-21,-1,-1,0.0073633218581414,-0.0073633218581414,0.4022838123729662,hold
1027,2024-02-22,1,1,-0.0002137959201901,-0.0002137959201901,0.40139323811037636,flip
1028,2024-02-23,-1,-1,-0.0040809285088362,0.0040809285088362,0.4022285087428143,flip
1029,2024-02-26,-1,-1,0.0034489943486464,-0.0034489943486464,0.40084122488929586,hold
1030,2024-02-27,-1,-1,-0.0111359278099485,0.0111359278099485,0.4053049638329144,hold
1031,2024-02-28,0,-1,0.0014418556686905,-0.0014418556686905,0.40472057257326355,hold
1032,2024-02-29,-1,-1,0.0161921687000685,-0.0161921687000685,0.39816726878576897,hold
1033,2024-03-01,0,-1,0.0029925402887358,-0.0029925402887358,0.3969757371922717,hold
1034,2024-03-04,0,-1,-0.0022002905070378,0.0022002905070378,0.39784919913834016,hold
1035,2024-03-05,-1,-1,0.0052669715420341,-0.0052669715420341,0.3957537387284574,hold
1036,2024-03-06,-1,-1,0.000867667346212,-0.000867667346212,0.3954103561322214,hold
1037,2024-03-07,-1,-1,-0.0071531788017711,0.0071531788017711,0.3982387971097072,hold
1038,2024-03-11,-1,-1,0.000136518866846,-0.000136518866846,0.3981844300003917,hold
1039,2024-03-12,-1,-1,-0.0151327252704165,0.0151327252704165,0.40421004558654505,hold
1040,2024-03-13,0,-1,0.0067712159528048,-0.0067712159528048,0.4014730520775855,hold
1041,2024-03-14,0,-1,-0.0055674686273187,0.0055674686273187,0.4037082406997413,hold
1042,2024-03-15,0,-1,0.0014688778023679,-0.0014688778023679,0.40311524262634446,hold
1043,2024-03-18,-1,-1,-0.0108021966402886,0.0108021966402886,0.4074697727458919,hold
1044,2024-03-19,1,1,0.0009923428906801,0.0009923428906801,0.40705918293255156,flip
1045,2024-03-20,-1,-1,0.0079146856998078,-0.0079146856998078,0.40302331907255473,flip
1046,2024-03-21,-1,-1,0.0038524885010076,-0.0038524885010076,0.4014706763701898,hold
1047,2024-03-22,-1,-1,-0.0041658063402989,0.0041658063402989,0.40314312545925685,hold
1048,2024-03-26,-1,-1,0.0054057167831516,-0.0054057167831516,0.40096384789994954,hold
1049,2024-03-27,1,1,0.0091870010785439,0.0091870010785439,0.40384557550726363,flip
1050,2024-03-28,1,1,0.0060509791780918,0.0060509791780918,0.4062892366758226,hold
1051,2024-04-01,1,1,-0.0003872860275131,-0.0003872860275131,0.4061318865313291,hold
1052,2024-04-02,-1,-1,-0.0008306302403686,0.0008306302403686,0.40565696818479735,flip
1053,2024-04-03,-1,-1,0.0035659124883635,-0.0035659124883635,0.40421043093595554,hold
1054,2024-04-04,-1,-1,-4.224679746289706e-05,4.224679746289706e-05,0.40422750753216374,hold
1055,2024-04-05,-1,-1,0.0067781647528144,-0.0067781647528144,0.4014875868884912,hold
1056,2024-04-08,-1,-1,-0.0010390218270411,0.0010390218270411,0.4019047412545544,hold
1057,2024-04-09,-1,-1,0.0049044741142307,-0.0049044741142307,0.39993360985468485,hold
1058,2024-04-10,-1,-1,-0.0103015928142499,0.0103015928142499,0.4040535630561409,hold
1059,2024-04-12,-1,-1,-0.010963897188301,0.010963897188301,0.4084835647800551,hold
1060,2024-04-15,-1,-1,-0.005594325260972,0.005594325260972,0.4107687547051961,hold
1061,2024-04-16,-1,-1,-0.0068652458503182,0.0068652458503182,0.4135887831938763,hold
1062,2024-04-18,-1,-1,0.0068717686886063,-0.0068717686886063,0.41074669674356584,hold
1063,2024-04-19,-1,-1,0.0085519659829773,-0.0085519659829773,0.4072340049653946,hold
1064,2024-04-22,-1,-1,0.0014147135985376,-0.0014147135985376,0.4066578854807831,hold
1065,2024-04-23,-1,-1,0.0015379287654238,-0.0015379287654238,0.40603247462101577,hold
1066,2024-04-24,-1,-1,0.0074969296067168,-0.0074969296067168,0.402988477740741,hold
1067,2024-04-25,1,1,-0.0066636269808832,-0.0066636269808832,0.39949713589200125,flip
1068,2024-04-26,-1,-1,0.0099666225688024,-0.0099666225688024,0.3947165044494641,flip
1069,2024-04-29,1,1,-0.0017025173156396,-0.0017025173156396,0.3932550597569712,flip
1070,2024-04-30,-1,-1,0.001917712797214,-0.001917712797214,0.3917143993767922,flip
1071,2024-05-02,-1,-1,-0.0076098592965534,0.0076098592965534,0.39469529084048355,hold
1072,2024-05-03,0,-1,-0.0014749338156797,0.0014749338156797,0.3952774402718337,hold
1073,2024-05-06,-1,-1,-0.006246985595782,0.006246985595782,0.39774673274754946,hold
1074,2024-05-07,0,-1,0.0,-0.0,0.39774673274754946,hold
1075,2024-05-08,-1,-1,-0.0154691178119045,0.0154691178119045,0.40389952381572136,hold
1076,2024-05-09,0,-1,0.004449469144939,-0.004449469144939,0.4021023853468477,hold
1077,2024-05-10,-1,-1,0.0022149680905385,-0.0022149680905385,0.40121174139417504,hold
1078,2024-05-13,-1,-1,0.0051483245877055,-0.0051483245877055,0.39914617312107925,hold
1079,2024-05-14,-1,-1,-0.0007786004689536,0.0007786004689536,0.3994569485186524,hold
1080,2024-05-15,-1,-1,0.0091573776762647,-0.0091573776762647,0.39579897037565887,hold
1081,2024-05-16,1,1,0.002778540343975,0.002778540343975,0.3961071158422001,flip
1082,2024-05-17,0,1,0.0028020516676037,0.0028020516676037,0.39721702844669543,hold
1083,2024-05-21,0,1,0.00305161547495,0.00305161547495,0.398429182077617,hold
1084,2024-05-22,0,1,0.016366619608483,0.016366619608483,0.40495012094160043,hold
1085,2024-05-23,-1,-1,-0.0004593757337192,0.0004593757337192,0.4043262449586445,flip
1086,2024-05-24,-1,-1,-0.0010737589261899,0.0010737589261899,0.40476039387326174,hold
1087,2024-05-27,-1,-1,-0.0019317094176221,0.0019317094176221,0.40554227333798715,hold
1088,2024-05-28,-1,-1,-0.008015115627261,0.008015115627261,0.4087927415505334,hold
1089,2024-05-29,-1,-1,-0.0095155996581792,0.0095155996581792,0.41268264962229784,hold
1090,2024-05-30,-1,-1,0.0018697799732139,-0.0018697799732139,0.41191102386874123,hold
1091,2024-05-31,-1,-1,0.0325423176953527,-0.0325423176953527,0.3985064844677867,hold
1092,2024-06-03,-1,-1,-0.0592935994164107,0.0592935994164107,0.42213536832266174,hold
1093,2024-06-04,-1,-1,0.0336242367600356,-0.0336242367600356,0.40794138875339575,hold
1094,2024-06-05,-1,-1,0.0088880492442378,-0.0088880492442378,0.4043155856013928,hold
1095,2024-06-06,-1,-1,0.0205399314668071,-0.0205399314668071,0.3960109711821782,hold
1096,2024-06-07,-1,-1,-0.0013289382574128,0.0013289382574128,0.3965372453121374,hold
1097,2024-06-10,-1,-1,0.0002429314342191,-0.0002429314342191,0.3964409139504125,hold
1098,2024-06-11,-1,-1,0.0024973129141392,-0.0024973129141392,0.3954508769363109,hold
1099,2024-06-12,-1,-1,0.003256499474515,-0.003256499474515,0.39416309136337135,hold
1100,2024-06-13,-1,-1,0.0028505279152657,-0.0028505279152657,0.3930395184682726,hold
1101,2024-06-14,-1,-1,0.0039334507869606,-0.0039334507869606,0.39149351686504696,hold
1102,2024-06-18,-1,-1,-0.0017786131162043,0.0017786131162043,0.3921898323690521,hold
1103,2024-06-19,-1,-1,0.0021687361796223,-0.0021687361796223,0.3913392760903133,hold
1104,2024-06-20,-1,-1,-0.0027962995130903,0.0027962995130903,0.3924335779174978,hold
1105,2024-06-21,-1,-1,0.001563756616109,-0.001563756616109,0.39181990731364597,hold
1106,2024-06-24,-1,-1,0.0077938798539154,-0.0077938798539154,0.3887661100316711,hold
1107,2024-06-25,-1,-1,0.0062180401218379,-0.0062180401218379,0.38634874676148334,hold
1108,2024-06-26,-1,-1,0.0073610408985447,-0.0073610408985447,0.3835048178354706,hold
1109,2024-06-27,-1,-1,-0.0014099020825968,0.0014099020825968,0.38404552207682274,hold
1110,2024-06-28,-1,-1,0.0054704843490753,-0.0054704843490753,0.38194460705896904,hold
1111,2024-07-01,-1,-1,-0.0007497161563467,0.0007497161563467,0.3822309571017107,hold
1112,2024-07-02,-1,-1,0.0067423066077227,-0.0067423066077227,0.37965383879396764,hold
1113,2024-07-03,-1,-1,0.0006444070008029,-0.0006444070008029,0.3794091872023671,hold
1114,2024-07-04,-1,-1,0.0008928929498506,-0.0008928929498506,0.37907041541400555,hold
1115,2024-07-05,-1,-1,-0.0001356211363734,0.0001356211363734,0.37912182537450956,hold
1116,2024-07-08,-1,-1,0.0046318209860134,-0.0046318209860134,0.3773658009474842,hold
1117,2024-07-09,-1,-1,-0.0044509111977667,0.0044509111977667,0.37904542261657553,hold
1118,2024-07-10,-1,-1,-0.0003494426502141,0.0003494426502141,0.37917787725360624,hold
1119,2024-07-11,-1,-1,0.007657573644356,-0.007657573644356,0.37627429473422613,hold
1120,2024-07-12,-1,-1,0.0034506697076412,-0.0034506697076412,0.37497589642362267,hold
1121,2024-07-15,-1,-1,0.0010697158254551,-0.0010697158254551,0.3745747787730541,hold
1122,2024-07-16,-1,-1,0.0076321297434283,-0.0076321297434283,0.37171597546284224,hold
1123,2024-07-18,-1,-1,-0.0108846762510892,0.0108846762510892,0.37576198351311313,hold
1124,2024-07-19,-1,-1,-0.0008825762723847,0.0008825762723847,0.376093622123826,hold
1125,2024-07-22,-1,-1,-0.0012321559717249,0.0012321559717249,0.3765570281262536,hold
1126,2024-07-23,-1,-1,-0.0026778318259059,0.0026778318259059,0.37756538452043864,hold
1127,2024-07-24,-1,-1,-0.0003031269840456,0.0003031269840456,0.37767983477672834,hold
1128,2024-07-25,-1,-1,0.0175673297602745,-0.0175673297602745,0.37104500857539957,hold
1129,2024-07-26,1,1,5.03324972633834e-05,5.03324972633834e-05,0.3703215941801275,flip
1130,2024-07-29,-1,-1,0.0008536433743,-0.0008536433743,0.36926482841653513,flip
1131,2024-07-30,0,-1,0.0037755350108565,-0.0037755350108565,0.3678706561285706,hold
1132,2024-07-31,-1,-1,0.0023946791656728,-0.0023946791656728,0.36698972393267715,hold
1133,2024-08-01,-1,-1,-0.0117229354919546,0.0117229354919546,0.37129192079255013,hold
1134,2024-08-02,0,-1,-0.0267864578946228,0.0267864578946228,0.3812375161954734,hold
1135,2024-08-05,-1,-1,-0.0026209626510589,0.0026209626510589,0.3822367254866042,hold
1136,2024-08-06,-1,-1,0.0127101624804444,-0.0127101624804444,0.3773784345996764,hold
1137,2024-08-07,-1,-1,-0.007428747813561,0.007428747813561,0.38018188382059387,hold
1138,2024-08-08,-1,-1,0.0103868640378157,-0.0103868640378157,0.3762329862837087,hold
1139,2024-08-09,-1,-1,-0.0008412844977941,0.0008412844977941,0.376549505262628,hold
1140,2024-08-12,-1,-1,-0.0085431469996303,0.0085431469996303,0.37976642303872465,hold
1141,2024-08-13,-1,-1,0.0001967769998756,-0.0001967769998756,0.3796916937413456,hold
1142,2024-08-14,-1,-1,0.0164597624902924,-0.0164597624902924,0.3734420586428262,hold
1143,2024-08-16,-1,-1,0.0012835584110202,-0.0012835584110202,0.37296272394742647,hold
1144,2024-08-19,-1,-1,0.0051357593399101,-0.0051357593399101,0.37104727715447516,hold
1145,2024-08-20,-1,-1,0.0028887826964991,-0.0028887826964991,0.36997540220064823,hold
1146,2024-08-21,-1,-1,0.0016673576536574,-0.0016673576536574,0.369358520882124,hold
1147,2024-08-22,-1,-1,0.0004695560778267,-0.0004695560778267,0.3691850863437467,hold
1148,2024-08-23,-1,-1,0.007551387144671,-0.007551387144671,0.3663972268287263,hold
1149,2024-08-26,-1,-1,0.000285894410237,-0.000285894410237,0.36629247590964964,hold
1150,2024-08-27,-1,-1,0.0013830024432652,-0.0013830024432652,0.36578589252051696,hold
1151,2024-08-28,-1,-1,0.0039756594063229,-0.0039756594063229,0.36433165239621756,hold
1152,2024-08-29,-1,-1,0.0033377600735777,-0.0033377600735777,0.3631156007533089,hold
1153,2024-08-30,-1,-1,0.0016959501132323,-0.0016959501132323,0.3624997748090949,hold
1154,2024-09-02,-1,-1,4.550829989491412e-05,-4.550829989491412e-05,0.3624832780606311,hold
1155,2024-09-03,-1,-1,-0.0032100820170585,0.0032100820170585,0.3636468791130179,hold
1156,2024-09-04,-1,-1,-0.0021270784221717,0.0021270784221717,0.3644203845428693,hold
1157,2024-09-05,-1,-1,-0.0116503502989019,0.0116503502989019,0.3686660096788542,hold
1158,2024-09-06,-1,-1,0.0033900486950126,-0.0033900486950126,0.36741621395384694,hold
1159,2024-09-09,-1,-1,0.0041986500501236,-0.0041986500501236,0.3658735618487134,hold
1160,2024-09-10,-1,-1,-0.0048979634496194,0.0048979634496194,0.36766559718183045,hold
1161,2024-09-11,-1,-1,0.0188796328272711,-0.0188796328272711,0.36072420570381813,hold
1162,2024-09-12,1,1,-0.0012761636040355,-0.0012761636040355,0.35954241418999666,flip
1163,2024-09-13,-1,-1,0.0010746751326089,-0.0010746751326089,0.3584369380699685,flip
1164,2024-09-16,-1,-1,0.0013709866056039,-0.0013709866056039,0.3579455258289209,hold
1165,2024-09-17,0,-1,-0.0016129951842196,0.0016129951842196,0.3585228902382959,hold
1166,2024-09-18,-1,-1,0.0015072376499098,-0.0015072376499098,0.3579825110397743,hold
1167,2024-09-19,-1,-1,0.0147604413777415,-0.0147604413777415,0.352698531171315,hold
1168,2024-09-20,1,1,0.0057423850996662,0.0057423850996662,0.3540184648990447,flip
1169,2024-09-23,-1,-1,5.203002169906768e-05,-5.203002169906768e-05,0.353292008380836,flip
1170,2024-09-24,-1,-1,0.0024575565157058,-0.0024575565157058,0.3524237733036929,hold
1171,2024-09-25,-1,-1,0.008148714241454,-0.008148714241454,0.34955197268314614,hold
1172,2024-09-26,-1,-1,-0.0014152231703233,0.0014152231703233,0.35004666673411955,hold
1173,2024-09-27,-1,-1,-0.0140609008520233,0.0140609008520233,0.35496863820864927,hold
1174,2024-09-30,-1,-1,-0.0005404401234794,0.0005404401234794,0.3551604775033141,hold
1175,2024-10-01,-1,-1,-0.0211963752609873,0.0211963752609873,0.3626885922623458,hold
1176,2024-10-03,-1,-1,-0.0093266958801446,0.0093266958801446,0.36607127846157445,hold
1177,2024-10-04,-1,-1,-0.0087488751686026,0.0087488751686026,0.36927399037964553,hold
1178,2024-10-07,-1,-1,0.0087676473034692,-0.0087676473034692,0.3660363262736521,hold
1179,2024-10-08,-1,-1,-0.0012473907279866,0.0012473907279866,0.36649291659315214,hold
1180,2024-10-09,-1,-1,0.0006604768849507,-0.0006604768849507,0.3662508564932442,hold
1181,2024-10-10,-1,-1,-0.0013680536120755,0.0013680536120755,0.36675190730039553,hold
1182,2024-10-11,-1,-1,0.0065573457544287,-0.0065573457544287,0.36434698823813066,hold
1183,2024-10-14,-1,-1,-0.0028096049048969,0.0028096049048969,0.36537065932336893,hold
1184,2024-10-15,-1,-1,-0.0034340754096676,0.0034340754096676,0.36662536971996534,hold
1185,2024-10-16,-1,-1,-0.0088682273228345,0.0088682273228345,0.3698766868409602,hold
1186,2024-10-17,1,1,0.0042101739412401,0.0042101739412401,0.3706941786556883,flip
1187,2024-10-18,-1,-1,-0.0029351823779982,0.0029351823779982,0.3710408453191936,flip
1188,2024-10-21,-1,-1,-0.0124691803378693,0.0124691803378693,0.37566742053219415,hold
1189,2024-10-22,1,1,-0.0014955647434917,-0.0014955647434917,0.37435425074170336,flip
1190,2024-10-23,-1,-1,-0.0014773427748562,0.0014773427748562,0.37415859178778993,flip
1191,2024-10-24,-1,-1,-0.0089592205494931,0.0089592205494931,0.37751076113210447,hold
1192,2024-10-25,1,1,0.0065485676346082,0.0065485676346082,0.3792278943619063,flip
1193,2024-10-28,-1,-1,0.0052466588480091,-0.0052466588480091,0.3764797591858167,flip
1194,2024-10-29,-1,-1,-0.0051498252538292,0.0051498252538292,0.37841856415722736,hold
1195,2024-10-30,-1,-1,-0.005566773640794,0.005566773640794,0.3805251346453649,hold
1196,2024-10-31,1,1,0.0040900049616161,0.0040900049616161,0.3813204340647934,flip
1197,2024-11-01,-1,-1,-0.0127137736646451,0.0127137736646451,0.3854058148890678,flip
1198,2024-11-04,1,1,0.0090830588186072,0.0090830588186072,0.3881356669449603,flip
1199,2024-11-05,-1,-1,0.0111818707596305,-0.0111818707596305,0.38301931274608886,flip
1200,2024-11-06,-1,-1,-0.0116280257061476,0.0116280257061476,0.3874730711606514,hold
1201,2024-11-07,-1,-1,-0.0021137093124677,0.0021137093124677,0.3882920765994941,hold
1202,2024-11-08,-1,-1,-0.0002856708874028,0.0002856708874028,0.38840300034158776,hold
1203,2024-11-11,-1,-1,-0.0106809307765333,0.0106809307765333,0.39255150590163407,hold
1204,2024-11-12,-1,-1,-0.0135825623229214,0.0135825623229214,0.3978833611954996,hold
1205,2024-11-13,1,1,-0.0011185324376894,-0.0011185324376894,0.39664254902719454,flip
1206,2024-11-14,-1,-1,-0.0033527151631265,0.0033527151631265,0.39717909341760477,flip
1207,2024-11-18,-1,-1,0.0027585814066317,-0.0027585814066317,0.3960834425554001,hold
1208,2024-11-19,-1,-1,-0.0071688079331164,0.0071688079331164,0.39892288868056736,hold
1209,2024-11-21,1,1,0.0238694641112378,0.0238694641112378,0.40764711847771834,flip
1210,2024-11-22,-1,-1,0.0131612958673623,-0.0131612958673623,0.40146665990499997,flip
1211,2024-11-25,-1,-1,-0.0011312238174179,0.0011312238174179,0.4019208085525837,hold
1212,2024-11-26,-1,-1,0.0033230854378061,-0.0033230854378061,0.40058519136653137,hold
1213,2024-11-27,-1,-1,-0.0148610290544929,0.0148610290544929,0.406538299534229,hold
1214,2024-11-28,-1,-1,0.0090720019405352,-0.0090720019405352,0.4028501832919526,hold
1215,2024-11-29,-1,-1,0.0060068200049485,-0.0060068200049485,0.40043033475195733,hold
1216,2024-12-02,-1,-1,0.0074600111445999,-0.0074600111445999,0.3974431199920718,hold
1217,2024-12-03,-1,-1,0.0004210968146538,-0.0004210968146538,0.39727575796023706,hold
1218,2024-12-04,-1,-1,0.0098478255628851,-0.0098478255628851,0.3933634555954817,hold
1219,2024-12-05,-1,-1,-0.0012384293961259,0.0012384293961259,0.3938506084622528,hold
1220,2024-12-06,-1,-1,-0.0023827399277279,0.0023827399277279,0.3947890520325957,hold
1221,2024-12-09,-1,-1,-0.00036350862139,0.00036350862139,0.3949325612566399,hold
1222,2024-12-10,-1,-1,0.0012901233029631,-0.0012901233029631,0.3944230495562638,hold
1223,2024-12-11,-1,-1,-0.0037781963796591,0.0037781963796591,0.39591325729415133,hold
1224,2024-12-12,-1,-1,0.0089455478085889,-0.0089455478085889,0.39237159632297236,hold
1225,2024-12-13,-1,-1,-0.0040394689217332,0.0040394689217332,0.3939565691920898,hold
1226,2024-12-16,-1,-1,-0.0134687300477334,0.0134687300477334,0.3992626638730693,hold
1227,2024-12-17,-1,-1,-0.0056356998120069,0.0056356998120069,0.40151278839280014,hold
1228,2024-12-18,-1,-1,-0.010213311567061,0.010213311567061,0.4056135635988153,hold
1229,2024-12-19,-1,-1,-0.0152055691508056,0.0152055691508056,0.4117811486886217,hold
1230,2024-12-20,-1,-1,0.0070354729729729,-0.0070354729729729,0.4088840735462432,hold
1231,2024-12-23,-1,-1,-0.0010861087115143,0.0010861087115143,0.40932816610052125,hold
1232,2024-12-24,-1,-1,0.0009503186263191,-0.0009503186263191,0.4089391739199989,hold
1233,2024-12-26,-1,-1,0.002661079652128,-0.002661079652128,0.40785095420532236,hold
1234,2024-12-27,-1,-1,-0.0070758479358679,0.0070758479358679,0.41073684553777784,hold
1235,2024-12-30,-1,-1,-4.212721278373799e-06,4.212721278373799e-06,0.4107385758576269,hold
1236,2024-12-31,-1,-1,0.0041488871182535,-0.0041488871182535,0.40903446787128145,hold
1237,2025-01-01,-1,-1,0.0187740331916654,-0.0187740331916654,0.4013552411949308,hold
1238,2025-01-02,-1,-1,-0.0076027553276091,0.0076027553276091,0.4044066468931894,hold
1239,2025-01-03,-1,-1,-0.0161925959966257,0.0161925959966257,0.41095504034468083,hold
1240,2025-01-06,-1,-1,0.0038892874268343,-0.0038892874268343,0.4093567180732741,hold
1241,2025-01-07,-1,-1,-0.0007993610384197,0.0007993610384197,0.40968394188451723,hold
1242,2025-01-08,-1,-1,-0.0068575949591475,0.0068575949591475,0.4124933884192281,hold
1243,2025-01-09,1,1,-0.0040379997024632,-0.0040379997024632,0.4100027534626848,flip
1244,2025-01-10,-1,-1,-0.0147472753024774,0.0147472753024774,0.41522917143584737,flip
1245,2025-01-13,-1,-1,0.0039028744993869,-0.0039028744993869,0.41360858409124884,hold
1246,2025-01-14,-1,-1,0.0016028803979861,-0.0016028803979861,0.4129456189993702,hold
1247,2025-01-15,-1,-1,0.0042476507253836,-0.0042476507253836,0.41119157024128355,hold
1248,2025-01-16,-1,-1,-0.0046586517926727,0.0046586517926727,0.41310716858712004,hold
1249,2025-01-17,1,1,0.0061004855371675,0.0061004855371675,0.41480110855721175,flip
1250,2025-01-20,-1,-1,-0.0137118456772935,0.0137118456772935,0.4196591951274041,flip
1251,2025-01-21,-1,-1,0.0056764909144164,-0.0056764909144164,0.4172770035191121,hold
1252,2025-01-22,-1,-1,0.0021593282262408,-0.0021593282262408,0.41637596550725214,hold
1253,2025-01-23,-1,-1,-0.0048760476583936,0.0048760476583936,0.41840623455887516,hold
1254,2025-01-24,-1,-1,-0.0113912419355629,0.0113912419355629,0.42317240120408317,hold
1255,2025-01-27,1,1,0.0056112298172781,0.0056112298172781,0.42470057399716055,flip
1256,2025-01-28,-1,-1,0.0089666492883511,-0.0089666492883511,0.42004303174957225,flip
1257,2025-01-29,-1,-1,0.0037300875997627,-0.0037300875997627,0.41847623444547644,hold
1258,2025-01-30,-1,-1,0.0111357401503258,-0.0111357401503258,0.4138161918396048,hold
1259,2025-01-31,1,1,-0.0011166221250199,-0.0011166221250199,0.41252648314042595,flip
1260,2025-02-01,-1,-1,-0.0051570919766934,0.0051570919766934,0.41382886719052214,flip
1261,2025-02-03,-1,-1,0.0161893068206311,-0.0161893068206311,0.40712926468834054,hold
1262,2025-02-04,1,1,-0.0018092070621439,-0.0018092070621439,0.4055784250180842,flip
1263,2025-02-05,-1,-1,-0.0039226026346081,0.0039226026346081,0.40635819116656424,flip
1264,2025-02-06,-1,-1,-0.0018387386257991,0.0018387386257991,0.4071053776685721,hold
1265,2025-02-07,-1,-1,-0.0075700336923079,0.0075700336923079,0.4101871790938429,hold
1266,2025-02-10,-1,-1,-0.0132496849360461,0.0132496849360461,0.4156220299816418,hold
1267,2025-02-11,-1,-1,-0.0011507892904301,0.0011507892904301,0.41610032336261155,hold
1268,2025-02-12,-1,-1,-0.0006009745771905,0.0006009745771905,0.4163503890785132,hold
1269,2025-02-13,-1,-1,-0.0044352661537063,0.0044352661537063,0.4181970138672756,hold
1270,2025-02-14,-1,-1,0.0013192755977626,-0.0013192755977626,0.4176452967518233,hold
1271,2025-02-17,-1,-1,-0.0006184463402948,0.0006184463402948,0.4179035879571408,hold
1272,2025-02-18,-1,-1,-0.0005404326900405,0.0005404326900405,0.418129436717358,hold
1273,2025-02-19,-1,-1,-0.0008612081186238,0.0008612081186238,0.41848953318289467,hold
1274,2025-02-20,-1,-1,-0.0051171487988824,0.0051171487988824,0.42063100639496637,hold
1275,2025-02-21,-1,-1,-0.0106401053300685,0.0106401053300685,0.4251065646081015,hold
1276,2025-02-24,1,1,-0.0002571160481895,-0.0002571160481895,0.42414704975893386,flip
1277,2025-02-25,-1,-1,-0.0001108767876499,0.0001108767876499,0.42334578372178444,flip
1278,2025-02-27,-1,-1,-0.0186449596666951,0.0186449596666951,0.43123904878434255,hold
1279,2025-02-28,1,1,-0.0002440004922383,-0.0002440004922383,0.4302713481465981,flip
1280,2025-03-03,-1,-1,-0.0016569416451024,0.0016569416451024,0.4301237399657434,flip
1281,2025-03-04,-1,-1,0.0115316950692254,-0.0115316950692254,0.4251636841544236,hold
1282,2025-03-05,-1,-1,0.009284847776867,-0.009284847776867,0.4212161040667978,hold
1283,2025-03-06,-1,-1,0.0003460139864501,-0.0003460139864501,0.4210703574034727,hold
1284,2025-03-07,-1,-1,-0.0040882039130917,0.0040882039130917,0.4227917788862965,hold
1285,2025-03-10,-1,-1,0.001674047455606,-0.001674047455606,0.4220840053846008,hold
1286,2025-03-11,-1,-1,-0.0012179087892316,0.0012179087892316,0.4225980652045528,hold
1287,2025-03-12,-1,-1,-0.0032620894617386,0.0032620894617386,0.42397661789960767,hold
1288,2025-03-13,-1,-1,0.0049805683362682,-0.0049805683362682,0.4218649733811788,hold
1289,2025-03-17,-1,-1,0.0144632989948354,-0.0144632989948354,0.4157634141357185,hold
1290,2025-03-18,-1,-1,0.0032100316461272,-0.0032100316461272,0.41442880041904095,hold
1291,2025-03-19,-1,-1,0.01235619558909,-0.01235619558909,0.4093080371033114,hold
1292,2025-03-20,-1,-1,0.0068885519512889,-0.0068885519512889,0.40648849742564513,hold
1293,2025-03-21,-1,-1,0.0131881772302988,-0.0131881772302988,0.40112765507951786,hold
1294,2025-03-24,-1,-1,0.0004353972876416,-0.0004353972876416,0.4009530051864982,hold
1295,2025-03-25,-1,-1,-0.0076810793285454,0.0076810793285454,0.40403275702635433,hold
1296,2025-03-26,-1,-1,0.0044748278770025,-0.0044748278770025,0.40222477998199063,hold
1297,2025-03-27,-1,-1,-0.0030773044101545,0.0030773044101545,0.4034625480713026,hold
1298,2025-03-28,-1,-1,-0.0150365718652369,0.0150365718652369,0.4095292416703084,hold
1299,2025-04-01,-1,-1,0.0071938424586863,-0.0071938424586863,0.40658315282350693,hold
1300,2025-04-02,-1,-1,-0.0035251486188494,0.0035251486188494,0.40801641886313017,hold
1301,2025-04-03,-1,-1,-0.0148666197750665,0.0148666197750665,0.41408224382435255,hold
1302,2025-04-04,-1,-1,-0.0324325462830553,0.0324325462830553,0.4275119853621772,hold
1303,2025-04-07,-1,-1,0.0168873189028142,-0.0168873189028142,0.42029245413059085,hold
1304,2025-04-08,-1,-1,-0.0060658560080705,0.0060658560080705,0.42284188763862557,hold
1305,2025-04-09,1,1,0.0191703874091904,0.0191703874091904,0.43010224666221414,flip
1306,2025-04-11,-1,-1,0.0219023977821084,-0.0219023977821084,0.4198217716755154,flip
1307,2025-04-15,1,1,0.004657316201027,0.004657316201027,0.4209373708709326,flip
1308,2025-04-16,-1,-1,0.0176834769379541,-0.0176834769379541,0.41265185983907154,flip
1309,2025-04-17,-1,-1,0.0114834984640164,-0.0114834984640164,0.40791317284043604,hold
1310,2025-04-21,-1,-1,0.0017284255654137,-0.0017284255654137,0.4072081252840296,hold
1311,2025-04-22,-1,-1,0.0066908406521222,-0.0066908406521222,0.4044835606055047,hold
1312,2025-04-23,-1,-1,-0.0033807460922566,0.0033807460922566,0.4058510168224038,hold
1313,2025-04-24,-1,-1,-0.0085516633626838,0.0085516633626838,0.40932171809367196,hold
1314,2025-04-25,-1,-1,0.0120282118827472,-0.0120282118827472,0.40439830974023117,hold
1315,2025-04-28,-1,-1,0.0003061930965739,-0.0003061930965739,0.4042744857695226,hold
1316,2025-04-29,-1,-1,-7.191007773188485e-05,7.191007773188485e-05,0.40430355717921934,hold
1317,2025-04-30,-1,-1,0.0005136803511647,-0.0005136803511647,0.4040958743859904,hold
1318,2025-05-02,-1,-1,0.0047008906976129,-0.0047008906976129,0.40219626384914553,hold
1319,2025-05-05,-1,-1,-0.0033338898599493,0.0033338898599493,0.4035371418949017,hold
1320,2025-05-06,-1,-1,0.0014274549954715,-0.0014274549954715,0.4029611107858455,hold
1321,2025-05-07,-1,-1,-0.0057588802970967,0.0057588802970967,0.4052817155872463,hold
1322,2025-05-08,-1,-1,-0.0109501096942064,0.0109501096942064,0.4097195948299828,hold
1323,2025-05-09,-1,-1,0.0381830730902199,-0.0381830730902199,0.3940752415940943,hold
1324,2025-05-12,-1,-1,-0.0138958390765435,0.0138958390765435,0.39955124773533585,hold
1325,2025-05-13,-1,-1,0.0036027960647213,-0.0036027960647213,0.3981117460723405,hold
1326,2025-05-14,-1,-1,0.0160214381414618,-0.0160214381414618,0.39173342335925315,hold
1327,2025-05-15,-1,-1,-0.0016877607536591,0.0016877607536591,0.39239457565709546,hold
1328,2025-05-16,-1,-1,-0.0029717088137536,0.0029717088137536,0.39356065807604473,hold
1329,2025-05-19,-1,-1,-0.0104848313546668,0.0104848313546668,0.39768707520380375,hold
1330,2025-05-20,-1,-1,0.0052483127088862,-0.0052483127088862,0.3955998890728519,hold
1331,2025-05-21,-1,-1,-0.0082112727740422,0.0082112727740422,0.3988482676714099,hold
1332,2025-05-22,-1,-1,0.0098924887180058,-0.0098924887180058,0.3949026656832743,hold
1333,2025-05-23,-1,-1,0.0059549794562796,-0.0059549794562796,0.3925510284219003,hold
1334,2025-05-26,-1,-1,-0.0069977248703164,0.0069977248703164,0.3952979925163565,hold
1335,2025-05-27,-1,-1,-0.0029706520659956,0.0029706520659956,0.3964722853145091,hold
1336,2025-05-28,-1,-1,0.0032784792287758,-0.0032784792287758,0.39517245916232024,hold
1337,2025-05-29,-1,-1,-0.0033382349691143,0.0033382349691143,0.39649163768432677,hold
1338,2025-05-30,-1,-1,-0.0013777230725331,0.0013777230725331,0.3970378933616309,hold
1339,2025-06-02,-1,-1,-0.0070438333802584,0.0070438333802584,0.3998345621281191,hold
1340,2025-06-03,-1,-1,0.0031659048079861,-0.0031659048079861,0.39856872396547866,hold
1341,2025-06-04,-1,-1,0.0053086967621067,-0.0053086967621067,0.3964528434710861,hold
1342,2025-06-05,-1,-1,0.0101875239545026,-0.0101875239545026,0.39241397063139377,hold
1343,2025-06-06,1,1,0.0040054487100871,0.0040054487100871,0.3932009367226167,flip
1344,2025-06-09,1,1,4.18584595869298e-05,4.18584595869298e-05,0.39321739550813606,hold
1345,2025-06-10,-1,-1,0.0014798446727146,-0.0014798446727146,0.39184906004915837,flip
1346,2025-06-11,0,-1,-0.0100710846627866,0.0100710846627866,0.39579540510794675,hold
1347,2025-06-12,-1,-1,-0.0068144588479197,0.0068144588479197,0.39849253660825057,hold
1348,2025-06-13,0,-1,0.0092197937677085,-0.0092197937677085,0.39481851760275144,hold
1349,2025-06-16,-1,-1,-0.0037319707924959,0.0037319707924959,0.3962919687787814,hold
1350,2025-06-17,-1,-1,-0.0016637405234334,0.0016637405234334,0.3969512957863499,hold
1351,2025-06-18,-1,-1,-0.0007577278241026,0.0007577278241026,0.39725207682798086,hold
1352,2025-06-19,-1,-1,0.0128724709598377,-0.0128724709598377,0.3921384610052775,hold
1353,2025-06-20,0,-1,-0.0055948454872697,0.0055948454872697,0.39433241510421774,hold
1354,2025-06-23,-1,-1,0.0029012296868362,-0.0029012296868362,0.3931883661950356,hold
1355,2025-06-24,-1,-1,0.0080018205204253,-0.0080018205204253,0.3900421434580237,hold
1356,2025-06-25,0,-1,0.0120520108141297,-0.0120520108141297,0.3853413513271013,hold
1357,2025-06-26,-1,-1,0.003475704773181,-0.003475704773181,0.38400201855298965,hold
1358,2025-06-27,-1,-1,-0.0047098423546652,0.0047098423546652,0.38581060752424745,hold
1359,2025-06-30,-1,-1,0.0009699396772837,-0.0009699396772837,0.38543639450809275,hold
1360,2025-07-01,-1,-1,-0.0034610085397696,0.0034610085397696,0.38677039316102324,hold
1361,2025-07-02,-1,-1,-0.0018897125192245,0.0018897125192245,0.387501278015045,hold
1362,2025-07-03,-1,-1,0.0021924250859925,-0.0021924250859925,0.3866517104922707,hold
1363,2025-07-04,-1,-1,1.1813410706551508e-05,-1.1813410706551508e-05,0.3866471428168143,hold
1364,2025-07-07,-1,-1,0.0024036171315751,-0.0024036171315751,0.3857177911204652,hold
1365,2025-07-08,-1,-1,-0.0018180190273288,0.0018180190273288,0.38641903340390144,hold
1366,2025-07-09,-1,-1,-0.004743646446198,0.004743646446198,0.38825206867845113,hold
1367,2025-07-10,-1,-1,-0.008100901810276,0.008100901810276,0.3913972605644518,hold
1368,2025-07-11,-1,-1,-0.0026858541571485,0.0026858541571485,0.3924484965238353,hold
1369,2025-07-14,-1,-1,0.0045251032187942,-0.0045251032187942,0.39067262656900437,hold
1370,2025-07-15,-1,-1,0.0006449487413033,-0.0006449487413033,0.39042066275023707,hold
1371,2025-07-16,-1,-1,-0.0039902173517283,0.0039902173517283,0.3919785260532163,hold
1372,2025-07-17,-1,-1,-0.0056965580472427,0.0056965580472427,0.3942114544801511,hold
1373,2025-07-18,-1,-1,0.0048981443028652,-0.0048981443028652,0.39228054989026495,hold
1374,2025-07-21,-1,-1,-0.0011876443882732,0.0011876443882732,0.3927464396839709,hold
1375,2025-07-22,-1,-1,0.0063445445902445,-0.0063445445902445,0.3902546423847362,hold
1376,2025-07-23,-1,-1,-0.006256994627491,0.006256994627491,0.39269646358549093,hold
1377,2025-07-24,-1,-1,-0.0089816740370306,0.0089816740370306,0.39622353521691045,hold
1378,2025-07-25,-1,-1,-0.0062849623293875,0.0062849623293875,0.39871378520976547,hold
1379,2025-07-28,-1,-1,0.0056804742343701,-0.0056804742343701,0.39644890182599324,hold
1380,2025-07-29,-1,-1,0.0013678351245234,-0.0013678351245234,0.3959066250929969,hold
1381,2025-07-30,-1,-1,-0.0034882717656889,0.0034882717656889,0.397287654995158,hold
1382,2025-07-31,-1,-1,-0.0081959437427822,0.0081959437427822,0.40054380226520014,hold
1383,2025-08-01,1,1,0.0064074150430544,0.0064074150430544,0.402309165044706,flip
1384,2025-08-04,-1,-1,-0.0029608040671041,0.0029608040671041,0.40269570532671417,flip
1385,2025-08-05,-1,-1,-0.0030569142281212,0.0030569142281212,0.4039267115579307,hold
1386,2025-08-06,-1,-1,0.0008932609229541,-0.0008932609229541,0.40356589961075867,hold
1387,2025-08-07,-1,-1,-0.0094669127354072,0.0094669127354072,0.40738642276535986,hold
1388,2025-08-08,-1,-1,0.0091018044718578,-0.0091018044718578,0.4036784712008599,hold
1389,2025-08-11,-1,-1,-0.0039719417907191,0.0039719417907191,0.40528185859063626,hold
1390,2025-08-12,-1,-1,0.0053884535167121,-0.0053884535167121,0.4030980161344539,hold
1391,2025-08-13,-1,-1,0.000485438164071,-0.000485438164071,0.4029023369735609,hold
1392,2025-08-14,-1,-1,0.0099730192766349,-0.0099730192766349,0.39888418420032234,hold
1393,2025-08-18,1,1,0.0041685646806257,0.0041685646806257,0.3997491903538394,flip
1394,2025-08-19,1,1,0.0027981813736617,0.0027981813736617,0.40086776109242384,hold
1395,2025-08-20,-1,-1,0.0013252889742787,-0.0013252889742787,0.3995347599463194,flip
1396,2025-08-21,0,-1,-0.0085174820600987,0.0085174820600987,0.40293779009654795,hold
1397,2025-08-22,-1,-1,0.0039264173509054,-0.0039264173509054,0.4013556881661774,hold
1398,2025-08-25,-1,-1,-0.0102411798720348,0.0102411798720348,0.4054660439613515,hold
1399,2025-08-26,0,-1,-0.0085444301039235,0.0085444301039235,0.40893052023349363,hold
1400,2025-08-28,0,-1,-0.0030223697933294,0.0030223697933294,0.4101664594854178,hold
1401,2025-08-29,-1,-1,0.0081140701746054,-0.0081140701746054,0.4068383400498837,hold
1402,2025-09-01,-1,-1,-0.0018457290617897,0.0018457290617897,0.407589253397564,hold
1403,2025-09-02,-1,-1,0.005510715147017,-0.005510715147017,0.4053431451251047,hold
1404,2025-09-03,-1,-1,0.0007788776228048,-0.0007788776228048,0.40502743241980943,hold
1405,2025-09-04,-1,-1,0.0002708473067116,-0.0002708473067116,0.4049177318305942,hold
1406,2025-09-05,-1,-1,0.0012994782193525,-0.0012994782193525,0.40439155005745075,hold
1407,2025-09-08,-1,-1,0.0038529301782352,-0.0038529301782352,0.4028334576504111,hold
1408,2025-09-09,0,-1,0.0042020862308871,-0.0042020862308871,0.40114071672467766,hold
1409,2025-09-10,0,-1,0.0012974116602184,-0.0012974116602184,0.4006202720814107,hold
1410,2025-09-11,0,-1,0.0043390454100098,-0.0043390454100098,0.39888196252867897,hold
1411,2025-09-12,0,-1,-0.0017838966811339,0.0017838966811339,0.399593526737798,hold
1412,2025-09-15,-1,-1,0.0067772563910986,-0.0067772563910986,0.39688537895487264,hold
1413,2025-09-16,0,-1,0.0036114755294653,-0.0036114755294653,0.39545203712077454,hold
1414,2025-09-17,-1,-1,0.0036853015416349,-0.0036853015416349,0.39399467711873065,hold
1415,2025-09-18,-1,-1,-0.0037976065391384,0.0037976065391384,0.39549091388094243,hold
1416,2025-09-19,-1,-1,-0.0049236357186648,0.0049236357186648,0.39743816707093405,hold
1417,2025-09-22,-1,-1,-0.001303434397354,0.001303434397354,0.3979562016487156,hold
1418,2025-09-23,-1,-1,-0.0044736530076083,0.0044736530076083,0.39973651960711776,hold
1419,2025-09-24,-1,-1,-0.0066269482123226,0.0066269482123226,0.40238555282112826,hold
1420,2025-09-25,-1,-1,-0.0094874379272315,0.0094874379272315,0.4062031607763334,hold
1421,2025-09-26,0,-1,-0.0008030448049409,0.0008030448049409,0.40652936011434543,hold
1422,2025-09-29,-1,-1,-0.0009661407544825,0.0009661407544825,0.4069221246970456,hold
1423,2025-09-30,-1,-1,0.0091503904924759,-0.0091503904924759,0.40319862835603965,hold
1424,2025-10-01,-1,-1,0.0023332467769816,-0.0023332467769816,0.4022578664559445,hold
1425,2025-10-03,-1,-1,0.0073671787912872,-0.0073671787912872,0.39929436083356185,hold
1426,2025-10-06,-1,-1,0.0012222193924698,-0.0012222193924698,0.3988063355224472,hold
1427,2025-10-07,-1,-1,-0.0024752925801897,0.0024752925801897,0.39979349788569857,hold
1428,2025-10-08,-1,-1,0.0054160175719368,-0.0054160175719368,0.39762820927600356,hold
1429,2025-10-09,1,1,0.004112050167679,0.004112050167679,0.39846802000207887,flip
1430,2025-10-10,-1,-1,-0.0022938183927065,0.0022938183927065,0.39858509723526087,flip
1431,2025-10-13,-1,-1,-0.0032444791324643,0.0032444791324643,0.39987829826575194,hold
1432,2025-10-14,-1,-1,0.0070808208725219,-0.0070808208725219,0.39704683166492327,hold
1433,2025-10-15,-1,-1,0.0103362282114798,-0.0103362282114798,0.3929428650021896,hold
1434,2025-10-16,1,1,0.0048679837376106,0.0048679837376106,0.394069818748826,flip
1435,2025-10-17,-1,-1,0.0051848137299641,-0.0051848137299641,0.391238500504515,flip
1436,2025-10-20,-1,-1,0.0009847568259027,-0.0009847568259027,0.3908532257205872,hold
1437,2025-10-21,-1,-1,0.0008814076368377,-0.0008814076368377,0.39050872470255443,hold
1438,2025-10-23,-1,-1,-0.0037174505259611,0.0037174505259611,0.3919604215665924,hold
1439,2025-10-24,-1,-1,0.0066252915000297,-0.0066252915000297,0.3893635695172392,hold
1440,2025-10-27,-1,-1,-0.001149638146805,0.001149638146805,0.3898111967297324,hold
1441,2025-10-28,-1,-1,0.0045381040946781,-0.0045381040946781,0.38804219294170184,hold
1442,2025-10-29,-1,-1,-0.00675717564781,0.00675717564781,0.3906642621981703,hold
1443,2025-10-30,-1,-1,-0.0060186608373972,0.0060186608373972,0.3930155378936331,hold
1444,2025-10-31,-1,-1,0.0016036793506921,-0.0016036793506921,0.39238526699101195,hold
1445,2025-11-03,-1,-1,-0.0064315867797603,0.0064315867797603,0.394908926886764,hold
1446,2025-11-04,-1,-1,-0.0034359080045569,0.0034359080045569,0.3962657976297252,hold
1447,2025-11-06,-1,-1,-0.0006820322478444,0.0006820322478444,0.3965360636824265,hold
1448,2025-11-07,-1,-1,0.0032185728871263,-0.0032185728871263,0.3952597834590904,hold
1449,2025-11-10,-1,-1,0.0047156471705849,-0.0047156471705849,0.3933958777795755,hold
1450,2025-11-11,-1,-1,0.0070384090258497,-0.0070384090258497,0.3906269966826797,hold
1451,2025-11-12,1,1,0.0001294494962036,0.0001294494962036,0.38989630915723844,flip
1452,2025-11-13,-1,-1,0.0011940264714482,-0.0011940264714482,0.3886509700246703,flip
1453,2025-11-14,0,-1,0.0039906690408659,-0.0039906690408659,0.38709999263089034,hold
1454,2025-11-17,0,-1,-0.0039748069020186,0.0039748069020186,0.388638640353371,hold
1455,2025-11-18,-1,-1,0.0055036406751542,-0.0055036406751542,0.38649971292438556,hold
1456,2025-11-19,0,-1,0.0053545415882216,-0.0053545415882216,0.38443018413769625,hold
1457,2025-11-20,0,-1,-0.0047342428227803,0.0047342428227803,0.38625016997781025,hold
1458,2025-11-21,-1,-1,-0.004167936312968,0.004167936312968,0.38786003608715086,hold
1459,2025-11-24,-1,-1,-0.002877529180069,0.002877529180069,0.3889761146587742,hold
1460,2025-11-25,-1,-1,0.0123817835303625,-0.0123817835303625,0.3841598966085878,hold
1461,2025-11-26,0,-1,0.0003911422381892,-0.0003911422381892,0.3840096354468058,hold
1462,2025-11-27,-1,-1,-0.0004806903583736,0.0004806903583736,0.38419422517608764,hold
1463,2025-11-28,-1,-1,-0.0010380212747401,0.0010380212747401,0.3845930269554527,hold
1464,2025-12-01,-1,-1,-0.0054841133969418,0.0054841133969418,0.38670217872694956,hold
1465,2025-12-02,-1,-1,-0.0017746951904364,0.0017746951904364,0.3873884572236676,hold
1466,2025-12-03,-1,-1,0.0018375278996383,-0.0018375278996383,0.3866766201255213,hold
1467,2025-12-04,-1,-1,0.0058654330916598,-0.0058654330916598,0.3844085942820659,hold
1468,2025-12-05,-1,-1,-0.0086265394598917,0.0086265394598917,0.38772471018936167,hold
1469,2025-12-08,0,-1,-0.0046570811090926,0.0046570811090926,0.389530375612713,hold
1470,2025-12-09,-1,-1,-0.0031598875909956,0.0031598875909956,0.3907612478129274,hold
1471,2025-12-10,-1,-1,0.0054565875164998,-0.0054565875164998,0.3886290248661795,hold
1472,2025-12-11,1,1,0.0057299900196514,0.0057299900196514,0.3900786072502772,flip
1473,2025-12-12,1,1,-0.0007543469807149,-0.0007543469807149,0.3897843526306565,hold
1474,2025-12-15,-1,-1,-0.0064240688375742,0.0064240688375742,0.39150878543850387,flip
1475,2025-12-16,-1,-1,-0.0016066770334456,0.0016066770334456,0.3921378136124601,hold
1476,2025-12-17,-1,-1,-0.0001161955225689,0.0001161955225689,0.39218337827063177,hold
1477,2025-12-18,-1,-1,0.0058433620360547,-0.0058433620360547,0.38989170880687346,hold
1478,2025-12-19,1,1,0.0079333291061156,0.0079333291061156,0.39220506463097043,flip
1479,2025-12-22,0,1,0.0001814888939914,0.0001814888939914,0.3922762454943682,hold
1480,2025-12-23,1,1,-0.0013389838361685,-0.0013389838361685,0.39175099394233837,hold
1481,2025-12-24,-1,-1,-0.003817552133005,0.003817552133005,0.3924630217969851,flip
1482,2025-12-26,-1,-1,-0.0038476313101776,0.0038476313101776,0.39397307480773813,hold
1483,2025-12-29,-1,-1,-0.0001252789885528,0.0001252789885528,0.3940224313560671,hold
1484,2025-12-30,-1,-1,0.007353834224439,-0.007353834224439,0.3911248557151642,hold
1485,2025-12-31,0,-1,0.0006487344669803,-0.0006487344669803,0.39087111954036907,hold
1486,2026-01-01,-1,-1,0.0069607651702385,-0.0069607651702385,0.38815035746542037,hold
1487,2026-01-02,0,-1,-0.002972058760474,0.002972058760474,0.3893039631357066,hold
1488,2026-01-05,-1,-1,-0.0027276473171363,0.0027276473171363,0.3903658470463042,hold
