date,signal,position,market_return,pnl,equity,action
2020-01-01,-1,-1,0.0081838863379848,-0.0081838863379848,0.9908161136620152,enter
2020-01-02,0,-1,-0.0045227893866035,0.0045227893866035,0.9952973662649615,hold
2020-01-03,-1,-1,-0.0191058530729412,0.0191058530729412,1.0143133715087052,hold
2020-01-06,0,-1,0.0049945920012428,-0.0049945920012428,1.0092472900566143,hold
2020-01-07,0,-1,-0.0022899444111396,0.0022899444111396,1.0115584102479371,hold
2020-01-08,-1,-1,0.0158457581226116,-0.0158457581226116,0.9955295003522548,hold
2020-01-09,1,1,0.0033480474426501,0.0033480474426501,0.9968715213492875,flip
2020-01-10,1,1,0.0059354808073293,0.0059354808073293,1.0027884331316292,hold
2020-01-13,1,1,0.0026562202609821,0.0026562202609821,1.005452060085192,hold
2020-01-14,0,1,-0.0015369308543056,-0.0015369308543056,1.003906749791522,hold
2020-01-15,0,1,0.0009884063018437,0.0009884063018437,1.0048990175494794,hold
2020-01-16,-1,-1,-0.0002549788049855,0.0002549788049855,1.0031454474650063,flip
2020-01-17,-1,-1,-0.0103461939411514,0.0103461939411514,1.0135241848156624,hold
2020-01-20,0,-1,-0.0044746183856623,0.0044746183856623,1.018059318767352,hold
2020-01-21,0,-1,-0.0051725551893021,0.0051725551893021,1.0233252867796592,hold
2020-01-22,0,-1,0.0060667236352978,-0.0060667236352978,1.0171170550757551,hold
2020-01-23,1,1,0.0055745847042631,0.0055745847042631,1.0207528261432741,flip
2020-01-24,0,1,-0.0105525279121506,-0.0105525279121506,1.0099813034539906,hold
2020-01-27,0,1,-0.0052149678449129,-0.0052149678449129,1.004714283432515,hold
2020-01-28,0,1,0.0061132563999481,0.0061132563999481,1.0108563594558282,hold
2020-01-29,1,1,-0.007724984155365,-0.007724984155365,1.003047510095682,hold
2020-01-30,0,1,-0.0061234148547233,-0.0061234148547233,0.9969054340723688,hold
2020-01-31,1,1,-0.0212503847193161,-0.0212503847193161,0.9757208100695541,hold
2020-02-03,0,1,0.0232108226866707,0.0232108226866707,0.9983680927837733,hold
2020-02-04,1,1,0.0091405004678344,0.0091405004678344,1.0074936768029343,hold
2020-02-05,1,1,0.0040366612301674,0.0040366612301674,1.0115605874677236,hold
2020-02-06,0,1,-0.0032625431230384,-0.0032625431230384,1.008260327429544,hold
2020-02-07,-1,-1,-0.0055255147630383,0.0055255147630383,1.0118149640988827,flip
2020-02-10,1,1,0.0063500303889789,0.0063500303889789,1.0162163899407366,flip
2020-02-11,1,1,0.0077056964194832,0.0077056964194832,1.0240470449381232,hold
2020-02-12,0,1,-0.0021759994314084,-0.0021759994314084,1.0218187191506023,hold
2020-02-13,-1,-1,-0.0050268544351488,0.0050268544351488,1.0249116156725815,flip
2020-02-14,0,-1,-0.0055847334602637,0.0055847334602637,1.030635473866441,hold
2020-02-17,-1,-1,-0.0044247626186481,0.0044247626186481,1.0351957911846577,hold
2020-02-18,1,1,0.011123651500938,0.011123651500938,1.0446405568186643,flip
2020-02-19,0,1,-0.0037152524595064,-0.0037152524595064,1.0407594534206437,hold
2020-02-20,-1,-1,-0.0208138687990014,0.0208138687990014,1.06034016522862,flip
2020-02-24,0,-1,-0.0026628568617023,0.0026628568617023,1.0631636993133375,hold
2020-02-25,0,-1,-0.0101204779385897,0.0101204779385897,1.0739234240773476,hold
2020-02-26,0,-1,-0.0038703767874727,0.0038703767874727,1.0780799123694198,hold
2020-02-27,1,1,-0.0370960786649383,-0.0370960786649383,1.035931215308335,flip
2020-02-28,-1,-1,-0.0061597518244916,0.0061597518244916,1.0402404320712617,flip
2020-03-02,1,1,0.0153196474085468,0.0153196474085468,1.0540960678465654,flip
2020-03-03,-1,-1,-0.0046269501465237,0.0046269501465237,1.056865125666445,flip
2020-03-04,1,1,0.0015998577904186,0.0015998577904186,1.0564422293198312,flip
2020-03-05,-1,-1,-0.0248069753028219,0.0248069753028219,1.0805364811527867,flip
2020-03-06,1,1,-0.0489560433359516,-0.0489560433359516,1.0254766173930887,flip
2020-03-09,1,1,0.0006649981756232,0.0006649981756232,1.0261585574727994,hold
2020-03-11,1,1,-0.0830193880106471,-0.0830193880106471,0.9409675020295191,hold
2020-03-12,1,1,0.0380650761268936,0.0380650761268936,0.9767855016272057,hold
2020-03-13,1,1,-0.0761210010667908,-0.0761210010667908,0.9024316114158154,hold
2020-03-16,1,1,-0.0250451840905282,-0.0250451840905282,0.8798300455787943,hold
2020-03-17,1,1,-0.055564540272715,-0.055564540272715,0.8309426935780867,hold
2020-03-18,1,1,-0.0242477817531284,-0.0242477817531284,0.8107941764948486,hold
2020-03-19,1,1,0.0583291468584656,0.0583291468584656,0.8580871090876054,hold
2020-03-20,1,1,-0.1298046607047124,-0.1298046607047124,0.7467034030374012,hold
2020-03-23,1,1,0.0250714240251634,0.0250714240251634,0.7654243206759844,hold
2020-03-24,1,1,0.0662474689466749,0.0662474689466749,0.8161317445909965,hold
2020-03-25,1,1,0.0389043564303894,0.0389043564303894,0.8478828248767202,hold
2020-03-26,1,1,0.0021755381634551,0.0021755381634551,0.8497274263203777,hold
2020-03-27,1,1,-0.0437805364308189,-0.0437805364308189,0.8125259037760924,hold
2020-03-30,1,1,0.0382377227133605,0.0382377227133605,0.8435950439821053,hold
2020-03-31,1,1,-0.0400046750966822,-0.0400046750966822,0.8098472983344298,hold
2020-04-01,1,1,-0.0205965741867707,-0.0205965741867707,0.7931672183743289,hold
2020-04-03,1,1,0.0876321046711503,0.0876321046711503,0.8626741310766333,hold
2020-04-07,1,1,-0.0049419024075071,-0.0049419024075071,0.8584108797113715,hold
2020-04-08,1,1,0.0415088316188025,0.0415088316188025,0.894042512377059,hold
2020-04-09,1,1,-0.0129556707370791,-0.0129556707370791,0.8824595919617508,hold
2020-04-13,0,1,-0.0076218535626885,-0.0076218535626885,0.8757336141768285,hold
2020-04-15,-1,-1,0.0075627711647903,-0.0075627711647903,0.8673591740231407,flip
2020-04-16,-1,-1,0.0304632818768748,-0.0304632818768748,0.8409365670163804,hold
2020-04-17,0,-1,-0.0005288143766692,0.0005288143766692,0.8413812663628856,hold
2020-04-20,-1,-1,-0.0302746671440956,0.0302746671440956,0.8668538041432996,hold
2020-04-21,-1,-1,0.0229194177887257,-0.0229194177887257,0.846986019644393,hold
2020-04-22,-1,-1,0.0137799558770148,-0.0137799558770148,0.835314589665245,hold
2020-04-23,-1,-1,-0.0171249415723349,0.0171249415723349,0.8496193032077812,hold
2020-04-24,-1,-1,0.0139713589754586,-0.0139713589754586,0.8377489669301863,hold
2020-04-27,1,1,0.0106224306488902,0.0106224306488902,0.8449723992987213,flip
2020-04-28,-1,-1,0.0183830135241964,-0.0183830135241964,0.8277493154562428,flip
2020-04-29,-1,-1,0.032088303452139,-0.032088303452139,0.8011882442395826,hold
2020-04-30,-1,-1,-0.057444839013135,0.057444839013135,0.8472123739491417,hold
2020-05-04,-1,-1,-0.0094582655216011,0.0094582655216011,0.8552255335351387,hold
2020-05-05,-1,-1,0.0070935934671216,-0.0070935934671216,0.8491589112775383,hold
2020-05-06,-1,-1,-0.0077501195040513,0.0077501195040513,0.8557399943178693,hold
2020-05-07,1,1,0.0057016970693835,0.0057016970693835,0.85890768454699,flip
2020-05-08,1,1,-0.0013294930214019,-0.0013294930214019,0.8577657727743562,hold
2020-05-11,1,1,-0.0046162427183511,-0.0046162427183511,0.8538061177717357,hold
2020-05-12,1,1,0.0203337125303977,0.0203337125303977,0.871167165927201,hold
2020-05-13,1,1,-0.0256619093732747,-0.0256619093732747,0.8488113530662046,hold
2020-05-14,1,1,-0.0006453627874545,-0.0006453627874545,0.8482635618053668,hold
2020-05-15,1,1,-0.0343225097032598,-0.0343225097032598,0.8191490274743803,hold
2020-05-18,1,1,0.0063298228402233,0.0063298228402233,0.8243340956980344,hold
2020-05-19,1,1,0.021111396826158,0.021111396826158,0.8417369399096477,hold
2020-05-20,1,1,0.0043787544510012,0.0043787544510012,0.8454226992818492,hold
2020-05-21,1,1,-0.0073575840768702,-0.0073575840768702,0.8392024306913884,hold
2020-05-22,1,1,-0.0011284338094974,-0.0011284338094974,0.8382554462955838,hold
2020-05-26,1,1,0.0316645047717616,0.0316645047717616,0.8647983898747655,hold
2020-05-27,0,1,0.0188030435364687,0.0188030435364687,0.8810592316498489,hold
2020-05-28,0,1,0.0095046626511057,0.0095046626511057,0.8894334024223232,hold
2020-05-29,0,1,0.0256620973194605,0.0256620973194605,0.9122581289544638,hold
2020-06-01,0,1,0.0155655279707429,0.0155655279707429,0.9264579083772422,hold
2020-06-02,-1,-1,0.0082622880359908,-0.0082622880359908,0.9169503304682534,flip
2020-06-03,-1,-1,-0.0032251686810099,0.0032251686810099,0.9199076499561212,hold
2020-06-04,-1,-1,0.0112722762414605,-0.0112722762414605,0.909538196809183,hold
2020-06-05,-1,-1,0.0024945207587225,-0.0024945207587225,0.9072693348963915,hold
2020-06-08,-1,-1,-0.0118810323499978,0.0118810323499978,0.9180486312144566,hold
2020-06-09,-1,-1,0.0069177285262014,-0.0069177285262014,0.9116978200098641,hold
2020-06-10,1,1,-0.021169158460066,-0.021169158460066,0.8905745487503589,flip
2020-06-11,-1,-1,0.0071602091117954,-0.0071602091117954,0.8824166996541628,flip
2020-06-12,-1,-1,-0.0159632793948444,0.0159632793948444,0.8965029639734187,hold
2020-06-15,-1,-1,0.010220386061458,-0.010220386061458,0.887340357576369,hold
2020-06-16,-1,-1,-0.0033134566648174,0.0033134566648174,0.8902805213981418,hold
2020-06-17,1,1,0.0213031875518985,0.0213031875518985,0.9074657732764921,flip
2020-06-18,-1,-1,0.0151362754442923,-0.0151362754442923,0.8919151898293585,flip
2020-06-19,-1,-1,0.0065206163504338,-0.0065206163504338,0.8860993530593569,hold
2020-06-22,-1,-1,0.0154976919912916,-0.0154976919912916,0.8723668582119602,hold
2020-06-23,-1,-1,-0.0158246772335498,0.0158246772335498,0.8861717821724103,hold
2020-06-24,1,1,-0.0015913572989929,-0.0015913572989929,0.882989222674344,flip
2020-06-25,0,1,0.0091457401473864,0.0091457401473864,0.8910648126578663,hold
2020-06-26,0,1,-0.0067995386087835,-0.0067995386087835,0.8850059830612708,hold
2020-06-29,1,1,-0.0009988732845714,-0.0009988732845714,0.884121974228105,hold
2020-06-30,1,1,0.0124198173347171,0.0124198173347171,0.8951026076496276,hold
2020-07-01,0,1,0.0116634525148986,0.0116634525148986,0.9055425944099109,hold
2020-07-02,0,1,0.0052739760448483,0.0052739760448483,0.9103184043604187,hold
2020-07-03,0,1,0.014735139974255,0.014735139974255,0.9237320734698099,hold
2020-07-06,1,1,0.0033445902359812,0.0033445902359812,0.9268215787433997,hold
2020-07-07,-1,-1,-0.008694762073642,0.008694762073642,0.933026428697804,flip
2020-07-08,-1,-1,0.0100600327219018,-0.0100600327219018,0.9236401522947049,hold
2020-07-09,-1,-1,-0.0041985110954393,0.0041985110954393,0.9275180657223073,hold
2020-07-10,-1,-1,0.0032178891492418,-0.0032178891492418,0.9245334154028938,hold
2020-07-13,-1,-1,-0.0180834960154004,0.0180834960154004,0.9412522117364366,hold
2020-07-14,1,1,0.0010229309240368,0.0010229309240368,0.9403325433076669,flip
2020-07-15,1,1,0.0114661616621005,0.0114661616621005,0.9511145482653668,hold
2020-07-16,1,1,0.0150605912558696,0.0150605912558696,0.9654388957143026,hold
2020-07-17,0,1,0.0110533217609316,0.0110533217609316,0.9761102024691514,hold
2020-07-20,0,1,0.0127061568657644,0.0127061568657644,0.9885128118199975,hold
2020-07-21,1,1,-0.0026563094918139,-0.0026563094918139,0.9858870158551803,hold
2020-07-22,1,1,0.0074421598588463,0.0074421598588463,0.9932241446299356,hold
2020-07-23,1,1,-0.0018991484351116,-0.0018991484351116,0.9913378645499465,hold
2020-07-24,-1,-1,-0.0055699256988469,0.0055699256988469,0.9948768670688434,flip
2020-07-27,1,1,0.0151592736988444,0.0151592736988444,1.0079687240592512,flip
2020-07-28,1,1,-0.0086456143286032,-0.0086456143286032,0.9992542152157406,hold
2020-07-29,1,1,-0.0089887146807479,-0.0089887146807479,0.9902722041816316,hold
2020-07-30,-1,-1,-0.0025851023723058,0.0025851023723058,0.9908516147975268,flip
2020-07-31,-1,-1,-0.0164222155452939,0.0164222155452939,1.0071235935891345,hold
2020-08-03,-1,-1,0.0186979321613793,-0.0186979321613793,0.9882924649580803,hold
2020-08-04,1,1,0.0005768586219327,0.0005768586219327,0.9868859850575664,flip
2020-08-05,-1,-1,0.0088725546683743,-0.0088725546683743,0.9761560132335756,flip
2020-08-06,1,1,0.001241002448872,0.001241002448872,0.9754151132100125,flip
2020-08-07,1,1,0.005002705259437,0.005002705259437,0.9802948275270026,hold
2020-08-10,1,1,0.0046449787767293,0.0046449787767293,0.9848482761958031,hold
2020-08-11,1,1,-0.0012452735151247,-0.0012452735151247,0.9836218707210402,hold
2020-08-12,-1,-1,-0.000703034473301,0.000703034473301,0.9823461470634078,flip
2020-08-13,-1,-1,-0.0108004373788689,0.0108004373788689,0.9929559151091393,hold
2020-08-14,-1,-1,0.0061457110453491,-0.0061457110453491,0.9868534949741083,hold
2020-08-17,1,1,0.0122920579350753,0.0122920579350753,0.9970102483178135,flip
2020-08-18,1,1,0.0020246002135075,0.0020246002135075,0.999028795479427,hold
2020-08-19,1,1,-0.008432399987605,-0.008432399987605,0.9906045850768093,hold
2020-08-20,-1,-1,0.0052509160938571,-0.0052509160938571,0.9834217943482272,flip
2020-08-21,0,-1,0.0083410064718865,-0.0083410064718865,0.9752190667969743,hold
2020-08-24,1,1,0.0005058064691958,0.0005058064691958,0.9737619007762495,flip
2020-08-25,0,1,0.0067423225064831,0.0067423225064831,0.9803273175558089,hold
2020-08-26,1,1,0.0008355606212675,0.0008355606212675,0.9811464404583115,hold
2020-08-27,0,1,0.0076431956549949,0.0076431956549949,0.9886455346689361,hold
2020-08-28,0,1,-0.0223307478019462,-0.0223307478019462,0.9665683405687239,hold
2020-08-31,-1,-1,0.0072667398463226,-0.0072667398463226,0.9576114032129818,flip
2020-09-01,1,1,0.0056450382511279,0.0056450382511279,0.9611019334074093,flip
2020-09-02,1,1,-0.0006545127600779,-0.0006545127600779,0.9604728799282587,hold
2020-09-03,-1,-1,-0.0167947449485598,0.0167947449485598,0.9746828312168059,flip
2020-09-04,-1,-1,0.0018705202595032,-0.0018705202595032,0.972859667234425,hold
2020-09-07,1,1,-0.0033201259317187,-0.0033201259317187,0.9676839312908478,flip
2020-09-08,-1,-1,-0.0034769279675166,0.0034769279675166,0.9691131307526878,flip
2020-09-09,-1,-1,0.0151844298634509,-0.0151844298634509,0.9543977003890243,hold
2020-09-10,1,1,0.0013276149365679,0.0013276149365679,0.9537559776307089,flip
2020-09-11,-1,-1,-0.0021283524468515,0.0021283524468515,0.9538783945441369,flip
2020-09-14,1,1,0.0071459479106903,0.0071459479106903,0.958787003075594,flip
2020-09-15,0,1,0.0071820376506051,0.0071820376506051,0.9656730474305937,hold
2020-09-16,0,1,-0.0076220272911209,-0.0076220272911209,0.9583126611087778,hold
2020-09-17,-1,-1,-0.0009681588767627,0.0009681588767627,0.9573238346961268,flip
2020-09-18,-1,-1,-0.0221122548386738,0.0221122548386738,0.9784924232920641,hold
2020-09-21,-1,-1,-0.0086128603263573,0.0086128603263573,0.9869200418642775,hold
2020-09-22,-1,-1,-0.0019545871070447,0.0019545871070447,0.9888490630537895,hold
2020-09-23,-1,-1,-0.0293122720965164,0.0293122720965164,1.0178344758524076,hold
2020-09-24,1,1,0.0226457884823545,0.0226457884823545,1.0388484711509045,flip
2020-09-25,-1,-1,0.0160448681873712,-0.0160448681873712,1.0201025874223344,flip
2020-09-28,1,1,-0.0004586409458945,-0.0004586409458945,1.017594521431885,flip
2020-09-29,-1,-1,0.0022410013176423,-0.0022410013176423,1.0132789017256667,flip
2020-09-30,-1,-1,0.0150610927327836,-0.0150610927327836,0.9980178142226034,hold
2020-10-01,1,1,0.0075676439490797,0.0075676439490797,1.0035744220670337,flip
2020-10-05,1,1,0.0138264754746197,0.0138264754746197,1.0174503192006994,hold
2020-10-06,1,1,0.0065551872847253,0.0065551872847253,1.0241198965959637,hold
2020-10-07,1,1,0.0081566766068399,0.0081566766068399,1.0324733113991273,hold
2020-10-08,1,1,0.0067260903253916,0.0067260903253916,1.039417820150154,hold
2020-10-09,1,1,0.0014058853909966,0.0014058853909966,1.0408791224786447,hold
2020-10-12,1,1,0.0002975290843887,0.0002975290843887,1.0411888142909151,hold
2020-10-13,-1,-1,0.0030625333853533,-0.0030625333853533,1.035917761158111,flip
2020-10-14,-1,-1,-0.0242836008583533,0.0242836008583533,1.0610735745921536,hold
2020-10-15,-1,-1,0.007028949362235,-0.007028949362235,1.0536153421667396,hold
2020-10-16,-1,-1,0.0094027696218492,-0.0094027696218492,1.0437084398343,hold
2020-10-19,1,1,0.0020003285078973,0.0020003285078973,1.043708782700765,flip
2020-10-20,1,1,0.0034337457642519,0.0034337457642519,1.0472926133124763,hold
2020-10-21,1,1,-0.0034512817819539,-0.0034512817819539,1.043678111395776,hold
2020-10-22,1,1,0.0028495402835257,0.0028495402835257,1.0466521142172325,hold
2020-10-23,-1,-1,-0.0136290733045432,0.0136290733045432,1.0588237083778198,flip
2020-10-26,0,-1,0.0103376083469652,-0.0103376083469652,1.0478780035721287,hold
2020-10-27,1,1,-0.0134406089457635,-0.0134406089457635,1.031698129096104,flip
2020-10-28,0,1,-0.0050129421843609,-0.0050129421843609,1.026526286023232,hold
2020-10-29,0,1,-0.0024333734223676,-0.0024333734223676,1.0240283642414614,hold
2020-10-30,0,1,0.0022976361491175,0.0022976361491175,1.0263812088288644,hold
2020-11-02,1,1,0.0123701901631991,0.0123701901631991,1.0390777395620117,hold
2020-11-03,1,1,0.008041647267956,0.008041647267956,1.0474336362275545,hold
2020-11-04,1,1,0.0177855989156905,0.0177855989156905,1.066062870772301,hold
2020-11-05,1,1,0.0118190145712895,0.0118190145712895,1.0786626833758697,hold
2020-11-06,0,1,0.0161046355374614,0.0161046355374614,1.0960341527594983,hold
2020-11-09,0,1,0.0136465071043638,0.0136465071043638,1.1109911906117562,hold
2020-11-10,-1,-1,0.0093460415087203,-0.0093460415087203,1.0983858384472527,flip
2020-11-11,-1,-1,-0.0045768215253314,0.0045768215253314,1.1034129543957774,hold
2020-11-12,-1,-1,0.0022969703307613,-0.0022969703307613,1.1008784475769526,hold
2020-11-13,-1,-1,0.0121266198083733,-0.0121266198083733,1.0875285131879548,hold
2020-11-17,-1,-1,0.0049750511655721,-0.0049750511655721,1.0821180031908262,hold
2020-11-18,-1,-1,-0.0128726686134137,0.0128726686134137,1.0960477496465106,hold
2020-11-19,-1,-1,0.0068393094137191,-0.0068393094137191,1.0885515399544676,hold
2020-11-20,-1,-1,0.005241475198302,-0.005241475198302,1.0828459240557229,hold
2020-11-23,-1,-1,0.0099563448098976,-0.0099563448098976,1.072064736659832,hold
2020-11-24,-1,-1,-0.0150706804680923,0.0150706804680923,1.0882214817471416,hold
2020-11-25,0,-1,0.0100012136399767,-0.0100012136399767,1.0773379462205763,hold
2020-11-26,-1,-1,-0.0013898363507738,0.0013898363507738,1.0788352696603016,hold
2020-11-27,-1,-1,0.0108026946873185,-0.0108026946873185,1.0671809416242504,hold
2020-12-01,-1,-1,0.0003585458429504,-0.0003585458429504,1.0667983083339552,hold
2020-12-02,-1,-1,0.00153658492994,-0.00153658492994,1.0651590821300838,hold
2020-12-03,-1,-1,0.0094906623588735,-0.0094906623588735,1.0550500169230996,hold
2020-12-04,-1,-1,0.0073311332494399,-0.0073311332494399,1.0473153046642125,hold
2020-12-07,0,-1,0.0027853318093331,-0.0027853318093331,1.04439818403173,hold
2020-12-08,-1,-1,0.0101657522858669,-0.0101657522858669,1.0337810908050542,hold
2020-12-09,0,-1,-0.0037548548058806,0.0037548548058806,1.037662788702092,hold
2020-12-10,-1,-1,0.0026375585350264,-0.0026375585350264,1.0349258923572713,hold
2020-12-11,-1,-1,0.0032781762806703,-0.0032781762806703,1.031533222844694,hold
2020-12-14,-1,-1,0.0007153791977927,-0.0007153791977927,1.030795285435239,hold
2020-12-15,-1,-1,0.008464907059269,-0.008464907059269,1.022069699146897,hold
2020-12-16,-1,-1,0.0042389293905504,-0.0042389293905504,1.0177372178599922,hold
2020-12-17,-1,-1,0.0014445849987885,-0.0014445849987885,1.0162670099423627,hold
2020-12-18,-1,-1,-0.0314049525779333,0.0314049525779333,1.0481828271961207,hold
2020-12-21,0,-1,0.0103462838766079,-0.0103462838766079,1.0373380301113642,hold
2020-12-22,-1,-1,0.0100101591857162,-0.0100101591857162,1.026954111300552,hold
2020-12-23,-1,-1,0.0108925303747413,-0.0108925303747413,1.0157679824497454,hold
2020-12-24,-1,-1,0.0090150513891666,-0.0090150513891666,1.0066107818884908,hold
2020-12-28,-1,-1,0.0042815942411449,-0.0042815942411449,1.0023008829616826,hold
2020-12-29,-1,-1,0.0035420946069744,-0.0035420946069744,0.9987506384095783,hold
2020-12-30,-1,-1,-1.4318125132972703e-05,1.4318125132972703e-05,0.9987649386461959,hold
2020-12-31,-1,-1,0.0026284263414808,-0.0026284263414808,0.9961397585725108,hold
2021-01-01,-1,-1,0.0081606727271106,-0.0081606727271106,0.9880105880123375,hold
2021-01-04,0,-1,0.0047123808655142,-0.0047123808655142,0.9833547058224628,hold
2021-01-05,-1,-1,-0.0037501320469031,0.0037501320469031,0.9870424158182406,hold
2021-01-06,-1,-1,-0.000629169612088,0.000629169612088,0.9876634329121152,hold
2021-01-07,-1,-1,0.014847223590326,-0.014847223590326,0.9729993730916802,hold
2021-01-08,-1,-1,0.0095837181341371,-0.0095837181341371,0.9636744213552775,hold
2021-01-11,-1,-1,0.0054333140242324,-0.0054333140242324,0.9584384756069337,hold
2021-01-12,-1,-1,9.609083312889231e-05,-9.609083312889231e-05,0.9583463784553099,hold
2021-01-13,-1,-1,0.002111247340323,-0.002111247340323,0.956323072212688,hold
2021-01-14,-1,-1,-0.0110923441582015,0.0110923441582015,0.9669309368560998,hold
2021-01-15,-1,-1,-0.0105586501425666,0.0105586501425666,0.9771404223303874,hold
2021-01-18,-1,-1,0.0167947308170628,-0.0167947308170628,0.9607296119668775,hold
2021-01-19,-1,-1,0.008508265623863,-0.008508265623863,0.9525554692355525,hold
2021-01-20,-1,-1,-0.0037112802046228,0.0037112802046228,0.9560906694923316,hold
2021-01-21,-1,-1,-0.0149721716475961,0.0149721716475961,0.9704054231066358,hold
2021-01-22,0,-1,-0.0092541693433081,0.0092541693433081,0.9793857192237292,hold
2021-01-25,-1,-1,-0.0190604880418779,0.0190604880418779,0.9980532890133791,hold
2021-01-27,0,-1,-0.0107356502819043,0.0107356502819043,1.008768040086931,hold
2021-01-28,0,-1,-0.0132404223540728,0.0132404223540728,1.0221245549949722,hold
2021-01-29,-1,-1,0.0474235111013383,-0.0474235111013383,0.9736518198142177,hold
2021-02-01,-1,-1,0.0256735714819573,-0.0256735714819573,0.9486547002196796,hold
2021-02-02,-1,-1,0.0097011226717231,-0.0097011226717231,0.9394516845997418,hold
2021-02-03,-1,-1,0.0071467580293813,-0.0071467580293813,0.9327376507296129,hold
2021-02-04,-1,-1,0.0019199973566108,-0.0019199973566108,0.9309467969058007,hold
2021-02-05,-1,-1,0.0128348027329681,-0.0128348027329681,0.9189982784126263,hold
2021-02-08,-1,-1,-0.0004300136336804,0.0004300136336804,0.9193934602016725,hold
2021-02-09,-1,-1,-0.0001853034041081,0.0001853034041081,0.9195638269395626,hold
2021-02-10,-1,-1,0.0044219246475027,-0.0044219246475027,0.9154975849882667,hold
2021-02-11,-1,-1,-0.0006590524229219,0.0006590524229219,0.9161009458898325,hold
2021-02-12,-1,-1,0.0099846598415338,-0.0099846598415338,0.9069539895646151,hold
2021-02-15,-1,-1,-8.162092525865194e-05,8.162092525865194e-05,0.9070280159884103,hold
2021-02-16,-1,-1,-0.0068273186874309,0.0068273186874309,0.9132205853119912,hold
2021-02-17,-1,-1,-0.0059143128695843,0.0059143128695843,0.9186216575724712,hold
2021-02-18,-1,-1,-0.0090747170630297,0.0090747170630297,0.9269578892029127,hold
2021-02-19,-1,-1,-0.0204281745915864,0.0204281745915864,0.9458939468025982,hold
2021-02-22,-1,-1,0.0021872625461001,-0.0021872625461001,0.943825028400174,hold
2021-02-23,-1,-1,0.0186431824578623,-0.0186431824578623,0.9262291261874125,hold
2021-02-24,-1,-1,0.0076992130139501,-0.0076992130139501,0.9190978908451708,hold
2021-02-25,1,1,-0.0376356932475859,-0.0376356932475859,0.8826688087791285,flip
2021-02-26,-1,-1,0.0159953891187234,-0.0159953891187234,0.8667848401021879,flip
2021-03-01,-1,-1,0.0106729853417877,-0.0106729853417877,0.8575336582092935,hold
2021-03-02,-1,-1,0.0218846987116321,-0.0218846987116321,0.8387667924642994,hold
2021-03-03,1,1,-0.0108129305241382,-0.0108129305241382,0.8280197318265001,flip
2021-03-04,-1,-1,-0.0094591045289524,0.0094591045289524,0.8341960175582293,flip
2021-03-05,0,-1,0.0012117060677612,-0.0012117060677612,0.8331852171820517,hold
2021-03-08,-1,-1,0.0095077756017913,-0.0095077756017913,0.8252634791023551,hold
2021-03-09,0,-1,0.0050600998838219,-0.0050600998838219,0.8210875634676268,hold
2021-03-10,-1,-1,-0.0094795062357636,0.0094795062357636,0.828871068145626,hold
2021-03-12,-1,-1,-0.006749419963093,0.006749419963093,0.8344654670797984,hold
2021-03-15,-1,-1,-0.0012759841044576,0.0012759841044576,0.835530231751511,hold
2021-03-16,-1,-1,-0.0126857598628687,0.0126857598628687,0.8461295676296776,hold
2021-03-17,0,-1,-0.0111029730717429,0.0111029730717429,0.8555241214342754,hold
2021-03-18,0,-1,0.0127869428260285,-0.0127869428260285,0.844584583407207,hold
2021-03-19,-1,-1,-0.0005154374236977,0.0005154374236977,0.8450199139089732,hold
2021-03-22,-1,-1,0.0053167399974314,-0.0053167399974314,0.8405271627340674,hold
2021-03-23,-1,-1,-0.0179111769942118,0.0179111769942118,0.8555819935142398,hold
2021-03-24,-1,-1,-0.0154301891468089,0.0154301891468089,0.8687837855047684,hold
2021-03-25,0,-1,0.0127330319296232,-0.0127330319296232,0.8577215338239973,hold
2021-03-26,-1,-1,0.0232848158675504,-0.0232848158675504,0.8377496458432726,hold
2021-03-30,1,1,-0.0104006990943323,-0.0104006990943323,0.8273609645687867,flip
2021-03-31,-1,-1,0.0120245741669184,-0.0120245741669184,0.8157575793583787,flip
2021-04-01,-1,-1,-0.015439860548026,0.015439860548026,0.8283527626246673,hold
2021-04-05,-1,-1,0.0031220672452334,-0.0031220672452334,0.8257665895969781,hold
2021-04-06,-1,-1,0.0092314369658119,-0.0092314369658119,0.8181435773766402,hold
2021-04-07,1,1,0.0036945688638336,0.0036945688638336,0.8195299780090082,flip
2021-04-08,-1,-1,-0.0026187118170183,0.0026187118170183,0.820037030890803,flip
2021-04-09,-1,-1,-0.0353255893040076,0.0353255893040076,0.8490053222581294,hold
2021-04-12,0,-1,0.0135561955060299,-0.0135561955060299,0.8374960401239383,hold
2021-04-13,-1,-1,0.0052844845607746,-0.0052844845607746,0.8330703052301935,hold
2021-04-15,0,-1,0.0024962821650071,-0.0024962821650071,0.8309907266850504,hold
2021-04-16,-1,-1,-0.0176769785548196,0.0176769785548196,0.845680131939916,hold
2021-04-19,0,-1,-0.004390823034999,0.004390823034999,0.8493933637434787,hold
2021-04-20,-1,-1,0.0076767575754221,-0.0076767575754221,0.8428727768038478,hold
2021-04-22,-1,-1,-0.0044981330537942,0.0044981330537942,0.8466641307013324,hold
2021-04-23,-1,-1,0.0100165182871698,-0.0100165182871698,0.8381835039530718,hold
2021-04-26,-1,-1,0.011601643402658,-0.011601643402658,0.828459197834218,hold
2021-04-27,1,1,0.014433855260107,0.014433855260107,0.8387601395889931,flip
2021-04-28,1,1,0.0020418099664161,0.0020418099664161,0.8404727284014385,hold
2021-04-29,0,1,-0.0177108120451774,-0.0177108120451774,0.8255872738796232,hold
2021-04-30,0,1,0.0002085134632017,0.0002085134632017,0.8257594199412751,hold
2021-05-03,-1,-1,-0.0094061074234402,0.0094061074234402,0.8318750829112779,flip
2021-05-04,0,-1,0.0083709591539336,-0.0083709591539336,0.8249114905710524,hold
2021-05-05,-1,-1,0.0073164109749706,-0.0073164109749706,0.818876099088059,hold
2021-05-06,0,-1,0.0066792477481554,-0.0066792477481554,0.8134066227472068,hold
2021-05-07,0,-1,0.0080414227481215,-0.0080414227481215,0.8068656762275748,hold
2021-05-10,0,-1,-0.0061302011912188,0.0061302011912188,0.8118119251571386,hold
2021-05-11,0,-1,-0.0103866808073666,0.0103866808073666,0.8202439564993595,hold
2021-05-12,-1,-1,-0.0012724250884564,0.0012724250884564,0.8212876554882641,hold
2021-05-14,-1,-1,0.0167157604819725,-0.0167157604819725,0.8075592077523215,hold
2021-05-17,0,-1,0.012393443335275,-0.012393443335275,0.7975507684711635,hold
2021-05-18,0,-1,-0.0051594324081388,0.0051594324081388,0.8016656777531496,hold
2021-05-19,-1,-1,-0.0082567760609306,0.0082567760609306,0.8082848517300916,hold
2021-05-20,-1,-1,0.0180631356749747,-0.0180631356749747,0.7936846927892641,hold
2021-05-21,0,-1,0.0014761086049899,-0.0014761086049899,0.7925131279845891,hold
2021-05-24,0,-1,0.0007073438653115,-0.0007073438653115,0.7919525486853304,hold
2021-05-25,-1,-1,0.0061150215048646,-0.0061150215048646,0.7871097418192872,hold
2021-05-26,-1,-1,0.0023788211965458,-0.0023788211965458,0.7852373484814398,hold
2021-05-27,-1,-1,0.006376433707514,-0.006376433707514,0.7802303345841839,hold
2021-05-28,-1,-1,0.0095330880357249,-0.0095330880357249,0.7727923301164498,hold
2021-05-31,-1,-1,-0.0005101904286871,0.0005101904286871,0.773186601366638,hold
2021-06-01,-1,-1,8.67158252806366e-05,-8.67158252806366e-05,0.7731195538524045,hold
2021-06-02,-1,-1,0.0073284506253876,-0.0073284506253876,0.7674537853744755,hold
2021-06-03,-1,-1,-0.0012810173052479,0.0012810173052479,0.7684369069545183,hold
2021-06-04,-1,-1,0.0051945814919991,-0.0051945814919991,0.7644451988198833,hold
2021-06-07,-1,-1,-0.0007333060957773,0.0007333060957773,0.7650057711440655,hold
2021-06-08,-1,-1,-0.0066549769442125,0.0066549769442125,0.7700968669132189,hold
2021-06-09,-1,-1,0.006549286916079,-0.006549286916079,0.7650532815786307,hold
2021-06-10,-1,-1,0.0039141306333496,-0.0039141306333496,0.7620587630930592,hold
2021-06-11,-1,-1,0.0007911718082738,-0.0007911718082738,0.761455843683452,hold
2021-06-14,-1,-1,0.0036302135450976,-0.0036302135450976,0.7586915963657186,hold
2021-06-15,-1,-1,-0.0064086327528081,0.0064086327528081,0.7635537721794682,hold
2021-06-16,-1,-1,-0.0048295020472909,0.0048295020472909,0.7672413566854256,hold
2021-06-17,-1,-1,-0.0005130696464038,0.0005130696464038,0.7676350049370065,hold
2021-06-18,-1,-1,0.0040265882096546,-0.0040265882096546,0.764544054876809,hold
2021-06-21,0,-1,0.0016670371193598,-0.0016670371193598,0.7632695315579435,hold
2021-06-22,-1,-1,-0.0054397492312691,0.0054397492312691,0.7674215264054869,hold
2021-06-23,-1,-1,0.0065978407983298,-0.0065978407983298,0.7623582013490522,hold
2021-06-24,1,1,0.0044266891189239,0.0044266891189239,0.7642082077009884,flip
2021-06-25,0,1,-0.0028782098242977,-0.0028782098242977,0.7620086561297745,hold
2021-06-28,-1,-1,-0.0041891404314852,0.0041891404314852,0.7636768000880498,flip
2021-06-29,-1,-1,-0.0017112919035373,0.0017112919035373,0.7649836740129599,hold
2021-06-30,-1,-1,-0.002639697229908,0.002639697229908,0.7670029992981768,hold
2021-07-01,-1,-1,0.0026913389867666,-0.0026913389867666,0.7649387342231988,hold
2021-07-02,-1,-1,0.007133188273225,-0.007133188273225,0.7594822822145023,hold
2021-07-05,1,1,-0.0010167521731027,-0.0010167521731027,0.7571911123891987,flip
2021-07-06,-1,-1,0.0038816171589777,-0.0038816171589777,0.752737604149945,flip
2021-07-07,0,-1,-0.0095562557277451,0.0095562557277451,0.7599309571910919,hold
2021-07-08,-1,-1,-0.0024224839292732,0.0024224839292732,0.7617718777222446,hold
2021-07-09,-1,-1,0.0001784474449868,-0.0001784474449868,0.7616359414770023,hold
2021-07-12,-1,-1,0.0076309854951284,-0.0076309854951284,0.7558239086550228,hold
2021-07-13,0,-1,0.0026308921169333,-0.0026308921169333,0.7538354174919526,hold
2021-07-14,-1,-1,0.0044310723280038,-0.0044310723280038,0.7504951182336348,hold
2021-07-15,1,1,-5.0225736783704455e-05,-5.0225736783704455e-05,0.7489564338269017,flip
2021-07-16,-1,-1,-0.0107389122803617,0.0107389122803617,0.7555014984039274,flip
2021-07-19,-1,-1,-0.0076369809214345,0.0076369809214345,0.7612712489333534,hold
2021-07-20,-1,-1,0.0122792331234495,-0.0122792331234495,0.7519234217975213,hold
2021-07-22,0,-1,0.0020222383267853,-0.0020222383267853,0.7504028534351548,hold
2021-07-23,-1,-1,-0.0019929055322251,0.0019929055322251,0.7518983354331633,hold
2021-07-26,-1,-1,-0.0049290812026508,0.0049290812026508,0.7556045033846513,hold
2021-07-27,-1,-1,-0.0023528988583426,0.0023528988583426,0.7573823643580236,hold
2021-07-28,-1,-1,0.0043954449546468,-0.0043954449546468,0.7540533318658676,hold
2021-07-29,0,-1,-0.0009760394990868,0.0009760394990868,0.7547893177021867,hold
2021-07-30,-1,-1,0.0077460001364197,-0.0077460001364197,0.7489427195442975,hold
2021-08-02,1,1,0.0154609558824161,0.0154609558824161,0.75902420445054,flip
2021-08-03,0,1,0.0079382424678022,0.0079382424678022,0.7650495226243991,hold
2021-08-04,0,1,0.0022018725316477,0.0022018725316477,0.7667340641536159,hold
2021-08-05,0,1,-0.0034612335015614,-0.0034612335015614,0.7640802185239791,hold
2021-08-06,-1,-1,0.0012347307242392,-0.0012347307242392,0.7616086247653362,flip
2021-08-09,0,-1,0.0013439090538649,-0.0013439090538649,0.7605850920390125,hold
2021-08-10,-1,-1,0.0001320870680521,-0.0001320870680521,0.7604846285842009,hold
2021-08-11,-1,-1,0.0050453954843463,-0.0050453954843463,0.7566476828732274,hold
2021-08-12,-1,-1,0.0100644823408473,-0.0100644823408473,0.7490324156307067,hold
2021-08-13,-1,-1,0.0020540242770237,-0.0020540242770237,0.7474938848647235,hold
2021-08-16,-1,-1,0.0031122785775283,-0.0031122785775283,0.7451674756600256,hold
2021-08-17,-1,-1,-0.0027536023181795,0.0027536023181795,0.7472193705484351,hold
2021-08-18,-1,-1,-0.0071428984006249,0.0071428984006249,0.7525566825952416,hold
2021-08-20,-1,-1,0.0027931806783987,-0.0027931806783987,0.7504546558100167,hold
2021-08-23,-1,-1,0.0077683620836017,-0.0077683620836017,0.7446248523163598,hold
2021-08-24,-1,-1,0.0006045728309951,-0.0006045728309951,0.7441746723613656,hold
2021-08-25,-1,-1,0.0001352598309651,-0.0001352598309651,0.7440740154209735,hold
2021-08-26,-1,-1,0.00410526158848,-0.00410526158848,0.7410193969464797,hold
2021-08-27,-1,-1,0.0135198365217041,-0.0135198365217041,0.7310009358403515,hold
2021-08-30,1,1,0.0118804461754233,0.0118804461754233,0.7382235512411063,flip
2021-08-31,1,1,-0.0032657347743637,-0.0032657347743637,0.735812708918564,hold
2021-09-01,-1,-1,0.009246783727399,-0.009246783727399,0.7275371825174853,flip
2021-09-02,-1,-1,0.0051902308336972,-0.0051902308336972,0.7237610966001219,hold
2021-09-03,-1,-1,0.0031287476677577,-0.0031287476677577,0.7214966307571204,hold
2021-09-06,-1,-1,-0.0009035189246697,0.0009035189246697,0.722148516617095,hold
2021-09-07,-1,-1,-0.0004953092983268,0.0004953092983268,0.7225062034921484,hold
2021-09-08,-1,-1,0.0009075978909154,-0.0009075978909154,0.7218504583856856,hold
2021-09-09,-1,-1,-0.0008030985074197,0.0008030985074197,0.7224301754113953,hold
2021-09-13,-1,-1,0.001423151293159,-0.001423151293159,0.7214020479730415,hold
2021-09-14,-1,-1,0.0080235453826236,-0.0080235453826236,0.7156138459020122,hold
2021-09-15,-1,-1,0.0062816347635072,-0.0062816347635072,0.711118621090347,hold
2021-09-16,-1,-1,-0.0025156476006126,0.0025156476006126,0.7129075449432438,hold
2021-09-17,-1,-1,-0.010705054879733,0.010705054879733,0.7205392593360369,hold
2021-09-20,-1,-1,0.0094901738624639,-0.0094901738624639,0.713701216490207,hold
2021-09-21,-1,-1,-0.0008740239935656,0.0008740239935656,0.7143250084776565,hold
2021-09-22,-1,-1,0.0157465283671818,-0.0157465283671818,0.7030768694682756,hold
2021-09-23,-1,-1,0.0016972499684944,-0.0016972499684944,0.7018835722737214,hold
2021-09-24,-1,-1,0.0001064453827974,-0.0001064453827974,0.7018088600081915,hold
2021-09-27,-1,-1,-0.0059646824901542,0.0059646824901542,0.7059949270269175,hold
2021-09-28,-1,-1,-0.0021015082285871,0.0021015082285871,0.7074785811754053,hold
2021-09-29,-1,-1,-0.0052593760207388,0.0052593760207388,0.7111994770604256,hold
2021-09-30,-1,-1,-0.0048869834497958,0.0048869834497958,0.7146750971343233,hold
2021-10-01,-1,-1,0.0090804675811375,-0.0090804675811375,0.7081855130837488,hold
2021-10-04,0,-1,0.0074076609199462,-0.0074076609199462,0.7029395149344063,hold
2021-10-05,0,-1,-0.0098921448702895,0.0098921448702895,0.7098930944511885,hold
2021-10-06,-1,-1,0.0081803020160375,-0.0081803020160375,0.7040859545394784,hold
2021-10-07,0,-1,0.0058936227604964,-0.0058936227604964,0.6999363375324587,hold
2021-10-08,0,-1,0.0028359561343596,-0.0028359561343596,0.6979513487823723,hold
2021-10-11,0,-1,0.0025632525445875,-0.0025632525445875,0.6961623232116076,hold
2021-10-12,-1,-1,0.0094375978492116,-0.0094375978492116,0.6895922231673636,hold
2021-10-13,0,-1,0.0097347877407187,-0.0097347877407187,0.6828791892471789,hold
2021-10-14,1,1,0.0075523961327199,0.0075523961327199,0.6866708050166699,flip
2021-10-18,-1,-1,-0.0031553077349963,0.0031553077349963,0.6874641211091018,flip
2021-10-19,-1,-1,-0.00826062521208,0.00826062521208,0.6931430045603361,hold
2021-10-20,-1,-1,-0.0048449082967022,0.0048449082967022,0.6965012188539315,hold
2021-10-21,-1,-1,-0.0034766680845673,0.0034766680845673,0.6989227224123831,hold
2021-10-22,-1,-1,0.0005796333280105,-0.0005796333280105,0.698517603508769,hold
2021-10-25,-1,-1,0.0078894808897,-0.0078894808897,0.6930066622247676,hold
2021-10-26,-1,-1,-0.0031448386638428,0.0031448386638428,0.6951860563704327,hold
2021-10-27,-1,-1,-0.0194223384240636,0.0194223384240636,0.7086881952249494,hold
2021-10-28,0,-1,-0.0103935157639054,0.0103935157639054,0.7160539571537137,hold
2021-10-29,-1,-1,0.0145996550575078,-0.0145996550575078,0.705599816376706,hold
2021-11-01,-1,-1,-0.0022700482713416,0.0022700482713416,0.7072015620201308,hold
2021-11-02,-1,-1,-0.0033400508475575,0.0033400508475575,0.7095636511967501,hold
2021-11-03,-1,-1,0.0049133761659847,-0.0049133761659847,0.7060772980647109,hold
2021-11-04,-1,-1,0.0084697040421863,-0.0084697040421863,0.7000970323191962,hold
2021-11-08,1,1,-0.0013449214352717,-0.0013449214352717,0.6977552627490217,flip
2021-11-09,-1,-1,-0.0014991358050348,0.0014991358050348,0.6974057821210621,flip
2021-11-10,-1,-1,-0.007970140510272,0.007970140510272,0.702964204197243,hold
2021-11-11,-1,-1,0.0128206066843303,-0.0128206066843303,0.693951776622067,hold
2021-11-12,0,-1,0.0003700663573213,-0.0003700663573213,0.6936949684159358,hold
2021-11-15,-1,-1,-0.0060879819517564,0.0060879819517564,0.6979181708636761,hold
2021-11-16,-1,-1,-0.005586294529162,0.005586294529162,0.7018169473233746,hold
2021-11-17,-1,-1,-0.0074781956434608,0.0074781956434608,0.7070652717613553,hold
2021-11-18,0,-1,-0.0196033721001568,0.0196033721001568,0.7209261353827915,hold
2021-11-22,0,-1,0.0049836979327988,-0.0049836979327988,0.7173332572921836,hold
2021-11-23,-1,-1,-0.0050446817378146,0.0050446817378146,0.7209519752751725,hold
2021-11-24,-1,-1,0.006959452503032,-0.006959452503032,0.7159345442462779,hold
2021-11-25,-1,-1,-0.0290712541877539,0.0290712541877539,0.7367476593638551,hold
2021-11-26,1,1,0.0016151341742889,0.0016151341742889,0.7364641103675933,flip
2021-11-29,-1,-1,-0.004148599194972,0.004148599194972,0.7380464765622547,flip
2021-11-30,1,1,0.0108166411704213,0.0108166411704213,0.7445535675131979,flip
2021-12-01,-1,-1,0.0136745711024337,-0.0136745711024337,0.7328830096796416,flip
2021-12-02,-1,-1,-0.0117776858673942,0.0117776858673942,0.7415146755451988,hold
2021-12-03,-1,-1,-0.0165409195759996,0.0165409195759996,0.7537800101578154,hold
2021-12-06,-1,-1,0.0156365485816494,-0.0156365485816494,0.7419934924091065,hold
2021-12-07,-1,-1,0.0170609485278816,-0.0170609485278816,0.7293343796270916,hold
2021-12-08,-1,-1,0.0026960665936832,-0.0026960665936832,0.7273680455705543,hold
2021-12-09,-1,-1,-0.0003167708948091,0.0003167708948091,0.7275984545972053,hold
2021-12-10,-1,-1,-0.0081690551168631,0.0081690551168631,0.7335422464757543,hold
2021-12-13,-1,-1,-0.0024959111813221,0.0024959111813221,0.7353731027707052,hold
2021-12-14,-1,-1,-0.0059740603216401,0.0059740603216401,0.739766266045569,hold
2021-12-15,-1,-1,0.0015678167505297,-0.0015678167505297,0.738606448102186,hold
2021-12-16,-1,-1,-0.01525945397337,0.01525945397337,0.7498771792014356,hold
2021-12-17,0,-1,-0.0218425462793778,0.0218425462793778,0.7662564061919923,hold
2021-12-20,0,-1,0.009428705444209,-0.009428705444209,0.7590316002432698,hold
2021-12-21,-1,-1,0.0110071709945933,-0.0110071709945933,0.7506768096290923,hold
2021-12-22,-1,-1,0.0069093062126275,-0.0069093062126275,0.7454901536846467,hold
2021-12-23,-1,-1,-0.0040327548791804,0.0040327548791804,0.7484965327392993,hold
2021-12-24,-1,-1,0.0048518709108285,-0.0048518709108285,0.7448649241852455,hold
2021-12-27,-1,-1,0.0086034091740434,-0.0086034091740434,0.738456546463087,hold
2021-12-28,1,1,-0.0011402602889762,-0.0011402602889762,0.7361376006950945,flip
2021-12-29,-1,-1,-0.0005606259494814,0.0005606259494814,0.735078023335043,flip
2021-12-30,-1,-1,0.0087248317576065,-0.0087248317576065,0.7286645912527308,hold
2021-12-31,1,1,0.0156533158122078,0.0156533158122078,0.7386132790382777,flip
2022-01-03,1,1,0.0101868742352642,0.0101868742352642,0.7461374396203367,hold
2022-01-04,-1,-1,0.006739585234692,-0.006739585234692,0.73961650786998,flip
2022-01-05,-1,-1,-0.0100054174627969,0.0100054174627969,0.7470166797935951,hold
2022-01-06,-1,-1,0.0037641836511315,-0.0037641836511315,0.7442047718203935,hold
2022-01-07,-1,-1,0.0107003189218717,-0.0107003189218717,0.7362415434187365,hold
2022-01-10,-1,-1,0.0029133112526023,-0.0029133112526023,0.7340966426456614,hold
2022-01-11,-1,-1,0.0086731157318304,-0.0086731157318304,0.7277297375056475,hold
2022-01-12,-1,-1,0.0024956237305924,-0.0024956237305924,0.7259135979032706,hold
2022-01-13,-1,-1,-0.0001123235637506,0.0001123235637506,0.7259951351055621,hold
2022-01-14,-1,-1,0.0028675682661627,-0.0028675682661627,0.7239132944947448,hold
2022-01-17,-1,-1,-0.0106536905679234,0.0106536905679234,0.7316256427322978,hold
2022-01-18,-1,-1,-0.0096422404339412,0.0096422404339412,0.7386801530871593,hold
2022-01-19,-1,-1,-0.010112406160797,0.010112406160797,0.7461499868180963,hold
2022-01-20,-1,-1,-0.0078757453046686,0.0078757453046686,0.7520264740733574,hold
2022-01-21,-1,-1,-0.0265679051873833,0.0265679051873833,0.7720062421349405,hold
2022-01-24,0,-1,0.0075134912216943,-0.0075134912216943,0.7662057800115665,hold
2022-01-25,-1,-1,-0.0097117329146276,0.0097117329146276,0.7736469659046827,hold
2022-01-27,1,1,-0.0004793161771092,-0.0004793161771092,0.7717288504667438,flip
2022-01-28,-1,-1,0.0139107178709299,-0.0139107178709299,0.7594500904541104,flip
2022-01-31,-1,-1,0.0136679386118703,-0.0136679386118703,0.7490699732390043,hold
2022-02-01,-1,-1,0.0115578385853996,-0.0115578385853996,0.7404123433991382,hold
2022-02-02,-1,-1,-0.0123622486642295,0.0123622486642295,0.7495655049023031,hold
2022-02-03,-1,-1,-0.0024998826581151,0.0024998826581151,0.7514393307091296,hold
2022-02-04,-1,-1,-0.0172811129276234,0.0172811129276234,0.7644250386413718,hold
2022-02-07,-1,-1,0.0030876976246183,-0.0030876976246183,0.7620647252653601,hold
2022-02-08,-1,-1,0.0114121523303458,-0.0114121523303458,0.7533679265350487,hold
2022-02-09,-1,-1,0.008133901085124,-0.008133901085124,0.7472401063399077,hold
2022-02-10,-1,-1,-0.0131262969128136,0.0131262969128136,0.7570486018408877,hold
2022-02-11,-1,-1,-0.0306162228952934,0.0306162228952934,0.7802265705774185,hold
2022-02-14,-1,-1,0.0302591263839775,-0.0302591263839775,0.756617596170179,hold
2022-02-15,-1,-1,-0.0017432697608654,0.0017432697608654,0.7579365847461211,hold
2022-02-16,-1,-1,-0.0010160147191904,0.0010160147191904,0.7587066594724361,hold
2022-02-17,-1,-1,-0.0016353356196504,0.0016353356196504,0.7599473994975373,hold
2022-02-18,-1,-1,-0.004031556958107,0.004031556958107,0.763011170723777,hold
2022-02-21,1,1,-0.0066515660675804,-0.0066515660675804,0.7564099291699583,flip
2022-02-22,0,1,-0.0016937094155936,-0.0016937094155936,0.7551287905508747,hold
2022-02-23,-1,-1,-0.0477810384708364,0.0477810384708364,0.7896993707615204,flip
2022-02-24,-1,-1,0.0252616601096495,-0.0252616601096495,0.7697502536685388,hold
2022-02-25,-1,-1,0.0081340342903666,-0.0081340342903666,0.7634890787101805,hold
2022-02-28,-1,-1,-0.0111916331229355,0.0111916331229355,0.7720337683724728,hold
2022-03-02,1,1,-0.006497577228417,-0.006497577228417,0.7654733518027819,flip
2022-03-03,1,1,-0.0153170320073322,-0.0153170320073322,0.7537485719724587,hold
2022-03-04,1,1,-0.0235266847399477,-0.0235266847399477,0.736015366946477,hold
2022-03-07,1,1,0.0094747765094835,0.0094747765094835,0.7429889480558404,hold
2022-03-08,-1,-1,0.0207262900882942,-0.0207262900882942,0.7261035656899268,flip
2022-03-09,-1,-1,0.0152673871904744,-0.0152673871904744,0.7150178614121547,hold
2022-03-10,-1,-1,0.0021421537513466,-0.0021421537513466,0.7134861832180508,hold
2022-03-11,-1,-1,0.014482565042708,-0.014482565042708,0.703153073162522,hold
2022-03-14,-1,-1,-0.0123464565033122,0.0123464565033122,0.7118345219954934,hold
2022-03-15,-1,-1,0.0187451004846066,-0.0187451004846066,0.6984911123522759,hold
2022-03-16,-1,-1,0.0183619883565082,-0.0183619883565082,0.685665426680139,hold
2022-03-17,-1,-1,-0.0098022024704637,0.0098022024704637,0.6923864580194545,hold
2022-03-21,-1,-1,0.0115612232521558,-0.0115612232521558,0.6843816236015222,hold
2022-03-22,-1,-1,-0.004033935455228,0.004033935455228,0.6871423748978749,hold
2022-03-23,-1,-1,-0.0013278937068936,0.0013278937068936,0.6880548269332417,hold
2022-03-24,-1,-1,-0.0040498758909001,0.0040498758909001,0.690841363588456,hold
2022-03-25,-1,-1,0.0040226199498629,-0.0040226199498629,0.6880623713370947,hold
2022-03-28,-1,-1,0.005998187274997,-0.005998187274997,0.6839352443769363,hold
2022-03-29,-1,-1,0.0099824655821947,-0.0099824655821947,0.6771078843394936,hold
2022-03-30,-1,-1,-0.0019144771620018,0.0019144771620018,0.678404191920273,hold
2022-03-31,-1,-1,0.0117779652585923,-0.0117779652585923,0.6704139709165526,hold
2022-04-01,-1,-1,0.0216718413399843,-0.0216718413399843,0.6558848657067402,hold
2022-04-04,-1,-1,-0.005317557796472,0.005317557796472,0.659372571387967,hold
2022-04-05,-1,-1,-0.0083391803235717,0.0083391803235717,0.6648711981611884,hold
2022-04-06,-1,-1,-0.0094397411049521,0.0094397411049521,0.6711474101399694,hold
2022-04-07,-1,-1,0.0082087593907955,-0.0082087593907955,0.6656381225343748,hold
2022-04-08,-1,-1,-0.006151497975913,0.006151497975913,0.6697327940978355,hold
2022-04-11,-1,-1,-0.0081838106412522,0.0081838106412522,0.675213760464969,hold
2022-04-12,-1,-1,-0.0031174816283502,0.0031174816283502,0.6773187269584277,hold
2022-04-13,-1,-1,-0.0172811880101475,0.0172811880101475,0.68902359922179,hold
2022-04-18,0,-1,-0.0125191788064678,0.0125191788064678,0.6976496088623236,hold
2022-04-19,-1,-1,0.010490244596548,-0.010490244596548,0.6903310938226718,hold
2022-04-20,-1,-1,0.014941678252146,-0.014941678252146,0.6800163887313214,hold
2022-04-21,-1,-1,-0.0126864526051679,0.0126864526051679,0.6886433844176988,hold
2022-04-22,-1,-1,-0.0126951225643019,0.0126951225643019,0.6973857965859772,hold
2022-04-25,1,1,0.0145601216162072,0.0145601216162072,0.7061450470045126,flip
2022-04-26,-1,-1,-0.0094414436101153,0.0094414436101153,0.7113997855523589,flip
2022-04-27,-1,-1,0.0121285088909346,-0.0121285088909346,0.7027715669282781,hold
2022-04-28,-1,-1,-0.0082632403816946,0.0082632403816946,0.7085787373192267,hold
2022-04-29,-1,-1,-0.0019559171203674,0.0019559171203674,0.7099646586026777,hold
2022-05-02,-1,-1,-0.0229361834519363,0.0229361834519363,0.72624853825678,hold
2022-05-04,-1,-1,0.0003028482136697,-0.0003028482136697,0.7260285951842887,hold
2022-05-05,-1,-1,-0.0162684216398562,0.0162684216398562,0.7378399344933392,hold
2022-05-06,1,1,-0.0066661826871809,-0.0066661826871809,0.7314456788271223,flip
2022-05-09,1,1,-0.0037909688880922,-0.0037909688880922,0.7286727910153592,hold
2022-05-10,1,1,-0.0044919933245182,-0.0044919933245182,0.7253995977023602,hold
2022-05-11,1,1,-0.0222117521417858,-0.0222117521417858,0.7092872016344441,hold
2022-05-12,1,1,-0.0016352232651188,-0.0016352232651188,0.7081273587006806,hold
2022-05-13,-1,-1,0.0038112305721171,-0.0038112305721171,0.7040122673448467,flip
2022-05-16,-1,-1,0.0263219359020472,-0.0263219359020472,0.6854813015695407,hold
2022-05-17,-1,-1,-0.0011685620062508,0.0011685620062508,0.6862823289745501,hold
2022-05-18,-1,-1,-0.0265327253341793,0.0265327253341793,0.7044912695109328,hold
2022-05-19,-1,-1,0.0288910387942893,-0.0288910387942893,0.6841377849132543,hold
2022-05-20,-1,-1,-0.0031630222318707,0.0031630222318707,0.6863017279365976,hold
2022-05-23,-1,-1,-0.0055227542667355,0.0055227542667355,0.6900920037328274,hold
2022-05-24,-1,-1,-0.0061612191843656,0.0061612191843656,0.6943438118252034,hold
2022-05-25,-1,-1,0.0090073873189953,-0.0090073873189953,0.6880895881795462,hold
2022-05-26,-1,-1,0.0112738471989222,-0.0112738471989222,0.6803321713032408,hold
2022-05-27,-1,-1,0.0188932050929628,-0.0188932050929628,0.667478516059468,hold
2022-05-30,-1,-1,-0.0046124339835348,0.0046124339835348,0.67055721665022,hold
2022-05-31,-1,-1,-0.0037264067061659,0.0037264067061659,0.6730559855592133,hold
2022-06-01,-1,-1,0.0063700049931154,-0.0063700049931154,0.6687686155705549,hold
2022-06-02,-1,-1,-0.0026280502014673,0.0026280502014673,0.67052617306544,hold
2022-06-03,-1,-1,-0.0008893953501298,0.0008893953501298,0.6711225359259049,hold
2022-06-06,-1,-1,-0.0092459460064759,0.0092459460064759,0.6773276986568051,hold
2022-06-07,-1,-1,-0.0036609606157923,0.0036609606157923,0.6798073686855729,hold
2022-06-08,-1,-1,0.0074497277416889,-0.0074497277416889,0.6747429888720714,hold
2022-06-09,-1,-1,-0.0167676984141,0.0167676984141,0.6860568758165068,hold
2022-06-10,0,-1,-0.0263797491152091,0.0263797491152091,0.7041548840793104,hold
2022-06-13,0,-1,-0.0026816094559853,0.0026816094559853,0.7060431524749358,hold
2022-06-14,-1,-1,-0.002539344381356,0.002539344381356,0.7078360391871679,hold
2022-06-15,-1,-1,-0.0211284478542902,0.0211284478542902,0.7227915160305212,hold
2022-06-16,1,1,-0.0043682936266399,-0.0043682936266399,0.7181885674255946,flip
2022-06-17,1,1,0.0037042135956451,0.0037042135956451,0.7208488912812894,hold
2022-06-20,-1,-1,0.018804337854487,-0.018804337854487,0.7058521074050411,flip
2022-06-21,-1,-1,-0.0144192650853174,0.0144192650853174,0.7160299760527443,hold
2022-06-22,1,1,0.0093004475196092,0.0093004475196092,0.7212573153153844,flip
2022-06-23,-1,-1,0.0091664725885294,-0.0091664725885294,0.7132034152746388,flip
2022-06-24,-1,-1,0.008458990377725,-0.008458990377725,0.7071704344474701,hold
2022-06-27,-1,-1,0.0011464333961117,-0.0011464333961117,0.7063597106446767,hold
2022-06-28,-1,-1,-0.0032239710103227,0.0032239710103227,0.7086369938746552,hold
2022-06-29,-1,-1,-0.0011930812414028,0.0011930812414028,0.709482455379011,hold
2022-06-30,-1,-1,-0.0017870563085186,0.0017870563085186,0.7107503404766793,hold
2022-07-01,-1,-1,0.0052881882498054,-0.0052881882498054,0.7069917588776253,hold
2022-07-04,-1,-1,-0.0015471713984448,0.0015471713984448,0.708085596305897,hold
2022-07-05,-1,-1,0.0113181897073002,-0.0113181897073002,0.7000713491979,hold
2022-07-06,-1,-1,0.0089494920315105,-0.0089494920315105,0.6938060662367647,hold
2022-07-07,1,1,0.0054360478665673,0.0054360478665673,0.696190017090469,flip
2022-07-08,-1,-1,-0.0002835659276332,0.0002835659276332,0.6949950528242933,flip
2022-07-11,-1,-1,-0.0097249750439381,0.0097249750439381,0.70175386236867,hold
2022-07-12,-1,-1,-0.0057072925015229,0.0057072925015229,0.7057589769252814,hold
2022-07-13,-1,-1,-0.0017536552323109,0.0017536552323109,0.7069966348479169,hold
2022-07-14,-1,-1,0.0069359576863876,-0.0069359576863876,0.7020929361041933,hold
2022-07-15,-1,-1,0.0142873041582765,-0.0142873041582765,0.6920619207786953,hold
2022-07-18,-1,-1,0.0038117642711243,-0.0038117642711243,0.6894239438756654,hold
2022-07-19,-1,-1,0.0110338885069691,-0.0110338885069691,0.6818169169449064,hold
2022-07-20,-1,-1,0.005108719746296,-0.005108719746296,0.6783337053979513,hold
2022-07-21,-1,-1,0.0068772959606149,-0.0068772959606149,0.673668603745869,hold
2022-07-22,-1,-1,-0.0052901993117577,0.0052901993117577,0.6772324449297582,hold
2022-07-25,-1,-1,-0.008847958067765,0.008847958067765,0.6832245692046266,hold
2022-07-26,-1,-1,0.0095821774414373,-0.0095821774414373,0.6766777901501583,hold
2022-07-27,-1,-1,0.0172937311236929,-0.0172937311236929,0.6649755063899268,hold
2022-07-28,-1,-1,0.0135059538264792,-0.0135059538264792,0.6559943779048848,hold
2022-07-29,-1,-1,0.0105955316684394,-0.0105955316684394,0.6490437686994753,hold
2022-08-01,-1,-1,0.0003113276638058,-0.0003113276638058,0.6488417034192584,hold
2022-08-02,-1,-1,0.0024618083588656,-0.0024618083588656,0.6472443794902003,hold
2022-08-03,-1,-1,-0.0003537116074355,0.0003537116074355,0.6474733173400734,hold
2022-08-04,-1,-1,0.0008917270739845,-0.0008917270739845,0.6468959478533187,hold
2022-08-05,-1,-1,0.0073343646716481,-0.0073343646716481,0.6421513770671511,hold
2022-08-08,-1,-1,0.0005506610997998,-0.0005506610997998,0.6417977692836173,hold
2022-08-10,-1,-1,0.0070859293688247,-0.0070859293688247,0.6372500356214044,hold
2022-08-11,-1,-1,0.0022170219505635,-0.0022170219505635,0.6358372383044343,hold
2022-08-12,-1,-1,0.0071815193435313,-0.0071815193435313,0.6312709608782134,hold
2022-08-16,-1,-1,0.0066759231988331,-0.0066759231988331,0.6270566444257368,hold
2022-08-17,-1,-1,0.000682669936052,-0.000682669936052,0.6266285717063858,hold
2022-08-18,-1,-1,-0.011029475746944,0.011029475746944,0.6335399563403635,hold
2022-08-19,-1,-1,-0.0150773300473388,0.0150773300473388,0.6430920473602838,hold
2022-08-22,-1,-1,0.0049626821755044,-0.0049626821755044,0.6399005859196403,hold
2022-08-23,-1,-1,0.0015616110795051,-0.0015616110795051,0.6389013100748864,hold
2022-08-24,-1,-1,-0.0046861822192667,0.0046861822192667,0.6418953180340256,hold
2022-08-25,-1,-1,0.0020802555293466,-0.0020802555293466,0.6405600117494236,hold
2022-08-26,-1,-1,-0.0140099889245538,0.0140099889245538,0.649534250419545,hold
2022-08-29,0,-1,0.0257842637890255,-0.0257842637890255,0.6327864879667205,hold
2022-08-30,1,1,-0.0121907952721076,-0.0121907952721076,0.6238067444650288,flip
2022-09-01,-1,-1,-0.0001910505934481,0.0001910505934481,0.6226783096248257,flip
2022-09-02,-1,-1,0.0072038500710118,-0.0072038500710118,0.6181926284398175,hold
2022-09-05,1,1,-0.0005774531254664,-0.0005774531254664,0.616599265917505,flip
2022-09-06,0,1,-0.0017671004916441,-0.0017671004916441,0.6155096730515548,hold
2022-09-07,-1,-1,0.0098925129655895,-0.0098925129655895,0.6081897162843435,flip
2022-09-08,1,1,0.0019439347917691,0.0019439347917691,0.6081556180012562,flip
2022-09-09,0,1,0.005775695663245,0.005775695663245,0.6116681397667242,hold
2022-09-12,0,1,0.0074542019299801,0.0074542019299801,0.6162276375946807,hold
2022-09-13,0,1,-0.0036690976717561,-0.0036690976717561,0.6139666382043103,hold
2022-09-14,-1,-1,-0.0070179606679163,0.0070179606679163,0.6170474986462324,flip
2022-09-15,-1,-1,-0.0193848531485446,0.0193848531485446,0.6290088737931664,hold
2022-09-16,0,-1,0.0052136885924867,-0.0052136885924867,0.625729417403298,hold
2022-09-19,-1,-1,0.0110088098852303,-0.0110088098852303,0.6188408812075091,hold
2022-09-20,-1,-1,-0.0054950054374517,0.0054950054374517,0.6222414152146617,hold
2022-09-21,0,-1,-0.0049975776569025,0.0049975776569025,0.6253511150085379,hold
2022-09-22,-1,-1,-0.0171556772324205,0.0171556772324205,0.6360794368945586,hold
2022-09-23,0,-1,-0.0179513217622564,0.0179513217622564,0.6474979035326077,hold
2022-09-26,0,-1,-0.0005230508522044,0.0005230508522044,0.6478365778628511,hold
2022-09-27,-1,-1,-0.0087491784653945,0.0087491784653945,0.6535046156989837,hold
2022-09-28,1,1,-0.0024023347691036,-0.0024023347691036,0.6506276696075224,flip
2022-09-29,-1,-1,0.016425755966269,-0.016425755966269,0.6386393629424318,flip
2022-09-30,-1,-1,-0.0121092644487904,0.0121092644487904,0.6463728158757087,hold
2022-10-03,-1,-1,0.0229136709327191,-0.0229136709327191,0.6315620418728777,hold
2022-10-04,-1,-1,0.0033286441360573,-0.0033286441360573,0.6294597965856412,hold
2022-10-06,-1,-1,-0.0009895331040011,0.0009895331040011,0.6300826678920005,hold
2022-10-07,-1,-1,-0.0042536458411471,0.0042536458411471,0.6327628164118582,hold
2022-10-10,-1,-1,-0.0149323831999303,0.0149323831999303,0.6422114732611872,hold
2022-10-11,-1,-1,0.0082461453396196,-0.0082461453396196,0.6369157041139042,hold
2022-10-12,-1,-1,-0.0063800837728176,0.0063800837728176,0.640979279662374,hold
2022-10-13,-1,-1,0.0100708880038873,-0.0100708880038873,0.6345240491240819,hold
2022-10-14,-1,-1,0.0073375869608156,-0.0073375869608156,0.6298681737349051,hold
2022-10-17,-1,-1,0.010117285874136,-0.010117285874136,0.6234956173582091,hold
2022-10-18,-1,-1,0.0014468379208691,-0.0014468379208691,0.6225935202555196,hold
2022-10-19,-1,-1,0.002952174549244,-0.002952174549244,0.620755515510497,hold
2022-10-20,-1,-1,0.0007032337856462,-0.0007032337856462,0.6203189792593639,hold
2022-10-21,-1,-1,0.0087873563767617,-0.0087873563767617,0.6148680153213428,hold
2022-10-24,1,1,-0.004196122026705,-0.004196122026705,0.6110582180680938,flip
2022-10-25,-1,-1,0.0045649078749665,-0.0045649078749665,0.6070466771602355,flip
2022-10-27,-1,-1,0.0028106052447454,-0.0028106052447454,0.6053405085856037,hold
2022-10-28,-1,-1,0.0126722303955641,-0.0126722303955641,0.597669494193039,hold
2022-10-31,-1,-1,0.0073950532223929,-0.0073950532223929,0.5932496964740809,hold
2022-11-01,-1,-1,-0.0034471976315451,0.0034471976315451,0.5952947454226812,hold
2022-11-02,-1,-1,-0.0016673473084335,0.0016673473084335,0.5962873085141863,hold
2022-11-03,-1,-1,0.0035701681556883,-0.0035701681556883,0.5941584625536879,hold
2022-11-04,-1,-1,0.0047275862251119,-0.0047275862251119,0.5913495271905854,hold
2022-11-07,-1,-1,-0.0025161392359563,0.0025161392359563,0.5928374449381139,hold
2022-11-09,-1,-1,-0.0070937259046097,0.0070937259046097,0.597042871278494,hold
2022-11-10,-1,-1,0.0178331732470333,-0.0178331732470333,0.5863957023190784,hold
2022-11-11,-1,-1,-0.0011198455015547,0.0011198455015547,0.5870523749084514,hold
2022-11-14,-1,-1,0.0040509242609507,-0.0040509242609507,0.584674270200486,hold
2022-11-15,-1,-1,0.0003396111515991,-0.0003396111515991,0.5844757082982729,hold
2022-11-16,-1,-1,-0.0035714963948192,0.0035714963948192,0.5865631611833196,hold
2022-11-17,-1,-1,-0.0019761337135545,0.0019761337135545,0.5877222884212631,hold
2022-11-18,-1,-1,-0.0080677295405768,0.0080677295405768,0.5924638728892148,hold
2022-11-21,-1,-1,0.0046393301536886,-0.0046393301536886,0.5897152373787488,hold
2022-11-22,-1,-1,0.0012634580983039,-0.0012634580983039,0.5889701568863894,hold
2022-11-23,-1,-1,0.0118709498898301,-0.0118709498898301,0.5819785216673857,hold
2022-11-24,0,-1,0.0015500019600884,-0.0015500019600884,0.5810764538180719,hold
2022-11-25,-1,-1,0.0027008413120686,-0.0027008413120686,0.5795070585261297,hold
2022-11-28,0,-1,0.0029791265437502,-0.0029791265437502,0.5777806336657839,hold
2022-11-29,0,-1,0.0075356346254191,-0.0075356346254191,0.5734266899168354,hold
2022-11-30,0,-1,0.0028867353340049,-0.0028867353340049,0.5717713588295911,hold
2022-12-01,-1,-1,-0.006187396179402,0.006187396179402,0.5753091347507047,hold
2022-12-02,-1,-1,0.0002648237856262,-0.0002648237856262,0.5751567792077347,hold
2022-12-05,-1,-1,-0.0031175136590962,0.0031175136590962,0.5769498383230366,hold
2022-12-06,-1,-1,-0.0044119027503989,0.0044119027503989,0.5794952849015762,hold
2022-12-07,-1,-1,0.0026319123609277,-0.0026319123609277,0.5779701040981444,hold
2022-12-08,-1,-1,-0.0060587824059793,0.0060587824059793,0.5814718991960363,hold
2022-12-09,0,-1,2.977743269738653e-05,-2.977743269738653e-05,0.5814545844556925,hold
2022-12-12,-1,-1,0.0059927938646799,-0.0059927938646799,0.5779700469893765,hold
2022-12-13,-1,-1,0.0028106610731943,-0.0028106610731943,0.5763455690768312,hold
2022-12-14,-1,-1,-0.0131509343553336,0.0131509343553336,0.5839250518217479,hold
2022-12-15,0,-1,-0.0079229530179417,0.0079229530179417,0.5885514625733308,hold
2022-12-16,0,-1,0.0082899566889265,-0.0082899566889265,0.5836723964393935,hold
2022-12-19,0,-1,-0.0019081205394395,0.0019081205394395,0.5847861137273435,hold
2022-12-20,-1,-1,-0.0101277196435586,0.0101277196435586,0.5907086635386202,hold
2022-12-21,1,1,-0.0039425027358517,-0.0039425027358517,0.5871983756894505,flip
2022-12-22,-1,-1,-0.0176831602541178,0.0176831602541178,0.596407501916346,flip
2022-12-23,-1,-1,0.0116696328935068,-0.0116696328935068,0.5894476453140488,hold
2022-12-26,-1,-1,0.0065336546149905,-0.0065336546149905,0.5855963979859474,hold
2022-12-27,-1,-1,-0.0005405150382313,0.0005405150382313,0.585912921645393,hold
2022-12-28,-1,-1,0.0037798317009243,-0.0037798317009243,0.5836982694101766,hold
2022-12-29,-1,-1,-0.0047110779368918,0.0047110779368918,0.5864481174489967,hold
2022-12-30,-1,-1,0.0050895833553579,-0.0050895833553579,0.5834633408716473,hold
2023-01-02,-1,-1,0.0019289276248581,-0.0019289276248581,0.582337882315348,hold
2023-01-03,-1,-1,-0.0103990694870288,0.0103990694870288,0.5883936544184746,hold
2023-01-04,-1,-1,-0.0028154392892826,0.0028154392892826,0.5900502410306888,hold
2023-01-05,-1,-1,-0.0073755037054461,0.0073755037054461,0.5944021587698101,hold
2023-01-06,-1,-1,0.0135362517084902,-0.0135362517084902,0.586356181532632,hold
2023-01-09,-1,-1,-0.0103335047509585,0.0103335047509585,0.5924152959202533,hold
2023-01-10,0,-1,-0.0010299775022909,0.0010299775022909,0.5930254703470642,hold
2023-01-11,-1,-1,-0.0020954755408891,0.0020954755408891,0.5942681407153008,hold
2023-01-12,-1,-1,0.0055100959183882,-0.0055100959183882,0.5909936662587172,hold
2023-01-13,1,1,-0.0034388470725693,-0.0034388470725693,0.587779342087079,flip
2023-01-16,-1,-1,0.0088545685118242,-0.0088545685118242,0.5813992509485599,flip
2023-01-17,1,1,0.00620655632356,0.00620655632356,0.5838449396441506,flip
2023-01-18,1,1,-0.003165367099256,-0.003165367099256,0.5819968560811339,hold
2023-01-19,-1,-1,-0.0044289753051891,0.0044289753051891,0.5834105120722527,flip
2023-01-20,-1,-1,0.0050422760956287,-0.0050422760956287,0.5804687951932923,hold
2023-01-23,0,-1,-1.3798013043020418e-05,1.3798013043020418e-05,0.5804768045092995,hold
2023-01-24,-1,-1,-0.0124929796250122,0.0124929796250122,0.5877286894008263,hold
2023-01-25,0,-1,-0.0160742469061787,0.0160742469061787,0.5971759854681,hold
2023-01-27,0,-1,0.0025334426073457,-0.0025334426073457,0.5956630743824315,hold
2023-01-30,-1,-1,0.0007479862801675,-0.0007479862801675,0.595217526575191,hold
2023-01-31,-1,-1,-0.0025959245256645,0.0025959245256645,0.596762666350533,hold
2023-02-01,-1,-1,-0.0003349392530399,0.0003349392530399,0.5969625455922425,hold
2023-02-02,-1,-1,0.0138355963078902,-0.0138355963078902,0.5887032128004978,hold
2023-02-03,1,1,-0.0050101331608701,-0.0050101331608701,0.5845763248865342,flip
2023-02-06,-1,-1,-0.0024261514654264,0.0024261514654264,0.5848254429440383,flip
2023-02-07,-1,-1,0.0084755364246817,-0.0084755364246817,0.5798687336002855,hold
2023-02-08,1,1,0.0012170079483646,0.0012170079483646,0.5794147009908845,flip
2023-02-09,-1,-1,-0.0020649578680046,0.0020649578680046,0.5794523385345514,flip
2023-02-10,-1,-1,-0.0047937507000251,0.0047937507000251,0.5822300885880325,hold
2023-02-13,-1,-1,0.0089443537049958,-0.0089443537049958,0.5770224167380101,hold
2023-02-14,1,1,0.0047964707944361,0.0047964707944361,0.578636043074153,flip
2023-02-15,0,1,0.0011101336008929,0.0011101336008929,0.5792784063882573,hold
2023-02-16,-1,-1,-0.0050815676893513,0.0050815676893513,0.5810634920085223,flip
2023-02-17,-1,-1,-0.0055505184801407,0.0055505184801407,0.5842886956590507,hold
2023-02-20,-1,-1,-0.001003126492992,0.001003126492992,0.584874811129222,hold
2023-02-21,-1,-1,-0.0152803631315826,0.0152803631315826,0.5938119106297923,hold
2023-02-22,0,-1,-0.0024524349779846,0.0024524349779846,0.5952681957297647,hold
2023-02-23,-1,-1,-0.002595429723749,0.002595429723749,0.5968131724985641,hold
2023-02-24,-1,-1,-0.0041854114458053,0.0041854114458053,0.599311081181747,hold
2023-02-27,-1,-1,-0.0051027157362857,0.0051027157362857,0.6023691952666236,hold
2023-02-28,-1,-1,0.008492348770636,-0.008492348770636,0.5972536659717321,hold
2023-03-01,-1,-1,-0.0073921687198044,0.0073921687198044,0.6016686658391169,hold
2023-03-02,-1,-1,0.0157285986298278,-0.0157285986298278,0.5922052608859895,hold
2023-03-03,1,1,0.0066555236183669,0.0066555236183669,0.5949622864649654,flip
2023-03-06,-1,-1,0.0024250512391459,-0.0024250512391459,0.5923295478619985,flip
2023-03-08,-1,-1,-0.0092822498999752,0.0092822498999752,0.5978276987483929,hold
2023-03-09,-1,-1,-0.010045664635585,0.010045664635585,0.6038332753198828,hold
2023-03-10,-1,-1,-0.0148510359316261,0.0148510359316261,0.6128008249883699,hold
2023-03-13,-1,-1,-0.0064706805258611,0.0064706805258611,0.6167660633528538,hold
2023-03-14,-1,-1,-0.0041746837386849,0.0041746837386849,0.6193408666081056,hold
2023-03-15,-1,-1,0.0007924286811309,-0.0007924286811309,0.6188500831420088,hold
2023-03-16,-1,-1,0.0067381296219788,-0.0067381296219788,0.6146801910652256,hold
2023-03-17,-1,-1,-0.0065292432199922,0.0065292432199922,0.6186935875352018,hold
2023-03-20,1,1,0.007010642946744,0.007010642946744,0.6217936401957808,flip
2023-03-21,-1,-1,0.0025953757489405,-0.0025953757489405,0.6189362647807796,flip
2023-03-22,-1,-1,-0.0043726933046436,0.0043726933046436,0.6216426832417875,hold
2023-03-23,-1,-1,-0.0077209333285906,0.0077209333285906,0.6264423449533035,hold
2023-03-24,-1,-1,0.0023988383407489,-0.0023988383407489,0.6249396110379609,hold
2023-03-27,-1,-1,-0.0020016838613549,0.0020016838613549,0.6261905425716969,hold
2023-03-28,-1,-1,0.0076098565893214,-0.0076098565893214,0.6214253223451369,hold
2023-03-29,-1,-1,0.0163371989446239,-0.0163371989446239,0.6112729732247574,hold
2023-03-31,-1,-1,0.0022062979737611,-0.0022062979737611,0.6099243229025166,hold
2023-04-03,-1,-1,0.0091389548173612,-0.0091389548173612,0.6043502520735009,hold
2023-04-05,-1,-1,0.0023978747854371,-0.0023978747854371,0.6029010958424813,hold
2023-04-06,-1,-1,0.001414863221935,-0.001414863221935,0.6020480732555095,hold
2023-04-10,-1,-1,0.0055747683219642,-0.0055747683219642,0.598691794728425,hold
2023-04-11,-1,-1,0.0050839679614469,-0.0050839679614469,0.5956480648252446,hold
2023-04-12,-1,-1,0.0008757724412713,-0.0008757724412713,0.595126412665374,hold
2023-04-13,-1,-1,-0.0067955121508301,0.0067955121508301,0.5991706014339215,hold
2023-04-17,-1,-1,-0.0026373533282438,0.0026373533282438,0.6007508260137991,hold
2023-04-18,-1,-1,-0.0023442830162407,0.0023442830162407,0.6021591559722159,hold
2023-04-19,-1,-1,0.0003234746363958,-0.0003234746363958,0.6019643727581854,hold
2023-04-20,-1,-1,-2.260708945023282e-05,2.260708945023282e-05,0.6019779814206062,hold
2023-04-21,-1,-1,0.0067719737565652,-0.0067719737565652,0.5979014023283957,hold
2023-04-24,-1,-1,0.0014568576938982,-0.0014568576938982,0.597030345070221,hold
2023-04-25,-1,-1,0.0024958627615121,-0.0024958627615121,0.5955402392644675,hold
2023-04-26,-1,-1,0.0056951528101938,-0.0056951528101938,0.592148546597237,hold
2023-04-27,-1,-1,0.0083700136036979,-0.0083700136036979,0.5871922552068082,hold
2023-04-28,1,1,0.0045751669319125,0.0045751669319125,0.5887043732850918,flip
2023-05-02,-1,-1,-0.0031850283648763,0.0031850283648763,0.5894020046659614,flip
2023-05-03,-1,-1,0.0091737176073036,-0.0091737176073036,0.5839949971179772,hold
2023-05-04,0,-1,-0.0102324068655403,0.0102324068655403,0.5899706715359284,hold
2023-05-05,-1,-1,0.0108141231183243,-0.0108141231183243,0.5835906560577384,hold
2023-05-08,-1,-1,8.480038171931881e-05,-8.480038171931881e-05,0.5835411673473369,hold
2023-05-09,-1,-1,0.0026908205008338,-0.0026908205008338,0.5819709628111581,hold
2023-05-10,-1,-1,-0.0009882342854272,0.0009882342854272,0.5825460864697313,hold
2023-05-11,-1,-1,0.0009728797753729,-0.0009728797753729,0.5819793391639823,hold
2023-05-12,-1,-1,0.0045891205221868,-0.0045891205221868,0.5793085658351361,hold
2023-05-15,-1,-1,-0.0061063388070606,0.0061063388070606,0.5828460202119579,hold
2023-05-16,-1,-1,-0.0057282694884204,0.0057282694884204,0.5861847192859853,hold
2023-05-17,-1,-1,-0.0028490536527011,0.0028490536527011,0.5878547910016245,hold
2023-05-18,-1,-1,0.0040513721791914,-0.0040513721791914,0.5854731724559562,hold
2023-05-19,-1,-1,0.0060977618257063,-0.0060977618257063,0.5819030964949791,hold
2023-05-22,-1,-1,0.0018346005688616,-0.0018346005688616,0.580835536743127,hold
2023-05-23,-1,-1,-0.0034117947119577,0.0034117947119577,0.5828172283559043,hold
2023-05-24,-1,-1,0.0019551116867164,-0.0019551116867164,0.581677755581526,hold
2023-05-25,-1,-1,0.0097264208278746,-0.0097264208278746,0.5760201129445265,hold
2023-05-26,0,-1,0.0053677985089635,-0.0053677985089635,0.5729281530411299,hold
2023-05-29,0,-1,0.0018925684396833,-0.0018925684396833,0.5718438473004782,hold
2023-05-30,0,-1,-0.0053370195013254,0.0053370195013254,0.5748957890652338,hold
2023-05-31,0,-1,-0.0025169624936233,0.0025169624936233,0.5763427802040528,hold
2023-06-01,-1,-1,0.0025070443604549,-0.0025070443604549,0.5748978632872533,hold
2023-06-02,-1,-1,0.0032237875731377,-0.0032237875731377,0.5730445146997645,hold
2023-06-05,-1,-1,0.0002769943144211,-0.0002769943144211,0.5728857846272825,hold
2023-06-06,-1,-1,0.0068498516385289,-0.0068498516385289,0.5689616019967634,hold
2023-06-07,0,-1,-0.0049048192636628,0.0049048192636628,0.5717522558225215,hold
2023-06-08,-1,-1,-0.0038181972541345,0.0038181972541345,0.5739353187157483,hold
2023-06-09,-1,-1,0.0020524046550352,-0.0020524046550352,0.572757371195927,hold
2023-06-12,-1,-1,0.0061635024393194,-0.0061635024393194,0.5692271797414227,hold
2023-06-13,0,-1,0.0021238341844009,-0.0021238341844009,0.5680182355983977,hold
2023-06-14,-1,-1,-0.0036149041015322,0.0036149041015322,0.5700715670480073,hold
2023-06-15,-1,-1,0.007379048352023,-0.007379048352023,0.5658649813906466,hold
2023-06-16,0,-1,-0.0037475183921172,0.0037475183921172,0.5679855708158631,hold
2023-06-19,-1,-1,0.0032657175674986,-0.0032657175674986,0.566130690359164,hold
2023-06-20,-1,-1,0.002133763746672,-0.002133763746672,0.5649227012161973,hold
2023-06-21,-1,-1,-0.0045394438174043,0.0045394438174043,0.5674871360795444,hold
2023-06-22,-1,-1,-0.0056336152360657,0.0056336152360657,0.5706841402556334,hold
2023-06-23,-1,-1,0.0013768299134766,-0.0013768299134766,0.5698984052601828,hold
2023-06-26,-1,-1,0.0067519034171119,-0.0067519034171119,0.5660505062703,hold
2023-06-27,0,-1,0.0082210728123248,-0.0082210728123248,0.5613969638427986,hold
2023-06-28,0,-1,0.0114352747635688,-0.0114352747635688,0.5549772353098229,hold
2023-06-30,0,-1,0.0069570924336936,-0.0069570924336936,0.5511162073851767,hold
2023-07-03,0,-1,0.0034389465191355,-0.0034389465191355,0.5492209482221504,hold
2023-07-04,-1,-1,0.0004899685388621,-0.0004899685388621,0.5489518472366376,hold
2023-07-05,-1,-1,0.0050932175812563,-0.0050932175812563,0.5461559160370288,hold
2023-07-06,-1,-1,-0.0084883544577184,0.0084883544577184,0.550791881041531,hold
2023-07-07,-1,-1,0.0012466303397029,-0.0012466303397029,0.5501052471717626,hold
2023-07-10,-1,-1,0.0043139300324381,-0.0043139300324381,0.5477321316249866,hold
2023-07-11,-1,-1,-0.0028344294714754,0.0028344294714754,0.5492846397213386,hold
2023-07-12,-1,-1,0.0015192303855748,-0.0015192303855748,0.5484501498063444,hold
2023-07-13,-1,-1,0.0077651149314275,-0.0077651149314275,0.5441913713589396,hold
2023-07-14,-1,-1,0.0075110132510414,-0.0075110132510414,0.5401039427575601,hold
2023-07-17,-1,-1,0.0019177068530324,-0.0019177068530324,0.5390681817251841,hold
2023-07-18,-1,-1,0.0042482823714824,-0.0042482823714824,0.5367780678717339,hold
2023-07-19,-1,-1,0.0073614124394989,-0.0073614124394989,0.5328266231256527,hold
2023-07-20,-1,-1,-0.011719737128305,0.011719737128305,0.5390712110836477,hold
2023-07-21,-1,-1,-0.0036794322929856,0.0036794322929856,0.5410546871059277,hold
2023-07-24,-1,-1,0.0004193703428323,-0.0004193703428323,0.5408277848163051,hold
2023-07-25,-1,-1,0.0049643391875346,-0.0049643391875346,0.538142932250434,hold
2023-07-26,-1,-1,-0.0059863783008722,0.0059863783008722,0.5413644594228257,hold
2023-07-27,-1,-1,-0.0007044597937843,0.0007044597937843,0.5417458289182728,hold
2023-07-28,-1,-1,0.0054845628365591,-0.0054845628365591,0.5387745898781268,hold
2023-07-31,0,-1,-0.0010251191770254,0.0010251191770254,0.5393268980423048,hold
2023-08-01,-1,-1,-0.0104897492749598,0.0104897492749598,0.5449843019800105,hold
2023-08-02,0,-1,-0.0074206854169113,0.0074206854169113,0.549028459042159,hold
2023-08-03,0,-1,0.0069833892701145,-0.0069833892701145,0.5451943795922964,hold
2023-08-04,0,-1,0.0041144018676027,-0.0041144018676027,0.5429512308186955,hold
2023-08-07,1,1,-0.0013497354646058,-0.0013497354646058,0.5411324878252707,flip
2023-08-08,-1,-1,0.0031527078847637,-0.0031527078847637,0.5383441901885516,flip
2023-08-09,1,1,-0.0045562684580157,-0.0045562684580157,0.5348146611548624,flip
2023-08-10,1,1,-0.0058741361615907,-0.0058741361615907,0.5316730870140237,hold
2023-08-11,-1,-1,0.0003216956578122,-0.0003216956578122,0.5304387039165277,flip
2023-08-14,-1,-1,0.0015667570139761,-0.0015667570139761,0.5296076353566821,hold
2023-08-16,-1,-1,-0.0051245825841254,0.0051245825841254,0.5323216534212507,hold
2023-08-17,-1,-1,-0.0028452826260957,0.0028452826260957,0.5338362589732247,hold
2023-08-18,-1,-1,0.0043215209131937,-0.0043215209131937,0.5315292744158508,hold
2023-08-21,-1,-1,0.0001469355577301,-0.0001469355577301,0.5314511738654647,hold
2023-08-22,-1,-1,0.0024515199000461,-0.0024515199000461,0.5301483107368307,hold
2023-08-23,-1,-1,-0.0029469646806212,0.0029469646806212,0.5317106390840631,hold
2023-08-24,-1,-1,-0.0062361537740819,0.0062361537740819,0.5350264683927066,hold
2023-08-25,-1,-1,0.0020891942389009,-0.0020891942389009,0.5339086941772812,hold
2023-08-28,-1,-1,0.001895758474361,-0.001895758474361,0.5328965322457596,hold
2023-08-29,-1,-1,0.0002480956863764,-0.0002480956863764,0.5327643229148245,hold
2023-08-30,1,1,-0.0048403506033882,-0.0048403506033882,0.5291200281571103,flip
2023-08-31,-1,-1,0.0094267101889176,-0.0094267101889176,0.5230739269402072,flip
2023-09-01,0,-1,0.0048108337016425,-0.0048108337016425,0.5205575052640328,hold
2023-09-04,1,1,0.0023605960187407,0.0023605960187407,0.5207452162279566,flip
2023-09-05,-1,-1,0.0018467726478093,-0.0018467726478093,0.5187420277736933,flip
2023-09-06,0,-1,0.0059150323607803,-0.0059150323607803,0.5156736518925151,hold
2023-09-07,0,-1,0.004709190366575,-0.004709190366575,0.5132452464987264,hold
2023-09-08,0,-1,0.0089001434200508,-0.0089001434200508,0.5086772901952283,hold
2023-09-11,0,-1,-0.0001575482868895,0.0001575482868895,0.5087574314308781,hold
2023-09-12,-1,-1,0.0038413452699443,-0.0038413452699443,0.5068031184781021,hold
2023-09-13,-1,-1,0.0016492082399102,-0.0016492082399102,0.5059672945990958,hold
2023-09-14,-1,-1,0.0044396138771742,-0.0044396138771742,0.5037209951765974,hold
2023-09-15,-1,-1,-0.0029243168460981,0.0029243168460981,0.5051940349685257,hold
2023-09-18,-1,-1,-0.011518249945432,0.011518249945432,0.5110129861342345,hold
2023-09-20,-1,-1,-0.0079919391664983,0.0079919391664983,0.5150969708327099,hold
2023-09-21,-1,-1,-0.0034494176591149,0.0034494176591149,0.5168737554200569,hold
2023-09-22,-1,-1,1.5288066889551644e-05,-1.5288066889551644e-05,0.5168658534195105,hold
2023-09-25,-1,-1,-0.0005007261720755,0.0005007261720755,0.5171246616797698,hold
2023-09-26,-1,-1,0.0026316191986632,-0.0026316191986632,0.5157637864919911,hold
2023-09-27,-1,-1,-0.0097836296667737,0.0097836296667737,0.5208098283745617,hold
2023-09-28,-1,-1,0.0058775169171687,-0.0058775169171687,0.5177487597976625,hold
2023-09-29,-1,-1,-0.0055784246544688,0.0055784246544688,0.5206369822441385,hold
2023-10-03,-1,-1,-0.0047443072713306,0.0047443072713306,0.523107044064723,hold
2023-10-04,-1,-1,0.0056415841052857,-0.0056415841052857,0.5201558916795644,hold
2023-10-05,-1,-1,0.0055127073660514,-0.0055127073660514,0.5172884244640075,hold
2023-10-06,-1,-1,-0.0071819467588469,0.0071819467588469,0.5210035623874758,hold
2023-10-09,-1,-1,0.0090968029762401,-0.0090968029762401,0.5162640956305178,hold
2023-10-10,-1,-1,0.0061706921287072,-0.0061706921287072,0.5130783888392764,hold
2023-10-11,-1,-1,-0.0008757409120068,0.0008757409120068,0.5135277125754495,hold
2023-10-12,-1,-1,-0.002169809980297,0.002169809980297,0.5146419701313547,hold
2023-10-13,-1,-1,-0.0009772027556287,0.0009772027556287,0.5151448796827293,hold
2023-10-16,-1,-1,0.0040417094276989,-0.0040417094276989,0.5130628137658848,hold
2023-10-17,0,-1,-0.0070868127413371,0.0070868127413371,0.5166987938515871,hold
2023-10-18,0,-1,-0.0023588102112444,0.0023588102112444,0.5179175882426619,hold
2023-10-19,-1,-1,-0.0041808960845935,0.0041808960845935,0.5200829478594877,hold
2023-10-20,-1,-1,-0.0133503074255556,0.0133503074255556,0.5270262151002011,hold
2023-10-23,0,-1,-0.008277236732921,0.008277236732921,0.5313885358470407,hold
2023-10-25,0,-1,-0.0138530649123475,0.0138530649123475,0.538749895727807,hold
2023-10-26,0,-1,0.0100757003274603,-0.0100757003274603,0.5333216132270031,hold
2023-10-27,-1,-1,0.0049167407696648,-0.0049167407696648,0.5306994091079066,hold
2023-10-30,-1,-1,-0.0032026069828995,0.0032026069828995,0.5323990307413362,hold
2023-10-31,-1,-1,-0.0047406245729368,0.0047406245729368,0.5349229346690764,hold
2023-11-01,-1,-1,0.0075885232572669,-0.0075885232572669,0.5308636595384946,hold
2023-11-02,-1,-1,0.0050879808383312,-0.0050879808383312,0.5281626354109964,hold
2023-11-03,-1,-1,0.0094199033989916,-0.0094199033989916,0.523187394406468,hold
2023-11-06,-1,-1,-0.0002601919584787,0.0002601919584787,0.5233235235592699,hold
2023-11-07,-1,-1,0.0018962926582819,-0.0018962926582819,0.5223311490036382,hold
2023-11-08,-1,-1,-0.002478937369815,0.002478937369815,0.5236259752083218,hold
2023-11-09,-1,-1,0.0015492839458333,-0.0015492839458333,0.5228147298913102,hold
2023-11-10,-1,-1,0.0009369804014345,-0.0009369804014345,0.5223248627358207,hold
2023-11-13,-1,-1,0.0119267535086042,-0.0119267535086042,0.5160952228465551,hold
2023-11-15,-1,-1,0.0045615222809993,-0.0045615222809993,0.5137410429884233,hold
2023-11-16,-1,-1,-0.0016897597201204,0.0016897597201204,0.5146091419094377,hold
2023-11-17,-1,-1,-0.0019157289123818,0.0019157289123818,0.5155949935211697,hold
2023-11-20,-1,-1,0.004539473475424,-0.004539473475424,0.5132544637240188,hold
2023-11-21,-1,-1,0.0014380348265852,-0.0014380348265852,0.5125163859302834,hold
2023-11-22,-1,-1,-0.0004971574875239,0.0004971574875239,0.5127711872890273,hold
2023-11-23,-1,-1,-0.0003686890844358,0.0003686890844358,0.512960240428594,hold
2023-11-24,-1,-1,0.0047992646389904,-0.0047992646389904,0.5104984084854971,hold
2023-11-28,-1,-1,0.0104023891135545,-0.0104023891135545,0.5051880053985807,hold
2023-11-29,-1,-1,0.0018187545137213,-0.0018187545137213,0.5042691924334841,hold
2023-11-30,-1,-1,0.0066929416105065,-0.0066929416105065,0.5008941481725495,hold
2023-12-01,-1,-1,0.0206681690037693,-0.0206681690037693,0.4905415832651202,hold
2023-12-04,-1,-1,0.0081355657602475,-0.0081355657602475,0.48655074995633085,hold
2023-12-05,-1,-1,0.0039606432442005,-0.0039606432442005,0.4846236960155556,hold
2023-12-06,-1,-1,-0.001745599062397,0.001745599062397,0.4854696546849357,hold
2023-12-07,-1,-1,0.0032653705047074,-0.0032653705047074,0.483884416393597,hold
2023-12-08,-1,-1,0.0013209351833629,-0.0013209351833629,0.48324523644330175,hold
2023-12-11,-1,-1,-0.0043196070141755,0.0043196070141755,0.48533266595620916,hold
2023-12-12,-1,-1,0.0009542158562574,-0.0009542158562574,0.48486955383079405,hold
2023-12-13,-1,-1,0.0122500872899569,-0.0122500872899569,0.47892985947212435,hold
2023-12-14,-1,-1,0.0129327792008919,-0.0129327792008919,0.4727359653468572,hold
2023-12-15,-1,-1,-0.0017710126840955,0.0017710126840955,0.4735731867377146,hold
2023-12-18,-1,-1,0.0016083748565725,-0.0016083748565725,0.4728115035314187,hold
2023-12-19,-1,-1,-0.0141214660942333,0.0141214660942333,0.4794882951475011,hold
2023-12-20,-1,-1,0.0049597940765233,-0.0049597940765233,0.4771101319414663,hold
2023-12-21,-1,-1,0.0044389265566107,-0.0044389265566107,0.47499227510636327,hold
2023-12-22,-1,-1,0.0043068759341071,-0.0043068759341071,0.4729465423078209,hold
2023-12-26,-1,-1,0.0099527499207277,-0.0099527499207277,0.4682394236463583,hold
2023-12-27,-1,-1,0.0057238813077962,-0.0057238813077962,0.4655592767617756,hold
2023-12-28,-1,-1,-0.0021717930740454,0.0021717930740454,0.4665703751746044,hold
2023-12-29,-1,-1,0.0004831718072126,-0.0004831718072126,0.46634494152323946,hold
2024-01-01,-1,-1,-0.003500136051024,0.003500136051024,0.46797721226527766,hold
2024-01-02,-1,-1,-0.0068518663756694,0.0068518663756694,0.4711837295905776,hold
2024-01-03,-1,-1,0.0065644701863494,-0.0065644701863494,0.4680906580453873,hold
2024-01-04,-1,-1,0.0024101822286055,-0.0024101822286055,0.4669624742599901,hold
2024-01-05,-1,-1,-0.009110708685643,0.009110708685643,0.47121683333009995,hold
2024-01-08,-1,-1,0.0014804820050666,-0.0014804820050666,0.4705192052878703,hold
2024-01-09,-1,-1,0.0034277152411805,-0.0034277152411805,0.4689063994366369,hold
2024-01-10,-1,-1,0.0013183031833516,-0.0013183031833516,0.4682882386375657,hold
2024-01-11,-1,-1,0.0114264926377058,-0.0114264926377058,0.46293734652644936,hold
2024-01-12,0,-1,0.0092670746948486,-0.0092670746948486,0.45864727155715374,hold
2024-01-15,1,1,-0.0029482333845447,-0.0029482333845447,0.4563777778163043,flip
2024-01-16,-1,-1,-0.0208943935120824,0.0208943935120824,0.4650007591405353,flip
2024-01-17,-1,-1,-0.0050852715087356,0.0050852715087356,0.46736541425253303,hold
2024-01-18,-1,-1,0.0074619571864553,-0.0074619571864553,0.4638779535409507,hold
2024-01-19,0,-1,-0.0177408429427344,0.0177408429427344,0.4721075394593177,hold
2024-01-23,0,-1,0.0101299710711508,-0.0101299710711508,0.46732510374212266,hold
2024-01-24,-1,-1,-0.0047240537554001,0.0047240537554001,0.4695327726534484,hold
2024-01-25,-1,-1,0.0180305914522447,-0.0180305914522447,0.4610668190562944,hold
2024-01-29,1,1,-0.0099136981024832,-0.0099136981024832,0.4555738081689854,flip
2024-01-30,-1,-1,0.0094600254190029,-0.0094600254190029,0.45035292074713684,flip
2024-01-31,1,1,-0.0013003033741542,-0.0013003033741542,0.44886661948323486,flip
2024-02-01,-1,-1,0.0072059881750932,-0.0072059881750932,0.4447343586920781,flip
2024-02-02,0,-1,-0.0037568550808078,0.0037568550808078,0.44640516122714025,hold
2024-02-05,-1,-1,0.0072434021015312,-0.0072434021015312,0.4431716691441732,hold
2024-02-06,0,-1,5.014315737827957e-05,-5.014315737827957e-05,0.4431494471174217,hold
2024-02-07,-1,-1,-0.0096920171108729,0.0096920171108729,0.44744445914155767,hold
2024-02-08,-1,-1,0.0029722318898448,-0.0029722318898448,0.4461145504511628,hold
2024-02-09,-1,-1,-0.0076414194307357,0.0076414194307357,0.44952349884531423,hold
2024-02-12,0,-1,0.0058844800115076,-0.0058844800115076,0.446878286801656,hold
2024-02-13,-1,-1,0.0044519922849619,-0.0044519922849619,0.444888788116498,hold
2024-02-14,-1,-1,0.0032371361888359,-0.0032371361888359,0.44344862252047873,hold
2024-02-15,-1,-1,0.0059308430222606,-0.0059308430222606,0.4408185983518721,hold
2024-02-16,0,-1,0.0037000088082788,-0.0037000088082788,0.4391875656551171,hold
2024-02-19,-1,-1,0.003376655573009,-0.003376655573009,0.43770458051395145,hold
2024-02-20,-1,-1,-0.00639270001033,0.00639270001033,0.44050269459032454,hold
2024-02-21,-1,-1,0.0073633218581414,-0.0073633218581414,0.4372591314706774,hold
2024-02-22,1,1,-0.0002137959201901,-0.0002137959201901,0.43629112898936173,flip
2024-02-23,-1,-1,-0.0040809285088362,0.0040809285088362,0.437199019637828,flip
2024-02-26,-1,-1,0.0034489943486464,-0.0034489943486464,0.4356911226898634,hold
2024-02-27,-1,-1,-0.0111359278099485,0.0111359278099485,0.44054294757957313,hold
2024-02-28,0,-1,0.0014418556686905,-0.0014418556686905,0.4399077482333039,hold
2024-02-29,-1,-1,0.0161921687000685,-0.0161921687000685,0.432784687761443,hold
2024-03-01,0,-1,0.0029925402887358,-0.0029925402887358,0.431489562146969,hold
2024-03-04,0,-1,-0.0022002905070378,0.0022002905070378,0.43243896453444686,hold
2024-03-05,-1,-1,0.0052669715420341,-0.0052669715420341,0.4301613208145772,hold
2024-03-06,-1,-1,0.000867667346212,-0.000867667346212,0.42978808388290296,hold
2024-03-07,-1,-1,-0.0071531788017711,0.0071531788017711,0.43286243489378795,hold
2024-03-11,-1,-1,0.000136518866846,-0.000136518866846,0.43280334100467605,hold
2024-03-12,-1,-1,-0.0151327252704165,0.0151327252704165,0.4393528350602182,hold
2024-03-13,0,-1,0.0067712159528048,-0.0067712159528048,0.4363778821345484,hold
2024-03-14,0,-1,-0.0055674686273187,0.0055674686273187,0.43880740230298826,hold
2024-03-15,0,-1,0.0014688778023679,-0.0014688778023679,0.4381628478502307,hold
2024-03-18,-1,-1,-0.0108021966402886,0.0108021966402886,0.4428959690931778,hold
2024-03-19,1,1,0.0009923428906801,0.0009923428906801,0.44244968182123195,flip
2024-03-20,-1,-1,0.0079146856998078,-0.0079146856998078,0.4380629322879945,flip
2024-03-21,-1,-1,0.0038524885010076,-0.0038524885010076,0.4363752998786373,hold
2024-03-22,-1,-1,-0.0041658063402989,0.0041658063402989,0.4381931548696216,hold
2024-03-26,-1,-1,0.0054057167831516,-0.0054057167831516,0.43582440677808076,hold
2024-03-27,1,1,0.0091870010785439,0.0091870010785439,0.4389566772596506,flip
2024-03-28,1,1,0.0060509791780918,0.0060509791780918,0.4416127949738331,hold
2024-04-01,1,1,-0.0003872860275131,-0.0003872860275131,0.4414417645087687,hold
2024-04-02,-1,-1,-0.0008306302403686,0.0008306302403686,0.44092555585871385,flip
2024-04-03,-1,-1,0.0035659124883635,-0.0035659124883635,0.43935325391263863,hold
2024-04-04,-1,-1,-4.224679746289706e-05,4.224679746289706e-05,0.4393718151805714,hold
2024-04-05,-1,-1,0.0067781647528144,-0.0067781647528144,0.4363936806295343,hold
2024-04-08,-1,-1,-0.0010390218270411,0.0010390218270411,0.4368471031888912,hold
2024-04-09,-1,-1,0.0049044741142307,-0.0049044741142307,0.4347045978794246,hold
2024-04-10,-1,-1,-0.0103015928142499,0.0103015928142499,0.43918274764126064,hold
2024-04-12,-1,-1,-0.010963897188301,0.010963897188301,0.443997902133275,hold
2024-04-15,-1,-1,-0.005594325260972,0.005594325260972,0.4464817708129978,hold
2024-04-16,-1,-1,-0.0068652458503182,0.0068652458503182,0.44954697793731446,hold
2024-04-18,-1,-1,0.0068717686886063,-0.0068717686886063,0.44645779509026723,hold
2024-04-19,-1,-1,0.0085519659829773,-0.0085519659829773,0.44263970321382023,hold
2024-04-22,-1,-1,0.0014147135985376,-0.0014147135985376,0.442013494806431,hold
2024-04-23,-1,-1,0.0015379287654238,-0.0015379287654238,0.44133370953806267,hold
2024-04-24,-1,-1,0.0074969296067168,-0.0074969296067168,0.4380250617845846,hold
2024-04-25,1,1,-0.0066636269808832,-0.0066636269808832,0.43423017604100467,flip
2024-04-26,-1,-1,0.0099666225688024,-0.0099666225688024,0.42903390741633735,flip
2024-04-29,1,1,-0.0017025173156396,-0.0017025173156396,0.4274454019451318,flip
2024-04-30,-1,-1,0.001917712797214,-0.001917712797214,0.4257707936238211,flip
2024-05-02,-1,-1,-0.0076098592965534,0.0076098592965534,0.42901084945588025,hold
2024-05-03,0,-1,-0.0014749338156797,0.0014749338156797,0.42964361206503615,hold
2024-05-06,-1,-1,-0.006246985595782,0.006246985595782,0.4323275895209262,hold
2024-05-07,0,-1,0.0,-0.0,0.4323275895209262,hold
2024-05-08,-1,-1,-0.0154691178119045,0.0154691178119045,0.43901531593656207,hold
2024-05-09,0,-1,0.004449469144939,-0.004449469144939,0.4370619308341467,hold
2024-05-10,-1,-1,0.0022149680905385,-0.0022149680905385,0.43609385260375993,hold
2024-05-13,-1,-1,0.0051483245877055,-0.0051483245877055,0.43384869989985275,hold
2024-05-14,-1,-1,-0.0007786004689536,0.0007786004689536,0.4341864947010497,hold
2024-05-15,-1,-1,0.0091573776762647,-0.0091573776762647,0.4302104849871387,hold
2024-05-16,1,1,0.002778540343975,0.002778540343975,0.4305454212061023,flip
2024-05-17,0,1,0.0028020516676037,0.0028020516676037,0.431751831721572,hold
2024-05-21,0,1,0.00305161547495,0.00305161547495,0.43306937229259157,hold
2024-05-22,0,1,0.016366619608483,0.016366619608483,0.44015725397298894,hold
2024-05-23,-1,-1,-0.0004593757337192,0.0004593757337192,0.4394791370265386,flip
2024-05-24,-1,-1,-0.0010737589261899,0.0010737589261899,0.43995103167279515,hold
2024-05-27,-1,-1,-0.0019317094176221,0.0019317094176221,0.44080088922397004,hold
2024-05-28,-1,-1,-0.008015115627261,0.008015115627261,0.4443339593196996,hold
2024-05-29,-1,-1,-0.0095155996581792,0.0095155996581792,0.4485620633911196,hold
2024-05-30,-1,-1,0.0018697799732139,-0.0018697799732139,0.44772335102824734,hold
2024-05-31,-1,-1,0.0325423176953527,-0.0325423176953527,0.4331533954994582,hold
2024-06-03,-1,-1,-0.0592935994164107,0.0592935994164107,0.4588366194180612,hold
2024-06-04,-1,-1,0.0336242367600356,-0.0336242367600356,0.44340858829257396,hold
2024-06-05,-1,-1,0.0088880492442378,-0.0088880492442378,0.4394675509245116,hold
2024-06-06,-1,-1,0.0205399314668071,-0.0205399314668071,0.4304409175466366,hold
2024-06-07,-1,-1,-0.0013289382574128,0.0013289382574128,0.43101294694952025,hold
2024-06-10,-1,-1,0.0002429314342191,-0.0002429314342191,0.43090824035615083,hold
2024-06-11,-1,-1,0.0024973129141392,-0.0024973129141392,0.4298321276427004,hold
2024-06-12,-1,-1,0.003256499474515,-0.003256499474515,0.42843237954490226,hold
2024-06-13,-1,-1,0.0028505279152657,-0.0028505279152657,0.42721112108720577,hold
2024-06-14,-1,-1,0.0039334507869606,-0.0039334507869606,0.425530707166767,hold
2024-06-18,-1,-1,-0.0017786131162043,0.0017786131162043,0.4262875616638815,hold
2024-06-19,-1,-1,0.0021687361796223,-0.0021687361796223,0.42536305640597805,hold
2024-06-20,-1,-1,-0.0027962995130903,0.0027962995130903,0.42655249891349273,hold
2024-06-21,-1,-1,0.001563756616109,-0.001563756616109,0.42588547462119897,hold
2024-06-24,-1,-1,0.0077938798539154,-0.0077938798539154,0.4225661744004736,hold
2024-06-25,-1,-1,0.0062180401218379,-0.0062180401218379,0.4199386409739199,hold
2024-06-26,-1,-1,0.0073610408985447,-0.0073610408985447,0.4168474554628316,hold
2024-06-27,-1,-1,-0.0014099020825968,0.0014099020825968,0.4174351695584138,hold
2024-06-28,-1,-1,0.0054704843490753,-0.0054704843490753,0.41515159699659093,hold
2024-07-01,-1,-1,-0.0007497161563467,0.0007497161563467,0.41546284285619245,hold
2024-07-02,-1,-1,0.0067423066077227,-0.0067423066077227,0.4126616649855399,hold
2024-07-03,-1,-1,0.0006444070008029,-0.0006444070008029,0.41239574291966025,hold
2024-07-04,-1,-1,0.0008928929498506,-0.0008928929498506,0.41202751766825885,hold
2024-07-05,-1,-1,-0.0001356211363734,0.0001356211363734,0.41208339730842214,hold
2024-07-08,-1,-1,0.0046318209860134,-0.0046318209860134,0.4101747007807813,hold
2024-07-09,-1,-1,-0.0044509111977667,0.0044509111977667,0.41200035194952705,hold
2024-07-10,-1,-1,-0.0003494426502141,0.0003494426502141,0.41214432244440147,hold
2024-07-11,-1,-1,0.007657573644356,-0.007657573644356,0.40898829694318023,hold
2024-07-12,-1,-1,0.0034506697076412,-0.0034506697076412,0.40757701341613867,hold
2024-07-15,-1,-1,0.0010697158254551,-0.0010697158254551,0.40714102183479567,hold
2024-07-16,-1,-1,0.0076321297434283,-0.0076321297434283,0.4040336687322805,hold
2024-07-18,-1,-1,-0.0108846762510892,0.0108846762510892,0.40843144441097123,hold
2024-07-19,-1,-1,-0.0008825762723847,0.0008825762723847,0.4087919163127042,hold
2024-07-22,-1,-1,-0.0012321559717249,0.0012321559717249,0.40929561171358175,hold
2024-07-23,-1,-1,-0.0026778318259059,0.0026778318259059,0.41039163652883204,hold
2024-07-24,-1,-1,-0.0003031269840456,0.0003031269840456,0.4105160373078906,hold
2024-07-25,-1,-1,0.0175673297602745,-0.0175673297602745,0.40330436670862174,hold
2024-07-26,1,1,5.03324972633834e-05,5.03324972633834e-05,0.40251805729113815,flip
2024-07-29,-1,-1,0.0008536433743,-0.0008536433743,0.40136941430391315,flip
2024-07-30,0,-1,0.0037755350108565,-0.0037755350108565,0.39985403002792175,hold
2024-07-31,-1,-1,0.0023946791656728,-0.0023946791656728,0.39889650791290354,hold
2024-08-01,-1,-1,-0.0117229354919546,0.0117229354919546,0.40357274594313247,hold
2024-08-02,0,-1,-0.0267864578946228,0.0267864578946228,0.41438303030975554,hold
2024-08-05,-1,-1,-0.0026209626510589,0.0026209626510589,0.41546911275543,hold
2024-08-06,-1,-1,0.0127101624804444,-0.0127101624804444,0.4101884328267024,hold
2024-08-07,-1,-1,-0.007428747813561,0.007428747813561,0.41323561925021185,hold
2024-08-08,-1,-1,0.0103868640378157,-0.0103868640378157,0.4089433970574773,hold
2024-08-09,-1,-1,-0.0008412844977941,0.0008412844977941,0.409287434797897,hold
2024-08-12,-1,-1,-0.0085431469996303,0.0085431469996303,0.412784037518477,hold
2024-08-13,-1,-1,0.0001967769998756,-0.0001967769998756,0.41270281111397755,hold
2024-08-14,-1,-1,0.0164597624902924,-0.0164597624902924,0.4059098208639655,hold
2024-08-16,-1,-1,0.0012835584110202,-0.0012835584110202,0.40538881189927983,hold
2024-08-19,-1,-1,0.0051357593399101,-0.0051357593399101,0.40330683252227306,hold
2024-08-20,-1,-1,0.0028887826964991,-0.0028887826964991,0.40214176672310287,hold
2024-08-21,-1,-1,0.0016673576536574,-0.0016673576536574,0.40147125257050176,hold
2024-08-22,-1,-1,0.0004695560778267,-0.0004695560778267,0.40128273930378455,hold
2024-08-23,-1,-1,0.007551387144671,-0.007551387144671,0.3982524979848276,hold
2024-08-26,-1,-1,0.000285894410237,-0.000285894410237,0.3981386398217908,hold
2024-08-27,-1,-1,0.0013830024432652,-0.0013830024432652,0.397588013110159,hold
2024-08-28,-1,-1,0.0039756594063229,-0.0039756594063229,0.39600733858599635,hold
2024-08-29,-1,-1,0.0033377600735777,-0.0033377600735777,0.39468556110242026,hold
2024-08-30,-1,-1,0.0016959501132323,-0.0016959501132323,0.39401619408037747,hold
2024-09-02,-1,-1,4.550829989491412e-05,-4.550829989491412e-05,0.3939982630732538,hold
2024-09-03,-1,-1,-0.0032100820170585,0.0032100820170585,0.3952630298122975,hold
2024-09-04,-1,-1,-0.0021270784221717,0.0021270784221717,0.3961037852740934,hold
2024-09-05,-1,-1,-0.0116503502989019,0.0116503502989019,0.4007185331272576,hold
2024-09-06,-1,-1,0.0033900486950126,-0.0033900486950126,0.39936007778696214,hold
2024-09-09,-1,-1,0.0041986500501236,-0.0041986500501236,0.39768330457634454,hold
2024-09-10,-1,-1,-0.0048979634496194,0.0048979634496194,0.39963114286668333,hold
2024-09-11,-1,-1,0.0188796328272711,-0.0188796328272711,0.39208625362301763,hold
2024-09-12,1,1,-0.0012761636040355,-0.0012761636040355,0.39080171490925525,flip
2024-09-13,-1,-1,0.0010746751326089,-0.0010746751326089,0.3896001265946428,flip
2024-09-16,-1,-1,0.0013709866056039,-0.0013709866056039,0.38906599003954,hold
2024-09-17,0,-1,-0.0016129951842196,0.0016129951842196,0.38969355160781743,hold
2024-09-18,-1,-1,0.0015072376499098,-0.0015072376499098,0.38910619081490705,hold
2024-09-19,-1,-1,0.0147604413777415,-0.0147604413777415,0.3833628116956673,hold
2024-09-20,1,1,0.0057423850996662,0.0057423850996662,0.3847975029699234,flip
2024-09-23,-1,-1,5.203002169906768e-05,-5.203002169906768e-05,0.38400788694155424,flip
2024-09-24,-1,-1,0.0024575565157058,-0.0024575565157058,0.3830641658569186,hold
2024-09-25,-1,-1,0.008148714241454,-0.008148714241454,0.37994268543320964,hold
2024-09-26,-1,-1,-0.0014152231703233,0.0014152231703233,0.38048038912502957,hold
2024-09-27,-1,-1,-0.0140609008520233,0.0140609008520233,0.3858302861526559,hold
2024-09-30,-1,-1,-0.0005404401234794,0.0005404401234794,0.38603880432014637,hold
2024-10-01,-1,-1,-0.0211963752609873,0.0211963752609873,0.39422142768181906,hold
2024-10-03,-1,-1,-0.0093266958801446,0.0093266958801446,0.39789821104724377,hold
2024-10-04,-1,-1,-0.0087488751686026,0.0087488751686026,0.4013793728255064,hold
2024-10-07,-1,-1,0.0087676473034692,-0.0087676473034692,0.3978602200496847,hold
2024-10-08,-1,-1,-0.0012473907279866,0.0012473907279866,0.3983565071992094,hold
2024-10-09,-1,-1,0.0006604768849507,-0.0006604768849507,0.3980934019342346,hold
2024-10-10,-1,-1,-0.0013680536120755,0.0013680536120755,0.39863801505069413,hold
2024-10-11,-1,-1,0.0065573457544287,-0.0065573457544287,0.39602400775514757,hold
2024-10-14,-1,-1,-0.0028096049048969,0.0028096049048969,0.39713667874979336,hold
2024-10-15,-1,-1,-0.0034340754096676,0.0034340754096676,0.39850047605256506,hold
2024-10-16,-1,-1,-0.0088682273228345,0.0088682273228345,0.4020344688624569,hold
2024-10-17,1,1,0.0042101739412401,0.0042101739412401,0.40292303496901705,flip
2024-10-18,-1,-1,-0.0029351823779982,0.0029351823779982,0.4032998414910096,flip
2024-10-21,-1,-1,-0.0124691803378693,0.0124691803378693,0.40832865994479517,hold
2024-10-22,1,1,-0.0014955647434917,-0.0014955647434917,0.4069013206773349,flip
2024-10-23,-1,-1,-0.0014773427748562,0.0014773427748562,0.4066886507621624,flip
2024-10-24,-1,-1,-0.0089592205494931,0.0089592205494931,0.41033226407931633,hold
2024-10-25,1,1,0.0065485676346082,0.0065485676346082,0.41219868813514304,flip
2024-10-28,-1,-1,0.0052466588480091,-0.0052466588480091,0.40921162486463075,flip
2024-10-29,-1,-1,-0.0051498252538292,0.0051498252538292,0.4113189932245191,hold
2024-10-30,-1,-1,-0.005566773640794,0.005566773640794,0.4136087129539593,hold
2024-10-31,1,1,0.0040900049616161,0.0040900049616161,0.41447315721620076,flip
2024-11-01,-1,-1,-0.0127137736646451,0.0127137736646451,0.41891372881268596,flip
2024-11-04,1,1,0.0090830588186072,0.0090830588186072,0.4218809193937883,flip
2024-11-05,-1,-1,0.0111818707596305,-0.0111818707596305,0.4163197396383853,flip
2024-11-06,-1,-1,-0.0116280257061476,0.0116280257061476,0.42116071627287716,hold
2024-11-07,-1,-1,-0.0021137093124677,0.0021137093124677,0.4220509276009087,hold
2024-11-08,-1,-1,-0.0002856708874028,0.0002856708874028,0.4221714952639256,hold
2024-11-11,-1,-1,-0.0106809307765333,0.0106809307765333,0.4266806797806651,hold
2024-11-12,-1,-1,-0.0135825623229214,0.0135825623229214,0.4324760967057724,hold
2024-11-13,1,1,-0.0011185324376894,-0.0011185324376894,0.43112740596967014,flip
2024-11-14,-1,-1,-0.0033527151631265,0.0033527151631265,0.4317105985489647,flip
2024-11-18,-1,-1,0.0027585814066317,-0.0027585814066317,0.4305196897187617,hold
2024-11-19,-1,-1,-0.0071688079331164,0.0071688079331164,0.4336060026857804,hold
2024-11-21,1,1,0.0238694641112378,0.0238694641112378,0.4430887335999344,flip
2024-11-22,-1,-1,0.0131612958673623,-0.0131612958673623,0.43637093421433093,flip
2024-11-25,-1,-1,-0.0011312238174179,0.0011312238174179,0.4368645674083431,hold
2024-11-26,-1,-1,0.0033230854378061,-0.0033230854378061,0.43541282912609497,hold
2024-11-27,-1,-1,-0.0148610290544929,0.0148610290544929,0.4418835118304368,hold
2024-11-28,-1,-1,0.0090720019405352,-0.0090720019405352,0.43787474375362057,hold
2024-11-29,-1,-1,0.0060068200049485,-0.0060068200049485,0.4352445089831796,hold
2024-12-02,-1,-1,0.0074600111445999,-0.0074600111445999,0.4319975800955392,hold
2024-12-03,-1,-1,0.0004210968146538,-0.0004210968146538,0.43181566729062276,hold
2024-12-04,-1,-1,0.0098478255628851,-0.0098478255628851,0.4275632219238239,hold
2024-12-05,-1,-1,-0.0012384293961259,0.0012384293961259,0.42809272878655663,hold
2024-12-06,-1,-1,-0.0023827399277279,0.0023827399277279,0.4291127624242063,hold
2024-12-09,-1,-1,-0.00036350862139,0.00036350862139,0.429268748612896,hold
2024-12-10,-1,-1,0.0012901233029631,-0.0012901233029631,0.4287149389970767,hold
2024-12-11,-1,-1,-0.0037781963796591,0.0037781963796591,0.4303347082275012,hold
2024-12-12,-1,-1,0.0089455478085889,-0.0089455478085889,0.4264851285213569,hold
2024-12-13,-1,-1,-0.0040394689217332,0.0040394689217332,0.42820790194360026,hold
2024-12-16,-1,-1,-0.0134687300477334,0.0134687300477334,0.4339753185791849,hold
2024-12-17,-1,-1,-0.0056356998120069,0.0056356998120069,0.43642107320051726,hold
2024-12-18,-1,-1,-0.010213311567061,0.010213311567061,0.4408783775955453,hold
2024-12-19,-1,-1,-0.0152055691508056,0.0152055691508056,0.4475821842531693,hold
2024-12-20,-1,-1,0.0070354729729729,-0.0070354729729729,0.444433231892672,hold
2024-12-23,-1,-1,-0.0010861087115143,0.0010861087115143,0.4449159346975171,hold
2024-12-24,-1,-1,0.0009503186263191,-0.0009503186263191,0.44449312279762787,hold
2024-12-26,-1,-1,0.002661079652128,-0.002661079652128,0.4433102911930403,hold
2024-12-27,-1,-1,-0.0070758479358679,0.0070758479358679,0.44644708740192757,hold
2024-12-30,-1,-1,-4.212721278373799e-06,4.212721278373799e-06,0.44644896815907237,hold
2024-12-31,-1,-1,0.0041488871182535,-0.0041488871182535,0.44459670178611965,hold
2025-01-01,-1,-1,0.0187740331916654,-0.0187740331916654,0.4362498285498821,hold
2025-01-02,-1,-1,-0.0076027553276091,0.0076027553276091,0.4395665292580582,hold
2025-01-03,-1,-1,-0.0161925959966257,0.0161925959966257,0.44668425247997284,hold
2025-01-06,-1,-1,0.0038892874268343,-0.0038892874268343,0.44494696903303765,hold
2025-01-07,-1,-1,-0.0007993610384197,0.0007993610384197,0.44530264230424554,hold
2025-01-08,-1,-1,-0.0068575949591475,0.0068575949591475,0.44835634745940617,hold
2025-01-09,1,1,-0.0040379997024632,-0.0040379997024632,0.4456491719668488,flip
2025-01-10,-1,-1,-0.0147472753024774,0.0147472753024774,0.4513299846502313,flip
2025-01-13,-1,-1,0.0039028744993869,-0.0039028744993869,0.4495685003623312,hold
2025-01-14,-1,-1,0.0016028803979861,-0.0016028803979861,0.44884789582554846,hold
2025-01-15,-1,-1,0.0042476507253836,-0.0042476507253836,0.44694134673525815,hold
2025-01-16,-1,-1,-0.0046586517926727,0.0046586517926727,0.44902349084144594,hold
2025-01-17,1,1,0.0061004855371675,0.0061004855371675,0.4508647051714898,flip
2025-01-20,-1,-1,-0.0137118456772935,0.0137118456772935,0.45614516301979674,flip
2025-01-21,-1,-1,0.0056764909144164,-0.0056764909144164,0.4535558591462599,hold
2025-01-22,-1,-1,0.0021593282262408,-0.0021593282262408,0.4525764831774285,hold
2025-01-23,-1,-1,-0.0048760476583936,0.0048760476583936,0.45478326767846977,hold
2025-01-24,-1,-1,-0.0113912419355629,0.0113912419355629,0.45996381390884106,hold
2025-01-27,1,1,0.0056112298172781,0.0056112298172781,0.46162484894849765,flip
2025-01-28,-1,-1,0.0089666492883511,-0.0089666492883511,0.4565623711272914,flip
2025-01-29,-1,-1,0.0037300875997627,-0.0037300875997627,0.45485935348823126,hold
2025-01-30,-1,-1,0.0111357401503258,-0.0111357401503258,0.4497941579228411,hold
2025-01-31,1,1,-0.0011166221250199,-0.0011166221250199,0.44839231949855407,flip
2025-02-01,-1,-1,-0.0051570919766934,0.0051570919766934,0.4498079352928539,flip
2025-02-03,-1,-1,0.0161893068206311,-0.0161893068206311,0.4425258566180433,hold
2025-02-04,1,1,-0.0018092070621439,-0.0018092070621439,0.44084018399983255,flip
2025-02-05,-1,-1,-0.0039226026346081,0.0039226026346081,0.4416877444990318,flip
2025-02-06,-1,-1,-0.0018387386257991,0.0018387386257991,0.4424998928153843,hold
2025-02-07,-1,-1,-0.0075700336923079,0.0075700336923079,0.44584963191283944,hold
2025-02-10,-1,-1,-0.0132496849360461,0.0132496849360461,0.4517569990645367,hold
2025-02-11,-1,-1,-0.0011507892904301,0.0011507892904301,0.45227687618093704,hold
2025-02-12,-1,-1,-0.0006009745771905,0.0006009745771905,0.4525486830853729,hold
2025-02-13,-1,-1,-0.0044352661537063,0.0044352661537063,0.45455585694236583,hold
2025-02-14,-1,-1,0.0013192755977626,-0.0013192755977626,0.4539561724924817,hold
2025-02-17,-1,-1,-0.0006184463402948,0.0006184463402948,0.4542369200260139,hold
2025-02-18,-1,-1,-0.0005404326900405,0.0005404326900405,0.45448240450661925,hold
2025-02-19,-1,-1,-0.0008612081186238,0.0008612081186238,0.45487380844315206,hold
2025-02-20,-1,-1,-0.0051171487988824,0.0051171487988824,0.45720146540566997,hold
2025-02-21,-1,-1,-0.0106401053300685,0.0106401053300685,0.46206613715464795,hold
2025-02-24,1,1,-0.0002571160481895,-0.0002571160481895,0.4610232002611513,flip
2025-02-25,-1,-1,-0.0001108767876499,0.0001108767876499,0.460152270632106,flip
2025-02-27,-1,-1,-0.0186449596666951,0.0186449596666951,0.46873179115857977,hold
2025-02-28,1,1,-0.0002440004922383,-0.0002440004922383,0.46767995678849217,flip
2025-03-03,-1,-1,-0.0016569416451024,0.0016569416451024,0.4675195152718977,flip
2025-03-04,-1,-1,0.0115316950692254,-0.0115316950692254,0.46212822278287013,hold
2025-03-05,-1,-1,0.009284847776867,-0.009284847776867,0.4578374325809371,hold
2025-03-06,-1,-1,0.0003460139864501,-0.0003460139864501,0.4576790144257437,hold
2025-03-07,-1,-1,-0.0040882039130917,0.0040882039130917,0.45955009956345894,hold
2025-03-10,-1,-1,0.001674047455606,-0.001674047455606,0.4587807908885613,hold
2025-03-11,-1,-1,-0.0012179087892316,0.0012179087892316,0.4593395440461151,hold
2025-03-12,-1,-1,-0.0032620894617386,0.0032620894617386,0.4608379507321077,hold
2025-03-13,-1,-1,0.0049805683362682,-0.0049805683362682,0.4585427158265406,hold
2025-03-17,-1,-1,0.0144632989948354,-0.0144632989948354,0.4519106754256375,hold
2025-03-18,-1,-1,0.0032100316461272,-0.0032100316461272,0.4504600278562985,hold
2025-03-19,-1,-1,0.01235619558909,-0.01235619558909,0.44489405564703915,hold
2025-03-20,-1,-1,0.0068885519512889,-0.0068885519512889,0.4418293798318949,hold
2025-03-21,-1,-1,0.0131881772302988,-0.0131881772302988,0.4360024556651189,hold
2025-03-24,-1,-1,0.0004353972876416,-0.0004353972876416,0.43581262137851723,hold
2025-03-25,-1,-1,-0.0076810793285454,0.0076810793285454,0.4391601326957069,hold
2025-03-26,-1,-1,0.0044748278770025,-0.0044748278770025,0.4371949666914521,hold
2025-03-27,-1,-1,-0.0030773044101545,0.0030773044101545,0.438540348690549,hold
2025-03-28,-1,-1,-0.0150365718652369,0.0150365718652369,0.4451344921594405,hold
2025-04-01,-1,-1,0.0071938424586863,-0.0071938424586863,0.4419322647499182,hold
2025-04-02,-1,-1,-0.0035251486188494,0.0035251486188494,0.4434901416626264,hold
2025-04-03,-1,-1,-0.0148666197750665,0.0148666197750665,0.450083340972715,hold
2025-04-04,-1,-1,-0.0324325462830553,0.0324325462830553,0.46468068976004473,hold
2025-04-07,0,-1,0.0168873189028142,-0.0168873189028142,0.45683347876408714,hold
2025-04-08,-1,-1,-0.0060658560080705,0.0060658560080705,0.459604564865936,hold
2025-04-09,1,1,0.0191703874091904,0.0191703874091904,0.4674961532997165,flip
2025-04-11,-1,-1,0.0219023977821084,-0.0219023977821084,0.4563218742819411,flip
2025-04-15,1,1,0.004657316201027,0.004657316201027,0.45753446579135354,flip
2025-04-16,-1,-1,0.0176834769379541,-0.0176834769379541,0.4485285966856303,flip
2025-04-17,-1,-1,0.0114834984640164,-0.0114834984640164,0.4433779192345234,hold
2025-04-21,-1,-1,0.0017284255654137,-0.0017284255654137,0.4426115735037785,hold
2025-04-22,-1,-1,0.0066908406521222,-0.0066908406521222,0.4396501299946796,hold
2025-04-23,-1,-1,-0.0033807460922566,0.0033807460922566,0.4411364754536192,hold
2025-04-24,-1,-1,-0.0085516633626838,0.0085516633626838,0.4449089260886994,hold
2025-04-25,-1,-1,0.0120282118827472,-0.0120282118827472,0.43955746725717904,hold
2025-04-28,-1,-1,0.0003061930965739,-0.0003061930965739,0.4394228777951574,hold
2025-04-29,-1,-1,-7.191007773188485e-05,7.191007773188485e-05,0.43945447672845683,hold
2025-04-30,-1,-1,0.0005136803511647,-0.0005136803511647,0.43922873759853004,hold
2025-05-02,-1,-1,0.0047008906976129,-0.0047008906976129,0.4371639713118288,hold
2025-05-05,-1,-1,-0.0033338898599493,0.0033338898599493,0.4386214278429205,hold
2025-05-06,-1,-1,0.0014274549954715,-0.0014274549954715,0.43799531549462534,hold
2025-05-07,-1,-1,-0.0057588802970967,0.0057588802970967,0.440517678087248,hold
2025-05-08,-1,-1,-0.0109501096942064,0.0109501096942064,0.4453413949845405,hold
2025-05-09,-1,-1,0.0381830730902199,-0.0381830730902199,0.4283368919497453,hold
2025-05-12,-1,-1,-0.0138958390765435,0.0138958390765435,0.43428899247082575,hold
2025-05-13,-1,-1,0.0036027960647213,-0.0036027960647213,0.4327243377978001,hold
2025-05-14,-1,-1,0.0160214381414618,-0.0160214381414618,0.4257914715874676,hold
2025-05-15,-1,-1,-0.0016877607536591,0.0016877607536591,0.42651010572245573,hold
2025-05-16,-1,-1,-0.0029717088137536,0.0029717088137536,0.4277775695627861,hold
2025-05-19,-1,-1,-0.0104848313546668,0.0104848313546668,0.4322627452369612,hold
2025-05-20,-1,-1,0.0052483127088862,-0.0052483127088862,0.429994095177556,hold
2025-05-21,-1,-1,-0.0082112727740422,0.0082112727740422,0.4335248939842864,hold
2025-05-22,-1,-1,0.0098924887180058,-0.0098924887180058,0.42923625386157216,hold
2025-05-23,-1,-1,0.0059549794562796,-0.0059549794562796,0.4266801607879361,hold
2025-05-26,-1,-1,-0.0069977248703164,0.0069977248703164,0.4296659511607524,hold
2025-05-27,-1,-1,-0.0029706520659956,0.0029706520659956,0.430942339206256,hold
2025-05-28,-1,-1,0.0032784792287758,-0.0032784792287758,0.4295295036983683,hold
2025-05-29,-1,-1,-0.0033382349691143,0.0033382349691143,0.43096337410788044,hold
2025-05-30,-1,-1,-0.0013777230725331,0.0013777230725331,0.4315571222918056,hold
2025-06-02,-1,-1,-0.0070438333802584,0.0070438333802584,0.4345969387552929,hold
2025-06-03,-1,-1,0.0031659048079861,-0.0031659048079861,0.4332210462173515,hold
2025-06-04,-1,-1,0.0053086967621067,-0.0053086967621067,0.430921207052021,hold
2025-06-05,-1,-1,0.0101875239545026,-0.0101875239545026,0.4265311869326754,hold
2025-06-06,1,1,0.0040054487100871,0.0040054487100871,0.42738657335132146,flip
2025-06-09,1,1,4.18584595869298e-05,4.18584595869298e-05,0.4274044630949301,hold
2025-06-10,-1,-1,0.0014798446727146,-0.0014798446727146,0.42591716195093476,flip
2025-06-11,0,-1,-0.0100710846627866,0.0100710846627866,0.4302066097482764,hold
2025-06-12,-1,-1,-0.0068144588479197,0.0068144588479197,0.4331382349865091,hold
2025-06-13,0,-1,0.0092197937677085,-0.0092197937677085,0.4291447897870242,hold
2025-06-16,-1,-1,-0.0037319707924959,0.0037319707924959,0.43074634560826114,hold
2025-06-17,-1,-1,-0.0016637405234334,0.0016637405234334,0.43146299575877045,hold
2025-06-18,-1,-1,-0.0007577278241026,0.0007577278241026,0.43178992727572757,hold
2025-06-19,-1,-1,0.0128724709598377,-0.0128724709598377,0.42623172397612036,hold
2025-06-20,0,-1,-0.0055948454872697,0.0055948454872697,0.4286164246135393,hold
2025-06-23,-1,-1,0.0029012296868362,-0.0029012296868362,0.42737290991818494,hold
2025-06-24,-1,-1,0.0080018205204253,-0.0080018205204253,0.42395314859772776,hold
2025-06-25,0,-1,0.0120520108141297,-0.0120520108141297,0.41884366066614365,hold
2025-06-26,-1,-1,0.003475704773181,-0.003475704773181,0.4173878837555497,hold
2025-06-27,-1,-1,-0.0047098423546652,0.0047098423546652,0.41935371488878564,hold
2025-06-30,-1,-1,0.0009699396772837,-0.0009699396772837,0.4189469670818987,hold
2025-07-01,-1,-1,-0.0034610085397696,0.0034610085397696,0.4203969461126797,hold
2025-07-02,-1,-1,-0.0018897125192245,0.0018897125192245,0.4211913754847926,hold
2025-07-03,-1,-1,0.0021924250859925,-0.0021924250859925,0.420267944947176,hold
2025-07-04,-1,-1,1.1813410706551508e-05,-1.1813410706551508e-05,0.42026298014933555,hold
2025-07-07,-1,-1,0.0024036171315751,-0.0024036171315751,0.4192528288504818,hold
2025-07-08,-1,-1,-0.0018180190273288,0.0018180190273288,0.42001503847059335,hold
2025-07-09,-1,-1,-0.004743646446198,0.004743646446198,0.42200744131518414,hold
2025-07-10,-1,-1,-0.008100901810276,0.008100901810276,0.4254260821604843,hold
2025-07-11,-1,-1,-0.0026858541571485,0.0026858541571485,0.4265687145718144,hold
2025-07-14,-1,-1,0.0045251032187942,-0.0045251032187942,0.4246384471084686,hold
2025-07-15,-1,-1,0.0006449487413033,-0.0006449487413033,0.424364577076497,hold
2025-07-16,-1,-1,-0.0039902173517283,0.0039902173517283,0.4260578839754065,hold
2025-07-17,-1,-1,-0.0056965580472427,0.0056965580472427,0.42848494744295784,hold
2025-07-18,-1,-1,0.0048981443028652,-0.0048981443028652,0.42638616633877663,hold
2025-07-21,-1,-1,-0.0011876443882732,0.0011876443882732,0.4268925614764662,hold
2025-07-22,-1,-1,0.0063445445902445,-0.0063445445902445,0.4241841225849351,hold
2025-07-23,-1,-1,-0.006256994627491,0.006256994627491,0.42683824036101603,hold
2025-07-24,-1,-1,-0.0089816740370306,0.0089816740370306,0.4306719623024784,hold
2025-07-25,-1,-1,-0.0062849623293875,0.0062849623293875,0.43337871936187283,hold
2025-07-28,-1,-1,0.0056804742343701,-0.0056804742343701,0.4309169227128134,hold
2025-07-29,-1,-1,0.0013678351245234,-0.0013678351245234,0.4303274994101753,hold
2025-07-30,-1,-1,-0.0034882717656889,0.0034882717656889,0.43182859867636736,hold
2025-07-31,-1,-1,-0.0081959437427822,0.0081959437427822,0.4353678415776433,hold
2025-08-01,1,1,0.0064074150430544,0.0064074150430544,0.43728668835187473,flip
2025-08-04,-1,-1,-0.0029608040671041,0.0029608040671041,0.43770683518053366,flip
2025-08-05,-1,-1,-0.0030569142281212,0.0030569142281212,0.4390448674327429,hold
2025-08-06,-1,-1,0.0008932609229541,-0.0008932609229541,0.4386526858092417,hold
2025-08-07,-1,-1,-0.0094669127354072,0.0094669127354072,0.4428053725069498,hold
2025-08-08,-1,-1,0.0091018044718578,-0.0091018044718578,0.4387750445873034,hold
2025-08-11,-1,-1,-0.0039719417907191,0.0039719417907191,0.44051783352362434,hold
2025-08-12,-1,-1,0.0053884535167121,-0.0053884535167121,0.43814412365439953,hold
2025-08-13,-1,-1,0.000485438164071,-0.000485438164071,0.43793143177541427,hold
2025-08-14,-1,-1,0.0099730192766349,-0.0099730192766349,0.4335639331644738,hold
2025-08-18,1,1,0.0041685646806257,0.0041685646806257,0.4345041445967274,flip
2025-08-19,1,1,0.0027981813736617,0.0027981813736617,0.43571996600091684,hold
2025-08-20,-1,-1,0.0013252889742787,-0.0013252889742787,0.4342710712021009,flip
2025-08-21,0,-1,-0.0085174820600987,0.0085174820600987,0.4379699672602846,hold
2025-08-22,-1,-1,0.0039264173509054,-0.0039264173509054,0.43625031438165834,hold
2025-08-25,-1,-1,-0.0102411798720348,0.0102411798720348,0.44071803232047263,hold
2025-08-26,0,-1,-0.0085444301039235,0.0085444301039235,0.4444837167431736,hold
2025-08-28,0,-1,-0.0030223697933294,0.0030223697933294,0.44582711090228494,hold
2025-08-29,-1,-1,0.0081140701746054,-0.0081140701746054,0.4422096384386822,hold
2025-09-01,-1,-1,-0.0018457290617897,0.0018457290617897,0.443025837619752,hold
2025-09-02,-1,-1,0.005510715147017,-0.005510715147017,0.440584448425861,hold
2025-09-03,-1,-1,0.0007788776228048,-0.0007788776228048,0.4402412870580263,hold
2025-09-04,-1,-1,0.0002708473067116,-0.0002708473067116,0.4401220488911234,hold
2025-09-05,-1,-1,0.0012994782193525,-0.0012994782193525,0.4395501198747326,hold
2025-09-08,-1,-1,0.0038529301782352,-0.0038529301782352,0.4378565639530203,hold
2025-09-09,0,-1,0.0042020862308871,-0.0042020862308871,0.4360166529145298,hold
2025-09-10,0,-1,0.0012974116602184,-0.0012974116602184,0.4354509598249891,hold
2025-09-11,0,-1,0.0043390454100098,-0.0043390454100098,0.4335615183364761,hold
2025-09-12,0,-1,-0.0017838966811339,0.0017838966811339,0.4343349472901039,hold
2025-09-15,-1,-1,0.0067772563910986,-0.0067772563910986,0.43139134799270457,hold
2025-09-16,0,-1,0.0036114755294653,-0.0036114755294653,0.4298333886958059,hold
2025-09-17,-1,-1,0.0036853015416349,-0.0036853015416349,0.4282493230457991,hold
2025-09-18,-1,-1,-0.0037976065391384,0.0037976065391384,0.4298756454753794,hold
2025-09-19,-1,-1,-0.0049236357186648,0.0049236357186648,0.43199219655802606,hold
2025-09-22,-1,-1,-0.001303434397354,0.001303434397354,0.43255527004640826,hold
2025-09-23,-1,-1,-0.0044736530076083,0.0044736530076083,0.43449037223120823,hold
2025-09-24,-1,-1,-0.0066269482123226,0.0066269482123226,0.43736971742673725,hold
2025-09-25,-1,-1,-0.0094874379272315,0.0094874379272315,0.44151923547207417,hold
2025-09-26,0,-1,-0.0008030448049409,0.0008030448049409,0.44187379520040154,hold
2025-09-29,-1,-1,-0.0009661407544825,0.0009661407544825,0.4423007074822825,hold
2025-09-30,-1,-1,0.0091503904924759,-0.0091503904924759,0.43825348329372127,hold
2025-10-01,-1,-1,0.0023332467769816,-0.0023332467769816,0.43723092976632527,hold
2025-10-03,-1,-1,0.0073671787912872,-0.0073671787912872,0.434009771333656,hold
2025-10-06,-1,-1,0.0012222193924698,-0.0012222193924698,0.4334793161746106,hold
2025-10-07,-1,-1,-0.0024752925801897,0.0024752925801897,0.4345523043096033,hold
2025-10-08,-1,-1,0.0054160175719368,-0.0054160175719368,0.43219876139353686,hold
2025-10-09,1,1,0.004112050167679,0.004112050167679,0.4331115868600087,flip
2025-10-10,-1,-1,-0.0022938183927065,0.0022938183927065,0.4332388430103225,flip
2025-10-13,-1,-1,-0.0032444791324643,0.0032444791324643,0.4346444773958425,hold
2025-10-14,-1,-1,0.0070808208725219,-0.0070808208725219,0.4315668377081716,hold
2025-10-15,-1,-1,0.0103362282114798,-0.0103362282114798,0.4271060643851133,hold
2025-10-16,1,1,0.0048679837376106,0.0048679837376106,0.42833099763200466,flip
2025-10-17,-1,-1,0.0051848137299641,-0.0051848137299641,0.425253519199249,flip
2025-10-20,-1,-1,0.0009847568259027,-0.0009847568259027,0.42483474789347836,hold
2025-10-21,-1,-1,0.0008814076368377,-0.0008814076368377,0.424460295302291,hold
2025-10-23,-1,-1,-0.0037174505259611,0.0037174505259611,0.4260382054503121,hold
2025-10-24,-1,-1,0.0066252915000297,-0.0066252915000297,0.4232155781490543,hold
2025-10-27,-1,-1,-0.001149638146805,0.001149638146805,0.4237021229220166,hold
2025-10-28,-1,-1,0.0045381040946781,-0.0045381040946781,0.42177931858306034,hold
2025-10-29,-1,-1,-0.00675717564781,0.00675717564781,0.4246293555233397,hold
2025-10-30,-1,-1,-0.0060186608373972,0.0060186608373972,0.4271850555958372,hold
2025-10-31,-1,-1,0.0016036793506921,-0.0016036793506921,0.4264999877432539,hold
2025-11-03,-1,-1,-0.0064315867797603,0.0064315867797603,0.42924305942599134,hold
2025-11-04,-1,-1,-0.0034359080045569,0.0034359080045569,0.4307178990897736,hold
2025-11-06,-1,-1,-0.0006820322478444,0.0006820322478444,0.4310116625866766,hold
2025-11-07,-1,-1,0.0032185728871263,-0.0032185728871263,0.4296244201354399,hold
2025-11-10,-1,-1,0.0047156471705849,-0.0047156471705849,0.427598462954214,hold
2025-11-11,-1,-1,0.0070384090258497,-0.0070384090258497,0.4245888500731176,hold
2025-11-12,1,1,0.0001294494962036,0.0001294494962036,0.423794635185707,flip
2025-11-13,0,1,0.0011940264714482,0.0011940264714482,0.42430065719857646,hold
2025-11-14,0,1,0.0039906690408659,0.0039906690408659,0.4259939006952779,hold
2025-11-17,0,1,-0.0039748069020186,-0.0039748069020186,0.4243006571985765,hold
2025-11-18,-1,-1,0.0055036406751542,-0.0055036406751542,0.42111685752872663,flip
2025-11-19,0,-1,0.0053545415882216,-0.0053545415882216,0.4188619698015879,hold
2025-11-20,0,-1,-0.0047342428227803,0.0047342428227803,0.4208449640758567,hold
2025-11-21,-1,-1,-0.004167936312968,0.004167936312968,0.4225990190837582,hold
2025-11-24,-1,-1,-0.002877529180069,0.002877529180069,0.4238150600926402,hold
2025-11-25,-1,-1,0.0123817835303625,-0.0123817835303625,0.4185674737616656,hold
2025-11-26,0,-1,0.0003911422381892,-0.0003911422381892,0.41840375434314525,hold
2025-11-27,-1,-1,-0.0004806903583736,0.0004806903583736,0.4186048769937653,hold
2025-11-28,-1,-1,-0.0010380212747401,0.0010380212747401,0.4190393977617948,hold
2025-12-01,-1,-1,-0.0054841133969418,0.0054841133969418,0.4213374573369067,hold
2025-12-02,-1,-1,-0.0017746951904364,0.0017746951904364,0.42208520289599327,hold
2025-12-03,-1,-1,0.0018375278996383,-0.0018375278996383,0.4213096095596474,hold
2025-12-04,-1,-1,0.0058654330916598,-0.0058654330916598,0.418838446233902,hold
2025-12-05,-1,-1,-0.0086265394598917,0.0086265394598917,0.4224515726176585,hold
2025-12-08,0,-1,-0.0046570811090926,0.0046570811090926,0.4244189638560027,hold
2025-12-09,-1,-1,-0.0031598875909956,0.0031598875909956,0.4257600800732744,hold
2025-12-10,-1,-1,0.0054565875164998,-0.0054565875164998,0.42343688293532267,hold
2025-12-11,1,1,0.0057299900196514,0.0057299900196514,0.4250162982826238,flip
2025-12-12,1,1,-0.0007543469807149,-0.0007543469807149,0.42469568852125966,hold
2025-12-15,-1,-1,-0.0064240688375742,0.0064240688375742,0.4265745714822987,flip
2025-12-16,-1,-1,-0.0016066770334456,0.0016066770334456,0.42725993904935117,hold
2025-12-17,-1,-1,-0.0001161955225689,0.0001161955225689,0.4273095847412417,hold
2025-12-18,-1,-1,0.0058433620360547,-0.0058433620360547,0.4248126601361224,hold
2025-12-19,1,1,0.0079333291061156,0.0079333291061156,0.42733321345715447,flip
2025-12-22,0,1,0.0001814888939914,0.0001814888939914,0.42741076968943065,hold
2025-12-23,1,1,-0.0013389838361685,-0.0013389838361685,0.42683847357741217,hold
2025-12-24,-1,-1,-0.003817552133005,0.003817552133005,0.4276142747555114,flip
2025-12-26,-1,-1,-0.0038476313101776,0.0038476313101776,0.4292595768277396,hold
2025-12-29,-1,-1,-0.0001252789885528,0.0001252789885528,0.4293133540333512,hold
2025-12-30,-1,-1,0.007353834224439,-0.007353834224439,0.426156254797452,hold
2025-12-31,0,-1,0.0006487344669803,-0.0006487344669803,0.42587979254664565,hold
2026-01-01,-1,-1,0.0069607651702385,-0.0069607651702385,0.4229153433199786,hold
2026-01-02,0,-1,-0.002972058760474,0.002972058760474,0.4241722725710316,hold
2026-01-05,-1,-1,-0.0027276473171363,0.0027276473171363,0.4253292649323136,hold
