idx,date,signal,position,return,pnl,equity,action
0,2020-01-01,0,0,0.0081838863379848,0.0,1.0,hold
1,2020-01-02,0,0,-0.0045227893866035,-0.0,1.0,hold
2,2020-01-03,0,0,-0.0191058530729412,-0.0,1.0,hold
3,2020-01-06,0,0,0.0049945920012428,0.0,1.0,hold
4,2020-01-07,0,0,-0.0022899444111396,-0.0,1.0,hold
5,2020-01-08,0,0,0.0158457581226116,0.0,1.0,hold
6,2020-01-09,0,0,0.0033480474426501,0.0,1.0,hold
7,2020-01-10,0,0,0.0059354808073293,0.0,1.0,hold
8,2020-01-13,0,0,0.0026562202609821,0.0,1.0,hold
9,2020-01-14,0,0,-0.0015369308543056,-0.0,1.0,hold
10,2020-01-15,0,0,0.0009884063018437,0.0,1.0,hold
11,2020-01-16,0,0,-0.0002549788049855,-0.0,1.0,hold
12,2020-01-17,0,0,-0.0103461939411514,-0.0,1.0,hold
13,2020-01-20,0,0,-0.0044746183856623,-0.0,1.0,hold
14,2020-01-21,0,0,-0.0051725551893021,-0.0,1.0,hold
15,2020-01-22,0,0,0.0060667236352978,0.0,1.0,hold
16,2020-01-23,0,0,0.0055745847042631,0.0,1.0,hold
17,2020-01-24,0,0,-0.0105525279121506,-0.0,1.0,hold
18,2020-01-27,0,0,-0.0052149678449129,-0.0,1.0,hold
19,2020-01-28,0,0,0.0061132563999481,0.0,1.0,hold
20,2020-01-29,0,0,-0.007724984155365,-0.0,1.0,hold
21,2020-01-30,0,0,-0.0061234148547233,-0.0,1.0,hold
22,2020-01-31,0,0,-0.0212503847193161,-0.0,1.0,hold
23,2020-02-03,0,0,0.0232108226866707,0.0,1.0,hold
24,2020-02-04,0,0,0.0091405004678344,0.0,1.0,hold
25,2020-02-05,0,0,0.0040366612301674,0.0,1.0,hold
26,2020-02-06,0,0,-0.0032625431230384,-0.0,1.0,hold
27,2020-02-07,0,0,-0.0055255147630383,-0.0,1.0,hold
28,2020-02-10,0,0,0.0063500303889789,0.0,1.0,hold
29,2020-02-11,0,0,0.0077056964194832,0.0,1.0,hold
30,2020-02-12,0,0,-0.0021759994314084,-0.0,1.0,hold
31,2020-02-13,0,0,-0.0050268544351488,-0.0,1.0,hold
32,2020-02-14,0,0,-0.0055847334602637,-0.0,1.0,hold
33,2020-02-17,0,0,-0.0044247626186481,-0.0,1.0,hold
34,2020-02-18,0,0,0.011123651500938,0.0,1.0,hold
35,2020-02-19,0,0,-0.0037152524595064,-0.0,1.0,hold
36,2020-02-20,0,0,-0.0208138687990014,-0.0,1.0,hold
37,2020-02-24,0,0,-0.0026628568617023,-0.0,1.0,hold
38,2020-02-25,0,0,-0.0101204779385897,-0.0,1.0,hold
39,2020-02-26,0,0,-0.0038703767874727,-0.0,1.0,hold
40,2020-02-27,0,0,-0.0370960786649383,-0.0,1.0,hold
41,2020-02-28,0,0,-0.0061597518244916,-0.0,1.0,hold
42,2020-03-02,0,0,0.0153196474085468,0.0,1.0,hold
43,2020-03-03,0,0,-0.0046269501465237,-0.0,1.0,hold
44,2020-03-04,0,0,0.0015998577904186,0.0,1.0,hold
45,2020-03-05,0,0,-0.0248069753028219,-0.0,1.0,hold
46,2020-03-06,0,0,-0.0489560433359516,-0.0,1.0,hold
47,2020-03-09,0,0,0.0006649981756232,0.0,1.0,hold
48,2020-03-11,0,0,-0.0830193880106471,-0.0,1.0,hold
49,2020-03-12,0,0,0.0380650761268936,0.0,1.0,hold
50,2020-03-13,0,0,-0.0761210010667908,-0.0,1.0,hold
51,2020-03-16,1,1,-0.0250451840905282,-0.0250451840905282,0.9744548159094718,enter
52,2020-03-17,1,1,-0.055564540272715,-0.055564540272715,0.9203096820469289,hold
53,2020-03-18,1,1,-0.0242477817531284,-0.0242477817531284,0.897994213731364,hold
54,2020-03-19,1,1,0.0583291468584656,0.0583291468584656,0.9503734501021531,hold
55,2020-03-20,0,1,-0.1298046607047124,-0.1298046607047124,0.8270105468688762,hold
56,2020-03-23,1,1,0.0250714240251634,0.0250714240251634,0.8477448789627081,hold
57,2020-03-24,0,1,0.0662474689466749,0.0662474689466749,0.9039058315064928,hold
58,2020-03-25,0,1,0.0389043564303894,0.0389043564303894,0.939071706154929,hold
59,2020-03-26,0,1,0.0021755381634551,0.0021755381634551,0.94111469248989,hold
60,2020-03-27,0,1,-0.0437805364308189,-0.0437805364308189,0.8999121864097575,hold
61,2020-03-30,0,1,0.0382377227133605,0.0382377227133605,0.9343227790600678,hold
62,2020-03-31,0,1,-0.0400046750966822,-0.0400046750966822,0.8969454998483406,hold
63,2020-04-01,0,1,-0.0205965741867707,-0.0205965741867707,0.8784714953192241,hold
64,2020-04-03,0,1,0.0876321046711503,0.0876321046711503,0.9554538013476603,hold
65,2020-04-07,0,1,-0.0049419024075071,-0.0049419024075071,0.9507320419065185,hold
66,2020-04-08,0,1,0.0415088316188025,0.0415088316188025,0.9901958181486166,hold
67,2020-04-09,0,1,-0.0129556707370791,-0.0129556707370791,0.9773671671634504,hold
68,2020-04-13,0,1,-0.0076218535626885,-0.0076218535626885,0.9699178177383508,hold
69,2020-04-15,0,1,0.0075627711647903,0.0075627711647903,0.9772530842425587,hold
70,2020-04-16,0,1,0.0304632818768748,0.0304632818768748,1.0070234204128852,hold
71,2020-04-17,0,1,-0.0005288143766692,-0.0005288143766692,1.0064908919505282,hold
72,2020-04-20,0,1,-0.0302746671440956,-0.0302746671440956,0.976019715213162,hold
73,2020-04-21,0,1,0.0229194177887257,0.0229194177887257,0.9983895188361656,hold
74,2020-04-22,0,1,0.0137799558770148,0.0137799558770148,1.012147282353802,hold
75,2020-04-23,0,1,-0.0171249415723349,-0.0171249415723349,0.9948143192808956,hold
76,2020-04-24,0,1,0.0139713589754586,0.0139713589754586,1.0087132272494954,hold
77,2020-04-27,0,1,0.0106224306488902,0.0106224306488902,1.0194282135505714,hold
78,2020-04-28,0,1,0.0183830135241964,0.0183830135241964,1.0381683761872191,hold
79,2020-04-29,0,1,0.032088303452139,0.032088303452139,1.071481438076729,hold
80,2020-04-30,0,1,-0.057444839013135,-0.057444839013135,1.0099303593608489,hold
81,2020-05-04,0,1,-0.0094582655216011,-0.0094582655216011,1.000378169863688,hold
82,2020-05-05,0,1,0.0070935934671216,0.0070935934671216,1.0074744459140843,hold
83,2020-05-06,0,1,-0.0077501195040513,-0.0077501195040513,0.9996663985609724,hold
84,2020-05-07,0,1,0.0057016970693835,0.0057016970693835,1.0053661935360088,hold
85,2020-05-08,0,1,-0.0013294930214019,-0.0013294930214019,1.0040295661977492,hold
86,2020-05-11,0,1,-0.0046162427183511,-0.0046162427183511,0.9993947220237795,hold
87,2020-05-12,0,1,0.0203337125303977,0.0203337125303977,1.019716127005808,hold
88,2020-05-13,0,1,-0.0256619093732747,-0.0256619093732747,0.9935482641681181,hold
89,2020-05-14,0,1,-0.0006453627874545,-0.0006453627874545,0.992907065090884,hold
90,2020-05-15,0,1,-0.0343225097032598,-0.0343225097032598,0.9588280027148669,hold
91,2020-05-18,0,1,0.0063298228402233,0.0063298228402233,0.9648972141062971,hold
92,2020-05-19,0,1,0.021111396826158,0.021111396826158,0.9852675420897495,hold
93,2020-05-20,0,1,0.0043787544510012,0.0043787544510012,0.9895817867251021,hold
94,2020-05-21,0,1,-0.0073575840768702,-0.0073575840768702,0.9823008555283328,hold
95,2020-05-22,0,1,-0.0011284338094974,-0.0011284338094974,0.9811923940318563,hold
96,2020-05-26,0,1,0.0316645047717616,0.0316645047717616,1.0122613652746943,hold
97,2020-05-27,0,1,0.0188030435364687,0.0188030435364687,1.0312949597962398,hold
98,2020-05-28,0,1,0.0095046626511057,0.0095046626511057,1.0410970704828886,hold
99,2020-05-29,0,1,0.0256620973194605,0.0256620973194605,1.0678138048246257,hold
100,2020-06-01,0,1,0.0155655279707429,0.0155655279707429,1.084434890471169,hold
101,2020-06-02,0,1,0.0082622880359908,0.0082622880359908,1.0933948038925199,hold
102,2020-06-03,0,1,-0.0032251686810099,-0.0032251686810099,1.0898684212150267,hold
103,2020-06-04,0,1,0.0112722762414605,0.0112722762414605,1.102153719125807,hold
104,2020-06-05,0,1,0.0024945207587225,0.0024945207587225,1.1049030644574698,hold
105,2020-06-08,0,1,-0.0118810323499978,-0.0118810323499978,1.091775675405039,hold
106,2020-06-09,0,1,0.0069177285262014,0.0069177285262014,1.0993282831390012,hold
107,2020-06-10,0,1,-0.021169158460066,-0.021169158460066,1.0760564285135994,hold
108,2020-06-11,0,1,0.0071602091117954,0.0071602091117954,1.0837612175578486,hold
109,2020-06-12,0,1,-0.0159632793948444,-0.0159632793948444,1.066460834444676,hold
110,2020-06-15,0,1,0.010220386061458,0.010220386061458,1.0773604758921254,hold
111,2020-06-16,0,1,-0.0033134566648174,-0.0033134566648174,1.0737906886428696,hold
112,2020-06-17,0,1,0.0213031875518985,0.0213031875518985,1.096665853074511,hold
113,2020-06-18,0,1,0.0151362754442923,0.0151362754442923,1.1132652894969965,hold
114,2020-06-19,0,1,0.0065206163504338,0.0065206163504338,1.120524465346061,hold
115,2020-06-22,0,1,0.0154976919912916,0.0154976919912916,1.1378900083787011,hold
116,2020-06-23,0,1,-0.0158246772335498,-0.0158246772335498,1.119883266268827,hold
117,2020-06-24,0,1,-0.0015913572989929,-0.0015913572989929,1.1181011318590302,hold
118,2020-06-25,0,1,0.0091457401473864,0.0091457401473864,1.1283269942695116,hold
119,2020-06-26,0,1,-0.0067995386087835,-0.0067995386087835,1.1206548913086434,hold
120,2020-06-29,0,1,-0.0009988732845714,-0.0009988732845714,1.119535499076491,hold
121,2020-06-30,0,1,0.0124198173347171,0.0124198173347171,1.1334399254747525,hold
122,2020-07-01,0,1,0.0116634525148986,0.0116634525148986,1.1466597482240175,hold
123,2020-07-02,0,1,0.0052739760448483,0.0052739760448483,1.1527072042677429,hold
124,2020-07-03,0,1,0.014735139974255,0.014735139974255,1.1696925062719603,hold
125,2020-07-06,0,1,0.0033445902359812,0.0033445902359812,1.173604648407538,hold
126,2020-07-07,0,1,-0.008694762073642,-0.008694762073642,1.1634004352211142,hold
127,2020-07-08,0,1,0.0100600327219018,0.0100600327219018,1.1751042816681134,hold
128,2020-07-09,0,1,-0.0041985110954393,-0.0041985110954393,1.1701705933032316,hold
129,2020-07-10,0,1,0.0032178891492418,0.0032178891492418,1.173936072558184,hold
130,2020-07-13,0,1,-0.0180834960154004,-0.0180834960154004,1.1527072042677433,hold
131,2020-07-14,0,1,0.0010229309240368,0.0010229309240368,1.153886344113349,hold
132,2020-07-15,0,1,0.0114661616621005,0.0114661616621005,1.1671169914746429,hold
133,2020-07-16,0,1,0.0150605912558696,0.0150605912558696,1.1846944634310228,hold
134,2020-07-17,0,1,0.0110533217609316,0.0110533217609316,1.1977892725237202,hold
135,2020-07-20,0,1,0.0127061568657644,0.0127061568657644,1.2130085709125367,hold
136,2020-07-21,0,1,-0.0026563094918139,-0.0026563094918139,1.20978644473197,hold
137,2020-07-22,0,1,0.0074421598588463,0.0074421598588463,1.2187898688487306,hold
138,2020-07-23,0,1,-0.0018991484351116,-0.0018991484351116,1.2164752059765767,hold
139,2020-07-24,0,1,-0.0055699256988469,-0.0055699256988469,1.2096995294647976,hold
140,2020-07-27,0,1,0.0151592736988444,0.0151592736988444,1.2280376957253178,hold
141,2020-07-28,0,1,-0.0086456143286032,-0.0086456143286032,1.21742055542709,hold
142,2020-07-29,0,1,-0.0089887146807479,-0.0089887146807479,1.2064775094078783,hold
143,2020-07-30,0,1,-0.0025851023723058,-0.0025851023723058,1.2033586415361743,hold
144,2020-07-31,0,1,-0.0164222155452939,-0.0164222155452939,1.1835968265465753,hold
145,2020-08-03,0,1,0.0186979321613793,0.0186979321613793,1.205727639715767,hold
146,2020-08-04,0,1,0.0005768586219327,0.0005768586219327,1.2064231741004396,hold
147,2020-08-05,0,1,0.0088725546683743,0.0088725546683743,1.2171272296658395,hold
148,2020-08-06,0,1,0.001241002448872,0.001241002448872,1.2186376875384437,hold
149,2020-08-07,0,1,0.005002705259437,0.005002705259437,1.2247341727072405,hold
150,2020-08-10,0,1,0.0046449787767293,0.0046449787767293,1.2304230369466007,hold
151,2020-08-11,0,1,-0.0012452735151247,-0.0012452735151247,1.2288908237262919,hold
152,2020-08-12,0,1,-0.000703034473301,-0.000703034473301,1.2280268711132891,hold
153,2020-08-13,0,1,-0.0108004373788689,-0.0108004373788689,1.2147636437922618,hold
154,2020-08-14,0,1,0.0061457110453491,0.0061457110453491,1.2222292301354043,hold
155,2020-08-17,0,1,0.0122920579350753,0.0122920579350753,1.2372529426421712,hold
156,2020-08-18,0,1,0.0020246002135075,0.0020246002135075,1.2397578852140074,hold
157,2020-08-19,0,1,-0.008432399987605,-0.008432399987605,1.2293037508380955,hold
158,2020-08-20,0,1,0.0052509160938571,0.0052509160938571,1.2357587216876103,hold
159,2020-08-21,0,1,0.0083410064718865,0.0083410064718865,1.246066193182897,hold
160,2020-08-24,0,1,0.0005058064691958,0.0005058064691958,1.2466964615244551,hold
161,2020-08-25,0,1,0.0067423225064831,0.0067423225064831,1.2551020911357442,hold
162,2020-08-26,0,1,0.0008355606212675,0.0008355606212675,1.2561508050187677,hold
163,2020-08-27,0,1,0.0076431956549949,0.0076431956549949,1.2657518113937056,hold
164,2020-08-28,0,1,-0.0223307478019462,-0.0223307478019462,1.2374866269136162,hold
165,2020-08-31,0,1,0.0072667398463226,0.0072667398463226,1.2464791202947008,hold
166,2020-09-01,0,1,0.0056450382511279,0.0056450382511279,1.2535155426079967,hold
167,2020-09-02,0,1,-0.0006545127600779,-0.0006545127600779,1.252695100690404,hold
168,2020-09-03,0,1,-0.0167947449485598,-0.0167947449485598,1.231656405975998,hold
169,2020-09-04,0,1,0.0018705202595032,0.0018705202595032,1.233960244236123,hold
170,2020-09-07,0,1,-0.0033201259317187,-0.0033201259317187,1.2298633408305248,hold
171,2020-09-08,0,1,-0.0034769279675166,-0.0034769279675166,1.2255871945845678,hold
172,2020-09-09,0,1,0.0151844298634509,0.0151844298634509,1.2441970373822808,hold
173,2020-09-10,0,1,0.0013276149365679,0.0013276149365679,1.2458488519531432,hold
174,2020-09-11,0,1,-0.0021283524468515,-0.0021283524468515,1.2431972465006815,hold
175,2020-09-14,0,1,0.0071459479106903,0.0071459479106903,1.2520810692668891,hold
176,2020-09-15,0,1,0.0071820376506051,0.0071820376506051,1.2610735626479739,hold
177,2020-09-16,0,1,-0.0076220272911209,-0.0076220272911209,1.2514616255373598,hold
178,2020-09-17,0,1,-0.0009681588767627,-0.0009681588767627,1.2502500118556679,hold
179,2020-09-18,0,1,-0.0221122548386738,-0.0221122548386738,1.2226041649814603,hold
180,2020-09-21,0,1,-0.0086128603263573,-0.0086128603263573,1.2120740460740522,hold
181,2020-09-22,0,1,-0.0019545871070447,-0.0019545871070447,1.2097049417708123,hold
182,2020-09-23,0,1,-0.0293122720965164,-0.0293122720965164,1.1742457413611258,hold
183,2020-09-24,0,1,0.0226457884823545,0.0226457884823545,1.2008374620462954,hold
184,2020-09-25,0,1,0.0160448681873712,0.0160448681873712,1.2201047408392856,hold
185,2020-09-28,0,1,-0.0004586409458945,-0.0004586409458945,1.2195451508468567,hold
186,2020-09-29,0,1,0.0022410013176423,0.0022410013176423,1.2222781531368287,hold
187,2020-09-30,0,1,0.0150610927327836,0.0150610927327836,1.240686997746478,hold
188,2020-10-01,0,1,0.0075676439490797,0.0075676439490797,1.250076075197676,hold
189,2020-10-05,0,1,0.0138264754746197,0.0138264754746197,1.2673602213928057,hold
190,2020-10-06,0,1,0.0065551872847253,0.0065551872847253,1.2756680050012466,hold
191,2020-10-07,0,1,0.0081566766068399,0.0081566766068399,1.2860732163757345,hold
192,2020-10-08,0,1,0.0067260903253916,0.0067260903253916,1.2947234609941445,hold
193,2020-10-09,0,1,0.0014058853909966,0.0014058853909966,1.2965436937933368,hold
194,2020-10-12,0,1,0.0002975290843887,0.0002975290843887,1.296929453251421,hold
195,2020-10-13,0,1,0.0030625333853533,0.0030625333853533,1.3009013430004517,hold
196,2020-10-14,0,1,-0.0242836008583533,-0.0242836008583533,1.2693107740309328,hold
197,2020-10-15,0,1,0.007028949362235,0.007028949362235,1.2782326951865357,hold
198,2020-10-16,0,1,0.0094027696218492,0.0094027696218492,1.2902516227424903,hold
199,2020-10-19,0,1,0.0020003285078973,0.0020003285078973,1.2928325498458229,hold
200,2020-10-20,0,1,0.0034337457642519,0.0034337457642519,1.297271808137743,hold
201,2020-10-21,0,1,-0.0034512817819539,-0.0034512817819539,1.2927945575800748,hold
202,2020-10-22,0,1,0.0028495402835257,0.0028495402835257,1.2964784277502222,hold
203,2020-10-23,0,1,-0.0136290733045432,-0.0136290733045432,1.2788086282206554,hold
204,2020-10-26,0,1,0.0103376083469652,0.0103376083469652,1.2920284509699205,hold
205,2020-10-27,0,1,-0.0134406089457635,-0.0134406089457635,1.2746628018136332,hold
206,2020-10-28,0,1,-0.0050129421843609,-0.0050129421843609,1.2682729908835861,hold
207,2020-10-29,0,1,-0.0024333734223676,-0.0024333734223676,1.2651868090952634,hold
208,2020-10-30,0,1,0.0022976361491175,0.0022976361491175,1.2680937480432275,hold
209,2020-11-02,0,1,0.0123701901631991,0.0123701901631991,1.2837803088512862,hold
210,2020-11-03,0,1,0.008041647267956,0.008041647267956,1.294104017264616,hold
211,2020-11-04,0,1,0.0177855989156905,0.0177855989156905,1.3171204322708685,hold
212,2020-11-05,0,1,0.0118190145712895,0.0118190145712895,1.3326874978520211,hold
213,2020-11-06,0,1,0.0161046355374614,0.0161046355374614,1.3541499442902594,hold
214,2020-11-09,0,1,0.0136465071043638,0.0136465071043638,1.3726293611253904,hold
215,2020-11-10,0,1,0.0093460415087203,0.0093460415087203,1.3854580121105564,hold
216,2020-11-11,0,1,-0.0045768215253314,-0.0045768215253314,1.379117018058286,hold
217,2020-11-12,0,1,0.0022969703307613,0.0022969703307613,1.382284808931414,hold
218,2020-11-13,0,1,0.0121266198083733,0.0121266198083733,1.3990472512762153,hold
219,2020-11-17,0,1,0.0049750511655721,0.0049750511655721,1.4060075829343677,hold
220,2020-11-18,0,1,-0.0128726686134137,-0.0128726686134137,1.3879085132513067,hold
221,2020-11-19,0,1,0.0068393094137191,0.0068393094137191,1.3974008490113672,hold
222,2020-11-20,0,1,0.005241475198302,0.005241475198302,1.4047252909035466,hold
223,2020-11-23,0,1,0.0099563448098976,0.0099563448098976,1.418711220262966,hold
224,2020-11-24,0,1,-0.0150706804680923,-0.0150706804680923,1.3973302767858853,hold
225,2020-11-25,0,1,0.0100012136399767,0.0100012136399767,1.4113052754096287,hold
226,2020-11-26,0,1,-0.0013898363507738,-0.0013898363507738,1.4093437920358256,hold
227,2020-11-27,0,1,0.0108026946873185,0.0108026946873185,1.4245685027306563,hold
228,2020-12-01,0,1,0.0003585458429504,0.0003585458429504,1.4250792758453086,hold
229,2020-12-02,0,1,0.00153658492994,0.00153658492994,1.4272690311845424,hold
230,2020-12-03,0,1,0.0094906623588735,0.0094906623588735,1.4408147596547913,hold
231,2020-12-04,0,1,0.0073311332494399,0.0073311332494399,1.4513775646455804,hold
232,2020-12-07,0,1,0.0027853318093331,0.0027853318093331,1.4554201327437402,hold
233,2020-12-08,0,1,0.0101657522858669,0.0101657522858669,1.4702155732850766,hold
234,2020-12-09,0,1,-0.0037548548058806,-0.0037548548058806,1.4646951272740467,hold
235,2020-12-10,0,1,0.0026375585350264,0.0026375585350264,1.4685583464082,hold
236,2020-12-11,0,1,0.0032781762806703,0.0032781762806703,1.4733725395461759,hold
237,2020-12-14,0,1,0.0007153791977927,0.0007153791977927,1.4744265596115662,hold
238,2020-12-15,0,1,0.008464907059269,0.008464907059269,1.4869074434043958,hold
239,2020-12-16,0,1,0.0042389293905504,0.0042389293905504,1.493210339067271,hold
240,2020-12-17,0,1,0.0014445849987885,0.0014445849987885,1.4953674083231236,hold
241,2020-12-18,0,1,-0.0314049525779333,-0.0314049525779333,1.4484054657781489,hold
242,2020-12-21,0,1,0.0103462838766079,0.0103462838766079,1.46339107989552,hold
243,2020-12-22,0,1,0.0100101591857162,0.0100101591857162,1.4780398575562315,hold
244,2020-12-23,0,1,0.0108925303747413,0.0108925303747413,1.494139451599741,hold
245,2020-12-24,0,1,0.0090150513891666,0.0090150513891666,1.507609195538494,hold
246,2020-12-28,0,1,0.0042815942411449,0.0042815942411449,1.5140641663880088,hold
247,2020-12-29,0,1,0.0035420946069744,0.0035420946069744,1.5194271249063849,hold
248,2020-12-30,0,1,-1.4318125132972703e-05,-1.4318125132972703e-05,1.51940536955868,hold
249,2020-12-31,0,1,0.0026284263414808,0.0026284263414808,1.5233990146554155,hold
250,2021-01-01,0,1,0.0081606727271106,0.0081606727271106,1.5358309754468211,hold
251,2021-01-04,0,1,0.0047123808655142,0.0047123808655142,1.5430683959481808,hold
252,2021-01-05,0,1,-0.0037501320469031,-0.0037501320469031,1.5372816857059721,hold
253,2021-01-06,0,1,-0.000629169612088,-0.000629169612088,1.5363144747841064,hold
254,2021-01-07,0,1,0.014847223590326,0.014847223590326,1.5591244792962804,hold
255,2021-01-08,0,1,0.0095837181341371,0.0095837181341371,1.5740666888418893,hold
256,2021-01-11,0,1,0.0054333140242324,0.0054333140242324,1.582619087457451,hold
257,2021-01-12,0,1,9.609083312889231e-05,9.609083312889231e-05,1.5827711626440906,hold
258,2021-01-13,0,1,0.002111247340323,0.002111247340323,1.586112784051563,hold
259,2021-01-14,0,1,-0.0110923441582015,-0.0110923441582015,1.5685190751771398,hold
260,2021-01-15,0,1,-0.0105586501425666,-0.0105586501425666,1.5519576310204022,hold
261,2021-01-18,0,1,0.0167947308170628,0.0167947308170628,1.5780223416728765,hold
262,2021-01-19,0,1,0.008508265623863,0.008508265623863,1.5914485749162197,hold
263,2021-01-20,0,1,-0.0037112802046228,-0.0037112802046228,1.5855422633234582,hold
264,2021-01-21,0,1,-0.0149721716475961,-0.0149721716475961,1.5618032524024612,hold
265,2021-01-22,0,1,-0.0092541693433081,-0.0092541693433081,1.5473500606237993,hold
266,2021-01-25,0,1,-0.0190604880418779,-0.0190604880418779,1.5178568132966803,hold
267,2021-01-27,0,1,-0.0107356502819043,-0.0107356502819043,1.5015616333711215,hold
268,2021-01-28,0,1,-0.0132404223540728,-0.0132404223540728,1.4816803231546165,hold
269,2021-01-29,0,1,0.0474235111013383,0.0474235111013383,1.5519468064083741,hold
270,2021-02-01,0,1,0.0256735714819573,0.0256735714819573,1.591790823678895,hold
271,2021-02-02,0,1,0.0097011226717231,0.0097011226717231,1.6072329817271271,hold
272,2021-02-03,0,1,0.0071467580293813,0.0071467580293813,1.618719486944372,hold
273,2021-02-04,0,1,0.0019199973566108,0.0019199973566108,1.6218274240803996,hold
274,2021-02-05,0,1,0.0128348027329681,0.0128348027329681,1.6426432591353894,hold
275,2021-02-08,0,1,-0.0004300136336804,-0.0004300136336804,1.6419369001386879,hold
276,2021-02-09,0,1,-0.0001853034041081,-0.0001853034041081,1.6416326436417616,hold
277,2021-02-10,0,1,0.0044219246475027,0.0044219246475027,1.6488918194908264,hold
278,2021-02-11,0,1,-0.0006590524229219,-0.0006590524229219,1.647805113342055,hold
279,2021-02-12,0,1,0.0099846598415338,0.0099846598415338,1.6642578868839155,hold
280,2021-02-15,0,1,-8.162092525865194e-05,-8.162092525865194e-05,1.664122048615319,hold
281,2021-02-16,0,1,-0.0068273186874309,-0.0068273186874309,1.6527605570546418,hold
282,2021-02-17,0,1,-0.0059143128695843,-0.0059143128695843,1.642985614021712,hold
283,2021-02-18,0,1,-0.0090747170630297,-0.0090747170630297,1.628075984435837,hold
284,2021-02-19,0,1,-0.0204281745915864,-0.0204281745915864,1.5948173639774128,hold
285,2021-02-22,0,1,0.0021872625461001,0.0021872625461001,1.5983056482655107,hold
286,2021-02-23,0,1,0.0186431824578623,0.0186431824578623,1.6281031520895566,hold
287,2021-02-24,0,1,0.0076992130139501,0.0076992130139501,1.6406382650661777,hold
288,2021-02-25,0,1,-0.0376356932475859,-0.0376356932475859,1.5788917065918955,hold
289,2021-02-26,0,1,0.0159953891187234,0.0159953891187234,1.6041466938151583,hold
290,2021-03-01,0,1,0.0106729853417877,0.0106729853417877,1.6212677279643248,hold
291,2021-03-02,0,1,0.0218846987116321,0.0218846987116321,1.6567486837217165,hold
292,2021-03-03,0,1,-0.0108129305241382,-0.0108129305241382,1.638834375308676,hold
293,2021-03-04,0,1,-0.0094591045289524,-0.0094591045289524,1.6233324696469908,hold
294,2021-03-05,0,1,0.0012117060677612,0.0012117060677612,1.6252994714504558,hold
295,2021-03-08,0,1,0.0095077756017913,0.0095077756017913,1.640752454110717,hold
296,2021-03-09,0,1,0.0050600998838219,0.0050600998838219,1.6490548254131432,hold
297,2021-03-10,0,1,-0.0094795062357636,-0.0094795062357636,1.6334225999125234,hold
298,2021-03-12,0,1,-0.006749419963093,-0.006749419963093,1.6223979448085066,hold
299,2021-03-15,0,1,-0.0012759841044576,-0.0012759841044576,1.6203277908198264,hold
300,2021-03-16,0,1,-0.0126857598628687,-0.0126857598628687,1.5997727015663534,hold
301,2021-03-17,0,1,-0.0111029730717429,-0.0111029730717429,1.5820104683399527,hold
302,2021-03-18,0,1,0.0127869428260285,0.0127869428260285,1.6022395457487943,hold
303,2021-03-19,0,1,-0.0005154374236977,-0.0005154374236977,1.6014136915251869,hold
304,2021-03-22,0,1,0.0053167399974314,0.0053167399974314,1.6099279917513531,hold
305,2021-03-23,0,1,-0.0179111769942118,-0.0179111769942118,1.5810922865431587,hold
306,2021-03-24,0,1,-0.0154301891468089,-0.0154301891468089,1.5566957335032372,hold
307,2021-03-25,0,1,0.0127330319296232,0.0127330319296232,1.5765171899826422,hold
308,2021-03-26,0,1,0.0232848158675504,0.0232848158675504,1.6132261024634162,hold
309,2021-03-30,0,1,-0.0104006990943323,-0.0104006990943323,1.5964474232005719,hold
310,2021-03-31,0,1,0.0120245741669184,0.0120245741669184,1.6156440236444332,hold
311,2021-04-01,0,1,-0.015439860548026,-0.015439860548026,1.5906987052241115,hold
312,2021-04-05,0,1,0.0031220672452334,0.0031220672452334,1.595664973548727,hold
313,2021-04-06,0,1,0.0092314369658119,0.0092314369658119,1.610395254170596,hold
314,2021-04-07,0,1,0.0036945688638336,0.0036945688638336,1.61634497033512,hold
315,2021-04-08,0,1,-0.0026187118170183,-0.0026187118170183,1.6121122286609253,hold
316,2021-04-09,0,1,-0.0353255893040076,-0.0353255893040076,1.555163414159281,hold
317,2021-04-12,0,1,0.0135561955060299,0.0135561955060299,1.5762455134454492,hold
318,2021-04-13,0,1,0.0052844845607746,0.0052844845607746,1.5845751585252421,hold
319,2021-04-15,0,1,0.0024962821650071,0.0024962821650071,1.588530705232582,hold
320,2021-04-16,0,1,-0.0176769785548196,-0.0176769785548196,1.5604502820225132,hold
321,2021-04-19,0,1,-0.004390823034999,-0.004390823034999,1.553598620979238,hold
322,2021-04-20,0,1,0.0076767575754221,0.0076767575754221,1.5655252209620059,hold
323,2021-04-22,0,1,-0.0044981330537942,-0.0044981330537942,1.5584832802190483,hold
324,2021-04-23,0,1,0.0100165182871698,0.0100165182871698,1.5740938564956108,hold
325,2021-04-26,0,1,0.011601643402658,0.011601643402658,1.5923559321009877,hold
326,2021-04-27,0,1,0.014433855260107,0.014433855260107,1.6153397671475063,hold
327,2021-04-28,0,1,0.0020418099664161,0.0020418099664161,1.6186379839832163,hold
328,2021-04-29,0,1,-0.0177108120451774,-0.0177108120451774,1.5899705908797046,hold
329,2021-04-30,0,1,0.0002085134632017,0.0002085134632017,1.5903021211539978,hold
330,2021-05-03,0,1,-0.0094061074234402,-0.0094061074234402,1.5753435685666985,hold
331,2021-05-04,0,1,0.0083709591539336,0.0083709591539336,1.5885307052325823,hold
332,2021-05-05,0,1,0.0073164109749706,0.0073164109749706,1.6001530487184237,hold
333,2021-05-06,0,1,0.0066792477481554,0.0066792477481554,1.6108408673657801,hold
334,2021-05-07,0,1,0.0080414227481215,0.0080414227481215,1.6237943197602192,hold
335,2021-05-10,0,1,-0.0061302011912188,-0.0061302011912188,1.6138401338869308,hold
336,2021-05-11,0,1,-0.0103866808073666,-0.0103866808073666,1.5970776915421294,hold
337,2021-05-12,0,1,-0.0012724250884564,-0.0012724250884564,1.5950455298191972,hold
338,2021-05-14,0,1,0.0167157604819725,0.0167157604819725,1.621707928853496,hold
339,2021-05-17,0,1,0.012393443335275,0.012393443335275,1.641806474176108,hold
340,2021-05-18,0,1,-0.0051594324081388,-0.0051594324081388,1.6333356846453517,hold
341,2021-05-19,0,1,-0.0082567760609306,-0.0082567760609306,1.6198495976649083,hold
342,2021-05-20,0,1,0.0180631356749747,0.0180631356749747,1.6491091607205828,hold
343,2021-05-21,0,1,0.0014761086049899,0.0014761086049899,1.65154342494329,hold
344,2021-05-24,0,1,0.0007073438653115,0.0007073438653115,1.6527116340532193,hold
345,2021-05-25,0,1,0.0061150215048646,0.0061150215048646,1.6628180012367948,hold
346,2021-05-26,0,1,0.0023788211965458,0.0023788211965458,1.666773547944135,hold
347,2021-05-27,0,1,0.006376433707514,0.006376433707514,1.6774016189780387,hold
348,2021-05-28,0,1,0.0095330880357249,0.0095330880357249,1.693392436283024,hold
349,2021-05-31,0,1,-0.0005101904286871,-0.0005101904286871,1.6925284836700214,hold
350,2021-06-01,0,1,8.67158252806366e-05,8.67158252806366e-05,1.6926752526742939,hold
351,2021-06-02,0,1,0.0073284506253876,0.0073284506253876,1.705079939688333,hold
352,2021-06-03,0,1,-0.0012810173052479,-0.0012810173052479,1.7028957027787612,hold
353,2021-06-04,0,1,0.0051945814919991,0.0051945814919991,1.7117415332792207,hold
354,2021-06-07,0,1,-0.0007333060957773,-0.0007333060957773,1.710486302778472,hold
355,2021-06-08,0,1,-0.0066549769442125,-0.0066549769442125,1.6991030558700901,hold
356,2021-06-09,0,1,0.006549286916079,0.006549286916079,1.71023096928297,hold
357,2021-06-10,0,1,0.0039141306333496,0.0039141306333496,1.7169250367099438,hold
358,2021-06-11,0,1,0.0007911718082738,0.0007911718082738,1.7182834193959082,hold
359,2021-06-14,0,1,0.0036302135450976,0.0036302135450976,1.724521155139316,hold
360,2021-06-15,0,1,-0.0064086327528081,-0.0064086327528081,1.7134693323815797,hold
361,2021-06-16,0,1,-0.0048295020472909,-0.0048295020472909,1.7051941287328727,hold
362,2021-06-17,0,1,-0.0005130696464038,-0.0005130696464038,1.7043192453841938,hold
363,2021-06-18,0,1,0.0040265882096546,0.0040265882096546,1.7111818371631453,hold
364,2021-06-21,0,1,0.0016670371193598,0.0016670371193598,1.7140344408036707,hold
365,2021-06-22,0,1,-0.0054397492312691,-0.0054397492312691,1.7047105232719402,hold
366,2021-06-23,0,1,0.0065978407983298,0.0065978407983298,1.715957931911726,hold
367,2021-06-24,0,1,0.0044266891189239,0.0044266891189239,1.7235539442174508,hold
368,2021-06-25,0,1,-0.0028782098242977,-0.0028782098242977,1.7185931943224972,hold
369,2021-06-28,0,1,-0.0041891404314852,-0.0041891404314852,1.7113937660868856,hold
370,2021-06-29,0,1,-0.0017112919035373,-0.0017112919035373,1.708465071791217,hold
371,2021-06-30,0,1,-0.002639697229908,-0.002639697229908,1.7039552412738153,hold
372,2021-07-01,0,1,0.0026913389867666,0.0026913389867666,1.708541162446361,hold
373,2021-07-02,0,1,0.007133188273225,0.007133188273225,1.7207285082306456,hold
374,2021-07-05,0,1,-0.0010167521731027,-0.0010167521731027,1.7189789537805824,hold
375,2021-07-06,0,1,0.0038816171589777,0.0038816171589777,1.7256513719834987,hold
376,2021-07-07,0,1,-0.0095562557277451,-0.0095562557277451,1.7091606061758902,hold
377,2021-07-08,0,1,-0.0024224839292732,-0.0024224839292732,1.7050201920748822,hold
378,2021-07-09,0,1,0.0001784474449868,0.0001784474449868,1.7053244485718089,hold
379,2021-07-12,0,1,0.0076309854951284,0.0076309854951284,1.7183377547033483,hold
380,2021-07-13,0,1,0.0026308921169333,0.0026308921169333,1.7228585159564263,hold
381,2021-07-14,0,1,0.0044310723280038,0.0044310723280038,1.7304926266515466,hold
382,2021-07-15,0,1,-5.0225736783704455e-05,-5.0225736783704455e-05,1.7304057113843743,hold
383,2021-07-16,0,1,-0.0107389122803617,-0.0107389122803617,1.7118230362403806,hold
384,2021-07-19,0,1,-0.0076369809214345,-0.0076369809214345,1.6987498763717408,hold
385,2021-07-20,0,1,0.0122792331234495,0.0122792331234495,1.7196092221221406,hold
386,2021-07-22,0,1,0.0020222383267853,0.0020222383267853,1.7230866817982096,hold
387,2021-07-23,0,1,-0.0019929055322251,-0.0019929055322251,1.7196527328175506,hold
388,2021-07-26,0,1,-0.0049290812026508,-0.0049290812026508,1.7111764248571326,hold
389,2021-07-27,0,1,-0.0023528988583426,-0.0023528988583426,1.7071501998006635,hold
390,2021-07-28,0,1,0.0043954449546468,0.0043954449546468,1.7146538845332018,hold
391,2021-07-29,0,1,-0.0009760394990868,-0.0009760394990868,1.7129803146146347,hold
392,2021-07-30,0,1,0.0077460001364197,0.0077460001364197,1.7262490603653242,hold
393,2021-08-02,0,1,0.0154609558824161,0.0154609558824161,1.7529385209296948,hold
394,2021-08-03,0,1,0.0079382424678022,0.0079382424678022,1.7668537719399855,hold
395,2021-08-04,0,1,0.0022018725316477,0.0022018725316477,1.7707441587278583,hold
396,2021-08-05,0,1,-0.0034612335015614,-0.0034612335015614,1.7646151997229753,hold
397,2021-08-06,0,1,0.0012347307242392,0.0012347307242392,1.766794024326533,hold
398,2021-08-09,0,1,0.0013439090538649,0.0013439090538649,1.76916843481214,hold
399,2021-08-10,0,1,0.0001320870680521,0.0001320870680521,1.7694021190835847,hold
400,2021-08-11,0,1,0.0050453954843463,0.0050453954843463,1.7783294525452018,hold
401,2021-08-12,0,1,0.0100644823408473,0.0100644823408473,1.7962274179165516,hold
402,2021-08-13,0,1,0.0020540242770237,0.0020540242770237,1.7999169126400079,hold
403,2021-08-16,0,1,0.0031122785775283,0.0031122785775283,1.8055187554885483,hold
404,2021-08-17,0,1,-0.0027536023181795,-0.0027536023181795,1.8005470748579187,hold
405,2021-08-18,0,1,-0.0071428984006249,-0.0071428984006249,1.7876859500366662,hold
406,2021-08-20,0,1,0.0027931806783987,0.0027931806783987,1.7926792798913536,hold
407,2021-08-23,0,1,0.0077683620836017,0.0077683620836017,1.8066054616373202,hold
408,2021-08-24,0,1,0.0006045728309951,0.0006045728309951,1.8076976862157534,hold
409,2021-08-25,0,1,0.0001352598309651,0.0001352598309651,1.8079421950992272,hold
410,2021-08-26,0,1,0.00410526158848,0.00410526158848,1.8153642707469602,hold
411,2021-08-27,0,1,0.0135198365217041,0.0135198365217041,1.8399076989148018,hold
412,2021-08-30,0,1,0.0118804461754233,0.0118804461754233,1.8617666232995063,hold
413,2021-08-31,0,1,-0.0032657347743637,-0.0032657347743637,1.8556865872960475,hold
414,2021-09-01,0,1,0.009246783727399,0.009246783727399,1.8728457198346093,hold
415,2021-09-02,0,1,0.0051902308336972,0.0051902308336972,1.882566221436453,hold
416,2021-09-03,0,1,0.0031287476677577,0.0031287476677577,1.8884562961111717,hold
417,2021-09-06,0,1,-0.0009035189246697,-0.0009035189246697,1.8867500401092236,hold
418,2021-09-07,0,1,-0.0004953092983268,-0.0004953092983268,1.8858155152707392,hold
419,2021-09-08,0,1,0.0009075978909154,0.0009075978909154,1.8875270774550545,hold
420,2021-09-09,0,1,-0.0008030985074197,-0.0008030985074197,1.8860112072764361,hold
421,2021-09-13,0,1,0.001423151293159,0.001423151293159,1.888695286564984,hold
422,2021-09-14,0,1,0.0080235453826236,0.0080235453826236,1.9038493189106855,hold
423,2021-09-15,0,1,0.0062816347635072,0.0062816347635072,1.9158086049768346,hold
424,2021-09-16,0,1,-0.0025156476006126,-0.0025156476006126,1.9109891056564916,hold
425,2021-09-17,0,1,-0.010705054879733,-0.010705054879733,1.8905318624058671,hold
426,2021-09-20,0,1,0.0094901738624639,0.0094901738624639,1.9084733384726267,hold
427,2021-09-21,0,1,-0.0008740239935656,-0.0008740239935656,1.9068052869837213,hold
428,2021-09-22,0,1,0.0157465283671818,0.0157465283671818,1.9368308505259026,hold
429,2021-09-23,0,1,0.0016972499684944,0.0016972499684944,1.9401181366259368,hold
430,2021-09-24,0,1,0.0001064453827974,0.0001064453827974,1.9403246532436622,hold
431,2021-09-27,0,1,-0.0059646824901542,-0.0059646824901542,1.928751232759245,hold
432,2021-09-28,0,1,-0.0021015082285871,-0.0021015082285871,1.924697946172704,hold
433,2021-09-29,0,1,-0.0052593760207388,-0.0052593760207388,1.9145752359474382,hold
434,2021-09-30,0,1,-0.0048869834497958,-0.0048869834497958,1.9052187384559742,hold
435,2021-10-01,0,1,0.0090804675811375,0.0090804675811375,1.9225190154454994,hold
436,2021-10-04,0,1,0.0074076609199462,0.0074076609199462,1.9367603844240686,hold
437,2021-10-05,0,1,-0.0098921448702895,-0.0098921448702895,1.917601670122308,hold
438,2021-10-06,0,1,0.0081803020160375,0.0081803020160375,1.9332882309303665,hold
439,2021-10-07,0,1,0.0058936227604964,0.0058936227604964,1.9446823024507776,hold
440,2021-10-08,0,1,0.0028359561343596,0.0028359561343596,1.9501973361557934,hold
441,2021-10-11,0,1,0.0025632525445875,0.0025632525445875,1.9551961844401426,hold
442,2021-10-12,0,1,0.0094375978492116,0.0094375978492116,1.9736485397452017,hold
443,2021-10-13,0,1,0.0097347877407187,0.0097347877407187,1.9928615893544008,hold
444,2021-10-14,0,1,0.0075523961327199,0.0075523961327199,2.007912469514887,hold
445,2021-10-18,0,1,-0.0031553077349963,-0.0031553077349963,2.0015768877686315,hold
446,2021-10-19,0,1,-0.00826062521208,-0.00826062521208,1.9850426112656132,hold
447,2021-10-20,0,1,-0.0048449082967022,-0.0048449082967022,1.975425261848985,hold
448,2021-10-21,0,1,-0.0034766680845673,-0.0034766680845673,1.9685573638876666,hold
449,2021-10-22,0,1,0.0005796333280105,0.0005796333280105,1.9696984053438764,hold
450,2021-10-25,0,1,0.0078894808897,0.0078894808897,1.9852383032713097,hold
451,2021-10-26,0,1,-0.0031448386638428,-0.0031448386638428,1.9789950490982402,hold
452,2021-10-27,0,1,-0.0194223384240636,-0.0194223384240636,1.9405583375151079,hold
453,2021-10-28,0,1,-0.0103935157639054,-0.0103935157639054,1.9203891138433666,hold
454,2021-10-29,0,1,0.0145996550575078,0.0145996550575078,1.948426132481673,hold
455,2021-11-01,0,1,-0.0022700482713416,-0.0022700482713416,1.9440031111077962,hold
456,2021-11-02,0,1,-0.0033400508475575,-0.0033400508475575,1.9375100418688862,hold
457,2021-11-03,0,1,0.0049133761659847,0.0049133761659847,1.9470297575299609,hold
458,2021-11-04,0,1,0.0084697040421863,0.0084697040421863,1.9635205233375697,hold
459,2021-11-08,0,1,-0.0013449214352717,-0.0013449214352717,1.9608797424971371,hold
460,2021-11-09,0,1,-0.0014991358050348,-0.0014991358050348,1.9579401174657922,hold
461,2021-11-10,0,1,-0.007970140510272,-0.007970140510272,1.9423350596188913,hold
462,2021-11-11,0,1,0.0128206066843303,0.0128206066843303,1.9672369734674504,hold
463,2021-11-12,0,1,0.0003700663573213,0.0003700663573213,1.9679649816882094,hold
464,2021-11-15,0,1,-0.0060879819517564,-0.0060879819517564,1.955984046398003,hold
465,2021-11-16,0,1,-0.005586294529162,-0.005586294529162,1.9450573434204816,hold
466,2021-11-17,0,1,-0.0074781956434608,-0.0074781956434608,1.9305118240686332,hold
467,2021-11-18,0,1,-0.0196033721001568,-0.0196033721001568,1.8926672824376634,hold
468,2021-11-22,0,1,0.0049836979327988,0.0049836979327988,1.902099764460624,hold
469,2021-11-23,0,1,-0.0050446817378146,-0.0050446817378146,1.892504276515348,hold
470,2021-11-24,0,1,0.006959452503032,0.006959452503032,1.9056750701395415,hold
471,2021-11-25,0,1,-0.0290712541877539,-0.0290712541877539,1.8502747057762492,hold
472,2021-11-26,0,1,0.0016151341742889,0.0016151341742889,1.853263147685371,hold
473,2021-11-29,0,1,-0.004148599194972,-0.004148599194972,1.8455747016828121,hold
474,2021-11-30,0,1,0.0108166411704213,0.0108166411704213,1.8655376209841226,hold
475,2021-12-01,0,1,0.0136745711024337,0.0136745711024337,1.891048047826535,hold
476,2021-12-02,0,1,-0.0117776858673942,-0.0117776858673942,1.8687758779590848,hold
477,2021-12-03,0,1,-0.0165409195759996,-0.0165409195759996,1.8378646064561956,hold
478,2021-12-06,0,1,0.0156365485816494,0.0156365485816494,1.8666024656615419,hold
479,2021-12-07,0,1,0.0170609485278816,0.0170609485278816,1.8984484742502103,hold
480,2021-12-08,0,1,0.0026960665936832,0.0026960665936832,1.9035668177614653,hold
481,2021-12-09,0,1,-0.0003167708948091,-0.0003167708948091,1.902963823197274,hold
482,2021-12-10,0,1,-0.0081690551168631,-0.0081690551168631,1.8874184068401791,hold
483,2021-12-13,0,1,-0.0024959111813221,-0.0024959111813221,1.8827075781347136,hold
484,2021-12-14,0,1,-0.0059740603216401,-0.0059740603216401,1.871460169494928,hold
485,2021-12-15,0,1,0.0015678167505297,0.0015678167505297,1.8743942760966115,hold
486,2021-12-16,0,1,-0.01525945397337,-0.01525945397337,1.845792042912567,hold
487,2021-12-17,0,1,-0.0218425462793778,-0.0218425462793778,1.805475244793142,hold
488,2021-12-20,0,1,0.009428705444209,0.009428705444209,1.8224985390631077,hold
489,2021-12-21,0,1,0.0110071709945933,0.0110071709945933,1.842559092119972,hold
490,2021-12-22,0,1,0.0069093062126275,0.0069093062126275,1.8552898971022898,hold
491,2021-12-23,0,1,-0.0040327548791804,-0.0040327548791804,1.8478079677174564,hold
492,2021-12-24,0,1,0.0048518709108285,0.0048518709108285,1.8567732934448218,hold
493,2021-12-27,0,1,0.0086034091740434,0.0086034091740434,1.8727478738317638,hold
494,2021-12-28,0,1,-0.0011402602889762,-0.0011402602889762,1.8706124537999689,hold
495,2021-12-29,0,1,-0.0005606259494814,-0.0005606259494814,1.8695637399169456,hold
496,2021-12-30,0,1,0.0087248317576065,0.0087248317576065,1.8858753690078425,hold
497,2021-12-31,0,1,0.0156533158122078,0.0156533158122078,1.9153955717413862,hold
498,2022-01-03,0,1,0.0101868742352642,0.0101868742352642,1.9349074655414977,hold
499,2022-01-04,0,1,0.006739585234692,0.006739585234692,1.9479479393267567,hold
500,2022-01-05,0,1,-0.0100054174627969,-0.0100054174627969,1.9284579069979975,hold
501,2022-01-06,0,1,0.0037641836511315,0.0037641836511315,1.9357169767234146,hold
502,2022-01-07,0,1,0.0107003189218717,0.0107003189218717,1.9564297657168366,hold
503,2022-01-10,0,1,0.0029133112526023,0.0029133112526023,1.9621294545682255,hold
504,2022-01-11,0,1,0.0086731157318304,0.0086731157318304,1.9791472304085291,hold
505,2022-01-12,0,1,0.0024956237305924,0.0024956237305924,1.9840864372030729,hold
506,2022-01-13,0,1,-0.0001123235637506,-0.0001123235637506,1.983863577543657,hold
507,2022-01-14,0,1,0.0028675682661627,0.0028675682661627,1.9895524417830173,hold
508,2022-01-17,0,1,-0.0106536905679234,-0.0106536905679234,1.9683563656996046,hold
509,2022-01-18,0,1,-0.0096422404339412,-0.0096422404339412,1.9493770003618502,hold
510,2022-01-19,0,1,-0.010112406160797,-0.010112406160797,1.9296641083736752,hold
511,2022-01-20,0,1,-0.0078757453046686,-0.0078757453046686,1.9144665653325637,hold
512,2022-01-21,0,1,-0.0265679051873833,-0.0265679051873833,1.8636031991403927,hold
513,2022-01-24,0,1,0.0075134912216943,0.0075134912216943,1.8776053654178555,hold
514,2022-01-25,0,1,-0.0097117329146276,-0.0097117329146276,1.8593705635898456,hold
515,2022-01-27,0,1,-0.0004793161771092,-0.0004793161771092,1.8584793371994766,hold
516,2022-01-28,0,1,0.0139107178709299,0.0139107178709299,1.8843321189282112,hold
517,2022-01-31,0,1,0.0136679386118703,0.0136679386118703,1.9100870546540976,hold
518,2022-02-01,0,1,0.0115578385853996,0.0115578385853996,1.932163532515851,hold
519,2022-02-02,0,1,-0.0123622486642295,-0.0123622486642295,1.908277646466934,hold
520,2022-02-03,0,1,-0.0024998826581151,-0.0024998826581151,1.9035071762716627,hold
521,2022-02-04,0,1,-0.0172811129276234,-0.0172811129276234,1.8706124537999707,hold
522,2022-02-07,0,1,0.0030876976246183,0.0030876976246183,1.8763883394301504,hold
523,2022-02-08,0,1,0.0114121523303458,0.0114121523303458,1.897801968990612,hold
524,2022-02-09,0,1,0.008133901085124,0.008133901085124,1.9132385024855352,hold
525,2022-02-10,0,1,-0.0131262969128136,-0.0131262969128136,1.8881247658368832,hold
526,2022-02-11,0,1,-0.0306162228952934,-0.0306162228952934,1.8303175171518975,hold
527,2022-02-14,0,1,0.0302591263839775,0.0302591263839775,1.8857013262262048,hold
528,2022-02-15,0,1,-0.0017432697608654,-0.0017432697608654,1.8824140401261709,hold
529,2022-02-16,0,1,-0.0010160147191904,-0.0010160147191904,1.880501479753792,hold
530,2022-02-17,0,1,-0.0016353356196504,-0.0016353356196504,1.8774262287011454,hold
531,2022-02-18,0,1,-0.004031556958107,-0.004031556958107,1.8698572779254927,hold
532,2022-02-21,0,1,-0.0066515660675804,-0.0066515660675804,1.8574197987044252,hold
533,2022-02-22,0,1,-0.0016937094155936,-0.0016937094155936,1.8542738693026497,hold
534,2022-02-23,0,1,-0.0477810384708364,-0.0477810384708364,1.7656747382180331,hold
535,2022-02-24,0,1,0.0252616601096495,0.0252616601096495,1.8102786133190916,hold
536,2022-02-25,0,1,0.0081340342903666,0.0081340342903666,1.8250034816349465,hold
537,2022-02-28,0,1,-0.0111916331229355,-0.0111916331229355,1.8045787122204082,hold
538,2022-03-02,0,1,-0.006497577228417,-0.006497577228417,1.7928533226729988,hold
539,2022-03-03,0,1,-0.0153170320073322,-0.0153170320073322,1.7653921309451646,hold
540,2022-03-04,0,1,-0.0235266847399477,-0.0235266847399477,1.7238583068380333,hold
541,2022-03-07,0,1,0.0094747765094835,0.0094747765094835,1.7401914790293405,hold
542,2022-03-08,0,1,0.0207262900882942,0.0207262900882942,1.7762591924328806,hold
543,2022-03-09,0,1,0.0152673871904744,0.0152673871904744,1.8033780292743928,hold
544,2022-03-10,0,1,0.0021421537513466,0.0021421537513466,1.807241142284899,hold
545,2022-03-11,0,1,0.014482565042708,0.014482565042708,1.8334146296758982,hold
546,2022-03-14,0,1,-0.0123464565033122,-0.0123464565033122,1.8107784556980684,hold
547,2022-03-15,0,1,0.0187451004846066,0.0187451004846066,1.8447216798054895,hold
548,2022-03-16,0,1,0.0183619883565082,0.0183619883565082,1.8785944378110764,hold
549,2022-03-17,0,1,-0.0098022024704637,-0.0098022024704637,1.8601800747717652,hold
550,2022-03-21,0,1,0.0115612232521558,0.0115612232521558,1.8816860319054134,hold
551,2022-03-22,0,1,-0.004033935455228,-0.004033935455228,1.8740954319057028,hold
552,2022-03-23,0,1,-0.0013278937068936,-0.0013278937068936,1.8716068323755573,hold
553,2022-03-24,0,1,-0.0040498758909001,-0.0040498758909001,1.8640270569878756,hold
554,2022-03-25,0,1,0.0040226199498629,0.0040226199498629,1.8715253294143994,hold
555,2022-03-28,0,1,0.005998187274997,0.005998187274997,1.8827510888301275,hold
556,2022-03-29,0,1,0.0099824655821947,0.0099824655821947,1.901545586774214,hold
557,2022-03-30,0,1,-0.0019144771620018,-0.0019144771620018,1.8979051211758295,hold
558,2022-03-31,0,1,0.0117779652585923,0.0117779652585923,1.920258581757143,hold
559,2022-04-01,0,1,0.0216718413399843,0.0216718413399843,1.961874121072727,hold
560,2022-04-04,0,1,-0.005317557796472,-0.005317557796472,1.95144174204452,hold
561,2022-04-05,0,1,-0.0083391803235717,-0.0083391803235717,1.9351683174666658,hold
562,2022-04-06,0,1,-0.0094397411049521,-0.0094397411049521,1.916900829555275,hold
563,2022-04-07,0,1,0.0082087593907955,0.0082087593907955,1.9326362072411107,hold
564,2022-04-08,0,1,-0.006151497975913,-0.006151497975913,1.920747599524091,hold
565,2022-04-11,0,1,-0.0081838106412522,-0.0081838106412522,1.905028564879946,hold
566,2022-04-12,0,1,-0.0031174816283502,-0.0031174816283502,1.8990896733274505,hold
567,2022-04-13,0,1,-0.0172811880101475,-0.0172811880101475,1.866271147634549,hold
568,2022-04-18,0,1,-0.0125191788064678,-0.0125191788064678,1.8429069654359602,hold
569,2022-04-19,0,1,0.010490244596548,0.010490244596548,1.8622395102720655,hold
570,2022-04-20,0,1,0.014941678252146,0.014941678252146,1.8900644938629847,hold
571,2022-04-21,0,1,-0.0126864526051679,-0.0126864526051679,1.8660862802408813,hold
572,2022-04-22,0,1,-0.0126951225643019,-0.0126951225643019,1.842396086197661,hold
573,2022-04-25,0,1,0.0145601216162072,0.0145601216162072,1.8692215972779231,hold
574,2022-04-26,0,1,-0.0094414436101153,-0.0094414436101153,1.8515734469724139,hold
575,2022-04-27,0,1,0.0121285088909346,0.0121285088909346,1.8740302719862374,hold
576,2022-04-28,0,1,-0.0082632403816946,-0.0082632403816946,1.8585447093662426,hold
577,2022-04-29,0,1,-0.0019559171203674,-0.0019559171203674,1.854909549950225,hold
578,2022-05-02,0,1,-0.0229361834519363,-0.0229361834519363,1.8123650042258181,hold
579,2022-05-04,0,1,0.0003028482136697,0.0003028482136697,1.8129138757298655,hold
580,2022-05-05,0,1,-0.0162684216398562,-0.0162684216398562,1.7834206284027463,hold
581,2022-05-06,0,1,-0.0066661826871809,-0.0066661826871809,1.7715320206857266,hold
582,2022-05-09,0,1,-0.0037909688880922,-0.0037909688880922,1.764816197911048,hold
583,2022-05-10,0,1,-0.0044919933245182,-0.0044919933245182,1.75688865533103,hold
584,2022-05-11,0,1,-0.0222117521417858,-0.0222117521417858,1.7178650799781017,hold
585,2022-05-12,0,1,-0.0016352232651188,-0.0016352232651188,1.7150559870329865,hold
586,2022-05-13,0,1,0.0038112305721171,0.0038112305721171,1.7215924608436592,hold
587,2022-05-16,0,1,0.0263219359020472,0.0263219359020472,1.7669081072474337,hold
588,2022-05-17,0,1,-0.0011685620062508,-0.0011685620062508,1.764843365564768,hold
589,2022-05-18,0,1,-0.0265327253341793,-0.0265327253341793,1.7180172612883895,hold
590,2022-05-19,0,1,0.0288910387942893,0.0288910387942893,1.767652564633531,hold
591,2022-05-20,0,1,-0.0031630222318707,-0.0031630222318707,1.7620614402733719,hold
592,2022-05-23,0,1,-0.0055227542667355,-0.0055227542667355,1.752330007935852,hold
593,2022-05-24,0,1,-0.0061612191843656,-0.0061612191843656,1.741533518673618,hold
594,2022-05-25,0,1,0.0090073873189953,0.0090073873189953,1.757220185605324,hold
595,2022-05-26,0,1,0.0112738471989222,0.0112738471989222,1.7770308174727,hold
596,2022-05-27,0,1,0.0188932050929628,0.0188932050929628,1.8106046251637273,hold
597,2022-05-30,0,1,-0.0046124339835348,-0.0046124339835348,1.8022533308598767,hold
598,2022-05-31,0,1,-0.0037264067061659,-0.0037264067061659,1.7955374019615506,hold
599,2022-06-01,0,1,0.0063700049931154,0.0063700049931154,1.8069749841773712,hold
600,2022-06-02,0,1,-0.0026280502014673,-0.0026280502014673,1.8022261632061576,hold
601,2022-06-03,0,1,-0.0008893953501298,-0.0008893953501298,1.8006232716367199,hold
602,2022-06-06,0,1,-0.0092459460064759,-0.0092459460064759,1.7839748060891627,hold
603,2022-06-07,0,1,-0.0036609606157923,-0.0036609606157923,1.7774437445845044,hold
604,2022-06-08,0,1,0.0074497277416889,0.0074497277416889,1.790685216557827,hold
605,2022-06-09,0,1,-0.0167676984141,-0.0167676984141,1.760659546891998,hold
606,2022-06-10,0,1,-0.0263797491152091,-0.0263797491152091,1.7142137897676895,hold
607,2022-06-13,0,1,-0.0026816094559853,-0.0026816094559853,1.709616937859468,hold
608,2022-06-14,0,1,-0.002539344381356,-0.002539344381356,1.7052756316940436,hold
609,2022-06-15,0,1,-0.0211284478542902,-0.0211284478542902,1.6692458044326042,hold
610,2022-06-16,0,1,-0.0043682936266399,-0.0043682936266399,1.6619540486238058,hold
611,2022-06-17,0,1,0.0037042135956451,0.0037042135956451,1.6681102814060556,hold
612,2022-06-20,0,1,0.018804337854487,0.018804337854487,1.6994779907161586,hold
613,2022-06-21,0,1,-0.0144192650853174,-0.0144192650853174,1.6749727670613597,hold
614,2022-06-22,0,1,0.0093004475196092,0.0093004475196092,1.6905507633781884,hold
615,2022-06-23,0,1,0.0091664725885294,0.0091664725885294,1.7060471506102122,hold
616,2022-06-24,0,1,0.008458990377725,0.008458990377725,1.7204785870411692,hold
617,2022-06-27,0,1,0.0011464333961117,0.0011464333961117,1.7224510011506484,hold
618,2022-06-28,0,1,-0.0032239710103227,-0.0032239710103227,1.7168978690562375,hold
619,2022-06-29,0,1,-0.0011930812414028,-0.0011930812414028,1.7148494704152621,hold
620,2022-06-30,0,1,-0.0017870563085186,-0.0017870563085186,1.7117849378509968,hold
621,2022-07-01,0,1,0.0052881882498054,0.0052881882498054,1.7208371788455346,hold
622,2022-07-04,0,1,-0.0015471713984448,-0.0015471713984448,1.7181747487810441,hold
623,2022-07-05,0,1,0.0113181897073002,0.0113181897073002,1.737621376538041,hold
624,2022-07-06,0,1,0.0089494920315105,0.0089494920315105,1.7531722052011507,hold
625,2022-07-07,0,1,0.0054360478665673,0.0054360478665673,1.7627025332269597,hold
626,2022-07-08,0,1,-0.0002835659276332,-0.0002835659276332,1.7622026908479838,hold
627,2022-07-11,0,1,-0.0097249750439381,-0.0097249750439381,1.7450653136571266,hold
628,2022-07-12,0,1,-0.0057072925015229,-0.0057072925015229,1.7351057154778236,hold
629,2022-07-13,0,1,-0.0017536552323109,-0.0017536552323109,1.7320629382612633,hold
630,2022-07-14,0,1,0.0069359576863876,0.0069359576863876,1.7440764535112037,hold
631,2022-07-15,0,1,0.0142873041582765,0.0142873041582765,1.7689946042778064,hold
632,2022-07-18,0,1,0.0038117642711243,0.0038117642711243,1.7757375947062044,hold
633,2022-07-19,0,1,0.0110338885069691,0.0110338885069691,1.7953308853438263,hold
634,2022-07-20,0,1,0.005108719746296,0.005108719746296,1.8045027276889174,hold
635,2022-07-21,0,1,0.0068772959606149,0.0068772959606149,1.816912827008971,hold
636,2022-07-22,0,1,-0.0052901993117577,-0.0052901993117577,1.8073009960220043,hold
637,2022-07-25,0,1,-0.008847958067765,-0.008847958067765,1.7913100725933717,hold
638,2022-07-26,0,1,0.0095821774414373,0.0095821774414373,1.8084747235615954,hold
639,2022-07-27,0,1,0.0172937311236929,0.0172937311236929,1.8397499991748645,hold
640,2022-07-28,0,1,0.0135059538264792,0.0135059538264792,1.8645975777159853,hold
641,2022-07-29,0,1,0.0105955316684394,0.0105955316684394,1.8843539803995704,hold
642,2022-08-01,0,1,0.0003113276638058,0.0003113276638058,1.8849406319220714,hold
643,2022-08-02,0,1,0.0024618083588656,0.0024618083588656,1.8895809945257027,hold
644,2022-08-03,0,1,-0.0003537116074355,-0.0003537116074355,1.8889126277947494,hold
645,2022-08-04,0,1,0.0008917270739845,0.0008917270739845,1.8905970223253452,hold
646,2022-08-05,0,1,0.0073343646716481,0.0073343646716481,1.9044633503342114,hold
647,2022-08-08,0,1,0.0005506610997998,0.0005506610997998,1.905512064217235,hold
648,2022-08-10,0,1,0.0070859293688247,0.0070859293688247,1.9190143881157218,hold
649,2022-08-11,0,1,0.0022170219505635,0.0022170219505635,1.9232688851376216,hold
650,2022-08-12,0,1,0.0071815193435313,0.0071815193435313,1.9370808778390496,hold
651,2022-08-16,0,1,0.0066759231988331,0.0066759231988331,1.9500126810094314,hold
652,2022-08-17,0,1,0.000682669936052,0.000682669936052,1.9513438960416767,hold
653,2022-08-18,0,1,-0.011029475746944,-0.011029475746944,1.9298215958663378,hold
654,2022-08-19,0,1,-0.0150773300473388,-0.0150773300473388,1.900725038732979,hold
655,2022-08-22,0,1,0.0049626821755044,0.0049626821755044,1.9101577330032342,hold
656,2022-08-23,0,1,0.0015616110795051,0.0015616110795051,1.9131406564826945,hold
657,2022-08-24,0,1,-0.0046861822192667,-0.0046861822192667,1.9041753307553289,hold
658,2022-08-25,0,1,0.0020802555293466,0.0020802555293466,1.9081365020159782,hold
659,2022-08-26,0,1,-0.0140099889245538,-0.0140099889245538,1.8814035307561974,hold
660,2022-08-29,0,1,0.0257842637890255,0.0257842637890255,1.9299141356868192,hold
661,2022-08-30,0,1,-0.0121907952721076,-0.0121907952721076,1.9063869475659148,hold
662,2022-09-01,0,1,-0.0001910505934481,-0.0001910505934481,1.9060227312082405,hold
663,2022-09-02,0,1,0.0072038500710118,0.0072038500710118,1.9197534331958053,hold
664,2022-09-05,0,1,-0.0005774531254664,-0.0005774531254664,1.9186448655756814,hold
665,2022-09-06,0,1,-0.0017671004916441,-0.0017671004916441,1.9152544272904322,hold
666,2022-09-07,0,1,0.0098925129655895,0.0098925129655895,1.9342011065448055,hold
667,2022-09-08,0,1,0.0019439347917691,0.0019439347917691,1.9379610673700962,hold
668,2022-09-09,0,1,0.005775695663245,0.005775695663245,1.9491541407024435,hold
669,2022-09-12,0,1,0.0074542019299801,0.0074542019299801,1.9636835292598964,hold
670,2022-09-13,0,1,-0.0036690976717561,-0.0036690976717561,1.9564785825946232,hold
671,2022-09-14,0,1,-0.0070179606679163,-0.0070179606679163,1.9427480928543535,hold
672,2022-09-15,0,1,-0.0193848531485446,-0.0193848531485446,1.9050882063697567,hold
673,2022-09-16,0,1,0.0052136885924867,0.0052136885924867,1.9150207430189876,hold
674,2022-09-19,0,1,0.0110088098852303,0.0110088098852303,1.9361028423051563,hold
675,2022-09-20,0,1,-0.0054950054374517,-0.0054950054374517,1.9254639466592236,hold
676,2022-09-21,0,1,-0.0049975776569025,-0.0049975776569025,1.9158412910602283,hold
677,2022-09-22,0,1,-0.0171556772324205,-0.0171556772324205,1.8829737362422552,hold
678,2022-09-23,0,1,-0.0179513217622564,-0.0179513217622564,1.8491718688330923,hold
679,2022-09-26,0,1,-0.0005230508522044,-0.0005230508522044,1.8482046579112268,hold
680,2022-09-27,0,1,-0.0087491784653945,-0.0087491784653945,1.832034385518588,hold
681,2022-09-28,0,1,-0.0024023347691036,-0.0024023347691036,1.8276332256160635,hold
682,2022-09-29,0,1,0.016425755966269,0.016425755966269,1.857653482975878,hold
683,2022-09-30,0,1,-0.0121092644487904,-0.0121092644487904,1.8351586656963066,hold
684,2022-10-03,0,1,0.0229136709327191,0.0229136709327191,1.8772088874713997,hold
685,2022-10-04,0,1,0.0033286441360573,0.0033286441360573,1.8834574478268362,hold
686,2022-10-06,0,1,-0.0009895331040011,-0.0009895331040011,1.8815937043322342,hold
687,2022-10-07,0,1,-0.0042536458411471,-0.0042536458411471,1.8735900710970728,hold
688,2022-10-10,0,1,-0.0149323831999303,-0.0149323831999303,1.8456129061958666,hold
689,2022-10-11,0,1,0.0082461453396196,0.0082461453396196,1.8608320984610356,hold
690,2022-10-12,0,1,-0.0063800837728176,-0.0063800837728176,1.8489598337857063,hold
691,2022-10-13,0,1,0.0100708880038873,0.0100708880038873,1.8675805011954483,hold
692,2022-10-14,0,1,0.0073375869608156,0.0073375869608156,1.8812840355292935,hold
693,2022-10-17,0,1,0.010117285874136,0.010117285874136,1.9003175239271917,hold
694,2022-10-18,0,1,0.0014468379208691,0.0014468379208691,1.9030669753825018,hold
695,2022-10-19,0,1,0.002952174549244,0.002952174549244,1.908685161272733,hold
696,2022-10-20,0,1,0.0007032337856462,0.0007032337856462,1.9100274131643016,hold
697,2022-10-21,0,1,0.0087873563767617,0.0087873563767617,1.9268115047331607,hold
698,2022-10-24,0,1,-0.004196122026705,-0.004196122026705,1.9187263685368412,hold
699,2022-10-25,0,1,0.0045649078749665,0.0045649078749665,1.927485177646481,hold
700,2022-10-27,0,1,0.0028106052447454,0.0028106052447454,1.9329025775959432,hold
701,2022-10-28,0,1,0.0126722303955641,0.0126722303955641,1.957396764391419,hold
702,2022-10-31,0,1,0.0073950532223929,0.0073950532223929,1.9718718176414334,hold
703,2022-11-01,0,1,-0.0034471976315451,-0.0034471976315451,1.9650743857819493,hold
704,2022-11-02,0,1,-0.0016673473084335,-0.0016673473084335,1.961797924293944,hold
705,2022-11-03,0,1,0.0035701681556883,0.0035701681556883,1.9688018727711538,hold
706,2022-11-04,0,1,0.0047275862251119,0.0047275862251119,1.9781095533848414,hold
707,2022-11-07,0,1,-0.0025161392359563,-0.0025161392359563,1.9731323543245498,hold
708,2022-11-09,0,1,-0.0070937259046097,-0.0070937259046097,1.9591354942294543,hold
709,2022-11-10,0,1,0.0178331732470333,0.0178331732470333,1.9940730969124605,hold
710,2022-11-11,0,1,-0.0011198455015547,-0.0011198455015547,1.9918400431251118,hold
711,2022-11-14,0,1,0.0040509242609507,0.0040509242609507,1.9999088362797406,hold
712,2022-11-15,0,1,0.0003396111515991,0.0003396111515991,2.000588027622723,hold
713,2022-11-16,0,1,-0.0035714963948192,-0.0035714963948192,1.9934429346945497,hold
714,2022-11-17,0,1,-0.0019761337135545,-0.0019761337135545,1.9895036249052527,hold
715,2022-11-18,0,1,-0.0080677295405768,-0.0080677295405768,1.97345284773952,hold
716,2022-11-21,0,1,0.0046393301536886,0.0046393301536886,1.9826083470429205,hold
717,2022-11-22,0,1,0.0012634580983039,0.0012634580983039,1.985113289614757,hold
718,2022-11-23,0,1,0.0118709498898301,0.0118709498898301,2.0086784700014095,hold
719,2022-11-24,0,1,0.0015500019600884,0.0015500019600884,2.011791925567099,hold
720,2022-11-25,0,1,0.0027008413120686,0.0027008413120686,2.017225456310957,hold
721,2022-11-28,0,1,0.0029791265437502,0.0029791265437502,2.0232350262125816,hold
722,2022-11-29,0,1,0.0075356346254191,0.0075356346254191,2.03848138613147,hold
723,2022-11-30,0,1,0.0028867353340049,0.0028867353340049,2.044365942376527,hold
724,2022-12-01,0,1,-0.006187396179402,-0.006187396179402,2.031716640355367,hold
725,2022-12-02,0,1,0.0002648237856262,0.0002648237856262,2.0322546872473857,hold
726,2022-12-05,0,1,-0.0031175136590962,-0.0031175136590962,2.0259191055011296,hold
727,2022-12-06,0,1,-0.0044119027503989,-0.0044119027503989,2.0169809474274834,hold
728,2022-12-07,0,1,0.0026319123609277,0.0026319123609277,2.0222894645147735,hold
729,2022-12-08,0,1,-0.0060587824059793,-0.0060587824059793,2.010036852687374,hold
730,2022-12-09,0,1,2.977743269738653e-05,2.977743269738653e-05,2.0100967064244744,hold
731,2022-12-12,0,1,0.0059927938646799,0.0059927938646799,2.0221428016341485,hold
732,2022-12-13,0,1,0.0028106610731943,0.0028106610731943,2.027826359691142,hold
733,2022-12-14,0,1,-0.0131509343553336,-0.0131509343553336,2.0011585483508285,hold
734,2022-12-15,0,1,-0.0079229530179417,-0.0079229530179417,1.9853034631907926,hold
735,2022-12-16,0,1,0.0082899566889265,0.0082899566889265,2.00176154291502,hold
736,2022-12-19,0,1,-0.0019081205394395,-0.0019081205394395,1.997941940599924,hold
737,2022-12-20,0,1,-0.0101277196435586,-0.0101277196435586,1.9777073447614204,hold
738,2022-12-21,0,1,-0.0039425027358517,-0.0039425027358517,1.9699102281439844,hold
739,2022-12-22,0,1,-0.0176831602541178,-0.0176831602541178,1.9350759898934886,hold
740,2022-12-23,0,1,0.0116696328935068,0.0116696328935068,1.957657616316585,hold
741,2022-12-26,0,1,0.0065336546149905,0.0065336546149905,1.9704482750360033,hold
742,2022-12-27,0,1,-0.0005405150382313,-0.0005405150382313,1.9693832181112894,hold
743,2022-12-28,0,1,0.0037798317009243,0.0037798317009243,1.9768271552303749,hold
744,2022-12-29,0,1,-0.0047110779368918,-0.0047110779368918,1.9675141684343205,hold
745,2022-12-30,0,1,0.0050895833553579,0.0050895833553579,1.9775279957974146,hold
746,2023-01-02,0,1,0.0019289276248581,0.0019289276248581,1.9813425041774386,hold
747,2023-01-03,0,1,-0.0103990694870288,-0.0103990694870288,1.9607383857988936,hold
748,2023-01-04,0,1,-0.0028154392892826,-0.0028154392892826,1.9552180459115107,hold
749,2023-01-05,0,1,-0.0073755037054461,-0.0073755037054461,1.9407973279689352,hold
750,2023-01-06,0,1,0.0135362517084902,0.0135362517084902,1.9670684491154882,hold
751,2023-01-09,0,1,-0.0103335047509585,-0.0103335047509585,1.9467417379510927,hold
752,2023-01-10,0,1,-0.0010299775022909,-0.0010299775022909,1.9447366377582322,hold
753,2023-01-11,0,1,-0.0020954755408891,-0.0020954755408891,1.940661489700339,hold
754,2023-01-12,0,1,0.0055100959183882,0.0055100959183882,1.95135472065371,hold
755,2023-01-13,0,1,-0.0034388470725693,-0.0034388470725693,1.944644310185046,hold
756,2023-01-16,0,1,0.0088545685118242,0.0088545685118242,1.9618632964607086,hold
757,2023-01-17,0,1,0.00620655632356,0.00620655632356,1.9740397115093171,hold
758,2023-01-18,0,1,-0.003165367099256,-0.003165367099256,1.9677911511538808,hold
759,2023-01-19,0,1,-0.0044289753051891,-0.0044289753051891,1.9590758527396506,hold
760,2023-01-20,0,1,0.0050422760956287,0.0050422760956287,1.9689540540814434,hold
761,2023-01-23,0,1,-1.3798013043020418e-05,-1.3798013043020418e-05,1.968926886427724,hold
762,2023-01-24,0,1,-0.0124929796250122,-0.0124929796250122,1.9443291229524438,hold
763,2023-01-25,0,1,-0.0160742469061787,-0.0160742469061787,1.9130754965632324,hold
764,2023-01-27,0,1,0.0025334426073457,0.0025334426073457,1.917922163537295,hold
765,2023-01-30,0,1,0.0007479862801675,0.0007479862801675,1.9193567430020502,hold
766,2023-01-31,0,1,-0.0025959245256645,-0.0025959245256645,1.9143742377593918,hold
767,2023-02-01,0,1,-0.0003349392530399,-0.0003349392530399,1.9137330386821578,hold
768,2023-02-02,0,1,0.0138355963078902,0.0138355963078902,1.9402106764464362,hold
769,2023-02-03,0,1,-0.0050101331608701,-0.0050101331608701,1.9304899625972978,hold
770,2023-02-06,0,1,-0.0024261514654264,-0.0024261514654264,1.9258063015455515,hold
771,2023-02-07,0,1,0.0084755364246817,0.0084755364246817,1.9421285430011825,hold
772,2023-02-08,0,1,0.0012170079483646,0.0012170079483646,1.9444921288747608,hold
773,2023-02-09,0,1,-0.0020649578680046,-0.0020649578680046,1.9404768345539678,hold
774,2023-02-10,0,1,-0.0047937507000251,-0.0047937507000251,1.9311746723699423,hold
775,2023-02-13,0,1,0.0089443537049958,0.0089443537049958,1.9484477817057484,hold
776,2023-02-14,0,1,0.0047964707944361,0.0047964707944361,1.9577934545851838,hold
777,2023-02-15,0,1,0.0011101336008929,0.0011101336008929,1.9599668668827273,hold
778,2023-02-16,0,1,-0.0050815676893513,-0.0050815676893513,1.9500071625797768,hold
779,2023-02-17,0,1,-0.0055505184801407,-0.0055505184801407,1.939183611787471,hold
780,2023-02-20,0,1,-0.001003126492992,-0.001003126492992,1.9372383653317111,hold
781,2023-02-21,0,1,-0.0152803631315826,-0.0152803631315826,1.907636659637009,hold
782,2023-02-22,0,1,-0.0024524349779846,-0.0024524349779846,1.9029583047676293,hold
783,2023-02-23,0,1,-0.002595429723749,-0.002595429723749,1.8980193102203804,hold
784,2023-02-24,0,1,-0.0041854114458053,-0.0041854114458053,1.8900753184750245,hold
785,2023-02-27,0,1,-0.0051027157362857,-0.0051027157362857,1.8804308014046767,hold
786,2023-02-28,0,1,0.008492348770636,0.008492348770636,1.8964000756092518,hold
787,2023-03-01,0,1,-0.0073921687198044,-0.0073921687198044,1.8823815662900985,hold
788,2023-03-02,0,1,0.0157285986298278,0.0157285986298278,1.9119887904144621,hold
789,2023-03-03,0,1,0.0066555236183669,0.0066555236183669,1.9247140769671185,hold
790,2023-03-06,0,1,0.0024250512391459,0.0024250512391459,1.9293816072244692,hold
791,2023-03-08,0,1,-0.0092822498999752,-0.0092822498999752,1.911472604993796,hold
792,2023-03-09,0,1,-0.010045664635585,-0.010045664635585,1.8922705922439202,hold
793,2023-03-10,0,1,-0.0148510359316261,-0.0148510359316261,1.8641684136861465,hold
794,2023-03-13,0,1,-0.0064706805258611,-0.0064706805258611,1.8521059754347822,hold
795,2023-03-14,0,1,-0.0041746837386849,-0.0041746837386849,1.8443740187368134,hold
796,2023-03-15,0,1,0.0007924286811309,0.0007924286811309,1.8458355536079931,hold
797,2023-03-16,0,1,0.0067381296219788,0.0067381296219788,1.8582730328290609,hold
798,2023-03-17,0,1,-0.0065292432199922,-0.0065292432199922,1.8461399162285674,hold
799,2023-03-20,0,1,0.007010642946744,0.007010642946744,1.859082544010978,hold
800,2023-03-21,0,1,0.0025953757489405,0.0025953757489405,1.8639075617609826,hold
801,2023-03-22,0,1,-0.0043726933046436,-0.0043726933046436,1.8557572656451957,hold
802,2023-03-23,0,1,-0.0077209333285906,-0.0077209333285906,1.8414290875231016,hold
803,2023-03-24,0,1,0.0023988383407489,0.0023988383407489,1.8458463782200223,hold
804,2023-03-27,0,1,-0.0020016838613549,-0.0020016838613549,1.8421515773141988,hold
805,2023-03-28,0,1,0.0076098565893214,0.0076098565893214,1.8561700866333521,hold
806,2023-03-29,0,1,0.0163371989446239,0.0163371989446239,1.886494706613741,hold
807,2023-03-31,0,1,0.0022062979737611,0.0022062979737611,1.890656876062454,hold
808,2023-04-03,0,1,0.0091389548173612,0.0091389548173612,1.9079355038279222,hold
809,2023-04-05,0,1,0.0023978747854371,0.0023978747854371,1.9125104942647915,hold
810,2023-04-06,0,1,0.001414863221935,0.001414863221935,1.9152164350246916,hold
811,2023-04-10,0,1,0.0055747683219642,0.0055747683219642,1.9258933229363726,hold
812,2023-04-11,0,1,0.0050839679614469,0.0050839679614469,1.9356845028873457,hold
813,2023-04-12,0,1,0.0008757724412713,0.0008757724412713,1.9373797220299704,hold
814,2023-04-13,0,1,-0.0067955121508301,-0.0067955121508301,1.924214234588144,hold
815,2023-04-17,0,1,-0.0026373533282438,-0.0026373533282438,1.9191394017722987,hold
816,2023-04-18,0,1,-0.0023442830162407,-0.0023442830162407,1.9146403958669256,hold
817,2023-04-19,0,1,0.0003234746363958,0.0003234746363958,1.9152597334728074,hold
818,2023-04-20,0,1,-2.260708945023282e-05,-2.260708945023282e-05,1.9152164350246923,hold
819,2023-04-21,0,1,0.0067719737565652,0.0067719737565652,1.928186230460822,hold
820,2023-04-24,0,1,0.0014568576938982,0.0014568576938982,1.9309953234059374,hold
821,2023-04-25,0,1,0.0024958627615121,0.0024958627615121,1.9358148227262804,hold
822,2023-04-26,0,1,0.0056951528101938,0.0056951528101938,1.9468395839539447,hold
823,2023-04-27,0,1,0.0083700136036979,0.0083700136036979,1.9631346577558568,hold
824,2023-04-28,0,1,0.0045751669319125,0.0045751669319125,1.9721163265249129,hold
825,2023-05-02,0,1,-0.0031850283648763,-0.0031850283648763,1.9658350800860953,hold
826,2023-05-03,0,1,0.0091737176073036,0.0091737176073036,1.9838690959733363,hold
827,2023-05-04,0,1,-0.0102324068655403,-0.0102324068655403,1.9635693402153656,hold
828,2023-05-05,0,1,0.0108141231183243,0.0108141231183243,1.9848036208118214,hold
829,2023-05-08,0,1,8.480038171931881e-05,8.480038171931881e-05,1.984971932916504,hold
830,2023-05-09,0,1,0.0026908205008338,0.0026908205008338,1.9903131360871755,hold
831,2023-05-10,0,1,-0.0009882342854272,-0.0009882342854272,1.9883462404073582,hold
832,2023-05-11,0,1,0.0009728797753729,0.0009728797753729,1.9902806622510893,hold
833,2023-05-12,0,1,0.0045891205221868,0.0045891205221868,1.9994143000831375,hold
834,2023-05-15,0,1,-0.0061063388070606,-0.0061063388070606,1.9872051989511479,hold
835,2023-05-16,0,1,-0.0057282694884204,-0.0057282694884204,1.9758219520427656,hold
836,2023-05-17,0,1,-0.0028490536527011,-0.0028490536527011,1.970192729293211,hold
837,2023-05-18,0,1,0.0040513721791914,0.0040513721791914,1.978174713304315,hold
838,2023-05-19,0,1,0.0060977618257063,0.0060977618257063,1.9902371515556796,hold
839,2023-05-22,0,1,0.0018346005688616,0.0018346005688616,1.9938884417660931,hold
840,2023-05-23,0,1,-0.0034117947119577,-0.0034117947119577,1.987085703724242,hold
841,2023-05-24,0,1,0.0019551116867164,0.0019551116867164,1.9909706782061005,hold
842,2023-05-25,0,1,0.0097264208278746,0.0097264208278746,2.010335696878292,hold
843,2023-05-26,0,1,0.0053677985089635,0.0053677985089635,2.0211267738345113,hold
844,2023-05-29,0,1,0.0018925684396833,0.0018925684396833,2.0249518945792695,hold
845,2023-05-30,0,1,-0.0053370195013254,-0.0053370195013254,2.0141446868286543,hold
846,2023-05-31,0,1,-0.0025169624936233,-0.0025169624936233,2.009075160195176,hold
847,2023-06-01,0,1,0.0025070443604549,0.0025070443604549,2.0141120007452735,hold
848,2023-06-02,0,1,0.0032237875731377,0.0032237875731377,2.020605069984184,hold
849,2023-06-05,0,1,0.0002769943144211,0.0002769943144211,2.0211647661002603,hold
850,2023-06-06,0,1,0.0068498516385289,0.0068498516385289,2.0350094448850693,hold
851,2023-06-07,0,1,-0.0049048192636628,-0.0049048192636628,2.0250280913580614,hold
852,2023-06-08,0,1,-0.0038181972541345,-0.0038181972541345,2.017296134660093,hold
853,2023-06-09,0,1,0.0020524046550352,0.0020524046550352,2.021436442637454,hold
854,2023-06-12,0,1,0.0061635024393194,0.0061635024393194,2.033895571082579,hold
855,2023-06-13,0,1,0.0021238341844009,0.0021238341844009,2.0382152280239456,hold
856,2023-06-14,0,1,-0.0036149041015322,-0.0036149041015322,2.0308472754363565,hold
857,2023-06-15,0,1,0.007379048352023,0.007379048352023,2.0458329956773755,hold
858,2023-06-16,0,1,-0.0037475183921172,-0.0037475183921172,2.038166198898874,hold
859,2023-06-19,0,1,0.0032657175674986,0.0032657175674986,2.0448222740601003,hold
860,2023-06-20,0,1,0.002133763746672,0.002133763746672,2.0491854416968773,hold
861,2023-06-21,0,1,-0.0045394438174043,-0.0045394438174043,2.0398832795128516,hold
862,2023-06-22,0,1,-0.0056336152360657,-0.0056336152360657,2.0283913619895926,hold
863,2023-06-23,0,1,0.0013768299134766,0.0013768299134766,2.0311841118930176,hold
864,2023-06-26,0,1,0.0067519034171119,0.0067519034171119,2.0448984708388918,hold
865,2023-06-27,0,1,0.0082210728123248,0.0082210728123248,2.06170973006147,hold
866,2023-06-28,0,1,0.0114352747635688,0.0114352747635688,2.085285947307446,hold
867,2023-06-30,0,1,0.0069570924336936,0.0069570924336936,2.0997934743935467,hold
868,2023-07-03,0,1,0.0034389465191355,0.0034389465191355,2.107014551853216,hold
869,2023-07-04,0,1,0.0004899685388621,0.0004899685388621,2.1080469226945486,hold
870,2023-07-05,0,1,0.0050932175812563,0.0050932175812563,2.1187836643433298,hold
871,2023-07-06,0,1,-0.0084883544577184,-0.0084883544577184,2.1007986775811602,hold
872,2023-07-07,0,1,0.0012466303397029,0.0012466303397029,2.1034175969502407,hold
873,2023-07-10,0,1,0.0043139300324381,0.0043139300324381,2.1124915932924835,hold
874,2023-07-11,0,1,-0.0028344294714754,-0.0028344294714754,2.106503884862211,hold
875,2023-07-12,0,1,0.0015192303855748,0.0015192303855748,2.1097041495714253,hold
876,2023-07-13,0,1,0.0077651149314275,0.0077651149314275,2.126086244764157,hold
877,2023-07-14,0,1,0.0075110132510414,0.0075110132510414,2.142055306721437,hold
878,2023-07-17,0,1,0.0019177068530324,0.0019177068530324,2.1461631408627113,hold
879,2023-07-18,0,1,0.0042482823714824,0.0042482823714824,2.155280647900364,hold
880,2023-07-19,0,1,0.0073614124394989,0.0073614124394989,2.171146557672429,hold
881,2023-07-20,0,1,-0.011719737128305,-0.011719737128305,2.145701290749484,hold
882,2023-07-21,0,1,-0.0036794322929856,-0.0036794322929856,2.1378063281291992,hold
883,2023-07-24,0,1,0.0004193703428323,0.0004193703428323,2.138702860701936,hold
884,2023-07-25,0,1,0.0049643391875346,0.0049643391875346,2.149320107123811,hold
885,2023-07-26,0,1,-0.0059863783008722,-0.0059863783008722,2.1364534638728965,hold
886,2023-07-27,0,1,-0.0007044597937843,-0.0007044597937843,2.134948418306307,hold
887,2023-07-28,0,1,0.0054845628365591,0.0054845628365591,2.1466576770593204,hold
888,2023-07-31,0,1,-0.0010251191770254,-0.0010251191770254,2.144457097108058,hold
889,2023-08-01,0,1,-0.0104897492749598,-0.0104897492749598,2.1219622798284865,hold
890,2023-08-02,0,1,-0.0074206854169113,-0.0074206854169113,2.1062158652833274,hold
891,2023-08-03,0,1,0.0069833892701145,0.0069833892701145,2.120924390557492,hold
892,2023-08-04,0,1,0.0041144018676027,0.0041144018676027,2.129650725831046,hold
893,2023-08-07,0,1,-0.0013497354646058,-0.0013497354646058,2.1267762607191685,hold
894,2023-08-08,0,1,0.0031527078847637,0.0031527078847637,2.133481365005466,hold
895,2023-08-09,0,1,-0.0045562684580157,-0.0045562684580157,2.1237606511563274,hold
896,2023-08-10,0,1,-0.0058741361615907,-0.0058741361615907,2.1112853919168066,hold
897,2023-08-11,0,1,0.0003216956578122,0.0003216956578122,2.111964583259789,hold
898,2023-08-14,0,1,0.0015667570139761,0.0015667570139761,2.1152735185838805,hold
899,2023-08-16,0,1,-0.0051245825841254,-0.0051245825841254,2.104433624749884,hold
900,2023-08-17,0,1,-0.0028452826260957,-0.0028452826260957,2.0984459163196116,hold
901,2023-08-18,0,1,0.0043215209131937,0.0043215209131937,2.107514394232193,hold
902,2023-08-21,0,1,0.0001469355577301,0.0001469355577301,2.1078240630351335,hold
903,2023-08-22,0,1,0.0024515199000461,0.0024515199000461,2.1129914356714603,hold
904,2023-08-23,0,1,-0.0029469646806212,-0.0029469646806212,2.1067645245400817,hold
905,2023-08-24,0,1,-0.0062361537740819,-0.0062361537740819,2.0936264169992693,hold
906,2023-08-25,0,1,0.0020891942389009,0.0020891942389009,2.0980004092480753,hold
907,2023-08-28,0,1,0.001895758474361,0.001895758474361,2.10197771130312,hold
908,2023-08-29,0,1,0.0002480956863764,0.0002480956863764,2.102499202906154,hold
909,2023-08-30,0,1,-0.0048403506033882,-0.0048403506033882,2.092322369620744,hold
910,2023-08-31,0,1,0.0094267101889176,0.0094267101889176,2.112046086220948,hold
911,2023-09-01,0,1,0.0048108337016425,0.0048108337016425,2.122206788711962,hold
912,2023-09-04,0,1,0.0023605960187407,0.0023605960187407,2.12721646160834,hold
913,2023-09-05,0,1,0.0018467726478093,0.0018467726478093,2.131144946785608,hold
914,2023-09-06,0,1,0.0059150323607803,0.0059150323607803,2.1437507381113585,hold
915,2023-09-07,0,1,0.004709190366575,0.004709190366575,2.1538460684356107,hold
916,2023-09-08,0,1,0.0089001434200508,0.0089001434200508,2.1730156073494005,hold
917,2023-09-11,0,1,-0.0001575482868895,-0.0001575482868895,2.1726732524630785,hold
918,2023-09-12,0,1,0.0038413452699443,0.0038413452699443,2.181019240584562,hold
919,2023-09-13,0,1,0.0016492082399102,0.0016492082399102,2.184616195487537,hold
920,2023-09-14,0,1,0.0044396138771742,0.0044396138771742,2.1943150478653233,hold
921,2023-09-15,0,1,-0.0029243168460981,-0.0029243168460981,2.1878981754052043,hold
922,2023-09-18,0,1,-0.011518249945432,-0.011518249945432,2.1626974173657323,hold
923,2023-09-20,0,1,-0.0079919391664983,-0.0079919391664983,2.1454132711706024,hold
924,2023-09-21,0,1,-0.0034494176591149,-0.0034494176591149,2.1380128447469273,hold
925,2023-09-22,0,1,1.5288066889551644e-05,1.5288066889551644e-05,2.1380455308303086,hold
926,2023-09-25,0,1,-0.0005007261720755,-0.0005007261720755,2.1369749554759325,hold
927,2023-09-26,0,1,0.0026316191986632,0.0026316191986632,2.1425986597958255,hold
928,2023-09-27,0,1,-0.0097836296667737,-0.0097836296667737,2.1216362679838574,hold
929,2023-09-28,0,1,0.0058775169171687,0.0058775169171687,2.1341062210410113,hold
930,2023-09-29,0,1,-0.0055784246544688,-0.0055784246544688,2.122201270282301,hold
931,2023-10-03,0,1,-0.0047443072713306,-0.0047443072713306,2.1121328953644736,hold
932,2023-10-04,0,1,0.0056415841052857,0.0056415841052857,2.124048670735213,hold
933,2023-10-05,0,1,0.0055127073660514,0.0055127073660514,2.1357579294882267,hold
934,2023-10-06,0,1,-0.0071819467588469,-0.0071819467588469,2.120419029748857,hold
935,2023-10-09,0,1,0.0090968029762401,0.0090968029762401,2.139708063889553,hold
936,2023-10-10,0,1,0.0061706921287072,0.0061706921287072,2.1529115435971278,hold
937,2023-10-11,0,1,-0.0008757409120068,-0.0008757409120068,2.151026150878468,hold
938,2023-10-12,0,1,-0.002169809980297,-0.002169809980297,2.146358832868412,hold
939,2023-10-13,0,1,-0.0009772027556287,-0.0009772027556287,2.1442614051023647,hold
940,2023-10-16,0,1,0.0040417094276989,0.0040417094276989,2.152927886638818,hold
941,2023-10-17,0,1,-0.0070868127413371,-0.0070868127413371,2.1376704898606063,hold
942,2023-10-18,0,1,-0.0023588102112444,-0.0023588102112444,2.1326281308808475,hold
943,2023-10-19,0,1,-0.0041808960845935,-0.0041808960845935,2.123711834278554,hold
944,2023-10-20,0,1,-0.0133503074255556,-0.0133503074255556,2.0953596284076443,hold
945,2023-10-23,0,1,-0.008277236732921,-0.008277236732921,2.078015840722709,hold
946,2023-10-25,0,1,-0.0138530649123475,-0.0138530649123475,2.049228952392291,hold
947,2023-10-26,0,1,0.0100757003274603,0.0100757003274603,2.0698763692189512,hold
948,2023-10-27,0,1,0.0049167407696648,0.0049167407696648,2.080053414751656,hold
949,2023-10-30,0,1,-0.0032026069828995,-0.0032026069828995,2.0733918211607683,hold
950,2023-10-31,0,1,-0.0047406245729368,-0.0047406245729368,2.0635626489440475,hold
951,2023-11-01,0,1,0.0075885232572669,0.0075885232572669,2.079222042098387,hold
952,2023-11-02,0,1,0.0050879808383312,0.0050879808383312,2.08980108400722,hold
953,2023-11-03,0,1,0.0094199033989916,0.0094199033989916,2.109486808341676,hold
954,2023-11-06,0,1,-0.0002601919584787,-0.0002601919584787,2.1089379368376284,hold
955,2023-11-07,0,1,0.0018962926582819,0.0018962926582819,2.112937100364026,hold
956,2023-11-08,0,1,-0.002478937369815,-0.002478937369815,2.107699261625865,hold
957,2023-11-09,0,1,0.0015492839458333,0.0015492839458333,2.110964686254547,hold
958,2023-11-10,0,1,0.0009369804014345,0.0009369804014345,2.1129426187936877,hold
959,2023-11-13,0,1,0.0119267535086042,0.0119267535086042,2.138143164585865,hold
960,2023-11-15,0,1,0.0045615222809993,0.0045615222809993,2.14789635227109,hold
961,2023-11-16,0,1,-0.0016897597201204,-0.0016897597201204,2.1442669235320286,hold
962,2023-11-17,0,1,-0.0019157289123818,-0.0019157289123818,2.1401590893907545,hold
963,2023-11-20,0,1,0.004539473475424,0.004539473475424,2.1498742848102315,hold
964,2023-11-21,0,1,0.0014380348265852,0.0014380348265852,2.1529658789045687,hold
965,2023-11-22,0,1,-0.0004971574875239,-0.0004971574875239,2.151895515797488,hold
966,2023-11-23,0,1,-0.0003686890844358,-0.0003686890844358,2.151102135409967,hold
967,2023-11-24,0,1,0.0047992646389904,0.0047992646389904,2.161425843823297,hold
968,2023-11-28,0,1,0.0104023891135545,0.0104023891135545,2.1839098364908396,hold
969,2023-11-29,0,1,0.0018187545137213,0.0018187545137213,2.1878818323635176,hold
970,2023-11-30,0,1,0.0066929416105065,0.0066929416105065,2.2025251977182148,hold
971,2023-12-01,0,1,0.0206681690037693,0.0206681690037693,2.248047360739715,hold
972,2023-12-04,0,1,0.0081355657602475,0.0081355657602475,2.266336497875164,hold
973,2023-12-05,0,1,0.0039606432442005,0.0039606432442005,2.2753126482145585,hold
974,2023-12-06,0,1,-0.001745599062397,-0.001745599062397,2.2713408645891753,hold
975,2023-12-07,0,1,0.0032653705047074,0.0032653705047074,2.2787576340545415,hold
976,2023-12-08,0,1,0.0013209351833629,0.0013209351833629,2.281767725187721,hold
977,2023-12-11,0,1,-0.0043196070141755,-0.0043196070141755,2.2719113853172805,hold
978,2023-12-12,0,1,0.0009542158562574,0.0009542158562574,2.274079279185162,hold
979,2023-12-13,0,1,0.0122500872899569,0.0122500872899569,2.3019369488594625,hold
980,2023-12-14,0,1,0.0129327792008919,0.0129327792008919,2.331707391153437,hold
981,2023-12-15,0,1,-0.0017710126840955,-0.0017710126840955,2.327577907788105,hold
982,2023-12-18,0,1,0.0016083748565725,0.0016083748565725,2.331321525571705,hold
983,2023-12-19,0,1,-0.0141214660942333,-0.0141214660942333,2.2983998476935876,hold
984,2023-12-20,0,1,0.0049597940765233,0.0049597940765233,2.3097994376436604,hold
985,2023-12-21,0,1,0.0044389265566107,0.0044389265566107,2.3200524677078613,hold
986,2023-12-22,0,1,0.0043068759341071,0.0043068759341071,2.330044645846898,hold
987,2023-12-26,0,1,0.0099527499207277,0.0099527499207277,2.353234997511143,hold
988,2023-12-27,0,1,0.0057238813077962,0.0057238813077962,2.366704635326249,hold
989,2023-12-28,0,1,-0.0021717930740454,-0.0021717930740454,2.3615646425909365,hold
990,2023-12-29,0,1,0.0004831718072126,0.0004831718072126,2.3627056840471465,hold
991,2024-01-01,0,1,-0.003500136051024,-0.003500136051024,2.354435892704454,hold
992,2024-01-02,0,1,-0.0068518663756694,-0.0068518663756694,2.338303612577563,hold
993,2024-01-03,0,1,0.0065644701863494,0.0065644701863494,2.3536533369289616,hold
994,2024-01-04,0,1,0.0024101822286055,0.0024101822286055,2.359326070373926,hold
995,2024-01-05,0,1,-0.009110708685643,-0.009110708685643,2.3378309378523063,hold
996,2024-01-08,0,1,0.0014804820050666,0.0014804820050666,2.3412920544866846,hold
997,2024-01-09,0,1,0.0034277152411805,0.0034277152411805,2.3493173369459037,hold
998,2024-01-10,0,1,0.0013183031833516,0.0013183031833516,2.3524144494699026,hold
999,2024-01-11,0,1,0.0114264926377058,0.0114264926377058,2.3792942958576035,hold
1000,2024-01-12,0,1,0.0092670746948486,0.0092670746948486,2.4013433938183435,hold
1001,2024-01-15,0,1,-0.0029482333845447,-0.0029482333845447,2.3942636730569324,hold
1002,2024-01-16,0,1,-0.0208943935120824,-0.0208943935120824,2.344236985700397,hold
1003,2024-01-17,0,1,-0.0050852715087356,-0.0050852715087356,2.3323159041472903,hold
1004,2024-01-18,0,1,0.0074619571864553,0.0074619571864553,2.3497195455693265,hold
1005,2024-01-19,0,1,-0.0177408429427344,-0.0177408429427344,2.308033540151908,hold
1006,2024-01-23,0,1,0.0101299710711508,0.0101299710711508,2.331413853144893,hold
1007,2024-01-24,0,1,-0.0047240537554001,-0.0047240537554001,2.320400128776552,hold
1008,2024-01-25,0,1,0.0180305914522447,0.0180305914522447,2.362238315504258,hold
1009,2024-01-29,0,1,-0.0099136981024832,-0.0099136981024832,2.33881979799823,hold
1010,2024-01-30,0,1,0.0094600254190029,0.0094600254190029,2.3609450927377607,hold
1011,2024-01-31,0,1,-0.0013003033741542,-0.0013003033741542,2.357875147867481,hold
1012,2024-02-01,0,1,0.0072059881750932,0.0072059881750932,2.37486596830136,hold
1013,2024-02-02,0,1,-0.0037568550808078,-0.0037568550808078,2.3659439410221097,hold
1014,2024-02-05,0,1,0.0072434021015312,0.0072434021015312,2.3830814243366145,hold
1015,2024-02-06,0,1,5.014315737827957e-05,5.014315737827957e-05,2.3832009195635204,hold
1016,2024-02-07,0,1,-0.0096920171108729,-0.0096920171108729,2.3601028954724628,hold
1017,2024-02-08,0,1,0.0029722318898448,0.0029722318898448,2.367117668561701,hold
1018,2024-02-09,0,1,-0.0076414194307357,-0.0076414194307357,2.3490295296143158,hold
1019,2024-02-12,0,1,0.0058844800115076,0.0058844800115076,2.3628523469277725,hold
1020,2024-02-13,0,1,0.0044519922849619,0.0044519922849619,2.3733717473467992,hold
1021,2024-02-14,0,1,0.0032371361888359,0.0032371361888359,2.3810546749196964,hold
1022,2024-02-15,0,1,0.0059308430222606,0.0059308430222606,2.395176336424065,hold
1023,2024-02-16,0,1,0.0037000088082788,0.0037000088082788,2.404038509966215,hold
1024,2024-02-19,0,1,0.003376655573009,0.003376655573009,2.412156119998621,hold
1025,2024-02-20,0,1,-0.00639270001033,-0.00639270001033,2.3967359295453883,hold
1026,2024-02-21,0,1,0.0073633218581414,0.0073633218581414,2.4143838676036027,hold
1027,2024-02-22,0,1,-0.0002137959201901,-0.0002137959201901,2.413867682182936,hold
1028,2024-02-23,0,1,-0.0040809285088362,-0.0040809285088362,2.4040168607421575,hold
1029,2024-02-26,0,1,0.0034489943486464,0.0034489943486464,2.412308301308908,hold
1030,2024-02-27,0,1,-0.0111359278099485,-0.0111359278099485,2.3854450102101925,hold
1031,2024-02-28,0,1,0.0014418556686905,0.0014418556686905,2.388884477620514,hold
1032,2024-02-29,0,1,0.0161921687000685,0.0161921687000685,2.4275656980871205,hold
1033,2024-03-01,0,1,0.0029925402887358,0.0029925402887358,2.4348302862421995,hold
1034,2024-03-04,0,1,-0.0022002905070378,-0.0022002905070378,2.429472952277133,hold
1035,2024-03-05,0,1,0.0052669715420341,0.0052669715420341,2.442268917178918,hold
1036,2024-03-06,0,1,0.000867667346212,0.000867667346212,2.444387994169023,hold
1037,2024-03-07,0,1,-0.0071531788017711,-0.0071531788017711,2.4269028497858294,hold
1038,2024-03-11,0,1,0.000136518866846,0.000136518866846,2.4272341678128275,hold
1039,2024-03-12,0,1,-0.0151327252704165,-0.0151327252704165,2.390503499984348,hold
1040,2024-03-13,0,1,0.0067712159528048,0.0067712159528048,2.406690115418678,hold
1041,2024-03-14,0,1,-0.0055674686273187,-0.0055674686273187,2.393290943705406,hold
1042,2024-03-15,0,1,0.0014688778023679,0.0014688778023679,2.396806395647223,hold
1043,2024-03-18,0,1,-0.0108021966402886,-0.0108021966402886,2.3709156216527405,hold
1044,2024-03-19,0,1,0.0009923428906801,0.0009923428906801,2.37326838291429,hold
1045,2024-03-20,0,1,0.0079146856998078,0.0079146856998078,2.3920520562463476,hold
1046,2024-03-21,0,1,0.0038524885010076,0.0038524885010076,2.4012674092868482,hold
1047,2024-03-22,0,1,-0.0041658063402989,-0.0041658063402989,2.391264194288488,hold
1048,2024-03-26,0,1,0.0054057167831516,0.0054057167831516,2.404190691276503,hold
1049,2024-03-27,0,1,0.0091870010785439,0.0091870010785439,2.4262779937502854,hold
1050,2024-03-28,0,1,0.0060509791780918,0.0060509791780918,2.4409593513707306,hold
1051,2024-04-01,0,1,-0.0003872860275131,-0.0003872860275131,2.440014001920217,hold
1052,2024-04-02,0,1,-0.0008306302403686,-0.0008306302403686,2.4379872525032993,hold
1053,2024-04-03,0,1,0.0035659124883635,0.0035659124883635,2.446680901693472,hold
1054,2024-04-04,0,1,-4.224679746289706e-05,-4.224679746289706e-05,2.446577537260962,hold
1055,2024-04-05,0,1,0.0067781647528144,0.0067781647528144,2.4631608428890517,hold
1056,2024-04-08,0,1,-0.0010390218270411,-0.0010390218270411,2.4606015650097772,hold
1057,2024-04-09,0,1,0.0049044741142307,0.0049044741142307,2.4726695216908032,hold
1058,2024-04-10,0,1,-0.0103015928142499,-0.0103015928142499,2.4471970871141386,hold
1059,2024-04-12,0,1,-0.010963897188301,-0.010963897188301,2.4203662698515096,hold
1060,2024-04-15,0,1,-0.005594325260972,-0.005594325260972,2.4068259536872745,hold
1061,2024-04-16,0,1,-0.0068652458503182,-0.0068652458503182,2.3903025017962847,hold
1062,2024-04-18,0,1,0.0068717686886063,0.0068717686886063,2.406728107684426,hold
1063,2024-04-19,0,1,0.0085519659829773,0.0085519659829773,2.4273103645916185,hold
1064,2024-04-22,0,1,0.0014147135985376,0.0014147135985376,2.4307443135722777,hold
1065,2024-04-23,0,1,0.0015379287654238,0.0015379287654238,2.4344826251735108,hold
1066,2024-04-24,0,1,0.0074969296067168,0.0074969296067168,2.4527337700432117,hold
1067,2024-04-25,0,1,-0.0066636269808832,-0.0066636269808832,2.4363896671162286,hold
1068,2024-04-26,0,1,0.0099666225688024,0.0099666225688024,2.460672243358906,hold
1069,2024-04-29,0,1,-0.0017025173156396,-0.0017025173156396,2.4564829062564737,hold
1070,2024-04-30,0,1,0.001917712797214,0.001917712797214,2.4611937349619395,hold
1071,2024-05-02,0,1,-0.0076098592965534,-0.0076098592965534,2.44246439693732,hold
1072,2024-05-03,0,1,-0.0014749338156797,-0.0014749338156797,2.4388619236046836,hold
1073,2024-05-06,0,1,-0.006246985595782,-0.006246985595782,2.423626388297824,hold
1074,2024-05-07,0,1,0.0,0.0,2.423626388297824,hold
1075,2024-05-08,0,1,-0.0154691178119045,-0.0154691178119045,2.3861350261652046,hold
1076,2024-05-09,0,1,0.004449469144939,0.004449469144939,2.396752060339785,hold
1077,2024-05-10,0,1,0.0022149680905385,0.0022149680905385,2.40206078967437,hold
1078,2024-05-13,0,1,0.0051483245877055,0.0051483245877055,2.4144273782990138,hold
1079,2024-05-14,0,1,-0.0007786004689536,-0.0007786004689536,2.4125475040100155,hold
1080,2024-05-15,0,1,0.0091573776762647,0.0091573776762647,2.434640112666165,hold
1081,2024-05-16,0,1,0.002778540343975,0.002778540343975,2.4414048584422683,hold
1082,2024-05-17,0,1,0.0028020516676037,0.0028020516676037,2.4482458009971624,hold
1083,2024-05-21,0,1,0.00305161547495,0.00305161547495,2.455716905769967,hold
1084,2024-05-22,0,1,0.016366619608483,0.016366619608483,2.495908690232825,hold
1085,2024-05-23,0,1,-0.0004593757337192,-0.0004593757337192,2.4947621303469534,hold
1086,2024-05-24,0,1,-0.0010737589261899,-0.0010737589261899,2.492083357240773,hold
1087,2024-05-27,0,1,-0.0019317094176221,-0.0019317094176221,2.4872693763500915,hold
1088,2024-05-28,0,1,-0.008015115627261,-0.008015115627261,2.4673336247025004,hold
1089,2024-05-29,0,1,-0.0095155996581792,-0.0095155996581792,2.443855465706667,hold
1090,2024-05-30,0,1,0.0018697799732139,0.0018697799732139,2.4484249377138747,hold
1091,2024-05-31,0,1,0.0325423176953527,0.0325423176953527,2.528102359890184,hold
1092,2024-06-03,0,1,-0.0592935994164107,-0.0592935994164107,2.3782020712791727,hold
1093,2024-06-04,0,1,0.0336242367600356,0.0336242367600356,2.458167300787071,hold
1094,2024-06-05,0,1,0.0088880492442378,0.0088880492442378,2.4800156128070414,hold
1095,2024-06-06,0,1,0.0205399314668071,0.0205399314668071,2.53095496353071,hold
1096,2024-06-07,0,1,-0.0013289382574128,-0.0013289382574128,2.527591480651885,hold
1097,2024-06-10,0,1,0.0002429314342191,0.0002429314342191,2.5282055120754,hold
1098,2024-06-11,0,1,0.0024973129141392,0.0024973129141392,2.534519232350304,hold
1099,2024-06-12,0,1,0.003256499474515,0.003256499474515,2.5427728928986006,hold
1100,2024-06-13,0,1,0.0028505279152657,0.0028505279152657,2.550021138011989,hold
1101,2024-06-14,0,1,0.0039334507869606,0.0039334507869606,2.5600515206640684,hold
1102,2024-06-18,0,1,-0.0017786131162043,-0.0017786131162043,2.5554981794512566,hold
1103,2024-06-19,0,1,0.0021687361796223,0.0021687361796223,2.5610403808099913,hold
1104,2024-06-20,0,1,-0.0027962995130903,-0.0027962995130903,2.5538789448401276,hold
1105,2024-06-21,0,1,0.001563756616109,0.001563756616109,2.557872589936863,hold
1106,2024-06-24,0,1,0.0077938798539154,0.0077938798539154,2.5778083415844546,hold
1107,2024-06-25,0,1,0.0062180401218379,0.0062180401218379,2.5938372572788353,hold
1108,2024-06-26,0,1,0.0073610408985447,0.0073610408985447,2.6129305994138337,hold
1109,2024-06-27,0,1,-0.0014099020825968,-0.0014099020825968,2.6092466231200393,hold
1110,2024-06-28,0,1,0.0054704843490753,0.0054704843490753,2.6235204659346953,hold
1111,2024-07-01,0,1,-0.0007497161563467,-0.0007497161563467,2.621553570254878,hold
1112,2024-07-02,0,1,0.0067423066077227,0.0067423066077227,2.639228888214107,hold
1113,2024-07-03,0,1,0.0006444070008029,0.0006444070008029,2.6409296257863932,hold
1114,2024-07-04,0,1,0.0008928929498506,0.0008928929498506,2.6432876932303095,hold
1115,2024-07-05,0,1,-0.0001356211363734,-0.0001356211363734,2.642929207549592,hold
1116,2024-07-08,0,1,0.0046318209860134,0.0046318209860134,2.655170782517668,hold
1117,2024-07-09,0,1,-0.0044509111977667,-0.0044509111977667,2.643352853149777,hold
1118,2024-07-10,0,1,-0.0003494426502141,-0.0003494426502141,2.6424291529233215,hold
1119,2024-07-11,0,1,0.007657573644356,0.007657573644356,2.662663748761825,hold
1120,2024-07-12,0,1,0.0034506697076412,0.0034506697076412,2.6718517219013123,hold
1121,2024-07-15,0,1,0.0010697158254551,0.0010697158254551,2.6747098439715,hold
1122,2024-07-16,0,1,0.0076321297434283,0.0076321297434283,2.695123576526715,hold
1123,2024-07-18,0,1,-0.0108846762510892,-0.0108846762510892,2.665788028939544,hold
1124,2024-07-19,0,1,-0.0008825762723847,-0.0008825762723847,2.6634352676779947,hold
1125,2024-07-22,0,1,-0.0012321559717249,-0.0012321559717249,2.6601535000076226,hold
1126,2024-07-23,0,1,-0.0026778318259059,-0.0026778318259059,2.6530300563035074,hold
1127,2024-07-24,0,1,-0.0003031269840456,-0.0003031269840456,2.652225851303958,hold
1128,2024-07-25,0,1,0.0175673297602745,0.0175673297602745,2.6988183774325396,hold
1129,2024-07-26,0,1,5.03324972633834e-05,5.03324972633834e-05,2.698954215701136,hold
1130,2024-07-29,0,1,0.0008536433743,0.0008536433743,2.7012581600849086,hold
1131,2024-07-30,0,1,0.0037755350108565,0.0037755350108565,2.7114568548416713,hold
1132,2024-07-31,0,1,0.0023946791656728,0.0023946791656728,2.7179499240805813,hold
1133,2024-08-01,0,1,-0.0117229354919546,-0.0117229354919546,2.686087572450222,hold
1134,2024-08-02,0,1,-0.0267864578946228,-0.0267864578946228,2.6141368007895145,hold
1135,2024-08-05,0,1,-0.0026209626510589,-0.0026209626510589,2.6072852458698863,hold
1136,2024-08-06,0,1,0.0127101624804444,0.0127101624804444,2.6404242649777583,hold
1137,2024-08-07,0,1,-0.007428747813561,-0.007428747813561,2.6208092189924317,hold
1138,2024-08-08,0,1,0.0103868640378157,0.0103868640378157,2.64803120801916,hold
1139,2024-08-09,0,1,-0.0008412844977941,-0.0008412844977941,2.6458034604141787,hold
1140,2024-08-12,0,1,-0.0085431469996303,-0.0085431469996303,2.6231999725197297,hold
1141,2024-08-13,0,1,0.0001967769998756,0.0001967769998756,2.623716157940396,hold
1142,2024-08-14,0,1,0.0164597624902924,0.0164597624902924,2.6669019027420373,hold
1143,2024-08-16,0,1,0.0012835584110202,0.0012835584110202,2.6703250271106675,hold
1144,2024-08-19,0,1,0.0051357593399101,0.0051357593399101,2.684039173809247,hold
1145,2024-08-20,0,1,0.0028887826964991,0.0028887826964991,2.691792779731273,hold
1146,2024-08-21,0,1,0.0016673576536574,0.0016673576536574,2.6962809610246175,hold
1147,2024-08-22,0,1,0.0004695560778267,0.0004695560778267,2.697547016137395,hold
1148,2024-08-23,0,1,0.007551387144671,0.007551387144671,2.717917237997201,hold
1149,2024-08-26,0,1,0.000285894410237,0.000285894410237,2.718694275343031,hold
1150,2024-08-27,0,1,0.0013830024432652,0.0013830024432652,2.722454236168322,hold
1151,2024-08-28,0,1,0.0039756594063229,0.0039756594063229,2.7332777869606284,hold
1152,2024-08-29,0,1,0.0033377600735777,0.0033377600735777,2.7424008124279426,hold
1153,2024-08-30,0,1,0.0016959501132323,0.0016959501132323,2.747051787396308,hold
1154,2024-09-02,0,1,4.550829989491412e-05,4.550829989491412e-05,2.7471768010528756,hold
1155,2024-09-03,0,1,-0.0032100820170585,-0.0032100820170585,2.7383581382061353,hold
1156,2024-09-04,0,1,-0.0021270784221717,-0.0021270784221717,2.7325334356981785,hold
1157,2024-09-05,0,1,-0.0116503502989019,-0.0116503502989019,2.7006984639688327,hold
1158,2024-09-06,0,1,0.0033900486950126,0.0033900486950126,2.709853963272233,hold
1159,2024-09-09,0,1,0.0041986500501236,0.0041986500501236,2.721231691750954,hold
1160,2024-09-10,0,1,-0.0048979634496194,-0.0048979634496194,2.707903198386812,hold
1161,2024-09-11,0,1,0.0188796328272711,0.0188796328272711,2.7590274165041477,hold
1162,2024-09-12,0,1,-0.0012761636040355,-0.0012761636040355,2.755506446132669,hold
1163,2024-09-13,0,1,0.0010746751326089,0.0010746751326089,2.7584677203880714,hold
1164,2024-09-16,0,1,0.0013709866056039,0.0013709866056039,2.7622495426847142,hold
1165,2024-09-17,0,1,-0.0016129951842196,-0.0016129951842196,2.757794047474751,hold
1166,2024-09-18,0,1,0.0015072376499098,0.0015072376499098,2.761950698493802,hold
1167,2024-09-19,0,1,0.0147604413777415,0.0147604413777415,2.802718309867132,hold
1168,2024-09-20,0,1,0.0057423850996662,0.0057423850996662,2.8188125977282747,hold
1169,2024-09-23,0,1,5.203002169906768e-05,5.203002169906768e-05,2.8189592606089002,hold
1170,2024-09-24,0,1,0.0024575565157058,0.0024575565157058,2.825887012307319,hold
1171,2024-09-25,0,1,0.008148714241454,0.008148714241454,2.8489143580492478,hold
1172,2024-09-26,0,1,-0.0014152231703233,-0.0014152231703233,2.8448825084394698,hold
1173,2024-09-27,0,1,-0.0140609008520233,-0.0140609008520233,2.804880897552647,hold
1174,2024-09-30,0,1,-0.0005404401234794,-0.0005404401234794,2.8033650273740287,hold
1175,2024-10-01,0,1,-0.0211963752609873,-0.0211963752609873,2.743943850260281,hold
1176,2024-10-03,0,1,-0.0093266958801446,-0.0093266958801446,2.7183519204567106,hold
1177,2024-10-04,0,1,-0.0087488751686026,-0.0087488751686026,2.694569398840304,hold
1178,2024-10-07,0,1,0.0087676473034692,0.0087676473034692,2.7181944329640566,hold
1179,2024-10-08,0,1,-0.0012473907279866,-0.0012473907279866,2.7148037824315123,hold
1180,2024-10-09,0,1,0.0006604768849507,0.0006604768849507,2.716596847576985,hold
1181,2024-10-10,0,1,-0.0013680536120755,-0.0013680536120755,2.7128803974471043,hold
1182,2024-10-11,0,1,0.0065573457544287,0.0065573457544287,2.7306696922035774,hold
1183,2024-10-14,0,1,-0.0028096049048969,-0.0028096049048969,2.7229975892427087,hold
1184,2024-10-15,0,1,-0.0034340754096676,-0.0034340754096676,2.7136466101809065,hold
1185,2024-10-16,0,1,-0.0088682273228345,-0.0088682273228345,2.689581375167983,hold
1186,2024-10-17,0,1,0.0042101739412401,0.0042101739412401,2.70090498058656,hold
1187,2024-10-18,0,1,-0.0029351823779982,-0.0029351823779982,2.692977331882895,hold
1188,2024-10-21,0,1,-0.0124691803378693,-0.0124691803378693,2.659398111885853,hold
1189,2024-10-22,0,1,-0.0014955647434917,-0.0014955647434917,2.655420809830808,hold
1190,2024-10-23,0,1,-0.0014773427748562,-0.0014773427748562,2.6514978430832015,hold
1191,2024-10-24,0,1,-0.0089592205494931,-0.0089592205494931,2.627742489120514,hold
1192,2024-10-25,0,1,0.0065485676346082,0.0065485676346082,2.644950438536853,hold
1193,2024-10-28,0,1,0.0052466588480091,0.0052466588480091,2.658827591157748,hold
1194,2024-10-29,0,1,-0.0051498252538292,-0.0051498252538292,2.645135093683226,hold
1195,2024-10-30,0,1,-0.005566773640794,-0.005566773640794,2.630410225367371,hold
1196,2024-10-31,0,1,0.0040900049616161,0.0040900049616161,2.6411686162402095,hold
1197,2024-11-01,0,1,-0.0127137736646451,-0.0127137736646451,2.6075893962431675,hold
1198,2024-11-04,0,1,0.0090830588186072,0.0090830588186072,2.6312742841040206,hold
1199,2024-11-05,0,1,0.0111818707596305,0.0111818707596305,2.660696853082011,hold
1200,2024-11-06,0,1,-0.0116280257061476,-0.0116280257061476,2.6297582016781074,hold
1201,2024-11-07,0,1,-0.0021137093124677,-0.0021137093124677,2.624199657277682,hold
1202,2024-11-08,0,1,-0.0002856708874028,-0.0002856708874028,2.6234499998328653,hold
1203,2024-11-11,0,1,-0.0106809307765333,-0.0106809307765333,2.5954291119889543,hold
1204,2024-11-12,0,1,-0.0135825623229214,-0.0135825623229214,2.5601765343206395,hold
1205,2024-11-13,0,1,-0.0011185324376894,-0.0011185324376894,2.5573128938207907,hold
1206,2024-11-14,0,1,-0.0033527151631265,-0.0033527151631265,2.5487389521048187,hold
1207,2024-11-18,0,1,0.0027585814066317,0.0027585814066317,2.555769855988453,hold
1208,2024-11-19,0,1,-0.0071688079331164,-0.0071688079331164,2.5374480327696234,hold
1209,2024-11-21,0,1,0.0238694641112378,0.0238694641112378,2.598015557521949,hold
1210,2024-11-22,0,1,0.0131612958673623,0.0131612958673623,2.6322088089425058,hold
1211,2024-11-25,0,1,-0.0011312238174179,-0.0011312238174179,2.6292311916454127,hold
1212,2024-11-26,0,1,0.0033230854378061,0.0033230854378061,2.6379683515309953,hold
1213,2024-11-27,0,1,-0.0148610290544929,-0.0148610290544929,2.5987654272140603,hold
1214,2024-11-28,0,1,0.0090720019405352,0.0090720019405352,2.622341432212742,hold
1215,2024-11-29,0,1,0.0060068200049485,0.0060068200049485,2.638093365187563,hold
1216,2024-12-02,0,1,0.0074600111445999,0.0074600111445999,2.657773571092357,hold
1217,2024-12-03,0,1,0.0004210968146538,0.0004210968146538,2.6588927510772153,hold
1218,2024-12-04,0,1,0.0098478255628851,0.0098478255628851,2.6850770630802434,hold
1219,2024-12-05,0,1,-0.0012384293961259,-0.0012384293961259,2.681751784714461,hold
1220,2024-12-06,0,1,-0.0023827399277279,-0.0023827399277279,2.6753618676607664,hold
1221,2024-12-09,0,1,-0.00036350862139,-0.00036350862139,2.6743893505565337,hold
1222,2024-12-10,0,1,0.0012901233029631,0.0012901233029631,2.677839642578883,hold
1223,2024-12-11,0,1,-0.0037781963796591,-0.0037781963796591,2.667722238535984,hold
1224,2024-12-12,0,1,0.0089455478085889,0.0089455478085889,2.691586475360843,hold
1225,2024-12-13,0,1,-0.0040394689217332,-0.0040394689217332,2.6807138954434655,hold
1226,2024-12-16,0,1,-0.0134687300477334,-0.0134687300477334,2.6446080836505295,hold
1227,2024-12-17,0,1,-0.0056356998120069,-0.0056356998120069,2.629703866370668,hold
1228,2024-12-18,0,1,-0.010213311567061,-0.010213311567061,2.6028458814543196,hold
1229,2024-12-19,0,1,-0.0152055691508056,-0.0152055691508056,2.5632681284149763,hold
1230,2024-12-20,0,1,0.0070354729729729,0.0070354729729729,2.581301932054923,hold
1231,2024-12-23,0,1,-0.0010861087115143,-0.0010861087115143,2.5784983575394693,hold
1232,2024-12-24,0,1,0.0009503186263191,0.0009503186263191,2.5809487525565724,hold
1233,2024-12-26,0,1,0.002661079652128,0.002661079652128,2.587816862765186,hold
1234,2024-12-27,0,1,-0.0070758479358679,-0.0070758479358679,2.569505864158385,hold
1235,2024-12-30,0,1,-4.212721278373799e-06,-4.212721278373799e-06,2.569495039546356,hold
1236,2024-12-31,0,1,0.0041488871182535,0.0041488871182535,2.580155584416346,hold
1237,2025-01-01,0,1,0.0187740331916654,0.0187740331916654,2.6285955109978394,hold
1238,2025-01-02,0,1,-0.0076027553276091,-0.0076027553276091,2.6086109424724713,hold
1239,2025-01-03,0,1,-0.0161925959966257,-0.0161925959966257,2.5663707593686373,hold
1240,2025-01-06,0,1,0.0038892874268343,0.0038892874268343,2.5763521128956453,hold
1241,2025-01-07,0,1,-0.0007993610384197,-0.0007993610384197,2.5742926773953463,hold
1242,2025-01-08,0,1,-0.0068575949591475,-0.0068575949591475,2.5566392209074698,hold
1243,2025-01-09,0,1,-0.0040379997024632,-0.0040379997024632,2.5463155124941395,hold
1244,2025-01-10,0,1,-0.0147472753024774,-0.0147472753024774,2.5087642966244195,hold
1245,2025-01-13,0,1,0.0039028744993869,0.0039028744993869,2.5185556888226874,hold
1246,2025-01-14,0,1,0.0016028803979861,0.0016028803979861,2.522592632367538,hold
1247,2025-01-15,0,1,0.0042476507253836,0.0042476507253836,2.5333077247922615,hold
1248,2025-01-16,0,1,-0.0046586517926727,-0.0046586517926727,2.5215059262187665,hold
1249,2025-01-17,0,1,0.0061004855371675,0.0061004855371675,2.536888336653546,hold
1250,2025-01-20,0,1,-0.0137118456772935,-0.0137118456772935,2.502102915280827,hold
1251,2025-01-21,0,1,0.0056764909144164,0.0056764909144164,2.5163060797463537,hold
1252,2025-01-22,0,1,0.0021593282262408,0.0021593282262408,2.5217396104902114,hold
1253,2025-01-23,0,1,-0.0048760476583936,-0.0048760476583936,2.5094434879674026,hold
1254,2025-01-24,0,1,-0.0113912419355629,-0.0113912419355629,2.4808578100723433,hold
1255,2025-01-27,0,1,0.0056112298172781,0.0056112298172781,2.4947784733886484,hold
1256,2025-01-28,0,1,0.0089666492883511,0.0089666492883511,2.5171482770116524,hold
1257,2025-01-29,0,1,0.0037300875997627,0.0037300875997627,2.526537460586498,hold
1258,2025-01-30,0,1,0.0111357401503258,0.0111357401503258,2.5546723252276533,hold
1259,2025-01-31,0,1,-0.0011166221250199,-0.0011166221250199,2.551819721587128,hold
1260,2025-02-01,0,1,-0.0051570919766934,-0.0051570919766934,2.538659752574963,hold
1261,2025-02-03,0,1,0.0161893068206311,0.0161893068206311,2.579758894222586,hold
1262,2025-02-04,0,1,-0.0018092070621439,-0.0018092070621439,2.57509157621253,hold
1263,2025-02-05,0,1,-0.0039226026346081,-0.0039226026346081,2.564990515211322,hold
1264,2025-02-06,0,1,-0.0018387386257991,-0.0018387386257991,2.5602741680761945,hold
1265,2025-02-07,0,1,-0.0075700336923079,-0.0075700336923079,2.540892806362312,hold
1266,2025-02-10,0,1,-0.0132496849360461,-0.0132496849360461,2.5072267772217454,hold
1267,2025-02-11,0,1,-0.0011507892904301,-0.0011507892904301,2.504341487497839,hold
1268,2025-02-12,0,1,-0.0006009745771905,-0.0006009745771905,2.502836441931249,hold
1269,2025-02-13,0,1,-0.0044352661537063,-0.0044352661537063,2.491735696172089,hold
1270,2025-02-14,0,1,0.0013192755977626,0.0013192755977626,2.4950229822721233,hold
1271,2025-02-17,0,1,-0.0006184463402948,-0.0006184463402948,2.4934799444397857,hold
1272,2025-02-18,0,1,-0.0005404326900405,-0.0005404326900405,2.49213238636585,hold
1273,2025-02-19,0,1,-0.0008612081186238,-0.0008612081186238,2.4899861417220266,hold
1274,2025-02-20,0,1,-0.0051171487988824,-0.0051171487988824,2.47724451212768,hold
1275,2025-02-21,0,1,-0.0106401053300685,-0.0106401053300685,2.4508863695903074,hold
1276,2025-02-24,0,1,-0.0002571160481895,-0.0002571160481895,2.450256207372397,hold
1277,2025-02-25,0,1,-0.0001108767876499,-0.0001108767876499,2.4499845308352044,hold
1278,2025-02-27,0,1,-0.0186449596666951,-0.0186449596666951,2.404304668073755,hold
1279,2025-02-28,0,1,-0.0002440004922383,-0.0002440004922383,2.4037180165512546,hold
1280,2025-03-03,0,1,-0.0016569416451024,-0.0016569416451024,2.3997351960665476,hold
1281,2025-03-04,0,1,0.0115316950692254,0.0115316950692254,2.427408210594475,hold
1282,2025-03-05,0,1,0.009284847776867,0.009284847776867,2.449946326322162,hold
1283,2025-03-06,0,1,0.0003460139864501,0.0003460139864501,2.4507940420171215,hold
1284,2025-03-07,0,1,-0.0040882039130917,-0.0040882039130917,2.440774696224365,hold
1285,2025-03-10,0,1,0.001674047455606,0.001674047455606,2.4448606688942873,hold
1286,2025-03-11,0,1,-0.0012179087892316,-0.0012179087892316,2.4418830515971943,hold
1287,2025-03-12,0,1,-0.0032620894617386,-0.0032620894617386,2.433917410627781,hold
1288,2025-03-13,0,1,0.0049805683362682,0.0049805683362682,2.446039702616246,hold
1289,2025-03-17,0,1,0.0144632989948354,0.0144632989948354,2.481417506188423,hold
1290,2025-03-18,0,1,0.0032100316461272,0.0032100316461272,2.489382934910542,hold
1291,2025-03-19,0,1,0.01235619558909,0.01235619558909,2.5201422373504396,hold
1292,2025-03-20,0,1,0.0068885519512889,0.0068885519512889,2.5375023680770656,hold
1293,2025-03-21,0,1,0.0131881772302988,0.0131881772302988,2.570967399029569,hold
1294,2025-03-24,0,1,0.0004353972876416,0.0004353972876416,2.5720867912617216,hold
1295,2025-03-25,0,1,-0.0076810793285454,-0.0076810793285454,2.5523303885781363,hold
1296,2025-03-26,0,1,0.0044748278770025,0.0044748278770025,2.5637516277522665,hold
1297,2025-03-27,0,1,-0.0030773044101545,-0.0030773044101545,2.5558621835616435,hold
1298,2025-03-28,0,1,-0.0150365718652369,-0.0150365718652369,2.5174307781608776,hold
1299,2025-04-01,0,1,0.0071938424586863,0.0071938424586863,2.535540778579615,hold
1300,2025-04-02,0,1,-0.0035251486188494,-0.0035251486188494,2.526602620505969,hold
1301,2025-04-03,0,1,-0.0148666197750665,-0.0148666197750665,2.48904058002422,hold
1302,2025-04-04,0,1,-0.0324325462830553,-0.0324325462830553,2.4083146562121818,hold
1303,2025-04-07,0,1,0.0168873189028142,0.0168873189028142,2.4489846338299586,hold
1304,2025-04-08,0,1,-0.0060658560080705,-0.0060658560080705,2.4341294456751688,hold
1305,2025-04-09,0,1,0.0191703874091904,0.0191703874091904,2.4807926501528796,hold
1306,2025-04-11,0,1,0.0219023977821084,0.0219023977821084,2.535127957591459,hold
1307,2025-04-15,0,1,0.004657316201027,0.004657316201027,2.5469348501000266,hold
1308,2025-04-16,0,1,0.0176834769379541,0.0176834769379541,2.591973513784242,hold
1309,2025-04-17,0,1,0.0114834984640164,0.0114834984640164,2.621738437648555,hold
1310,2025-04-21,0,1,0.0017284255654137,0.0017284255654137,2.6262699173900144,hold
1311,2025-04-22,0,1,0.0066908406521222,0.0066908406521222,2.643841870916733,hold
1312,2025-04-23,0,1,-0.0033807460922566,-0.0033807460922566,2.6349037128430868,hold
1313,2025-04-24,0,1,-0.0085516633626838,-0.0085516633626838,2.612370903297767,hold
1314,2025-04-25,0,1,0.0120282118827472,0.0120282118827472,2.6437930540389565,hold
1315,2025-04-28,0,1,0.0003061930965739,0.0003061930965739,2.6446025652208736,hold
1316,2025-04-29,0,1,-7.191007773188485e-05,-7.191007773188485e-05,2.6444123916448388,hold
1317,2025-04-30,0,1,0.0005136803511647,0.0005136803511647,2.645770774330803,hold
1318,2025-05-02,0,1,0.0047008906976129,0.0047008906976129,2.658208253551871,hold
1319,2025-05-05,0,1,-0.0033338898599493,-0.0033338898599493,2.649346080009721,hold
1320,2025-05-06,0,1,0.0014274549954715,0.0014274549954715,2.653127902306364,hold
1321,2025-05-07,0,1,-0.0057588802970967,-0.0057588802970967,2.6378488563040943,hold
1322,2025-05-08,0,1,-0.0109501096942064,-0.0109501096942064,2.6089641219708275,hold
1323,2025-05-09,0,1,0.0381830730902199,0.0381830730902199,2.708582389729801,hold
1324,2025-05-12,0,1,-0.0138958390765435,-0.0138958390765435,2.6709443647165565,hold
1325,2025-05-13,0,1,0.0036027960647213,0.0036027960647213,2.680567232562847,hold
1326,2025-05-14,0,1,0.0160214381414618,0.0160214381414618,2.7235137746633824,hold
1327,2025-05-15,0,1,-0.0016877607536591,-0.0016877607536591,2.7189171350024557,hold
1328,2025-05-16,0,1,-0.0029717088137536,-0.0029717088137536,2.710837304988503,hold
1329,2025-05-19,0,1,-0.0104848313546668,-0.0104848313546668,2.682414633015759,hold
1330,2025-05-20,0,1,0.0052483127088862,0.0052483127088862,2.696492783824718,hold
1331,2025-05-21,0,1,-0.0082112727740422,-0.0082112727740422,2.674351146043497,hold
1332,2025-05-22,0,1,0.0098924887180058,0.0098924887180058,2.700807134583718,hold
1333,2025-05-23,0,1,0.0059549794562796,0.0059549794562796,2.7168903855855375,hold
1334,2025-05-26,0,1,-0.0069977248703164,-0.0069977248703164,2.697878334164402,hold
1335,2025-05-27,0,1,-0.0029706520659956,-0.0029706520659956,2.689863876317212,hold
1336,2025-05-28,0,1,0.0032784792287758,0.0032784792287758,2.6986825391639524,hold
1337,2025-05-29,0,1,-0.0033382349691143,-0.0033382349691143,2.6896737027411772,hold
1338,2025-05-30,0,1,-0.0013777230725331,-0.0013777230725331,2.685968077223325,hold
1339,2025-06-02,0,1,-0.0070438333802584,-0.0070438333802584,2.667048565622671,hold
1340,2025-06-03,0,1,0.0031659048079861,0.0031659048079861,2.6754921874997084,hold
1341,2025-06-04,0,1,0.0053086967621067,0.0053086967621067,2.68969556421253,hold
1342,2025-06-05,0,1,0.0101875239545026,0.0101875239545026,2.7170969022032647,hold
1343,2025-06-06,0,1,0.0040054487100871,0.0040054487100871,2.7279800944853765,hold
1344,2025-06-09,0,1,4.18584595869298e-05,4.18584595869298e-05,2.7280942835299156,hold
1345,2025-06-10,0,1,0.0014798446727146,0.0014798446727146,2.732131439322061,hold
1346,2025-06-11,0,1,-0.0100710846627866,-0.0100710846627866,2.7046159122867874,hold
1347,2025-06-12,0,1,-0.0068144588479197,-0.0068144588479197,2.6861854184530807,hold
1348,2025-06-13,0,1,0.0092197937677085,0.0092197937677085,2.710951494033044,hold
1349,2025-06-16,0,1,-0.0037319707924959,-0.0037319707924959,2.7008343022374395,hold
1350,2025-06-17,0,1,-0.0016637405234334,-0.0016637405234334,2.696340814761728,hold
1351,2025-06-18,0,1,-0.0007577278241026,-0.0007577278241026,2.6942977223031197,hold
1352,2025-06-19,0,1,0.0128724709598377,0.0128724709598377,2.7289799914906236,hold
1353,2025-06-20,0,1,-0.0055948454872697,-0.0055948454872697,2.713711770100383,hold
1354,2025-06-23,0,1,0.0029012296868362,0.0029012296868362,2.7215848712493154,hold
1355,2025-06-24,0,1,0.0080018205204253,0.0080018205204253,2.743362504920157,hold
1356,2025-06-25,0,1,0.0120520108141297,0.0120520108141297,2.776425539496533,hold
1357,2025-06-26,0,1,0.003475704773181,0.003475704773181,2.7860755749965427,hold
1358,2025-06-27,0,1,-0.0047098423546652,-0.0047098423546652,2.7729535982501257,hold
1359,2025-06-30,0,1,0.0009699396772837,0.0009699396772837,2.7756431959683354,hold
1360,2025-07-01,0,1,-0.0034610085397696,-0.0034610085397696,2.7660366711637354,hold
1361,2025-07-02,0,1,-0.0018897125192245,-0.0018897125192245,2.760809657037603,hold
1362,2025-07-03,0,1,0.0021924250859925,0.0021924250859925,2.766862525387343,hold
1363,2025-07-04,0,1,1.1813410706551508e-05,1.1813410706551508e-05,2.766895211470724,hold
1364,2025-07-07,0,1,0.0024036171315751,0.0024036171315751,2.773545768202288,hold
1365,2025-07-08,0,1,-0.0018180190273288,-0.0018180190273288,2.7685034092225287,hold
1366,2025-07-09,0,1,-0.004743646446198,-0.004743646446198,2.755370607864083,hold
1367,2025-07-10,0,1,-0.008100901810276,-0.008100901810276,2.7330496211188557,hold
1368,2025-07-11,0,1,-0.0026858541571485,-0.0026858541571485,2.7257090484322806,hold
1369,2025-07-14,0,1,0.0045251032187942,0.0045251032187942,2.7380431632208384,hold
1370,2025-07-15,0,1,0.0006449487413033,0.0006449487413033,2.739809060712592,hold
1371,2025-07-16,0,1,-0.0039902173517283,-0.0039902173517283,2.728876627058114,hold
1372,2025-07-17,0,1,-0.0056965580472427,-0.0056965580472427,2.7133314229483134,hold
1373,2025-07-18,0,1,0.0048981443028652,0.0048981443028652,2.726621711799413,hold
1374,2025-07-21,0,1,-0.0011876443882732,-0.0011876443882732,2.72338345482445,hold
1375,2025-07-22,0,1,0.0063445445902445,0.0063445445902445,2.7406620825899184,hold
1376,2025-07-23,0,1,-0.006256994627491,-0.006256994627491,2.723513774663385,hold
1377,2025-07-24,0,1,-0.0089816740370306,-0.0089816740370306,2.6990520617039957,hold
1378,2025-07-25,0,1,-0.0062849623293875,-0.0062849623293875,2.6820886211711303,hold
1379,2025-07-28,0,1,0.0056804742343701,0.0056804742343701,2.69732415647799,hold
1380,2025-07-29,0,1,0.0013678351245234,0.0013678351245234,2.701013651201446,hold
1381,2025-07-30,0,1,-0.0034882717656889,-0.0034882717656889,2.6915917815432198,hold
1382,2025-07-31,0,1,-0.0081959437427822,-0.0081959437427822,2.6695316467231565,hold
1383,2025-08-01,0,1,0.0064074150430544,0.0064074150430544,2.6866364439542805,hold
1384,2025-08-04,0,1,-0.0029608040671041,-0.0029608040671041,2.6786818398441907,hold
1385,2025-08-05,0,1,-0.0030569142281212,-0.0030569142281212,2.670493339215361,hold
1386,2025-08-06,0,1,0.0008932609229541,0.0008932609229541,2.6728787865602914,hold
1387,2025-08-07,0,1,-0.0094669127354072,-0.0094669127354072,2.647574876335604,hold
1388,2025-08-08,0,1,0.0091018044718578,0.0091018044718578,2.671672585184614,hold
1389,2025-08-11,0,1,-0.0039719417907191,-0.0039719417907191,2.6610608571924006,hold
1390,2025-08-12,0,1,0.0053884535167121,0.0053884535167121,2.675399859926524,hold
1391,2025-08-13,0,1,0.000485438164071,0.000485438164071,2.6766986011226828,hold
1392,2025-08-14,0,1,0.0099730192766349,0.0099730192766349,2.7033933678694213,hold
1393,2025-08-18,0,1,0.0041685646806257,0.0041685646806257,2.7146626379805596,hold
1394,2025-08-19,0,1,0.0027981813736617,0.0027981813736617,2.722258756409932,hold
1395,2025-08-20,0,1,0.0013252889742787,0.0013252889742787,2.725866535924936,hold
1396,2025-08-21,0,1,-0.0085174820600987,-0.0085174820600987,2.702649016606972,hold
1397,2025-08-22,0,1,0.0039264173509054,0.0039264173509054,2.713260744599185,hold
1398,2025-08-25,0,1,-0.0102411798720348,-0.0102411798720348,2.685473753274014,hold
1399,2025-08-26,0,1,-0.0085444301039235,-0.0085444301039235,2.662527910493243,hold
1400,2025-08-28,0,1,-0.0030223697933294,-0.0030223697933294,2.654480766562672,hold
1401,2025-08-29,0,1,0.0081140701746054,0.0081140701746054,2.676019409779702,hold
1402,2025-09-01,0,1,-0.0018457290617897,-0.0018457290617897,2.6710802029851584,hold
1403,2025-09-02,0,1,0.005510715147017,0.005510715147017,2.685799765118646,hold
1404,2025-09-03,0,1,0.0007788776228048,0.0007788776228048,2.6878916744550314,hold
1405,2025-09-04,0,1,0.0002708473067116,0.0002708473067116,2.68861968267579,hold
1406,2025-09-05,0,1,0.0012994782193525,0.0012994782193525,2.6921134853935498,hold
1407,2025-09-08,0,1,0.0038529301782352,0.0038529301782352,2.7024860106846567,hold
1408,2025-09-09,0,1,0.0042020862308871,0.0042020862308871,2.7138420899393196,hold
1409,2025-09-10,0,1,0.0012974116602184,0.0012974116602184,2.7173630603107983,hold
1410,2025-09-11,0,1,0.0043390454100098,0.0043390454100098,2.72915382202497,hold
1411,2025-09-12,0,1,-0.0017838966811339,-0.0017838966811339,2.724285293579556,hold
1412,2025-09-15,0,1,0.0067772563910986,0.0067772563910986,2.742748473496644,hold
1413,2025-09-16,0,1,0.0036114755294653,0.0036114755294653,2.7526538424921556,hold
1414,2025-09-17,0,1,0.0036853015416349,0.0036853015416349,2.762798201941479,hold
1415,2025-09-18,0,1,-0.0037976065391384,-0.0037976065391384,2.7523061814234664,hold
1416,2025-09-19,0,1,-0.0049236357186648,-0.0049236357186648,2.738754828399908,hold
1417,2025-09-22,0,1,-0.001303434397354,-0.001303434397354,2.735185041150652,hold
1418,2025-09-23,0,1,-0.0044736530076083,-0.0044736530076083,2.7229487723649433,hold
1419,2025-09-24,0,1,-0.0066269482123226,-0.0066269482123226,2.7049039318656733,hold
1420,2025-09-25,0,1,-0.0094874379272315,-0.0094874379272315,2.6792413237129735,hold
1421,2025-09-26,0,1,-0.0008030448049409,-0.0008030448049409,2.677089772886783,hold
1422,2025-09-29,0,1,-0.0009661407544825,-0.0009661407544825,2.6745033273537886,hold
1423,2025-09-30,0,1,0.0091503904924759,0.0091503904924759,2.6989760771725018,hold
1424,2025-10-01,0,1,0.0023332467769816,0.0023332467769816,2.7052734544057153,hold
1425,2025-10-03,0,1,0.0073671787912872,0.0073671787912872,2.7252036876236456,hold
1426,2025-10-06,0,1,0.0012222193924698,0.0012222193924698,2.7285344844190895,hold
1427,2025-10-07,0,1,-0.0024752925801897,-0.0024752925801897,2.721780563255015,hold
1428,2025-10-08,0,1,0.0054160175719368,0.0054160175719368,2.7365217746125605,hold
1429,2025-10-09,0,1,0.004112050167679,0.004112050167679,2.7477744894347134,hold
1430,2025-10-10,0,1,-0.0022938183927065,-0.0022938183927065,2.7414715937718386,hold
1431,2025-10-13,0,1,-0.0032444791324643,-0.0032444791324643,2.732576946393602,hold
1432,2025-10-14,0,1,0.0070808208725219,0.0070808208725219,2.751925834271398,hold
1433,2025-10-15,0,1,0.0103362282114798,0.0103362282114798,2.7803703677154945,hold
1434,2025-10-16,0,1,0.0048679837376106,0.0048679837376106,2.793905165450068,hold
1435,2025-10-17,0,1,0.0051848137299641,0.0051848137299641,2.808391043312111,hold
1436,2025-10-20,0,1,0.0009847568259027,0.0009847568259027,2.8111566255618166,hold
1437,2025-10-21,0,1,0.0008814076368377,0.0008814076368377,2.8136344004799336,hold
1438,2025-10-23,0,1,-0.0037174505259611,-0.0037174505259611,2.8031748537980072,hold
1439,2025-10-24,0,1,0.0066252915000297,0.0066252915000297,2.821746704329972,hold
1440,2025-10-27,0,1,-0.001149638146805,-0.001149638146805,2.818502716678053,hold
1441,2025-10-28,0,1,0.0045381040946781,0.0045381040946781,2.831293375397471,hold
1442,2025-10-29,0,1,-0.00675717564781,-0.00675717564781,2.8121618287494297,hold
1443,2025-10-30,0,1,-0.0060186608373972,-0.0060186608373972,2.795236380482312,hold
1444,2025-10-31,0,1,0.0016036793506921,0.0016036793506921,2.799719043345995,hold
1445,2025-11-03,0,1,-0.0064315867797603,-0.0064315867797603,2.7817124073597674,hold
1446,2025-11-04,0,1,-0.0034359080045569,-0.0034359080045569,2.7721546994329445,hold
1447,2025-11-06,0,1,-0.0006820322478444,-0.0006820322478444,2.770264000531918,hold
1448,2025-11-07,0,1,0.0032185728871263,0.0032185728871263,2.779180297134212,hold
1449,2025-11-10,0,1,0.0047156471705849,0.0047156471705849,2.7922859308389385,hold
1450,2025-11-11,0,1,0.0070384090258497,0.0070384090258497,2.8119391813373085,hold
1451,2025-11-12,0,1,0.0001294494962036,0.0001294494962036,2.812303185447688,hold
1452,2025-11-13,0,1,0.0011940264714482,0.0011940264714482,2.815661149896851,hold
1453,2025-11-14,0,1,0.0039906690408659,0.0039906690408659,2.8268975216773136,hold
1454,2025-11-17,0,1,-0.0039748069020186,-0.0039748069020186,2.8156611498968513,hold
1455,2025-11-18,0,1,0.0055036406751542,0.0055036406751542,2.8311575371288753,hold
1456,2025-11-19,0,1,0.0053545415882216,0.0053545415882216,2.846317087904239,hold
1457,2025-11-20,0,1,-0.0047342428227803,-0.0047342428227803,2.8328419316594715,hold
1458,2025-11-21,0,1,-0.004167936312968,-0.004167936312968,2.8210348269036096,hold
1459,2025-11-24,0,1,-0.002877529180069,-0.002877529180069,2.8129172168712038,hold
1460,2025-11-25,0,1,0.0123817835303625,0.0123817835303625,2.8477461489393328,hold
1461,2025-11-26,0,1,0.0003911422381892,0.0003911422381892,2.8488600227418237,hold
1462,2025-11-27,0,1,-0.0004806903583736,-0.0004806903583736,2.8474906031965355,hold
1463,2025-11-28,0,1,-0.0010380212747401,-0.0010380212747401,2.844534847370795,hold
1464,2025-12-01,0,1,-0.0054841133969418,-0.0054841133969418,2.828935095706261,hold
1465,2025-12-02,0,1,-0.0017746951904364,-0.0017746951904364,2.8239145981978546,hold
1466,2025-12-03,0,1,0.0018375278996383,0.0018375278996383,2.829103620058239,hold
1467,2025-12-04,0,1,0.0058654330916598,0.0058654330916598,2.845697538051063,hold
1468,2025-12-05,0,1,-0.0086265394598917,-0.0086265394598917,2.821149015948149,hold
1469,2025-12-08,0,1,-0.0046570811090926,-0.0046570811090926,2.808010696160042,hold
1470,2025-12-09,0,1,-0.0031598875909956,-0.0031598875909956,2.799137698005863,hold
1471,2025-12-10,0,1,0.0054565875164998,0.0054565875164998,2.8144114378257656,hold
1472,2025-12-11,0,1,0.0057299900196514,0.0057299900196514,2.8305379872757004,hold
1473,2025-12-12,0,1,-0.0007543469807149,-0.0007543469807149,2.8284027794912,hold
1474,2025-12-15,0,1,-0.0064240688375742,-0.0064240688375742,2.8102329253353626,hold
1475,2025-12-16,0,1,-0.0016066770334456,-0.0016066770334456,2.8057177886355937,hold
1476,2025-12-17,0,1,-0.0001161955225689,-0.0001161955225689,2.8053917767909624,hold
1477,2025-12-18,0,1,0.0058433620360547,0.0058433620360547,2.821784696595723,hold
1478,2025-12-19,0,1,0.0079333291061156,0.0079333291061156,2.8441708432604176,hold
1479,2025-12-22,0,1,0.0001814888939914,0.0001814888939914,2.8446870286810837,hold
1480,2025-12-23,0,1,-0.0013389838361685,-0.0013389838361685,2.8408780387307218,hold
1481,2025-12-24,0,1,-0.003817552133005,-0.003817552133005,2.830032838714358,hold
1482,2025-12-26,0,1,-0.0038476313101776,-0.0038476313101776,2.8191439157552898,hold
1483,2025-12-29,0,1,-0.0001252789885528,-0.0001252789885528,2.8187907362569393,hold
1484,2025-12-30,0,1,0.007353834224439,0.007353834224439,2.8395196560447573,hold
1485,2025-12-31,0,1,0.0006487344669803,0.0006487344669803,2.8413617503153015,hold
1486,2026-01-01,0,1,0.0069607651702385,0.0069607651702385,2.861139802222944,hold
1487,2026-01-02,0,1,-0.002972058760474,-0.002972058760474,2.8526363266088066,hold
1488,2026-01-05,0,1,-0.0027276473171363,-0.0027276473171363,2.8448553407857666,hold
