date,signal,position,market_return,pnl,equity,action
2020-01-01,-1,-1,0.0081838863379848,-0.0081838863379848,0.9913161136620152,enter
2020-01-02,0,-1,-0.0045227893866035,0.0045227893866035,0.9957996276596549,hold
2020-01-03,-1,-1,-0.0191058530729412,0.0191058530729412,1.0148252290358097,hold
2020-01-06,0,-1,0.0049945920012428,-0.0049945920012428,1.0097565910642081,hold
2020-01-07,0,-1,-0.0022899444111396,0.0022899444111396,1.012068877526527,hold
2020-01-08,-1,-1,0.0158457581226116,-0.0158457581226116,0.9960318788898186,hold
2020-01-09,1,1,0.0033480474426501,0.0033480474426501,0.998370608995844,flip
2020-01-10,1,1,0.0059354808073293,0.0059354808073293,1.0042964185841405,hold
2020-01-13,1,1,0.0026562202609821,0.0026562202609821,1.0069640510792155,hold
2020-01-14,0,1,-0.0015369308543056,-0.0015369308543056,1.0054164169599353,hold
2020-01-15,0,1,0.0009884063018437,0.0009884063018437,1.0064101768824356,hold
2020-01-16,-1,-1,-0.0002549788049855,0.0002549788049855,1.0056603799697799,flip
2020-01-17,-1,-1,-0.0103461939411514,0.0103461939411514,1.0160651372998792,hold
2020-01-20,0,-1,-0.0044746183856623,0.0044746183856623,1.0206116410442718,hold
2020-01-21,0,-1,-0.0051725551893021,0.0051725551893021,1.0258908110844174,hold
2020-01-22,0,-1,0.0060667236352978,-0.0060667236352978,1.0196670150535767,hold
2020-01-23,1,1,0.0055745847042631,0.0055745847042631,1.0243315681840826,flip
2020-01-24,0,1,-0.0105525279121506,-0.0105525279121506,1.013522280719523,hold
2020-01-27,0,1,-0.0052149678449129,-0.0052149678449129,1.0082367946154678,hold
2020-01-28,0,1,0.0061132563999481,0.0061132563999481,1.0144004046528141,hold
2020-01-29,1,1,-0.007724984155365,-0.007724984155365,1.0065641775996752,hold
2020-01-30,0,1,-0.0061234148547233,-0.0061234148547233,1.0004005675623289,hold
2020-01-31,1,1,-0.0212503847193161,-0.0212503847193161,0.9791416706282072,hold
2020-02-03,0,1,0.0232108226866707,0.0232108226866707,1.001868354330289,hold
2020-02-04,1,1,0.0091405004678344,0.0091405004678344,1.0110259324917537,hold
2020-02-05,1,1,0.0040366612301674,0.0040366612301674,1.015107101676137,hold
2020-02-06,0,1,-0.0032625431230384,-0.0032625431230384,1.011795270982416,hold
2020-02-07,-1,-1,-0.0055255147630383,0.0055255147630383,1.0163741654184193,flip
2020-02-10,1,1,0.0063500303889789,0.0063500303889789,1.021811798089981,flip
2020-02-11,1,1,0.0077056964194832,0.0077056964194832,1.0296855696039087,hold
2020-02-12,0,1,-0.0021759994314084,-0.0021759994314084,1.027444974389921,hold
2020-02-13,-1,-1,-0.0050268544351488,0.0050268544351488,1.0315823457419144,flip
2020-02-14,0,-1,-0.0055847334602637,0.0055847334602637,1.0373434581851966,hold
2020-02-17,-1,-1,-0.0044247626186481,0.0044247626186481,1.0419334567416734,hold
2020-02-18,1,1,0.011123651500938,0.011123651500938,1.0524816279448939,flip
2020-02-19,0,1,-0.0037152524595064,-0.0037152524595064,1.0485713929880862,hold
2020-02-20,-1,-1,-0.0208138687990014,0.0208138687990014,1.0693476489951383,flip
2020-02-24,0,-1,-0.0026628568617023,0.0026628568617023,1.0721951687198101,hold
2020-02-25,0,-1,-0.0101204779385897,0.0101204779385897,1.0830462962707015,hold
2020-02-26,0,-1,-0.0038703767874727,0.0038703767874727,1.0872380935155457,hold
2020-02-27,1,1,-0.0370960786649383,-0.0370960786649383,1.0458185855774598,flip
2020-02-28,-1,-1,-0.0061597518244916,0.0061597518244916,1.0512147499324804,flip
2020-03-02,1,1,0.0153196474085468,0.0153196474085468,1.0662677745021774,flip
2020-03-03,-1,-1,-0.0046269501465237,0.0046269501465237,1.0701350745631417,flip
2020-03-04,1,1,0.0015998577904186,0.0015998577904186,1.0707770034244188,flip
2020-03-05,-1,-1,-0.0248069753028219,0.0248069753028219,1.0962689650997737,flip
2020-03-06,1,1,-0.0489560433359516,-0.0489560433359516,1.0415037051713905,flip
2020-03-09,1,1,0.0006649981756232,0.0006649981756232,1.0421963032352344,hold
2020-03-11,1,1,-0.0830193880106471,-0.0830193880106471,0.9556738039536864,hold
2020-03-12,1,1,0.0380650761268936,0.0380650761268936,0.9920516000536616,hold
2020-03-13,1,1,-0.0761210010667908,-0.0761210010667908,0.9165356391476653,hold
2020-03-16,1,1,-0.0250451840905282,-0.0250451840905282,0.8935808353396821,hold
2020-03-17,1,1,-0.055564540272715,-0.055564540272715,0.843929427027524,hold
2020-03-18,1,1,-0.0242477817531284,-0.0242477817531284,0.8234660104659179,hold
2020-03-19,1,1,0.0583291468584656,0.0583291468584656,0.8714980803233393,hold
2020-03-20,1,1,-0.1298046607047124,-0.1298046607047124,0.75837356770216,hold
2020-03-23,1,1,0.0250714240251634,0.0250714240251634,0.7773870729874969,hold
2020-03-24,1,1,0.0662474689466749,0.0662474689466749,0.8288869989647827,hold
2020-03-25,1,1,0.0389043564303894,0.0389043564303894,0.8611343142130244,hold
2020-03-26,1,1,0.0021755381634551,0.0021755381634551,0.8630077447774557,hold
2020-03-27,1,1,-0.0437805364308189,-0.0437805364308189,0.8252248027671474,hold
2020-03-30,1,1,0.0382377227133605,0.0382377227133605,0.8567795199515452,hold
2020-03-31,1,1,-0.0400046750966822,-0.0400046750966822,0.8225043336263923,hold
2020-04-01,1,1,-0.0205965741867707,-0.0205965741867707,0.8055635620999159,hold
2020-04-03,1,1,0.0876321046711503,0.0876321046711503,0.8761567924931204,hold
2020-04-07,1,1,-0.0049419024075071,-0.0049419024075071,0.8718269111309449,hold
2020-04-08,1,1,0.0415088316188025,0.0415088316188025,0.9080154275858201,hold
2020-04-09,1,1,-0.0129556707370791,-0.0129556707370791,0.8962514786818301,hold
2020-04-13,0,1,-0.0076218535626885,-0.0076218535626885,0.8894203811559741,hold
2020-04-15,-1,-1,0.0075627711647903,-0.0075627711647903,0.8818044779628349,flip
2020-04-16,-1,-1,0.0304632818768748,-0.0304632818768748,0.8549418195903626,hold
2020-04-17,0,-1,-0.0005288143766692,0.0005288143766692,0.8553939251157778,hold
2020-04-20,-1,-1,-0.0302746671440956,0.0302746671440956,0.8812906914757395,hold
2020-04-21,-1,-1,0.0229194177887257,-0.0229194177887257,0.861092021924492,hold
2020-04-22,-1,-1,0.0137799558770148,-0.0137799558770148,0.8492262118563231,hold
2020-04-23,-1,-1,-0.0171249415723349,0.0171249415723349,0.863769161116058,hold
2020-04-24,-1,-1,0.0139713589754586,-0.0139713589754586,0.8517011320941748,hold
2020-04-27,1,1,0.0106224306488902,0.0106224306488902,0.8598965671713323,flip
2020-04-28,-1,-1,0.0183830135241964,-0.0183830135241964,0.8432291803804404,flip
2020-04-29,-1,-1,0.032088303452139,-0.032088303452139,0.8161713865606943,hold
2020-04-30,-1,-1,-0.057444839013135,0.057444839013135,0.8630562204688006,hold
2020-05-04,-1,-1,-0.0094582655216011,0.0094582655216011,0.871219235362064,hold
2020-05-05,-1,-1,0.0070935934671216,-0.0070935934671216,0.8650391602856691,hold
2020-05-06,-1,-1,-0.0077501195040513,0.0077501195040513,0.8717433171535671,hold
2020-05-07,1,1,0.0057016970693835,0.0057016970693835,0.8758419901530828,flip
2020-05-08,1,1,-0.0013294930214019,-0.0013294930214019,0.8746775643393235,hold
2020-05-11,1,1,-0.0046162427183511,-0.0046162427183511,0.870639840402037,hold
2020-05-12,1,1,0.0203337125303977,0.0203337125303977,0.8883431806342834,hold
2020-05-13,1,1,-0.0256619093732747,-0.0256619093732747,0.8655465984404798,hold
2020-05-14,1,1,-0.0006453627874545,-0.0006453627874545,0.8649880068750384,hold
2020-05-15,1,1,-0.0343225097032598,-0.0343225097032598,0.8352994476158666,hold
2020-05-18,1,1,0.0063298228402233,0.0063298228402233,0.8405867451378114,hold
2020-05-19,1,1,0.021111396826158,0.021111396826158,0.8583327054812243,hold
2020-05-20,1,1,0.0043787544510012,0.0043787544510012,0.8620911336357902,hold
2020-05-21,1,1,-0.0073575840768702,-0.0073575840768702,0.8557482256381406,hold
2020-05-22,1,1,-0.0011284338094974,-0.0011284338094974,0.8547825704079131,hold
2020-05-26,1,1,0.0316645047717616,0.0316645047717616,0.8818488371874131,hold
2020-05-27,0,1,0.0188030435364687,0.0188030435364687,0.8984302792656325,hold
2020-05-28,0,1,0.0095046626511057,0.0095046626511057,0.906969555985591,hold
2020-05-29,0,1,0.0256620973194605,0.0256620973194605,0.9302442969970812,hold
2020-06-01,0,1,0.0155655279707429,0.0155655279707429,0.9447240406216134,hold
2020-06-02,-1,-1,0.0082622880359908,-0.0082622880359908,0.9359737344428509,flip
2020-06-03,-1,-1,-0.0032251686810099,0.0032251686810099,0.9389924076174239,hold
2020-06-04,-1,-1,0.0112722762414605,-0.0112722762414605,0.9284078258101262,hold
2020-06-05,-1,-1,0.0024945207587225,-0.0024945207587225,0.9260918932160824,hold
2020-06-08,-1,-1,-0.0118810323499978,0.0118810323499978,0.9370948209584534,hold
2020-06-09,-1,-1,0.0069177285262014,-0.0069177285262014,0.9306122533837535,hold
2020-06-10,1,1,-0.021169158460066,-0.021169158460066,0.9099813628736101,flip
2020-06-11,-1,-1,0.0071602091117954,-0.0071602091117954,0.9025557246647249,flip
2020-06-12,-1,-1,-0.0159632793948444,0.0159632793948444,0.9169634738669641,hold
2020-06-15,-1,-1,0.010220386061458,-0.010220386061458,0.907591753159788,hold
2020-06-16,-1,-1,-0.0033134566648174,0.0033134566648174,0.9105990191032286,hold
2020-06-17,1,1,0.0213031875518985,0.0213031875518985,0.9290870817726564,flip
2020-06-18,-1,-1,0.0151362754442923,-0.0151362754442923,0.9140950767094391,flip
2020-06-19,-1,-1,0.0065206163504338,-0.0065206163504338,0.9081346134063966,hold
2020-06-22,-1,-1,0.0154976919912916,-0.0154976919912916,0.8940606228811936,hold
2020-06-23,-1,-1,-0.0158246772335498,0.0158246772335498,0.9082088436655149,hold
2020-06-24,1,1,-0.0015913572989929,-0.0015913572989929,0.9058553500494724,flip
2020-06-25,0,1,0.0091457401473864,0.0091457401473864,0.9141400676921446,hold
2020-06-26,0,1,-0.0067995386087835,-0.0067995386087835,0.907924337008036,hold
2020-06-29,1,1,-0.0009988732845714,-0.0009988732845714,0.9070174356433864,hold
2020-06-30,1,1,0.0124198173347171,0.0124198173347171,0.9182824265134809,hold
2020-07-01,0,1,0.0116634525148986,0.0116634525148986,0.9289927699903868,hold
2020-07-02,0,1,0.0052739760448483,0.0052739760448483,0.9338922556051534,hold
2020-07-03,0,1,0.014735139974255,0.014735139974255,0.9476532887123681,hold
2020-07-06,1,1,0.0033445902359812,0.0033445902359812,0.950822800648891,hold
2020-07-07,-1,-1,-0.008694762073642,0.008694762073642,0.9581391558740783,flip
2020-07-08,-1,-1,0.0100600327219018,-0.0100600327219018,0.9485002446138496,hold
2020-07-09,-1,-1,-0.0041985110954393,0.0041985110954393,0.9524825334148876,hold
2020-07-10,-1,-1,0.0032178891492418,-0.0032178891492418,0.9494175502057696,hold
2020-07-13,-1,-1,-0.0180834960154004,0.0180834960154004,0.9665863386918668,hold
2020-07-14,1,1,0.0010229309240368,0.0010229309240368,0.9666085034097746,flip
2020-07-15,1,1,0.0114661616621005,0.0114661616621005,0.9776917927738321,hold
2020-07-16,1,1,0.0150605912558696,0.0150605912558696,0.9924164092390172,hold
2020-07-17,0,1,0.0110533217609316,0.0110533217609316,1.0033859071311644,hold
2020-07-20,0,1,0.0127061568657644,0.0127061568657644,1.0161350858640703,hold
2020-07-21,1,1,-0.0026563094918139,-0.0026563094918139,1.0134359165905245,hold
2020-07-22,1,1,0.0074421598588463,0.0074421598588463,1.0209780686884875,hold
2020-07-23,1,1,-0.0018991484351116,-0.0018991484351116,1.0190390797870545,hold
2020-07-24,-1,-1,-0.0055699256988469,0.0055699256988469,1.0236960126659027,flip
2020-07-27,1,1,0.0151592736988444,0.0151592736988444,1.038190804693655,flip
2020-07-28,1,1,-0.0086456143286032,-0.0086456143286032,1.0292150073967714,hold
2020-07-29,1,1,-0.0089887146807479,-0.0089887146807479,1.0199636873501379,hold
2020-07-30,-1,-1,-0.0025851023723058,0.0025851023723058,1.0215804342106225,flip
2020-07-31,-1,-1,-0.0164222155452939,0.0164222155452939,1.0383570482980844,hold
2020-08-03,-1,-1,0.0186979321613793,-0.0186979321613793,1.0189419186497168,hold
2020-08-04,1,1,0.0005768586219327,0.0005768586219327,1.018510762162089,flip
2020-08-05,-1,-1,0.0088725546683743,-0.0088725546683743,1.0084554589823163,flip
2020-08-06,1,1,0.001241002448872,0.001241002448872,1.0086984992175094,flip
2020-08-07,1,1,0.005002705259437,0.005002705259437,1.0137447205047312,hold
2020-08-10,1,1,0.0046449787767293,0.0046449787767293,1.018453543216497,hold
2020-08-11,1,1,-0.0012452735151247,-0.0012452735151247,1.0171852899927445,hold
2020-08-12,-1,-1,-0.000703034473301,0.000703034473301,1.0168832210273513,flip
2020-08-13,-1,-1,-0.0108004373788689,0.0108004373788689,1.0278660045776795,hold
2020-08-14,-1,-1,0.0061457110453491,-0.0061457110453491,1.0215490371202076,hold
2020-08-17,1,1,0.0122920579350753,0.0122920579350753,1.0330844280308895,flip
2020-08-18,1,1,0.0020246002135075,0.0020246002135075,1.035176010984452,hold
2020-08-19,1,1,-0.008432399987605,-0.008432399987605,1.0264469928022577,hold
2020-08-20,-1,-1,0.0052509160938571,-0.0052509160938571,1.020030758775459,flip
2020-08-21,0,-1,0.0083410064718865,-0.0083410064718865,1.0115226756149895,hold
2020-08-24,1,1,0.0005058064691958,0.0005058064691958,1.011022787652439,flip
2020-08-25,0,1,0.0067423225064831,0.0067423225064831,1.0178394293481952,hold
2020-08-26,1,1,0.0008355606212675,0.0008355606212675,1.018689895894132,hold
2020-08-27,0,1,0.0076431956549949,0.0076431956549949,1.0264759420802172,hold
2020-08-28,0,1,-0.0223307478019462,-0.0223307478019462,1.0035539666928588,hold
2020-08-31,-1,-1,0.0072667398463226,-0.0072667398463226,0.9952578471284638,flip
2020-09-01,1,1,0.0056450382511279,0.0056450382511279,0.9998808578981109,flip
2020-09-02,1,1,-0.0006545127600779,-0.0006545127600779,0.999226423118059,hold
2020-09-03,-1,-1,-0.0167947449485598,0.0167947449485598,1.0150089496170704,flip
2020-09-04,-1,-1,0.0018705202595032,-0.0018705202595032,1.0131103548132347,hold
2020-09-07,1,1,-0.0033201259317187,-0.0033201259317187,1.0087335904977133,flip
2020-09-08,-1,-1,-0.0034769279675166,0.0034769279675166,1.0112321509397906,flip
2020-09-09,-1,-1,0.0151844298634509,-0.0151844298634509,0.9958771672681788,hold
2020-09-10,1,1,0.0013276149365679,0.0013276149365679,0.9962034315031629,flip
2020-09-11,-1,-1,-0.0021283524468515,0.0021283524468515,0.9973275000826614,flip
2020-09-14,1,1,0.0071459479106903,0.0071459479106903,1.0034570229480686,flip
2020-09-15,0,1,0.0071820376506051,0.0071820376506051,1.0106638890676458,hold
2020-09-16,0,1,-0.0076220272911209,-0.0076220272911209,1.0029605813230218,hold
2020-09-17,-1,-1,-0.0009681588767627,0.0009681588767627,1.0029286459315498,flip
2020-09-18,-1,-1,-0.0221122548386738,0.0221122548386738,1.0251056597353945,hold
2020-09-21,-1,-1,-0.0086128603263573,0.0086128603263573,1.0339347516024537,hold
2020-09-22,-1,-1,-0.0019545871070447,0.0019545871070447,1.0359556671374615,hold
2020-09-23,-1,-1,-0.0293122720965164,0.0293122720965164,1.0663218815325228,hold
2020-09-24,1,1,0.0226457884823545,0.0226457884823545,1.0894032594342822,flip
2020-09-25,-1,-1,0.0160448681873712,-0.0160448681873712,1.0708345244743322,flip
2020-09-28,1,1,-0.0004586409458945,-0.0004586409458945,1.0692725613906564,flip
2020-09-29,-1,-1,0.0022410013176423,-0.0022410013176423,1.0658070476102706,flip
2020-09-30,-1,-1,0.0150610927327836,-0.0150610927327836,1.049754828830958,hold
2020-10-01,1,1,0.0075676439490797,0.0075676439490797,1.056649244780547,flip
2020-10-05,1,1,0.0138264754746197,0.0138264754746197,1.0712589796487806,hold
2020-10-06,1,1,0.0065551872847253,0.0065551872847253,1.0782812828908221,hold
2020-10-07,1,1,0.0081566766068399,0.0081566766068399,1.087076474606571,hold
2020-10-08,1,1,0.0067260903253916,0.0067260903253916,1.0943882491653831,hold
2020-10-09,1,1,0.0014058853909966,0.0014058853909966,1.0959268336169632,hold
2020-10-12,1,1,0.0002975290843887,0.0002975290843887,1.0962529037243263,hold
2020-10-13,-1,-1,0.0030625333853533,-0.0030625333853533,1.0917993397041557,flip
2020-10-14,-1,-1,-0.0242836008583533,0.0242836008583533,1.1183121590869451,hold
2020-10-15,-1,-1,0.007028949362235,-0.007028949362235,1.1104515995495514,hold
2020-10-16,-1,-1,0.0094027696218492,-0.0094027696218492,1.100010278982773,hold
2020-10-19,1,1,0.0020003285078973,0.0020003285078973,1.1011106506238197,flip
2020-10-20,1,1,0.0034337457642519,0.0034337457642519,1.104891584656372,hold
2020-10-21,1,1,-0.0034512817819539,-0.0034512817819539,1.1010782924592133,hold
2020-10-22,1,1,0.0028495402835257,0.0028495402835257,1.1042158594088916,hold
2020-10-23,-1,-1,-0.0136290733045432,0.0136290733045432,1.1181610824414057,flip
2020-10-26,0,-1,0.0103376083469652,-0.0103376083469652,1.1066019711023078,hold
2020-10-27,1,1,-0.0134406089457635,-0.0134406089457635,1.0906219647790083,flip
2020-10-28,0,1,-0.0050129421843609,-0.0050129421843609,1.0851547399245771,hold
2020-10-29,0,1,-0.0024333734223676,-0.0024333734223676,1.0825141532212885,hold
2020-10-30,0,1,0.0022976361491175,0.0022976361491175,1.085001376871661,hold
2020-11-02,1,1,0.0123701901631991,0.0123701901631991,1.0984230502308965,hold
2020-11-03,1,1,0.008041647267956,0.008041647267956,1.1072561809518457,hold
2020-11-04,1,1,0.0177855989156905,0.0177855989156905,1.1269493952831746,hold
2020-11-05,1,1,0.0118190145712895,0.0118190145712895,1.1402688266071324,hold
2020-11-06,0,1,0.0161046355374614,0.0161046355374614,1.158632440474369,hold
2020-11-09,0,1,0.0136465071043638,0.0136465071043638,1.174443726304649,hold
2020-11-10,-1,-1,0.0093460415087203,-0.0093460415087203,1.1622928827626449,flip
2020-11-11,-1,-1,-0.0045768215253314,0.0045768215253314,1.1676124898472124,hold
2020-11-12,-1,-1,0.0022969703307613,-0.0022969703307613,1.164930518600207,hold
2020-11-13,-1,-1,0.0121266198083733,-0.0121266198083733,1.1508038490979713,hold
2020-11-17,-1,-1,0.0049750511655721,-0.0049750511655721,1.1450785410671716,hold
2020-11-18,-1,-1,-0.0128726686134137,0.0128726686134137,1.1598187576626606,hold
2020-11-19,-1,-1,0.0068393094137191,-0.0068393094137191,1.1518863983151704,hold
2020-11-20,-1,-1,0.005241475198302,-0.005241475198302,1.14584881432714,hold
2020-11-23,-1,-1,0.0099563448098976,-0.0099563448098976,1.1344403484316865,hold
2020-11-24,-1,-1,-0.0150706804680923,0.0150706804680923,1.1515371364330116,hold
2020-11-25,0,-1,0.0100012136399767,-0.0100012136399767,1.140020367517178,hold
2020-11-26,-1,-1,-0.0013898363507738,0.0013898363507738,1.141604809264576,hold
2020-11-27,-1,-1,0.0108026946873185,-0.0108026946873185,1.1292724010565163,hold
2020-12-01,-1,-1,0.0003585458429504,-0.0003585458429504,1.1288675051315589,hold
2020-12-02,-1,-1,0.00153658492994,-0.00153658492994,1.1271329043352747,hold
2020-12-03,-1,-1,0.0094906623588735,-0.0094906623588735,1.1164356665066522,hold
2020-12-04,-1,-1,0.0073311332494399,-0.0073311332494399,1.1082509278710646,hold
2020-12-07,0,-1,0.0027853318093331,-0.0027853318093331,1.1051640813089425,hold
2020-12-08,-1,-1,0.0101657522858669,-0.0101657522858669,1.093929257023118,hold
2020-12-09,0,-1,-0.0037548548058806,0.0037548548058806,1.0980368025511447,hold
2020-12-10,-1,-1,0.0026375585350264,-0.0026375585350264,1.0951406662108027,hold
2020-12-11,-1,-1,0.0032781762806703,-0.0032781762806703,1.0915506020548331,hold
2020-12-14,-1,-1,0.0007153791977927,-0.0007153791977927,1.090769729460785,hold
2020-12-15,-1,-1,0.008464907059269,-0.008464907059269,1.0815364650778354,hold
2020-12-16,-1,-1,0.0042389293905504,-0.0042389293905504,1.076951908369065,hold
2020-12-17,-1,-1,0.0014445849987885,-0.0014445849987885,1.0753961597978186,hold
2020-12-18,-1,-1,-0.0314049525779333,0.0314049525779333,1.1091689251987604,hold
2020-12-21,0,-1,0.0103462838766079,-0.0103462838766079,1.097693148631542,hold
2020-12-22,-1,-1,0.0100101591857162,-0.0100101591857162,1.0867050654766701,hold
2020-12-23,-1,-1,0.0108925303747413,-0.0108925303747413,1.0748680975425804,hold
2020-12-24,-1,-1,0.0090150513891666,-0.0090150513891666,1.0651781064066583,hold
2020-12-28,-1,-1,0.0042815942411449,-0.0042815942411449,1.0606174459604738,hold
2020-12-29,-1,-1,0.0035420946069744,-0.0035420946069744,1.0568606386250743,hold
2020-12-30,-1,-1,-1.4318125132972703e-05,1.4318125132972703e-05,1.0568757708879464,hold
2020-12-31,-1,-1,0.0026284263414808,-0.0026284263414808,1.0540978507720717,hold
2021-01-01,-1,-1,0.0081606727271106,-0.0081606727271106,1.0454957031895702,hold
2021-01-04,0,-1,0.0047123808655142,-0.0047123808655142,1.0405689292428824,hold
2021-01-05,-1,-1,-0.0037501320469031,0.0037501320469031,1.0444712001314478,hold
2021-01-06,-1,-1,-0.000629169612088,0.000629169612088,1.0451283496712716,hold
2021-01-07,-1,-1,0.014847223590326,-0.014847223590326,1.0296110953831137,hold
2021-01-08,-1,-1,0.0095837181341371,-0.0095837181341371,1.0197435928571819,hold
2021-01-11,-1,-1,0.0054333140242324,-0.0054333140242324,1.0142030056929898,hold
2021-01-12,-1,-1,9.609083312889231e-05,-9.609083312889231e-05,1.014105550081211,hold
2021-01-13,-1,-1,0.002111247340323,-0.002111247340323,1.0119645224357954,hold
2021-01-14,-1,-1,-0.0110923441582015,0.0110923441582015,1.0231895811945433,hold
2021-01-15,-1,-1,-0.0105586501425666,0.0105586501425666,1.0339930820118957,hold
2021-01-18,-1,-1,0.0167947308170628,-0.0167947308170628,1.0166274465328007,hold
2021-01-19,-1,-1,0.008508265623863,-0.008508265623863,1.00797771017719,hold
2021-01-20,-1,-1,-0.0037112802046228,0.0037112802046228,1.0117185978996717,hold
2021-01-21,-1,-1,-0.0149721716475961,0.0149721716475961,1.0268662224064908,hold
2021-01-22,0,-1,-0.0092541693433081,0.0092541693433081,1.0363690163215635,hold
2021-01-25,-1,-1,-0.0190604880418779,0.0190604880418779,1.0561227155641335,hold
2021-01-27,0,-1,-0.0107356502819043,0.0107356502819043,1.067460879693205,hold
2021-01-28,0,-1,-0.0132404223540728,0.0132404223540728,1.0815945125867932,hold
2021-01-29,-1,-1,0.0474235111013383,-0.0474235111013383,1.0303015032119867,hold
2021-02-01,-1,-1,0.0256735714819573,-0.0256735714819573,1.0038499839213058,hold
2021-02-02,-1,-1,0.0097011226717231,-0.0097011226717231,0.994111512083278,hold
2021-02-03,-1,-1,0.0071467580293813,-0.0071467580293813,0.9870068376521964,hold
2021-02-04,-1,-1,0.0019199973566108,-0.0019199973566108,0.9851117871329474,hold
2021-02-05,-1,-1,0.0128348027329681,-0.0128348027329681,0.9724680716751744,hold
2021-02-08,-1,-1,-0.0004300136336804,0.0004300136336804,0.9728862462043135,hold
2021-02-09,-1,-1,-0.0001853034041081,0.0001853034041081,0.9730665253375452,hold
2021-02-10,-1,-1,0.0044219246475027,-0.0044219246475027,0.9687636984854954,hold
2021-02-11,-1,-1,-0.0006590524229219,0.0006590524229219,0.969402164548221,hold
2021-02-12,-1,-1,0.0099846598415338,-0.0099846598415338,0.9597230136855605,hold
2021-02-15,-1,-1,-8.162092525865194e-05,8.162092525865194e-05,0.9598013471659294,hold
2021-02-16,-1,-1,-0.0068273186874309,0.0068273186874309,0.9663542168396566,hold
2021-02-17,-1,-1,-0.0059143128695843,0.0059143128695843,0.9720695380208884,hold
2021-02-18,-1,-1,-0.0090747170630297,0.0090747170630297,0.9808907940440179,hold
2021-02-19,-1,-1,-0.0204281745915864,0.0204281745915864,1.000928602440029,hold
2021-02-22,-1,-1,0.0021872625461001,-0.0021872625461001,0.9987393087965916,hold
2021-02-23,-1,-1,0.0186431824578623,-0.0186431824578623,0.9801196296348574,hold
2021-02-24,-1,-1,0.0076992130139501,-0.0076992130139501,0.9725734798271448,hold
2021-02-25,1,1,-0.0376356932475859,-0.0376356932475859,0.9349974291998061,flip
2021-02-26,-1,-1,0.0159953891187234,-0.0159953891187234,0.9191067840655494,flip
2021-03-01,-1,-1,0.0106729853417877,-0.0106729853417877,0.90929717083168,hold
2021-03-02,-1,-1,0.0218846987116321,-0.0218846987116321,0.8893974762086893,hold
2021-03-03,1,1,-0.0108129305241382,-0.0108129305241382,0.8788910856138922,flip
2021-03-04,-1,-1,-0.0094591045289524,0.0094591045289524,0.8863257171766648,flip
2021-03-05,0,-1,0.0012117060677612,-0.0012117060677612,0.8852517509271489,hold
2021-03-08,-1,-1,0.0095077756017913,-0.0095077756017913,0.8768349759282408,hold
2021-03-09,0,-1,0.0050600998838219,-0.0050600998838219,0.8723981033684153,hold
2021-03-10,-1,-1,-0.0094795062357636,0.0094795062357636,0.8806680066293645,hold
2021-03-12,-1,-1,-0.006749419963093,0.006749419963093,0.8866120048541661,hold
2021-03-15,-1,-1,-0.0012759841044576,0.0012759841044576,0.8877433076791813,hold
2021-03-16,-1,-1,-0.0126857598628687,0.0126857598628687,0.8990050061002681,hold
2021-03-17,0,-1,-0.0111029730717429,0.0111029730717429,0.9089866344743615,hold
2021-03-18,0,-1,0.0127869428260285,-0.0127869428260285,0.8973634743497136,hold
2021-03-19,-1,-1,-0.0005154374236977,0.0005154374236977,0.8978260090670529,hold
2021-03-22,-1,-1,0.0053167399974314,-0.0053167399974314,0.8930525016139119,hold
2021-03-23,-1,-1,-0.0179111769942118,0.0179111769942118,0.9090481230354422,hold
2021-03-24,-1,-1,-0.0154301891468089,0.0154301891468089,0.9230749075174307,hold
2021-03-25,0,-1,0.0127330319296232,-0.0127330319296232,0.9113213652465774,hold
2021-03-26,-1,-1,0.0232848158675504,-0.0232848158675504,0.8901014150606462,hold
2021-03-30,1,1,-0.0104006990943323,-0.0104006990943323,0.8799536366641004,flip
2021-03-31,-1,-1,0.0120245741669184,-0.0120245741669184,0.8684926152599193,flip
2021-04-01,-1,-1,-0.015439860548026,0.015439860548026,0.8819020201265227,hold
2021-04-05,-1,-1,0.0031220672452334,-0.0031220672452334,0.8791486627159805,hold
2021-04-06,-1,-1,0.0092314369658119,-0.0092314369658119,0.8710328572525401,hold
2021-04-07,1,1,0.0036945688638336,0.0036945688638336,0.873379915269069,flip
2021-04-08,-1,-1,-0.0026187118170183,0.0026187118170183,0.8747936656586615,flip
2021-04-09,-1,-1,-0.0353255893040076,0.0353255893040076,0.9056962674174667,hold
2021-04-12,0,-1,0.0135561955060299,-0.0135561955060299,0.893418471747274,hold
2021-04-13,-1,-1,0.0052844845607746,-0.0052844845607746,0.8886972156270146,hold
2021-04-15,0,-1,0.0024962821650071,-0.0024962821650071,0.8864787766175535,hold
2021-04-16,-1,-1,-0.0176769785548196,0.0176769785548196,0.9021490429411247,hold
2021-04-19,0,-1,-0.004390823034999,0.004390823034999,0.9061102197398729,hold
2021-04-20,-1,-1,0.0076767575754221,-0.0076767575754221,0.8991542312463175,hold
2021-04-22,-1,-1,-0.0044981330537942,0.0044981330537942,0.9031987466143454,hold
2021-04-23,-1,-1,0.0100165182871698,-0.0100165182871698,0.894151839851934,hold
2021-04-26,-1,-1,0.011601643402658,-0.011601643402658,0.8837782090581413,hold
2021-04-27,1,1,0.014433855260107,0.014433855260107,0.8956507576006651,flip
2021-04-28,1,1,0.0020418099664161,0.0020418099664161,0.8974795062439623,hold
2021-04-29,0,1,-0.0177108120451774,-0.0177108120451774,0.8815844153944769,hold
2021-04-30,0,1,0.0002085134632017,0.0002085134632017,0.8817682376140354,hold
2021-05-03,-1,-1,-0.0094061074234402,0.0094061074234402,0.8891804761419967,flip
2021-05-04,0,-1,0.0083709591539336,-0.0083709591539336,0.8817371826957368,hold
2021-05-05,-1,-1,0.0073164109749706,-0.0073164109749706,0.875286031095222,hold
2021-05-06,0,-1,0.0066792477481554,-0.0066792477481554,0.8694397788430372,hold
2021-05-07,0,-1,0.0080414227481215,-0.0080414227481215,0.8624482460273272,hold
2021-05-10,0,-1,-0.0061302011912188,0.0061302011912188,0.8677352272924884,hold
2021-05-11,0,-1,-0.0103866808073666,0.0103866808073666,0.8767481161236831,hold
2021-05-12,-1,-1,-0.0012724250884564,0.0012724250884564,0.8778637124228957,hold
2021-05-14,-1,-1,0.0167157604819725,-0.0167157604819725,0.8631895528702194,hold
2021-05-17,0,-1,0.012393443335275,-0.012393443335275,0.8524916620591209,hold
2021-05-18,0,-1,-0.0051594324081388,0.0051594324081388,0.8568900351680168,hold
2021-05-19,-1,-1,-0.0082567760609306,0.0082567760609306,0.8639651842972421,hold
2021-05-20,-1,-1,0.0180631356749747,-0.0180631356749747,0.8483592639548264,hold
2021-05-21,0,-1,0.0014761086049899,-0.0014761086049899,0.8471069935451798,hold
2021-05-24,0,-1,0.0007073438653115,-0.0007073438653115,0.8465077976100333,hold
2021-05-25,-1,-1,0.0061150215048646,-0.0061150215048646,0.8413313842236123,hold
2021-05-26,-1,-1,0.0023788211965458,-0.0023788211965458,0.839330007293502,hold
2021-05-27,-1,-1,0.006376433707514,-0.006376433707514,0.8339780751432678,hold
2021-05-28,-1,-1,0.0095330880357249,-0.0095330880357249,0.8260276887330626,hold
2021-05-31,-1,-1,-0.0005101904286871,0.0005101904286871,0.8264491201536848,hold
2021-06-01,-1,-1,8.67158252806366e-05,-8.67158252806366e-05,0.8263774539361782,hold
2021-06-02,-1,-1,0.0073284506253876,-0.0073284506253876,0.8203213875670735,hold
2021-06-03,-1,-1,-0.0012810173052479,0.0012810173052479,0.821372233460412,hold
2021-06-04,-1,-1,0.0051945814919991,-0.0051945814919991,0.8171055484584365,hold
2021-06-07,-1,-1,-0.0007333060957773,0.0007333060957773,0.8177047369380145,hold
2021-06-08,-1,-1,-0.0066549769442125,0.0066549769442125,0.8231465431095104,hold
2021-06-09,-1,-1,0.006549286916079,-0.006549286916079,0.8177555202247077,hold
2021-06-10,-1,-1,0.0039141306333496,-0.0039141306333496,0.8145547182924054,hold
2021-06-11,-1,-1,0.0007911718082738,-0.0007911718082738,0.8139102655629961,hold
2021-06-14,-1,-1,0.0036302135450976,-0.0036302135450976,0.8109555974924553,hold
2021-06-15,-1,-1,-0.0064086327528081,0.0064086327528081,0.8161527140956185,hold
2021-06-16,-1,-1,-0.0048295020472909,0.0048295020472909,0.8200943252992453,hold
2021-06-17,-1,-1,-0.0005130696464038,0.0005130696464038,0.8205150908047443,hold
2021-06-18,-1,-1,0.0040265882096546,-0.0040265882096546,0.8172112144142663,hold
2021-06-21,0,-1,0.0016670371193598,-0.0016670371193598,0.8158488929854806,hold
2021-06-22,-1,-1,-0.0054397492312691,0.0054397492312691,0.82028690637393,hold
2021-06-23,-1,-1,0.0065978407983298,-0.0065978407983298,0.8148747839567203,hold
2021-06-24,1,1,0.0044266891189239,0.0044266891189239,0.8176671065121904,flip
2021-06-25,0,1,-0.0028782098242977,-0.0028782098242977,0.815313689013222,hold
2021-06-28,-1,-1,-0.0041891404314852,0.0041891404314852,0.8179138388631975,flip
2021-06-29,-1,-1,-0.0017112919035373,0.0017112919035373,0.8193135281934352,hold
2021-06-30,-1,-1,-0.002639697229908,0.002639697229908,0.8214762678442336,hold
2021-07-01,-1,-1,0.0026913389867666,-0.0026913389867666,0.8192653967378809,hold
2021-07-02,-1,-1,0.007133188273225,-0.007133188273225,0.8134214224172113,hold
2021-07-05,1,1,-0.0010167521731027,-0.0010167521731027,0.811780952995903,flip
2021-07-06,-1,-1,0.0038816171589777,-0.0038816171589777,0.8078181491664269,flip
2021-07-07,0,-1,-0.0095562557277451,0.0095562557277451,0.815537865981375,hold
2021-07-08,-1,-1,-0.0024224839292732,0.0024224839292732,0.8175134933554287,hold
2021-07-09,-1,-1,0.0001784474449868,-0.0001784474449868,0.8173676101612971,hold
2021-07-12,-1,-1,0.0076309854951284,-0.0076309854951284,0.8111302897839685,hold
2021-07-13,0,-1,0.0026308921169333,-0.0026308921169333,0.80899629349877,hold
2021-07-14,-1,-1,0.0044310723280038,-0.0044310723280038,0.80541157240919,hold
2021-07-15,1,1,-5.0225736783704455e-05,-5.0225736783704455e-05,0.8045657084471425,flip
2021-07-16,-1,-1,-0.0107389122803617,0.0107389122803617,0.8124013033054963,flip
2021-07-19,-1,-1,-0.0076369809214345,0.0076369809214345,0.8186055965593889,hold
2021-07-20,-1,-1,0.0122792331234495,-0.0122792331234495,0.8085537476030757,hold
2021-07-22,0,-1,0.0020222383267853,-0.0020222383267853,0.806918659225407,hold
2021-07-23,-1,-1,-0.0019929055322251,0.0019929055322251,0.808526771885433,hold
2021-07-26,-1,-1,-0.0049290812026508,0.0049290812026508,0.8125120659985734,hold
2021-07-27,-1,-1,-0.0023528988583426,0.0023528988583426,0.814423824711051,hold
2021-07-28,-1,-1,0.0043954449546468,-0.0043954449546468,0.8108440696197806,hold
2021-07-29,0,-1,-0.0009760394990868,0.0009760394990868,0.8116354854593297,hold
2021-07-30,-1,-1,0.0077460001364197,-0.0077460001364197,0.8053485568782387,hold
2021-08-02,1,1,0.0154609558824161,0.0154609558824161,0.8169946668292225,flip
2021-08-03,0,1,0.0079382424678022,0.0079382424678022,0.8234801685894142,hold
2021-08-04,0,1,0.0022018725316477,0.0022018725316477,0.8252933669529878,hold
2021-08-05,0,1,-0.0034612335015614,-0.0034612335015614,0.8224368339026737,hold
2021-08-06,-1,-1,0.0012347307242392,-0.0012347307242392,0.8205989090412055,flip
2021-08-09,0,-1,0.0013439090538649,-0.0013439090538649,0.8194960987377533,hold
2021-08-10,-1,-1,0.0001320870680521,-0.0001320870680521,0.8193878539007909,hold
2021-08-11,-1,-1,0.0050453954843463,-0.0050453954843463,0.8152537181227917,hold
2021-08-12,-1,-1,0.0100644823408473,-0.0100644823408473,0.8070486114734348,hold
2021-08-13,-1,-1,0.0020540242770237,-0.0020540242770237,0.80539091403273,hold
2021-08-16,-1,-1,0.0031122785775283,-0.0031122785775283,0.80288431314445,hold
2021-08-17,-1,-1,-0.0027536023181795,0.0027536023181795,0.8050951372503545,hold
2021-08-18,-1,-1,-0.0071428984006249,0.0071428984006249,0.810845850018571,hold
2021-08-20,-1,-1,0.0027931806783987,-0.0027931806783987,0.8085810110571393,hold
2021-08-23,-1,-1,0.0077683620836017,-0.0077683620836017,0.8022996609893227,hold
2021-08-24,-1,-1,0.0006045728309951,-0.0006045728309951,0.8018146124119719,hold
2021-08-25,-1,-1,0.0001352598309651,-0.0001352598309651,0.8017061591030318,hold
2021-08-26,-1,-1,0.00410526158848,-0.00410526158848,0.7984149456028182,hold
2021-08-27,-1,-1,0.0135198365217041,-0.0135198365217041,0.7876205060617829,hold
2021-08-30,1,1,0.0118804461754233,0.0118804461754233,0.796190168584648,flip
2021-08-31,1,1,-0.0032657347743637,-0.0032657347743637,0.7935900226640946,hold
2021-09-01,-1,-1,0.009246783727399,-0.009246783727399,0.785458277333634,flip
2021-09-02,-1,-1,0.0051902308336972,-0.0051902308336972,0.7813815675640343,hold
2021-09-03,-1,-1,0.0031287476677577,-0.0031287476677577,0.7789368218068895,hold
2021-09-06,-1,-1,-0.0009035189246697,0.0009035189246697,0.7796406059665142,hold
2021-09-07,-1,-1,-0.0004953092983268,0.0004953092983268,0.7800267692080026,hold
2021-09-08,-1,-1,0.0009075978909154,-0.0009075978909154,0.7793188185574118,hold
2021-09-09,-1,-1,-0.0008030985074197,0.0008030985074197,0.7799446883373993,hold
2021-09-13,-1,-1,0.001423151293159,-0.001423151293159,0.7788347090455995,hold
2021-09-14,-1,-1,0.0080235453826236,-0.0080235453826236,0.7725856934120097,hold
2021-09-15,-1,-1,0.0062816347635072,-0.0062816347635072,0.7677325922624845,hold
2021-09-16,-1,-1,-0.0025156476006126,0.0025156476006126,0.7696639369161216,hold
2021-09-17,-1,-1,-0.010705054879733,0.010705054879733,0.7779032315997599,hold
2021-09-20,-1,-1,0.0094901738624639,-0.0094901738624639,0.7705207946837057,hold
2021-09-21,-1,-1,-0.0008740239935656,0.0008740239935656,0.7711942483458005,hold
2021-09-22,-1,-1,0.0157465283671818,-0.0157465283671818,0.7590506162376159,hold
2021-09-23,-1,-1,0.0016972499684944,-0.0016972499684944,0.757762317603121,hold
2021-09-24,-1,-1,0.0001064453827974,-0.0001064453827974,0.7576816573031543,hold
2021-09-27,-1,-1,-0.0059646824901542,0.0059646824901542,0.7622009878175815,hold
2021-09-28,-1,-1,-0.0021015082285871,0.0021015082285871,0.7638027594653174,hold
2021-09-29,-1,-1,-0.0052593760207388,0.0052593760207388,0.7678198853830235,hold
2021-09-30,-1,-1,-0.0048869834497958,0.0048869834497958,0.7715722084553144,hold
2021-10-01,-1,-1,0.0090804675811375,-0.0090804675811375,0.7645659720299293,hold
2021-10-04,0,-1,0.0074076609199462,-0.0074076609199462,0.7589023265582026,hold
2021-10-05,0,-1,-0.0098921448702895,0.0098921448702895,0.7664094983149161,hold
2021-10-06,-1,-1,0.0081803020160375,-0.0081803020160375,0.7601400371507403,hold
2021-10-07,0,-1,0.0058936227604964,-0.0058936227604964,0.7556600585266241,hold
2021-10-08,0,-1,0.0028359561343596,-0.0028359561343596,0.753517039748155,hold
2021-10-11,0,-1,0.0025632525445875,-0.0025632525445875,0.7515855852786305,hold
2021-10-12,-1,-1,0.0094375978492116,-0.0094375978492116,0.7444924227755064,hold
2021-10-13,0,-1,0.0097347877407187,-0.0097347877407187,0.7372449470652135,hold
2021-10-14,1,1,0.0075523961327199,0.0075523961327199,0.7420756680052311,flip
2021-10-18,-1,-1,-0.0031553077349963,0.0031553077349963,0.7436750694324354,flip
2021-10-19,-1,-1,-0.00826062521208,0.00826062521208,0.7498182904605843,hold
2021-10-20,-1,-1,-0.0048449082967022,0.0048449082967022,0.7534510913170559,hold
2021-10-21,-1,-1,-0.0034766680845673,0.0034766680845673,0.7560705906795203,hold
2021-10-22,-1,-1,0.0005796333280105,-0.0005796333280105,0.7556323469668339,hold
2021-10-25,-1,-1,0.0078894808897,-0.0078894808897,0.7496708000057999,hold
2021-10-26,-1,-1,-0.0031448386638428,0.0031448386638428,0.7520283937228122,hold
2021-10-27,-1,-1,-0.0194223384240636,0.0194223384240636,0.7666345436902015,hold
2021-10-28,0,-1,-0.0103935157639054,0.0103935157639054,0.7746025719052,hold
2021-10-29,-1,-1,0.0145996550575078,-0.0145996550575078,0.7632936415487257,hold
2021-11-01,-1,-1,-0.0022700482713416,0.0022700482713416,0.7650263549602494,hold
2021-11-02,-1,-1,-0.0033400508475575,0.0033400508475575,0.7675815818855382,hold
2021-11-03,-1,-1,0.0049133761659847,-0.0049133761659847,0.7638101648356529,hold
2021-11-04,-1,-1,0.0084697040421863,-0.0084697040421863,0.7573409187950814,hold
2021-11-08,1,1,-0.0013449214352717,-0.0013449214352717,0.7555650138407904,flip
2021-11-09,-1,-1,-0.0014991358050348,0.0014991358050348,0.75594214339223,flip
2021-11-10,-1,-1,-0.007970140510272,0.007970140510272,0.7619671084927021,hold
2021-11-11,-1,-1,0.0128206066843303,-0.0128206066843303,0.7521982278883208,hold
2021-11-12,0,-1,0.0003700663573213,-0.0003700663573213,0.7519198646301426,hold
2021-11-15,-1,-1,-0.0060879819517564,0.0060879819517564,0.7564975391951779,hold
2021-11-16,-1,-1,-0.005586294529162,0.005586294529162,0.7607235572597085,hold
2021-11-17,-1,-1,-0.0074781956434608,0.0074781956434608,0.7664123968514861,hold
2021-11-18,0,-1,-0.0196033721001568,0.0196033721001568,0.7814366642491387,hold
2021-11-22,0,-1,0.0049836979327988,-0.0049836979327988,0.777542219960907,hold
2021-11-23,-1,-1,-0.0050446817378146,0.0050446817378146,0.7814646729983237,hold
2021-11-24,-1,-1,0.006959452503032,-0.006959452503032,0.7760261067237945,hold
2021-11-25,-1,-1,-0.0290712541877539,0.0290712541877539,0.7985861589286949,hold
2021-11-26,1,1,0.0016151341742889,0.0016151341742889,0.7990773965661662,flip
2021-11-29,-1,-1,-0.004148599194972,0.004148599194972,0.8015933710137148,flip
2021-11-30,1,1,0.0108166411704213,0.0108166411704213,0.809462325501545,flip
2021-12-01,-1,-1,0.0136745711024337,-0.0136745711024337,0.7975838130512312,flip
2021-12-02,-1,-1,-0.0117776858673942,0.0117776858673942,0.806977504654267,hold
2021-12-03,-1,-1,-0.0165409195759996,0.0165409195759996,0.820325654658394,hold
2021-12-06,-1,-1,0.0156365485816494,-0.0156365485816494,0.8074985927065547,hold
2021-12-07,-1,-1,0.0170609485278816,-0.0170609485278816,0.7937219007800512,hold
2021-12-08,-1,-1,0.0026960665936832,-0.0026960665936832,0.7915819736786834,hold
2021-12-09,-1,-1,-0.0003167708948091,0.0003167708948091,0.7918327238088003,hold
2021-12-10,-1,-1,-0.0081690551168631,0.0081690551168631,0.7983012489729303,hold
2021-12-13,-1,-1,-0.0024959111813221,0.0024959111813221,0.8002937379863052,hold
2021-12-14,-1,-1,-0.0059740603216401,0.0059740603216401,0.8050747410520662,hold
2021-12-15,-1,-1,0.0015678167505297,-0.0015678167505297,0.8038125313876164,hold
2021-12-16,-1,-1,-0.01525945397337,0.01525945397337,0.8160782717135437,hold
2021-12-17,0,-1,-0.0218425462793778,0.0218425462793778,0.8339034991310416,hold
2021-12-20,0,-1,0.009428705444209,-0.009428705444209,0.8260408686688397,hold
2021-12-21,-1,-1,0.0110071709945933,-0.0110071709945933,0.8169484955788795,hold
2021-12-22,-1,-1,0.0069093062126275,-0.0069093062126275,0.8113039482629796,hold
2021-12-23,-1,-1,-0.0040327548791804,0.0040327548791804,0.8145757382188353,hold
2021-12-24,-1,-1,0.0048518709108285,-0.0048518709108285,0.8106235218899047,hold
2021-12-27,-1,-1,0.0086034091740434,-0.0086034091740434,0.8036493960449816,hold
2021-12-28,1,1,-0.0011402602889762,-0.0011402602889762,0.8019293771563669,flip
2021-12-29,-1,-1,-0.0005606259494814,0.0005606259494814,0.8015770301976959,flip
2021-12-30,-1,-1,0.0087248317576065,-0.0087248317576065,0.7945834054684591,hold
2021-12-31,1,1,0.0156533158122078,0.0156533158122078,0.8062266870479281,flip
2022-01-03,1,1,0.0101868742352642,0.0101868742352642,0.814439616913999,hold
2022-01-04,-1,-1,0.006739585234692,-0.006739585234692,0.8081361920803832,flip
2022-01-05,-1,-1,-0.0100054174627969,0.0100054174627969,0.8162219320489424,hold
2022-01-06,-1,-1,0.0037641836511315,-0.0037641836511315,0.8131495227966289,hold
2022-01-07,-1,-1,0.0107003189218717,-0.0107003189218717,0.8044485635715372,hold
2022-01-10,-1,-1,0.0029133112526023,-0.0029133112526023,0.8021049545191444,hold
2022-01-11,-1,-1,0.0086731157318304,-0.0086731157318304,0.7951482054195254,hold
2022-01-12,-1,-1,0.0024956237305924,-0.0024956237305924,0.7931638146887424,hold
2022-01-13,-1,-1,-0.0001123235637506,0.0001123235637506,0.7932529056750462,hold
2022-01-14,-1,-1,0.0028675682661627,-0.0028675682661627,0.7909781988156911,hold
2022-01-17,-1,-1,-0.0106536905679234,0.0106536905679234,0.7994050357918467,hold
2022-01-18,-1,-1,-0.0096422404339412,0.0096422404339412,0.807113091351055,hold
2022-01-19,-1,-1,-0.010112406160797,0.010112406160797,0.8152749467484932,hold
2022-01-20,-1,-1,-0.0078757453046686,0.0078757453046686,0.8216958445823616,hold
2022-01-21,-1,-1,-0.0265679051873833,0.0265679051873833,0.8435265818740926,hold
2022-01-24,0,-1,0.0075134912216943,-0.0075134912216943,0.8371887523059157,hold
2022-01-25,-1,-1,-0.0097117329146276,0.0097117329146276,0.8453193058674412,hold
2022-01-27,1,1,-0.0004793161771092,-0.0004793161771092,0.8440688113434488,flip
2022-01-28,-1,-1,0.0139107178709299,-0.0139107178709299,0.8314831394338554,flip
2022-01-31,-1,-1,0.0136679386118703,-0.0136679386118703,0.8201184789272683,hold
2022-02-01,-1,-1,0.0115578385853996,-0.0115578385853996,0.8106396819269235,hold
2022-02-02,-1,-1,-0.0123622486642295,0.0123622486642295,0.820661011251996,hold
2022-02-03,-1,-1,-0.0024998826581151,0.0024998826581151,0.822712567482216,hold
2022-02-04,-1,-1,-0.0172811129276234,0.0172811129276234,0.8369299562678512,hold
2022-02-07,-1,-1,0.0030876976246183,-0.0030876976246183,0.834345769629911,hold
2022-02-08,-1,-1,0.0114121523303458,-0.0114121523303458,0.8248240886107149,hold
2022-02-09,-1,-1,0.008133901085124,-0.008133901085124,0.8181150510613278,hold
2022-02-10,-1,-1,-0.0131262969128136,0.0131262969128136,0.8288538721304004,hold
2022-02-11,-1,-1,-0.0306162228952934,0.0306162228952934,0.8542302470271717,hold
2022-02-14,-1,-1,0.0302591263839775,-0.0302591263839775,0.8283819860213602,hold
2022-02-15,-1,-1,-0.0017432697608654,0.0017432697608654,0.8298260792880369,hold
2022-02-16,-1,-1,-0.0010160147191904,0.0010160147191904,0.8306691947989616,hold
2022-02-17,-1,-1,-0.0016353356196504,0.0016353356196504,0.8320276177213626,hold
2022-02-18,-1,-1,-0.004031556958107,0.004031556958107,0.8353819844529244,hold
2022-02-21,1,1,-0.0066515660675804,-0.0066515660675804,0.8289900040072165,flip
2022-02-22,0,1,-0.0016937094155936,-0.0016937094155936,0.8275859358319965,hold
2022-02-23,-1,-1,-0.0477810384708364,0.0477810384708364,0.8663012653340763,flip
2022-02-24,-1,-1,0.0252616601096495,-0.0252616601096495,0.8444170572166475,hold
2022-02-25,-1,-1,0.0081340342903666,-0.0081340342903666,0.8375485399178768,hold
2022-02-28,-1,-1,-0.0111916331229355,0.0111916331229355,0.846922075899288,hold
2022-03-02,1,1,-0.006497577228417,-0.006497577228417,0.8405722122287819,flip
2022-03-03,1,1,-0.0153170320073322,-0.0153170320073322,0.8276971407495995,hold
2022-03-04,1,1,-0.0235266847399477,-0.0235266847399477,0.8082241710590277,hold
2022-03-07,1,1,0.0094747765094835,0.0094747765094835,0.8158819144493746,hold
2022-03-08,-1,-1,0.0207262900882942,-0.0207262900882942,0.7981558272982547,flip
2022-03-09,-1,-1,0.0152673871904744,-0.0152673871904744,0.7859700732445589,hold
2022-03-10,-1,-1,0.0021421537513466,-0.0021421537513466,0.7842864045037119,hold
2022-03-11,-1,-1,0.014482565042708,-0.014482565042708,0.7729279256383753,hold
2022-03-14,-1,-1,-0.0123464565033122,0.0123464565033122,0.7824708466524649,hold
2022-03-15,-1,-1,0.0187451004846066,-0.0187451004846066,0.7678033520056892,hold
2022-03-16,-1,-1,0.0183619883565082,-0.0183619883565082,0.7537049557960728,hold
2022-03-17,-1,-1,-0.0098022024704637,0.0098022024704637,0.7610929243757777,hold
2022-03-21,-1,-1,0.0115612232521558,-0.0115612232521558,0.7522937591614332,hold
2022-03-22,-1,-1,-0.004033935455228,0.004033935455228,0.7553284636292611,hold
2022-03-23,-1,-1,-0.0013278937068936,0.0013278937068936,0.756331459542752,hold
2022-03-24,-1,-1,-0.0040498758909001,0.0040498758909001,0.7593945080862835,hold
2022-03-25,-1,-1,0.0040226199498629,-0.0040226199498629,0.7563397525882394,hold
2022-03-28,-1,-1,0.005998187274997,-0.005998187274997,0.7518030851086902,hold
2022-03-29,-1,-1,0.0099824655821947,-0.0099824655821947,0.7442982366870049,hold
2022-03-30,-1,-1,-0.0019144771620018,0.0019144771620018,0.7457231786628604,hold
2022-03-31,-1,-1,0.0117779652585923,-0.0117779652585923,0.7369400769720422,hold
2022-04-01,-1,-1,0.0216718413399843,-0.0216718413399843,0.7209692285468283,hold
2022-04-04,-1,-1,-0.005317557796472,0.005317557796472,0.7248030240891038,hold
2022-04-05,-1,-1,-0.0083391803235717,0.0083391803235717,0.730847287206053,hold
2022-04-06,-1,-1,-0.0094397411049521,0.0094397411049521,0.7377462963845346,hold
2022-04-07,-1,-1,0.0082087593907955,-0.0082087593907955,0.7316903145460635,hold
2022-04-08,-1,-1,-0.006151497975913,0.006151497975913,0.7361913060349887,hold
2022-04-11,-1,-1,-0.0081838106412522,0.0081838106412522,0.7422161562793153,hold
2022-04-12,-1,-1,-0.0031174816283502,0.0031174816283502,0.7445300015107806,hold
2022-04-13,-1,-1,-0.0172811880101475,0.0172811880101475,0.7573963644460838,hold
2022-04-18,0,-1,-0.0125191788064678,0.0125191788064678,0.766878344959953,hold
2022-04-19,-1,-1,0.010490244596548,-0.010490244596548,0.7588336035455272,hold
2022-04-20,-1,-1,0.014941678252146,-0.014941678252146,0.7474953559944334,hold
2022-04-21,-1,-1,-0.0126864526051679,0.0126864526051679,0.75697842040084,hold
2022-04-22,-1,-1,-0.0126951225643019,0.0126951225643019,0.7665883542263603,hold
2022-04-25,1,1,0.0145601216162072,0.0145601216162072,0.776983385539238,flip
2022-04-26,-1,-1,-0.0094414436101153,0.0094414436101153,0.783542246974264,flip
2022-04-27,-1,-1,0.0121285088909346,-0.0121285088909346,0.7740390478654138,hold
2022-04-28,-1,-1,-0.0082632403816946,0.0082632403816946,0.7804351185827437,hold
2022-04-29,-1,-1,-0.0019559171203674,0.0019559171203674,0.7819615849925157,hold
2022-05-02,-1,-1,-0.0229361834519363,0.0229361834519363,0.799896799358271,hold
2022-05-04,-1,-1,0.0003028482136697,-0.0003028482136697,0.7996545520414652,hold
2022-05-05,-1,-1,-0.0162684216398562,0.0162684216398562,0.812663669460306,hold
2022-05-06,1,1,-0.0066661826871809,-0.0066661826871809,0.8064336413069885,flip
2022-05-09,1,1,-0.0037909688880922,-0.0037909688880922,0.8033764764624828,hold
2022-05-10,1,1,-0.0044919933245182,-0.0044919933245182,0.7997677146931383,hold
2022-05-11,1,1,-0.0222117521417858,-0.0222117521417858,0.7820034724433719,hold
2022-05-12,1,1,-0.0016352232651188,-0.0016352232651188,0.7807247221718288,hold
2022-05-13,-1,-1,0.0038112305721171,-0.0038112305721171,0.7769684755201081,flip
2022-05-16,-1,-1,0.0263219359020472,-0.0263219359020472,0.7565171611095565,hold
2022-05-17,-1,-1,-0.0011685620062508,0.0011685620062508,0.7574011983211058,hold
2022-05-18,-1,-1,-0.0265327253341793,0.0265327253341793,0.777497116283938,hold
2022-05-19,-1,-1,0.0288910387942893,-0.0288910387942893,0.7550344169349307,hold
2022-05-20,-1,-1,-0.0031630222318707,0.0031630222318707,0.7574226075815234,hold
2022-05-23,-1,-1,-0.0055227542667355,0.0055227542667355,0.7616056665192662,hold
2022-05-24,-1,-1,-0.0061612191843656,0.0061612191843656,0.7662980859627463,hold
2022-05-25,-1,-1,0.0090073873189953,-0.0090073873189953,0.7593957423006751,hold
2022-05-26,-1,-1,0.0112738471989222,-0.0112738471989222,0.7508344307384651,hold
2022-05-27,-1,-1,0.0188932050929628,-0.0188932050929628,0.7366487618476654,hold
2022-05-30,-1,-1,-0.0046124339835348,0.0046124339835348,0.7400465056307404,hold
2022-05-31,-1,-1,-0.0037264067061659,0.0037264067061659,0.7428042198921975,hold
2022-06-01,-1,-1,0.0063700049931154,-0.0063700049931154,0.738072553302577,hold
2022-06-02,-1,-1,-0.0026280502014673,0.0026280502014673,0.7400122450249813,hold
2022-06-03,-1,-1,-0.0008893953501298,0.0008893953501298,0.7406704084747457,hold
2022-06-06,-1,-1,-0.0092459460064759,0.0092459460064759,0.7475186070800978,hold
2022-06-07,-1,-1,-0.0036609606157923,0.0036609606157923,0.7502552432601899,hold
2022-06-08,-1,-1,0.0074497277416889,-0.0074497277416889,0.7446660459611268,hold
2022-06-09,-1,-1,-0.0167676984141,0.0167676984141,0.7571523816390234,hold
2022-06-10,0,-1,-0.0263797491152091,0.0263797491152091,0.777125871508644,hold
2022-06-13,0,-1,-0.0026816094559853,0.0026816094559853,0.7792098195941725,hold
2022-06-14,-1,-1,-0.002539344381356,0.002539344381356,0.7811885016714563,hold
2022-06-15,-1,-1,-0.0211284478542902,0.0211284478542902,0.7976938021933927,hold
2022-06-16,1,1,-0.0043682936266399,-0.0043682936266399,0.7934115476390677,flip
2022-06-17,1,1,0.0037042135956451,0.0037042135956451,0.7963505134807742,hold
2022-06-20,-1,-1,0.018804337854487,-0.018804337854487,0.7805793188612068,flip
2022-06-21,-1,-1,-0.0144192650853174,0.0144192650853174,0.791834698979983,hold
2022-06-22,1,1,0.0093004475196092,0.0093004475196092,0.798407281343072,flip
2022-06-23,-1,-1,0.0091664725885294,-0.0091664725885294,0.7902902956028154,flip
2022-06-24,-1,-1,0.008458990377725,-0.008458990377725,0.7836052375967018,hold
2022-06-27,-1,-1,0.0011464333961117,-0.0011464333961117,0.7827068863829529,hold
2022-06-28,-1,-1,-0.0032239710103227,0.0032239710103227,0.7852303106942315,hold
2022-06-29,-1,-1,-0.0011930812414028,0.0011930812414028,0.7861671542481017,hold
2022-06-30,-1,-1,-0.0017870563085186,0.0017870563085186,0.7875720792206508,hold
2022-07-01,-1,-1,0.0052881882498054,-0.0052881882498054,0.7834072498054413,hold
2022-07-04,-1,-1,-0.0015471713984448,0.0015471713984448,0.7846193150956745,hold
2022-07-05,-1,-1,0.0113181897073002,-0.0113181897073002,0.7757388448394097,hold
2022-07-06,-1,-1,0.0089494920315105,-0.0089494920315105,0.7687963762289862,hold
2022-07-07,1,1,0.0054360478665673,0.0054360478665673,0.7722067937535816,flip
2022-07-08,-1,-1,-0.0002835659276332,0.0002835659276332,0.7716535584956234,flip
2022-07-11,-1,-1,-0.0097249750439381,0.0097249750439381,0.7791578700945594,hold
2022-07-12,-1,-1,-0.0057072925015229,0.0057072925015229,0.7836047519640527,hold
2022-07-13,-1,-1,-0.0017536552323109,0.0017536552323109,0.7849789245373981,hold
2022-07-14,-1,-1,0.0069359576863876,-0.0069359576863876,0.7795343439321007,hold
2022-07-15,-1,-1,0.0142873041582765,-0.0142873041582765,0.7683968996585203,hold
2022-07-18,-1,-1,0.0038117642711243,-0.0038117642711243,0.7654679518103593,hold
2022-07-19,-1,-1,0.0110338885069691,-0.0110338885069691,0.7570218637744258,hold
2022-07-20,-1,-1,0.005108719746296,-0.005108719746296,0.7531544512305836,hold
2022-07-21,-1,-1,0.0068772959606149,-0.0068772959606149,0.7479747851654163,hold
2022-07-22,-1,-1,-0.0052901993117577,0.0052901993117577,0.7519317208591105,hold
2022-07-25,-1,-1,-0.008847958067765,0.008847958067765,0.7585847811950943,hold
2022-07-26,-1,-1,0.0095821774414373,-0.0095821774414373,0.751315887217309,hold
2022-07-27,-1,-1,0.0172937311236929,-0.0172937311236929,0.7383228322748141,hold
2022-07-28,-1,-1,0.0135059538264792,-0.0135059538264792,0.7283510781930751,hold
2022-07-29,-1,-1,0.0105955316684394,-0.0105955316684394,0.7206338112783384,hold
2022-08-01,-1,-1,0.0003113276638058,-0.0003113276638058,0.7204094580374136,hold
2022-08-02,-1,-1,0.0024618083588656,-0.0024618083588656,0.7186359480118113,hold
2022-08-03,-1,-1,-0.0003537116074355,0.0003537116074355,0.7188901378881435,hold
2022-08-04,-1,-1,0.0008917270739845,-0.0008917270739845,0.7182490840889681,hold
2022-08-05,-1,-1,0.0073343646716481,-0.0073343646716481,0.7129811833811824,hold
2022-08-08,-1,-1,0.0005506610997998,-0.0005506610997998,0.7125885723786052,hold
2022-08-10,-1,-1,0.0070859293688247,-0.0070859293688247,0.7075392200856988,hold
2022-08-11,-1,-1,0.0022170219505635,-0.0022170219505635,0.7059705901038842,hold
2022-08-12,-1,-1,0.0071815193435313,-0.0071815193435313,0.7009006486550889,hold
2022-08-16,-1,-1,0.0066759231988331,-0.0066759231988331,0.6962214897546553,hold
2022-08-17,-1,-1,0.000682669936052,-0.000682669936052,0.6957462002747664,hold
2022-08-18,-1,-1,-0.011029475746944,0.011029475746944,0.7034199161167254,hold
2022-08-19,-1,-1,-0.0150773300473388,0.0150773300473388,0.7140256103538887,hold
2022-08-22,-1,-1,0.0049626821755044,-0.0049626821755044,0.7104821281845317,hold
2022-08-23,-1,-1,0.0015616110795051,-0.0015616110795051,0.7093726314213683,hold
2022-08-24,-1,-1,-0.0046861822192667,0.0046861822192667,0.7126968808335696,hold
2022-08-25,-1,-1,0.0020802555293466,-0.0020802555293466,0.7112142892064675,hold
2022-08-26,-1,-1,-0.0140099889245538,0.0140099889245538,0.7211783935212345,hold
2022-08-29,0,-1,0.0257842637890255,-0.0257842637890255,0.7025833395837373,hold
2022-08-30,1,1,-0.0121907952721076,-0.0121907952721076,0.6933157065896945,flip
2022-09-01,-1,-1,-0.0001910505934481,0.0001910505934481,0.6927548492602957,flip
2022-09-02,-1,-1,0.0072038500710118,-0.0072038500710118,0.6877643471902583,hold
2022-09-05,1,1,-0.0005774531254664,-0.0005774531254664,0.6866794311711986,flip
2022-09-06,0,1,-0.0017671004916441,-0.0017671004916441,0.685465999610774,hold
2022-09-07,-1,-1,0.0098925129655895,-0.0098925129655895,0.6779995523225429,flip
2022-09-08,1,1,0.0019439347917691,0.0019439347917691,0.6786395396887842,flip
2022-09-09,0,1,0.005775695663245,0.005775695663245,0.6825591551350714,hold
2022-09-12,0,1,0.0074542019299801,0.0074542019299801,0.6876470889066049,hold
2022-09-13,0,1,-0.0036690976717561,-0.0036690976717561,0.6851240445737078,hold
2022-09-14,-1,-1,-0.0070179606679163,0.0070179606679163,0.6892470941265962,flip
2022-09-15,-1,-1,-0.0193848531485446,0.0193848531485446,0.7026080478293014,hold
2022-09-16,0,-1,0.0052136885924867,-0.0052136885924867,0.6989448682653444,hold
2022-09-19,-1,-1,0.0110088098852303,-0.0110088098852303,0.6912503170903539,hold
2022-09-20,-1,-1,-0.0054950054374517,0.0054950054374517,0.6950487413414056,hold
2022-09-21,0,-1,-0.0049975776569025,0.0049975776569025,0.6985223014015915,hold
2022-09-22,-1,-1,-0.0171556772324205,0.0171556772324205,0.7105059245440847,hold
2022-09-23,0,-1,-0.0179513217622564,0.0179513217622564,0.723260445009565,hold
2022-09-26,0,-1,-0.0005230508522044,0.0005230508522044,0.7236387470016931,hold
2022-09-27,-1,-1,-0.0087491784653945,0.0087491784653945,0.7299699915436854,hold
2022-09-28,1,1,-0.0024023347691036,-0.0024023347691036,0.727486389261054,flip
2022-09-29,-1,-1,0.016425755966269,-0.016425755966269,0.7148093889730087,flip
2022-09-30,-1,-1,-0.0121092644487904,0.0121092644487904,0.7234652048945611,hold
2022-10-03,-1,-1,0.0229136709327191,-0.0229136709327191,0.706887961258335,hold
2022-10-04,-1,-1,0.0033286441360573,-0.0033286441360573,0.7045349827912429,hold
2022-10-06,-1,-1,-0.0009895331040011,0.0009895331040011,0.7052321434796417,hold
2022-10-07,-1,-1,-0.0042536458411471,0.0042536458411471,0.7082319512537971,hold
2022-10-10,-1,-1,-0.0149323831999303,0.0149323831999303,0.7188075421443533,hold
2022-10-11,-1,-1,0.0082461453396196,-0.0082461453396196,0.7128801506806162,hold
2022-10-12,-1,-1,-0.0063800837728176,0.0063800837728176,0.7174283857619373,hold
2022-10-13,-1,-1,0.0100708880038873,-0.0100708880038873,0.7102032448381193,hold
2022-10-14,-1,-1,0.0073375869608156,-0.0073375869608156,0.7049920667692662,hold
2022-10-17,-1,-1,0.010117285874136,-0.010117285874136,0.6978594604907635,hold
2022-10-18,-1,-1,0.0014468379208691,-0.0014468379208691,0.6968497709598882,hold
2022-10-19,-1,-1,0.002952174549244,-0.002952174549244,0.694792548801414,hold
2022-10-20,-1,-1,0.0007032337856462,-0.0007032337856462,0.6943039472070816,hold
2022-10-21,-1,-1,0.0087873563767617,-0.0087873563767617,0.6882028509891807,hold
2022-10-24,1,1,-0.004196122026705,-0.004196122026705,0.6846268649963145,flip
2022-10-25,-1,-1,0.0045649078749665,-0.0045649078749665,0.6808169795638829,flip
2022-10-27,-1,-1,0.0028106052447454,-0.0028106052447454,0.6789034717904089,hold
2022-10-28,-1,-1,0.0126722303955641,-0.0126722303955641,0.6703002505795325,hold
2022-10-31,-1,-1,0.0073950532223929,-0.0073950532223929,0.6653433445515136,hold
2022-11-01,-1,-1,-0.0034471976315451,0.0034471976315451,0.6676369145530159,hold
2022-11-02,-1,-1,-0.0016673473084335,0.0016673473084335,0.6687500971655067,hold
2022-11-03,-1,-1,0.0035701681556883,-0.0035701681556883,0.6663625468644929,hold
2022-11-04,-1,-1,0.0047275862251119,-0.0047275862251119,0.6632122604670059,hold
2022-11-07,-1,-1,-0.0025161392359563,0.0025161392359563,0.6648809948573342,hold
2022-11-09,-1,-1,-0.0070937259046097,0.0070937259046097,0.6695974783940364,hold
2022-11-10,-1,-1,0.0178331732470333,-0.0178331732470333,0.6576564305560589,hold
2022-11-11,-1,-1,-0.0011198455015547,0.0011198455015547,0.6583929041513856,hold
2022-11-14,-1,-1,0.0040509242609507,-0.0040509242609507,0.655725804362721,hold
2022-11-15,-1,-1,0.0003396111515991,-0.0003396111515991,0.6555031125671681,hold
2022-11-16,-1,-1,-0.0035714963948192,0.0035714963948192,0.6578442395704945,hold
2022-11-17,-1,-1,-0.0019761337135545,0.0019761337135545,0.6591442277505773,hold
2022-11-18,-1,-1,-0.0080677295405768,0.0080677295405768,0.6644620251083014,hold
2022-11-21,-1,-1,0.0046393301536886,-0.0046393301536886,0.6613793663992356,hold
2022-11-22,-1,-1,0.0012634580983039,-0.0012634580983039,0.6605437412827073,hold
2022-11-23,-1,-1,0.0118709498898301,-0.0118709498898301,0.6527024596298995,hold
2022-11-24,0,-1,0.0015500019600884,-0.0015500019600884,0.6516907695381187,hold
2022-11-25,-1,-1,0.0027008413120686,-0.0027008413120686,0.6499306561850563,hold
2022-11-28,0,-1,0.0029791265437502,-0.0029791265437502,0.6479944305156184,hold
2022-11-29,0,-1,0.0075356346254191,-0.0075356346254191,0.6431113812479462,hold
2022-11-30,0,-1,0.0028867353340049,-0.0028867353340049,0.641254888899997,hold
2022-12-01,-1,-1,-0.006187396179402,0.006187396179402,0.6452225869495997,hold
2022-12-02,-1,-1,0.0002648237856262,-0.0002648237856262,0.6450517166615521,hold
2022-12-05,-1,-1,-0.0031175136590962,0.0031175136590962,0.6470626741990679,hold
2022-12-06,-1,-1,-0.0044119027503989,0.0044119027503989,0.6499174517910472,hold
2022-12-07,-1,-1,0.0026319123609277,-0.0026319123609277,0.6482069260160956,hold
2022-12-08,-1,-1,-0.0060587824059793,0.0060587824059793,0.6521342707348758,hold
2022-12-09,0,-1,2.977743269738653e-05,-2.977743269738653e-05,0.6521148518505194,hold
2022-12-12,-1,-1,0.0059927938646799,-0.0059927938646799,0.648206861967283,hold
2022-12-13,-1,-1,0.0028106610731943,-0.0028106610731943,0.6463849721729742,hold
2022-12-14,-1,-1,-0.0131509343553336,0.0131509343553336,0.6548855385102951,hold
2022-12-15,0,-1,-0.0079229530179417,0.0079229530179417,0.6600741658640416,hold
2022-12-16,0,-1,0.0082899566889265,-0.0082899566889265,0.6546021796175493,hold
2022-12-19,0,-1,-0.0019081205394395,0.0019081205394395,0.6558512394816395,hold
2022-12-20,-1,-1,-0.0101277196435586,0.0101277196435586,0.6624935169629899,hold
2022-12-21,1,1,-0.0039425027358517,-0.0039425027358517,0.6592191409429162,flip
2022-12-22,-1,-1,-0.0176831602541178,0.0176831602541178,0.6702169995138488,flip
2022-12-23,-1,-1,0.0116696328935068,-0.0116696328935068,0.6623958131705346,hold
2022-12-26,-1,-1,0.0065336546149905,-0.0065336546149905,0.6580679477088627,hold
2022-12-27,-1,-1,-0.0005405150382313,0.0005405150382313,0.6584236433307774,hold
2022-12-28,-1,-1,0.0037798317009243,-0.0037798317009243,0.6559349127710776,hold
2022-12-29,-1,-1,-0.0047110779368918,0.0047110779368918,0.6590250732666705,hold
2022-12-30,-1,-1,0.0050895833553579,-0.0050895833553579,0.6556709102230089,hold
2023-01-02,-1,-1,0.0019289276248581,-0.0019289276248581,0.6544061684914639,hold
2023-01-03,-1,-1,-0.0103990694870288,0.0103990694870288,0.6612113837103469,hold
2023-01-04,-1,-1,-0.0028154392892826,0.0028154392892826,0.6630729842185659,hold
2023-01-05,-1,-1,-0.0073755037054461,0.0073755037054461,0.6679634814706511,hold
2023-01-06,-1,-1,0.0135362517084902,-0.0135362517084902,0.658921759653385,hold
2023-01-09,-1,-1,-0.0103335047509585,0.0103335047509585,0.6657307307872732,hold
2023-01-10,0,-1,-0.0010299775022909,0.0010299775022909,0.6664164184625677,hold
2023-01-11,-1,-1,-0.0020954755408891,0.0020954755408891,0.667812877767503,hold
2023-01-12,-1,-1,0.0055100959183882,-0.0055100959183882,0.6641331647554691,hold
2023-01-13,1,1,-0.0034388470725693,-0.0034388470725693,0.6611851792012982,flip
2023-01-16,-1,-1,0.0088545685118242,-0.0088545685118242,0.6546694845538562,flip
2023-01-17,1,1,0.00620655632356,0.00620655632356,0.658078058098502,flip
2023-01-18,1,1,-0.003165367099256,-0.003165367099256,0.6559949994646547,hold
2023-01-19,-1,-1,-0.0044289753051891,0.0044289753051891,0.6582443901181466,flip
2023-01-20,-1,-1,0.0050422760956287,-0.0050422760956287,0.6549253401647722,hold
2023-01-23,0,-1,-1.3798013043020418e-05,1.3798013043020418e-05,0.654934376833158,hold
2023-01-24,-1,-1,-0.0124929796250122,0.0124929796250122,0.6631164586586548,hold
2023-01-25,0,-1,-0.0160742469061787,0.0160742469061787,0.6737755563426848,hold
2023-01-27,0,-1,0.0025334426073457,-0.0025334426073457,0.6720685846404583,hold
2023-01-30,-1,-1,0.0007479862801675,-0.0007479862801675,0.6715658865598156,hold
2023-01-31,-1,-1,-0.0025959245256645,0.0025959245256645,0.673309220915336,hold
2023-02-01,-1,-1,-0.0003349392530399,0.0003349392530399,0.6735347386028542,hold
2023-02-02,-1,-1,0.0138355963078902,-0.0138355963078902,0.6642159838602048,hold
2023-02-03,1,1,-0.0050101331608701,-0.0050101331608701,0.6602239573496266,flip
2023-02-06,-1,-1,-0.0024261514654264,0.0024261514654264,0.6611655367139104,flip
2023-02-07,-1,-1,0.0084755364246817,-0.0084755364246817,0.6555618041247475,hold
2023-02-08,1,1,0.0012170079483646,0.0012170079483646,0.6557040662468869,flip
2023-02-09,-1,-1,-0.0020649578680046,0.0020649578680046,0.6564023634513192,flip
2023-02-10,-1,-1,-0.0047937507000251,0.0047937507000251,0.6595489927406121,hold
2023-02-13,-1,-1,0.0089443537049958,-0.0089443537049958,0.6536497532637663,hold
2023-02-14,1,1,0.0047964707944361,0.0047964707944361,0.6561313154618226,flip
2023-02-15,0,1,0.0011101336008929,0.0011101336008929,0.6568597088817149,hold
2023-02-16,-1,-1,-0.0050815676893513,0.0050815676893513,0.6595407262459232,flip
2023-02-17,-1,-1,-0.0055505184801407,0.0055505184801407,0.6632015192353566,hold
2023-02-20,-1,-1,-0.001003126492992,0.001003126492992,0.6638667942494941,hold
2023-02-21,-1,-1,-0.0152803631315826,0.0152803631315826,0.674010919936626,hold
2023-02-22,0,-1,-0.0024524349779846,0.0024524349779846,0.6756638878922222,hold
2023-02-23,-1,-1,-0.002595429723749,0.002595429723749,0.6774175260301214,hold
2023-02-24,-1,-1,-0.0041854114458053,0.0041854114458053,0.680252797097157,hold
2023-02-27,-1,-1,-0.0051027157362857,0.0051027157362857,0.6837239337495571,hold
2023-02-28,-1,-1,0.008492348770636,-0.008492348770636,0.6779175116413246,hold
2023-03-01,-1,-1,-0.0073921687198044,0.0073921687198044,0.6829287922654873,hold
2023-03-02,-1,-1,0.0157285986298278,-0.0157285986298278,0.6721872793991904,hold
2023-03-03,1,1,0.0066555236183669,0.0066555236183669,0.6759888504337984,flip
2023-03-06,-1,-1,0.0024250512391459,-0.0024250512391459,0.6736735539839713,flip
2023-03-08,-1,-1,-0.0092822498999752,0.0092822498999752,0.679926760263055,hold
2023-03-09,-1,-1,-0.010045664635585,0.010045664635585,0.6867570764734175,hold
2023-03-10,-1,-1,-0.0148510359316261,0.0148510359316261,0.6969561304924228,hold
2023-03-13,-1,-1,-0.0064706805258611,0.0064706805258611,0.7014659109533796,hold
2023-03-14,-1,-1,-0.0041746837386849,0.0041746837386849,0.7043943092850785,hold
2023-03-15,-1,-1,0.0007924286811309,-0.0007924286811309,0.7038361270315756,hold
2023-03-16,-1,-1,0.0067381296219788,-0.0067381296219788,0.6990935879750053,hold
2023-03-17,-1,-1,-0.0065292432199922,0.0065292432199922,0.7036581400444311,hold
2023-03-20,1,1,0.007010642946744,0.007010642946744,0.7078875778808082,flip
2023-03-21,-1,-1,0.0025953757489405,-0.0025953757489405,0.7053424560503193,flip
2023-03-22,-1,-1,-0.0043726933046436,0.0043726933046436,0.7084267022853713,hold
2023-03-23,-1,-1,-0.0077209333285906,0.0077209333285906,0.7138964176219099,hold
2023-03-24,-1,-1,0.0023988383407489,-0.0023988383407489,0.7121838955239952,hold
2023-03-27,-1,-1,-0.0020016838613549,0.0020016838613549,0.7136094625339824,hold
2023-03-28,-1,-1,0.0076098565893214,-0.0076098565893214,0.708178996863316,hold
2023-03-29,-1,-1,0.0163371989446239,-0.0163371989446239,0.6966093357031558,hold
2023-03-31,-1,-1,0.0022062979737611,-0.0022062979737611,0.6950724079372907,hold
2023-04-03,-1,-1,0.0091389548173612,-0.0091389548173612,0.6887201726063574,hold
2023-04-05,-1,-1,0.0023978747854371,-0.0023978747854371,0.6870687078702428,hold
2023-04-06,-1,-1,0.001414863221935,-0.001414863221935,0.6860965996245348,hold
2023-04-10,-1,-1,0.0055747683219642,-0.0055747683219642,0.6822717700351406,hold
2023-04-11,-1,-1,0.0050839679614469,-0.0050839679614469,0.6788031222152823,hold
2023-04-12,-1,-1,0.0008757724412713,-0.0008757724412713,0.6782086451477972,hold
2023-04-13,-1,-1,-0.0067955121508301,0.0067955121508301,0.6828174202366971,hold
2023-04-17,-1,-1,-0.0026373533282438,0.0026373533282438,0.6846182510325411,hold
2023-04-18,-1,-1,-0.0023442830162407,0.0023442830162407,0.6862231899710453,hold
2023-04-19,-1,-1,0.0003234746363958,-0.0003234746363958,0.686001214174183,hold
2023-04-20,-1,-1,-2.260708945023282e-05,2.260708945023282e-05,0.6860167226649948,hold
2023-04-21,-1,-1,0.0067719737565652,-0.0067719737565652,0.6813710354225425,hold
2023-04-24,-1,-1,0.0014568576938982,-0.0014568576938982,0.6803783747871878,hold
2023-04-25,-1,-1,0.0024958627615121,-0.0024958627615121,0.6786802437378183,hold
2023-04-26,-1,-1,0.0056951528101938,-0.0056951528101938,0.6748150560404719,hold
2023-04-27,-1,-1,0.0083700136036979,-0.0083700136036979,0.669166844841433,hold
2023-04-28,1,1,0.0045751669319125,0.0045751669319125,0.6715592280170424,flip
2023-05-02,-1,-1,-0.0031850283648763,0.0031850283648763,0.6730266039789541,flip
2023-05-03,-1,-1,0.0091737176073036,-0.0091737176073036,0.6668524479718486,hold
2023-05-04,0,-1,-0.0102324068655403,0.0102324068655403,0.6736759535387782,hold
2023-05-05,-1,-1,0.0108141231183243,-0.0108141231183243,0.6663907388353553,hold
2023-05-08,-1,-1,8.480038171931881e-05,-8.480038171931881e-05,0.6663342286463279,hold
2023-05-09,-1,-1,0.0026908205008338,-0.0026908205008338,0.664541242843479,hold
2023-05-10,-1,-1,-0.0009882342854272,0.0009882342854272,0.6651979652837374,hold
2023-05-11,-1,-1,0.0009728797753729,-0.0009728797753729,0.6645508076366937,hold
2023-05-12,-1,-1,0.0045891205221868,-0.0045891205221868,0.6615011038873323,hold
2023-05-15,-1,-1,-0.0061063388070606,0.0061063388070606,0.6655404537489129,hold
2023-05-16,-1,-1,-0.0057282694884204,0.0057282694884204,0.6693528488234323,hold
2023-05-17,-1,-1,-0.0028490536527011,0.0028490536527011,0.6712598710023185,hold
2023-05-18,-1,-1,0.0040513721791914,-0.0040513721791914,0.6685403474359322,hold
2023-05-19,-1,-1,0.0060977618257063,-0.0060977618257063,0.6644637476263929,hold
2023-05-22,-1,-1,0.0018346005688616,-0.0018346005688616,0.6632447220570096,hold
2023-05-23,-1,-1,-0.0034117947119577,0.0034117947119577,0.6655075768924574,hold
2023-05-24,-1,-1,0.0019551116867164,-0.0019551116867164,0.6642064352512767,hold
2023-05-25,-1,-1,0.0097264208278746,-0.0097264208278746,0.6577460839454403,hold
2023-05-26,0,-1,0.0053677985089635,-0.0053677985089635,0.6542154354967614,hold
2023-05-29,0,-1,0.0018925684396833,-0.0018925684396833,0.6529772880107866,hold
2023-05-30,0,-1,-0.0053370195013254,0.0053370195013254,0.6564622405308227,hold
2023-05-31,0,-1,-0.0025169624936233,0.0025169624936233,0.6581145313687187,hold
2023-06-01,-1,-1,0.0025070443604549,-0.0025070443604549,0.6564646090443172,hold
2023-06-02,-1,-1,0.0032237875731377,-0.0032237875731377,0.6543483065954755,hold
2023-06-05,-1,-1,0.0002769943144211,-0.0002769943144211,0.6541670558348975,hold
2023-06-06,-1,-1,0.0068498516385289,-0.0068498516385289,0.6496861085556153,hold
2023-06-07,0,-1,-0.0049048192636628,0.0049048192636628,0.6528727014961929,hold
2023-06-08,-1,-1,-0.0038181972541345,0.0038181972541345,0.655365498252345,hold
2023-06-09,-1,-1,0.0020524046550352,-0.0020524046550352,0.6540204230529825,hold
2023-06-12,-1,-1,0.0061635024393194,-0.0061635024393194,0.6499893665801307,hold
2023-06-13,0,-1,0.0021238341844009,-0.0021238341844009,0.6486088969438908,hold
2023-06-14,-1,-1,-0.0036149041015322,0.0036149041015322,0.6509535559057434,hold
2023-06-15,-1,-1,0.007379048352023,-0.007379048352023,0.6461501381417937,hold
2023-06-16,0,-1,-0.0037475183921172,0.0037475183921172,0.6485715976685491,hold
2023-06-19,-1,-1,0.0032657175674986,-0.0032657175674986,0.6464535460082623,hold
2023-06-20,-1,-1,0.002133763746672,-0.002133763746672,0.6450741668678823,hold
2023-06-21,-1,-1,-0.0045394438174043,0.0045394438174043,0.6480024448064379,hold
2023-06-22,-1,-1,-0.0056336152360657,0.0056336152360657,0.6516530412525072,hold
2023-06-23,-1,-1,0.0013768299134766,-0.0013768299134766,0.6507558258521028,hold
2023-06-26,-1,-1,0.0067519034171119,-0.0067519034171119,0.6463619853678265,hold
2023-06-27,0,-1,0.0082210728123248,-0.0082210728123248,0.6410481964229988,hold
2023-06-28,0,-1,0.0114352747635688,-0.0114352747635688,0.6337176341602117,hold
2023-06-30,0,-1,0.0069570924336936,-0.0069570924336936,0.6293088020024975,hold
2023-07-03,0,-1,0.0034389465191355,-0.0034389465191355,0.6271446426883898,hold
2023-07-04,-1,-1,0.0004899685388621,-0.0004899685388621,0.6268373615441566,hold
2023-07-05,-1,-1,0.0050932175812563,-0.0050932175812563,0.6236447424737516,hold
2023-07-06,-1,-1,-0.0084883544577184,0.0084883544577184,0.6289384601035612,hold
2023-07-07,-1,-1,0.0012466303397029,-0.0012466303397029,0.6281544063373902,hold
2023-07-10,-1,-1,0.0043139300324381,-0.0043139300324381,0.625444592178883,hold
2023-07-11,-1,-1,-0.0028344294714754,0.0028344294714754,0.6272173707637299,hold
2023-07-12,-1,-1,0.0015192303855748,-0.0015192303855748,0.6262644830757053,hold
2023-07-13,-1,-1,0.0077651149314275,-0.0077651149314275,0.6214014673871514,hold
2023-07-14,-1,-1,0.0075110132510414,-0.0075110132510414,0.6167341127313899,hold
2023-07-17,-1,-1,0.0019177068530324,-0.0019177068530324,0.615551397496906,hold
2023-07-18,-1,-1,0.0042482823714824,-0.0042482823714824,0.6129363613461786,hold
2023-07-19,-1,-1,0.0073614124394989,-0.0073614124394989,0.6084242839911436,hold
2023-07-20,-1,-1,-0.011719737128305,0.011719737128305,0.615554856661997,hold
2023-07-21,-1,-1,-0.0036794322929856,0.0036794322929856,0.6178197490797034,hold
2023-07-24,-1,-1,0.0004193703428323,-0.0004193703428323,0.6175606537997232,hold
2023-07-25,-1,-1,0.0049643391875346,-0.0049643391875346,0.6144948732453858,hold
2023-07-26,-1,-1,-0.0059863783008722,0.0059863783008722,0.6181734720205792,hold
2023-07-27,-1,-1,-0.0007044597937843,0.0007044597937843,0.6186089503772016,hold
2023-07-28,-1,-1,0.0054845628365591,-0.0054845628365591,0.6152161507176,hold
2023-07-31,0,-1,-0.0010251191770254,0.0010251191770254,0.6158468205917165,hold
2023-08-01,-1,-1,-0.0104897492749598,0.0104897492749598,0.6223068993315047,hold
2023-08-02,0,-1,-0.0074206854169113,0.0074206854169113,0.6269248430642173,hold
2023-08-03,0,-1,0.0069833892701145,-0.0069833892701145,0.6225467828419944,hold
2023-08-04,0,-1,0.0041144018676027,-0.0041144018676027,0.6199853751959993,hold
2023-08-07,1,1,-0.0013497354646058,-0.0013497354646058,0.6185285735723643,flip
2023-08-08,-1,-1,0.0031527078847637,-0.0031527078847637,0.6159600050879387,flip
2023-08-09,1,1,-0.0045562684580157,-0.0045562684580157,0.6125375659402694,flip
2023-08-10,1,1,-0.0058741361615907,-0.0058741361615907,0.6089394368738469,hold
2023-08-11,-1,-1,0.0003216956578122,-0.0003216956578122,0.6081346042642601,flip
2023-08-14,-1,-1,0.0015667570139761,-0.0015667570139761,0.6071818051075875,hold
2023-08-16,-1,-1,-0.0051245825841254,0.0051245825841254,0.6102933584114396,hold
2023-08-17,-1,-1,-0.0028452826260957,0.0028452826260957,0.6120298155009493,hold
2023-08-18,-1,-1,0.0043215209131937,-0.0043215209131937,0.6093849158537639,hold
2023-08-21,-1,-1,0.0001469355577301,-0.0001469355577301,0.6092953755412805,hold
2023-08-22,-1,-1,0.0024515199000461,-0.0024515199000461,0.607801675803135,hold
2023-08-23,-1,-1,-0.0029469646806212,0.0029469646806212,0.6095928458745493,hold
2023-08-24,-1,-1,-0.0062361537740819,0.0062361537740819,0.6133943606010032,hold
2023-08-25,-1,-1,0.0020891942389009,-0.0020891942389009,0.6121128606366613,hold
2023-08-28,-1,-1,0.001895758474361,-0.001895758474361,0.610952442493844,hold
2023-08-29,-1,-1,0.0002480956863764,-0.0002480956863764,0.6108008678282801,hold
2023-08-30,1,1,-0.0048403506033882,-0.0048403506033882,0.6072335766113093,flip
2023-08-31,-1,-1,0.0094267101889176,-0.0094267101889176,0.6009021280910033,flip
2023-09-01,0,-1,0.0048108337016425,-0.0048108337016425,0.5980112878817944,hold
2023-09-04,1,1,0.0023605960187407,0.0023605960187407,0.5988249396592484,flip
2023-09-05,-1,-1,0.0018467726478093,-0.0018467726478093,0.5971202212002005,flip
2023-09-06,0,-1,0.0059150323607803,-0.0059150323607803,0.593588235768525,hold
2023-09-07,0,-1,0.004709190366575,-0.004709190366575,0.5907929157669316,hold
2023-09-08,0,-1,0.0089001434200508,-0.0089001434200508,0.5855347740850559,hold
2023-09-11,0,-1,-0.0001575482868895,0.0001575482868895,0.5856270240856272,hold
2023-09-12,-1,-1,0.0038413452699443,-0.0038413452699443,0.5833774284867043,hold
2023-09-13,-1,-1,0.0016492082399102,-0.0016492082399102,0.5824153176246664,hold
2023-09-14,-1,-1,0.0044396138771742,-0.0044396138771742,0.5798296184982611,hold
2023-09-15,-1,-1,-0.0029243168460981,0.0029243168460981,0.5815252240195022,hold
2023-09-18,-1,-1,-0.011518249945432,0.011518249945432,0.5882233768993322,hold
2023-09-20,-1,-1,-0.0079919391664983,0.0079919391664983,0.5929244223438238,hold
2023-09-21,-1,-1,-0.0034494176591149,0.0034494176591149,0.5949696663167771,hold
2023-09-22,-1,-1,1.5288066889551644e-05,-1.5288066889551644e-05,0.5949605703807211,hold
2023-09-25,-1,-1,-0.0005007261720755,0.0005007261720755,0.5952584827096637,hold
2023-09-26,-1,-1,0.0026316191986632,-0.0026316191986632,0.5936919890583979,hold
2023-09-27,-1,-1,-0.0097836296667737,0.0097836296667737,0.5995004516154756,hold
2023-09-28,-1,-1,0.0058775169171687,-0.0058775169171687,0.5959768775692554,hold
2023-09-29,-1,-1,-0.0055784246544688,0.0055784246544688,0.5993014896765811,hold
2023-10-03,-1,-1,-0.0047443072713306,0.0047443072713306,0.6021447600917731,hold
2023-10-04,-1,-1,0.0056415841052857,-0.0056415841052857,0.5987477097841583,hold
2023-10-05,-1,-1,0.0055127073660514,-0.0055127073660514,0.5954469888740247,hold
2023-10-06,-1,-1,-0.0071819467588469,0.0071819467588469,0.5997234574458337,hold
2023-10-09,-1,-1,0.0090968029762401,-0.0090968029762401,0.5942678913132194,hold
2023-10-10,-1,-1,0.0061706921287072,-0.0061706921287072,0.5906008471139496,hold
2023-10-11,-1,-1,-0.0008757409120068,0.0008757409120068,0.5911180604384332,hold
2023-10-12,-1,-1,-0.002169809980297,0.002169809980297,0.5924006743055062,hold
2023-10-13,-1,-1,-0.0009772027556287,0.0009772027556287,0.592979569876874,hold
2023-10-16,-1,-1,0.0040417094276989,-0.0040417094276989,0.5905829187588698,hold
2023-10-17,0,-1,-0.0070868127413371,0.0070868127413371,0.5947682693123462,hold
2023-10-18,0,-1,-0.0023588102112444,0.0023588102112444,0.5961712147793243,hold
2023-10-19,-1,-1,-0.0041808960845935,0.0041808960845935,0.5986637446769425,hold
2023-10-20,-1,-1,-0.0133503074255556,0.0133503074255556,0.6066560897129141,hold
2023-10-23,0,-1,-0.008277236732921,0.008277236732921,0.611677525782936,hold
2023-10-25,0,-1,-0.0138530649123475,0.0138530649123475,0.620151134253031,hold
2023-10-26,0,-1,0.0100757003274603,-0.0100757003274603,0.6139026772665629,hold
2023-10-27,-1,-1,0.0049167407696648,-0.0049167407696648,0.6108842769446401,hold
2023-10-30,-1,-1,-0.0032026069828995,0.0032026069828995,0.6128406991957265,hold
2023-10-31,-1,-1,-0.0047406245729368,0.0047406245729368,0.6157459468736296,hold
2023-11-01,-1,-1,0.0075885232572669,-0.0075885232572669,0.6110733444352112,hold
2023-11-02,-1,-1,0.0050879808383312,-0.0050879808383312,0.6079642149679099,hold
2023-11-03,-1,-1,0.0094199033989916,-0.0094199033989916,0.6022372507928684,hold
2023-11-06,-1,-1,-0.0002601919584787,0.0002601919584787,0.6023939480826209,hold
2023-11-07,-1,-1,0.0018962926582819,-0.0018962926582819,0.6012516328614784,hold
2023-11-08,-1,-1,-0.002478937369815,0.002478937369815,0.6027420980028411,hold
2023-11-09,-1,-1,0.0015492839458333,-0.0015492839458333,0.6018082793469274,hold
2023-11-10,-1,-1,0.0009369804014345,-0.0009369804014345,0.6012443967837583,hold
2023-11-13,-1,-1,0.0119267535086042,-0.0119267535086042,0.594073503064889,hold
2023-11-15,-1,-1,0.0045615222809993,-0.0045615222809993,0.5913636235441073,hold
2023-11-16,-1,-1,-0.0016897597201204,0.0016897597201204,0.5923628859751167,hold
2023-11-17,-1,-1,-0.0019157289123818,0.0019157289123818,0.5934976926824012,hold
2023-11-20,-1,-1,0.004539473475424,-0.004539473475424,0.590803525648744,hold
2023-11-21,-1,-1,0.0014380348265852,-0.0014380348265852,0.5899539296031918,hold
2023-11-22,-1,-1,-0.0004971574875239,0.0004971574875239,0.5902472296165882,hold
2023-11-23,-1,-1,-0.0003686890844358,0.0003686890844358,0.5904648473272663,hold
2023-11-24,-1,-1,0.0047992646389904,-0.0047992646389904,0.5876310502649217,hold
2023-11-28,-1,-1,0.0104023891135545,-0.0104023891135545,0.5815182834248592,hold
2023-11-29,-1,-1,0.0018187545137213,-0.0018187545137213,0.5804606444220688,hold
2023-11-30,-1,-1,0.0066929416105065,-0.0066929416105065,0.5765756552217549,hold
2023-12-01,-1,-1,0.0206681690037693,-0.0206681690037693,0.5646588921361726,hold
2023-12-04,-1,-1,0.0081355657602475,-0.0081355657602475,0.5600650725870903,hold
2023-12-05,-1,-1,0.0039606432442005,-0.0039606432442005,0.5578468546410356,hold
2023-12-06,-1,-1,-0.001745599062397,0.001745599062397,0.558820631587458,hold
2023-12-07,-1,-1,0.0032653705047074,-0.0032653705047074,0.5569958751796503,hold
2023-12-08,-1,-1,0.0013209351833629,-0.0013209351833629,0.5562601197311375,hold
2023-12-11,-1,-1,-0.0043196070141755,0.0043196070141755,0.5586629448460343,hold
2023-12-12,-1,-1,0.0009542158562574,-0.0009542158562574,0.5581298598057587,hold
2023-12-13,-1,-1,0.0122500872899569,-0.0122500872899569,0.5512927203040068,hold
2023-12-14,-1,-1,0.0129327792008919,-0.0129327792008919,0.544162973277256,hold
2023-12-15,-1,-1,-0.0017710126840955,0.0017710126840955,0.5451266928051453,hold
2023-12-18,-1,-1,0.0016083748565725,-0.0016083748565725,0.544249924738791,hold
2023-12-19,-1,-1,-0.0141214660942333,0.0141214660942333,0.5519355315977789,hold
2023-12-20,-1,-1,0.0049597940765233,-0.0049597940765233,0.5491980450175374,hold
2023-12-21,-1,-1,0.0044389265566107,-0.0044389265566107,0.5467601952306704,hold
2023-12-22,-1,-1,0.0043068759341071,-0.0043068759341071,0.5444053669041038,hold
2023-12-26,-1,-1,0.0099527499207277,-0.0099527499207277,0.5389870364318052,hold
2023-12-27,-1,-1,0.0057238813077962,-0.0057238813077962,0.5359019386088287,hold
2023-12-28,-1,-1,-0.0021717930740454,0.0021717930740454,0.537065806727467,hold
2023-12-29,-1,-1,0.0004831718072126,-0.0004831718072126,0.5368063116710383,hold
2024-01-01,-1,-1,-0.003500136051024,0.003500136051024,0.5386852067949354,hold
2024-01-02,-1,-1,-0.0068518663756694,0.0068518663756694,0.5423762058504441,hold
2024-01-03,-1,-1,0.0065644701863494,-0.0065644701863494,0.5388157934173535,hold
2024-01-04,-1,-1,0.0024101822286055,-0.0024101822286055,0.5375171491675671,hold
2024-01-05,-1,-1,-0.009110708685643,0.009110708685643,0.5424143113271701,hold
2024-01-08,-1,-1,0.0014804820050666,-0.0014804820050666,0.5416112766999597,hold
2024-01-09,-1,-1,0.0034277152411805,-0.0034277152411805,0.53975478747202,hold
2024-01-10,-1,-1,0.0013183031833516,-0.0013183031833516,0.5390432270174663,hold
2024-01-11,-1,-1,0.0114264926377058,-0.0114264926377058,0.5328838535525461,hold
2024-01-12,0,-1,0.0092670746948486,-0.0092670746948486,0.5279455790779959,hold
2024-01-15,1,1,-0.0029482333845447,-0.0029482333845447,0.5258611267174573,flip
2024-01-16,-1,-1,-0.0208943935120824,0.0208943935120824,0.5363228149050815,flip
2024-01-17,-1,-1,-0.0050852715087356,0.0050852715087356,0.5390501620352032,hold
2024-01-18,-1,-1,0.0074619571864553,-0.0074619571864553,0.5350277928047447,hold
2024-01-19,0,-1,-0.0177408429427344,0.0177408429427344,0.5445196368468914,hold
2024-01-23,0,-1,0.0101299710711508,-0.0101299710711508,0.5390036686779589,hold
2024-01-24,-1,-1,-0.0047240537554001,0.0047240537554001,0.5415499509831514,hold
2024-01-25,-1,-1,0.0180305914522447,-0.0180305914522447,0.531785485065991,hold
2024-01-29,1,1,-0.0099136981024832,-0.0099136981024832,0.5259817388266982,flip
2024-01-30,-1,-1,0.0094600254190029,-0.0094600254190029,0.5204799564686395,flip
2024-01-31,1,1,-0.0013003033741542,-0.0013003033741542,0.5192826946685951,flip
2024-02-01,-1,-1,0.0072059881750932,-0.0072059881750932,0.5150214670166141,flip
2024-02-02,0,-1,-0.0037568550808078,0.0037568550808078,0.5169563280317006,hold
2024-02-05,-1,-1,0.0072434021015312,-0.0072434021015312,0.5132118054788359,hold
2024-02-06,0,-1,5.014315737827957e-05,-5.014315737827957e-05,0.5131860714185055,hold
2024-02-07,-1,-1,-0.0096920171108729,0.0096920171108729,0.5181598796037553,hold
2024-02-08,-1,-1,0.0029722318898448,-0.0029722318898448,0.5166197882855589,hold
2024-02-09,-1,-1,-0.0076414194307357,0.0076414194307357,0.5205674967740667,hold
2024-02-12,0,-1,0.0058844800115076,-0.0058844800115076,0.5175042277446591,hold
2024-02-13,-1,-1,0.0044519922849619,-0.0044519922849619,0.5152003029153047,hold
2024-02-14,-1,-1,0.0032371361888359,-0.0032371361888359,0.5135325293702384,hold
2024-02-15,-1,-1,0.0059308430222606,-0.0059308430222606,0.5104868485517191,hold
2024-02-16,0,-1,0.0037000088082788,-0.0037000088082788,0.5085980427155673,hold
2024-02-19,-1,-1,0.003376655573009,-0.003376655573009,0.5068806823002103,hold
2024-02-20,-1,-1,-0.00639270001033,0.00639270001033,0.510121018443187,hold
2024-02-21,-1,-1,0.0073633218581414,-0.0073633218581414,0.506364833197787,hold
2024-02-22,1,1,-0.0002137959201901,-0.0002137959201901,0.5057502096291238,flip
2024-02-23,-1,-1,-0.0040809285088362,0.0040809285088362,0.50730838986832,flip
2024-02-26,-1,-1,0.0034489943486464,-0.0034489943486464,0.5055586860986433,hold
2024-02-27,-1,-1,-0.0111359278099485,0.0111359278099485,0.5111885511307303,hold
2024-02-28,0,-1,0.0014418556686905,-0.0014418556686905,0.5104514910205127,hold
2024-02-29,-1,-1,0.0161921687000685,-0.0161921687000685,0.502186174364707,hold
2024-03-01,0,-1,0.0029925402887358,-0.0029925402887358,0.5006833620054746,hold
2024-03-04,0,-1,-0.0022002905070378,0.0022002905070378,0.501785010853927,hold
2024-03-05,-1,-1,0.0052669715420341,-0.0052669715420341,0.4991421234815401,hold
2024-03-06,-1,-1,0.000867667346212,-0.000867667346212,0.4987090341598762,hold
2024-03-07,-1,-1,-0.0071531788017711,0.0071531788017711,0.5022763890512804,hold
2024-03-11,-1,-1,0.000136518866846,-0.000136518866846,0.5022078188478036,hold
2024-03-12,-1,-1,-0.0151327252704165,0.0151327252704165,0.5098075917990825,hold
2024-03-13,0,-1,0.0067712159528048,-0.0067712159528048,0.5063555745006315,hold
2024-03-14,0,-1,-0.0055674686273187,0.0055674686273187,0.5091746932759317,hold
2024-03-15,0,-1,0.0014688778023679,-0.0014688778023679,0.5084267778714512,hold
2024-03-18,-1,-1,-0.0108021966402886,0.0108021966402886,0.5139189039032069,hold
2024-03-19,1,1,0.0009923428906801,0.0009923428906801,0.5139149687699782,flip
2024-03-20,-1,-1,0.0079146856998078,-0.0079146856998078,0.5093335783469674,flip
2024-03-21,-1,-1,0.0038524885010076,-0.0038524885010076,0.5073713765932086,hold
2024-03-22,-1,-1,-0.0041658063402989,0.0041658063402989,0.5094849874907068,hold
2024-03-26,-1,-1,0.0054057167831516,-0.0054057167831516,0.5067308559430646,hold
2024-03-27,1,1,0.0091870010785439,0.0091870010785439,0.510879462007202,flip
2024-03-28,1,1,0.0060509791780918,0.0060509791780918,0.5139707829943223,hold
2024-04-01,1,1,-0.0003872860275131,-0.0003872860275131,0.5137717292915186,hold
2024-04-02,-1,-1,-0.0008306302403686,0.0008306302403686,0.5136847118972231,flip
2024-04-03,-1,-1,0.0035659124883635,-0.0035659124883635,0.5118529571679874,hold
2024-04-04,-1,-1,-4.224679746289706e-05,4.224679746289706e-05,0.5118745813161997,hold
2024-04-05,-1,-1,0.0067781647528144,-0.0067781647528144,0.5084050110712606,hold
2024-04-08,-1,-1,-0.0010390218270411,0.0010390218270411,0.5089332549747406,hold
2024-04-09,-1,-1,0.0049044741142307,-0.0049044741142307,0.5064372049998459,hold
2024-04-10,-1,-1,-0.0103015928142499,0.0103015928142499,0.5116543148717411,hold
2024-04-12,-1,-1,-0.010963897188301,0.010963897188301,0.5172640401759454,hold
2024-04-15,-1,-1,-0.005594325260972,0.005594325260972,0.5201577834624942,hold
2024-04-16,-1,-1,-0.0068652458503182,0.0068652458503182,0.5237287945269208,hold
2024-04-18,-1,-1,0.0068717686886063,-0.0068717686886063,0.5201298513953692,hold
2024-04-19,-1,-1,0.0085519659829773,-0.0085519659829773,0.515681718599505,hold
2024-04-22,-1,-1,0.0014147135985376,-0.0014147135985376,0.514952176659685,hold
2024-04-23,-1,-1,0.0015379287654238,-0.0015379287654238,0.5141602168943824,hold
2024-04-24,-1,-1,0.0074969296067168,-0.0074969296067168,0.510305593941751,hold
2024-04-25,1,1,-0.0066636269808832,-0.0066636269808832,0.5063948022235234,flip
2024-04-26,-1,-1,0.0099666225688024,-0.0099666225688024,0.5008413615567346,flip
2024-04-29,1,1,-0.0017025173156396,-0.0017025173156396,0.49948782910473905,flip
2024-04-30,-1,-1,0.001917712797214,-0.001917712797214,0.4980304670737075,flip
2024-05-02,-1,-1,-0.0076098592965534,0.0076098592965534,0.5018204088535352,hold
2024-05-03,0,-1,-0.0014749338156797,0.0014749338156797,0.5025605607439515,hold
2024-05-06,-1,-1,-0.006246985595782,0.006246985595782,0.5057000493279271,hold
2024-05-07,0,-1,0.0,-0.0,0.5057000493279271,hold
2024-05-08,-1,-1,-0.0154691178119045,0.0154691178119045,0.5135227829684667,hold
2024-05-09,0,-1,0.004449469144939,-0.004449469144939,0.5112378791904252,hold
2024-05-10,-1,-1,0.0022149680905385,-0.0022149680905385,0.5101055036013439,hold
2024-05-13,-1,-1,0.0051483245877055,-0.0051483245877055,0.5074793148948291,hold
2024-05-14,-1,-1,-0.0007786004689536,0.0007786004689536,0.5078744385273904,hold
2024-05-15,-1,-1,0.0091573776762647,-0.0091573776762647,0.5032236404816742,hold
2024-05-16,1,1,0.002778540343975,0.002778540343975,0.504118644028313,flip
2024-05-17,0,1,0.0028020516676037,0.0028020516676037,0.5055312105154827,hold
2024-05-21,0,1,0.00305161547495,0.00305161547495,0.507073897380562,hold
2024-05-22,0,1,0.016366619608483,0.016366619608483,0.5153729829723807,hold
2024-05-23,-1,-1,-0.0004593757337192,0.0004593757337192,0.5150943598316002,flip
2024-05-24,-1,-1,-0.0010737589261899,0.0010737589261899,0.5156474469982996,hold
2024-05-27,-1,-1,-0.0019317094176221,0.0019317094176221,0.516643528027839,hold
2024-05-28,-1,-1,-0.008015115627261,0.008015115627261,0.5207844856430581,hold
2024-05-29,-1,-1,-0.0095155996581792,0.0095155996581792,0.5257400623166283,hold
2024-05-30,-1,-1,0.0018697799732139,-0.0018697799732139,0.5247570440769924,hold
2024-05-31,-1,-1,0.0325423176953527,-0.0325423176953527,0.5076802336357648,hold
2024-06-03,-1,-1,-0.0592935994164107,0.0592935994164107,0.5377824220405936,hold
2024-06-04,-1,-1,0.0336242367600356,-0.0336242367600356,0.5196998985565153,hold
2024-06-05,-1,-1,0.0088880492442378,-0.0088880492442378,0.5150807802659196,hold
2024-06-06,-1,-1,0.0205399314668071,-0.0205399314668071,0.5045010563393881,hold
2024-06-07,-1,-1,-0.0013289382574128,0.0013289382574128,0.5051715070940628,hold
2024-06-10,-1,-1,0.0002429314342191,-0.0002429314342191,0.5050487850553178,hold
2024-06-11,-1,-1,0.0024973129141392,-0.0024973129141392,0.5037875202021288,hold
2024-06-12,-1,-1,0.003256499474515,-0.003256499474515,0.5021469364073233,hold
2024-06-13,-1,-1,0.0028505279152657,-0.0028505279152657,0.5007155525475291,hold
2024-06-14,-1,-1,0.0039334507869606,-0.0039334507869606,0.4987460125633176,hold
2024-06-18,-1,-1,-0.0017786131162043,0.0017786131162043,0.4996330887629173,hold
2024-06-19,-1,-1,0.0021687361796223,-0.0021687361796223,0.4985495164067807,hold
2024-06-20,-1,-1,-0.0027962995130903,0.0027962995130903,0.4999436101767604,hold
2024-06-21,-1,-1,0.001563756616109,-0.001563756616109,0.4991618200486651,hold
2024-06-24,-1,-1,0.0077938798539154,-0.0077938798539154,0.49527141279554404,hold
2024-06-25,-1,-1,0.0062180401218379,-0.0062180401218379,0.492191795279582,hold
2024-06-26,-1,-1,0.0073610408985447,-0.0073610408985447,0.48856875134460087,hold
2024-06-27,-1,-1,-0.0014099020825968,0.0014099020825968,0.48925758544461334,hold
2024-06-28,-1,-1,0.0054704843490753,-0.0054704843490753,0.4865811094807722,hold
2024-07-01,-1,-1,-0.0007497161563467,0.0007497161563467,0.4869459071999231,hold
2024-07-02,-1,-1,0.0067423066077227,-0.0067423066077227,0.4836627685922055,hold
2024-07-03,-1,-1,0.0006444070008029,-0.0006444070008029,0.48335109291809697,hold
2024-07-04,-1,-1,0.0008928929498506,-0.0008928929498506,0.4829195121349278,hold
2024-07-05,-1,-1,-0.0001356211363734,0.0001356211363734,0.48298500622794044,hold
2024-07-08,-1,-1,0.0046318209860134,-0.0046318209860134,0.48074790614016405,hold
2024-07-09,-1,-1,-0.0044509111977667,0.0044509111977667,0.4828876723789062,hold
2024-07-10,-1,-1,-0.0003494426502141,0.0003494426502141,0.483056413926898,hold
2024-07-11,-1,-1,0.007657573644356,-0.007657573644356,0.47935737386287425,hold
2024-07-12,-1,-1,0.0034506697076412,-0.0034506697076412,0.47770326989375117,hold
2024-07-15,-1,-1,0.0010697158254551,-0.0010697158254551,0.47719226314607416,hold
2024-07-16,-1,-1,0.0076321297434283,-0.0076321297434283,0.47355026988118315,hold
2024-07-18,-1,-1,-0.0108846762510892,0.0108846762510892,0.4787047112574558,hold
2024-07-19,-1,-1,-0.0008825762723847,0.0008825762723847,0.4791272046770904,hold
2024-07-22,-1,-1,-0.0012321559717249,0.0012321559717249,0.4797175641235492,hold
2024-07-23,-1,-1,-0.0026778318259059,0.0026778318259059,0.48100216708420535,hold
2024-07-24,-1,-1,-0.0003031269840456,0.0003031269840456,0.481147971820433,hold
2024-07-25,-1,-1,0.0175673297602745,-0.0175673297602745,0.47269548673597617,hold
2024-07-26,1,1,5.03324972633834e-05,5.03324972633834e-05,0.47224658319353274,flip
2024-07-29,-1,-1,0.0008536433743,-0.0008536433743,0.47137120644356023,flip
2024-07-30,0,-1,0.0037755350108565,-0.0037755350108565,0.4695915279505229,hold
2024-07-31,-1,-1,0.0023946791656728,-0.0023946791656728,0.4684670069021633,hold
2024-08-01,-1,-1,-0.0117229354919546,0.0117229354919546,0.4739588154041864,hold
2024-08-02,0,-1,-0.0267864578946228,0.0267864578946228,0.48665449325679594,hold
2024-08-05,-1,-1,-0.0026209626510589,0.0026209626510589,0.487929996507592,hold
2024-08-06,-1,-1,0.0127101624804444,-0.0127101624804444,0.4817283269728978,hold
2024-08-07,-1,-1,-0.007428747813561,0.007428747813561,0.48530696522862815,hold
2024-08-08,-1,-1,0.0103868640378157,-0.0103868640378157,0.4802661477641934,hold
2024-08-09,-1,-1,-0.0008412844977941,0.0008412844977941,0.4806701882291227,hold
2024-08-12,-1,-1,-0.0085431469996303,0.0085431469996303,0.48477662430550406,hold
2024-08-13,-1,-1,0.0001967769998756,-0.0001967769998756,0.48468123141576336,hold
2024-08-14,-1,-1,0.0164597624902924,-0.0164597624902924,0.4767034934631575,hold
2024-08-16,-1,-1,0.0012835584110202,-0.0012835584110202,0.4760916166845601,hold
2024-08-19,-1,-1,0.0051357593399101,-0.0051357593399101,0.4736465247175195,hold
2024-08-20,-1,-1,0.0028887826964991,-0.0028887826964991,0.4722782628326586,hold
2024-08-21,-1,-1,0.0016673576536574,-0.0016673576536574,0.47149080605646854,hold
2024-08-22,-1,-1,0.0004695560778267,-0.0004695560778267,0.4712694146828453,hold
2024-08-23,-1,-1,0.007551387144671,-0.007551387144671,0.4677106768831326,hold
2024-08-26,-1,-1,0.000285894410237,-0.000285894410237,0.46757696101500357,hold
2024-08-27,-1,-1,0.0013830024432652,-0.0013830024432652,0.4669303009355053,hold
2024-08-28,-1,-1,0.0039756594063229,-0.0039756594063229,0.46507394509249383,hold
2024-08-29,-1,-1,0.0033377600735777,-0.0033377600735777,0.4635216398473029,hold
2024-08-30,-1,-1,0.0016959501132323,-0.0016959501132323,0.4627355302697182,hold
2024-09-02,-1,-1,4.550829989491412e-05,-4.550829989491412e-05,0.46271447196243465,hold
2024-09-03,-1,-1,-0.0032100820170585,0.0032100820170585,0.46419982336791393,hold
2024-09-04,-1,-1,-0.0021270784221717,0.0021270784221717,0.4651872127957757,hold
2024-09-05,-1,-1,-0.0116503502989019,0.0116503502989019,0.47060680677941624,hold
2024-09-06,-1,-1,0.0033900486950126,-0.0033900486950126,0.46901142678822966,hold
2024-09-09,-1,-1,0.0041986500501236,-0.0041986500501236,0.4670422119376367,hold
2024-09-10,-1,-1,-0.0048979634496194,0.0048979634496194,0.4693297676211366,hold
2024-09-11,-1,-1,0.0188796328272711,-0.0188796328272711,0.46046899393354107,hold
2024-09-12,1,1,-0.0012761636040355,-0.0012761636040355,0.4594208911687627,flip
2024-09-13,-1,-1,0.0010746751326089,-0.0010746751326089,0.4584677420704539,flip
2024-09-16,-1,-1,0.0013709866056039,-0.0013709866056039,0.45783918893697384,hold
2024-09-17,0,-1,-0.0016129951842196,0.0016129951842196,0.4585776813438762,hold
2024-09-18,-1,-1,0.0015072376499098,-0.0015072376499098,0.4578864957971464,hold
2024-09-19,-1,-1,0.0147604413777415,-0.0147604413777415,0.45112788901827316,hold
2024-09-20,1,1,0.0057423850996662,0.0057423850996662,0.4532673111971974,flip
2024-09-23,-1,-1,5.203002169906768e-05,-5.203002169906768e-05,0.4527904603779631,flip
2024-09-24,-1,-1,0.0024575565157058,-0.0024575565157058,0.4516777022318118,hold
2024-09-25,-1,-1,0.008148714241454,-0.008148714241454,0.4479971097070882,hold
2024-09-26,-1,-1,-0.0014152231703233,0.0014152231703233,0.44863112559698354,hold
2024-09-27,-1,-1,-0.0140609008520233,0.0140609008520233,0.4549392833731344,hold
2024-09-30,-1,-1,-0.0005404401234794,0.0005404401234794,0.4551851508156162,hold
2024-10-01,-1,-1,-0.0211963752609873,0.0211963752609873,0.4648334260855332,hold
2024-10-03,-1,-1,-0.0093266958801446,0.0093266958801446,0.4691687860855586,hold
2024-10-04,-1,-1,-0.0087488751686026,0.0087488751686026,0.47327348522802604,hold
2024-10-07,-1,-1,0.0087676473034692,-0.0087676473034692,0.46912399023146306,hold
2024-10-08,-1,-1,-0.0012473907279866,0.0012473907279866,0.4697091711471539,hold
2024-10-09,-1,-1,0.0006604768849507,-0.0006604768849507,0.4693989390969618,hold
2024-10-10,-1,-1,-0.0013680536120755,0.0013680536120755,0.4700411020110978,hold
2024-10-11,-1,-1,0.0065573457544287,-0.0065573457544287,0.46695887998641833,hold
2024-10-14,-1,-1,-0.0028096049048969,0.0028096049048969,0.4682708499460133,hold
2024-10-15,-1,-1,-0.0034340754096676,0.0034340754096676,0.46987892735687703,hold
2024-10-16,-1,-1,-0.0088682273228345,0.0088682273228345,0.47404592049888744,hold
2024-10-17,1,1,0.0042101739412401,0.0042101739412401,0.4755676903598242,flip
2024-10-18,-1,-1,-0.0029351823779982,0.0029351823779982,0.4764880005737539,flip
2024-10-21,-1,-1,-0.0124691803378693,0.0124691803378693,0.48242941538173884,hold
2024-10-22,1,1,-0.0014955647434917,-0.0014955647434917,0.48122548154148886,flip
2024-10-23,-1,-1,-0.0014773427748562,0.0014773427748562,0.48145519104817946,flip
2024-10-24,-1,-1,-0.0089592205494931,0.0089592205494931,0.4857686542894784,hold
2024-10-25,1,1,0.0065485676346082,0.0065485676346082,0.4884639745225762,flip
2024-10-28,-1,-1,0.0052466588480091,-0.0052466588480091,0.48541270671419107,flip
2024-10-29,-1,-1,-0.0051498252538292,0.0051498252538292,0.48791249732975733,hold
2024-10-30,-1,-1,-0.005566773640794,0.005566773640794,0.4906285957589066,hold
2024-10-31,1,1,0.0040900049616161,0.0040900049616161,0.49214464055411244,flip
2024-11-01,-1,-1,-0.0127137736646451,0.0127137736646451,0.49790951148383145,flip
2024-11-04,1,1,0.0090830588186072,0.0090830588186072,0.5019341433514993,flip
2024-11-05,-1,-1,0.0111818707596305,-0.0111818707596305,0.4958196464873455,flip
2024-11-06,-1,-1,-0.0116280257061476,0.0116280257061476,0.5015850500823134,hold
2024-11-07,-1,-1,-0.0021137093124677,0.0021137093124677,0.5026452550736669,hold
2024-11-08,-1,-1,-0.0002856708874028,0.0002856708874028,0.5027888461897326,hold
2024-11-11,-1,-1,-0.0106809307765333,0.0106809307765333,0.5081590990510981,hold
2024-11-12,-1,-1,-0.0135825623229214,0.0135825623229214,0.5150612016839192,hold
2024-11-13,1,1,-0.0011185324376894,-0.0011185324376894,0.5139700278207565,flip
2024-11-14,-1,-1,-0.0033527151631265,0.0033527151631265,0.515179252898603,flip
2024-11-18,-1,-1,0.0027585814066317,-0.0027585814066317,0.5137580889904745,hold
2024-11-19,-1,-1,-0.0071688079331164,0.0071688079331164,0.5174411220545322,hold
2024-11-21,1,1,0.0238694641112378,0.0238694641112378,0.529274723225037,flip
2024-11-22,-1,-1,0.0131612958673623,-0.0131612958673623,0.521779507274331,flip
2024-11-25,-1,-1,-0.0011312238174179,0.0011312238174179,0.5223697566804003,hold
2024-11-26,-1,-1,0.0033230854378061,-0.0033230854378061,0.5206338773488254,hold
2024-11-27,-1,-1,-0.0148610290544929,0.0148610290544929,0.5283710325268596,hold
2024-11-28,-1,-1,0.0090720019405352,-0.0090720019405352,0.5235776494944533,hold
2024-11-29,-1,-1,0.0060068200049485,-0.0060068200049485,0.5204326127953262,hold
2024-12-02,-1,-1,0.0074600111445999,-0.0074600111445999,0.5165501797038597,hold
2024-12-03,-1,-1,0.0004210968146538,-0.0004210968146538,0.5163326620685775,hold
2024-12-04,-1,-1,0.0098478255628851,-0.0098478255628851,0.5112479080801061,hold
2024-12-05,-1,-1,-0.0012384293961259,0.0012384293961259,0.5118810525181804,hold
2024-12-06,-1,-1,-0.0023827399277279,0.0023827399277279,0.5131007319402628,hold
2024-12-09,-1,-1,-0.00036350862139,0.00036350862139,0.5132872484799647,hold
2024-12-10,-1,-1,0.0012901233029631,-0.0012901233029631,0.5126250446395868,hold
2024-12-11,-1,-1,-0.0037781963796591,0.0037781963796591,0.5145618427273666,hold
2024-12-12,-1,-1,0.0089455478085889,-0.0089455478085889,0.5099588051627734,hold
2024-12-13,-1,-1,-0.0040394689217332,0.0040394689217332,0.5120187679075926,hold
2024-12-16,-1,-1,-0.0134687300477334,0.0134687300477334,0.518915010471913,hold
2024-12-17,-1,-1,-0.0056356998120069,0.0056356998120069,0.5218394596988771,hold
2024-12-18,-1,-1,-0.010213311567061,0.010213311567061,0.5271691686887686,hold
2024-12-19,-1,-1,-0.0152055691508056,0.0152055691508056,0.5351850759374384,hold
2024-12-20,-1,-1,0.0070354729729729,-0.0070354729729729,0.5314197958001421,hold
2024-12-23,-1,-1,-0.0010861087115143,0.0010861087115143,0.5319969754698318,hold
2024-12-24,-1,-1,0.0009503186263191,-0.0009503186263191,0.5314914088348974,hold
2024-12-26,-1,-1,0.002661079652128,-0.002661079652128,0.530077067861566,hold
2024-12-27,-1,-1,-0.0070758479358679,0.0070758479358679,0.5338278125880452,hold
2024-12-30,-1,-1,-4.212721278373799e-06,4.212721278373799e-06,0.5338300614558303,hold
2024-12-31,-1,-1,0.0041488871182535,-0.0041488871182535,0.5316152607905198,hold
2025-01-01,-1,-1,0.0187740331916654,-0.0187740331916654,0.5216346982392427,hold
2025-01-02,-1,-1,-0.0076027553276091,0.0076027553276091,0.5256005592203468,hold
2025-01-03,-1,-1,-0.0161925959966257,0.0161925959966257,0.5341113967314023,hold
2025-01-06,-1,-1,0.0038892874268343,-0.0038892874268343,0.5320340839915659,hold
2025-01-07,-1,-1,-0.0007993610384197,0.0007993610384197,0.53245937130942,hold
2025-01-08,-1,-1,-0.0068575949591475,0.0068575949591475,0.5361107620100622,hold
2025-01-09,1,1,-0.0040379997024632,-0.0040379997024632,0.5334098361505683,flip
2025-01-10,-1,-1,-0.0147472753024774,0.0147472753024774,0.5407427680171795,flip
2025-01-13,-1,-1,0.0039028744993869,-0.0039028744993869,0.5386323168571574,hold
2025-01-14,-1,-1,0.0016028803979861,-0.0016028803979861,0.5377689536747452,hold
2025-01-15,-1,-1,0.0042476507253836,-0.0042476507253836,0.5354846989885799,hold
2025-01-16,-1,-1,-0.0046586517926727,0.0046586517926727,0.5379793357414718,hold
2025-01-17,1,1,0.0061004855371675,0.0061004855371675,0.5407232915627163,flip
2025-01-20,-1,-1,-0.0137118456772935,0.0137118456772935,0.5475968825991798,flip
2025-01-21,-1,-1,0.0056764909144164,-0.0056764909144164,0.5444884538703428,hold
2025-01-22,-1,-1,0.0021593282262408,-0.0021593282262408,0.5433127245830384,hold
2025-01-23,-1,-1,-0.0048760476583936,0.0048760476583936,0.5459619433215169,hold
2025-01-24,-1,-1,-0.0113912419355629,0.0113912419355629,0.5521811279055023,hold
2025-01-27,1,1,0.0056112298172781,0.0056112298172781,0.5547273619870385,flip
2025-01-28,-1,-1,0.0089666492883511,-0.0089666492883511,0.5491985889194615,flip
2025-01-29,-1,-1,0.0037300875997627,-0.0037300875997627,0.5471500300731259,hold
2025-01-30,-1,-1,0.0111357401503258,-0.0111357401503258,0.5410571095149886,hold
2025-01-31,1,1,-0.0011166221250199,-0.0011166221250199,0.5399118960660899,flip
2025-02-01,-1,-1,-0.0051570919766934,0.0051570919766934,0.5421563594773476,flip
2025-02-03,-1,-1,0.0161893068206311,-0.0161893068206311,0.5333792238290125,hold
2025-02-04,1,1,-0.0018092070621439,-0.0018092070621439,0.5318808511466312,flip
2025-02-05,-1,-1,-0.0039226026346081,0.0039226026346081,0.5334353275234901,flip
2025-02-06,-1,-1,-0.0018387386257991,0.0018387386257991,0.5344161756645733,hold
2025-02-07,-1,-1,-0.0075700336923079,0.0075700336923079,0.5384617241200685,hold
2025-02-10,-1,-1,-0.0132496849360461,0.0132496849360461,0.5455961723147796,hold
2025-02-11,-1,-1,-0.0011507892904301,0.0011507892904301,0.5462240385467791,hold
2025-02-12,-1,-1,-0.0006009745771905,0.0006009745771905,0.5465523053073961,hold
2025-02-13,-1,-1,-0.0044352661537063,0.0044352661537063,0.5489764102483562,hold
2025-02-14,-1,-1,0.0013192755977626,-0.0013192755977626,0.5482521590665682,hold
2025-02-17,-1,-1,-0.0006184463402948,0.0006184463402948,0.5485912236079016,hold
2025-02-18,-1,-1,-0.0005404326900405,0.0005404326900405,0.5488877002386086,hold
2025-02-19,-1,-1,-0.0008612081186238,0.0008612081186238,0.5493604067822668,hold
2025-02-20,-1,-1,-0.0051171487988824,0.0051171487988824,0.5521715657279862,hold
2025-02-21,-1,-1,-0.0106401053300685,0.0106401053300685,0.5580467293476008,hold
2025-02-24,1,1,-0.0002571160481895,-0.0002571160481895,0.5573451998484983,flip
2025-02-25,-1,-1,-0.0001108767876499,0.0001108767876499,0.5568496512940211,flip
2025-02-27,-1,-1,-0.0186449596666951,0.0186449596666951,0.5672320905828113,hold
2025-02-28,1,1,-0.0002440004922383,-0.0002440004922383,0.566526453582913,flip
2025-03-03,-1,-1,-0.0016569416451024,0.0016569416451024,0.5668986284033238,flip
2025-03-04,-1,-1,0.0115316950692254,-0.0115316950692254,0.5603613262854146,hold
2025-03-05,-1,-1,0.009284847776867,-0.009284847776867,0.5551584566708112,hold
2025-03-06,-1,-1,0.0003460139864501,-0.0003460139864501,0.554966364080107,hold
2025-03-07,-1,-1,-0.0040882039130917,0.0040882039130917,0.5572351797413735,hold
2025-03-10,-1,-1,0.001674047455606,-0.001674047455606,0.5563023416065533,hold
2025-03-11,-1,-1,-0.0012179087892316,0.0012179087892316,0.5569798671178661,hold
2025-03-12,-1,-1,-0.0032620894617386,0.0032620894617386,0.5587967852727918,hold
2025-03-13,-1,-1,0.0049805683362682,-0.0049805683362682,0.5560136596976536,hold
2025-03-17,-1,-1,0.0144632989948354,-0.0144632989948354,0.5479718678922337,hold
2025-03-18,-1,-1,0.0032100316461272,-0.0032100316461272,0.5462128608551122,hold
2025-03-19,-1,-1,0.01235619558909,-0.01235619558909,0.53946374791311,hold
2025-03-20,-1,-1,0.0068885519512889,-0.0068885519512889,0.5357476238597736,hold
2025-03-21,-1,-1,0.0131881772302988,-0.0131881772302988,0.5286820892455995,hold
2025-03-24,-1,-1,0.0004353972876416,-0.0004353972876416,0.5284519024979172,hold
2025-03-25,-1,-1,-0.0076810793285454,0.0076810793285454,0.5325109834823244,hold
2025-03-26,-1,-1,0.0044748278770025,-0.0044748278770025,0.5301280884886277,hold
2025-03-27,-1,-1,-0.0030773044101545,0.0030773044101545,0.5317594539932805,hold
2025-03-28,-1,-1,-0.0150365718652369,0.0150365718652369,0.5397552932382697,hold
2025-04-01,-1,-1,0.0071938424586863,-0.0071938424586863,0.5358723786924715,hold
2025-04-02,-1,-1,-0.0035251486188494,0.0035251486188494,0.5377614084680988,hold
2025-04-03,-1,-1,-0.0148666197750665,0.0148666197750665,0.5457561028574982,hold
2025-04-04,-1,-1,-0.0324325462830553,0.0324325462830553,0.5634563629226839,hold
2025-04-07,0,-1,0.0168873189028142,-0.0168873189028142,0.5539410956341887,hold
2025-04-08,-1,-1,-0.0060658560080705,0.0060658560080705,0.5573012225572584,hold
2025-04-09,1,1,0.0191703874091904,0.0191703874091904,0.5674276016747394,flip
2025-04-11,-1,-1,0.0219023977821084,-0.0219023977821084,0.5544321490286367,flip
2025-04-15,1,1,0.004657316201027,0.004657316201027,0.5564598827096494,flip
2025-04-16,-1,-1,0.0176834769379541,-0.0176834769379541,0.5460632773241471,flip
2025-04-17,-1,-1,0.0114834984640164,-0.0114834984640164,0.5397925605177395,hold
2025-04-21,-1,-1,0.0017284255654137,-0.0017284255654137,0.5388595692561204,hold
2025-04-22,-1,-1,0.0066908406521222,-0.0066908406521222,0.5352541457443565,hold
2025-04-23,-1,-1,-0.0033807460922566,0.0033807460922566,0.5370637041059458,hold
2025-04-24,-1,-1,-0.0085516633626838,0.0085516633626838,0.541656492107776,hold
2025-04-25,-1,-1,0.0120282118827472,-0.0120282118827472,0.5351413330530381,hold
2025-04-28,-1,-1,0.0003061930965739,-0.0003061930965739,0.534977476471166,hold
2025-04-29,-1,-1,-7.191007773188485e-05,7.191007773188485e-05,0.535015946743084,hold
2025-04-30,-1,-1,0.0005136803511647,-0.0005136803511647,0.5347411195636822,hold
2025-05-02,-1,-1,0.0047008906976129,-0.0047008906976129,0.5322273600090942,hold
2025-05-05,-1,-1,-0.0033338898599493,0.0033338898599493,0.5340017474078161,hold
2025-05-06,-1,-1,0.0014274549954715,-0.0014274549954715,0.5332394839458884,hold
2025-05-07,-1,-1,-0.0057588802970967,0.0057588802970967,0.5363103463036184,hold
2025-05-08,-1,-1,-0.0109501096942064,0.0109501096942064,0.5421830034257809,hold
2025-05-09,-1,-1,0.0381830730902199,-0.0381830730902199,0.5214807901776993,hold
2025-05-12,-1,-1,-0.0138958390765435,0.0138958390765435,0.5287272033195174,hold
2025-05-13,-1,-1,0.0036027960647213,-0.0036027960647213,0.5268223070320868,hold
2025-05-14,-1,-1,0.0160214381414618,-0.0160214381414618,0.51838185602843,hold
2025-05-15,-1,-1,-0.0016877607536591,0.0016877607536591,0.5192567605804438,hold
2025-05-16,-1,-1,-0.0029717088137536,0.0029717088137536,0.5207998404724618,hold
2025-05-19,-1,-1,-0.0104848313546668,0.0104848313546668,0.5262603389693529,hold
2025-05-20,-1,-1,0.0052483127088862,-0.0052483127088862,0.5234983601441573,hold
2025-05-21,-1,-1,-0.0082112727740422,0.0082112727740422,0.5277969479760648,hold
2025-05-22,-1,-1,0.0098924887180058,-0.0098924887180058,0.5225757226228137,hold
2025-05-23,-1,-1,0.0059549794562796,-0.0059549794562796,0.5194637949302444,hold
2025-05-26,-1,-1,-0.0069977248703164,0.0069977248703164,0.5230988596472567,hold
2025-05-27,-1,-1,-0.0029706520659956,0.0029706520659956,0.5246528043553877,hold
2025-05-28,-1,-1,0.0032784792287758,-0.0032784792287758,0.5229327410339897,hold
2025-05-29,-1,-1,-0.0033382349691143,0.0033382349691143,0.5246784133966041,hold
2025-05-30,-1,-1,-0.0013777230725331,0.0013777230725331,0.5254012749524007,hold
2025-06-02,-1,-1,-0.0070438333802584,0.0070438333802584,0.5291021139909409,hold
2025-06-03,-1,-1,0.0031659048079861,-0.0031659048079861,0.5274270270643414,hold
2025-06-04,-1,-1,0.0053086967621067,-0.0053086967621067,0.5246270769135174,hold
2025-06-05,-1,-1,0.0101875239545026,-0.0101875239545026,0.5192824260002803,hold
2025-06-06,1,1,0.0040054487100871,0.0040054487100871,0.5208431026976738,flip
2025-06-09,1,1,4.18584595869298e-05,4.18584595869298e-05,0.5208649043876391,hold
2025-06-10,-1,-1,0.0014798446727146,-0.0014798446727146,0.5195732403292894,flip
2025-06-11,0,-1,-0.0100710846627866,0.0100710846627866,0.524805906421164,hold
2025-06-12,-1,-1,-0.0068144588479197,0.0068144588479197,0.5283821746736163,hold
2025-06-13,0,-1,0.0092197937677085,-0.0092197937677085,0.5235105999925922,hold
2025-06-16,-1,-1,-0.0037319707924959,0.0037319707924959,0.5254643262613266,hold
2025-06-17,-1,-1,-0.0016637405234334,0.0016637405234334,0.5263385625545461,hold
2025-06-18,-1,-1,-0.0007577278241026,0.0007577278241026,0.526737383928292,hold
2025-06-19,-1,-1,0.0128724709598377,-0.0128724709598377,0.5199569722502141,hold
2025-06-20,0,-1,-0.0055948454872697,0.0055948454872697,0.5228660511699825,hold
2025-06-23,-1,-1,0.0029012296868362,-0.0029012296868362,0.5213490966600894,hold
2025-06-24,-1,-1,0.0080018205204253,-0.0080018205204253,0.5171773547601295,hold
2025-06-25,0,-1,0.0120520108141297,-0.0120520108141297,0.5109443276877375,hold
2025-06-26,-1,-1,0.003475704773181,-0.003475704773181,0.5091684360491634,hold
2025-06-27,-1,-1,-0.0047098423546652,0.0047098423546652,0.5115665391149264,hold
2025-06-30,-1,-1,0.0009699396772837,-0.0009699396772837,0.5110703504310682,hold
2025-07-01,-1,-1,-0.0034610085397696,0.0034610085397696,0.5128391692783331,hold
2025-07-02,-1,-1,-0.0018897125192245,0.0018897125192245,0.513808287876867,hold
2025-07-03,-1,-1,0.0021924250859925,-0.0021924250859925,0.512681801697135,hold
2025-07-04,-1,-1,1.1813410706551508e-05,-1.1813410706551508e-05,0.5126757451764498,hold
2025-07-07,-1,-1,0.0024036171315751,-0.0024036171315751,0.5114434689724006,hold
2025-07-08,-1,-1,-0.0018180190273288,0.0018180190273288,0.5123732829303954,hold
2025-07-09,-1,-1,-0.004743646446198,0.004743646446198,0.514803800633095,hold
2025-07-10,-1,-1,-0.008100901810276,0.008100901810276,0.5189741756735806,hold
2025-07-11,-1,-1,-0.0026858541571485,0.0026858541571485,0.5203680646207661,hold
2025-07-14,-1,-1,0.0045251032187942,-0.0045251032187942,0.518013345416593,hold
2025-07-15,-1,-1,0.0006449487413033,-0.0006449487413033,0.5176792533614883,hold
2025-07-16,-1,-1,-0.0039902173517283,0.0039902173517283,0.5197449061008811,hold
2025-07-17,-1,-1,-0.0056965580472427,0.0056965580472427,0.5227056631282435,hold
2025-07-18,-1,-1,0.0048981443028652,-0.0048981443028652,0.5201453753623165,hold
2025-07-21,-1,-1,-0.0011876443882732,0.0011876443882732,0.5207631230984519,hold
2025-07-22,-1,-1,0.0063445445902445,-0.0063445445902445,0.5174591182429987,hold
2025-07-23,-1,-1,-0.006256994627491,0.006256994627491,0.5206968571657914,hold
2025-07-24,-1,-1,-0.0089816740370306,0.0089816740370306,0.5253735866089608,hold
2025-07-25,-1,-1,-0.0062849623293875,0.0062849623293875,0.5286755398096533,hold
2025-07-28,-1,-1,0.0056804742343701,-0.0056804742343701,0.5256724120274229,hold
2025-07-29,-1,-1,0.0013678351245234,-0.0013678351245234,0.5249533788382588,hold
2025-07-30,-1,-1,-0.0034882717656889,0.0034882717656889,0.5267845588879633,hold
2025-07-31,-1,-1,-0.0081959437427822,0.0081959437427822,0.5311020554971753,hold
2025-08-01,1,1,0.0064074150430544,0.0064074150430544,0.5339739447414679,flip
2025-08-04,-1,-1,-0.0029608040671041,0.0029608040671041,0.5350209630240446,flip
2025-08-05,-1,-1,-0.0030569142281212,0.0030569142281212,0.5366564762182559,hold
2025-08-06,-1,-1,0.0008932609229541,-0.0008932609229541,0.5361771019589998,hold
2025-08-07,-1,-1,-0.0094669127354072,0.0094669127354072,0.5412530437939692,hold
2025-08-08,-1,-1,0.0091018044718578,-0.0091018044718578,0.5363266644195586,hold
2025-08-11,-1,-1,-0.0039719417907191,0.0039719417907191,0.5384569227114436,hold
2025-08-12,-1,-1,0.0053884535167121,-0.0053884535167121,0.5355554726126611,hold
2025-08-13,-1,-1,0.000485438164071,-0.000485438164071,0.5352954935472779,hold
2025-08-14,-1,-1,0.0099730192766349,-0.0099730192766349,0.5299569812714351,hold
2025-08-18,1,1,0.0041685646806257,0.0041685646806257,0.5316361842445428,flip
2025-08-19,1,1,0.0027981813736617,0.0027981813736617,0.5331237987128605,hold
2025-08-20,-1,-1,0.0013252889742787,-0.0013252889742787,0.531884131821788,flip
2025-08-21,0,-1,-0.0085174820600987,0.0085174820600987,0.5364144453726312,hold
2025-08-22,-1,-1,0.0039264173509054,-0.0039264173509054,0.5343082583870438,hold
2025-08-25,-1,-1,-0.0102411798720348,0.0102411798720348,0.5397802053682991,hold
2025-08-26,0,-1,-0.0085444301039235,0.0085444301039235,0.5443923196045499,hold
2025-08-28,0,-1,-0.0030223697933294,0.0030223697933294,0.5460376745070432,hold
2025-08-29,-1,-1,0.0081140701746054,-0.0081140701746054,0.5416070864981147,hold
2025-09-01,-1,-1,-0.0018457290617897,0.0018457290617897,0.5426067464377355,hold
2025-09-02,-1,-1,0.005510715147017,-0.005510715147017,0.5396165952212675,hold
2025-09-03,-1,-1,0.0007788776228048,-0.0007788776228048,0.5391962999303556,hold
2025-09-04,-1,-1,0.0002708473067116,-0.0002708473067116,0.5390502600647306,hold
2025-09-05,-1,-1,0.0012994782193525,-0.0012994782193525,0.5383497759926401,hold
2025-09-08,-1,-1,0.0038529301782352,-0.0038529301782352,0.5362755518942719,hold
2025-09-09,0,-1,0.0042020862308871,-0.0042020862308871,0.5340220757816956,hold
2025-09-10,0,-1,0.0012974116602184,-0.0012974116602184,0.5333292293137624,hold
2025-09-11,0,-1,0.0043390454100098,-0.0043390454100098,0.5310150895692844,hold
2025-09-12,0,-1,-0.0017838966811339,0.0017838966811339,0.531962365625199,hold
2025-09-15,-1,-1,0.0067772563910986,-0.0067772563910986,0.5283571202829417,hold
2025-09-16,0,-1,0.0036114755294653,-0.0036114755294653,0.5264489714722211,hold
2025-09-17,-1,-1,0.0036853015416349,-0.0036853015416349,0.5245088482660625,hold
2025-09-18,-1,-1,-0.0037976065391384,0.0037976065391384,0.5265007264980736,hold
2025-09-19,-1,-1,-0.0049236357186648,0.0049236357186648,0.5290930242809625,hold
2025-09-22,-1,-1,-0.001303434397354,0.001303434397354,0.5297826623282104,hold
2025-09-23,-1,-1,-0.0044736530076083,0.0044736530076083,0.5321527261289137,hold
2025-09-24,-1,-1,-0.0066269482123226,0.0066269482123226,0.5356792746860164,hold
2025-09-25,-1,-1,-0.0094874379272315,0.0094874379272315,0.5407614985535043,hold
2025-09-26,0,-1,-0.0008030448049409,0.0008030448049409,0.5411957542656298,hold
2025-09-29,-1,-1,-0.0009661407544825,0.0009661407544825,0.5417186255399787,hold
2025-09-30,-1,-1,0.0091503904924759,-0.0091503904924759,0.5367616885792406,hold
2025-10-01,-1,-1,0.0023332467769816,-0.0023332467769816,0.5355092910993559,hold
2025-10-03,-1,-1,0.0073671787912872,-0.0073671787912872,0.5315640984074315,hold
2025-10-06,-1,-1,0.0012222193924698,-0.0012222193924698,0.5309144104580171,hold
2025-10-07,-1,-1,-0.0024752925801897,0.0024752925801897,0.5322285789589396,hold
2025-10-08,-1,-1,0.0054160175719368,-0.0054160175719368,0.5293460196230111,hold
2025-10-09,1,1,0.004112050167679,0.004112050167679,0.5309933709921392,flip
2025-10-10,-1,-1,-0.0022938183927065,0.0022938183927065,0.5316803799819342,flip
2025-10-13,-1,-1,-0.0032444791324643,0.0032444791324643,0.5334054058799264,hold
2025-10-14,-1,-1,0.0070808208725219,-0.0070808208725219,0.5296284577484557,hold
2025-10-15,-1,-1,0.0103362282114798,-0.0103362282114798,0.5241540971418736,hold
2025-10-16,1,1,0.0048679837376106,0.0048679837376106,0.5261815166656204,flip
2025-10-17,-1,-1,0.0051848137299641,-0.0051848137299641,0.5229271819968935,flip
2025-10-20,-1,-1,0.0009847568259027,-0.0009847568259027,0.5224122258849719,hold
2025-10-21,-1,-1,0.0008814076368377,-0.0008814076368377,0.5219517677594995,hold
2025-10-23,-1,-1,-0.0037174505259611,0.0037174505259611,0.5238920976330834,hold
2025-10-24,-1,-1,0.0066252915000297,-0.0066252915000297,0.5204211597717022,hold
2025-10-27,-1,-1,-0.001149638146805,0.001149638146805,0.5210194557893802,hold
2025-10-28,-1,-1,0.0045381040946781,-0.0045381040946781,0.5186550152636555,hold
2025-10-29,-1,-1,-0.00675717564781,0.00675717564781,0.5221596583024096,hold
2025-10-30,-1,-1,-0.0060186608373972,0.0060186608373972,0.525302360188703,hold
2025-10-31,-1,-1,0.0016036793506921,-0.0016036793506921,0.5244599436407986,hold
2025-11-03,-1,-1,-0.0064315867797603,0.0064315867797603,0.5278330532808325,hold
2025-11-04,-1,-1,-0.0034359080045569,0.0034359080045569,0.5296466390936698,hold
2025-11-06,-1,-1,-0.0006820322478444,0.0006820322478444,0.5300078751814942,hold
2025-11-07,-1,-1,0.0032185728871263,-0.0032185728871263,0.5283020062044715,hold
2025-11-10,-1,-1,0.0047156471705849,-0.0047156471705849,0.5258107203436991,hold
2025-11-11,-1,-1,0.0070384090258497,-0.0070384090258497,0.5221098494237435,hold
2025-11-12,1,1,0.0001294494962036,0.0001294494962036,0.5216553264312906,flip
2025-11-13,0,1,0.0011940264714482,0.0011940264714482,0.5222781967000216,hold
2025-11-14,0,1,0.0039906690408659,0.0039906690408659,0.5243624361303117,hold
2025-11-17,0,1,-0.0039748069020186,-0.0039748069020186,0.5222781967000217,hold
2025-11-18,-1,-1,0.0055036406751542,-0.0055036406751542,0.5188814869762173,flip
2025-11-19,0,-1,0.0053545415882216,-0.0053545415882216,0.5161031144748449,hold
2025-11-20,0,-1,-0.0047342428227803,0.0047342428227803,0.5185464719403621,hold
2025-11-21,-1,-1,-0.004167936312968,0.004167936312968,0.5207077406107238,hold
2025-11-24,-1,-1,-0.002877529180069,0.002877529180069,0.5222060923286189,hold
2025-11-25,-1,-1,0.0123817835303625,-0.0123817835303625,0.5157402495351695,hold
2025-11-26,0,-1,0.0003911422381892,-0.0003911422381892,0.5155385217396421,hold
2025-11-27,-1,-1,-0.0004806903583736,0.0004806903583736,0.5157863361364126,hold
2025-11-28,-1,-1,-0.0010380212747401,0.0010380212747401,0.5163217333265424,hold
2025-12-01,-1,-1,-0.0054841133969418,0.0054841133969418,0.5191533002614107,hold
2025-12-02,-1,-1,-0.0017746951904364,0.0017746951904364,0.5200746391264839,hold
2025-12-03,-1,-1,0.0018375278996383,-0.0018375278996383,0.5191189874671946,hold
2025-12-04,-1,-1,0.0058654330916598,-0.0058654330916598,0.5160741297795957,hold
2025-12-05,-1,-1,-0.0086265394598917,0.0086265394598917,0.5205260636243686,hold
2025-12-08,0,-1,-0.0046570811090926,0.0046570811090926,0.522950195722064,hold
2025-12-09,-1,-1,-0.0031598875909956,0.0031598875909956,0.5246026595562349,hold
2025-12-10,-1,-1,0.0054565875164998,-0.0054565875164998,0.5217401192329777,hold
2025-12-11,1,1,0.0057299900196514,0.0057299900196514,0.5242079447898015,flip
2025-12-12,1,1,-0.0007543469807149,-0.0007543469807149,0.5238125101093826,hold
2025-12-15,-1,-1,-0.0064240688375742,0.0064240688375742,0.5266537052221985,flip
2025-12-16,-1,-1,-0.0016066770334456,0.0016066770334456,0.5274998676349579,hold
2025-12-17,-1,-1,-0.0001161955225689,0.0001161955225689,0.5275611607577327,hold
2025-12-18,-1,-1,0.0058433620360547,-0.0058433620360547,0.5244784298992641,hold
2025-12-19,1,1,0.0079333291061156,0.0079333291061156,0.5281148114628146,flip
2025-12-22,0,1,0.0001814888939914,0.0001814888939914,0.5282106584358475,hold
2025-12-23,1,1,-0.0013389838361685,-0.0013389838361685,0.5275033929021099,hold
2025-12-24,-1,-1,-0.003817552133005,0.003817552133005,0.5289896612119487,flip
2025-12-26,-1,-1,-0.0038476313101776,0.0038476313101776,0.531025018395188,hold
2025-12-29,-1,-1,-0.0001252789885528,0.0001252789885528,0.5310915446723888,hold
2025-12-30,-1,-1,0.007353834224439,-0.007353834224439,0.5271859854948668,hold
2025-12-31,0,-1,0.0006487344669803,-0.0006487344669803,0.5268439817755673,hold
2026-01-01,-1,-1,0.0069607651702385,-0.0069607651702385,0.5231767445370742,hold
2026-01-02,0,-1,-0.002972058760474,0.002972058760474,0.5247316565639519,hold
2026-01-05,-1,-1,-0.0027276473171363,0.0027276473171363,0.526162939459195,hold
