idx,date,signal,position,return,pnl,equity,action
0,2020-01-01,0,0,0.0081838863379848,0.0,1.0,hold
1,2020-01-02,0,0,-0.0045227893866035,-0.0,1.0,hold
2,2020-01-03,0,0,-0.0191058530729412,-0.0,1.0,hold
3,2020-01-06,0,0,0.0049945920012428,0.0,1.0,hold
4,2020-01-07,0,0,-0.0022899444111396,-0.0,1.0,hold
5,2020-01-08,0,0,0.0158457581226116,0.0,1.0,hold
6,2020-01-09,0,0,0.0033480474426501,0.0,1.0,hold
7,2020-01-10,0,0,0.0059354808073293,0.0,1.0,hold
8,2020-01-13,0,0,0.0026562202609821,0.0,1.0,hold
9,2020-01-14,0,0,-0.0015369308543056,-0.0,1.0,hold
10,2020-01-15,0,0,0.0009884063018437,0.0,1.0,hold
11,2020-01-16,0,0,-0.0002549788049855,-0.0,1.0,hold
12,2020-01-17,0,0,-0.0103461939411514,-0.0,1.0,hold
13,2020-01-20,0,0,-0.0044746183856623,-0.0,1.0,hold
14,2020-01-21,0,0,-0.0051725551893021,-0.0,1.0,hold
15,2020-01-22,0,0,0.0060667236352978,0.0,1.0,hold
16,2020-01-23,0,0,0.0055745847042631,0.0,1.0,hold
17,2020-01-24,0,0,-0.0105525279121506,-0.0,1.0,hold
18,2020-01-27,0,0,-0.0052149678449129,-0.0,1.0,hold
19,2020-01-28,0,0,0.0061132563999481,0.0,1.0,hold
20,2020-01-29,0,0,-0.007724984155365,-0.0,1.0,hold
21,2020-01-30,0,0,-0.0061234148547233,-0.0,1.0,hold
22,2020-01-31,0,0,-0.0212503847193161,-0.0,1.0,hold
23,2020-02-03,0,0,0.0232108226866707,0.0,1.0,hold
24,2020-02-04,0,0,0.0091405004678344,0.0,1.0,hold
25,2020-02-05,0,0,0.0040366612301674,0.0,1.0,hold
26,2020-02-06,0,0,-0.0032625431230384,-0.0,1.0,hold
27,2020-02-07,0,0,-0.0055255147630383,-0.0,1.0,hold
28,2020-02-10,0,0,0.0063500303889789,0.0,1.0,hold
29,2020-02-11,0,0,0.0077056964194832,0.0,1.0,hold
30,2020-02-12,0,0,-0.0021759994314084,-0.0,1.0,hold
31,2020-02-13,0,0,-0.0050268544351488,-0.0,1.0,hold
32,2020-02-14,0,0,-0.0055847334602637,-0.0,1.0,hold
33,2020-02-17,0,0,-0.0044247626186481,-0.0,1.0,hold
34,2020-02-18,0,0,0.011123651500938,0.0,1.0,hold
35,2020-02-19,0,0,-0.0037152524595064,-0.0,1.0,hold
36,2020-02-20,0,0,-0.0208138687990014,-0.0,1.0,hold
37,2020-02-24,0,0,-0.0026628568617023,-0.0,1.0,hold
38,2020-02-25,0,0,-0.0101204779385897,-0.0,1.0,hold
39,2020-02-26,0,0,-0.0038703767874727,-0.0,1.0,hold
40,2020-02-27,0,0,-0.0370960786649383,-0.0,1.0,hold
41,2020-02-28,0,0,-0.0061597518244916,-0.0,1.0,hold
42,2020-03-02,0,0,0.0153196474085468,0.0,1.0,hold
43,2020-03-03,0,0,-0.0046269501465237,-0.0,1.0,hold
44,2020-03-04,0,0,0.0015998577904186,0.0,1.0,hold
45,2020-03-05,0,0,-0.0248069753028219,-0.0,1.0,hold
46,2020-03-06,0,0,-0.0489560433359516,-0.0,1.0,hold
47,2020-03-09,0,0,0.0006649981756232,0.0,1.0,hold
48,2020-03-11,0,0,-0.0830193880106471,-0.0,1.0,hold
49,2020-03-12,1,1,0.0380650761268936,0.0380650761268936,1.0375650761268937,enter
50,2020-03-13,0,1,-0.0761210010667908,-0.0761210010667908,0.9585845838601736,hold
51,2020-03-16,1,1,-0.0250451840905282,-0.0250451840905282,0.9345766564910531,hold
52,2020-03-17,1,1,-0.055564540272715,-0.055564540272715,0.8826473342235167,hold
53,2020-03-18,1,1,-0.0242477817531284,-0.0242477817531284,0.8612450942982843,hold
54,2020-03-19,1,1,0.0583291468584656,0.0583291468584656,0.9114807858847421,hold
55,2020-03-20,0,1,-0.1298046607047124,-0.1298046607047124,0.7931663317341086,hold
56,2020-03-23,1,1,0.0250714240251634,0.0250714240251634,0.8130521411594979,hold
57,2020-03-24,0,1,0.0662474689466749,0.0662474689466749,0.8669147876329893,hold
58,2020-03-25,0,1,0.0389043564303894,0.0389043564303894,0.9006415495258385,hold
59,2020-03-26,0,1,0.0021755381634551,0.0021755381634551,0.9026009295884254,hold
60,2020-03-27,0,1,-0.0437805364308189,-0.0437805364308189,0.8630845767080884,hold
61,2020-03-30,0,1,0.0382377227133605,0.0382377227133605,0.8960869654304304,hold
62,2020-03-31,0,1,-0.0400046750966822,-0.0400046750966822,0.8602392975200142,hold
63,2020-04-01,0,1,-0.0205965741867707,-0.0205965741867707,0.8425213150102676,hold
64,2020-04-03,1,1,0.0876321046711503,0.0876321046711503,0.9163532310749226,hold
65,2020-04-07,0,1,-0.0049419024075071,-0.0049419024075071,0.9118247028361465,hold
66,2020-04-08,0,1,0.0415088316188025,0.0415088316188025,0.9496734808920367,hold
67,2020-04-09,0,1,-0.0129556707370791,-0.0129556707370791,0.9373698239658637,hold
68,2020-04-13,0,1,-0.0076218535626885,-0.0076218535626885,0.9302253284335127,hold
69,2020-04-15,0,1,0.0075627711647903,0.0075627711647903,0.9372604097241473,hold
70,2020-04-16,0,1,0.0304632818768748,0.0304632818768748,0.9658124377776092,hold
71,2020-04-17,0,1,-0.0005288143766692,-0.0005288143766692,0.9653017022753465,hold
72,2020-04-20,0,1,-0.0302746671440956,-0.0302746671440956,0.9360775145453315,hold
73,2020-04-21,0,1,0.0229194177887257,0.0229194177887257,0.9575318661838279,hold
74,2020-04-22,0,1,0.0137799558770148,0.0137799558770148,0.9707266130506768,hold
75,2020-04-23,0,1,-0.0171249415723349,-0.0171249415723349,0.9541029765194734,hold
76,2020-04-24,0,1,0.0139713589754586,0.0139713589754586,0.9674330917039805,hold
77,2020-04-27,0,1,0.0106224306488902,0.0106224306488902,0.9777095826280475,hold
78,2020-04-28,0,1,0.0183830135241964,0.0183830135241964,0.9956828311082354,hold
79,2020-04-29,0,1,0.032088303452139,0.032088303452139,1.0276326039349215,hold
80,2020-04-30,0,1,-0.057444839013135,-0.057444839013135,0.9686004144372312,hold
81,2020-05-04,0,1,-0.0094582655216011,-0.0094582655216011,0.959439134533151,hold
82,2020-05-05,0,1,0.0070935934671216,0.0070935934671216,0.9662450057099763,hold
83,2020-05-06,0,1,-0.0077501195040513,-0.0077501195040513,0.9587564914455313,hold
84,2020-05-07,0,1,0.0057016970693835,0.0057016970693835,0.9642230305230587,hold
85,2020-05-08,0,1,-0.0013294930214019,-0.0013294930214019,0.9629411027329032,hold
86,2020-05-11,0,1,-0.0046162427183511,-0.0046162427183511,0.9584959328792114,hold
87,2020-05-12,0,1,0.0203337125303977,0.0203337125303977,0.9779857136399327,hold
88,2020-05-13,0,1,-0.0256619093732747,-0.0256619093732747,0.9528887328881473,hold
89,2020-05-14,0,1,-0.0006453627874545,-0.0006453627874545,0.9522737739593566,hold
90,2020-05-15,0,1,-0.0343225097032598,-0.0343225097032598,0.9195893481124768,hold
91,2020-05-18,0,1,0.0063298228402233,0.0063298228402233,0.9254101857717852,hold
92,2020-05-19,0,1,0.021111396826158,0.021111396826158,0.9449468874305821,hold
93,2020-05-20,0,1,0.0043787544510012,0.0043787544510012,0.9490845778198785,hold
94,2020-05-21,0,1,-0.0073575840768702,-0.0073575840768702,0.942101608242508,hold
95,2020-05-22,0,1,-0.0011284338094974,-0.0011284338094974,0.9410385089357852,hold
96,2020-05-26,0,1,0.0316645047717616,0.0316645047717616,0.9708360272923938,hold
97,2020-05-27,0,1,0.0188030435364687,0.0188030435364687,0.9890906993803451,hold
98,2020-05-28,0,1,0.0095046626511057,0.0095046626511057,0.9984916728093015,hold
99,2020-05-29,0,1,0.0256620973194605,0.0256620973194605,1.0241150632896048,hold
100,2020-06-01,0,1,0.0155655279707429,0.0155655279707429,1.0400559549524984,hold
101,2020-06-02,0,1,0.0082622880359908,0.0082622880359908,1.0486491968258633,hold
102,2020-06-03,0,1,-0.0032251686810099,-0.0032251686810099,1.0452671262788944,hold
103,2020-06-04,0,1,0.0112722762414605,0.0112722762414605,1.0570496660724278,hold
104,2020-06-05,0,1,0.0024945207587225,0.0024945207587225,1.0596864984074463,hold
105,2020-06-08,0,1,-0.0118810323499978,-0.0118810323499978,1.0470963288390116,hold
106,2020-06-09,0,1,0.0069177285262014,0.0069177285262014,1.054339856982702,hold
107,2020-06-10,0,1,-0.021169158460066,-0.021169158460066,1.032020369479472,hold
108,2020-06-11,0,1,0.0071602091117954,0.0071602091117954,1.0394098511325776,hold
109,2020-06-12,0,1,-0.0159632793948444,-0.0159632793948444,1.0228174612731946,hold
110,2020-06-15,0,1,0.010220386061458,0.010220386061458,1.033271050597807,hold
111,2020-06-16,0,1,-0.0033134566648174,-0.0033134566648174,1.0298473517486408,hold
112,2020-06-17,0,1,0.0213031875518985,0.0213031875518985,1.051786383032768,hold
113,2020-06-18,0,1,0.0151362754442923,0.0151362754442923,1.067706511434908,hold
114,2020-06-19,0,1,0.0065206163504338,0.0065206163504338,1.0746686159708352,hold
115,2020-06-22,0,1,0.0154976919912916,0.0154976919912916,1.091323499173859,hold
116,2020-06-23,0,1,-0.0158246772335498,-0.0158246772335498,1.0740536570420445,hold
117,2020-06-24,0,1,-0.0015913572989929,-0.0015913572989929,1.0723444539154006,hold
118,2020-06-25,0,1,0.0091457401473864,0.0091457401473864,1.082151837639402,hold
119,2020-06-26,0,1,-0.0067995386087835,-0.0067995386087835,1.0747937044388067,hold
120,2020-06-29,0,1,-0.0009988732845714,-0.0009988732845714,1.0737201217210173,hold
121,2020-06-30,0,1,0.0124198173347171,0.0124198173347171,1.0870555295014026,hold
122,2020-07-01,0,1,0.0116634525148986,0.0116634525148986,1.0997343500508001,hold
123,2020-07-02,0,1,0.0052739760448483,0.0052739760448483,1.105534322668665,hold
124,2020-07-03,0,1,0.014735139974255,0.014735139974255,1.121824525659531,hold
125,2020-07-06,0,1,0.0033445902359812,0.0033445902359812,1.125576569014536,hold
126,2020-07-07,0,1,-0.008694762073642,-0.008694762073642,1.1157899485512885,hold
127,2020-07-08,0,1,0.0100600327219018,0.0100600327219018,1.1270148319444837,hold
128,2020-07-09,0,1,-0.0041985110954393,-0.0041985110954393,1.12228304766784,hold
129,2020-07-10,0,1,0.0032178891492418,0.0032178891492418,1.1258944301093083,hold
130,2020-07-13,0,1,-0.0180834960154004,-0.0180834960154004,1.1055343226686651,hold
131,2020-07-14,0,1,0.0010229309240368,0.0010229309240368,1.106665207914907,hold
132,2020-07-15,0,1,0.0114661616621005,0.0114661616621005,1.1193544100946815,hold
133,2020-07-16,0,1,0.0150605912558696,0.0150605912558696,1.1362125493355726,hold
134,2020-07-17,0,1,0.0110533217609316,0.0110533217609316,1.1487714722321871,hold
135,2020-07-20,0,1,0.0127061568657644,0.0127061568657644,1.1633679427612844,hold
136,2020-07-21,0,1,-0.0026563094918139,-0.0026563094918139,1.1602776774524555,hold
137,2020-07-22,0,1,0.0074421598588463,0.0074421598588463,1.1689126494087076,hold
138,2020-07-23,0,1,-0.0018991484351116,-0.0018991484351116,1.1666927107798009,hold
139,2020-07-24,0,1,-0.0055699256988469,-0.0055699256988469,1.1601943190673711,hold
140,2020-07-27,0,1,0.0151592736988444,0.0151592736988444,1.177782022293958,hold
141,2020-07-28,0,1,-0.0086456143286032,-0.0086456143286032,1.167599373166042,hold
142,2020-07-29,0,1,-0.0089887146807479,-0.0089887146807479,1.1571041555392323,hold
143,2020-07-30,0,1,-0.0025851023723058,-0.0025851023723058,1.1541129228417428,hold
144,2020-07-31,0,1,-0.0164222155452939,-0.0164222155452939,1.1351598316592266,hold
145,2020-08-03,0,1,0.0186979321613793,0.0186979321613793,1.1563849731839138,hold
146,2020-08-04,0,1,0.0005768586219327,0.0005768586219327,1.1570520438259684,hold
147,2020-08-05,0,1,0.0088725546683743,0.0088725546683743,1.1673180513389685,hold
148,2020-08-06,0,1,0.001241002448872,0.001241002448872,1.1687666958992926,hold
149,2020-08-07,0,1,0.005002705259437,0.005002705259437,1.1746136911959228,hold
150,2020-08-10,0,1,0.0046449787767293,0.0046449787767293,1.1800697468623835,hold
151,2020-08-11,0,1,-0.0012452735151247,-0.0012452735151247,1.178600237260616,hold
152,2020-08-12,0,1,-0.000703034473301,-0.000703034473301,1.177771640663581,hold
153,2020-08-13,0,1,-0.0108004373788689,-0.0108004373788689,1.1650511918119864,hold
154,2020-08-14,0,1,0.0061457110453491,0.0061457110453491,1.1722112597899024,hold
155,2020-08-17,0,1,0.0122920579350753,0.0122920579350753,1.1866201485073875,hold
156,2020-08-18,0,1,0.0020246002135075,0.0020246002135075,1.189022579913408,hold
157,2020-08-19,0,1,-0.008432399987605,-0.008432399987605,1.178996265925284,hold
158,2020-08-20,0,1,0.0052509160938571,0.0052509160938571,1.1851870763926287,hold
159,2020-08-21,0,1,0.0083410064718865,0.0083410064718865,1.1950727294672159,hold
160,2020-08-24,0,1,0.0005058064691958,0.0005058064691958,1.19567720498494,hold
161,2020-08-25,0,1,0.0067423225064831,0.0067423225064831,1.2037388463145988,hold
162,2020-08-26,0,1,0.0008355606212675,0.0008355606212675,1.2047446430928694,hold
163,2020-08-27,0,1,0.0076431956549949,0.0076431956549949,1.2139527421143352,hold
164,2020-08-28,0,1,-0.0223307478019462,-0.0223307478019462,1.186844269586699,hold
165,2020-08-31,0,1,0.0072667398463226,0.0072667398463226,1.1954687581318844,hold
166,2020-09-01,0,1,0.0056450382511279,0.0056450382511279,1.2022172249995673,hold
167,2020-09-02,0,1,-0.0006545127600779,-0.0006545127600779,1.2014303584854196,hold
168,2020-09-03,0,1,-0.0167947449485598,-0.0167947449485598,1.1812526420412002,hold
169,2020-09-04,0,1,0.0018705202595032,0.0018705202595032,1.18346219903973,hold
170,2020-09-07,0,1,-0.0033201259317187,-0.0033201259317187,1.1795329555034895,hold
171,2020-09-08,0,1,-0.0034769279675166,-0.0034769279675166,1.1754318043818919,hold
172,2020-09-09,0,1,0.0151844298634509,0.0151844298634509,1.1932800661747982,hold
173,2020-09-10,0,1,0.0013276149365679,0.0013276149365679,1.1948642826141607,hold
174,2020-09-11,0,1,-0.0021283524468515,-0.0021283524468515,1.1923211902946034,hold
175,2020-09-14,0,1,0.0071459479106903,0.0071459479106903,1.200841455413261,hold
176,2020-09-15,0,1,0.0071820376506051,0.0071820376506051,1.2094659439584463,hold
177,2020-09-16,0,1,-0.0076220272911209,-0.0076220272911209,1.2002473615259137,hold
178,2020-09-17,0,1,-0.0009681588767627,-0.0009681588767627,1.1990853313885415,hold
179,2020-09-18,0,1,-0.0221122548386738,-0.0221122548386738,1.1725708509675623,hold
180,2020-09-21,0,1,-0.0086128603263573,-0.0086128603263573,1.1624716620054207,hold
181,2020-09-22,0,1,-0.0019545871070447,-0.0019545871070447,1.1601995098825602,hold
182,2020-09-23,0,1,-0.0293122720965164,-0.0293122720965164,1.1261914261626376,hold
183,2020-09-24,0,1,0.0226457884823545,0.0226457884823545,1.151694918990158,hold
184,2020-09-25,0,1,0.0160448681873712,0.0160448681873712,1.1701737121574203,hold
185,2020-09-28,0,1,-0.0004586409458945,-0.0004586409458945,1.1696370225792154,hold
186,2020-09-29,0,1,0.0022410013176423,0.0022410013176423,1.1722581806879788,hold
187,2020-09-30,0,1,0.0150610927327836,0.0150610927327836,1.1899136698540846,hold
188,2020-10-01,0,1,0.0075676439490797,0.0075676439490797,1.1989185128376831,hold
189,2020-10-05,0,1,0.0138264754746197,0.0138264754746197,1.215495330251501,hold
190,2020-10-06,0,1,0.0065551872847253,0.0065551872847253,1.2234631297850087,hold
191,2020-10-07,0,1,0.0081566766068399,0.0081566766068399,1.2334425228750572,hold
192,2020-10-08,0,1,0.0067260903253916,0.0067260903253916,1.2417387686950938,hold
193,2020-10-09,0,1,0.0014058853909966,0.0014058853909966,1.2434845110894364,hold
194,2020-10-12,0,1,0.0002975290843887,0.0002975290843887,1.2438544838974723,hold
195,2020-10-13,0,1,0.0030625333853533,0.0030625333853533,1.2476638297809297,hold
196,2020-10-14,0,1,-0.0242836008583533,-0.0242836008583533,1.217366059333125,hold
197,2020-10-15,0,1,0.007028949362235,0.007028949362235,1.2259228637194812,hold
198,2020-10-16,0,1,0.0094027696218492,0.0094027696218492,1.2374499339811933,hold
199,2020-10-19,0,1,0.0020003285078973,0.0020003285078973,1.2399252403612315,hold
200,2020-10-20,0,1,0.0034337457642519,0.0034337457642519,1.244182828403311,hold
201,2020-10-21,0,1,-0.0034512817819539,-0.0034512817819539,1.2398888028742228,hold
202,2020-10-22,0,1,0.0028495402835257,0.0028495402835257,1.2434219159651054,hold
203,2020-10-23,0,1,-0.0136290733045432,-0.0136290733045432,1.2264752275239414,hold
204,2020-10-26,0,1,0.0103376083469652,0.0103376083469652,1.2391540480733392,hold
205,2020-10-27,0,1,-0.0134406089457635,-0.0134406089457635,1.2224990630896255,hold
206,2020-10-28,0,1,-0.0050129421843609,-0.0050129421843609,1.2163707459659219,hold
207,2020-10-29,0,1,-0.0024333734223676,-0.0024333734223676,1.213410861720943,hold
208,2020-10-30,0,1,0.0022976361491175,0.0022976361491175,1.2161988383805649,hold
209,2020-11-02,0,1,0.0123701901631991,0.0123701901631991,1.2312434492875943,hold
210,2020-11-03,0,1,0.008041647267956,0.008041647267956,1.2411446748077468,hold
211,2020-11-04,0,1,0.0177855989156905,0.0177855989156905,1.2632191761902225,hold
212,2020-11-05,0,1,0.0118190145712895,0.0118190145712895,1.278149182040347,hold
213,2020-11-06,0,1,0.0161046355374614,0.0161046355374614,1.2987333087796114,hold
214,2020-11-09,0,1,0.0136465071043638,0.0136465071043638,1.3164564821045464,hold
215,2020-11-10,0,1,0.0093460415087203,0.0093460415087203,1.3287601390307193,hold
216,2020-11-11,0,1,-0.0045768215253314,-0.0045768215253314,1.3226786410244011,hold
217,2020-11-12,0,1,0.0022969703307613,0.0022969703307613,1.325716794619966,hold
218,2020-11-13,0,1,0.0121266198083733,0.0121266198083733,1.3417932581618977,hold
219,2020-11-17,0,1,0.0049750511655721,0.0049750511655721,1.348468748274873,hold
220,2020-11-18,0,1,-0.0128726686134137,-0.0128726686134137,1.3311103569427858,hold
221,2020-11-19,0,1,0.0068393094137191,0.0068393094137191,1.3402142325377235,hold
222,2020-11-20,0,1,0.005241475198302,0.005241475198302,1.3472389321979814,hold
223,2020-11-23,0,1,0.0099563448098976,0.0099563448098976,1.3606525075482627,hold
224,2020-11-24,0,1,-0.0150706804680923,-0.0150706804680923,1.3401465483788944,hold
225,2020-11-25,0,1,0.0100012136399767,0.0100012136399767,1.353549640318109,hold
226,2020-11-26,0,1,-0.0013898363507738,-0.0013898363507738,1.351668427825418,hold
227,2020-11-27,0,1,0.0108026946873185,0.0108026946873185,1.366270089169704,hold
228,2020-12-01,0,1,0.0003585458429504,0.0003585458429504,1.3667599596305233,hold
229,2020-12-02,0,1,0.00153658492994,0.00153658492994,1.368860102387337,hold
230,2020-12-03,0,1,0.0094906623588735,0.0094906623588735,1.3818514914356284,hold
231,2020-12-04,0,1,0.0073311332494399,0.0073311332494399,1.3919820288502802,hold
232,2020-12-07,0,1,0.0027853318093331,0.0027853318093331,1.395859160673257,hold
233,2020-12-08,0,1,0.0101657522858669,0.0101657522858669,1.4100491191266196,hold
234,2020-12-09,0,1,-0.0037548548058806,-0.0037548548058806,1.4047545894151394,hold
235,2020-12-10,0,1,0.0026375585350264,0.0026375585350264,1.408459711872069,hold
236,2020-12-11,0,1,0.0032781762806703,0.0032781762806703,1.413076891091808,hold
237,2020-12-14,0,1,0.0007153791977927,0.0007153791977927,1.4140877769045765,hold
238,2020-12-15,0,1,0.008464907059269,0.008464907059269,1.426057898509722,hold
239,2020-12-16,0,1,0.0042389293905504,0.0042389293905504,1.4321028572483416,hold
240,2020-12-17,0,1,0.0014445849987885,0.0014445849987885,1.4341716515526448,hold
241,2020-12-18,0,1,-0.0314049525779333,-0.0314049525779333,1.3891315588470177,hold
242,2020-12-21,0,1,0.0103462838766079,0.0103462838766079,1.403503908296804,hold
243,2020-12-22,0,1,0.0100101591857162,0.0100101591857162,1.4175532058366298,hold
244,2020-12-23,0,1,0.0108925303747413,0.0108925303747413,1.4329939471890172,hold
245,2020-12-24,0,1,0.0090150513891666,0.0090150513891666,1.445912461263291,hold
246,2020-12-28,0,1,0.0042815942411449,0.0042815942411449,1.4521032717306357,hold
247,2020-12-29,0,1,0.0035420946069744,0.0035420946069744,1.4572467588982028,hold
248,2020-12-30,0,1,-1.4318125132972703e-05,-1.4318125132972703e-05,1.4572258938567593,hold
249,2020-12-31,0,1,0.0026284263414808,0.0026284263414808,1.4610561047816604,hold
250,2021-01-01,0,1,0.0081606727271106,0.0081606727271106,1.4729793054887306,hold
251,2021-01-04,0,1,0.0047123808655142,0.0047123808655142,1.4799205449832142,hold
252,2021-01-05,0,1,-0.0037501320469031,-0.0037501320469031,1.4743706475206024,hold
253,2021-01-06,0,1,-0.000629169612088,-0.000629169612088,1.473443018312228,hold
254,2021-01-07,0,1,0.014847223590326,0.014847223590326,1.4953195562527146,hold
255,2021-01-08,0,1,0.0095837181341371,0.0095837181341371,1.5096502774003038,hold
256,2021-01-11,0,1,0.0054333140242324,0.0054333140242324,1.5178526814241893,hold
257,2021-01-12,0,1,9.609083312889231e-05,9.609083312889231e-05,1.5179985331529142,hold
258,2021-01-13,0,1,0.002111247340323,0.002111247340323,1.5212034035186477,hold
259,2021-01-14,0,1,-0.0110923441582015,-0.0110923441582015,1.5043296918321913,hold
260,2021-01-15,0,1,-0.0105586501425666,-0.0105586501425666,1.4884460009170601,hold
261,2021-01-18,0,1,0.0167947308170628,0.0167947308170628,1.5134440508381959,hold
262,2021-01-19,0,1,0.008508265623863,0.008508265623863,1.5263208348295827,hold
263,2021-01-20,0,1,-0.0037112802046228,-0.0037112802046228,1.5206562305293765,hold
264,2021-01-21,0,1,-0.0149721716475961,-0.0149721716475961,1.4978887044289042,hold
265,2021-01-22,0,1,-0.0092541693433081,-0.0092541693433081,1.4840269887006907,hold
266,2021-01-25,0,1,-0.0190604880418779,-0.0190604880418779,1.4557407100287372,hold
267,2021-01-27,0,1,-0.0107356502819043,-0.0107356502819043,1.4401123868647376,hold
268,2021-01-28,0,1,-0.0132404223540728,-0.0132404223540728,1.4210446906253167,hold
269,2021-01-29,0,1,0.0474235111013383,0.0474235111013383,1.4884356192866843,hold
270,2021-02-01,0,1,0.0256735714819573,0.0256735714819573,1.5266490775547326,hold
271,2021-02-02,0,1,0.0097011226717231,0.0097011226717231,1.541459287532764,hold
272,2021-02-03,0,1,0.0071467580293813,0.0071467580293813,1.5524757240729032,hold
273,2021-02-04,0,1,0.0019199973566108,0.0019199973566108,1.5554564733593257,hold
274,2021-02-05,0,1,0.0128348027329681,0.0128348027329681,1.575420450354611,hold
275,2021-02-08,0,1,-0.0004300136336804,-0.0004300136336804,1.5747429980821794,hold
276,2021-02-09,0,1,-0.0001853034041081,-0.0001853034041081,1.5744511928440394,hold
277,2021-02-10,0,1,0.0044219246475027,0.0044219246475027,1.5814132973799666,hold
278,2021-02-11,0,1,-0.0006590524229219,-0.0006590524229219,1.5803710631146874,hold
279,2021-02-12,0,1,0.0099846598415338,0.0099846598415338,1.5961505306032908,hold
280,2021-02-15,0,1,-8.162092525865194e-05,-8.162092525865194e-05,1.596020251320131,hold
281,2021-02-16,0,1,-0.0068273186874309,-0.0068273186874309,1.5851237124327748,hold
282,2021-02-17,0,1,-0.0059143128695843,-0.0059143128695843,1.5757487948604505,hold
283,2021-02-18,0,1,-0.0090747170630297,-0.0090747170630297,1.561449320384682,hold
284,2021-02-19,0,1,-0.0204281745915864,-0.0204281745915864,1.5295517610519498,hold
285,2021-02-22,0,1,0.0021872625461001,0.0021872625461001,1.5328972923312203,hold
286,2021-02-23,0,1,0.0186431824578623,0.0186431824578623,1.5614753762413143,hold
287,2021-02-24,0,1,0.0076992130139501,0.0076992130139501,1.573497507779034,hold
288,2021-02-25,0,1,-0.0376356932475859,-0.0376356932475859,1.5142778382504214,hold
289,2021-02-26,0,1,0.0159953891187234,0.0159953891187234,1.5384993015070962,hold
290,2021-03-01,0,1,0.0106729853417877,0.0106729853417877,1.554919682000432,hold
291,2021-03-02,0,1,0.0218846987116321,0.0218846987116321,1.5889486307617984,hold
292,2021-03-03,0,1,-0.0108129305241382,-0.0108129305241382,1.5717674396109464,hold
293,2021-03-04,0,1,-0.0094591045289524,-0.0094591045289524,1.5568999271044626,hold
294,2021-03-05,0,1,0.0012117060677612,0.0012117060677612,1.558786432193032,hold
295,2021-03-08,0,1,0.0095077756017913,0.0095077756017913,1.5736070238014404,hold
296,2021-03-09,0,1,0.0050600998838219,0.0050600998838219,1.5815696325197595,hold
297,2021-03-10,0,1,-0.0094795062357636,-0.0094795062357636,1.5665771333259941,hold
298,2021-03-12,0,1,-0.006749419963093,-0.006749419963093,1.5560036463485987,hold
299,2021-03-15,0,1,-0.0012759841044576,-0.0012759841044576,1.5540182104293798,hold
300,2021-03-16,0,1,-0.0126857598628687,-0.0126857598628687,1.5343043085893477,hold
301,2021-03-17,0,1,-0.0111029730717429,-0.0111029730717429,1.5172689691672212,hold
302,2021-03-18,0,1,0.0127869428260285,0.0127869428260285,1.5366702007276698,hold
303,2021-03-19,0,1,-0.0005154374236977,-0.0005154374236977,1.5358781433983337,hold
304,2021-03-22,0,1,0.0053167399974314,0.0053167399974314,1.5440440081545204,hold
305,2021-03-23,0,1,-0.0179111769942118,-0.0179111769942118,1.5163883626376125,hold
306,2021-03-24,0,1,-0.0154301891468089,-0.0154301891468089,1.492990203382094,hold
307,2021-03-25,0,1,0.0127330319296232,0.0127330319296232,1.5120004953123731,hold
308,2021-03-26,0,1,0.0232848158675504,0.0232848158675504,1.5472071484373668,hold
309,2021-03-30,0,1,-0.0104006990943323,-0.0104006990943323,1.5311151124498699,hold
310,2021-03-31,0,1,0.0120245741669184,0.0120245741669184,1.5495261196776131,hold
311,2021-04-01,0,1,-0.015439860548026,-0.015439860548026,1.5256016524742668,hold
312,2021-04-05,0,1,0.0031220672452334,0.0031220672452334,1.5303646834227307,hold
313,2021-04-06,0,1,0.0092314369658119,0.0092314369658119,1.5444921485324523,hold
314,2021-04-07,0,1,0.0036945688638336,0.0036945688638336,1.5501983811348559,hold
315,2021-04-08,0,1,-0.0026187118170183,-0.0026187118170183,1.5461388583154554,hold
316,2021-04-09,0,1,-0.0353255893040076,-0.0353255893040076,1.4915205919996364,hold
317,2021-04-12,0,1,0.0135561955060299,0.0135561955060299,1.511739936746053,hold
318,2021-04-13,0,1,0.0052844845607746,0.0052844845607746,1.519728703101694,hold
319,2021-04-15,0,1,0.0024962821650071,0.0024962821650071,1.5235223747588962,hold
320,2021-04-16,0,1,-0.0176769785548196,-0.0176769785548196,1.4965911024124954,hold
321,2021-04-19,0,1,-0.004390823034999,-0.004390823034999,1.490019835726048,hold
322,2021-04-20,0,1,0.0076767575754221,0.0076767575754221,1.501458356787487,hold
323,2021-04-22,0,1,-0.0044981330537942,-0.0044981330537942,1.4947045973239257,hold
324,2021-04-23,0,1,0.0100165182871698,0.0100165182871698,1.5096763332569376,hold
325,2021-04-26,0,1,0.011601643402658,0.011601643402658,1.527191059728817,hold
326,2021-04-27,0,1,0.014433855260107,0.014433855260107,1.5492343144394722,hold
327,2021-04-28,0,1,0.0020418099664161,0.0020418099664161,1.5523975565030086,hold
328,2021-04-29,0,1,-0.0177108120451774,-0.0177108120451774,1.5249033351603911,hold
329,2021-04-30,0,1,0.0002085134632017,0.0002085134632017,1.5252212980358533,hold
330,2021-05-03,0,1,-0.0094061074234402,-0.0094061074234402,1.5108749026620092,hold
331,2021-05-04,0,1,0.0083709591539336,0.0083709591539336,1.5235223747588962,hold
332,2021-05-05,0,1,0.0073164109749706,0.0073164109749706,1.5346690905821954,hold
333,2021-05-06,0,1,0.0066792477481554,0.0066792477481554,1.5449195256496302,hold
334,2021-05-07,0,1,0.0080414227481215,0.0080414227481215,1.5573428766672064,hold
335,2021-05-10,0,1,-0.0061302011912188,-0.0061302011912188,1.547796051509525,hold
336,2021-05-11,0,1,-0.0103866808073666,-0.0103866808073666,1.5317195879675933,hold
337,2021-05-12,0,1,-0.0012724250884564,-0.0012724250884564,1.5297705895353833,hold
338,2021-05-14,0,1,0.0167157604819725,0.0167157604819725,1.5553418683024227,hold
339,2021-05-17,0,1,0.012393443335275,0.012393443335275,1.5746179096142097,hold
340,2021-05-18,0,1,-0.0051594324081388,-0.0051594324081388,1.5664937749409105,hold
341,2021-05-19,0,1,-0.0082567760609306,-0.0082567760609306,1.5535595866403815,hold
342,2021-05-20,0,1,0.0180631356749747,0.0180631356749747,1.5816217442330245,hold
343,2021-05-21,0,1,0.0014761086049899,0.0014761086049899,1.5839563896995261,hold
344,2021-05-24,0,1,0.0007073438653115,0.0007073438653115,1.585076791534701,hold
345,2021-05-25,0,1,0.0061150215048646,0.0061150215048646,1.5947695702017977,hold
346,2021-05-26,0,1,0.0023788211965458,0.0023788211965458,1.5985632418590001,hold
347,2021-05-27,0,1,0.006376433707514,0.006376433707514,1.6087563743979827,hold
348,2021-05-28,0,1,0.0095330880357249,0.0095330880357249,1.6240927905431524,hold
349,2021-05-31,0,1,-0.0005101904286871,-0.0005101904286871,1.6232641939461177,hold
350,2021-06-01,0,1,8.67158252806366e-05,8.67158252806366e-05,1.6234049566403441,hold
351,2021-06-02,0,1,0.0073284506253876,0.0073284506253876,1.6353019997100926,hold
352,2021-06-03,0,1,-0.0012810173052479,-0.0012810173052479,1.6332071495491576,hold
353,2021-06-04,-1,-1,0.0051945814919991,-0.0051945814919991,1.6230901147679597,flip
354,2021-06-07,0,-1,-0.0007333060957773,0.0007333060957773,1.6242803366431149,hold
355,2021-06-08,-1,-1,-0.0066549769442125,0.0066549769442125,1.6350898848344126,hold
356,2021-06-09,0,-1,0.006549286916079,-0.006549286916079,1.6243812120450534,hold
357,2021-06-10,0,-1,0.0039141306333496,-0.0039141306333496,1.6180231717827502,hold
358,2021-06-11,0,-1,0.0007911718082738,-0.0007911718082738,1.6167430374641019,hold
359,2021-06-14,0,-1,0.0036302135450976,-0.0036302135450976,1.6108739149905573,hold
360,2021-06-15,0,-1,-0.0064086327528081,0.0064086327528081,1.62119741432281,hold
361,2021-06-16,0,-1,-0.0048295020472909,0.0048295020472909,1.6290269905543446,hold
362,2021-06-17,0,-1,-0.0005130696464038,0.0005130696464038,1.6298627948563704,hold
363,2021-06-18,0,-1,0.0040265882096546,-0.0040265882096546,1.623300008543247,hold
364,2021-06-21,0,-1,0.0016670371193598,-0.0016670371193598,1.6205939071731483,hold
365,2021-06-22,0,-1,-0.0054397492312691,0.0054397492312691,1.6294095316338928,hold
366,2021-06-23,0,-1,0.0065978407983298,-0.0065978407983298,1.6186589469488912,hold
367,2021-06-24,0,-1,0.0044266891189239,-0.0044266891189239,1.6114936470011838,hold
368,2021-06-25,0,-1,-0.0028782098242977,0.0028782098242977,1.616131863847776,hold
369,2021-06-28,0,-1,-0.0041891404314852,0.0041891404314852,1.622902067181232,hold
370,2021-06-29,0,-1,-0.0017112919035373,0.0017112919035373,1.6256793263490332,hold
371,2021-06-30,0,-1,-0.002639697229908,0.002639697229908,1.6299706275635155,hold
372,2021-07-01,0,-1,0.0026913389867666,-0.0026913389867666,1.6255838240662694,hold
373,2021-07-02,0,-1,0.007133188273225,-0.007133188273225,1.6139882285952958,hold
374,2021-07-05,0,-1,-0.0010167521731027,0.0010167521731027,1.615629254634082,hold
375,2021-07-06,0,-1,0.0038816171589777,-0.0038816171589777,1.609358000396748,hold
376,2021-07-07,0,-1,-0.0095562557277451,0.0095562557277451,1.624737437006032,hold
377,2021-07-08,0,-1,-0.0024224839292732,0.0024224839292732,1.6286733373364677,hold
378,2021-07-09,0,-1,0.0001784474449868,-0.0001784474449868,1.6283827047407018,hold
379,2021-07-12,0,-1,0.0076309854951284,-0.0076309854951284,1.6159565399403075,hold
380,2021-07-13,0,-1,0.0026308921169333,-0.0026308921169333,1.6117051326180716,hold
381,2021-07-14,0,-1,0.0044310723280038,-0.0044310723280038,1.604563550604026,hold
382,2021-07-15,0,-1,-5.0225736783704455e-05,5.0225736783704455e-05,1.6046441409905714,hold
383,2021-07-16,0,-1,-0.0107389122803617,0.0107389122803617,1.6218762736618653,hold
384,2021-07-19,0,-1,-0.0076369809214345,0.0076369809214345,1.634262511820748,hold
385,2021-07-20,0,-1,0.0122792331234495,-0.0122792331234495,1.614195021453187,hold
386,2021-07-22,0,-1,0.0020222383267853,-0.0020222383267853,1.6109307344138983,hold
387,2021-07-23,0,-1,-0.0019929055322251,0.0019929055322251,1.6141411671865433,hold
388,2021-07-26,0,-1,-0.0049290812026508,0.0049290812026508,1.6220974000721473,hold
389,2021-07-27,0,-1,-0.0023528988583426,0.0023528988583426,1.6259140311928975,hold
390,2021-07-28,0,-1,0.0043954449546468,-0.0043954449546468,1.6187674155678011,hold
391,2021-07-29,0,-1,-0.0009760394990868,0.0009760394990868,1.62034739650523,hold
392,2021-07-30,0,-1,0.0077460001364197,-0.0077460001364197,1.6077961853508531,hold
393,2021-08-02,0,-1,0.0154609558824161,-0.0154609558824161,1.5829381194612266,hold
394,2021-08-03,0,-1,0.0079382424678022,-0.0079382424678022,1.5703723728574166,hold
395,2021-08-04,0,-1,0.0022018725316477,-0.0022018725316477,1.5669146130651634,hold
396,2021-08-05,0,-1,-0.0034612335015614,0.0034612335015614,1.5723380704179906,hold
397,2021-08-06,0,-1,0.0012347307242392,-0.0012347307242392,1.5703966562935545,hold
398,2021-08-09,0,-1,0.0013439090538649,-0.0013439090538649,1.5682861860090023,hold
399,2021-08-10,0,-1,0.0001320870680521,-0.0001320870680521,1.5680790356848258,hold
400,2021-08-11,0,-1,0.0050453954843463,-0.0050453954843463,1.5601674567990833,hold
401,2021-08-12,0,-1,0.0100644823408473,-0.0100644823408473,1.5444651789813642,hold
402,2021-08-13,0,-1,0.0020540242770237,-0.0020540242770237,1.5412928100087187,hold
403,2021-08-16,0,-1,0.0031122785775283,-0.0031122785775283,1.5364958774144302,hold
404,2021-08-17,0,-1,-0.0027536023181795,0.0027536023181795,1.540726776024352,hold
405,2021-08-18,0,-1,-0.0071428984006249,0.0071428984006249,1.5517320308486164,hold
406,2021-08-20,0,-1,0.0027931806783987,-0.0027931806783987,1.5473977629219977,hold
407,2021-08-23,0,-1,0.0077683620836017,-0.0077683620836017,1.5353770168122645,hold
408,2021-08-24,0,-1,0.0006045728309951,-0.0006045728309951,1.5344487695825655,hold
409,2021-08-25,0,-1,0.0001352598309651,-0.0001352598309651,1.5342412203013671,hold
410,2021-08-26,0,-1,0.00410526158848,-0.00410526158848,1.5279427587522012,hold
411,2021-08-27,0,-1,0.0135198365217041,-0.0135198365217041,1.5072852224393498,hold
412,2021-08-30,0,-1,0.0118804461754233,-0.0118804461754233,1.4893780014831481,hold
413,2021-08-31,0,-1,-0.0032657347743637,0.0032657347743637,1.4942419150147639,hold
414,2021-09-01,0,-1,0.009246783727399,-0.009246783727399,1.4804249831902079,hold
415,2021-09-02,0,-1,0.0051902308336972,-0.0051902308336972,1.4727412357954783,hold
416,2021-09-03,0,-1,0.0031287476677577,-0.0031287476677577,1.4681334000887727,hold
417,2021-09-06,0,-1,-0.0009035189246697,0.0009035189246697,1.4694598863996926,hold
418,2021-09-07,-1,-1,-0.0004953092983268,0.0004953092983268,1.4701877235449448,hold
419,2021-09-08,0,-1,0.0009075978909154,-0.0009075978909154,1.4688533842678055,hold
420,2021-09-09,-1,-1,-0.0008030985074197,0.0008030985074197,1.4700330182283294,hold
421,2021-09-13,0,-1,0.001423151293159,-0.001423151293159,1.4679409388374514,hold
422,2021-09-14,0,-1,0.0080235453826236,-0.0080235453826236,1.4561628480956779,hold
423,2021-09-15,0,-1,0.0062816347635072,-0.0062816347635072,1.4470157649277524,hold
424,2021-09-16,0,-1,-0.0025156476006126,0.0025156476006126,1.4506559466648414,hold
425,2021-09-17,0,-1,-0.010705054879733,0.010705054879733,1.4661852981854995,hold
426,2021-09-20,0,-1,0.0094901738624639,-0.0094901738624639,1.4522709447911306,hold
427,2021-09-21,0,-1,-0.0008740239935656,0.0008740239935656,1.4535402644420363,hold
428,2021-09-22,0,-1,0.0157465283671818,-0.0157465283671818,1.4306520514351588,hold
429,2021-09-23,0,-1,0.0016972499684944,-0.0016972499684944,1.4282238772859341,hold
430,2021-09-24,0,-1,0.0001064453827974,-0.0001064453827974,1.4280718494485962,hold
431,2021-09-27,0,-1,-0.0059646824901542,0.0059646824901542,1.4365898446036844,hold
432,2021-09-28,0,-1,-0.0021015082285871,0.0021015082285871,1.4396088499832238,hold
433,2021-09-29,0,-1,-0.0052593760207388,0.0052593760207388,1.4471802942480692,hold
434,2021-09-30,0,-1,-0.0048869834497958,0.0048869834497958,1.45425264039493,hold
435,2021-10-01,0,-1,0.0090804675811375,-0.0090804675811375,1.4410473464390403,hold
436,2021-10-04,0,-1,0.0074076609199462,-0.0074076609199462,1.4303725563270318,hold
437,2021-10-05,0,-1,-0.0098921448702895,0.0098921448702895,1.444522008872705,hold
438,2021-10-06,0,-1,0.0081803020160375,-0.0081803020160375,1.4327053825713132,hold
439,2021-10-07,0,-1,0.0058936227604964,-0.0058936227604964,1.4242615575195052,hold
440,2021-10-08,0,-1,0.0028359561343596,-0.0028359561343596,1.4202224142185251,hold
441,2021-10-11,0,-1,0.0025632525445875,-0.0025632525445875,1.4165820255013994,hold
442,2021-10-12,0,-1,0.0094375978492116,-0.0094375978492116,1.4032128940242956,hold
443,2021-10-13,0,-1,0.0097347877407187,-0.0097347877407187,1.3895529143459295,hold
444,2021-10-14,0,-1,0.0075523961327199,-0.0075523961327199,1.3790584602894138,hold
445,2021-10-18,0,-1,-0.0031553077349963,0.0031553077349963,1.3834098141161772,hold
446,2021-10-19,0,-1,-0.00826062521208,0.00826062521208,1.3948376441053043,hold
447,2021-10-20,0,-1,-0.0048449082967022,0.0048449082967022,1.4015955045797825,hold
448,2021-10-21,0,-1,-0.0034766680845673,0.0034766680845673,1.4064683869380281,hold
449,2021-10-22,0,-1,0.0005796333280105,-0.0005796333280105,1.4056531509861656,hold
450,2021-10-25,0,-1,0.0078894808897,-0.0078894808897,1.3945632773139136,hold
451,2021-10-26,0,-1,-0.0031448386638428,0.0031448386638428,1.3989489538275859,hold
452,2021-10-27,0,-1,-0.0194223384240636,0.0194223384240636,1.4261198138468147,hold
453,2021-10-28,0,-1,-0.0103935157639054,0.0103935157639054,1.4409422126132496,hold
454,2021-10-29,0,-1,0.0145996550575078,-0.0145996550575078,1.4199049533512942,hold
455,2021-11-01,0,-1,-0.0022700482713416,0.0022700482713416,1.4231282061361186,hold
456,2021-11-02,0,-1,-0.0033400508475575,0.0033400508475575,1.4278815267072063,hold
457,2021-11-03,0,-1,0.0049133761659847,-0.0049133761659847,1.4208658076460332,hold
458,2021-11-04,0,-1,0.0084697040421863,-0.0084697040421863,1.4088314947716094,hold
459,2021-11-08,0,-1,-0.0013449214352717,0.0013449214352717,1.4107262624476136,hold
460,2021-11-09,0,-1,-0.0014991358050348,0.0014991358050348,1.4128411326987516,hold
461,2021-11-10,0,-1,-0.007970140510272,0.007970140510272,1.4241016750450524,hold
462,2021-11-11,0,-1,0.0128206066843303,-0.0128206066843303,1.4058438275908038,hold
463,2021-11-12,0,-1,0.0003700663573213,-0.0003700663573213,1.4053235720865647,hold
464,2021-11-15,0,-1,-0.0060879819517564,0.0060879819517564,1.4138791566298055,hold
465,2021-11-16,0,-1,-0.005586294529162,0.005586294529162,1.4217775020273828,hold
466,2021-11-17,0,-1,-0.0074781956434608,0.0074781956434608,1.4324098323490146,hold
467,2021-11-18,0,-1,-0.0196033721001568,0.0196033721001568,1.4604898952924754,hold
468,2021-11-22,0,-1,0.0049836979327988,-0.0049836979327988,1.4532112548204328,hold
469,2021-11-23,0,-1,-0.0050446817378146,0.0050446817378146,1.4605422430988122,hold
470,2021-11-24,0,-1,0.006959452503032,-0.006959452503032,1.4503776687292942,hold
471,2021-11-25,0,-1,-0.0290712541877539,0.0290712541877539,1.4925419666051654,hold
472,2021-11-26,0,-1,0.0016151341742889,-0.0016151341742889,1.490131311068341,hold
473,2021-11-29,0,-1,-0.004148599194972,0.004148599194972,1.4963132686258416,hold
474,2021-11-30,0,-1,0.0108166411704213,-0.0108166411704213,1.4801281849205756,hold
475,2021-12-01,0,-1,0.0136745711024337,-0.0136745711024337,1.459888066815163,hold
476,2021-12-02,0,-1,-0.0117776858673942,0.0117776858673942,1.4770821698676693,hold
477,2021-12-03,0,-1,-0.0165409195759996,0.0165409195759996,1.5015144672465934,hold
478,2021-12-06,0,-1,0.0156365485816494,-0.0156365485816494,1.4780359633334426,hold
479,2021-12-07,0,-1,0.0170609485278816,-0.0170609485278816,1.4528192678406526,hold
480,2021-12-08,0,-1,0.0026960665936832,-0.0026960665936832,1.4489023703459682,hold
481,2021-12-09,0,-1,-0.0003167708948091,0.0003167708948091,1.4493613404463137,hold
482,2021-12-10,0,-1,-0.0081690551168631,0.0081690551168631,1.4612012531206704,hold
483,2021-12-13,0,-1,-0.0024959111813221,0.0024959111813221,1.464848281666496,hold
484,2021-12-14,0,-1,-0.0059740603216401,0.0059740603216401,1.4735993736632225,hold
485,2021-12-15,0,-1,0.0015678167505297,-0.0015678167505297,1.4712890398816232,hold
486,2021-12-16,0,-1,-0.01525945397337,0.01525945397337,1.4937401072672205,hold
487,2021-12-17,0,-1,-0.0218425462793778,0.0218425462793778,1.5263671946895676,hold
488,2021-12-20,0,-1,0.009428705444209,-0.009428705444209,1.511975528011136,hold
489,2021-12-21,0,-1,0.0110071709945933,-0.0110071709945933,1.495332954834677,hold
490,2021-12-22,0,-1,0.0069093062126275,-0.0069093062126275,1.485001241559891,hold
491,2021-12-23,0,-1,-0.0040327548791804,0.0040327548791804,1.4909898875623804,hold
492,2021-12-24,0,-1,0.0048518709108285,-0.0048518709108285,1.483755797098577,hold
493,2021-12-27,0,-1,0.0086034091740434,-0.0086034091740434,1.470990438861779,hold
494,2021-12-28,0,-1,-0.0011402602889762,0.0011402602889762,1.4726677508446768,hold
495,2021-12-29,0,-1,-0.0005606259494814,0.0005606259494814,1.4734933666007648,hold
496,2021-12-30,0,-1,0.0087248317576065,-0.0087248317576065,1.460637384881224,hold
497,2021-12-31,0,-1,0.0156533158122078,-0.0156533158122078,1.437773566608561,hold
498,2022-01-03,0,-1,0.0101868742352642,-0.0101868742352642,1.4231271481067322,hold
499,2022-01-04,0,-1,0.006739585234692,-0.006739585234692,1.4135358613922628,hold
500,2022-01-05,0,-1,-0.0100054174627969,0.0100054174627969,1.4276788777841265,hold
501,2022-01-06,0,-1,0.0037641836511315,-0.0037641836511315,1.4223048322933056,hold
502,2022-01-07,0,-1,0.0107003189218717,-0.0107003189218717,1.407085716983648,hold
503,2022-01-10,0,-1,0.0029133112526023,-0.0029133112526023,1.4029864383309836,hold
504,2022-01-11,0,-1,0.0086731157318304,-0.0086731157318304,1.3908181745811505,hold
505,2022-01-12,0,-1,0.0024956237305924,-0.0024956237305924,1.3873472157397266,hold
506,2022-01-13,0,-1,-0.0001123235637506,0.0001123235637506,1.387503047523158,hold
507,2022-01-14,0,-1,0.0028675682661627,-0.0028675682661627,1.3835242878148766,hold
508,2022-01-17,0,-1,-0.0106536905679234,0.0106536905679234,1.3982639274704627,hold
509,2022-01-18,0,-1,-0.0096422404339412,0.0096422404339412,1.4117463244492396,hold
510,2022-01-19,0,-1,-0.010112406160797,0.010112406160797,1.4260224766780825,hold
511,2022-01-20,0,-1,-0.0078757453046686,0.0078757453046686,1.4372534665031316,hold
512,2022-01-21,0,-1,-0.0265679051873833,0.0265679051873833,1.4754382803314248,hold
513,2022-01-24,0,-1,0.0075134912216943,-0.0075134912216943,1.464352587764003,hold
514,2022-01-25,0,-1,-0.0097117329146276,0.0097117329146276,1.4785739889892109,hold
515,2022-01-27,0,-1,-0.0004793161771092,0.0004793161771092,1.4792826934211865,hold
516,2022-01-28,0,-1,0.0139107178709299,-0.0139107178709299,1.458704809221655,hold
517,2022-01-31,0,-1,0.0136679386118703,-0.0136679386118703,1.4387673214363734,hold
518,2022-02-01,0,-1,0.0115578385853996,-0.0115578385853996,1.4221382809732641,hold
519,2022-02-02,0,-1,-0.0123622486642295,0.0123622486642295,1.4397191080375753,hold
520,2022-02-03,0,-1,-0.0024998826581151,0.0024998826581151,1.4433182368683153,hold
521,2022-02-04,0,-1,-0.0172811129276234,0.0172811129276234,1.4682603823101348,hold
522,2022-02-07,0,-1,0.0030876976246183,-0.0030876976246183,1.4637268382153548,hold
523,2022-02-08,0,-1,0.0114121523303458,-0.0114121523303458,1.4470225645676258,hold
524,2022-02-09,0,-1,0.008133901085124,-0.008133901085124,1.4352526261594902,hold
525,2022-02-10,0,-1,-0.0131262969128136,0.0131262969128136,1.4540921782753553,hold
526,2022-02-11,0,-1,-0.0306162228952934,0.0306162228952934,1.4986109885157362,hold
527,2022-02-14,0,-1,0.0302591263839775,-0.0302591263839775,1.453264329213821,hold
528,2022-02-15,0,-1,-0.0017432697608654,0.0017432697608654,1.4557977609734838,hold
529,2022-02-16,0,-1,-0.0010160147191904,0.0010160147191904,1.4572768729267973,hold
530,2022-02-17,0,-1,-0.0016353356196504,0.0016353356196504,1.4596600097047872,hold
531,2022-02-18,0,-1,-0.004031556958107,0.004031556958107,1.4655447121733831,hold
532,2022-02-21,0,-1,-0.0066515660675804,0.0066515660675804,1.4752928796513973,hold
533,2022-02-22,0,-1,-0.0016937094155936,0.0016937094155936,1.477791597092421,hold
534,2022-02-23,0,-1,-0.0477810384708364,0.0477810384708364,1.5484020142449726,hold
535,2022-02-24,0,-1,0.0252616601096495,-0.0252616601096495,1.5092868088480196,hold
536,2022-02-25,0,-1,0.0081340342903666,-0.0081340342903666,1.4970102181908518,hold
537,2022-02-28,0,-1,-0.0111916331229355,0.0111916331229355,1.5137642073341295,hold
538,2022-03-02,0,-1,-0.006497577228417,0.006497577228417,1.5236000071768965,hold
539,2022-03-03,0,-1,-0.0153170320073322,0.0153170320073322,1.5469370372531965,hold
540,2022-03-04,0,-1,-0.0235266847399477,0.0235266847399477,1.5833313372412015,hold
541,2022-03-07,0,-1,0.0094747765094835,-0.0094747765094835,1.5683296266803795,hold
542,2022-03-08,0,-1,0.0207262900882942,-0.0207262900882942,1.5358239718837359,hold
543,2022-03-09,0,-1,0.0152673871904744,-0.0152673871904744,1.5123759526485747,hold
544,2022-03-10,0,-1,0.0021421537513466,-0.0021421537513466,1.509136210828162,hold
545,2022-03-11,0,-1,0.014482565042708,-0.014482565042708,1.4872800474965373,hold
546,2022-03-14,0,-1,-0.0123464565033122,0.0123464565033122,1.5056426859111975,hold
547,2022-03-15,0,-1,0.0187451004846066,-0.0187451004846066,1.4774192624698792,hold
548,2022-03-16,0,-1,0.0183619883565082,-0.0183619883565082,1.4502909071747265,hold
549,2022-03-17,0,-1,-0.0098022024704637,0.0098022024704637,1.4645069522879255,hold
550,2022-03-21,0,-1,0.0115612232521558,-0.0115612232521558,1.4475754604581905,hold
551,2022-03-22,0,-1,-0.004033935455228,0.004033935455228,1.4534148864322507,hold
552,2022-03-23,0,-1,-0.0013278937068936,0.0013278937068936,1.4553448669134497,hold
553,2022-03-24,0,-1,-0.0040498758909001,0.0040498758909001,1.4612388330029076,hold
554,2022-03-25,0,-1,0.0040226199498629,-0.0040226199498629,1.4553608245217557,hold
555,2022-03-28,0,-1,0.005998187274997,-0.005998187274997,1.4466312977435802,hold
556,2022-03-29,0,-1,0.0099824655821947,-0.0099824655821947,1.4321903506037292,hold
557,2022-03-30,0,-1,-0.0019144771620018,0.0019144771620018,1.4349322463215994,hold
558,2022-03-31,0,-1,0.0117779652585923,-0.0117779652585923,1.4180316641759898,hold
559,2022-04-01,0,-1,0.0216718413399843,-0.0216718413399843,1.3873003069348937,hold
560,2022-04-04,0,-1,-0.005317557796472,0.005317557796472,1.3946773564980832,hold
561,2022-04-05,0,-1,-0.0083391803235717,0.0083391803235717,1.406307822467123,hold
562,2022-04-06,0,-1,-0.0094397411049521,0.0094397411049521,1.4195830042250817,hold
563,2022-04-07,0,-1,0.0082087593907955,-0.0082087593907955,1.4079299889081354,hold
564,2022-04-08,0,-1,-0.006151497975913,0.006151497975913,1.4165908673851308,hold
565,2022-04-11,0,-1,-0.0081838106412522,0.0081838106412522,1.428183978799938,hold
566,2022-04-12,0,-1,-0.0031174816283502,0.0031174816283502,1.4326363161157507,hold
567,2022-04-13,0,-1,-0.0172811880101475,0.0172811880101475,1.4573939736447121,hold
568,2022-04-18,0,-1,-0.0125191788064678,0.0125191788064678,1.4756393493922388,hold
569,2022-04-19,0,-1,0.010490244596548,-0.010490244596548,1.4601595316808234,hold
570,2022-04-20,0,-1,0.014941678252146,-0.014941678252146,1.4383422977616442,hold
571,2022-04-21,0,-1,-0.0126864526051679,0.0126864526051679,1.4565897591522057,hold
572,2022-04-22,0,-1,-0.0126951225643019,0.0126951225643019,1.47508134467055,hold
573,2022-04-25,0,-1,0.0145601216162072,-0.0145601216162072,1.4536039808983483,hold
574,2022-04-26,0,-1,-0.0094414436101153,0.0094414436101153,1.4673281009154393,hold
575,2022-04-27,0,-1,0.0121285088909346,-0.0121285088909346,1.4495315989975681,hold
576,2022-04-28,0,-1,-0.0082632403816946,0.0082632403816946,1.4615094270409472,hold
577,2022-04-29,0,-1,-0.0019559171203674,0.0019559171203674,1.464368018350875,hold
578,2022-05-02,0,-1,-0.0229361834519363,0.0229361834519363,1.4979550318609192,hold
579,2022-05-04,0,-1,0.0003028482136697,-0.0003028482136697,1.4975013788553626,hold
580,2022-05-05,0,-1,-0.0162684216398562,0.0162684216398562,1.5218633626928475,hold
581,2022-05-06,0,-1,-0.0066661826871809,0.0066661826871809,1.5320083818934855,hold
582,2022-05-09,0,-1,-0.0037909688880922,0.0037909688880922,1.5378161780055402,hold
583,2022-05-10,0,-1,-0.0044919933245182,0.0044919933245182,1.544724038011477,hold
584,2022-05-11,0,-1,-0.0222117521417858,0.0222117521417858,1.5790350654712464,hold
585,2022-05-12,0,-1,-0.0016352232651188,0.0016352232651188,1.5816171403467436,hold
586,2022-05-13,0,-1,0.0038112305721171,-0.0038112305721171,1.5755892327480696,hold
587,2022-05-16,0,-1,0.0263219359020472,-0.0263219359020472,1.534116673955719,hold
588,2022-05-17,0,-1,-0.0011685620062508,0.0011685620062508,1.5359093844140594,hold
589,2022-05-18,0,-1,-0.0265327253341793,0.0265327253341793,1.5766612462489062,hold
590,2022-05-19,0,-1,0.0288910387942893,-0.0288910387942893,1.5311098650180766,hold
591,2022-05-20,0,-1,-0.0031630222318707,0.0031630222318707,1.535952799560565,hold
592,2022-05-23,0,-1,-0.0055227542667355,0.0055227542667355,1.5444354894378425,hold
593,2022-05-24,0,-1,-0.0061612191843656,0.0061612191843656,1.553951095004382,hold
594,2022-05-25,0,-1,0.0090073873189953,-0.0090073873189953,1.5399540556169007,hold
595,2022-05-26,0,-1,0.0112738471989222,-0.0112738471989222,1.5225928489005152,hold
596,2022-05-27,0,-1,0.0188932050929628,-0.0188932050929628,1.4938261899331593,hold
597,2022-05-30,0,-1,-0.0046124339835348,0.0046124339835348,1.5007163646171011,hold
598,2022-05-31,0,-1,-0.0037264067061659,0.0037264067061659,1.5063086441422633,hold
599,2022-06-01,0,-1,0.0063700049931154,-0.0063700049931154,1.4967134505579043,hold
600,2022-06-02,0,-1,-0.0026280502014673,0.0026280502014673,1.5006468886431819,hold
601,2022-06-03,0,-1,-0.0008893953501298,0.0008893953501298,1.501981557008128,hold
602,2022-06-06,0,-1,-0.0092459460064759,0.0092459460064759,1.515868797386948,hold
603,2022-06-07,0,-1,-0.0036609606157923,0.0036609606157923,1.52141833335289,hold
604,2022-06-08,0,-1,0.0074497277416889,-0.0074497277416889,1.5100841809881966,hold
605,2022-06-09,0,-1,-0.0167676984141,0.0167676984141,1.53540481711491,hold
606,2022-06-10,0,-1,-0.0263797491152091,0.0263797491152091,1.575908410980685,hold
607,2022-06-13,0,-1,-0.0026816094559853,0.0026816094559853,1.5801343818773377,hold
608,2022-06-14,0,-1,-0.002539344381356,0.002539344381356,1.5841468872417452,hold
609,2022-06-15,0,-1,-0.0211284478542902,0.0211284478542902,1.6176174521423685,hold
610,2022-06-16,0,-1,-0.0043682936266399,0.0043682936266399,1.6246836801489033,hold
611,2022-06-17,0,-1,0.0037042135956451,-0.0037042135956451,1.6186655047722731,hold
612,2022-06-20,0,-1,0.018804337854487,-0.018804337854487,1.5882275717471315,hold
613,2022-06-21,0,-1,-0.0144192650853174,0.0144192650853174,1.6111286461199634,hold
614,2022-06-22,0,-1,0.0093004475196092,-0.0093004475196092,1.5961444286993856,hold
615,2022-06-23,0,-1,0.0091664725885294,-0.0091664725885294,1.5815134145463787,hold
616,2022-06-24,0,-1,0.008458990377725,-0.008458990377725,1.5681354077904879,hold
617,2022-06-27,0,-1,0.0011464333961117,-0.0011464333961117,1.5663376449893718,hold
618,2022-06-28,0,-1,-0.0032239710103227,0.0032239710103227,1.5713874721491947,hold
619,2022-06-29,0,-1,-0.0011930812414028,0.0011930812414028,1.573262265065191,hold
620,2022-06-30,0,-1,-0.0017870563085186,0.0017870563085186,1.57607377332093,hold
621,2022-07-01,0,-1,0.0052881882498054,-0.0052881882498054,1.567739198512028,hold
622,2022-07-04,0,-1,-0.0015471713984448,0.0015471713984448,1.5701647597601864,hold
623,2022-07-05,0,-1,0.0113181897073002,-0.0113181897073002,1.5523933371375032,hold
624,2022-07-06,0,-1,0.0089494920315105,-0.0089494920315105,1.5385002053370211,hold
625,2022-07-07,0,-1,0.0054360478665673,-0.0054360478665673,1.5301368445780856,hold
626,2022-07-08,0,-1,-0.0002835659276332,0.0002835659276332,1.5305707392518242,hold
627,2022-07-11,0,-1,-0.0097249750439381,0.0097249750439381,1.54545550149403,hold
628,2022-07-12,0,-1,-0.0057072925015229,0.0057072925015229,1.5542758680891444,hold
629,2022-07-13,0,-1,-0.0017536552323109,0.0017536552323109,1.5570015320976736,hold
630,2022-07-14,0,-1,0.0069359576863876,-0.0069359576863876,1.5462022353534035,hold
631,2022-07-15,0,-1,0.0142873041582765,-0.0142873041582765,1.5241111737267024,hold
632,2022-07-18,0,-1,0.0038117642711243,-0.0038117642711243,1.5183016212094695,hold
633,2022-07-19,0,-1,0.0110338885069691,-0.0110338885069691,1.5015488504010939,hold
634,2022-07-20,0,-1,0.005108719746296,-0.005108719746296,1.4938778581390217,hold
635,2022-07-21,0,-1,0.0068772959606149,-0.0068772959606149,1.4836040179795902,hold
636,2022-07-22,0,-1,-0.0052901993117577,0.0052901993117577,1.4914525789344268,hold
637,2022-07-25,0,-1,-0.008847958067765,0.008847958067765,1.5046488888128986,hold
638,2022-07-26,0,-1,0.0095821774414373,-0.0095821774414373,1.490231076173232,hold
639,2022-07-27,0,-1,0.0172937311236929,-0.0172937311236929,1.4644594206297206,hold
640,2022-07-28,0,-1,0.0135059538264792,-0.0135059538264792,1.444680499313943,hold
641,2022-07-29,0,-1,0.0105955316684394,-0.0105955316684394,1.4293733413326852,hold
642,2022-08-01,0,-1,0.0003113276638058,-0.0003113276638058,1.4289283378696218,hold
643,2022-08-02,0,-1,0.0024618083588656,-0.0024618083588656,1.4254105901432346,hold
644,2022-08-03,0,-1,-0.0003537116074355,0.0003537116074355,1.4259147744143297,hold
645,2022-08-04,0,-1,0.0008917270739845,-0.0008917270739845,1.4246432476047899,hold
646,2022-08-05,0,-1,0.0073343646716481,-0.0073343646716481,1.4141943944998554,hold
647,2022-08-08,0,-1,0.0005506610997998,-0.0005506610997998,1.4134156526592494,hold
648,2022-08-10,0,-1,0.0070859293688247,-0.0070859293688247,1.4034002891757147,hold
649,2022-08-11,0,-1,0.0022170219505635,-0.0022170219505635,1.400288919929185,hold
650,2022-08-12,0,-1,0.0071815193435313,-0.0071815193435313,1.3902327179641811,hold
651,2022-08-16,0,-1,0.0066759231988331,-0.0066759231988331,1.3809516311105472,hold
652,2022-08-17,0,-1,0.000682669936052,-0.000682669936052,1.380008896948846,hold
653,2022-08-18,0,-1,-0.011029475746944,0.011029475746944,1.3952296716083104,hold
654,2022-08-19,0,-1,-0.0150773300473388,0.0150773300473388,1.416266009858989,hold
655,2022-08-22,0,-1,0.0049626821755044,-0.0049626821755044,1.409237531776089,hold
656,2022-08-23,0,-1,0.0015616110795051,-0.0015616110795051,1.407036850832813,hold
657,2022-08-24,0,-1,-0.0046861822192667,0.0046861822192667,1.413630481905039,hold
658,2022-08-25,0,-1,0.0020802555293466,-0.0020802555293466,1.410689769278603,hold
659,2022-08-26,0,-1,-0.0140099889245538,0.0140099889245538,1.4304535173221773,hold
660,2022-08-29,0,-1,0.0257842637890255,-0.0257842637890255,1.3935703264936028,hold
661,2022-08-30,0,-1,-0.0121907952721076,0.0121907952721076,1.4105590570411706,hold
662,2022-09-01,0,-1,-0.0001910505934481,0.0001910505934481,1.410828545186112,hold
663,2022-09-02,0,-1,0.0072038500710118,-0.0072038500710118,1.4006651478706875,hold
664,2022-09-05,0,-1,-0.0005774531254664,0.0005774531254664,1.401473966338057,hold
665,2022-09-06,0,-1,-0.0017671004916441,0.0017671004916441,1.4039505116729996,hold
666,2022-09-07,0,-1,0.0098925129655895,-0.0098925129655895,1.3900619130332283,hold
667,2022-09-08,0,-1,0.0019439347917691,-0.0019439347917691,1.38735972331777,hold
668,2022-09-09,0,-1,0.005775695663245,-0.005775695663245,1.3793467557804426,hold
669,2022-09-12,0,-1,0.0074542019299801,-0.0074542019299801,1.3690648265313923,hold
670,2022-09-13,0,-1,-0.0036690976717561,0.0036690976717561,1.374088059098902,hold
671,2022-09-14,0,-1,-0.0070179606679163,0.0070179606679163,1.3837313550519117,hold
672,2022-09-15,0,-1,-0.0193848531485446,0.0193848531485446,1.4105547841666295,hold
673,2022-09-16,0,-1,0.0052136885924867,-0.0052136885924867,1.4032005907793423,hold
674,2022-09-19,0,-1,0.0110088098852303,-0.0110088098852303,1.3877530222446097,hold
675,2022-09-20,0,-1,-0.0054950054374517,0.0054950054374517,1.3953787326476839,hold
676,2022-09-21,0,-1,-0.0049975776569025,0.0049975776569025,1.4023522462248807,hold
677,2022-09-22,0,-1,-0.0171556772324205,0.0171556772324205,1.4264105487272745,hold
678,2022-09-23,0,-1,-0.0179513217622564,0.0179513217622564,1.4520165034525545,hold
679,2022-09-26,0,-1,-0.0005230508522044,0.0005230508522044,1.4527759819221004,hold
680,2022-09-27,0,-1,-0.0087491784653945,0.0087491784653945,1.4654865782581759,hold
681,2022-09-28,0,-1,-0.0024023347691036,0.0024023347691036,1.4690071676187801,hold
682,2022-09-29,0,-1,0.016425755966269,-0.016425755966269,1.444877614370774,hold
683,2022-09-30,0,-1,-0.0121092644487904,0.0121092644487904,1.462374019499327,hold
684,2022-10-03,0,-1,0.0229136709327191,-0.0229136709327191,1.4288656624359617,hold
685,2022-10-04,0,-1,0.0033286441360573,-0.0033286441360573,1.4241094771274807,hold
686,2022-10-06,0,-1,-0.0009895331040011,0.0009895331040011,1.42551868059882,hold
687,2022-10-07,0,-1,-0.0042536458411471,0.0042536458411471,1.4315823322060266,hold
688,2022-10-10,0,-1,-0.0149323831999303,0.0149323831999303,1.452959268172777,hold
689,2022-10-11,0,-1,0.0082461453396196,-0.0082461453396196,1.440977954874877,hold
690,2022-10-12,0,-1,-0.0063800837728176,0.0063800837728176,1.450171514941762,hold
691,2022-10-13,0,-1,0.0100708880038873,-0.0100708880038873,1.4355670000283558,hold
692,2022-10-14,0,-1,0.0073375869608156,-0.0073375869608156,1.4250334023275706,hold
693,2022-10-17,0,-1,0.010117285874136,-0.010117285874136,1.4106159320160299,hold
694,2022-10-18,0,-1,0.0014468379208691,-0.0014468379208691,1.408574999393807,hold
695,2022-10-19,0,-1,0.002952174549244,-0.002952174549244,1.4044166401298952,hold
696,2022-10-20,0,-1,0.0007032337856462,-0.0007032337856462,1.4034290068994322,hold
697,2022-10-21,0,-1,0.0087873563767617,-0.0087873563767617,1.391096576066322,hold
698,2022-10-24,0,-1,-0.004196122026705,0.004196122026705,1.396933787050428,hold
699,2022-10-25,0,-1,0.0045649078749665,-0.0045649078749665,1.3905569130051145,hold
700,2022-10-27,0,-1,0.0028106052447454,-0.0028106052447454,1.3866486064523054,hold
701,2022-10-28,0,-1,0.0126722303955641,-0.0126722303955641,1.3690766758336539,hold
702,2022-10-31,0,-1,0.0073950532223929,-0.0073950532223929,1.3589522809503274,hold
703,2022-11-01,0,-1,-0.0034471976315451,0.0034471976315451,1.363636858034602,hold
704,2022-11-02,0,-1,-0.0016673473084335,0.0016673473084335,1.3659105142795267,hold
705,2022-11-03,0,-1,0.0035701681556883,-0.0035701681556883,1.361033984057926,hold
706,2022-11-04,0,-1,0.0047275862251119,-0.0047275862251119,1.3545995785429845,hold
707,2022-11-07,0,-1,-0.0025161392359563,0.0025161392359563,1.3580079396915663,hold
708,2022-11-09,0,-1,-0.0070937259046097,0.0070937259046097,1.3676412757920222,hold
709,2022-11-10,0,-1,0.0178331732470333,-0.0178331732470333,1.3432518919810295,hold
710,2022-11-11,0,-1,-0.0011198455015547,0.0011198455015547,1.3447561265697192,hold
711,2022-11-14,-1,-1,0.0040509242609507,-0.0040509242609507,1.339308621351536,hold
712,2022-11-15,0,-1,0.0003396111515991,-0.0003396111515991,1.3388537772082922,hold
713,2022-11-16,0,-1,-0.0035714963948192,0.0035714963948192,1.3436354886467818,hold
714,2022-11-17,0,-1,-0.0019761337135545,0.0019761337135545,1.346290692034625,hold
715,2022-11-18,0,-1,-0.0080677295405768,0.0080677295405768,1.3571522012209563,hold
716,2022-11-21,0,-1,0.0046393301536886,-0.0046393301536886,1.350855924090687,hold
717,2022-11-22,0,-1,0.0012634580983039,-0.0012634580983039,1.349149174233753,hold
718,2022-11-23,0,-1,0.0118709498898301,-0.0118709498898301,1.3331334919925184,hold
719,2022-11-24,0,-1,0.0015500019600884,-0.0015500019600884,1.3310671324668706,hold
720,2022-11-25,0,-1,0.0027008413120686,-0.0027008413120686,1.3274721313663673,hold
721,2022-11-28,0,-1,0.0029791265437502,-0.0029791265437502,1.323517423903725,hold
722,2022-11-29,0,-1,0.0075356346254191,-0.0075356346254191,1.3135438801768107,hold
723,2022-11-30,0,-1,0.0028867353340049,-0.0028867353340049,1.3097520266451383,hold
724,2022-12-01,0,-1,-0.006187396179402,0.006187396179402,1.3178559813307664,hold
725,2022-12-02,0,-1,0.0002648237856262,-0.0002648237856262,1.3175069817208802,hold
726,2022-12-05,0,-1,-0.0031175136590962,0.0031175136590962,1.3216143277323495,hold
727,2022-12-06,0,-1,-0.0044119027503989,0.0044119027503989,1.3274451616198384,hold
728,2022-12-07,0,-1,0.0026319123609277,-0.0026319123609277,1.3239514422905174,hold
729,2022-12-08,0,-1,-0.0060587824059793,0.0060587824059793,1.331972975995438,hold
730,2022-12-09,0,-1,2.977743269738653e-05,-2.977743269738653e-05,1.3319333132597906,hold
731,2022-12-12,0,-1,0.0059927938646799,-0.0059927938646799,1.3239513114719246,hold
732,2022-12-13,0,-1,0.0028106610731943,-0.0028106610731943,1.320230133057966,hold
733,2022-12-14,0,-1,-0.0131509343553336,0.0131509343553336,1.3375923928717446,hold
734,2022-12-15,0,-1,-0.0079229530179417,0.0079229530179417,1.3481900745576236,hold
735,2022-12-16,0,-1,0.0082899566889265,-0.0082899566889265,1.3370136372311003,hold
736,2022-12-19,0,-1,-0.0019081205394395,0.0019081205394395,1.3395648204138118,hold
737,2022-12-20,0,-1,-0.0101277196435586,0.0101277196435586,1.3531315573593365,hold
738,2022-12-21,0,-1,-0.0039425027358517,0.0039425027358517,1.358466282226193,hold
739,2022-12-22,0,-1,-0.0176831602541178,0.0176831602541178,1.3824882591946146,hold
740,2022-12-23,0,-1,0.0116696328935068,-0.0116696328935068,1.3663551287302302,hold
741,2022-12-26,0,-1,0.0065336546149905,-0.0065336546149905,1.3574278362376861,hold
742,2022-12-27,0,-1,-0.0005405150382313,0.0005405150382313,1.3581615463964865,hold
743,2022-12-28,0,-1,0.0037798317009243,-0.0037798317009243,1.3530279243284407,hold
744,2022-12-29,0,-1,-0.0047110779368918,0.0047110779368918,1.3594021443307427,hold
745,2022-12-30,0,-1,0.0050895833553579,-0.0050895833553579,1.352483353803719,hold
746,2023-01-02,0,-1,0.0019289276248581,-0.0019289276248581,1.3498745113004065,hold
747,2023-01-03,0,-1,-0.0103990694870288,0.0103990694870288,1.3639119501421886,hold
748,2023-01-04,0,-1,-0.0028154392892826,0.0028154392892826,1.3677519614337408,hold
749,2023-01-05,0,-1,-0.0073755037054461,0.0073755037054461,1.3778398210934266,hold
750,2023-01-06,0,-1,0.0135362517084902,-0.0135362517084902,1.359189034461125,hold
751,2023-01-09,0,-1,-0.0103335047509585,0.0103335047509585,1.3732342208061799,hold
752,2023-01-10,0,-1,-0.0010299775022909,0.0010299775022909,1.3746486211589861,hold
753,2023-01-11,0,-1,-0.0020954755408891,0.0020954755408891,1.3775291637219416,hold
754,2023-01-12,0,-1,0.0055100959183882,-0.0055100959183882,1.3699388458994566,hold
755,2023-01-13,0,-1,-0.0034388470725693,0.0034388470725693,1.3746498560892768,hold
756,2023-01-16,0,-1,0.0088545685118242,-0.0088545685118242,1.362477924758765,hold
757,2023-01-17,0,-1,0.00620655632356,-0.00620655632356,1.3540216287791427,hold
758,2023-01-18,0,-1,-0.003165367099256,0.003165367099256,1.3583076042945612,hold
759,2023-01-19,0,-1,-0.0044289753051891,0.0044289753051891,1.3643235151308324,hold
760,2023-01-20,0,-1,0.0050422760956287,-0.0050422760956287,1.3574442192837841,hold
761,2023-01-23,0,-1,-1.3798013043020418e-05,1.3798013043020418e-05,1.3574629493168269,hold
762,2023-01-24,0,-1,-0.0124929796250122,0.0124929796250122,1.374421706284351,hold
763,2023-01-25,0,-1,-0.0160742469061787,0.0160742469061787,1.396514500144377,hold
764,2023-01-27,0,-1,0.0025334426073457,-0.0025334426073457,1.3929765108079353,hold
765,2023-01-30,0,-1,0.0007479862801675,-0.0007479862801675,1.3919345834892554,hold
766,2023-01-31,0,-1,-0.0025959245256645,0.0025959245256645,1.3955479406126559,hold
767,2023-02-01,0,-1,-0.0003349392530399,0.0003349392530399,1.396015364397466,hold
768,2023-02-02,0,-1,0.0138355963078902,-0.0138355963078902,1.3767006593760505,hold
769,2023-02-03,0,-1,-0.0050101331608701,0.0050101331608701,1.3835981130021822,hold
770,2023-02-06,0,-1,-0.0024261514654264,0.0024261514654264,1.3869549315916037,hold
771,2023-02-07,0,-1,0.0084755364246817,-0.0084755364246817,1.3751997445495072,hold
772,2023-02-08,0,-1,0.0012170079483646,-0.0012170079483646,1.3735261155298015,hold
773,2023-02-09,0,-1,-0.0020649578680046,0.0020649578680046,1.3763623890889745,hold
774,2023-02-10,0,-1,-0.0047937507000251,0.0047937507000251,1.3829603272551578,hold
775,2023-02-13,0,-1,0.0089443537049958,-0.0089443537049958,1.370590640928211,hold
776,2023-02-14,0,-1,0.0047964707944361,-0.0047964707944361,1.3640166429478713,hold
777,2023-02-15,0,-1,0.0011101336008929,-0.0011101336008929,1.3625024022403578,hold
778,2023-02-16,0,-1,-0.0050815676893513,0.0050815676893513,1.3694260504242457,hold
779,2023-02-17,0,-1,-0.0055505184801407,0.0055505184801407,1.3770270750243117,hold
780,2023-02-20,0,-1,-0.001003126492992,0.001003126492992,1.3784084073648357,hold
781,2023-02-21,0,-1,-0.0152803631315826,0.0152803631315826,1.3994709883729968,hold
782,2023-02-22,0,-1,-0.0024524349779846,0.0024524349779846,1.4029030999755574,hold
783,2023-02-23,0,-1,-0.002595429723749,0.002595429723749,1.4065442363807734,hold
784,2023-02-24,0,-1,-0.0041854114458053,0.0041854114458053,1.412431202726753,hold
785,2023-02-27,0,-1,-0.0051027157362857,0.0051027157362857,1.4196384376513278,hold
786,2023-02-28,0,-1,0.008492348770636,-0.008492348770636,1.4075823729105919,hold
787,2023-03-01,0,-1,-0.0073921687198044,0.0073921687198044,1.4179874592981696,hold
788,2023-03-02,0,-1,0.0157285986298278,-0.0157285986298278,1.3956845036887395,hold
789,2023-03-03,0,-1,0.0066555236183669,-0.0066555236183669,1.3863954925106505,hold
790,2023-03-06,0,-1,0.0024250512391459,-0.0024250512391459,1.3830334124035912,hold
791,2023-03-08,0,-1,-0.0092822498999752,0.0092822498999752,1.3958710741575369,hold
792,2023-03-09,0,-1,-0.010045664635585,0.010045664635585,1.4098935268430375,hold
793,2023-03-10,0,-1,-0.0148510359316261,0.0148510359316261,1.4308319062699504,hold
794,2023-03-13,0,-1,-0.0064706805258611,0.0064706805258611,1.4400903624216321,hold
795,2023-03-14,0,-1,-0.0041746837386849,0.0041746837386849,1.4461022842398705,hold
796,2023-03-15,0,-1,0.0007924286811309,-0.0007924286811309,1.4449563513139898,hold
797,2023-03-16,0,-1,0.0067381296219788,-0.0067381296219788,1.4352200481207344,hold
798,2023-03-17,0,-1,-0.0065292432199922,0.0065292432199922,1.4445909488891235,hold
799,2023-03-20,0,-1,0.007010642946744,-0.007010642946744,1.4344634375423637,hold
800,2023-03-21,0,-1,0.0025953757489405,-0.0025953757489405,1.4307404659238243,hold
801,2023-03-22,0,-1,-0.0043726933046436,0.0043726933046436,1.4369966551798519,hold
802,2023-03-23,0,-1,-0.0077209333285906,0.0077209333285906,1.4480916105479031,hold
803,2023-03-24,0,-1,0.0023988383407489,-0.0023988383407489,1.444617872871604,hold
804,2023-03-27,0,-1,-0.0020016838613549,0.0020016838613549,1.4475095411535557,hold
805,2023-03-28,0,-1,0.0076098565893214,-0.0076098565893214,1.4364942011337025,hold
806,2023-03-29,0,-1,0.0163371989446239,-0.0163371989446239,1.4130259095869826,hold
807,2023-03-31,0,-1,0.0022062979737611,-0.0022062979737611,1.4099083533857888,hold
808,2023-04-03,0,-1,0.0091389548173612,-0.0091389548173612,1.397023264647576,hold
809,2023-04-05,0,-1,0.0023978747854371,-0.0023978747854371,1.3936733777866086,hold
810,2023-04-06,0,-1,0.001414863221935,-0.001414863221935,1.3917015205809884,hold
811,2023-04-10,0,-1,0.0055747683219642,-0.0055747683219642,1.383943107030424,hold
812,2023-04-11,0,-1,0.0050839679614469,-0.0050839679614469,1.376907184613816,hold
813,2023-04-12,0,-1,0.0008757724412713,-0.0008757724412713,1.3757013272473426,hold
814,2023-04-13,0,-1,-0.0067955121508301,0.0067955121508301,1.385049922332565,hold
815,2023-04-17,0,-1,-0.0026373533282438,0.0026373533282438,1.3887027883550125,hold
816,2023-04-18,0,-1,-0.0023442830162407,0.0023442830162407,1.3919583007163594,hold
817,2023-04-19,0,-1,0.0003234746363958,-0.0003234746363958,1.391508037511157,hold
818,2023-04-20,0,-1,-2.260708945023282e-05,2.260708945023282e-05,1.3915394954578317,hold
819,2023-04-21,0,-1,0.0067719737565652,-0.0067719737565652,1.3821160265133672,hold
820,2023-04-24,0,-1,0.0014568576938982,-0.0014568576938982,1.3801024801462811,hold
821,2023-04-25,0,-1,0.0024958627615121,-0.0024958627615121,1.3766579337590135,hold
822,2023-04-26,0,-1,0.0056951528101938,-0.0056951528101938,1.36881765645889,hold
823,2023-04-27,0,-1,0.0083700136036979,-0.0083700136036979,1.3573606340533473,hold
824,2023-04-28,0,-1,0.0045751669319125,-0.0045751669319125,1.3511504825657465,hold
825,2023-05-02,0,-1,-0.0031850283648763,0.0031850283648763,1.3554539351779347,hold
826,2023-05-03,0,-1,0.0091737176073036,-0.0091737176073036,1.343019383546904,hold
827,2023-05-04,0,-1,-0.0102324068655403,0.0102324068655403,1.3567617043076632,hold
828,2023-05-05,0,-1,0.0108141231183243,-0.0108141231183243,1.3420895161950526,hold
829,2023-05-08,0,-1,8.480038171931881e-05,-8.480038171931881e-05,1.3419757064917777,hold
830,2023-05-09,0,-1,0.0026908205008338,-0.0026908205008338,1.3383646907491287,hold
831,2023-05-10,0,-1,-0.0009882342854272,0.0009882342854272,1.3396873086229322,hold
832,2023-05-11,0,-1,0.0009728797753729,-0.0009728797753729,1.3383839539350493,hold
833,2023-05-12,0,-1,0.0045891205221868,-0.0045891205221868,1.3322419486654804,hold
834,2023-05-15,0,-1,-0.0061063388070606,0.0061063388070606,1.3403770693770105,hold
835,2023-05-16,0,-1,-0.0057282694884204,0.0057282694884204,1.3480551104465013,hold
836,2023-05-17,0,-1,-0.0028490536527011,0.0028490536527011,1.3518957917829613,hold
837,2023-05-18,0,-1,0.0040513721791914,-0.0040513721791914,1.346418758782966,hold
838,2023-05-19,0,-1,0.0060977618257063,-0.0060977618257063,1.3382086178742443,hold
839,2023-05-22,0,-1,0.0018346005688616,-0.0018346005688616,1.3357535395826365,hold
840,2023-05-23,0,-1,-0.0034117947119577,0.0034117947119577,1.3403108564454633,hold
841,2023-05-24,0,-1,0.0019551116867164,-0.0019551116867164,1.337690399026194,hold
842,2023-05-25,0,-1,0.0097264208278746,-0.0097264208278746,1.3246794592678577,hold
843,2023-05-26,0,-1,0.0053677985089635,-0.0053677985089635,1.3175688468415452,hold
844,2023-05-29,0,-1,0.0018925684396833,-0.0018925684396833,1.315075257624903,hold
845,2023-05-30,0,-1,-0.0053370195013254,0.0053370195013254,1.3220938399205575,hold
846,2023-05-31,0,-1,-0.0025169624936233,0.0025169624936233,1.3254215005286878,hold
847,2023-06-01,0,-1,0.0025070443604549,-0.0025070443604549,1.3220986100305616,hold
848,2023-06-02,0,-1,0.0032237875731377,-0.0032237875731377,1.3178364449610824,hold
849,2023-06-05,0,-1,0.0002769943144211,-0.0002769943144211,1.3174714117584914,hold
850,2023-06-06,0,-1,0.0068498516385289,-0.0068498516385289,1.3084469280499424,hold
851,2023-06-07,0,-1,-0.0049048192636628,0.0049048192636628,1.314864623748122,hold
852,2023-06-08,0,-1,-0.0038181972541345,0.0038181972541345,1.3198850362440757,hold
853,2023-06-09,0,-1,0.0020524046550352,-0.0020524046550352,1.317176098051577,hold
854,2023-06-12,0,-1,0.0061635024393194,-0.0061635024393194,1.309057679958223,hold
855,2023-06-13,0,-1,0.0021238341844009,-0.0021238341844009,1.3062774585081751,hold
856,2023-06-14,0,-1,-0.0036149041015322,0.0036149041015322,1.3109995262506753,hold
857,2023-06-15,0,-1,0.007379048352023,-0.007379048352023,1.3013255973569924,hold
858,2023-06-16,0,-1,-0.0037475183921172,0.0037475183921172,1.3062023389672206,hold
859,2023-06-19,0,-1,0.0032657175674986,-0.0032657175674986,1.3019366510421475,hold
860,2023-06-20,0,-1,0.002133763746672,-0.002133763746672,1.2991586258156902,hold
861,2023-06-21,0,-1,-0.0045394438174043,0.0045394438174043,1.3050560834074767,hold
862,2023-06-22,0,-1,-0.0056336152360657,0.0056336152360657,1.3124082672428812,hold
863,2023-06-23,0,-1,0.0013768299134766,-0.0013768299134766,1.3106013042818472,hold
864,2023-06-26,0,-1,0.0067519034171119,-0.0067519034171119,1.3017522508569954,hold
865,2023-06-27,0,-1,0.0082210728123248,-0.0082210728123248,1.2910504508190923,hold
866,2023-06-28,0,-1,0.0114352747635688,-0.0114352747635688,1.2762869341803467,hold
867,2023-06-30,0,-1,0.0069570924336936,-0.0069570924336936,1.2674076880073386,hold
868,2023-07-03,0,-1,0.0034389465191355,-0.0034389465191355,1.2630491407503404,hold
869,2023-07-04,0,-1,0.0004899685388621,-0.0004899685388621,1.2624302864083359,hold
870,2023-07-05,0,-1,0.0050932175812563,-0.0050932175812563,1.2560004542784906,hold
871,2023-07-06,0,-1,-0.0084883544577184,0.0084883544577184,1.2666618313334617,hold
872,2023-07-07,0,-1,0.0012466303397029,-0.0012466303397029,1.2650827722643778,hold
873,2023-07-10,0,-1,0.0043139300324381,-0.0043139300324381,1.2596252936995864,hold
874,2023-07-11,0,-1,-0.0028344294714754,0.0028344294714754,1.2631956127550645,hold
875,2023-07-12,0,-1,0.0015192303855748,-0.0015192303855748,1.2612765275972422,hold
876,2023-07-13,0,-1,0.0077651149314275,-0.0077651149314275,1.2514825704001378,hold
877,2023-07-14,0,-1,0.0075110132510414,-0.0075110132510414,1.242082668230415,hold
878,2023-07-17,0,-1,0.0019177068530324,-0.0019177068530324,1.2397007177855166,hold
879,2023-07-18,0,-1,0.0042482823714824,-0.0042482823714824,1.2344341190802341,hold
880,2023-07-19,0,-1,0.0073614124394989,-0.0073614124394989,1.225346940400295,hold
881,2023-07-20,0,-1,-0.011719737128305,0.011719737128305,1.2397076844327595,hold
882,2023-07-21,0,-1,-0.0036794322929856,0.0036794322929856,1.2442691049207237,hold
883,2023-07-24,0,-1,0.0004193703428323,-0.0004193703428323,1.2437472953596174,hold
884,2023-07-25,0,-1,0.0049643391875346,-0.0049643391875346,1.2375729119218735,hold
885,2023-07-26,0,-1,-0.0059863783008722,0.0059863783008722,1.24498149154755,hold
886,2023-07-27,0,-1,-0.0007044597937843,0.0007044597937843,1.2458585309523507,hold
887,2023-07-28,0,-1,0.0054845628365591,-0.0054845628365591,1.2390255415538793,hold
888,2023-07-31,0,-1,-0.0010251191770254,0.0010251191770254,1.2402956903973505,hold
889,2023-08-01,0,-1,-0.0104897492749598,0.0104897492749598,1.253306081216432,hold
890,2023-08-02,0,-1,-0.0074206854169113,0.0074206854169113,1.262606471376241,hold
891,2023-08-03,0,-1,0.0069833892701145,-0.0069833892701145,1.253789198891655,hold
892,2023-08-04,0,-1,0.0041144018676027,-0.0041144018676027,1.248630606270155,hold
893,2023-08-07,0,-1,-0.0013497354646058,0.0013497354646058,1.25031592728163,hold
894,2023-08-08,0,-1,0.0031527078847637,-0.0031527078847637,1.2463740463992434,hold
895,2023-08-09,0,-1,-0.0045562684580157,0.0045562684580157,1.2520528611537416,hold
896,2023-08-10,0,-1,-0.0058741361615907,0.0058741361615907,1.2594075901416677,hold
897,2023-08-11,0,-1,0.0003216956578122,-0.0003216956578122,1.2590024441885035,hold
898,2023-08-14,0,-1,0.0015667570139761,-0.0015667570139761,1.257029893278458,hold
899,2023-08-16,0,-1,-0.0051245825841254,0.0051245825841254,1.2634716467772777,hold
900,2023-08-17,0,-1,-0.0028452826260957,0.0028452826260957,1.2670665807024175,hold
901,2023-08-18,0,-1,0.0043215209131937,-0.0043215209131937,1.2615909259755032,hold
902,2023-08-21,0,-1,0.0001469355577301,-0.0001469355577301,1.2614055534091677,hold
903,2023-08-22,0,-1,0.0024515199000461,-0.0024515199000461,1.2583131925929565,hold
904,2023-08-23,0,-1,-0.0029469646806212,0.0029469646806212,1.2620213971286878,hold
905,2023-08-24,0,-1,-0.0062361537740819,0.0062361537740819,1.2698915566273639,hold
906,2023-08-25,0,-1,0.0020891942389009,-0.0020891942389009,1.2672385065032292,hold
907,2023-08-28,0,-1,0.001895758474361,-0.001895758474361,1.2648361283654892,hold
908,2023-08-29,0,-1,0.0002480956863764,-0.0002480956863764,1.2645223279780686,hold
909,2023-08-30,0,-1,-0.0048403506033882,0.0048403506033882,1.2706430593912952,hold
910,2023-08-31,0,-1,0.0094267101889176,-0.0094267101889176,1.2586650755168538,hold
911,2023-09-01,0,-1,0.0048108337016425,-0.0048108337016425,1.252609847152477,hold
912,2023-09-04,0,-1,0.0023605960187407,-0.0023605960187407,1.2496529413342534,hold
913,2023-09-05,0,-1,0.0018467726478093,-0.0018467726478093,1.2473451164629428,hold
914,2023-09-06,0,-1,0.0059150323607803,-0.0059150323607803,1.2399670297340033,hold
915,2023-09-07,0,-1,0.004709190366575,-0.004709190366575,1.2341277889427094,hold
916,2023-09-08,0,-1,0.0089001434200508,-0.0089001434200508,1.223143874622449,hold
917,2023-09-11,0,-1,-0.0001575482868895,0.0001575482868895,1.223336578844515,hold
918,2023-09-12,0,-1,0.0038413452699443,-0.0038413452699443,1.2186373206638208,hold
919,2023-09-13,0,-1,0.0016492082399102,-0.0016492082399102,1.2166275339531198,hold
920,2023-09-14,0,-1,0.0044396138771742,-0.0044396138771742,1.2112261774700295,hold
921,2023-09-15,0,-1,-0.0029243168460981,0.0029243168460981,1.2147681865852402,hold
922,2023-09-18,-1,-1,-0.011518249945432,0.011518249945432,1.2287601901840883,hold
923,2023-09-20,0,-1,-0.0079919391664983,0.0079919391664983,1.2385803668742543,hold
924,2023-09-21,0,-1,-0.0034494176591149,0.0034494176591149,1.2428527478639835,hold
925,2023-09-22,0,-1,1.5288066889551644e-05,-1.5288066889551644e-05,1.2428337470480402,hold
926,2023-09-25,0,-1,-0.0005007261720755,0.0005007261720755,1.2434560664327259,hold
927,2023-09-26,0,-1,0.0026316191986632,-0.0026316191986632,1.2401837635756072,hold
928,2023-09-27,0,-1,-0.0097836296667737,0.0097836296667737,1.2523172622371765,hold
929,2023-09-28,0,-1,0.0058775169171687,-0.0058775169171687,1.2449567463427151,hold
930,2023-09-29,0,-1,-0.0055784246544688,0.0055784246544688,1.2519016437502606,hold
931,2023-10-03,0,-1,-0.0047443072713306,0.0047443072713306,1.2578410498216959,hold
932,2023-10-04,0,-1,0.0056415841052857,-0.0056415841052857,1.250744833748046,hold
933,2023-10-05,0,-1,0.0055127073660514,-0.0055127073660514,1.2438498434899925,hold
934,2023-10-06,0,-1,-0.0071819467588469,0.0071819467588469,1.2527831068419377,hold
935,2023-10-09,0,-1,0.0090968029762401,-0.0090968029762401,1.2413867857470346,hold
936,2023-10-10,0,-1,0.0061706921287072,-0.0061706921287072,1.2337265700795443,hold
937,2023-10-11,0,-1,-0.0008757409120068,0.0008757409120068,1.2348069949111928,hold
938,2023-10-12,0,-1,-0.002169809980297,0.002169809980297,1.2374862914524916,hold
939,2023-10-13,0,-1,-0.0009772027556287,0.0009772027556287,1.2386955664665518,hold
940,2023-10-16,0,-1,0.0040417094276989,-0.0040417094276989,1.2336891189175152,hold
941,2023-10-17,0,-1,-0.0070868127413371,0.0070868127413371,1.2424320426843087,hold
942,2023-10-18,0,-1,-0.0023588102112444,0.0023588102112444,1.2453627040733697,hold
943,2023-10-19,0,-1,-0.0041808960845935,0.0041808960845935,1.2505694361267288,hold
944,2023-10-20,0,-1,-0.0133503074255556,0.0133503074255556,1.2672649225560244,hold
945,2023-10-23,0,-1,-0.008277236732921,0.008277236732921,1.2777543743233473,hold
946,2023-10-25,0,-1,-0.0138530649123475,0.0138530649123475,1.2954551886128844,hold
947,2023-10-26,0,-1,0.0100757003274603,-0.0100757003274603,1.2824025703447675,hold
948,2023-10-27,0,-1,0.0049167407696648,-0.0049167407696648,1.2760973293440305,hold
949,2023-10-30,0,-1,-0.0032026069828995,0.0032026069828995,1.280184167561847,hold
950,2023-10-31,0,-1,-0.0047406245729368,0.0047406245729368,1.2862530400844756,hold
951,2023-11-01,0,-1,0.0075885232572669,-0.0075885232572669,1.2764922789750643,hold
952,2023-11-02,0,-1,0.0050879808383312,-0.0050879808383312,1.2699975107193615,hold
953,2023-11-03,0,-1,0.0094199033989916,-0.0094199033989916,1.2580342568514253,hold
954,2023-11-06,0,-1,-0.0002601919584787,0.0002601919584787,1.2583615872485487,hold
955,2023-11-07,0,-1,0.0018962926582819,-0.0018962926582819,1.2559753654091852,hold
956,2023-11-08,0,-1,-0.002478937369815,0.002478937369815,1.2590888496780652,hold
957,2023-11-09,0,-1,0.0015492839458333,-0.0015492839458333,1.2571381635368812,hold
958,2023-11-10,0,-1,0.0009369804014345,-0.0009369804014345,1.2559602497157518,hold
959,2023-11-13,0,-1,0.0119267535086042,-0.0119267535086042,1.240980721400787,hold
960,2023-11-15,0,-1,0.0045615222809993,-0.0045615222809993,1.2353199601898268,hold
961,2023-11-16,0,-1,-0.0016897597201204,0.0016897597201204,1.2374073541000163,hold
962,2023-11-17,0,-1,-0.0019157289123818,0.0019157289123818,1.2397778911446597,hold
963,2023-11-20,0,-1,0.004539473475424,-0.004539473475424,1.2341499522923913,hold
964,2023-11-21,0,-1,0.0014380348265852,-0.0014380348265852,1.2323752016797664,hold
965,2023-11-22,0,-1,-0.0004971574875239,0.0004971574875239,1.2329878862387202,hold
966,2023-11-23,0,-1,-0.0003686890844358,0.0003686890844358,1.2334424754136182,hold
967,2023-11-24,0,-1,0.0047992646389904,-0.0047992646389904,1.227522858557137,hold
968,2023-11-28,0,-1,0.0104023891135545,-0.0104023891135545,1.214753688136643,hold
969,2023-11-29,0,-1,0.0018187545137213,-0.0018187545137213,1.2125443493832848,hold
970,2023-11-30,0,-1,0.0066929416105065,-0.0066929416105065,1.204428860852713,hold
971,2023-12-01,0,-1,0.0206681690037693,-0.0206681690037693,1.1795355216035917,hold
972,2023-12-04,0,-1,0.0081355657602475,-0.0081355657602475,1.1699393328010377,hold
973,2023-12-05,0,-1,0.0039606432442005,-0.0039606432442005,1.1653056204864547,hold
974,2023-12-06,0,-1,-0.001745599062397,0.001745599062397,1.1673397768849818,hold
975,2023-12-07,0,-1,0.0032653705047074,-0.0032653705047074,1.1635279800085698,hold
976,2023-12-08,0,-1,0.0013209351833629,-0.0013209351833629,1.1619910349629494,hold
977,2023-12-11,0,-1,-0.0043196070141755,0.0043196070141755,1.1670103795879845,hold
978,2023-12-12,0,-1,0.0009542158562574,-0.0009542158562574,1.1658967997793646,hold
979,2023-12-13,0,-1,0.0122500872899569,-0.0122500872899569,1.1516144622109858,hold
980,2023-12-14,0,-1,0.0129327792008919,-0.0129327792008919,1.1367208866466574,hold
981,2023-12-15,0,-1,-0.0017710126840955,0.0017710126840955,1.138734033755185,hold
982,2023-12-18,0,-1,0.0016083748565725,-0.0016083748565725,1.1369025225669698,hold
983,2023-12-19,0,-1,-0.0141214660942333,0.0141214660942333,1.1529572529918475,hold
984,2023-12-20,0,-1,0.0049597940765233,-0.0049597940765233,1.147238822437974,hold
985,2023-12-21,0,-1,0.0044389265566107,-0.0044389265566107,1.1421463135622791,hold
986,2023-12-22,0,-1,0.0043068759341071,-0.0043068759341071,1.1372272310911686,hold
987,2023-12-26,0,-1,0.0099527499207277,-0.0099527499207277,1.1259086928570767,hold
988,2023-12-27,0,-1,0.0057238813077962,-0.0057238813077962,1.119464125135747,hold
989,2023-12-28,0,-1,-0.0021717930740454,0.0021717930740454,1.121895369569359,hold
990,2023-12-29,0,-1,0.0004831718072126,-0.0004831718072126,1.1213533013561408,hold
991,2024-01-01,0,-1,-0.003500136051024,0.003500136051024,1.1252781904721523,hold
992,2024-01-02,-1,-1,-0.0068518663756694,0.0068518663756694,1.1329884462687225,hold
993,2024-01-03,0,-1,0.0065644701863494,-0.0065644701863494,1.1255509773917132,hold
994,2024-01-04,0,-1,0.0024101822286055,-0.0024101822286055,1.122838194428614,hold
995,2024-01-05,0,-1,-0.009110708685643,0.009110708685643,1.1330680461191667,hold
996,2024-01-08,0,-1,0.0014804820050666,-0.0014804820050666,1.1313905592663713,hold
997,2024-01-09,0,-1,0.0034277152411805,-0.0034277152411805,1.1275124746026464,hold
998,2024-01-10,0,-1,0.0013183031833516,-0.0013183031833516,1.1260260713181092,hold
999,2024-01-11,0,-1,0.0114264926377058,-0.0114264926377058,1.113159542704328,hold
1000,2024-01-12,0,-1,0.0092670746948486,-0.0092670746948486,1.1028438100748035,hold
1001,2024-01-15,0,-1,-0.0029482333845447,0.0029482333845447,1.1060952510136046,hold
1002,2024-01-16,0,-1,-0.0208943935120824,0.0208943935120824,1.1292064404501285,hold
1003,2024-01-17,0,-1,-0.0050852715087356,0.0050852715087356,1.1349487617892302,hold
1004,2024-01-18,0,-1,0.0074619571864553,-0.0074619571864553,1.1264798227199386,hold
1005,2024-01-19,0,-1,-0.0177408429427344,0.0177408429427344,1.1464645243329723,hold
1006,2024-01-23,0,-1,0.0101299710711508,-0.0101299710711508,1.1348508718673787,hold
1007,2024-01-24,0,-1,-0.0047240537554001,0.0047240537554001,1.1402119683904428,hold
1008,2024-01-25,0,-1,0.0180305914522447,-0.0180305914522447,1.119653272219435,hold
1009,2024-01-29,0,-1,-0.0099136981024832,0.0099136981024832,1.130753176739676,hold
1010,2024-01-30,0,-1,0.0094600254190029,-0.0094600254190029,1.1200562229451003,hold
1011,2024-01-31,0,-1,-0.0013003033741542,0.0013003033741542,1.121512635831038,hold
1012,2024-02-01,0,-1,0.0072059881750932,-0.0072059881750932,1.113431029039022,hold
1013,2024-02-02,0,-1,-0.0037568550808078,0.0037568550808078,1.1176140280575961,hold
1014,2024-02-05,0,-1,0.0072434021015312,-0.0072434021015312,1.109518700258063,hold
1015,2024-02-06,0,-1,5.014315737827957e-05,-5.014315737827957e-05,1.109463065487262,hold
1016,2024-02-07,0,-1,-0.0096920171108729,0.0096920171108729,1.120216000501846,hold
1017,2024-02-08,0,-1,0.0029722318898448,-0.0029722318898448,1.11688645878164,hold
1018,2024-02-09,0,-1,-0.0076414194307357,0.0076414194307357,1.1254210566696996,hold
1019,2024-02-12,0,-1,0.0058844800115076,-0.0058844800115076,1.1187985389571968,hold
1020,2024-02-13,0,-1,0.0044519922849619,-0.0044519922849619,1.1138176564933329,hold
1021,2024-02-14,0,-1,0.0032371361888359,-0.0032371361888359,1.110212077049734,hold
1022,2024-02-15,0,-1,0.0059308430222606,-0.0059308430222606,1.103627583499334,hold
1023,2024-02-16,0,-1,0.0037000088082788,-0.0037000088082788,1.0995441517193272,hold
1024,2024-02-19,0,-1,0.003376655573009,-0.003376655573009,1.0958313698316546,hold
1025,2024-02-20,0,-1,-0.00639270001033,0.00639270001033,1.1028366910408975,hold
1026,2024-02-21,0,-1,0.0073633218581414,-0.0073633218581414,1.0947161495277957,hold
1027,2024-02-22,0,-1,-0.0002137959201901,0.0002137959201901,1.0949501953743308,hold
1028,2024-02-23,0,-1,-0.0040809285088362,0.0040809285088362,1.0994186088423896,hold
1029,2024-02-26,0,-1,0.0034489943486464,-0.0034489943486464,1.0956267202736956,hold
1030,2024-02-27,0,-1,-0.0111359278099485,0.0111359278099485,1.1078275403373141,hold
1031,2024-02-28,0,-1,0.0014418556686905,-0.0014418556686905,1.1062302129183472,hold
1032,2024-02-29,0,-1,0.0161921687000685,-0.0161921687000685,1.0883179466896606,hold
1033,2024-03-01,0,-1,0.0029925402887358,-0.0029925402887358,1.0850611113872377,hold
1034,2024-03-04,0,-1,-0.0022002905070378,0.0022002905070378,1.087448561050179,hold
1035,2024-03-05,0,-1,0.0052669715420341,-0.0052669715420341,1.0817210004257016,hold
1036,2024-03-06,0,-1,0.000867667346212,-0.000867667346212,1.0807824264359205,hold
1037,2024-03-07,0,-1,-0.0071531788017711,0.0071531788017711,1.0885134563780288,hold
1038,2024-03-11,0,-1,0.000136518866846,-0.000136518866846,1.0883648537544175,hold
1039,2024-03-12,0,-1,-0.0151327252704165,0.0151327252704165,1.1048347800802603,hold
1040,2024-03-13,0,-1,0.0067712159528048,-0.0067712159528048,1.0973537051921671,hold
1041,2024-03-14,0,-1,-0.0055674686273187,0.0055674686273187,1.1034631875188963,hold
1042,2024-03-15,0,-1,0.0014688778023679,-0.0014688778023679,1.1018423349370197,hold
1043,2024-03-18,0,-1,-0.0108021966402886,0.0108021966402886,1.1137446525056043,hold
1044,2024-03-19,0,-1,0.0009923428906801,-0.0009923428906801,1.1126394359176575,hold
1045,2024-03-20,0,-1,0.0079146856998078,-0.0079146856998078,1.1038332444851577,hold
1046,2024-03-21,0,-1,0.0038524885010076,-0.0038524885010076,1.0995807396037487,hold
1047,2024-03-22,0,-1,-0.0041658063402989,0.0041658063402989,1.1041613800204606,hold
1048,2024-03-26,0,-1,0.0054057167831516,-0.0054057167831516,1.0981925963171761,hold
1049,2024-03-27,0,-1,0.0091870010785439,-0.0091870010785439,1.0881034997503614,hold
1050,2024-03-28,0,-1,0.0060509791780918,-0.0060509791780918,1.081519408129763,hold
1051,2024-04-01,0,-1,-0.0003872860275131,0.0003872860275131,1.081938265485016,hold
1052,2024-04-02,0,-1,-0.0008306302403686,0.0008306302403686,1.0828369561265399,hold
1053,2024-04-03,0,-1,0.0035659124883635,-0.0035659124883635,1.0789756543018267,hold
1054,2024-04-04,0,-1,-4.224679746289706e-05,4.224679746289706e-05,1.0790212375677615,hold
1055,2024-04-05,0,-1,0.0067781647528144,-0.0067781647528144,1.0717074538477414,hold
1056,2024-04-08,0,-1,-0.0010390218270411,0.0010390218270411,1.0728209812844918,hold
1057,2024-04-09,0,-1,0.0049044741142307,-0.0049044741142307,1.0675593585525784,hold
1058,2024-04-10,0,-1,-0.0103015928142499,0.0103015928142499,1.0785569203694287,hold
1059,2024-04-12,0,-1,-0.010963897188301,0.010963897188301,1.0903821075560898,hold
1060,2024-04-15,0,-1,-0.005594325260972,0.005594325260972,1.0964820597245026,hold
1061,2024-04-16,0,-1,-0.0068652458503182,0.0068652458503182,1.1040096786349747,hold
1062,2024-04-18,0,-1,0.0068717686886063,-0.0068717686886063,1.0964231794934125,hold
1063,2024-04-19,0,-1,0.0085519659829773,-0.0085519659829773,1.087046605759437,hold
1064,2024-04-22,0,-1,0.0014147135985376,-0.0014147135985376,1.085508746144025,hold
1065,2024-04-23,0,-1,0.0015379287654238,-0.0015379287654238,1.083839311018211,hold
1066,2024-04-24,0,-1,0.0074969296067168,-0.0074969296067168,1.075713843998515,hold
1067,2024-04-25,0,-1,-0.0066636269808832,0.0066636269808832,1.0828819997930932,hold
1068,2024-04-26,0,-1,0.0099666225688024,-0.0099666225688024,1.0720893236146054,hold
1069,2024-04-29,0,-1,-0.0017025173156396,0.0017025173156396,1.0739145742519716,hold
1070,2024-04-30,0,-1,0.001917712797214,-0.001917712797214,1.0718551145298139,hold
1071,2024-05-02,0,-1,-0.0076098592965534,0.0076098592965534,1.0800117811376768,hold
1072,2024-05-03,0,-1,-0.0014749338156797,0.0014749338156797,1.081604727035009,hold
1073,2024-05-06,0,-1,-0.006246985595782,0.006246985595782,1.0883614961851267,hold
1074,2024-05-07,0,-1,0.0,-0.0,1.0883614961851267,hold
1075,2024-05-08,0,-1,-0.0154691178119045,0.0154691178119045,1.105197488391555,hold
1076,2024-05-09,0,-1,0.004449469144939,-0.004449469144939,1.1002799462678927,hold
1077,2024-05-10,0,-1,0.0022149680905385,-0.0022149680905385,1.09784286129625,hold
1078,2024-05-13,0,-1,0.0051483245877055,-0.0051483245877055,1.0921908099000015,hold
1079,2024-05-14,0,-1,-0.0007786004689536,0.0007786004689536,1.0930411901767765,hold
1080,2024-05-15,0,-1,0.0091573776762647,-0.0091573776762647,1.083031799182614,hold
1081,2024-05-16,0,-1,0.002778540343975,-0.002778540343975,1.0800225516347772,hold
1082,2024-05-17,0,-1,0.0028020516676037,-0.0028020516676037,1.0769962726429194,hold
1083,2024-05-21,0,-1,0.00305161547495,-0.00305161547495,1.0737096941508588,hold
1084,2024-05-22,0,-1,0.016366619608483,-0.016366619608483,1.056136696016751,hold
1085,2024-05-23,0,-1,-0.0004593757337192,0.0004593757337192,1.0566218595863917,hold
1086,2024-05-24,0,-1,-0.0010737589261899,0.0010737589261899,1.05775641673973,hold
1087,2024-05-27,0,-1,-0.0019317094176221,0.0019317094176221,1.0597996947714963,hold
1088,2024-05-28,0,-1,-0.008015115627261,0.008015115627261,1.0682941118668257,hold
1089,2024-05-29,0,-1,-0.0095155996581792,0.0095155996581792,1.0784595709525406,hold
1090,2024-05-30,0,-1,0.0018697799732139,-0.0018697799732139,1.0764430888448526,hold
1091,2024-05-31,0,-1,0.0325423176953527,-0.0325423176953527,1.0414131358666967,hold
1092,2024-06-03,0,-1,-0.0592935994164107,0.0592935994164107,1.1031622691717649,hold
1093,2024-06-04,0,-1,0.0336242367600356,-0.0336242367600356,1.0660692798483953,hold
1094,2024-06-05,0,-1,0.0088880492442378,-0.0088880492442378,1.0565940035913337,hold
1095,2024-06-06,0,-1,0.0205399314668071,-0.0205399314668071,1.0348916351693285,hold
1096,2024-06-07,0,-1,-0.0013289382574128,0.0013289382574128,1.0362669422555815,hold
1097,2024-06-10,0,-1,0.0002429314342191,-0.0002429314342191,1.0360152004410654,hold
1098,2024-06-11,0,-1,0.0024973129141392,-0.0024973129141392,1.0334279463017595,hold
1099,2024-06-12,0,-1,0.003256499474515,-0.003256499474515,1.0300625887376786,hold
1100,2024-06-13,0,-1,0.0028505279152657,-0.0028505279152657,1.027126366574011,hold
1101,2024-06-14,-1,-1,0.0039334507869606,-0.0039334507869606,1.0230862155591023,hold
1102,2024-06-18,0,-1,-0.0017786131162043,0.0017786131162043,1.0249058901211034,hold
1103,2024-06-19,0,-1,0.0021687361796223,-0.0021687361796223,1.0226831396364897,hold
1104,2024-06-20,0,-1,-0.0027962995130903,0.0027962995130903,1.025542868001901,hold
1105,2024-06-21,0,-1,0.001563756616109,-0.001563756616109,1.0239391685569597,hold
1106,2024-06-24,0,-1,0.0077938798539154,-0.0077938798539154,1.0159587096995086,hold
1107,2024-06-25,0,-1,0.0062180401218379,-0.0062180401218379,1.0096414376804663,hold
1108,2024-06-26,0,-1,0.0073610408985447,-0.0073610408985447,1.0022094257648348,hold
1109,2024-06-27,0,-1,-0.0014099020825968,0.0014099020825968,1.003622442921419,hold
1110,2024-06-28,0,-1,0.0054704843490753,-0.0054704843490753,0.9981321420550365,hold
1111,2024-07-01,0,-1,-0.0007497161563467,0.0007497161563467,0.9988804578481042,hold
1112,2024-07-02,0,-1,0.0067423066077227,-0.0067423066077227,0.9921456995368299,hold
1113,2024-07-03,0,-1,0.0006444070008029,-0.0006444070008029,0.9915063539022319,hold
1114,2024-07-04,0,-1,0.0008928929498506,-0.0008928929498506,0.9906210448691004,hold
1115,2024-07-05,0,-1,-0.0001356211363734,0.0001356211363734,0.990755394020921,hold
1116,2024-07-08,-1,-1,0.0046318209860134,-0.0046318209860134,0.9861663923948889,hold
1117,2024-07-09,0,-1,-0.0044509111977667,0.0044509111977667,0.9905557314336605,hold
1118,2024-07-10,0,-1,-0.0003494426502141,0.0003494426502141,0.9909018738536375,hold
1119,2024-07-11,0,-1,0.007657573644356,-0.007657573644356,0.9833139697802729,hold
1120,2024-07-12,0,-1,0.0034506697076412,-0.0034506697076412,0.9799208780516516,hold
1121,2024-07-15,0,-1,0.0010697158254551,-0.0010697158254551,0.9788726411807059,hold
1122,2024-07-16,0,-1,0.0076321297434283,-0.0076321297434283,0.9714017581809224,hold
1123,2024-07-18,0,-1,-0.0108846762510892,0.0108846762510892,0.9819751518284606,hold
1124,2024-07-19,0,-1,-0.0008825762723847,0.0008825762723847,0.9828418197975358,hold
1125,2024-07-22,0,-1,-0.0012321559717249,0.0012321559717249,0.9840528342150604,hold
1126,2024-07-23,0,-1,-0.0026778318259059,0.0026778318259059,0.9866879622128945,hold
1127,2024-07-24,0,-1,-0.0003031269840456,0.0003031269840456,0.9869870539590742,hold
1128,2024-07-25,0,-1,0.0175673297602745,-0.0175673297602745,0.9696483269130532,hold
1129,2024-07-26,0,-1,5.03324972633834e-05,-5.03324972633834e-05,0.9695995220912924,hold
1130,2024-07-29,0,-1,0.0008536433743,-0.0008536433743,0.9687718298835347,hold
1131,2024-07-30,0,-1,0.0037755350108565,-0.0037755350108565,0.9651141979222779,hold
1132,2024-07-31,0,-1,0.0023946791656728,-0.0023946791656728,0.9628030590600184,hold
1133,2024-08-01,0,-1,-0.0117229354919546,0.0117229354919546,0.9740899372128355,hold
1134,2024-08-02,0,-1,-0.0267864578946228,0.0267864578946228,1.000182356301563,hold
1135,2024-08-05,0,-1,-0.0026209626510589,0.0026209626510589,1.0028037969016776,hold
1136,2024-08-06,0,-1,0.0127101624804444,-0.0127101624804444,0.9900579977070507,hold
1137,2024-08-07,0,-1,-0.007428747813561,0.007428747813561,0.9974128888928157,hold
1138,2024-08-08,0,-1,0.0103868640378157,-0.0103868640378157,0.9870528968263209,hold
1139,2024-08-09,0,-1,-0.0008412844977941,0.0008412844977941,0.9878832891269237,hold
1140,2024-08-12,0,-1,-0.0085431469996303,0.0085431469996303,0.9963229212844132,hold
1141,2024-08-13,0,-1,0.0001967769998756,-0.0001967769998756,0.9961268678490556,hold
1142,2024-08-14,0,-1,0.0164597624902924,-0.0164597624902924,0.9797308561940613,hold
1143,2024-08-16,0,-1,0.0012835584110202,-0.0012835584110202,0.9784733144130574,hold
1144,2024-08-19,0,-1,0.0051357593399101,-0.0051357593399101,0.9734481109497078,hold
1145,2024-08-20,0,-1,0.0028887826964991,-0.0028887826964991,0.9706360308908566,hold
1146,2024-08-21,0,-1,0.0016673576536574,-0.0016673576536574,0.969017633475835,hold
1147,2024-08-22,0,-1,0.0004695560778267,-0.0004695560778267,0.9685626253565152,hold
1148,2024-08-23,0,-1,0.007551387144671,-0.007551387144671,0.9612486339985892,hold
1149,2024-08-26,0,-1,0.000285894410237,-0.000285894410237,0.960973818387281,hold
1150,2024-08-27,0,-1,0.0013830024432652,-0.0013830024432652,0.9596447892485376,hold
1151,2024-08-28,0,-1,0.0039756594063229,-0.0039756594063229,0.9558295684154329,hold
1152,2024-08-29,0,-1,0.0033377600735777,-0.0033377600735777,0.9526392386448309,hold
1153,2024-08-30,0,-1,0.0016959501132323,-0.0016959501132323,0.9510236100201817,hold
1154,2024-09-02,0,-1,4.550829989491412e-05,-4.550829989491412e-05,0.9509803305525297,hold
1155,2024-09-03,0,-1,-0.0032100820170585,0.0032100820170585,0.9540330554102127,hold
1156,2024-09-04,-1,-1,-0.0021270784221717,0.0021270784221717,0.9560623585364142,hold
1157,2024-09-05,0,-1,-0.0116503502989019,0.0116503502989019,0.9672008199209576,hold
1158,2024-09-06,0,-1,0.0033900486950126,-0.0033900486950126,0.9639219620435695,hold
1159,2024-09-09,0,-1,0.0041986500501236,-0.0041986500501236,0.9598747910493199,hold
1160,2024-09-10,0,-1,-0.0048979634496194,0.0048979634496194,0.9645762226920905,hold
1161,2024-09-11,0,-1,0.0188796328272711,-0.0188796328272711,0.9463653777737477,hold
1162,2024-09-12,0,-1,-0.0012761636040355,0.0012761636040355,0.9475730948249819,hold
1163,2024-09-13,0,-1,0.0010746751326089,-0.0010746751326089,0.9465547615836442,hold
1164,2024-09-16,0,-1,0.0013709866056039,-0.0013709866056039,0.9452570476840424,hold
1165,2024-09-17,0,-1,-0.0016129951842196,0.0016129951842196,0.9467817427498064,hold
1166,2024-09-18,0,-1,0.0015072376499098,-0.0015072376499098,0.9453547176608867,hold
1167,2024-09-19,0,-1,0.0147604413777415,-0.0147604413777415,0.9314008647696819,hold
1168,2024-09-20,0,-1,0.0057423850996662,-0.0057423850996662,0.9260524023220122,hold
1169,2024-09-23,0,-1,5.203002169906768e-05,-5.203002169906768e-05,0.9260042197954249,hold
1170,2024-09-24,0,-1,0.0024575565157058,-0.0024575565157058,0.9237285120914956,hold
1171,2024-09-25,0,-1,0.008148714241454,-0.008148714241454,0.9162013124097785,hold
1172,2024-09-26,0,-1,-0.0014152231703233,0.0014152231703233,0.9174979417357815,hold
1173,2024-09-27,0,-1,-0.0140609008520233,0.0140609008520233,0.9303987893264638,hold
1174,2024-09-30,0,-1,-0.0005404401234794,0.0005404401234794,0.9309016141630525,hold
1175,2024-10-01,0,-1,-0.0211963752609873,0.0211963752609873,0.9506333541079115,hold
1176,2024-10-03,0,-1,-0.0093266958801446,0.0093266958801446,0.9594996222951978,hold
1177,2024-10-04,0,-1,-0.0087488751686026,0.0087488751686026,0.9678941647149799,hold
1178,2024-10-07,0,-1,0.0087676473034692,-0.0087676473034692,0.959408010051673,hold
1179,2024-10-08,0,-1,-0.0012473907279866,0.0012473907279866,0.9606047667077675,hold
1180,2024-10-09,0,-1,0.0006604768849507,-0.0006604768849507,0.9599703094637835,hold
1181,2024-10-10,0,-1,-0.0013680536120755,0.0013680536120755,0.9612836003131306,hold
1182,2024-10-11,0,-1,0.0065573457544287,-0.0065573457544287,0.9549801313778155,hold
1183,2024-10-14,0,-1,-0.0028096049048969,0.0028096049048969,0.9576632482390136,hold
1184,2024-10-15,0,-1,-0.0034340754096676,0.0034340754096676,0.9609519360505335,hold
1185,2024-10-16,0,-1,-0.0088682273228345,0.0088682273228345,0.9694738762657475,hold
1186,2024-10-17,0,-1,0.0042101739412401,-0.0042101739412401,0.9653922226151804,hold
1187,2024-10-18,0,-1,-0.0029351823779982,0.0029351823779982,0.968225824854857,hold
1188,2024-10-21,0,-1,-0.0124691803378693,0.0124691803378693,0.9802988072727545,hold
1189,2024-10-22,0,-1,-0.0014955647434917,0.0014955647434917,0.9817649076069987,hold
1190,2024-10-23,0,-1,-0.0014773427748562,0.0014773427748562,0.9832153108998594,hold
1191,2024-10-24,0,-1,-0.0089592205494931,0.0089592205494931,0.9920241537178496,hold
1192,2024-10-25,0,-1,0.0065485676346082,-0.0065485676346082,0.9855278164520632,hold
1193,2024-10-28,0,-1,0.0052466588480091,-0.0052466588480091,0.9803570882139159,hold
1194,2024-10-29,0,-1,-0.0051498252538292,0.0051498252538292,0.9854057559045702,hold
1195,2024-10-30,0,-1,-0.005566773640794,0.005566773640794,0.9908912866920265,hold
1196,2024-10-31,0,-1,0.0040900049616161,-0.0040900049616161,0.986838536413034,hold
1197,2024-11-01,0,-1,-0.0127137736646451,0.0127137736646451,0.9993849782085388,hold
1198,2024-11-04,0,-1,0.0090830588186072,-0.0090830588186072,0.9903075056690381,hold
1199,2024-11-05,0,-1,0.0111818707596305,-0.0111818707596305,0.9792340151283548,hold
1200,2024-11-06,0,-1,-0.0116280257061476,0.0116280257061476,0.9906205734286015,hold
1201,2024-11-07,0,-1,-0.0021137093124677,0.0021137093124677,0.9927144573597797,hold
1202,2024-11-08,0,-1,-0.0002856708874028,0.0002856708874028,0.9929980469797512,hold
1203,2024-11-11,0,-1,-0.0106809307765333,0.0106809307765333,1.0036041903807746,hold
1204,2024-11-12,0,-1,-0.0135825623229214,0.0135825623229214,1.0172357068441664,hold
1205,2024-11-13,0,-1,-0.0011185324376894,0.0011185324376894,1.0183735179790476,hold
1206,2024-11-14,0,-1,-0.0033527151631265,0.0033527151631265,1.0217878343145024,hold
1207,2024-11-18,0,-1,0.0027585814066317,-0.0027585814066317,1.01896914939324,hold
1208,2024-11-19,0,-1,-0.0071688079331164,0.0071688079331164,1.0262739435150112,hold
1209,2024-11-21,0,-1,0.0238694641112378,-0.0238694641112378,1.0017773344519811,hold
1210,2024-11-22,0,-1,0.0131612958673623,-0.0131612958673623,0.9885926465600411,hold
1211,2024-11-25,0,-1,-0.0011312238174179,0.0011312238174179,0.989710966107554,hold
1212,2024-11-26,0,-1,0.0033230854378061,-0.0033230854378061,0.986422072008445,hold
1213,2024-11-27,0,-1,-0.0148610290544929,0.0148610290544929,1.0010813190805554,hold
1214,2024-11-28,0,-1,0.0090720019405352,-0.0090720019405352,0.9919995074112231,hold
1215,2024-11-29,0,-1,0.0060068200049485,-0.0060068200049485,0.9860407449252063,hold
1216,2024-12-02,0,-1,0.0074600111445999,-0.0074600111445999,0.9786848699790347,hold
1217,2024-12-03,0,-1,0.0004210968146538,-0.0004210968146538,0.9782727488977366,hold
1218,2024-12-04,0,-1,0.0098478255628851,-0.0098478255628851,0.9686388895136676,hold
1219,2024-12-05,0,-1,-0.0012384293961259,0.0012384293961259,0.969838480388672,hold
1220,2024-12-06,0,-1,-0.0023827399277279,0.0023827399277279,0.972149353259341,hold
1221,2024-12-09,0,-1,-0.00036350862139,0.00036350862139,0.9725027379305295,hold
1222,2024-12-10,-1,-1,0.0012901233029631,-0.0012901233029631,0.97124808948613,hold
1223,2024-12-11,-1,-1,-0.0037781963796591,0.0037781963796591,0.9749176555015772,hold
1224,2024-12-12,0,-1,0.0089455478085889,-0.0089455478085889,0.9661964830048504,hold
1225,2024-12-13,0,-1,-0.0040394689217332,0.0040394689217332,0.9700994036702363,hold
1226,2024-12-16,0,-1,-0.0134687300477334,0.0134687300477334,0.9831654106577379,hold
1227,2024-12-17,0,-1,-0.0056356998120069,0.0056356998120069,0.9887062357777533,hold
1228,2024-12-18,0,-1,-0.010213311567061,0.010213311567061,0.9988042006120477,hold
1229,2024-12-19,0,-1,-0.0152055691508056,0.0152055691508056,1.013991586952569,hold
1230,2024-12-20,0,-1,0.0070354729729729,-0.0070354729729729,1.0068576765477424,hold
1231,2024-12-23,0,-1,-0.0010861087115143,0.0010861087115143,1.007951233441496,hold
1232,2024-12-24,0,-1,0.0009503186263191,-0.0009503186263191,1.006993358609935,hold
1233,2024-12-26,0,-1,0.002661079652128,-0.002661079652128,1.0043136690735102,hold
1234,2024-12-27,0,-1,-0.0070758479358679,0.0070758479358679,1.011420039875788,hold
1235,2024-12-30,0,-1,-4.212721278373799e-06,4.212721278373799e-06,1.0114243007065116,hold
1236,2024-12-31,0,-1,0.0041488871182535,-0.0041488871182535,1.007228015454222,hold
1237,2025-01-01,0,-1,0.0187740331916654,-0.0187740331916654,0.9883182832605091,hold
1238,2025-01-02,0,-1,-0.0076027553276091,0.0076027553276091,0.9958322253539413,hold
1239,2025-01-03,0,-1,-0.0161925959966257,0.0161925959966257,1.0119573342595183,hold
1240,2025-01-06,0,-1,0.0038892874268343,-0.0038892874268343,1.0080215413228901,hold
1241,2025-01-07,0,-1,-0.0007993610384197,0.0007993610384197,1.0088273144689113,hold
1242,2025-01-08,0,-1,-0.0068575949591475,0.0068575949591475,1.0157454435752635,hold
1243,2025-01-09,0,-1,-0.0040379997024632,0.0040379997024632,1.0198470233741987,hold
1244,2025-01-10,0,-1,-0.0147472753024774,0.0147472753024774,1.0348869881943101,hold
1245,2025-01-13,0,-1,0.0039028744993869,-0.0039028744993869,1.0308479541583393,hold
1246,2025-01-14,0,-1,0.0016028803979861,-0.0016028803979861,1.0291956281793149,hold
1247,2025-01-15,0,-1,0.0042476507253836,-0.0042476507253836,1.0248239646227173,hold
1248,2025-01-16,0,-1,-0.0046586517926727,0.0046586517926727,1.029598262622681,hold
1249,2025-01-17,0,-1,0.0061004855371675,-0.0061004855371675,1.0233172133124586,hold
1250,2025-01-20,0,-1,-0.0137118456772935,0.0137118456772935,1.0373487810203172,hold
1251,2025-01-21,0,-1,0.0056764909144164,-0.0056764909144164,1.0314602800897745,hold
1252,2025-01-22,0,-1,0.0021593282262408,-0.0021593282262408,1.0292330187927305,hold
1253,2025-01-23,0,-1,-0.0048760476583936,0.0048760476583936,1.034251608043956,hold
1254,2025-01-24,0,-1,-0.0113912419355629,0.0113912419355629,1.0460330183334297,hold
1255,2025-01-27,0,-1,0.0056112298172781,-0.0056112298172781,1.0401634866710996,hold
1256,2025-01-28,0,-1,0.0089666492883511,-0.0089666492883511,1.0308367054835714,hold
1257,2025-01-29,0,-1,0.0037300875997627,-0.0037300875997627,1.026991594271067,hold
1258,2025-01-30,0,-1,0.0111357401503258,-0.0111357401503258,1.0155552827406955,hold
1259,2025-01-31,0,-1,-0.0011166221250199,0.0011166221250199,1.0166892742385845,hold
1260,2025-02-01,0,-1,-0.0051570919766934,0.0051570919766934,1.0219324343375507,hold
1261,2025-02-03,0,-1,0.0161893068206311,-0.0161893068206311,1.0053880566081055,hold
1262,2025-02-04,0,-1,-0.0018092070621439,0.0018092070621439,1.007207011780316,hold
1263,2025-02-05,0,-1,-0.0039226026346081,0.0039226026346081,1.0111578846583213,hold
1264,2025-02-06,0,-1,-0.0018387386257991,0.0018387386257991,1.013017139717624,hold
1265,2025-02-07,0,-1,-0.0075700336923079,0.0075700336923079,1.0206857135961718,hold
1266,2025-02-10,0,-1,-0.0132496849360461,0.0132496849360461,1.0342094777200446,hold
1267,2025-02-11,0,-1,-0.0011507892904301,0.0011507892904301,1.0353996349110661,hold
1268,2025-02-12,0,-1,-0.0006009745771905,0.0006009745771905,1.03602188376888,hold
1269,2025-02-13,0,-1,-0.0044352661537063,0.0044352661537063,1.0406169165644592,hold
1270,2025-02-14,0,-1,0.0013192755977626,-0.0013192755977626,1.0392440560598168,hold
1271,2025-02-17,0,-1,-0.0006184463402948,0.0006184463402948,1.0398867727429602,hold
1272,2025-02-18,0,-1,-0.0005404326900405,0.0005404326900405,1.040448761548891,hold
1273,2025-02-19,0,-1,-0.0008612081186238,0.0008612081186238,1.0413448044693492,hold
1274,2025-02-20,0,-1,-0.0051171487988824,0.0051171487988824,1.046673520784762,hold
1275,2025-02-21,0,-1,-0.0106401053300685,0.0106401053300685,1.0578102372921054,hold
1276,2025-02-24,0,-1,-0.0002571160481895,0.0002571160481895,1.0580822172800524,hold
1277,2025-02-25,0,-1,-0.0001108767876499,0.0001108767876499,1.0581995340373738,hold
1278,2025-02-27,0,-1,-0.0186449596666951,0.0186449596666951,1.0779296216688161,hold
1279,2025-02-28,0,-1,-0.0002440004922383,0.0002440004922383,1.0781926370271016,hold
1280,2025-03-03,0,-1,-0.0016569416451024,0.0016569416451024,1.0799791393088345,hold
1281,2025-03-04,0,-1,0.0115316950692254,-0.0115316950692254,1.0675251491932005,hold
1282,2025-03-05,0,-1,0.009284847776867,-0.009284847776867,1.0576133406849644,hold
1283,2025-03-06,0,-1,0.0003460139864501,-0.0003460139864501,1.0572473916768312,hold
1284,2025-03-07,0,-1,-0.0040882039130917,0.0040882039130917,1.0615696346005903,hold
1285,2025-03-10,0,-1,0.001674047455606,-0.001674047455606,1.0597925166548385,hold
1286,2025-03-11,0,-1,-0.0012179087892316,0.0012179087892316,1.0610832472756344,hold
1287,2025-03-12,0,-1,-0.0032620894617386,0.0032620894617386,1.0645445957545996,hold
1288,2025-03-13,0,-1,0.0049805683362682,-0.0049805683362682,1.0592425586484386,hold
1289,2025-03-17,0,-1,0.0144632989948354,-0.0144632989948354,1.0439224168146517,hold
1290,2025-03-18,0,-1,0.0032100316461272,-0.0032100316461272,1.040571392820575,hold
1291,2025-03-19,0,-1,0.01235619558909,-0.01235619558909,1.0277138891664723,hold
1292,2025-03-20,0,-1,0.0068885519512889,-0.0068885519512889,1.0206344286498878,hold
1293,2025-03-21,0,-1,0.0131881772302988,-0.0131881772302988,1.0071741209175085,hold
1294,2025-03-24,0,-1,0.0004353972876416,-0.0004353972876416,1.0067356000370782,hold
1295,2025-03-25,0,-1,-0.0076810793285454,0.0076810793285454,1.0144684160438338,hold
1296,2025-03-26,0,-1,0.0044748278770025,-0.0044748278770025,1.0099288444953822,hold
1297,2025-03-27,0,-1,-0.0030773044101545,0.0030773044101545,1.01303670298249,hold
1298,2025-03-28,-1,-1,-0.0150365718652369,0.0150365718652369,1.028269302169009,hold
1299,2025-04-01,0,-1,0.0071938424586863,-0.0071938424586863,1.020872094804102,hold
1300,2025-04-02,0,-1,-0.0035251486188494,0.0035251486188494,1.0244708206591224,hold
1301,2025-04-03,0,-1,-0.0148666197750665,0.0148666197750665,1.0397012388205118,hold
1302,2025-04-04,0,-1,-0.0324325462830553,0.0324325462830553,1.073421397369108,hold
1303,2025-04-07,0,-1,0.0168873189028142,-0.0168873189028142,1.0552941879146314,hold
1304,2025-04-08,0,-1,-0.0060658560080705,0.0060658560080705,1.0616954505046752,hold
1305,2025-04-09,0,-1,0.0191703874091904,-0.0191703874091904,1.0413423374079256,hold
1306,2025-04-11,0,-1,0.0219023977821084,-0.0219023977821084,1.0185344433066665,hold
1307,2025-04-15,0,-1,0.004657316201027,-0.004657316201027,1.0137908063425503,hold
1308,2025-04-16,0,-1,0.0176834769379541,-0.0176834769379541,0.9958634599986819,hold
1309,2025-04-17,0,-1,0.0114834984640164,-0.0114834984640164,0.9844274634854169,hold
1310,2025-04-21,0,-1,0.0017284255654137,-0.0017284255654137,0.9827259538902333,hold
1311,2025-04-22,0,-1,0.0066908406521222,-0.0066908406521222,0.976150691128049,hold
1312,2025-04-23,0,-1,-0.0033807460922566,0.0033807460922566,0.9794508087625337,hold
1313,2025-04-24,0,-1,-0.0085516633626838,0.0085516633626838,0.9878267423593793,hold
1314,2025-04-25,0,-1,0.0120282118827472,-0.0120282118827472,0.9759449529988368,hold
1315,2025-04-28,0,-1,0.0003061930965739,-0.0003061930965739,0.9756461253915925,hold
1316,2025-04-29,0,-1,-7.191007773188485e-05,7.191007773188485e-05,0.9757162841803083,hold
1317,2025-04-30,0,-1,0.0005136803511647,-0.0005136803511647,0.9752150778968134,hold
1318,2025-05-02,0,-1,0.0047008906976129,-0.0047008906976129,0.9706306984089564,hold
1319,2025-05-05,0,-1,-0.0033338898599493,0.0033338898599493,0.9738666742521376,hold
1320,2025-05-06,0,-1,0.0014274549954715,-0.0014274549954715,0.9724765234030531,hold
1321,2025-05-07,0,-1,-0.0057588802970967,0.0057588802970967,0.9780768992930681,hold
1322,2025-05-08,0,-1,-0.0109501096942064,0.0109501096942064,0.9887869486296964,hold
1323,2025-05-09,0,-1,0.0381830730902199,-0.0381830730902199,0.9510320242995132,hold
1324,2025-05-12,0,-1,-0.0138958390765435,0.0138958390765435,0.9642474122658187,hold
1325,2025-05-13,0,-1,0.0036027960647213,-0.0036027960647213,0.9607734254834898,hold
1326,2025-05-14,0,-1,0.0160214381414618,-0.0160214381414618,0.9453804534791457,hold
1327,2025-05-15,0,-1,-0.0016877607536591,0.0016877607536591,0.9469760295058043,hold
1328,2025-05-16,0,-1,-0.0029717088137536,0.0029717088137536,0.9497901665191,hold
1329,2025-05-19,0,-1,-0.0104848313546668,0.0104848313546668,0.9597485562373737,hold
1330,2025-05-20,0,-1,0.0052483127088862,-0.0052483127088862,0.9547114956923379,hold
1331,2025-05-21,0,-1,-0.0082112727740422,0.0082112727740422,0.9625508922039815,hold
1332,2025-05-22,0,-1,0.0098924887180058,-0.0098924887180058,0.9530288683623471,hold
1333,2025-05-23,0,-1,0.0059549794562796,-0.0059549794562796,0.9473536010300079,hold
1334,2025-05-26,0,-1,-0.0069977248703164,0.0069977248703164,0.9539829208849193,hold
1335,2025-05-27,0,-1,-0.0029706520659956,0.0029706520659956,0.9568168722197706,hold
1336,2025-05-28,0,-1,0.0032784792287758,-0.0032784792287758,0.9536799679784559,hold
1337,2025-05-29,0,-1,-0.0033382349691143,0.0033382349691143,0.9568635757969053,hold
1338,2025-05-30,0,-1,-0.0013777230725331,0.0013777230725331,0.9581818688225473,hold
1339,2025-06-02,0,-1,-0.0070438333802584,0.0070438333802584,0.964931142254518,hold
1340,2025-06-03,0,-1,0.0031659048079861,-0.0031659048079861,0.9618762621118789,hold
1341,2025-06-04,0,-1,0.0053086967621067,-0.0053086967621067,0.9567699527136584,hold
1342,2025-06-05,0,-1,0.0101875239545026,-0.0101875239545026,0.9470228359014397,hold
1343,2025-06-06,0,-1,0.0040054487100871,-0.0040054487100871,0.9432295845049552,hold
1344,2025-06-09,0,-1,4.18584595869298e-05,-4.18584595869298e-05,0.943190102367511,hold
1345,2025-06-10,0,-1,0.0014798446727146,-0.0014798446727146,0.9417943275191654,hold
1346,2025-06-11,0,-1,-0.0100710846627866,0.0100710846627866,0.9512792179265429,hold
1347,2025-06-12,0,-1,-0.0068144588479197,0.0068144588479197,0.9577616710099847,hold
1348,2025-06-13,0,-1,0.0092197937677085,-0.0092197937677085,0.9489313059246567,hold
1349,2025-06-16,0,-1,-0.0037319707924959,0.0037319707924959,0.9524726898424525,hold
1350,2025-06-17,0,-1,-0.0016637405234334,0.0016637405234334,0.954057357254007,hold
1351,2025-06-18,0,-1,-0.0007577278241026,0.0007577278241026,0.9547802730593882,hold
1352,2025-06-19,0,-1,0.0128724709598377,-0.0128724709598377,0.9424898917214053,hold
1353,2025-06-20,0,-1,-0.0055948454872697,0.0055948454872697,0.9477629770389,hold
1354,2025-06-23,0,-1,0.0029012296868362,-0.0029012296868362,0.9450132989538306,hold
1355,2025-06-24,0,-1,0.0080018205204253,-0.0080018205204253,0.937451472146187,hold
1356,2025-06-25,0,-1,0.0120520108141297,-0.0120520108141297,0.9261532968661593,hold
1357,2025-06-26,0,-1,0.003475704773181,-0.003475704773181,0.9229342614315442,hold
1358,2025-06-27,0,-1,-0.0047098423546652,0.0047098423546652,0.9272811363066061,hold
1359,2025-06-30,0,-1,0.0009699396772837,-0.0009699396772837,0.9263817295405057,hold
1360,2025-07-01,0,-1,-0.0034610085397696,0.0034610085397696,0.9295879446175318,hold
1361,2025-07-02,0,-1,-0.0018897125192245,0.0018897125192245,0.9313445985941957,hold
1362,2025-07-03,0,-1,0.0021924250859925,-0.0021924250859925,0.9293026953325342,hold
1363,2025-07-04,0,-1,1.1813410706551508e-05,-1.1813410706551508e-05,0.9292917170981235,hold
1364,2025-07-07,0,-1,0.0024036171315751,-0.0024036171315751,0.9270580556066756,hold
1365,2025-07-08,0,-1,-0.0018180190273288,0.0018180190273288,0.928743464791207,hold
1366,2025-07-09,0,-1,-0.004743646446198,0.004743646446198,0.9331490954273934,hold
1367,2025-07-10,0,-1,-0.008100901810276,0.008100901810276,0.9407084446237987,hold
1368,2025-07-11,0,-1,-0.0026858541571485,0.0026858541571485,0.9432350503104561,hold
1369,2025-07-14,0,-1,0.0045251032187942,-0.0045251032187942,0.9389668143482167,hold
1370,2025-07-15,0,-1,0.0006449487413033,-0.0006449487413033,0.9383612288831773,hold
1371,2025-07-16,0,-1,-0.0039902173517283,0.0039902173517283,0.9421054941408561,hold
1372,2025-07-17,0,-1,-0.0056965580472427,0.0056965580472427,0.9474722527748558,hold
1373,2025-07-18,0,-1,0.0048981443028652,-0.0048981443028652,0.9428313969578038,hold
1374,2025-07-21,0,-1,-0.0011876443882732,0.0011876443882732,0.9439511453754885,hold
1375,2025-07-22,0,-1,0.0063445445902445,-0.0063445445902445,0.9379622052426414,hold
1376,2025-07-23,0,-1,-0.006256994627491,0.006256994627491,0.9438310297216342,hold
1377,2025-07-24,0,-1,-0.0089816740370306,0.0089816740370306,0.9523082123766289,hold
1378,2025-07-25,0,-1,-0.0062849623293875,0.0062849623293875,0.9582934336173823,hold
1379,2025-07-28,0,-1,0.0056804742343701,-0.0056804742343701,0.9528498724587526,hold
1380,2025-07-29,0,-1,0.0013678351245234,-0.0013678351245234,0.9515465309348059,hold
1381,2025-07-30,0,-1,-0.0034882717656889,0.0034882717656889,0.9548657838324051,hold
1382,2025-07-31,0,-1,-0.0081959437427822,0.0081959437427822,0.9626918100786029,hold
1383,2025-08-01,0,-1,0.0064074150430544,-0.0064074150430544,0.95652344409288,hold
1384,2025-08-04,0,-1,-0.0029608040671041,0.0029608040671041,0.9593555225964306,hold
1385,2025-08-05,0,-1,-0.0030569142281212,0.0030569142281212,0.9622881901432823,hold
1386,2025-08-06,0,-1,0.0008932609229541,-0.0008932609229541,0.9614286157064071,hold
1387,2025-08-07,0,-1,-0.0094669127354072,0.0094669127354072,0.9705303765126231,hold
1388,2025-08-08,0,-1,0.0091018044718578,-0.0091018044718578,0.9616967987916066,hold
1389,2025-08-11,0,-1,-0.0039719417907191,0.0039719417907191,0.9655166024967279,hold
1390,2025-08-12,0,-1,0.0053884535167121,-0.0053884535167121,0.9603139611645605,hold
1391,2025-08-13,0,-1,0.000485438164071,-0.000485438164071,0.959847788118321,hold
1392,2025-08-14,0,-1,0.0099730192766349,-0.0099730192766349,0.9502752076247817,hold
1393,2025-08-18,0,-1,0.0041685646806257,-0.0041685646806257,0.9463139239574028,hold
1394,2025-08-19,0,-1,0.0027981813736617,-0.0027981813736617,0.9436659659617485,hold
1395,2025-08-20,0,-1,0.0013252889742787,-0.0013252889742787,0.9424153358616573,hold
1396,2025-08-21,0,-1,-0.0085174820600987,0.0085174820600987,0.9504423415780208,hold
1397,2025-08-22,0,-1,0.0039264173509054,-0.0039264173509054,0.9467105082770136,hold
1398,2025-08-25,0,-1,-0.0102411798720348,0.0102411798720348,0.956405940879024,hold
1399,2025-08-26,0,-1,-0.0085444301039235,0.0085444301039235,0.9645778845918419,hold
1400,2025-08-28,0,-1,-0.0030223697933294,0.0030223697933294,0.9674931956535459,hold
1401,2025-08-29,0,-1,0.0081140701746054,-0.0081140701746054,0.9596428879705597,hold
1402,2025-09-01,0,-1,-0.0018457290617897,0.0018457290617897,0.9614141287378268,hold
1403,2025-09-02,0,-1,0.005510715147017,-0.005510715147017,0.9561160493360352,hold
1404,2025-09-03,0,-1,0.0007788776228048,-0.0007788776228048,0.9553713519404028,hold
1405,2025-09-04,0,-1,0.0002708473067116,-0.0002708473067116,0.9551125921828203,hold
1406,2025-09-05,0,-1,0.0012994782193525,-0.0012994782193525,0.9538714441722494,hold
1407,2025-09-08,0,-1,0.0038529301782352,-0.0038529301782352,0.9501962440988414,hold
1408,2025-09-09,0,-1,0.0042020862308871,-0.0042020862308871,0.946203437544873,hold
1409,2025-09-10,0,-1,0.0012974116602184,-0.0012974116602184,0.9449758221720637,hold
1410,2025-09-11,0,-1,0.0043390454100098,-0.0043390454100098,0.9408755291682976,hold
1411,2025-09-12,0,-1,-0.0017838966811339,0.0017838966811339,0.942553953902141,hold
1412,2025-09-15,0,-1,0.0067772563910986,-0.0067772563910986,0.9361660240941024,hold
1413,2025-09-16,0,-1,0.0036114755294653,-0.0036114755294653,0.9327850834065697,hold
1414,2025-09-17,0,-1,0.0036853015416349,-0.0036853015416349,0.9293474891006774,hold
1415,2025-09-18,0,-1,-0.0037976065391384,0.0037976065391384,0.9328767852024179,hold
1416,2025-09-19,0,-1,-0.0049236357186648,0.0049236357186648,0.9374699306631538,hold
1417,2025-09-22,0,-1,-0.001303434397354,0.001303434397354,0.9386918612172651,hold
1418,2025-09-23,0,-1,-0.0044736530076083,0.0044736530076083,0.9428912428854173,hold
1419,2025-09-24,0,-1,-0.0066269482123226,0.0066269482123226,0.9491397343218715,hold
1420,2025-09-25,0,-1,-0.0094874379272315,0.0094874379272315,0.9581446386355191,hold
1421,2025-09-26,0,-1,-0.0008030448049409,0.0008030448049409,0.9589140717099575,hold
1422,2025-09-29,0,-1,-0.0009661407544825,0.0009661407544825,0.9598405176746833,hold
1423,2025-09-30,0,-1,0.0091503904924759,-0.0091503904924759,0.9510576021274597,hold
1424,2025-10-01,0,-1,0.0023332467769816,-0.0023332467769816,0.948838550042572,hold
1425,2025-10-03,0,-1,0.0073671787912872,-0.0073671787912872,0.9418482868003426,hold
1426,2025-10-06,0,-1,0.0012222193924698,-0.0012222193924698,0.9406971415594507,hold
1427,2025-10-07,0,-1,-0.0024752925801897,0.0024752925801897,0.9430256422141584,hold
1428,2025-10-08,0,-1,0.0054160175719368,-0.0054160175719368,0.9379181987651396,hold
1429,2025-10-09,0,-1,0.004112050167679,-0.004112050167679,0.9340614320786382,hold
1430,2025-10-10,0,-1,-0.0022938183927065,0.0022938183927065,0.936203999371458,hold
1431,2025-10-13,0,-1,-0.0032444791324643,0.0032444791324643,0.9392414937111484,hold
1432,2025-10-14,0,-1,0.0070808208725219,-0.0070808208725219,0.9325908929381398,hold
1433,2025-10-15,0,-1,0.0103362282114798,-0.0103362282114798,0.9229514206407834,hold
1434,2025-10-16,0,-1,0.0048679837376106,-0.0048679837376106,0.9184585081344995,hold
1435,2025-10-17,0,-1,0.0051848137299641,-0.0051848137299641,0.9136964718511214,hold
1436,2025-10-20,0,-1,0.0009847568259027,-0.0009847568259027,0.9127967030136628,hold
1437,2025-10-21,0,-1,0.0008814076368377,-0.0008814076368377,0.9119921570287463,hold
1438,2025-10-23,0,-1,-0.0037174505259611,0.0037174505259611,0.9153824427525652,hold
1439,2025-10-24,-1,-1,0.0066252915000297,-0.0066252915000297,0.9093177672353202,hold
1440,2025-10-27,0,-1,-0.001149638146805,0.001149638146805,0.9103631536281015,hold
1441,2025-10-28,-1,-1,0.0045381040946781,-0.0045381040946781,0.9062318308729777,hold
1442,2025-10-29,0,-1,-0.00675717564781,0.00675717564781,0.9123553985318228,hold
1443,2025-10-30,0,-1,-0.0060186608373972,0.0060186608373972,0.9178465562387541,hold
1444,2025-10-31,0,-1,0.0016036793506921,-0.0016036793506921,0.9163746246694102,hold
1445,2025-11-03,0,-1,-0.0064315867797603,0.0064315867797603,0.9222683675907417,hold
1446,2025-11-04,0,-1,-0.0034359080045569,0.0034359080045569,0.9254371968572964,hold
1447,2025-11-06,0,-1,-0.0006820322478444,0.0006820322478444,0.9260683748689079,hold
1448,2025-11-07,0,-1,0.0032185728871263,-0.0032185728871263,0.9230877563059297,hold
1449,2025-11-10,0,-1,0.0047156471705849,-0.0047156471705849,0.918734800139704,hold
1450,2025-11-11,0,-1,0.0070384090258497,-0.0070384090258497,0.9122683688300385,hold
1451,2025-11-12,0,-1,0.0001294494962036,-0.0001294494962036,0.9121502761492909,hold
1452,2025-11-13,0,-1,0.0011940264714482,-0.0011940264714482,0.9110611445736299,hold
1453,2025-11-14,0,-1,0.0039906690408659,-0.0039906690408659,0.9074254010696441,hold
1454,2025-11-17,0,-1,-0.0039748069020186,0.0039748069020186,0.9110322418168828,hold
1455,2025-11-18,0,-1,0.0055036406751542,-0.0055036406751542,0.9060182477144425,hold
1456,2025-11-19,0,-1,0.0053545415882216,-0.0053545415882216,0.9011669353273679,hold
1457,2025-11-20,0,-1,-0.0047342428227803,0.0047342428227803,0.9054332784230684,hold
1458,2025-11-21,0,-1,-0.004167936312968,0.004167936312968,0.9092070666631776,hold
1459,2025-11-24,0,-1,-0.002877529180069,0.002877529180069,0.9118233365282258,hold
1460,2025-11-25,0,-1,0.0123817835303625,-0.0123817835303625,0.9005333373574005,hold
1461,2025-11-26,0,-1,0.0003911422381892,-0.0003911422381892,0.9001811007322625,hold
1462,2025-11-27,0,-1,-0.0004806903583736,0.0004806903583736,0.9006138091081747,hold
1463,2025-11-28,0,-1,-0.0010380212747401,0.0010380212747401,0.9015486654023537,hold
1464,2025-12-01,0,-1,-0.0054841133969418,0.0054841133969418,0.9064928605162818,hold
1465,2025-12-02,0,-1,-0.0017746951904364,0.0017746951904364,0.908101609036005,hold
1466,2025-12-03,0,-1,0.0018375278996383,-0.0018375278996383,0.9064329469936949,hold
1467,2025-12-04,0,-1,0.0058654330916598,-0.0058654330916598,0.9011163251910275,hold
1468,2025-12-05,0,-1,-0.0086265394598917,0.0086265394598917,0.9088898407282404,hold
1469,2025-12-08,0,-1,-0.0046570811090926,0.0046570811090926,0.9131226144357422,hold
1470,2025-12-09,0,-1,-0.0031598875909956,0.0031598875909956,0.916007979254155,hold
1471,2025-12-10,0,-1,0.0054565875164998,-0.0054565875164998,0.9110097015495425,hold
1472,2025-12-11,0,-1,0.0057299900196514,-0.0057299900196514,0.9057896250518581,hold
1473,2025-12-12,0,-1,-0.0007543469807149,0.0007543469807149,0.906472904720679,hold
1474,2025-12-15,0,-1,-0.0064240688375742,0.0064240688375742,0.9122961490600006,hold
1475,2025-12-16,0,-1,-0.0016066770334456,0.0016066770334456,0.9137619143303961,hold
1476,2025-12-17,0,-1,-0.0001161955225689,0.0001161955225689,0.9138680893735353,hold
1477,2025-12-18,0,-1,0.0058433620360547,-0.0058433620360547,0.9085280272741281,hold
1478,2025-12-19,0,-1,0.0079333291061156,-0.0079333291061156,0.9013203754316325,hold
1479,2025-12-22,0,-1,0.0001814888939914,-0.0001814888939914,0.9011567957935634,hold
1480,2025-12-23,0,-1,-0.0013389838361685,0.0013389838361685,0.9023634301769845,hold
1481,2025-12-24,0,-1,-0.003817552133005,0.003817552133005,0.9058082496146024,hold
1482,2025-12-26,0,-1,-0.0038476313101776,0.0038476313101776,0.9092934657968367,hold
1483,2025-12-29,0,-1,-0.0001252789885528,0.0001252789885528,0.9094073811625294,hold
1484,2025-12-30,0,-1,0.007353834224439,-0.007353834224439,0.9027197500389789,hold
1485,2025-12-31,0,-1,0.0006487344669803,-0.0006487344669803,0.9021341246231047,hold
1486,2026-01-01,0,-1,0.0069607651702385,-0.0069607651702385,0.8958545808295446,hold
1487,2026-01-02,0,-1,-0.002972058760474,0.002972058760474,0.8985171132846098,hold
1488,2026-01-05,0,-1,-0.0027276473171363,0.0027276473171363,0.9009679510780616,hold
