idx,date,signal,position,return,pnl,equity,action
0,2020-01-01,0,0,0.0081838863379848,0.0,1.0,hold
1,2020-01-02,0,0,-0.0045227893866035,-0.0,1.0,hold
2,2020-01-03,0,0,-0.0191058530729412,-0.0,1.0,hold
3,2020-01-06,0,0,0.0049945920012428,0.0,1.0,hold
4,2020-01-07,0,0,-0.0022899444111396,-0.0,1.0,hold
5,2020-01-08,0,0,0.0158457581226116,0.0,1.0,hold
6,2020-01-09,0,0,0.0033480474426501,0.0,1.0,hold
7,2020-01-10,0,0,0.0059354808073293,0.0,1.0,hold
8,2020-01-13,0,0,0.0026562202609821,0.0,1.0,hold
9,2020-01-14,0,0,-0.0015369308543056,-0.0,1.0,hold
10,2020-01-15,0,0,0.0009884063018437,0.0,1.0,hold
11,2020-01-16,0,0,-0.0002549788049855,-0.0,1.0,hold
12,2020-01-17,0,0,-0.0103461939411514,-0.0,1.0,hold
13,2020-01-20,0,0,-0.0044746183856623,-0.0,1.0,hold
14,2020-01-21,0,0,-0.0051725551893021,-0.0,1.0,hold
15,2020-01-22,0,0,0.0060667236352978,0.0,1.0,hold
16,2020-01-23,0,0,0.0055745847042631,0.0,1.0,hold
17,2020-01-24,0,0,-0.0105525279121506,-0.0,1.0,hold
18,2020-01-27,0,0,-0.0052149678449129,-0.0,1.0,hold
19,2020-01-28,0,0,0.0061132563999481,0.0,1.0,hold
20,2020-01-29,0,0,-0.007724984155365,-0.0,1.0,hold
21,2020-01-30,0,0,-0.0061234148547233,-0.0,1.0,hold
22,2020-01-31,0,0,-0.0212503847193161,-0.0,1.0,hold
23,2020-02-03,0,0,0.0232108226866707,0.0,1.0,hold
24,2020-02-04,0,0,0.0091405004678344,0.0,1.0,hold
25,2020-02-05,0,0,0.0040366612301674,0.0,1.0,hold
26,2020-02-06,0,0,-0.0032625431230384,-0.0,1.0,hold
27,2020-02-07,0,0,-0.0055255147630383,-0.0,1.0,hold
28,2020-02-10,0,0,0.0063500303889789,0.0,1.0,hold
29,2020-02-11,0,0,0.0077056964194832,0.0,1.0,hold
30,2020-02-12,0,0,-0.0021759994314084,-0.0,1.0,hold
31,2020-02-13,0,0,-0.0050268544351488,-0.0,1.0,hold
32,2020-02-14,0,0,-0.0055847334602637,-0.0,1.0,hold
33,2020-02-17,0,0,-0.0044247626186481,-0.0,1.0,hold
34,2020-02-18,0,0,0.011123651500938,0.0,1.0,hold
35,2020-02-19,0,0,-0.0037152524595064,-0.0,1.0,hold
36,2020-02-20,0,0,-0.0208138687990014,-0.0,1.0,hold
37,2020-02-24,0,0,-0.0026628568617023,-0.0,1.0,hold
38,2020-02-25,0,0,-0.0101204779385897,-0.0,1.0,hold
39,2020-02-26,0,0,-0.0038703767874727,-0.0,1.0,hold
40,2020-02-27,0,0,-0.0370960786649383,-0.0,1.0,hold
41,2020-02-28,0,0,-0.0061597518244916,-0.0,1.0,hold
42,2020-03-02,0,0,0.0153196474085468,0.0,1.0,hold
43,2020-03-03,0,0,-0.0046269501465237,-0.0,1.0,hold
44,2020-03-04,0,0,0.0015998577904186,0.0,1.0,hold
45,2020-03-05,0,0,-0.0248069753028219,-0.0,1.0,hold
46,2020-03-06,0,0,-0.0489560433359516,-0.0,1.0,hold
47,2020-03-09,1,1,0.0006649981756232,0.0006649981756232,1.0001649981756233,enter
48,2020-03-11,1,1,-0.0830193880106471,-0.0830193880106471,0.9171319121174131,hold
49,2020-03-12,1,1,0.0380650761268936,0.0380650761268936,0.952042608170566,hold
50,2020-03-13,1,1,-0.0761210010667908,-0.0761210010667908,0.8795721717783841,hold
51,2020-03-16,1,1,-0.0250451840905282,-0.0250451840905282,0.8575431248152887,hold
52,2020-03-17,1,1,-0.055564540272715,-0.055564540272715,0.8098941353208998,hold
53,2020-03-18,1,1,-0.0242477817531284,-0.0242477817531284,0.7902559990845001,hold
54,2020-03-19,1,1,0.0583291468584656,0.0583291468584656,0.8363509573108834,hold
55,2020-03-20,1,1,-0.1298046607047124,-0.1298046607047124,0.7277887050670827,hold
56,2020-03-23,1,1,0.0250714240251634,0.0250714240251634,0.7460354042925442,hold
57,2020-03-24,1,1,0.0662474689466749,0.0662474689466749,0.7954583615715347,hold
58,2020-03-25,1,1,0.0389043564303894,0.0389043564303894,0.8264051571956473,hold
59,2020-03-26,0,1,0.0021755381634551,0.0021755381634551,0.8282030331536027,hold
60,2020-03-27,1,1,-0.0437805364308189,-0.0437805364308189,0.7919438600885066,hold
61,2020-03-30,0,1,0.0382377227133605,0.0382377227133605,0.8222259898151193,hold
62,2020-03-31,0,1,-0.0400046750966822,-0.0400046750966822,0.7893331062365175,hold
63,2020-04-01,1,1,-0.0205965741867707,-0.0205965741867707,0.7730755483558429,hold
64,2020-04-03,1,1,0.0876321046711503,0.0876321046711503,0.8408217857280691,hold
65,2020-04-07,1,1,-0.0049419024075071,-0.0049419024075071,0.8366665265208951,hold
66,2020-04-08,0,1,0.0415088316188025,0.0415088316188025,0.8713955764913394,hold
67,2020-04-09,0,1,-0.0129556707370791,-0.0129556707370791,0.8601060623205703,hold
68,2020-04-13,0,1,-0.0076218535626885,-0.0076218535626885,0.8535504598651823,hold
69,2020-04-15,0,1,0.0075627711647903,0.0075627711647903,0.8600056666707442,hold
70,2020-04-16,0,1,0.0304632818768748,0.0304632818768748,0.8862042617102448,hold
71,2020-04-17,0,1,-0.0005288143766692,-0.0005288143766692,0.885735624155987,hold
72,2020-04-20,0,1,-0.0302746671440956,-0.0302746671440956,0.8589202729569966,hold
73,2020-04-21,0,1,0.0229194177887257,0.0229194177887257,0.8786062255401044,hold
74,2020-04-22,0,1,0.0137799558770148,0.0137799558770148,0.8907133805613175,hold
75,2020-04-23,0,1,-0.0171249415723349,-0.0171249415723349,0.8754599659615081,hold
76,2020-04-24,0,1,0.0139713589754586,0.0139713589754586,0.8876913314145991,hold
77,2020-04-27,0,1,0.0106224306488902,0.0106224306488902,0.8971207710201717,hold
78,2020-04-28,0,1,0.0183830135241964,0.0183830135241964,0.9136125542866731,hold
79,2020-04-29,0,1,0.032088303452139,0.032088303452139,0.9429288311663078,hold
80,2020-04-30,0,1,-0.057444839013135,-0.057444839013135,0.8887624362591157,hold
81,2020-05-04,0,1,-0.0094582655216011,-0.0094582655216011,0.8803562851513519,hold
82,2020-05-05,0,1,0.0070935934671216,0.0070935934671216,0.886601174744441,hold
83,2020-05-06,0,1,-0.0077501195040513,-0.0077501195040513,0.8797299096877393,hold
84,2020-05-07,0,1,0.0057016970693835,0.0057016970693835,0.884745863135655,hold
85,2020-05-08,0,1,-0.0013294930214019,-0.0013294930214019,0.8835695996849019,hold
86,2020-05-11,0,1,-0.0046162427183511,-0.0046162427183511,0.8794908279542001,hold
87,2020-05-12,0,1,0.0203337125303977,0.0203337125303977,0.8973741416229423,hold
88,2020-05-13,0,1,-0.0256619093732747,-0.0256619093732747,0.8743458077266941,hold
89,2020-05-14,0,1,-0.0006453627874545,-0.0006453627874545,0.8737815374790204,hold
90,2020-05-15,0,1,-0.0343225097032598,-0.0343225097032598,0.8437911621803675,hold
91,2020-05-18,1,1,0.0063298228402233,0.0063298228402233,0.8491322107511154,hold
92,2020-05-19,0,1,0.021111396826158,0.021111396826158,0.867058577810155,hold
93,2020-05-20,0,1,0.0043787544510012,0.0043787544510012,0.8708552144170201,hold
94,2020-05-21,0,1,-0.0073575840768702,-0.0073575840768702,0.8644478239581661,hold
95,2020-05-22,1,1,-0.0011284338094974,-0.0011284338094974,0.8634723518070652,hold
96,2020-05-26,0,1,0.0316645047717616,0.0316645047717616,0.8908137762111442,hold
97,2020-05-27,0,1,0.0188030435364687,0.0188030435364687,0.9075637864281285,hold
98,2020-05-28,0,1,0.0095046626511057,0.0095046626511057,0.9161898740524881,hold
99,2020-05-29,0,1,0.0256620973194605,0.0256620973194605,0.9397012277635274,hold
100,2020-06-01,0,1,0.0155655279707429,0.0155655279707429,0.954328173508422,hold
101,2020-06-02,0,1,0.0082622880359908,0.0082622880359908,0.9622131077588096,hold
102,2020-06-03,0,1,-0.0032251686810099,-0.0032251686810099,0.9591098081792088,hold
103,2020-06-04,0,1,0.0112722762414605,0.0112722762414605,0.9699211588828991,hold
104,2020-06-05,0,1,0.0024945207587225,0.0024945207587225,0.9723406473480567,hold
105,2020-06-08,0,1,-0.0118810323499978,-0.0118810323499978,0.9607882366616967,hold
106,2020-06-09,0,1,0.0069177285262014,0.0069177285262014,0.96743470885409,hold
107,2020-06-10,0,1,-0.021169158460066,-0.021169158460066,0.94695493020259,hold
108,2020-06-11,0,1,0.0071602091117954,0.0071602091117954,0.9537353255222862,hold
109,2020-06-12,0,1,-0.0159632793948444,-0.0159632793948444,0.938510582052241,hold
110,2020-06-15,0,1,0.010220386061458,0.010220386061458,0.9481025225235786,hold
111,2020-06-16,0,1,-0.0033134566648174,-0.0033134566648174,0.9449610259013926,hold
112,2020-06-17,0,1,0.0213031875518985,0.0213031875518985,0.9650917078654044,hold
113,2020-06-18,0,1,0.0151362754442923,0.0151362754442923,0.9796996017846576,hold
114,2020-06-19,0,1,0.0065206163504338,0.0065206163504338,0.9860878470265683,hold
115,2020-06-22,0,1,0.0154976919912916,0.0154976919912916,1.001369932756142,hold
116,2020-06-23,0,1,-0.0158246772335498,-0.0158246772335498,0.9855235767788947,hold
117,2020-06-24,0,1,-0.0015913572989929,-0.0015913572989929,0.9839552566416581,hold
118,2020-06-25,0,1,0.0091457401473864,0.0091457401473864,0.9929542557355576,hold
119,2020-06-26,0,1,-0.0067995386087835,-0.0067995386087835,0.9862026249369279,hold
120,2020-06-29,0,1,-0.0009988732845714,-0.0009988732845714,0.9852175334817043,hold
121,2020-06-30,0,1,0.0124198173347171,0.0124198173347171,0.9974537552825077,hold
122,2020-07-01,0,1,0.0116634525148986,0.0116634525148986,1.0090875097930525,hold
123,2020-07-02,0,1,0.0052739760448483,0.0052739760448483,1.0144094131468568,hold
124,2020-07-03,0,1,0.014735139974255,0.014735139974255,1.0293568778407776,hold
125,2020-07-06,0,1,0.0033445902359812,0.0033445902359812,1.032799654803744,hold
126,2020-07-07,0,1,-0.008694762073642,-0.008694762073642,1.0238197075354858,hold
127,2020-07-08,0,1,0.0100600327219018,0.0100600327219018,1.0341193672946207,hold
128,2020-07-09,0,1,-0.0041985110954393,-0.0041985110954393,1.0297776056570256,hold
129,2020-07-10,-1,-1,0.0032178891492418,-0.0032178891492418,1.0254341178679927,flip
130,2020-07-13,0,-1,-0.0180834960154004,0.0180834960154004,1.043977551652514,hold
131,2020-07-14,0,-1,0.0010229309240368,-0.0010229309240368,1.0429096347309283,hold
132,2020-07-15,0,-1,0.0114661616621005,-0.0114661616621005,1.0309514642601414,hold
133,2020-07-16,0,-1,0.0150605912558696,-0.0150605912558696,1.0154247256522793,hold
134,2020-07-17,0,-1,0.0110533217609316,-0.0110533217609316,1.0042009094356388,hold
135,2020-07-20,0,-1,0.0127061568657644,-0.0127061568657644,0.9914413751556063,hold
136,2020-07-21,0,-1,-0.0026563094918139,0.0026563094918139,0.9940749502910091,hold
137,2020-07-22,0,-1,0.0074421598588463,-0.0074421598588463,0.9866768855992687,hold
138,2020-07-23,1,1,-0.0018991484351116,-0.0018991484351116,0.9838163628504227,flip
139,2020-07-24,0,1,-0.0055699256988469,-0.0055699256988469,0.9783365788080362,hold
140,2020-07-27,0,1,0.0151592736988444,0.0151592736988444,0.9931674507757782,hold
141,2020-07-28,1,1,-0.0086456143286032,-0.0086456143286032,0.9845809080326487,hold
142,2020-07-29,0,1,-0.0089887146807479,-0.0089887146807479,0.9757307911702315,hold
143,2020-07-30,0,1,-0.0025851023723058,-0.0025851023723058,0.9732084271872455,hold
144,2020-07-31,0,1,-0.0164222155452939,-0.0164222155452939,0.9572261886254801,hold
145,2020-08-03,0,1,0.0186979321613793,0.0186979321613793,0.9751243389634952,hold
146,2020-08-04,0,1,0.0005768586219327,0.0005768586219327,0.9756868478458828,hold
147,2020-08-05,0,1,0.0088725546683743,0.0088725546683743,0.9843436827426092,hold
148,2020-08-06,0,1,0.001241002448872,0.001241002448872,0.9855652556634245,hold
149,2020-08-07,0,1,0.005002705259437,0.005002705259437,0.9904957481514503,hold
150,2020-08-10,0,1,0.0046449787767293,0.0046449787767293,0.9950965798800544,hold
151,2020-08-11,0,1,-0.0012452735151247,-0.0012452735151247,0.9938574124641386,hold
152,2020-08-12,0,1,-0.000703034473301,-0.000703034473301,0.9931586964416306,hold
153,2020-08-13,0,1,-0.0108004373788689,-0.0108004373788689,0.9824321481334336,hold
154,2020-08-14,0,1,0.0061457110453491,0.0061457110453491,0.9884698922375234,hold
155,2020-08-17,0,1,0.0122920579350753,0.0122920579350753,1.0006202214199846,hold
156,2020-08-18,0,1,0.0020246002135075,0.0020246002135075,1.0026460773339116,hold
157,2020-08-19,0,1,-0.008432399987605,-0.008432399987605,0.994191364563829,hold
158,2020-08-20,0,1,0.0052509160938571,0.0052509160938571,0.999411780000391,hold
159,2020-08-21,0,1,0.0083410064718865,0.0083410064718865,1.0077478801254538,hold
160,2020-08-24,0,1,0.0005058064691958,0.0005058064691958,1.0082576055225396,hold
161,2020-08-25,0,1,0.0067423225064831,0.0067423225064831,1.015055603468587,hold
162,2020-08-26,0,1,0.0008355606212675,0.0008355606212675,1.0159037439592422,hold
163,2020-08-27,0,1,0.0076431956549949,0.0076431956549949,1.0236684950409647,hold
164,2020-08-28,0,1,-0.0223307478019462,-0.0223307478019462,1.000809212045407,hold
165,2020-08-31,0,1,0.0072667398463226,0.0072667398463226,1.0080818322251441,hold
166,2020-09-01,0,1,0.0056450382511279,0.0056450382511279,1.0137724927283223,hold
167,2020-09-02,0,1,-0.0006545127600779,-0.0006545127600779,1.0131089656960157,hold
168,2020-09-03,0,1,-0.0167947449485598,-0.0167947449485598,0.996094059012052,hold
169,2020-09-04,0,1,0.0018705202595032,0.0018705202595032,0.9979572731298049,hold
170,2020-09-07,0,1,-0.0033201259317187,-0.0033201259317187,0.9946439293085393,hold
171,2020-09-08,0,1,-0.0034769279675166,-0.0034769279675166,0.9911856240130058,hold
172,2020-09-09,0,1,0.0151844298634509,0.0151844298634509,1.0062362126024922,hold
173,2020-09-10,1,1,0.0013276149365679,0.0013276149365679,1.0075721068280588,hold
174,2020-09-11,0,1,-0.0021283524468515,-0.0021283524468515,1.0054276382691119,hold
175,2020-09-14,0,1,0.0071459479106903,0.0071459479106903,1.0126123718001514,hold
176,2020-09-15,0,1,0.0071820376506051,0.0071820376506051,1.0198849919798887,hold
177,2020-09-16,0,1,-0.0076220272911209,-0.0076220272911209,1.0121114007372134,hold
178,2020-09-17,0,1,-0.0009681588767627,-0.0009681588767627,1.011131516100317,hold
179,2020-09-18,0,1,-0.0221122548386738,-0.0221122548386738,0.9887731183408921,hold
180,2020-09-21,0,1,-0.0086128603263573,-0.0086128603263573,0.9802569535781652,hold
181,2020-09-22,0,1,-0.0019545871070447,-0.0019545871070447,0.9783409559751105,hold
182,2020-09-23,0,1,-0.0293122720965164,-0.0293122720965164,0.9496635596704021,hold
183,2020-09-24,1,1,0.0226457884823545,0.0226457884823545,0.9711694397720979,hold
184,2020-09-25,0,1,0.0160448681873712,0.0160448681873712,0.9867517254208444,hold
185,2020-09-28,0,1,-0.0004586409458945,-0.0004586409458945,0.9862991606761343,hold
186,2020-09-29,0,1,0.0022410013176423,0.0022410013176423,0.9885094583947991,hold
187,2020-09-30,0,1,0.0150610927327836,0.0150610927327836,1.0033974910149168,hold
188,2020-10-01,0,1,0.0075676439490797,0.0075676439490797,1.0109908459663177,hold
189,2020-10-05,0,1,0.0138264754746197,0.0138264754746197,1.024969286103136,hold
190,2020-10-06,0,1,0.0065551872847253,0.0065551872847253,1.0316881517346335,hold
191,2020-10-07,0,1,0.0081566766068399,0.0081566766068399,1.0401032983474412,hold
192,2020-10-08,0,1,0.0067260903253916,0.0067260903253916,1.0470991270798637,hold
193,2020-10-09,0,1,0.0014058853909966,0.0014058853909966,1.0485712284455506,hold
194,2020-10-12,0,1,0.0002975290843887,0.0002975290843887,1.0488832088830664,hold
195,2020-10-13,0,1,0.0030625333853533,0.0030625333853533,1.0520954487276073,hold
196,2020-10-14,0,1,-0.0242836008583533,-0.0242836008583533,1.026546782785816,hold
197,2020-10-15,0,1,0.007028949362235,0.007028949362235,1.0337623281399828,hold
198,2020-10-16,0,1,0.0094027696218492,0.0094027696218492,1.0434825571552295,hold
199,2020-10-19,0,1,0.0020003285078973,0.0020003285078973,1.0455698650618008,hold
200,2020-10-20,0,1,0.0034337457642519,0.0034337457642519,1.0491600861571861,hold
201,2020-10-21,0,1,-0.0034512817819539,-0.0034512817819539,1.0455391390654787,hold
202,2020-10-22,0,1,0.0028495402835257,0.0028495402835257,1.0485184449602487,hold
203,2020-10-23,0,1,-0.0136290733045432,-0.0136290733045432,1.0342281102127198,hold
204,2020-10-26,0,1,0.0103376083469652,0.0103376083469652,1.044919555357521,hold
205,2020-10-27,0,1,-0.0134406089457635,-0.0134406089457635,1.0308752002341794,hold
206,2020-10-28,0,1,-0.0050129421843609,-0.0050129421843609,1.025707482456114,hold
207,2020-10-29,0,1,-0.0024333734223676,-0.0024333734223676,1.0232115531291819,hold
208,2020-10-30,0,1,0.0022976361491175,0.0022976361491175,1.0255625209818462,hold
209,2020-11-02,0,1,0.0123701901631991,0.0123701901631991,1.0382489243906416,hold
210,2020-11-03,0,1,0.008041647267956,0.008041647267956,1.046598156016926,hold
211,2020-11-04,0,1,0.0177855989156905,0.0177855989156905,1.0652125310457443,hold
212,2020-11-05,0,1,0.0118190145712895,0.0118190145712895,1.0778022934716942,hold
213,2020-11-06,0,1,0.0161046355374614,0.0161046355374614,1.095159906589496,hold
214,2020-11-09,0,1,0.0136465071043638,0.0136465071043638,1.110105014035184,hold
215,2020-11-10,0,1,0.0093460415087203,0.0093460415087203,1.1204801015753953,hold
216,2020-11-11,-1,-1,-0.0045768215253314,0.0045768215253314,1.124487858921416,flip
217,2020-11-12,-1,-1,0.0022969703307613,-0.0022969703307613,1.1219049436721722,hold
218,2020-11-13,-1,-1,0.0121266198083733,-0.0121266198083733,1.1083000289591254,hold
219,2020-11-17,0,-1,0.0049750511655721,-0.0049750511655721,1.1027861796082488,hold
220,2020-11-18,0,-1,-0.0128726686134137,0.0128726686134137,1.1169819806497983,hold
221,2020-11-19,0,-1,0.0068393094137191,-0.0068393094137191,1.1093425952745855,hold
222,2020-11-20,-1,-1,0.005241475198302,-0.005241475198302,1.1035280035750337,hold
223,2020-11-23,-1,-1,0.0099563448098976,-0.0099563448098976,1.0925408982640628,hold
224,2020-11-24,-1,-1,-0.0150706804680923,0.0150706804680923,1.109006233040123,hold
225,2020-11-25,0,-1,0.0100012136399767,-0.0100012136399767,1.097914824775423,hold
226,2020-11-26,-1,-1,-0.0013898363507738,0.0013898363507738,1.0994407467089493,hold
227,2020-11-27,-1,-1,0.0108026946873185,-0.0108026946873185,1.087563823995455,hold
228,2020-12-01,0,-1,0.0003585458429504,-0.0003585458429504,1.0871738825074182,hold
229,2020-12-02,0,-1,0.00153658492994,-0.00153658492994,1.0855033475033329,hold
230,2020-12-03,0,-1,0.0094906623588735,-0.0094906623588735,1.0752012017427517,hold
231,2020-12-04,0,-1,0.0073311332494399,-0.0073311332494399,1.0673187584628177,hold
232,2020-12-07,0,-1,0.0027853318093331,-0.0027853318093331,1.0643459215741733,hold
233,2020-12-08,0,-1,0.0101657522858669,-0.0101657522858669,1.0535260445889776,hold
234,2020-12-09,0,-1,-0.0037548548058806,0.0037548548058806,1.0574818819206229,hold
235,2020-12-10,0,-1,0.0026375585350264,-0.0026375585350264,1.0546927115573272,hold
236,2020-12-11,0,-1,0.0032781762806703,-0.0032781762806703,1.0512352429269043,hold
237,2020-12-14,-1,-1,0.0007153791977927,-0.0007153791977927,1.0504832111021278,hold
238,2020-12-15,-1,-1,0.008464907059269,-0.008464907059269,1.0415909683528257,hold
239,2020-12-16,0,-1,0.0042389293905504,-0.0042389293905504,1.037175737784143,hold
240,2020-12-17,0,-1,0.0014445849987885,-0.0014445849987885,1.0356774492722327,hold
241,2020-12-18,-1,-1,-0.0314049525779333,0.0314049525779333,1.068202850452662,hold
242,2020-12-21,0,-1,0.0103462838766079,-0.0103462838766079,1.057150920524077,hold
243,2020-12-22,0,-1,0.0100101591857162,-0.0100101591857162,1.0465686715263045,hold
244,2020-12-23,0,-1,0.0108925303747413,-0.0108925303747413,1.0351688904824516,hold
245,2020-12-24,0,-1,0.0090150513891666,-0.0090150513891666,1.0258367897382858,hold
246,2020-12-28,0,-1,0.0042815942411449,-0.0042815942411449,1.0214445728469879,hold
247,2020-12-29,0,-1,0.0035420946069744,-0.0035420946069744,1.0178265195341833,hold
248,2020-12-30,0,-1,-1.4318125132972703e-05,1.4318125132972703e-05,1.017841092901654,hold
249,2020-12-31,0,-1,0.0026284263414808,-0.0026284263414808,1.0151657725616297,hold
250,2021-01-01,0,-1,0.0081606727271106,-0.0081606727271106,1.0068813369279899,hold
251,2021-01-04,0,-1,0.0047123808655142,-0.0047123808655142,1.002136528582007,hold
252,2021-01-05,0,-1,-0.0037501320469031,0.0037501320469031,1.0058946728932145,hold
253,2021-01-06,0,-1,-0.000629169612088,0.000629169612088,1.00652755125436,hold
254,2021-01-07,-1,-1,0.014847223590326,-0.014847223590326,0.9915834116510633,hold
255,2021-01-08,0,-1,0.0095837181341371,-0.0095837181341371,0.9820803557273136,hold
256,2021-01-11,0,-1,0.0054333140242324,-0.0054333140242324,0.9767444047576171,hold
257,2021-01-12,0,-1,9.609083312889231e-05,-9.609083312889231e-05,0.97665054857401,hold
258,2021-01-13,0,-1,0.002111247340323,-0.002111247340323,0.9745885977009081,hold
259,2021-01-14,-1,-1,-0.0110923441582015,0.0110923441582015,0.9853990698392656,hold
260,2021-01-15,-1,-1,-0.0105586501425666,0.0105586501425666,0.9958035538685089,hold
261,2021-01-18,0,-1,0.0167947308170628,-0.0167947308170628,0.9790793012346128,hold
262,2021-01-19,0,-1,0.008508265623863,-0.008508265623863,0.9707490344728826,hold
263,2021-01-20,0,-1,-0.0037112802046228,0.0037112802046228,0.9743517561481786,hold
264,2021-01-21,0,-1,-0.0149721716475961,0.0149721716475961,0.9889399178863658,hold
265,2021-01-22,0,-1,-0.0092541693433081,0.0092541693433081,0.9980917353568435,hold
266,2021-01-25,0,-1,-0.0190604880418779,0.0190604880418779,1.0171158509433098,hold
267,2021-01-27,0,-1,-0.0107356502819043,0.0107356502819043,1.0280352510152186,hold
268,2021-01-28,0,-1,-0.0132404223540728,0.0132404223540728,1.0416468719335352,hold
269,2021-01-29,0,-1,0.0474235111013383,-0.0474235111013383,0.9922483199387209,hold
270,2021-02-01,-1,-1,0.0256735714819573,-0.0256735714819573,0.9667737617689222,hold
271,2021-02-02,0,-1,0.0097011226717231,-0.0097011226717231,0.9573949709101987,hold
272,2021-02-03,0,-1,0.0071467580293813,-0.0071467580293813,0.950552700714557,hold
273,2021-02-04,0,-1,0.0019199973566108,-0.0019199973566108,0.9487276420418659,hold
274,2021-02-05,0,-1,0.0128348027329681,-0.0128348027329681,0.9365509099089445,hold
275,2021-02-08,-1,-1,-0.0004300136336804,0.0004300136336804,0.936953639568841,hold
276,2021-02-09,-1,-1,-0.0001853034041081,0.0001853034041081,0.9371272602677446,hold
277,2021-02-10,0,-1,0.0044219246475027,-0.0044219246475027,0.93298335413772,hold
278,2021-02-11,0,-1,-0.0006590524229219,0.0006590524229219,0.9335982390778104,hold
279,2021-02-12,-1,-1,0.0099846598415338,-0.0099846598415338,0.9242765782319634,hold
280,2021-02-15,-1,-1,-8.162092525865194e-05,8.162092525865194e-05,0.9243520185414735,hold
281,2021-02-16,-1,-1,-0.0068273186874309,0.0068273186874309,0.9306628643514261,hold
282,2021-02-17,-1,-1,-0.0059143128695843,0.0059143128695843,0.9361670957073038,hold
283,2021-02-18,0,-1,-0.0090747170630297,0.0090747170630297,0.9446625472245658,hold
284,2021-02-19,0,-1,-0.0204281745915864,0.0204281745915864,0.9639602786694019,hold
285,2021-02-22,0,-1,0.0021872625461001,-0.0021872625461001,0.9618518444559401,hold
286,2021-02-23,0,-1,0.0186431824578623,-0.0186431824578623,0.9439198650223165,hold
287,2021-02-24,-1,-1,0.0076992130139501,-0.0076992130139501,0.9366524249134107,hold
288,2021-02-25,0,-1,-0.0376356932475859,0.0376356932475859,0.9719039882570593,hold
289,2021-02-26,0,-1,0.0159953891187234,-0.0159953891187234,0.9563580057788483,hold
290,2021-03-01,0,-1,0.0106729853417877,-0.0106729853417877,0.9461508108016693,hold
291,2021-03-02,0,-1,0.0218846987116321,-0.0218846987116321,0.9254445853715083,hold
292,2021-03-03,0,-1,-0.0108129305241382,0.0108129305241382,0.9354513533770703,hold
293,2021-03-04,0,-1,-0.0094591045289524,0.0094591045289524,0.9442998855104141,hold
294,2021-03-05,0,-1,0.0012117060677612,-0.0012117060677612,0.9431556716093549,hold
295,2021-03-08,0,-1,0.0095077756017913,-0.0095077756017913,0.9341883591261364,hold
296,2021-03-09,0,-1,0.0050600998838219,-0.0050600998838219,0.9294612727186544,hold
297,2021-03-10,0,-1,-0.0094795062357636,0.0094795062357636,0.9382721066492916,hold
298,2021-03-12,0,-1,-0.006749419963093,0.006749419963093,0.9446048991367237,hold
299,2021-03-15,0,-1,-0.0012759841044576,0.0012759841044576,0.945810199973015,hold
300,2021-03-16,0,-1,-0.0126857598628687,0.0126857598628687,0.9578085210457244,hold
301,2021-03-17,0,-1,-0.0111029730717429,0.0111029730717429,0.9684430432627811,hold
302,2021-03-18,0,-1,0.0127869428260285,-0.0127869428260285,0.9560596174383148,hold
303,2021-03-19,0,-1,-0.0005154374236977,0.0005154374236977,0.9565524063444286,hold
304,2021-03-22,0,-1,0.0053167399974314,-0.0053167399974314,0.951466665905978,hold
305,2021-03-23,0,-1,-0.0179111769942118,0.0179111769942118,0.9685085537631124,hold
306,2021-03-24,0,-1,-0.0154301891468089,0.0154301891468089,0.9834528239379796,hold
307,2021-03-25,0,-1,0.0127330319296232,-0.0127330319296232,0.9709304877294993,hold
308,2021-03-26,0,-1,0.0232848158675504,-0.0232848158675504,0.9483225501025271,hold
309,2021-03-30,0,-1,-0.0104006990943323,0.0104006990943323,0.9581857675905134,hold
310,2021-03-31,0,-1,0.0120245741669184,-0.0120245741669184,0.9466639917624357,hold
311,2021-04-01,0,-1,-0.015439860548026,0.015439860548026,0.9612803517810852,hold
312,2021-04-05,0,-1,0.0031220672452334,-0.0031220672452334,0.9582791698813029,hold
313,2021-04-06,0,-1,0.0092314369658119,-0.0092314369658119,0.9494328761288932,hold
314,2021-04-07,0,-1,0.0036945688638336,-0.0036945688638336,0.9459251309864474,hold
315,2021-04-08,0,-1,-0.0026187118170183,0.0026187118170183,0.9484022363049761,hold
316,2021-04-09,0,-1,-0.0353255893040076,0.0353255893040076,0.9819051041996881,hold
317,2021-04-12,0,-1,0.0135561955060299,-0.0135561955060299,0.9685942066387885,hold
318,2021-04-13,0,-1,0.0052844845607746,-0.0052844845607746,0.9634756855081501,hold
319,2021-04-15,0,-1,0.0024962821650071,-0.0024962821650071,0.9610705783379981,hold
320,2021-04-16,0,-1,-0.0176769785548196,0.0176769785548196,0.978059402340947,hold
321,2021-04-19,0,-1,-0.004390823034999,0.004390823034999,0.982353888094343,hold
322,2021-04-20,0,-1,0.0076767575754221,-0.0076767575754221,0.9748125954421694,hold
323,2021-04-22,0,-1,-0.0044981330537942,0.0044981330537942,0.9791974321989826,hold
324,2021-04-23,0,-1,0.0100165182871698,-0.0100165182871698,0.9693892832126118,hold
325,2021-04-26,0,-1,0.011601643402658,-0.011601643402658,0.9581427744304207,hold
326,2021-04-27,0,-1,0.014433855260107,-0.014433855260107,0.9443130803057747,hold
327,2021-04-28,0,-1,0.0020418099664161,-0.0020418099664161,0.9423849724469893,hold
328,2021-04-29,0,-1,-0.0177108120451774,0.0177108120451774,0.9590753755681977,hold
329,2021-04-30,0,-1,0.0002085134632017,-0.0002085134632017,0.9588753954401664,hold
330,2021-05-03,0,-1,-0.0094061074234402,0.0094061074234402,0.9678946804153703,hold
331,2021-05-04,0,-1,0.0083709591539336,-0.0083709591539336,0.9597924735803036,hold
332,2021-05-05,0,-1,0.0073164109749706,-0.0073164109749706,0.9527702373929066,hold
333,2021-05-06,0,-1,0.0066792477481554,-0.0066792477481554,0.9464064489302905,hold
334,2021-05-07,0,-1,0.0080414227481215,-0.0080414227481215,0.9387959945828935,hold
335,2021-05-10,0,-1,-0.0061302011912188,0.0061302011912188,0.944551002907197,hold
336,2021-05-11,0,-1,-0.0103866808073666,0.0103866808073666,0.9543617526806719,hold
337,2021-05-12,0,-1,-0.0012724250884564,0.0012724250884564,0.955576106518246,hold
338,2021-05-14,0,-1,0.0167157604819725,-0.0167157604819725,0.9396029251993911,hold
339,2021-05-17,0,-1,0.012393443335275,-0.012393443335275,0.9279580095882738,hold
340,2021-05-18,0,-1,-0.0051594324081388,0.0051594324081388,0.9327457462163354,hold
341,2021-05-19,0,-1,-0.0082567760609306,0.0082567760609306,0.9404472189646294,hold
342,2021-05-20,0,-1,0.0180631356749747,-0.0180631356749747,0.9234597932533186,hold
343,2021-05-21,0,-1,0.0014761086049899,-0.0014761086049899,0.9220966663061352,hold
344,2021-05-24,0,-1,0.0007073438653115,-0.0007073438653115,0.9214444268859994,hold
345,2021-05-25,0,-1,0.0061150215048646,-0.0061150215048646,0.9158097744000538,hold
346,2021-05-26,0,-1,0.0023788211965458,-0.0023788211965458,0.9136312266967072,hold
347,2021-05-27,0,-1,0.006376433707514,-0.006376433707514,0.9078055177465609,hold
348,2021-05-28,0,-1,0.0095330880357249,-0.0095330880357249,0.8991513278265661,hold
349,2021-05-31,0,-1,-0.0005101904286871,0.0005101904286871,0.8996100662279645,hold
350,2021-06-01,-1,-1,8.67158252806366e-05,-8.67158252806366e-05,0.8995320557986407,hold
351,2021-06-02,-1,-1,0.0073284506253876,-0.0073284506253876,0.892939879541767,hold
352,2021-06-03,0,-1,-0.0012810173052479,0.0012810173052479,0.894083750980006,hold
353,2021-06-04,-1,-1,0.0051945814919991,-0.0051945814919991,0.8894393600748681,hold
354,2021-06-07,-1,-1,-0.0007333060957773,0.0007333060957773,0.8900915913794353,hold
355,2021-06-08,-1,-1,-0.0066549769442125,0.0066549769442125,0.8960151303983029,hold
356,2021-06-09,-1,-1,0.006549286916079,-0.006549286916079,0.8901468702281765,hold
357,2021-06-10,-1,-1,0.0039141306333496,-0.0039141306333496,0.8866627190952362,hold
358,2021-06-11,-1,-1,0.0007911718082738,-0.0007911718082738,0.8859612165484406,hold
359,2021-06-14,-1,-1,0.0036302135450976,-0.0036302135450976,0.8827449881396953,hold
360,2021-06-15,-1,-1,-0.0064086327528081,0.0064086327528081,0.8884021765830645,hold
361,2021-06-16,0,-1,-0.0048295020472909,0.0048295020472909,0.8926927167136901,hold
362,2021-06-17,0,-1,-0.0005130696464038,0.0005130696464038,0.8931507302502016,hold
363,2021-06-18,0,-1,0.0040265882096546,-0.0040265882096546,0.8895543800503317,hold
364,2021-06-21,0,-1,0.0016670371193598,-0.0016670371193598,0.8880714598790987,hold
365,2021-06-22,0,-1,-0.0054397492312691,0.0054397492312691,0.892902345920288,hold
366,2021-06-23,0,-1,0.0065978407983298,-0.0065978407983298,0.8870111183934508,hold
367,2021-06-24,0,-1,0.0044266891189239,-0.0044266891189239,0.883084595927294,hold
368,2021-06-25,0,-1,-0.0028782098242977,0.0028782098242977,0.885626298686978,hold
369,2021-06-28,0,-1,-0.0041891404314852,0.0041891404314852,0.8893363116219941,hold
370,2021-06-29,0,-1,-0.0017112919035373,0.0017112919035373,0.8908582256515946,hold
371,2021-06-30,0,-1,-0.002639697229908,0.002639697229908,0.893209821642088,hold
372,2021-07-01,0,-1,0.0026913389867666,-0.0026913389867666,0.8908058912257398,hold
373,2021-07-02,0,-1,0.007133188273225,-0.007133188273225,0.8844516050887287,hold
374,2021-07-05,0,-1,-0.0010167521731027,0.0010167521731027,0.8853508731802067,hold
375,2021-07-06,0,-1,0.0038816171589777,-0.0038816171589777,0.8819142800391545,hold
376,2021-07-07,0,-1,-0.0095562557277451,0.0095562557277451,0.8903420784291589,hold
377,2021-07-08,0,-1,-0.0024224839292732,0.0024224839292732,0.8924989178057093,hold
378,2021-07-09,0,-1,0.0001784474449868,-0.0001784474449868,0.8923396536541733,hold
379,2021-07-12,0,-1,0.0076309854951284,-0.0076309854951284,0.8855302227004104,hold
380,2021-07-13,0,-1,0.0026308921169333,-0.0026308921169333,0.8832004882182016,hold
381,2021-07-14,0,-1,0.0044310723280038,-0.0044310723280038,0.8792869629747785,hold
382,2021-07-15,0,-1,-5.0225736783704455e-05,5.0225736783704455e-05,0.8793311258103383,hold
383,2021-07-16,0,-1,-0.0107389122803617,0.0107389122803617,0.8887741856358072,hold
384,2021-07-19,0,-1,-0.0076369809214345,0.0076369809214345,0.8955617371349713,hold
385,2021-07-20,0,-1,0.0122792331234495,-0.0122792331234495,0.8845649257882496,hold
386,2021-07-22,0,-1,0.0020222383267853,-0.0020222383267853,0.8827761246927907,hold
387,2021-07-23,0,-1,-0.0019929055322251,0.0019929055322251,0.8845354141154073,hold
388,2021-07-26,0,-1,-0.0049290812026508,0.0049290812026508,0.8888953609982024,hold
389,2021-07-27,0,-1,-0.0023528988583426,0.0023528988583426,0.8909868418782811,hold
390,2021-07-28,0,-1,0.0043954449546468,-0.0043954449546468,0.8870705582594905,hold
391,2021-07-29,0,-1,-0.0009760394990868,0.0009760394990868,0.8879363741628288,hold
392,2021-07-30,0,-1,0.0077460001364197,-0.0077460001364197,0.8810584188874315,hold
393,2021-08-02,0,-1,0.0154609558824161,-0.0154609558824161,0.8674364135431817,hold
394,2021-08-03,0,-1,0.0079382424678022,-0.0079382424678022,0.8605504929670752,hold
395,2021-08-04,0,-1,0.0022018725316477,-0.0022018725316477,0.8586556704745151,hold
396,2021-08-05,0,-1,-0.0034612335015614,0.0034612335015614,0.8616276782474671,hold
397,2021-08-06,0,-1,0.0012347307242392,-0.0012347307242392,0.8605638000802801,hold
398,2021-08-09,0,-1,0.0013439090538649,-0.0013439090538649,0.8594072805979238,hold
399,2021-08-10,0,-1,0.0001320870680521,-0.0001320870680521,0.859293764009967,hold
400,2021-08-11,0,-1,0.0050453954843463,-0.0050453954843463,0.8549582871333041,hold
401,2021-08-12,0,-1,0.0100644823408473,-0.0100644823408473,0.8463535745502899,hold
402,2021-08-13,0,-1,0.0020540242770237,-0.0020540242770237,0.8446151437612178,hold
403,2021-08-16,-1,-1,0.0031122785775283,-0.0031122785775283,0.8419864661430339,hold
404,2021-08-17,-1,-1,-0.0027536023181795,0.0027536023181795,0.8443049620280811,hold
405,2021-08-18,-1,-1,-0.0071428984006249,0.0071428984006249,0.8503357465909913,hold
406,2021-08-20,-1,-1,0.0027931806783987,-0.0027931806783987,0.8479606052134616,hold
407,2021-08-23,-1,-1,0.0077683620836017,-0.0077683620836017,0.8413733401995335,hold
408,2021-08-24,0,-1,0.0006045728309951,-0.0006045728309951,0.8408646687373252,hold
409,2021-08-25,0,-1,0.0001352598309651,-0.0001352598309651,0.8407509335243674,hold
410,2021-08-26,-1,-1,0.00410526158848,-0.00410526158848,0.8372994310114911,hold
411,2021-08-27,0,-1,0.0135198365217041,-0.0135198365217041,0.8259792795844999,hold
412,2021-08-30,0,-1,0.0118804461754233,-0.0118804461754233,0.8161662772113814,hold
413,2021-08-31,0,-1,-0.0032657347743637,0.0032657347743637,0.8188316598045334,hold
414,2021-09-01,0,-1,0.009246783727399,-0.009246783727399,0.8112601005371738,hold
415,2021-09-02,-1,-1,0.0051902308336972,-0.0051902308336972,0.8070494733492175,hold
416,2021-09-03,-1,-1,0.0031287476677577,-0.0031287476677577,0.804524419191711,hold
417,2021-09-06,-1,-1,-0.0009035189246697,0.0009035189246697,0.8052513222298097,hold
418,2021-09-07,-1,-1,-0.0004953092983268,0.0004953092983268,0.8056501706972001,hold
419,2021-09-08,-1,-1,0.0009075978909154,-0.0009075978909154,0.8049189643014597,hold
420,2021-09-09,-1,-1,-0.0008030985074197,0.0008030985074197,0.805565393520284,hold
421,2021-09-13,-1,-1,0.001423151293159,-0.001423151293159,0.8044189520887715,hold
422,2021-09-14,-1,-1,0.0080235453826236,-0.0080235453826236,0.7979646601200446,hold
423,2021-09-15,-1,-1,0.0062816347635072,-0.0062816347635072,0.7929521375709844,hold
424,2021-09-16,0,-1,-0.0025156476006126,0.0025156476006126,0.7949469257132654,hold
425,2021-09-17,-1,-1,-0.010705054879733,0.010705054879733,0.8034568761795009,hold
426,2021-09-20,0,-1,0.0094901738624639,-0.0094901738624639,0.7958319307335653,hold
427,2021-09-21,0,-1,-0.0008740239935656,0.0008740239935656,0.796527506935872,hold
428,2021-09-22,-1,-1,0.0157465283671818,-0.0157465283671818,0.7839849639526657,hold
429,2021-09-23,0,-1,0.0016972499684944,-0.0016972499684944,0.782654345497297,hold
430,2021-09-24,-1,-1,0.0001064453827974,-0.0001064453827974,0.7825710355558925,hold
431,2021-09-27,0,-1,-0.0059646824901542,0.0059646824901542,0.7872388233089745,hold
432,2021-09-28,0,-1,-0.0021015082285871,0.0021015082285871,0.7888932121740216,hold
433,2021-09-29,0,-1,-0.0052593760207388,0.0052593760207388,0.7930422982170534,hold
434,2021-09-30,0,-1,-0.0048869834497958,0.0048869834497958,0.7969178828034281,hold
435,2021-10-01,0,-1,0.0090804675811375,-0.0090804675811375,0.7896814958038029,hold
436,2021-10-04,0,-1,0.0074076609199462,-0.0074076609199462,0.7838318030481324,hold
437,2021-10-05,0,-1,-0.0098921448702895,0.0098921448702895,0.7915855807978248,hold
438,2021-10-06,0,-1,0.0081803020160375,-0.0081803020160375,0.7851101716753581,hold
439,2021-10-07,0,-1,0.0058936227604964,-0.0058936227604964,0.7804830284980749,hold
440,2021-10-08,0,-1,0.0028359561343596,-0.0028359561343596,0.7782696128656422,hold
441,2021-10-11,0,-1,0.0025632525445875,-0.0025632525445875,0.7762747113000893,hold
442,2021-10-12,0,-1,0.0094375978492116,-0.0094375978492116,0.7689485427543262,hold
443,2021-10-13,0,-1,0.0097347877407187,-0.0097347877407187,0.7614629919070779,hold
444,2021-10-14,0,-1,0.0075523961327199,-0.0075523961327199,0.7557121217517896,hold
445,2021-10-18,0,-1,-0.0031553077349963,0.0031553077349963,0.7580966260549835,hold
446,2021-10-19,-1,-1,-0.00826062521208,0.00826062521208,0.7643589781573661,hold
447,2021-10-20,0,-1,-0.0048449082967022,0.0048449082967022,0.7680622273122995,hold
448,2021-10-21,0,-1,-0.0034766680845673,0.0034766680845673,0.7707325247449578,hold
449,2021-10-22,0,-1,0.0005796333280105,-0.0005796333280105,0.7702857824866339,hold
450,2021-10-25,-1,-1,0.0078894808897,-0.0078894808897,0.7642086275260981,hold
451,2021-10-26,-1,-1,-0.0031448386638428,0.0031448386638428,0.7666119403651844,hold
452,2021-10-27,0,-1,-0.0194223384240636,0.0194223384240636,0.781501336910885,hold
453,2021-10-28,0,-1,-0.0103935157639054,0.0103935157639054,0.7896238833755814,hold
454,2021-10-29,0,-1,0.0145996550575078,-0.0145996550575078,0.7780956470531282,hold
455,2021-11-01,0,-1,-0.0022700482713416,0.0022700482713416,0.7798619617316596,hold
456,2021-11-02,0,-1,-0.0033400508475575,0.0033400508475575,0.7824667403379192,hold
457,2021-11-03,0,-1,0.0049133761659847,-0.0049133761659847,0.7786221869052671,hold
458,2021-11-04,0,-1,0.0084697040421863,-0.0084697040421863,0.7720274874214996,hold
459,2021-11-08,0,-1,-0.0013449214352717,0.0013449214352717,0.7730658037379518,hold
460,2021-11-09,0,-1,-0.0014991358050348,0.0014991358050348,0.7742247343639832,hold
461,2021-11-10,0,-1,-0.007970140510272,0.007970140510272,0.7803954142833921,hold
462,2021-11-11,0,-1,0.0128206066843303,-0.0128206066843303,0.7703902716186097,hold
463,2021-11-12,0,-1,0.0003700663573213,-0.0003700663573213,0.7701051760970761,hold
464,2021-11-15,0,-1,-0.0060879819517564,0.0060879819517564,0.7747935625101092,hold
465,2021-11-16,0,-1,-0.005586294529162,0.005586294529162,0.7791217875495894,hold
466,2021-11-17,0,-1,-0.0074781956434608,0.0074781956434608,0.7849482127069681,hold
467,2021-11-18,0,-1,-0.0196033721001568,0.0196033721001568,0.8003358446000158,hold
468,2021-11-22,0,-1,0.0049836979327988,-0.0049836979327988,0.7963472125057379,hold
469,2021-11-23,0,-1,-0.0050446817378146,0.0050446817378146,0.8003645307456253,hold
470,2021-11-24,0,-1,0.006959452503032,-0.006959452503032,0.7947944318087896,hold
471,2021-11-25,-1,-1,-0.0290712541877539,0.0290712541877539,0.8179001027629142,hold
472,2021-11-26,0,-1,0.0016151341742889,-0.0016151341742889,0.8165790843557874,hold
473,2021-11-29,-1,-1,-0.004148599194972,0.004148599194972,0.8199667436877768,hold
474,2021-11-30,0,-1,0.0108166411704213,-0.0108166411704213,0.8110974576496274,hold
475,2021-12-01,0,-1,0.0136745711024337,-0.0136745711024337,0.8000060477939943,hold
476,2021-12-02,-1,-1,-0.0117776858673942,0.0117776858673942,0.8094282677169274,hold
477,2021-12-03,0,-1,-0.0165409195759996,0.0165409195759996,0.8228169555957738,hold
478,2021-12-06,0,-1,0.0156365485816494,-0.0156365485816494,0.8099509382957957,hold
479,2021-12-07,0,-1,0.0170609485278816,-0.0170609485278816,0.7961324070274216,hold
480,2021-12-08,0,-1,0.0026960665936832,-0.0026960665936832,0.7939859810406864,hold
481,2021-12-09,0,-1,-0.0003167708948091,0.0003167708948091,0.7942374926903665,hold
482,2021-12-10,0,-1,-0.0081690551168631,0.0081690551168631,0.8007256625440333,hold
483,2021-12-13,0,-1,-0.0024959111813221,0.0024959111813221,0.8027242026783485,hold
484,2021-12-14,0,-1,-0.0059740603216401,0.0059740603216401,0.8075197254867894,hold
485,2021-12-15,0,-1,0.0015678167505297,-0.0015678167505297,0.806253682534788,hold
486,2021-12-16,0,-1,-0.01525945397337,0.01525945397337,0.8185566734942876,hold
487,2021-12-17,0,-1,-0.0218425462793778,0.0218425462793778,0.8364360355173802,hold
488,2021-12-20,0,-1,0.009428705444209,-0.009428705444209,0.8285495265155649,hold
489,2021-12-21,0,-1,0.0110071709945933,-0.0110071709945933,0.8194295401997188,hold
490,2021-12-22,0,-1,0.0069093062126275,-0.0069093062126275,0.8137678505868063,hold
491,2021-12-23,0,-1,-0.0040327548791804,0.0040327548791804,0.8170495768567804,hold
492,2021-12-24,0,-1,0.0048518709108285,-0.0048518709108285,0.8130853577821242,hold
493,2021-12-27,0,-1,0.0086034091740434,-0.0086034091740434,0.806090051755701,hold
494,2021-12-28,0,-1,-0.0011402602889762,0.0011402602889762,0.8070092042310569,hold
495,2021-12-29,0,-1,-0.0005606259494814,0.0005606259494814,0.8074616345324193,hold
496,2021-12-30,0,-1,0.0087248317576065,-0.0087248317576065,0.800416667620402,hold
497,2021-12-31,0,-1,0.0156533158122078,-0.0156533158122078,0.787887492740785,hold
498,2022-01-03,0,-1,0.0101868742352642,-0.0101868742352642,0.779861381940697,hold
499,2022-01-04,0,-1,0.006739585234692,-0.006739585234692,0.7746054396858629,hold
500,2022-01-05,0,-1,-0.0100054174627969,0.0100054174627969,0.7823556904788733,hold
501,2022-01-06,-1,-1,0.0037641836511315,-0.0037641836511315,0.779410759979403,hold
502,2022-01-07,-1,-1,0.0107003189218717,-0.0107003189218717,0.771070816276485,hold
503,2022-01-10,-1,-1,0.0029133112526023,-0.0029133112526023,0.7688244469908735,hold
504,2022-01-11,-1,-1,0.0086731157318304,-0.0086731157318304,0.7621563435846611,hold
505,2022-01-12,0,-1,0.0024956237305924,-0.0024956237305924,0.7602542881271896,hold
506,2022-01-13,-1,-1,-0.0001123235637506,0.0001123235637506,0.7603396825981887,hold
507,2022-01-14,-1,-1,0.0028675682661627,-0.0028675682661627,0.7581593566528659,hold
508,2022-01-17,-1,-1,-0.0106536905679234,0.0106536905679234,0.7662365518398214,hold
509,2022-01-18,-1,-1,-0.0096422404339412,0.0096422404339412,0.773624788901935,hold
510,2022-01-19,0,-1,-0.010112406160797,0.010112406160797,0.7814479969833721,hold
511,2022-01-20,0,-1,-0.0078757453046686,0.0078757453046686,0.7876024823764565,hold
512,2022-01-21,0,-1,-0.0265679051873833,0.0265679051873833,0.8085274304535819,hold
513,2022-01-24,0,-1,0.0075134912216943,-0.0075134912216943,0.8024525667023699,hold
514,2022-01-25,0,-1,-0.0097117329146276,0.0097117329146276,0.8102457717068408,hold
515,2022-01-27,0,-1,-0.0004793161771092,0.0004793161771092,0.8106341356126542,hold
516,2022-01-28,0,-1,0.0139107178709299,-0.0139107178709299,0.7993576328556015,hold
517,2022-01-31,0,-1,0.0136679386118703,-0.0136679386118703,0.7884320618008012,hold
518,2022-02-01,0,-1,0.0115578385853996,-0.0115578385853996,0.7793194912949537,hold
519,2022-02-02,0,-1,-0.0123622486642295,0.0123622486642295,0.7889536326352227,hold
520,2022-02-03,0,-1,-0.0024998826581151,0.0024998826581151,0.7909259241395044,hold
521,2022-02-04,0,-1,-0.0172811129276234,0.0172811129276234,0.804594004351944,hold
522,2022-02-07,0,-1,0.0030876976246183,-0.0030876976246183,0.8021096613559243,hold
523,2022-02-08,0,-1,0.0114121523303458,-0.0114121523303458,0.7929558637148885,hold
524,2022-02-09,0,-1,0.008133901085124,-0.008133901085124,0.7865060391545625,hold
525,2022-02-10,0,-1,-0.0131262969128136,0.0131262969128136,0.7968299509482263,hold
526,2022-02-11,0,-1,-0.0306162228952934,0.0306162228952934,0.8212258743361028,hold
527,2022-02-14,0,-1,0.0302591263839775,-0.0302591263839775,0.7963762968147743,hold
528,2022-02-15,0,-1,-0.0017432697608654,0.0017432697608654,0.7977645955312815,hold
529,2022-02-16,0,-1,-0.0010160147191904,0.0010160147191904,0.7985751361027903,hold
530,2022-02-17,0,-1,-0.0016353356196504,0.0016353356196504,0.7998810744678263,hold
531,2022-02-18,0,-1,-0.004031556958107,0.004031556958107,0.8031058405792553,hold
532,2022-02-21,0,-1,-0.0066515660675804,0.0066515660675804,0.8084477521371278,hold
533,2022-02-22,0,-1,-0.0016937094155936,0.0016937094155936,0.809817027706938,hold
534,2022-02-23,0,-1,-0.0477810384708364,0.0477810384708364,0.8485109262621415,hold
535,2022-02-24,0,-1,0.0252616601096495,-0.0252616601096495,0.8270761316435835,hold
536,2022-02-25,0,-1,0.0081340342903666,-0.0081340342903666,0.8203486660280508,hold
537,2022-02-28,0,-1,-0.0111916331229355,0.0111916331229355,0.8295297073311263,hold
538,2022-03-02,0,-1,-0.006497577228417,0.006497577228417,0.8349196406677765,hold
539,2022-03-03,0,-1,-0.0153170320073322,0.0153170320073322,0.8477081315274351,hold
540,2022-03-04,0,-1,-0.0235266847399477,0.0235266847399477,0.8676518934893712,hold
541,2022-03-07,0,-1,0.0094747765094835,-0.0094747765094835,0.8594310857105293,hold
542,2022-03-08,0,-1,0.0207262900882942,-0.0207262900882942,0.8416182677171953,hold
543,2022-03-09,0,-1,0.0152673871904744,-0.0152673871904744,0.8287689557573805,hold
544,2022-03-10,0,-1,0.0021421537513466,-0.0021421537513466,0.8269936052298053,hold
545,2022-03-11,0,-1,0.014482565042708,-0.014482565042708,0.8150166165521611,hold
546,2022-03-14,0,-1,-0.0123464565033122,0.0123464565033122,0.825079183757899,hold
547,2022-03-15,0,-1,0.0187451004846066,-0.0187451004846066,0.8096129915506,hold
548,2022-03-16,0,-1,0.0183619883565082,-0.0183619883565082,0.7947468872264701,hold
549,2022-03-17,0,-1,-0.0098022024704637,0.0098022024704637,0.8025371571278347,hold
550,2022-03-21,0,-1,0.0115612232521558,-0.0115612232521558,0.7932588458861294,hold
551,2022-03-22,0,-1,-0.004033935455228,0.004033935455228,0.7964588008697226,hold
552,2022-03-23,-1,-1,-0.0013278937068936,0.0013278937068936,0.7975164134991977,hold
553,2022-03-24,-1,-1,-0.0040498758909001,0.0040498758909001,0.8007462559948251,hold
554,2022-03-25,0,-1,0.0040226199498629,-0.0040226199498629,0.7975251581306823,hold
555,2022-03-28,-1,-1,0.005998187274997,-0.005998187274997,0.7927414528756929,hold
556,2022-03-29,0,-1,0.0099824655821947,-0.0099824655821947,0.7848279386067822,hold
557,2022-03-30,0,-1,-0.0019144771620018,0.0019144771620018,0.7863304737713459,hold
558,2022-03-31,-1,-1,0.0117779652585923,-0.0117779652585923,0.7770691007694945,hold
559,2022-04-01,-1,-1,0.0216718413399843,-0.0216718413399843,0.7602285825074138,hold
560,2022-04-04,-1,-1,-0.005317557796472,0.005317557796472,0.7642711419334268,hold
561,2022-04-05,-1,-1,-0.0083391803235717,0.0083391803235717,0.7706445368021118,hold
562,2022-04-06,0,-1,-0.0094397411049521,0.0094397411049521,0.7779192217134694,hold
563,2022-04-07,-1,-1,0.0082087593907955,-0.0082087593907955,0.7715334699969486,hold
564,2022-04-08,-1,-1,-0.006151497975913,0.006151497975913,0.7762795565759839,hold
565,2022-04-11,0,-1,-0.0081838106412522,0.0081838106412522,0.782632481471677,hold
566,2022-04-12,0,-1,-0.0031174816283502,0.0031174816283502,0.7850723238544149,hold
567,2022-04-13,-1,-1,-0.0172811880101475,0.0172811880101475,0.7986393062845065,hold
568,2022-04-18,0,-1,-0.0125191788064678,0.0125191788064678,0.8086376145617556,hold
569,2022-04-19,0,-1,0.010490244596548,-0.010490244596548,0.8001548081950337,hold
570,2022-04-20,0,-1,0.014941678252146,-0.014941678252146,0.7881991524990759,hold
571,2022-04-21,-1,-1,-0.0126864526051679,0.0126864526051679,0.798198603690689,hold
572,2022-04-22,0,-1,-0.0126951225643019,0.0126951225643019,0.8083318327951969,hold
573,2022-04-25,0,-1,0.0145601216162072,-0.0145601216162072,0.7965624230034472,hold
574,2022-04-26,0,-1,-0.0094414436101153,0.0094414436101153,0.804083122202171,hold
575,2022-04-27,0,-1,0.0121285088909346,-0.0121285088909346,0.7943307929054916,hold
576,2022-04-28,-1,-1,-0.0082632403816946,0.0082632403816946,0.8008945391898518,hold
577,2022-04-29,0,-1,-0.0019559171203674,0.0019559171203674,0.8024610225306619,hold
578,2022-05-02,0,-1,-0.0229361834519363,0.0229361834519363,0.8208664157564536,hold
579,2022-05-04,0,-1,0.0003028482136697,-0.0003028482136697,0.8206178178287803,hold
580,2022-05-05,0,-1,-0.0162684216398562,0.0162684216398562,0.8339679744943975,hold
581,2022-05-06,0,-1,-0.0066661826871809,0.0066661826871809,0.8395273573676355,hold
582,2022-05-09,0,-1,-0.0037909688880922,0.0037909688880922,0.8427099794601185,hold
583,2022-05-10,0,-1,-0.0044919933245182,0.0044919933245182,0.8464954270623583,hold
584,2022-05-11,0,-1,-0.0222117521417858,0.0222117521417858,0.8652975736774224,hold
585,2022-05-12,0,-1,-0.0016352232651188,0.0016352232651188,0.8667125284011507,hold
586,2022-05-13,0,-1,0.0038112305721171,-0.0038112305721171,0.8634092871156713,hold
587,2022-05-16,0,-1,0.0263219359020472,-0.0263219359020472,0.8406826832029803,hold
588,2022-05-17,0,-1,-0.0011685620062508,0.0011685620062508,0.8416650730458842,hold
589,2022-05-18,0,-1,-0.0265327253341793,0.0265327253341793,0.8639967412523827,hold
590,2022-05-19,0,-1,0.0288910387942893,-0.0288910387942893,0.8390349778827205,hold
591,2022-05-20,0,-1,-0.0031630222318707,0.0031630222318707,0.8416888641710806,hold
592,2022-05-23,0,-1,-0.0055227542667355,0.0055227542667355,0.8463373049369453,hold
593,2022-05-24,0,-1,-0.0061612191843656,0.0061612191843656,0.851551774576567,hold
594,2022-05-25,0,-1,0.0090073873189953,-0.0090073873189953,0.8438815179207781,hold
595,2022-05-26,0,-1,0.0112738471989222,-0.0112738471989222,0.8343677266337447,hold
596,2022-05-27,0,-1,0.0188932050929628,-0.0188932050929628,0.8186038460515043,hold
597,2022-05-30,0,-1,-0.0046124339835348,0.0046124339835348,0.8223796022500844,hold
598,2022-05-31,0,-1,-0.0037264067061659,0.0037264067061659,0.8254441231149232,hold
599,2022-06-01,0,-1,0.0063700049931154,-0.0063700049931154,0.8201860399291434,hold
600,2022-06-02,0,-1,-0.0026280502014673,0.0026280502014673,0.8223415300166198,hold
601,2022-06-03,-1,-1,-0.0008893953501298,0.0008893953501298,0.8230729167496352,hold
602,2022-06-06,0,-1,-0.0092459460064759,0.0092459460064759,0.830683004497295,hold
603,2022-06-07,0,-1,-0.0036609606157923,0.0036609606157923,0.8337241022609676,hold
604,2022-06-08,0,-1,0.0074497277416889,-0.0074497277416889,0.8275130846874393,hold
605,2022-06-09,0,-1,-0.0167676984141,0.0167676984141,0.8413885745252,hold
606,2022-06-10,0,-1,-0.0263797491152091,0.0263797491152091,0.8635841940295782,hold
607,2022-06-13,0,-1,-0.0026816094559853,0.0026816094559853,0.8658999895703274,hold
608,2022-06-14,0,-1,-0.002539344381356,0.002539344381356,0.868098807843659,hold
609,2022-06-15,0,-1,-0.0211284478542902,0.0211284478542902,0.8864403882375552,hold
610,2022-06-16,0,-1,-0.0043682936266399,0.0043682936266399,0.8903126201358894,hold
611,2022-06-17,0,-1,0.0037042135956451,-0.0037042135956451,0.8870147120240076,hold
612,2022-06-20,0,-1,0.018804337854487,-0.018804337854487,0.8703349876972077,hold
613,2022-06-21,0,-1,-0.0144192650853174,0.0144192650853174,0.8828845785978403,hold
614,2022-06-22,0,-1,0.0093004475196092,-0.0093004475196092,0.8746733569087188,hold
615,2022-06-23,0,-1,0.0091664725885294,-0.0091664725885294,0.866655687558698,hold
616,2022-06-24,0,-1,0.008458990377725,-0.008458990377725,0.8593246554368383,hold
617,2022-06-27,0,-1,0.0011464333961117,-0.0011464333961117,0.8583394969537435,hold
618,2022-06-28,-1,-1,-0.0032239710103227,0.0032239710103227,0.8611067586089374,hold
619,2022-06-29,0,-1,-0.0011930812414028,0.0011930812414028,0.8621341289294788,hold
620,2022-06-30,0,-1,-0.0017870563085186,0.0017870563085186,0.8636748111633713,hold
621,2022-07-01,0,-1,0.0052881882498054,-0.0052881882498054,0.8591075361753243,hold
622,2022-07-04,0,-1,-0.0015471713984448,0.0015471713984448,0.8604367227834832,hold
623,2022-07-05,0,-1,0.0113181897073002,-0.0113181897073002,0.8506981367238919,hold
624,2022-07-06,0,-1,0.0089494920315105,-0.0089494920315105,0.8430848205280607,hold
625,2022-07-07,0,-1,0.0054360478665673,-0.0054360478665673,0.8385017710880939,hold
626,2022-07-08,0,-1,-0.0002835659276332,0.0002835659276332,0.8387395416206346,hold
627,2022-07-11,0,-1,-0.0097249750439381,0.0097249750439381,0.8468962627312593,hold
628,2022-07-12,0,-1,-0.0057072925015229,0.0057072925015229,0.8517297474211132,hold
629,2022-07-13,0,-1,-0.0017536552323109,0.0017536552323109,0.8532233877491932,hold
630,2022-07-14,0,-1,0.0069359576863876,-0.0069359576863876,0.8473054664347285,hold
631,2022-07-15,0,-1,0.0142873041582765,-0.0142873041582765,0.8351997555208052,hold
632,2022-07-18,0,-1,0.0038117642711243,-0.0038117642711243,0.8320161709334593,hold
633,2022-07-19,0,-1,0.0110338885069691,-0.0110338885069691,0.8228357972673841,hold
634,2022-07-20,0,-1,0.005108719746296,-0.005108719746296,0.8186321597819249,hold
635,2022-07-21,0,-1,0.0068772959606149,-0.0068772959606149,0.8130021841362273,hold
636,2022-07-22,-1,-1,-0.0052901993117577,0.0052901993117577,0.8173031277312023,hold
637,2022-07-25,-1,-1,-0.008847958067765,0.008847958067765,0.8245345915340211,hold
638,2022-07-26,-1,-1,0.0095821774414373,-0.0095821774414373,0.816633754771339,hold
639,2022-07-27,-1,-1,0.0172937311236929,-0.0172937311236929,0.8025111101897917,hold
640,2022-07-28,0,-1,0.0135059538264792,-0.0135059538264792,0.7916724321903318,hold
641,2022-07-29,0,-1,0.0105955316684394,-0.0105955316684394,0.7832842418640287,hold
642,2022-08-01,-1,-1,0.0003113276638058,-0.0003113276638058,0.7830403838109132,hold
643,2022-08-02,-1,-1,0.0024618083588656,-0.0024618083588656,0.7811126884487183,hold
644,2022-08-03,-1,-1,-0.0003537116074355,0.0003537116074355,0.7813889770733378,hold
645,2022-08-04,-1,-1,0.0008917270739845,-0.0008917270739845,0.7806921913671684,hold
646,2022-08-05,-1,-1,0.0073343646716481,-0.0073343646716481,0.7749663101393736,hold
647,2022-08-08,-1,-1,0.0005506610997998,-0.0005506610997998,0.7745395663387243,hold
648,2022-08-10,-1,-1,0.0070859293688247,-0.0070859293688247,0.7690512336782881,hold
649,2022-08-11,0,-1,0.0022170219505635,-0.0022170219505635,0.7673462302121153,hold
650,2022-08-12,-1,-1,0.0071815193435313,-0.0071815193435313,0.7618355184166612,hold
651,2022-08-16,0,-1,0.0066759231988331,-0.0066759231988331,0.7567495630055683,hold
652,2022-08-17,0,-1,0.000682669936052,-0.000682669936052,0.7562329528297839,hold
653,2022-08-18,-1,-1,-0.011029475746944,0.011029475746944,0.7645738058420598,hold
654,2022-08-19,-1,-1,-0.0150773300473388,0.0150773300473388,0.7761015374582905,hold
655,2022-08-22,0,-1,0.0049626821755044,-0.0049626821755044,0.7722499921919647,hold
656,2022-08-23,-1,-1,0.0015616110795051,-0.0015616110795051,0.7710440380480099,hold
657,2022-08-24,-1,-1,-0.0046861822192667,0.0046861822192667,0.7746572909093822,hold
658,2022-08-25,0,-1,0.0020802555293466,-0.0020802555293466,0.7730458057966192,hold
659,2022-08-26,0,-1,-0.0140099889245538,0.0140099889245538,0.7838761689740026,hold
660,2022-08-29,0,-1,0.0257842637890255,-0.0257842637890255,0.7636644990552461,hold
661,2022-08-30,0,-1,-0.0121907952721076,0.0121907952721076,0.7729741766198053,hold
662,2022-09-01,0,-1,-0.0001910505934481,0.0001910505934481,0.7731218537949686,hold
663,2022-09-02,0,-1,0.0072038500710118,-0.0072038500710118,0.7675523998736069,hold
664,2022-09-05,0,-1,-0.0005774531254664,0.0005774531254664,0.7679956254058731,hold
665,2022-09-06,0,-1,-0.0017671004916441,0.0017671004916441,0.7693527508531084,hold
666,2022-09-07,0,-1,0.0098925129655895,-0.0098925129655895,0.761741918790182,hold
667,2022-09-08,0,-1,0.0019439347917691,-0.0019439347917691,0.7602611421718969,hold
668,2022-09-09,0,-1,0.005775695663245,-0.005775695663245,0.755870105190121,hold
669,2022-09-12,0,-1,0.0074542019299801,-0.0074542019299801,0.7502356967931985,hold
670,2022-09-13,0,-1,-0.0036690976717561,0.0036690976717561,0.7529883848415707,hold
671,2022-09-14,0,-1,-0.0070179606679163,0.0070179606679163,0.7582728277097868,hold
672,2022-09-15,0,-1,-0.0193848531485446,0.0193848531485446,0.7729718351214726,hold
673,2022-09-16,0,-1,0.0052136885924867,-0.0052136885924867,0.7689418006823863,hold
674,2022-09-19,0,-1,0.0110088098852303,-0.0110088098852303,0.7604766665858672,hold
675,2022-09-20,0,-1,-0.0054950054374517,0.0054950054374517,0.7646554900038116,hold
676,2022-09-21,0,-1,-0.0049975776569025,0.0049975776569025,0.7684769151958825,hold
677,2022-09-22,0,-1,-0.0171556772324205,0.0171556772324205,0.7816606571135492,hold
678,2022-09-23,0,-1,-0.0179513217622564,0.0179513217622564,0.7956924990782913,hold
679,2022-09-26,0,-1,-0.0005230508522044,0.0005230508522044,0.7961086867180269,hold
680,2022-09-27,-1,-1,-0.0087491784653945,0.0087491784653945,0.8030739836959738,hold
681,2022-09-28,0,-1,-0.0024023347691036,0.0024023347691036,0.8050032362491691,hold
682,2022-09-29,0,-1,0.016425755966269,-0.016425755966269,0.7917804495384835,hold
683,2022-09-30,0,-1,-0.0121092644487904,0.0121092644487904,0.8013683283873271,hold
684,2022-10-03,0,-1,0.0229136709327191,-0.0229136709327191,0.7830060382147567,hold
685,2022-10-04,0,-1,0.0033286441360573,-0.0033286441360573,0.7803996897571557,hold
686,2022-10-06,0,-1,-0.0009895331040011,0.0009895331040011,0.7811719210845226,hold
687,2022-10-07,0,-1,-0.0042536458411471,0.0042536458411471,0.7844947497778646,hold
688,2022-10-10,0,-1,-0.0149323831999303,0.0149323831999303,0.7962091259998811,hold
689,2022-10-11,0,-1,0.0082461453396196,-0.0082461453396196,0.7896434698261546,hold
690,2022-10-12,-1,-1,-0.0063800837728176,0.0063800837728176,0.7946814613143038,hold
691,2022-10-13,0,-1,0.0100708880038873,-0.0100708880038873,0.7866783133186419,hold
692,2022-10-14,-1,-1,0.0073375869608156,-0.0073375869608156,0.7809059927844787,hold
693,2022-10-17,0,-1,0.010117285874136,-0.010117285874136,0.7730053436146521,hold
694,2022-10-18,0,-1,0.0014468379208691,-0.0014468379208691,0.771886930170476,hold
695,2022-10-19,0,-1,0.002952174549244,-0.002952174549244,0.7696081852203327,hold
696,2022-10-20,0,-1,0.0007032337856462,-0.0007032337856462,0.7690669707427759,hold
697,2022-10-21,0,-1,0.0087873563767617,-0.0087873563767617,0.7623089051932626,hold
698,2022-10-24,0,-1,-0.004196122026705,0.004196122026705,0.7655076463814974,hold
699,2022-10-25,-1,-1,0.0045649078749665,-0.0045649078749665,0.7620131744981834,hold
700,2022-10-27,-1,-1,0.0028106052447454,-0.0028106052447454,0.7598714562733737,hold
701,2022-10-28,-1,-1,0.0126722303955641,-0.0126722303955641,0.7502421901084647,hold
702,2022-10-31,-1,-1,0.0073950532223929,-0.0073950532223929,0.744694109182928,hold
703,2022-11-01,0,-1,-0.0034471976315451,0.0034471976315451,0.7472612169523289,hold
704,2022-11-02,-1,-1,-0.0016673473084335,0.0016673473084335,0.7485071609311111,hold
705,2022-11-03,-1,-1,0.0035701681556883,-0.0035701681556883,0.7458348645008502,hold
706,2022-11-04,-1,-1,0.0047275862251119,-0.0047275862251119,0.7423088658692278,hold
707,2022-11-07,-1,-1,-0.0025161392359563,0.0025161392359563,0.7441766183318396,hold
708,2022-11-09,-1,-1,-0.0070937259046097,0.0070937259046097,0.7494556032869051,hold
709,2022-11-10,0,-1,0.0178331732470333,-0.0178331732470333,0.7360904316725299,hold
710,2022-11-11,0,-1,-0.0011198455015547,0.0011198455015547,0.7369147392311758,hold
711,2022-11-14,-1,-1,0.0040509242609507,-0.0040509242609507,0.733929553435772,hold
712,2022-11-15,-1,-1,0.0003396111515991,-0.0003396111515991,0.7336803027749371,hold
713,2022-11-16,-1,-1,-0.0035714963948192,0.0035714963948192,0.7363006393312477,hold
714,2022-11-17,-1,-1,-0.0019761337135545,0.0019761337135545,0.7377556678479419,hold
715,2022-11-18,-1,-1,-0.0080677295405768,0.0080677295405768,0.7437076810431668,hold
716,2022-11-21,0,-1,0.0046393301536886,-0.0046393301536886,0.7402573755729734,hold
717,2022-11-22,0,-1,0.0012634580983039,-0.0012634580983039,0.7393220913969766,hold
718,2022-11-23,0,-1,0.0118709498898301,-0.0118709498898301,0.7305456358975587,hold
719,2022-11-24,0,-1,0.0015500019600884,-0.0015500019600884,0.7294132887299835,hold
720,2022-11-25,0,-1,0.0027008413120686,-0.0027008413120686,0.7274432591862097,hold
721,2022-11-28,0,-1,0.0029791265437502,-0.0029791265437502,0.7252761136636958,hold
722,2022-11-29,0,-1,0.0075356346254191,-0.0075356346254191,0.7198106978685823,hold
723,2022-11-30,0,-1,0.0028867353340049,-0.0028867353340049,0.7177327948932504,hold
724,2022-12-01,0,-1,-0.006187396179402,0.006187396179402,0.7221736920462043,hold
725,2022-12-02,0,-1,0.0002648237856262,-0.0002648237856262,0.721982443275197,hold
726,2022-12-05,0,-1,-0.0031175136590962,0.0031175136590962,0.724233233403735,hold
727,2022-12-06,0,-1,-0.0044119027503989,0.0044119027503989,0.7274284799981192,hold
728,2022-12-07,0,-1,0.0026319123609277,-0.0026319123609277,0.7255139519899213,hold
729,2022-12-08,0,-1,-0.0060587824059793,0.0060587824059793,0.7299096831575304,hold
730,2022-12-09,0,-1,2.977743269738653e-05,-2.977743269738653e-05,0.729887948321065,hold
731,2022-12-12,0,-1,0.0059927938646799,-0.0059927938646799,0.7255138803024627,hold
732,2022-12-13,0,-1,0.0028106610731943,-0.0028106610731943,0.7234747066810344,hold
733,2022-12-14,0,-1,-0.0131509343553336,0.0131509343553336,0.7329890750563409,hold
734,2022-12-15,0,-1,-0.0079229530179417,0.0079229530179417,0.7387965130606768,hold
735,2022-12-16,0,-1,0.0082899566889265,-0.0082899566889265,0.7326719219654739,hold
736,2022-12-19,0,-1,-0.0019081205394395,0.0019081205394395,0.734069948308447,hold
737,2022-12-20,0,-1,-0.0101277196435586,0.0101277196435586,0.7415044029436764,hold
738,2022-12-21,0,-1,-0.0039425027358517,0.0039425027358517,0.744427786080928,hold
739,2022-12-22,0,-1,-0.0176831602541178,0.0176831602541178,0.7575916219198152,hold
740,2022-12-23,0,-1,0.0116696328935068,-0.0116696328935068,0.7487508058088146,hold
741,2022-12-26,0,-1,0.0065336546149905,-0.0065336546149905,0.743858726650964,hold
742,2022-12-27,0,-1,-0.0005405150382313,0.0005405150382313,0.7442607934790385,hold
743,2022-12-28,0,-1,0.0037798317009243,-0.0037798317009243,0.7414476129380914,hold
744,2022-12-29,0,-1,-0.0047110779368918,0.0047110779368918,0.744940630428765,hold
745,2022-12-30,0,-1,0.0050895833553579,-0.0050895833553579,0.7411491929954049,hold
746,2023-01-02,0,-1,0.0019289276248581,-0.0019289276248581,0.7397195698428948,hold
747,2023-01-03,0,-1,-0.0103990694870288,0.0103990694870288,0.7474119650506061,hold
748,2023-01-04,0,-1,-0.0028154392892826,0.0028154392892826,0.7495162580622895,hold
749,2023-01-05,0,-1,-0.0073755037054461,0.0073755037054461,0.7550443180009201,hold
750,2023-01-06,0,-1,0.0135362517084902,-0.0135362517084902,0.7448238480613943,hold
751,2023-01-09,0,-1,-0.0103335047509585,0.0103335047509585,0.7525204888339639,hold
752,2023-01-10,0,-1,-0.0010299775022909,0.0010299775022909,0.7532955680074759,hold
753,2023-01-11,0,-1,-0.0020954755408891,0.0020954755408891,0.7548740804452957,hold
754,2023-01-12,0,-1,0.0055100959183882,-0.0055100959183882,0.7507146518557369,hold
755,2023-01-13,0,-1,-0.0034388470725693,0.0034388470725693,0.7532962447386059,hold
756,2023-01-16,0,-1,0.0088545685118242,-0.0088545685118242,0.746626131529868,hold
757,2023-01-17,0,-1,0.00620655632356,-0.00620655632356,0.7419921543918861,hold
758,2023-01-18,0,-1,-0.003165367099256,0.003165367099256,0.7443408319453043,hold
759,2023-01-19,0,-1,-0.0044289753051891,0.0044289753051891,0.747637499108634,hold
760,2023-01-20,0,-1,0.0050422760956287,-0.0050422760956287,0.7438677044186829,hold
761,2023-01-23,0,-1,-1.3798013043020418e-05,1.3798013043020418e-05,0.7438779683149708,hold
762,2023-01-24,0,-1,-0.0124929796250122,0.0124929796250122,0.7531712206166251,hold
763,2023-01-25,0,-1,-0.0160742469061787,0.0160742469061787,0.7652778807794448,hold
764,2023-01-27,0,-1,0.0025334426073457,-0.0025334426073457,0.763339093189819,hold
765,2023-01-30,0,-1,0.0007479862801675,-0.0007479862801675,0.7627681260209975,hold
766,2023-01-31,0,-1,-0.0025959245256645,0.0025959245256645,0.7647482145067307,hold
767,2023-02-01,0,-1,-0.0003349392530399,0.0003349392530399,0.7650043587024611,hold
768,2023-02-02,0,-1,0.0138355963078902,-0.0138355963078902,0.7544200672216774,hold
769,2023-02-03,0,-1,-0.0050101331608701,0.0050101331608701,0.7581998122176906,hold
770,2023-02-06,0,-1,-0.0024261514654264,0.0024261514654264,0.7600393198031886,hold
771,2023-02-07,0,-1,0.0084755364246817,-0.0084755364246817,0.7535975788640064,hold
772,2023-02-08,0,-1,0.0012170079483646,-0.0012170079483646,0.7526804446206606,hold
773,2023-02-09,0,-1,-0.0020649578680046,0.0020649578680046,0.7542346980268733,hold
774,2023-02-10,0,-1,-0.0047937507000251,0.0047937507000251,0.7578503111385227,hold
775,2023-02-13,0,-1,0.0089443537049958,-0.0089443537049958,0.7510718299002587,hold
776,2023-02-14,0,-1,0.0047964707944361,-0.0047964707944361,0.7474693358036184,hold
777,2023-02-15,0,-1,0.0011101336008929,-0.0011101336008929,0.7466395449783058,hold
778,2023-02-16,0,-1,-0.0050815676893513,0.0050815676893513,0.7504336443656594,hold
779,2023-02-17,0,-1,-0.0055505184801407,0.0055505184801407,0.7545989401768304,hold
780,2023-02-20,0,-1,-0.001003126492992,0.001003126492992,0.7553558983653054,hold
781,2023-02-21,0,-1,-0.0152803631315826,0.0152803631315826,0.76689801078591,hold
782,2023-02-22,0,-1,-0.0024524349779846,0.0024524349779846,0.7687787782921083,hold
783,2023-02-23,0,-1,-0.002595429723749,0.002595429723749,0.770774089584275,hold
784,2023-02-24,0,-1,-0.0041854114458053,0.0041854114458053,0.7740000962809511,hold
785,2023-02-27,0,-1,-0.0051027157362857,0.0051027157362857,0.7779495987521307,hold
786,2023-02-28,0,-1,0.008492348770636,-0.008492348770636,0.7713429794335512,hold
787,2023-03-01,0,-1,-0.0073921687198044,0.0073921687198044,0.7770448768783607,hold
788,2023-03-02,0,-1,0.0157285986298278,-0.0157285986298278,0.764823049892577,hold
789,2023-03-03,0,-1,0.0066555236183669,-0.0066555236183669,0.7597327520201456,hold
790,2023-03-06,0,-1,0.0024250512391459,-0.0024250512391459,0.7578903611684393,hold
791,2023-03-08,0,-1,-0.0092822498999752,0.0092822498999752,0.7649252888975873,hold
792,2023-03-09,0,-1,-0.010045664635585,0.010045664635585,0.7726094718211305,hold
793,2023-03-10,0,-1,-0.0148510359316261,0.0148510359316261,0.7840835228482608,hold
794,2023-03-13,0,-1,-0.0064706805258611,0.0064706805258611,0.7891570768302036,hold
795,2023-03-14,0,-1,-0.0041746837386849,0.0041746837386849,0.7924515580461148,hold
796,2023-03-15,0,-1,0.0007924286811309,-0.0007924286811309,0.7918235967031121,hold
797,2023-03-16,0,-1,0.0067381296219788,-0.0067381296219788,0.786488186670785,hold
798,2023-03-17,0,-1,-0.0065292432199922,0.0065292432199922,0.7916233593312092,hold
799,2023-03-20,0,-1,0.007010642946744,-0.007010642946744,0.7860735706106361,hold
800,2023-03-21,0,-1,0.0025953757489405,-0.0025953757489405,0.7840334143285902,hold
801,2023-03-22,0,-1,-0.0043726933046436,0.0043726933046436,0.7874617519900416,hold
802,2023-03-23,0,-1,-0.0077209333285906,0.0077209333285906,0.7935416916759719,hold
803,2023-03-24,0,-1,0.0023988383407489,-0.0023988383407489,0.7916381134409968,hold
804,2023-03-27,0,-1,-0.0020016838613549,0.0020016838613549,0.793222722676705,hold
805,2023-03-28,0,-1,0.0076098565893214,-0.0076098565893214,0.7871864115137442,hold
806,2023-03-29,0,-1,0.0163371989446239,-0.0163371989446239,0.7743259905023396,hold
807,2023-03-31,0,-1,0.0022062979737611,-0.0022062979737611,0.7726175966384637,hold
808,2023-04-03,0,-1,0.0091389548173612,-0.0091389548173612,0.7655566793316867,hold
809,2023-04-05,0,-1,0.0023978747854371,-0.0023978747854371,0.7637209702734943,hold
810,2023-04-06,0,-1,0.001414863221935,-0.001414863221935,0.7626404095608338,hold
811,2023-04-10,0,-1,0.0055747683219642,-0.0055747683219642,0.7583888659645642,hold
812,2023-04-11,0,-1,0.0050839679614469,-0.0050839679614469,0.7545332412676823,hold
813,2023-04-12,0,-1,0.0008757724412713,-0.0008757724412713,0.7538724418489569,hold
814,2023-04-13,-1,-1,-0.0067955121508301,0.0067955121508301,0.7589953911877174,hold
815,2023-04-17,-1,-1,-0.0026373533282438,0.0026373533282438,0.760997130208788,hold
816,2023-04-18,-1,-1,-0.0023442830162407,0.0023442830162407,0.7627811228565444,hold
817,2023-04-19,0,-1,0.0003234746363958,-0.0003234746363958,0.7625343825101788,hold
818,2023-04-20,0,-1,-2.260708945023282e-05,2.260708945023282e-05,0.7625516211931731,hold
819,2023-04-21,-1,-1,0.0067719737565652,-0.0067719737565652,0.7573876416264267,hold
820,2023-04-24,0,-1,0.0014568576938982,-0.0014568576938982,0.7562842356134598,hold
821,2023-04-25,-1,-1,0.0024958627615121,-0.0024958627615121,0.7543966539526735,hold
822,2023-04-26,-1,-1,0.0056951528101938,-0.0056951528101938,0.7501002497289141,hold
823,2023-04-27,0,-1,0.0083700136036979,-0.0083700136036979,0.7438219004345459,hold
824,2023-04-28,0,-1,0.0045751669319125,-0.0045751669319125,0.7404187910724455,hold
825,2023-05-02,0,-1,-0.0031850283648763,0.0031850283648763,0.7427770459238986,hold
826,2023-05-03,0,-1,0.0091737176073036,-0.0091737176073036,0.7359630190594056,hold
827,2023-05-04,0,-1,-0.0102324068655403,0.0102324068655403,0.743493692108413,hold
828,2023-05-05,0,-1,0.0108141231183243,-0.0108141231183243,0.7354534597842551,hold
829,2023-05-08,0,-1,8.480038171931881e-05,-8.480038171931881e-05,0.7353910930501286,hold
830,2023-05-09,-1,-1,0.0026908205008338,-0.0026908205008338,0.7334122876208188,hold
831,2023-05-10,0,-1,-0.0009882342854272,0.0009882342854272,0.7341370707887993,hold
832,2023-05-11,-1,-1,0.0009728797753729,-0.0009728797753729,0.7334228436802774,hold
833,2023-05-12,0,-1,0.0045891205221868,-0.0045891205221868,0.7300570778569037,hold
834,2023-05-15,-1,-1,-0.0061063388070606,0.0061063388070606,0.7345150537227905,hold
835,2023-05-16,0,-1,-0.0057282694884204,0.0057282694884204,0.7387225538938162,hold
836,2023-05-17,0,-1,-0.0028490536527011,0.0028490536527011,0.7408272140843201,hold
837,2023-05-18,0,-1,0.0040513721791914,-0.0040513721791914,0.737825847319591,hold
838,2023-05-19,0,-1,0.0060977618257063,-0.0060977618257063,0.7333267610337861,hold
839,2023-05-22,0,-1,0.0018346005688616,-0.0018346005688616,0.7319813993408321,hold
840,2023-05-23,0,-1,-0.0034117947119577,0.0034117947119577,0.7344787696083545,hold
841,2023-05-24,0,-1,0.0019551116867164,-0.0019551116867164,0.7330427815822481,hold
842,2023-05-25,0,-1,0.0097264208278746,-0.0097264208278746,0.7259128990037435,hold
843,2023-05-26,0,-1,0.0053677985089635,-0.0053677985089635,0.7220163448268337,hold
844,2023-05-29,0,-1,0.0018925684396833,-0.0018925684396833,0.720649879479679,hold
845,2023-05-30,0,-1,-0.0053370195013254,0.0053370195013254,0.7244960019400898,hold
846,2023-05-31,0,-1,-0.0025169624936233,0.0025169624936233,0.7263195312037529,hold
847,2023-06-01,0,-1,0.0025070443604549,-0.0025070443604549,0.7244986159191603,hold
848,2023-06-02,0,-1,0.0032237875731377,-0.0032237875731377,0.7221629862844047,hold
849,2023-06-05,0,-1,0.0002769943144211,-0.0002769943144211,0.7219629512431186,hold
850,2023-06-06,0,-1,0.0068498516385289,-0.0068498516385289,0.7170176121385887,hold
851,2023-06-07,0,-1,-0.0049048192636628,0.0049048192636628,0.7205344539349915,hold
852,2023-06-08,0,-1,-0.0038181972541345,0.0038181972541345,0.7232855966085153,hold
853,2023-06-09,0,-1,0.0020524046550352,-0.0020524046550352,0.7218011218831161,hold
854,2023-06-12,0,-1,0.0061635024393194,-0.0061635024393194,0.717352298907686,hold
855,2023-06-13,0,-1,0.0021238341844009,-0.0021238341844009,0.7158287615730073,hold
856,2023-06-14,0,-1,-0.0036149041015322,0.0036149041015322,0.7184164138992123,hold
857,2023-06-15,0,-1,0.007379048352023,-0.007379048352023,0.7131151844441631,hold
858,2023-06-16,0,-1,-0.0037475183921172,0.0037475183921172,0.7157875967135656,hold
859,2023-06-19,0,-1,0.0032657175674986,-0.0032657175674986,0.7134500365843806,hold
860,2023-06-20,0,-1,0.002133763746672,-0.002133763746672,0.711927702761255,hold
861,2023-06-21,0,-1,-0.0045394438174043,0.0045394438174043,0.7151594585699934,hold
862,2023-06-22,0,-1,-0.0056336152360657,0.0056336152360657,0.7191883917920098,hold
863,2023-06-23,0,-1,0.0013768299134766,-0.0013768299134766,0.7181981917007654,hold
864,2023-06-26,0,-1,0.0067519034171119,-0.0067519034171119,0.7133489868760574,hold
865,2023-06-27,0,-1,0.0082210728123248,-0.0082210728123248,0.7074844929143512,hold
866,2023-06-28,0,-1,0.0114352747635688,-0.0114352747635688,0.6993942133469115,hold
867,2023-06-30,0,-1,0.0069570924336936,-0.0069570924336936,0.6945284631570666,hold
868,2023-07-03,0,-1,0.0034389465191355,-0.0034389465191355,0.6921400169162522,hold
869,2023-07-04,0,-1,0.0004899685388621,-0.0004899685388621,0.6918008900834757,hold
870,2023-07-05,0,-1,0.0050932175812563,-0.0050932175812563,0.6882773976273738,hold
871,2023-07-06,-1,-1,-0.0084883544577184,0.0084883544577184,0.694119740143671,hold
872,2023-07-07,-1,-1,0.0012466303397029,-0.0012466303397029,0.6932544294162212,hold
873,2023-07-10,-1,-1,0.0043139300324381,-0.0043139300324381,0.6902637783130419,hold
874,2023-07-11,-1,-1,-0.0028344294714754,0.0028344294714754,0.6922202823093844,hold
875,2023-07-12,0,-1,0.0015192303855748,-0.0015192303855748,0.6911686402229889,hold
876,2023-07-13,0,-1,0.0077651149314275,-0.0077651149314275,0.6858016362946588,hold
877,2023-07-14,0,-1,0.0075110132510414,-0.0075110132510414,0.6806505711168638,hold
878,2023-07-17,0,-1,0.0019177068530324,-0.0019177068530324,0.6793452828521126,hold
879,2023-07-18,-1,-1,0.0042482823714824,-0.0042482823714824,0.6764592322628222,hold
880,2023-07-19,0,-1,0.0073614124394989,-0.0073614124394989,0.6714795368556288,hold
881,2023-07-20,-1,-1,-0.011719737128305,0.011719737128305,0.6793491005146128,hold
882,2023-07-21,-1,-1,-0.0036794322929856,0.0036794322929856,0.681848719533257,hold
883,2023-07-24,0,-1,0.0004193703428323,-0.0004193703428323,0.6815627724019865,hold
884,2023-07-25,0,-1,0.0049643391875346,-0.0049643391875346,0.6781792636221866,hold
885,2023-07-26,0,-1,-0.0059863783008722,0.0059863783008722,0.682239101250036,hold
886,2023-07-27,0,-1,-0.0007044597937843,0.0007044597937843,0.682719711266614,hold
887,2023-07-28,0,-1,0.0054845628365591,-0.0054845628365591,0.6789752921104149,hold
888,2023-07-31,0,-1,-0.0010251191770254,0.0010251191770254,0.6796713227030837,hold
889,2023-08-01,0,-1,-0.0104897492749598,0.0104897492749598,0.6868009044676194,hold
890,2023-08-02,0,-1,-0.0074206854169113,0.0074206854169113,0.6918974379237237,hold
891,2023-08-03,0,-1,0.0069833892701145,-0.0069833892701145,0.6870656487797074,hold
892,2023-08-04,0,-1,0.0041144018676027,-0.0041144018676027,0.6842387845912026,hold
893,2023-08-07,0,-1,-0.0013497354646058,0.0013497354646058,0.685162325945024,hold
894,2023-08-08,0,-1,0.0031527078847637,-0.0031527078847637,0.6830022092776741,hold
895,2023-08-09,0,-1,-0.0045562684580157,0.0045562684580157,0.6861141507005609,hold
896,2023-08-10,0,-1,-0.0058741361615907,0.0058741361615907,0.6901444786441701,hold
897,2023-08-11,0,-1,0.0003216956578122,-0.0003216956578122,0.6899224621621272,hold
898,2023-08-14,0,-1,0.0015667570139761,-0.0015667570139761,0.688841521305435,hold
899,2023-08-16,0,-1,-0.0051245825841254,0.0051245825841254,0.6923715465687391,hold
900,2023-08-17,0,-1,-0.0028452826260957,0.0028452826260957,0.6943415393009941,hold
901,2023-08-18,0,-1,0.0043215209131937,-0.0043215209131937,0.6913409278180057,hold
902,2023-08-21,0,-1,0.0001469355577301,-0.0001469355577301,0.6912393452531951,hold
903,2023-08-22,0,-1,0.0024515199000461,-0.0024515199000461,0.6895447582426121,hold
904,2023-08-23,0,-1,-0.0029469646806212,0.0029469646806212,0.6915768222908606,hold
905,2023-08-24,0,-1,-0.0062361537740819,0.0062361537740819,0.6958896017012572,hold
906,2023-08-25,0,-1,0.0020891942389009,-0.0020891942389009,0.6944357531544719,hold
907,2023-08-28,0,-1,0.001895758474361,-0.001895758474361,0.6931192706905301,hold
908,2023-08-29,0,-1,0.0002480956863764,-0.0002480956863764,0.6929473107893275,hold
909,2023-08-30,0,-1,-0.0048403506033882,0.0048403506033882,0.6963014187232229,hold
910,2023-08-31,0,-1,0.0094267101889176,-0.0094267101889176,0.6897375870447869,hold
911,2023-09-01,0,-1,0.0048108337016425,-0.0048108337016425,0.6864193742157423,hold
912,2023-09-04,0,-1,0.0023605960187407,-0.0023605960187407,0.6847990153737821,hold
913,2023-09-05,0,-1,0.0018467726478093,-0.0018467726478093,0.683534347282943,hold
914,2023-09-06,0,-1,0.0059150323607803,-0.0059150323607803,0.6794912194990597,hold
915,2023-09-07,0,-1,0.004709190366575,-0.004709190366575,0.6762913659940224,hold
916,2023-09-08,0,-1,0.0089001434200508,-0.0089001434200508,0.6702722758429335,hold
917,2023-09-11,0,-1,-0.0001575482868895,0.0001575482868895,0.670377876091742,hold
918,2023-09-12,0,-1,0.0038413452699443,-0.0038413452699443,0.6678027232083418,hold
919,2023-09-13,0,-1,0.0016492082399102,-0.0016492082399102,0.6667013774545921,hold
920,2023-09-14,-1,-1,0.0044396138771742,-0.0044396138771742,0.6637414807673135,hold
921,2023-09-15,0,-1,-0.0029243168460981,0.0029243168460981,0.6656824711609756,hold
922,2023-09-18,-1,-1,-0.011518249945432,0.011518249945432,0.6733499682481006,hold
923,2023-09-20,0,-1,-0.0079919391664983,0.0079919391664983,0.6787313402321029,hold
924,2023-09-21,0,-1,-0.0034494176591149,0.0034494176591149,0.6810725681028942,hold
925,2023-09-22,0,-1,1.5288066889551644e-05,-1.5288066889551644e-05,0.6810621558199164,hold
926,2023-09-25,-1,-1,-0.0005007261720755,0.0005007261720755,0.6814031814661455,hold
927,2023-09-26,0,-1,0.0026316191986632,-0.0026316191986632,0.6796099877717691,hold
928,2023-09-27,0,-1,-0.0097836296667737,0.0097836296667737,0.6862590402099686,hold
929,2023-09-28,0,-1,0.0058775169171687,-0.0058775169171687,0.6822255410915746,hold
930,2023-09-29,0,-1,-0.0055784246544688,0.0055784246544688,0.6860312848699082,hold
931,2023-10-03,0,-1,-0.0047443072713306,0.0047443072713306,0.6892860280830768,hold
932,2023-10-04,0,-1,0.0056415841052857,-0.0056415841052857,0.6853973629830478,hold
933,2023-10-05,0,-1,0.0055127073660514,-0.0055127073660514,0.6816189678914589,hold
934,2023-10-06,0,-1,-0.0071819467588469,0.0071819467588469,0.6865143190286757,hold
935,2023-10-09,0,-1,0.0090968029762401,-0.0090968029762401,0.6802692335281042,hold
936,2023-10-10,0,-1,0.0061706921287072,-0.0061706921287072,0.6760715015233706,hold
937,2023-10-11,0,-1,-0.0008757409120068,0.0008757409120068,0.6766635649966964,hold
938,2023-10-12,0,-1,-0.002169809980297,0.002169809980297,0.6781317963533295,hold
939,2023-10-13,0,-1,-0.0009772027556287,0.0009772027556287,0.6787944686134055,hold
940,2023-10-16,0,-1,0.0040417094276989,-0.0040417094276989,0.6760509786101409,hold
941,2023-10-17,0,-1,-0.0070868127413371,0.0070868127413371,0.6808420252991486,hold
942,2023-10-18,0,-1,-0.0023588102112444,0.0023588102112444,0.6824480024206686,hold
943,2023-10-19,0,-1,-0.0041808960845935,0.0041808960845935,0.6853012466019278,hold
944,2023-10-20,0,-1,-0.0133503074255556,0.0133503074255556,0.6944502289231801,hold
945,2023-10-23,0,-1,-0.008277236732921,0.008277236732921,0.7001983578672084,hold
946,2023-10-25,0,-1,-0.0138530649123475,0.0138530649123475,0.7098982511702618,hold
947,2023-10-26,0,-1,0.0100757003274603,-0.0100757003274603,0.7027455291284821,hold
948,2023-10-27,0,-1,0.0049167407696648,-0.0049167407696648,0.6992903115347164,hold
949,2023-10-30,-1,-1,-0.0032026069828995,0.0032026069828995,0.7015298635695114,hold
950,2023-10-31,0,-1,-0.0047406245729368,0.0047406245729368,0.7048555532793981,hold
951,2023-11-01,0,-1,0.0075885232572669,-0.0075885232572669,0.6995067405203237,hold
952,2023-11-02,0,-1,0.0050879808383312,-0.0050879808383312,0.6959476636282728,hold
953,2023-11-03,-1,-1,0.0094199033989916,-0.0094199033989916,0.6893919038661406,hold
954,2023-11-06,0,-1,-0.0002601919584787,0.0002601919584787,0.6895712780957668,hold
955,2023-11-07,0,-1,0.0018962926582819,-0.0018962926582819,0.6882636491437517,hold
956,2023-11-08,0,-1,-0.002478937369815,0.002478937369815,0.6899698116238995,hold
957,2023-11-09,0,-1,0.0015492839458333,-0.0015492839458333,0.6889008524716409,hold
958,2023-11-10,-1,-1,0.0009369804014345,-0.0009369804014345,0.6882553658743434,hold
959,2023-11-13,0,-1,0.0119267535086042,-0.0119267535086042,0.6800467137745859,hold
960,2023-11-15,0,-1,0.0045615222809993,-0.0045615222809993,0.6769446655375828,hold
961,2023-11-16,0,-1,-0.0016897597201204,0.0016897597201204,0.6780885393661586,hold
962,2023-11-17,0,-1,-0.0019157289123818,0.0019157289123818,0.6793875731861773,hold
963,2023-11-20,0,-1,0.004539473475424,-0.004539473475424,0.6763035113181659,hold
964,2023-11-21,0,-1,0.0014380348265852,-0.0014380348265852,0.6753309633155485,hold
965,2023-11-22,-1,-1,-0.0004971574875239,0.0004971574875239,0.6756667091605176,hold
966,2023-11-23,-1,-1,-0.0003686890844358,0.0003686890844358,0.6759158201009018,hold
967,2023-11-24,-1,-1,0.0047992646389904,-0.0047992646389904,0.6726719212065574,hold
968,2023-11-28,0,-1,0.0104023891135545,-0.0104023891135545,0.6656745261364045,hold
969,2023-11-29,0,-1,0.0018187545137213,-0.0018187545137213,0.6644638275873247,hold
970,2023-11-30,0,-1,0.0066929416105065,-0.0066929416105065,0.6600166099869891,hold
971,2023-12-01,0,-1,0.0206681690037693,-0.0206681690037693,0.6463752751464831,hold
972,2023-12-04,-1,-1,0.0081355657602475,-0.0081355657602475,0.6411166465897308,hold
973,2023-12-05,0,-1,0.0039606432442005,-0.0039606432442005,0.6385774122746707,hold
974,2023-12-06,-1,-1,-0.001745599062397,0.001745599062397,0.6396921124068052,hold
975,2023-12-07,-1,-1,0.0032653705047074,-0.0032653705047074,0.637603280650858,hold
976,2023-12-08,-1,-1,0.0013209351833629,-0.0013209351833629,0.6367610480444187,hold
977,2023-12-11,-1,-1,-0.0043196070141755,0.0043196070141755,0.6395116055339052,hold
978,2023-12-12,-1,-1,0.0009542158562574,-0.0009542158562574,0.638901373419644,hold
979,2023-12-13,0,-1,0.0122500872899569,-0.0122500872899569,0.63107477582558,hold
980,2023-12-14,-1,-1,0.0129327792008919,-0.0129327792008919,0.6229132250905755,hold
981,2023-12-15,0,-1,-0.0017710126840955,0.0017710126840955,0.6240164123133017,hold
982,2023-12-18,-1,-1,0.0016083748565725,-0.0016083748565725,0.6230127600056484,hold
983,2023-12-19,-1,-1,-0.0141214660942333,0.0141214660942333,0.6318106135723429,hold
984,2023-12-20,-1,-1,0.0049597940765233,-0.0049597940765233,0.6286769630336623,hold
985,2023-12-21,-1,-1,0.0044389265566107,-0.0044389265566107,0.6258863121669228,hold
986,2023-12-22,-1,-1,0.0043068759341071,-0.0043068759341071,0.6231906974715641,hold
987,2023-12-26,0,-1,0.0099527499207277,-0.0099527499207277,0.6169882363067057,hold
988,2023-12-27,-1,-1,0.0057238813077962,-0.0057238813077962,0.6134566688737796,hold
989,2023-12-28,-1,-1,-0.0021717930740454,0.0021717930740454,0.6147889698184666,hold
990,2023-12-29,-1,-1,0.0004831718072126,-0.0004831718072126,0.6144919211208651,hold
991,2024-01-01,-1,-1,-0.003500136051024,0.003500136051024,0.6166427264470433,hold
992,2024-01-02,-1,-1,-0.0068518663756694,0.0068518663756694,0.6208678800101869,hold
993,2024-01-03,0,-1,0.0065644701863494,-0.0065644701863494,0.6167922113221981,hold
994,2024-01-04,-1,-1,0.0024101822286055,-0.0024101822286055,0.6153056296957271,hold
995,2024-01-05,-1,-1,-0.009110708685643,0.009110708685643,0.620911500040521,hold
996,2024-01-08,0,-1,0.0014804820050666,-0.0014804820050666,0.6199922517379721,hold
997,2024-01-09,0,-1,0.0034277152411805,-0.0034277152411805,0.6178670948472761,hold
998,2024-01-10,0,-1,0.0013183031833516,-0.0013183031833516,0.6170525586892507,hold
999,2024-01-11,0,-1,0.0114264926377058,-0.0114264926377058,0.6100018121703105,hold
1000,2024-01-12,0,-1,0.0092670746948486,-0.0092670746948486,0.6043488798129352,hold
1001,2024-01-15,0,-1,-0.0029482333845447,0.0029482333845447,0.6061306413563119,hold
1002,2024-01-16,0,-1,-0.0208943935120824,0.0208943935120824,0.6187953734965416,hold
1003,2024-01-17,0,-1,-0.0050852715087356,0.0050852715087356,0.6219421159791209,hold
1004,2024-01-18,0,-1,0.0074619571864553,-0.0074619571864553,0.6173012105372313,hold
1005,2024-01-19,0,-1,-0.0177408429427344,0.0177408429427344,0.6282526543617322,hold
1006,2024-01-23,0,-1,0.0101299710711508,-0.0101299710711508,0.6218884731476741,hold
1007,2024-01-24,0,-1,-0.0047240537554001,0.0047240537554001,0.6248263077246874,hold
1008,2024-01-25,0,-1,0.0180305914522447,-0.0180305914522447,0.613560319841489,hold
1009,2024-01-29,0,-1,-0.0099136981024832,0.0099136981024832,0.6196429716200605,hold
1010,2024-01-30,0,-1,0.0094600254190029,-0.0094600254190029,0.6137811333578282,hold
1011,2024-01-31,0,-1,-0.0013003033741542,0.0013003033741542,0.6145792350365256,hold
1012,2024-02-01,0,-1,0.0072059881750932,-0.0072059881750932,0.6101505843361945,hold
1013,2024-02-02,0,-1,-0.0037568550808078,0.0037568550808078,0.6124428316590158,hold
1014,2024-02-05,0,-1,0.0072434021015312,-0.0072434021015312,0.6080066619651092,hold
1015,2024-02-06,0,-1,5.014315737827957e-05,-5.014315737827957e-05,0.6079761745913712,hold
1016,2024-02-07,0,-1,-0.0096920171108729,0.0096920171108729,0.6138686900785139,hold
1017,2024-02-08,0,-1,0.0029722318898448,-0.0029722318898448,0.6120441299816852,hold
1018,2024-02-09,0,-1,-0.0076414194307357,0.0076414194307357,0.616721015888995,hold
1019,2024-02-12,0,-1,0.0058844800115076,-0.0058844800115076,0.6130919333983195,hold
1020,2024-02-13,0,-1,0.0044519922849619,-0.0044519922849619,0.6103624528408578,hold
1021,2024-02-14,0,-1,0.0032371361888359,-0.0032371361888359,0.60838662645646,hold
1022,2024-02-15,0,-1,0.0059308430222606,-0.0059308430222606,0.6047783808781041,hold
1023,2024-02-16,0,-1,0.0037000088082788,-0.0037000088082788,0.6025406955417986,hold
1024,2024-02-19,0,-1,0.003376655573009,-0.003376655573009,0.6005061231442326,hold
1025,2024-02-20,0,-1,-0.00639270001033,0.00639270001033,0.6043449786438599,hold
1026,2024-02-21,0,-1,0.0073633218581414,-0.0073633218581414,0.5998949920527537,hold
1027,2024-02-22,0,-1,-0.0002137959201901,0.0002137959201901,0.600023247154597,hold
1028,2024-02-23,0,-1,-0.0040809285088362,0.0040809285088362,0.6024718991298746,hold
1029,2024-02-26,0,-1,0.0034489943486464,-0.0034489943486464,0.6003939769545574,hold
1030,2024-02-27,0,-1,-0.0111359278099485,0.0111359278099485,0.6070799209394513,hold
1031,2024-02-28,0,-1,0.0014418556686905,-0.0014418556686905,0.6062045993140965,hold
1032,2024-02-29,0,-1,0.0161921687000685,-0.0161921687000685,0.5963888321752453,hold
1033,2024-03-01,0,-1,0.0029925402887358,-0.0029925402887358,0.5946041145672089,hold
1034,2024-03-04,0,-1,-0.0022002905070378,0.0022002905070378,0.5959124163559366,hold
1035,2024-03-05,0,-1,0.0052669715420341,-0.0052669715420341,0.5927737626174451,hold
1036,2024-03-06,0,-1,0.000867667346212,-0.000867667346212,0.5922594321799307,hold
1037,2024-03-07,0,-1,-0.0071531788017711,0.0071531788017711,0.5964959697953492,hold
1038,2024-03-11,0,-1,0.000136518866846,-0.000136518866846,0.5964145368414746,hold
1039,2024-03-12,0,-1,-0.0151327252704165,0.0151327252704165,0.6054399141747794,hold
1040,2024-03-13,0,-1,0.0067712159528048,-0.0067712159528048,0.6013403497694543,hold
1041,2024-03-14,0,-1,-0.0055674686273187,0.0055674686273187,0.6046882933011365,hold
1042,2024-03-15,0,-1,0.0014688778023679,-0.0014688778023679,0.6038000800897547,hold
1043,2024-03-18,0,-1,-0.0108021966402886,0.0108021966402886,0.6103224472863064,hold
1044,2024-03-19,0,-1,0.0009923428906801,-0.0009923428906801,0.6097167981447194,hold
1045,2024-03-20,0,-1,0.0079146856998078,-0.0079146856998078,0.6048910813215107,hold
1046,2024-03-21,0,-1,0.0038524885010076,-0.0038524885010076,0.6025607453863575,hold
1047,2024-03-22,0,-1,-0.0041658063402989,0.0041658063402989,0.6050708967599032,hold
1048,2024-03-26,0,-1,0.0054057167831516,-0.0054057167831516,0.6018000548582916,hold
1049,2024-03-27,0,-1,0.0091870010785439,-0.0091870010785439,0.5962713171052407,hold
1050,2024-03-28,0,-1,0.0060509791780918,-0.0060509791780918,0.5926632917809436,hold
1051,2024-04-01,0,-1,-0.0003872860275131,0.0003872860275131,0.5928928219928703,hold
1052,2024-04-02,0,-1,-0.0008306302403686,0.0008306302403686,0.5933852967001151,hold
1053,2024-04-03,0,-1,0.0035659124883635,-0.0035659124883635,0.5912693366602009,hold
1054,2024-04-04,0,-1,-4.224679746289706e-05,4.224679746289706e-05,0.5912943158961128,hold
1055,2024-04-05,-1,-1,0.0067781647528144,-0.0067781647528144,0.5872864256055662,hold
1056,2024-04-08,0,-1,-0.0010390218270411,0.0010390218270411,0.5878966290204953,hold
1057,2024-04-09,-1,-1,0.0049044741142307,-0.0049044741142307,0.5850133052216209,hold
1058,2024-04-10,0,-1,-0.0103015928142499,0.0103015928142499,0.5910398740829325,hold
1059,2024-04-12,0,-1,-0.010963897188301,0.010963897188301,0.5975199744965641,hold
1060,2024-04-15,0,-1,-0.005594325260972,0.005594325260972,0.6008626955838257,hold
1061,2024-04-16,0,-1,-0.0068652458503182,0.0068652458503182,0.6049877657112935,hold
1062,2024-04-18,0,-1,0.0068717686886063,-0.0068717686886063,0.6008304297258888,hold
1063,2024-04-19,0,-1,0.0085519659829773,-0.0085519659829773,0.5956921483293355,hold
1064,2024-04-22,0,-1,0.0014147135985376,-0.0014147135985376,0.5948494145465519,hold
1065,2024-04-23,0,-1,0.0015379287654238,-0.0015379287654238,0.5939345785208253,hold
1066,2024-04-24,0,-1,0.0074969296067168,-0.0074969296067168,0.5894818927946597,hold
1067,2024-04-25,0,-1,-0.0066636269808832,0.0066636269808832,0.5934099802402283,hold
1068,2024-04-26,0,-1,0.0099666225688024,-0.0099666225688024,0.5874956869386134,hold
1069,2024-04-29,0,-1,-0.0017025173156396,0.0017025173156396,0.58849590851849,hold
1070,2024-04-30,0,-1,0.001917712797214,-0.001917712797214,0.587367342383616,hold
1071,2024-05-02,0,-1,-0.0076098592965534,0.0076098592965534,0.5918371252145458,hold
1072,2024-05-03,0,-1,-0.0014749338156797,0.0014749338156797,0.5927100458038993,hold
1073,2024-05-06,0,-1,-0.006246985595782,0.006246985595782,0.5964126969225116,hold
1074,2024-05-07,0,-1,0.0,-0.0,0.5964126969225116,hold
1075,2024-05-08,0,-1,-0.0154691178119045,0.0154691178119045,0.6056386751957216,hold
1076,2024-05-09,0,-1,0.004449469144939,-0.004449469144939,0.6029439045974564,hold
1077,2024-05-10,0,-1,0.0022149680905385,-0.0022149680905385,0.6016084030883884,hold
1078,2024-05-13,0,-1,0.0051483245877055,-0.0051483245877055,0.5985111277545981,hold
1079,2024-05-14,0,-1,-0.0007786004689536,0.0007786004689536,0.5989771287993418,hold
1080,2024-05-15,0,-1,0.0091573776762647,-0.0091573776762647,0.5934920690114817,hold
1081,2024-05-16,0,-1,0.002778540343975,-0.002778540343975,0.591843027353904,hold
1082,2024-05-17,0,-1,0.0028020516676037,-0.0028020516676037,0.5901846526121474,hold
1083,2024-05-21,0,-1,0.00305161547495,-0.00305161547495,0.5883836359931581,hold
1084,2024-05-22,0,-1,0.016366619608483,-0.016366619608483,0.578753784839002,hold
1085,2024-05-23,0,-1,-0.0004593757337192,0.0004593757337192,0.5790196502835552,hold
1086,2024-05-24,-1,-1,-0.0010737589261899,0.0010737589261899,0.5796413778014865,hold
1087,2024-05-27,-1,-1,-0.0019317094176221,0.0019317094176221,0.5807610765098291,hold
1088,2024-05-28,-1,-1,-0.008015115627261,0.008015115627261,0.5854159436898679,hold
1089,2024-05-29,-1,-1,-0.0095155996581792,0.0095155996581792,0.590986527443536,hold
1090,2024-05-30,0,-1,0.0018697799732139,-0.0018697799732139,0.5898815126700828,hold
1091,2024-05-31,-1,-1,0.0325423176953527,-0.0325423176953527,0.5706854010821578,hold
1092,2024-06-03,0,-1,-0.0592935994164107,0.0592935994164107,0.604523392646717,hold
1093,2024-06-04,0,-1,0.0336242367600356,-0.0336242367600356,0.5841967549653838,hold
1094,2024-06-05,0,-1,0.0088880492442378,-0.0088880492442378,0.5790043854389275,hold
1095,2024-06-06,0,-1,0.0205399314668071,-0.0205399314668071,0.5671116750430312,hold
1096,2024-06-07,0,-1,-0.0013289382574128,0.0013289382574128,0.5678653314442214,hold
1097,2024-06-10,0,-1,0.0002429314342191,-0.0002429314342191,0.5677273791048103,hold
1098,2024-06-11,-1,-1,0.0024973129141392,-0.0024973129141392,0.5663095861892614,hold
1099,2024-06-12,-1,-1,0.003256499474515,-0.003256499474515,0.5644653993194233,hold
1100,2024-06-13,-1,-1,0.0028505279152657,-0.0028505279152657,0.5628563749414617,hold
1101,2024-06-14,-1,-1,0.0039334507869606,-0.0039334507869606,0.5606424070905024,hold
1102,2024-06-18,-1,-1,-0.0017786131162043,0.0017786131162043,0.5616395730292539,hold
1103,2024-06-19,-1,-1,0.0021687361796223,-0.0021687361796223,0.5604215249673178,hold
1104,2024-06-20,-1,-1,-0.0027962995130903,0.0027962995130903,0.5619886314047092,hold
1105,2024-06-21,-1,-1,0.001563756616109,-0.001563756616109,0.5611098179641721,hold
1106,2024-06-24,-1,-1,0.0077938798539154,-0.0077938798539154,0.556736595458107,hold
1107,2024-06-25,-1,-1,0.0062180401218379,-0.0062180401218379,0.5532747849702531,hold
1108,2024-06-26,0,-1,0.0073610408985447,-0.0073610408985447,0.5492021066499535,hold
1109,2024-06-27,0,-1,-0.0014099020825968,0.0014099020825968,0.5499764278438859,hold
1110,2024-06-28,-1,-1,0.0054704843490753,-0.0054704843490753,0.5469677904030056,hold
1111,2024-07-01,-1,-1,-0.0007497161563467,0.0007497161563467,0.547377860992472,hold
1112,2024-07-02,-1,-1,0.0067423066077227,-0.0067423066077227,0.5436872716233814,hold
1113,2024-07-03,0,-1,0.0006444070008029,-0.0006444070008029,0.5433369157392999,hold
1114,2024-07-04,-1,-1,0.0008928929498506,-0.0008928929498506,0.5428517740378427,hold
1115,2024-07-05,-1,-1,-0.0001356211363734,0.0001356211363734,0.54292539621232,hold
1116,2024-07-08,-1,-1,0.0046318209860134,-0.0046318209860134,0.5404106629683042,hold
1117,2024-07-09,0,-1,-0.0044509111977667,0.0044509111977667,0.5428159828395023,hold
1118,2024-07-10,-1,-1,-0.0003494426502141,0.0003494426502141,0.5430056658951243,hold
1119,2024-07-11,-1,-1,0.007657573644356,-0.007657573644356,0.5388475600192298,hold
1120,2024-07-12,-1,-1,0.0034506697076412,-0.0034506697076412,0.5369881750668352,hold
1121,2024-07-15,-1,-1,0.0010697158254551,-0.0010697158254551,0.5364137503178839,hold
1122,2024-07-16,-1,-1,0.0076321297434283,-0.0076321297434283,0.5323197709792988,hold
1123,2024-07-18,0,-1,-0.0108846762510892,0.0108846762510892,0.5381138993484624,hold
1124,2024-07-19,-1,-1,-0.0008825762723847,0.0008825762723847,0.5385888259078678,hold
1125,2024-07-22,-1,-1,-0.0012321559717249,0.0012321559717249,0.5392524513460145,hold
1126,2024-07-23,0,-1,-0.0026778318259059,0.0026778318259059,0.5406964787224267,hold
1127,2024-07-24,0,-1,-0.0003031269840456,0.0003031269840456,0.5408603784153059,hold
1128,2024-07-25,0,-1,0.0175673297602745,-0.0175673297602745,0.5313589057934174,hold
1129,2024-07-26,0,-1,5.03324972633834e-05,-5.03324972633834e-05,0.5313321611727456,hold
1130,2024-07-29,0,-1,0.0008536433743,-0.0008536433743,0.530878592993808,hold
1131,2024-07-30,0,-1,0.0037755350108565,-0.0037755350108565,0.5288742422794457,hold
1132,2024-07-31,0,-1,0.0023946791656728,-0.0023946791656728,0.5276077581501981,hold
1133,2024-08-01,0,-1,-0.0117229354919546,0.0117229354919546,0.5337928698640476,hold
1134,2024-08-02,0,-1,-0.0267864578946228,0.0267864578946228,0.5480912900971108,hold
1135,2024-08-05,0,-1,-0.0026209626510589,0.0026209626510589,0.549527816897826,hold
1136,2024-08-06,0,-1,0.0127101624804444,-0.0127101624804444,0.5425432290575307,hold
1137,2024-08-07,0,-1,-0.007428747813561,0.007428747813561,0.5465736458841542,hold
1138,2024-08-08,0,-1,0.0103868640378157,-0.0103868640378157,0.5408964597377023,hold
1139,2024-08-09,0,-1,-0.0008412844977941,0.0008412844977941,0.5413515075441914,hold
1140,2024-08-12,0,-1,-0.0085431469996303,0.0085431469996303,0.5459763530516129,hold
1141,2024-08-13,0,-1,0.0001967769998756,-0.0001967769998756,0.5458689174628563,hold
1142,2024-08-14,0,-1,0.0164597624902924,-0.0164597624902924,0.5368840447305846,hold
1143,2024-08-16,0,-1,0.0012835584110202,-0.0012835584110202,0.5361949226992281,hold
1144,2024-08-19,-1,-1,0.0051357593399101,-0.0051357593399101,0.5334411546169632,hold
1145,2024-08-20,0,-1,0.0028887826964991,-0.0028887826964991,0.5319001590399052,hold
1146,2024-08-21,-1,-1,0.0016673576536574,-0.0016673576536574,0.5310132912387484,hold
1147,2024-08-22,-1,-1,0.0004695560778267,-0.0004695560778267,0.5307639507204405,hold
1148,2024-08-23,-1,-1,0.007551387144671,-0.007551387144671,0.5267559466461154,hold
1149,2024-08-26,0,-1,0.000285894410237,-0.000285894410237,0.5266053500654102,hold
1150,2024-08-27,0,-1,0.0013830024432652,-0.0013830024432652,0.5258770535796332,hold
1151,2024-08-28,-1,-1,0.0039756594063229,-0.0039756594063229,0.5237863455249999,hold
1152,2024-08-29,0,-1,0.0033377600735777,-0.0033377600735777,0.5220380723738214,hold
1153,2024-08-30,0,-1,0.0016959501132323,-0.0016959501132323,0.5211527218458675,hold
1154,2024-09-02,-1,-1,4.550829989491412e-05,-4.550829989491412e-05,0.5211290050715106,hold
1155,2024-09-03,-1,-1,-0.0032100820170585,0.0032100820170585,0.5228018719192582,hold
1156,2024-09-04,-1,-1,-0.0021270784221717,0.0021270784221717,0.5239139125000886,hold
1157,2024-09-05,-1,-1,-0.0116503502989019,0.0116503502989019,0.5300176931071828,hold
1158,2024-09-06,0,-1,0.0033900486950126,-0.0033900486950126,0.5282209073183313,hold
1159,2024-09-09,-1,-1,0.0041986500501236,-0.0041986500501236,0.5260030925793427,hold
1160,2024-09-10,0,-1,-0.0048979634496194,0.0048979634496194,0.5285794365011831,hold
1161,2024-09-11,0,-1,0.0188796328272711,-0.0188796328272711,0.5186000508199949,hold
1162,2024-09-12,0,-1,-0.0012761636040355,0.0012761636040355,0.5192618693299024,hold
1163,2024-09-13,0,-1,0.0010746751326089,-0.0010746751326089,0.5187038315116215,hold
1164,2024-09-16,0,-1,0.0013709866056039,-0.0013709866056039,0.5179926955063436,hold
1165,2024-09-17,0,-1,-0.0016129951842196,0.0016129951842196,0.5188282152296563,hold
1166,2024-09-18,0,-1,0.0015072376499098,-0.0015072376499098,0.5180462178098266,hold
1167,2024-09-19,0,-1,0.0147604413777415,-0.0147604413777415,0.510399626980884,hold
1168,2024-09-20,0,-1,0.0057423850996662,-0.0057423850996662,0.5074687157680339,hold
1169,2024-09-23,0,-1,5.203002169906768e-05,-5.203002169906768e-05,0.5074423121597409,hold
1170,2024-09-24,-1,-1,0.0024575565157058,-0.0024575565157058,0.506195243999148,hold
1171,2024-09-25,-1,-1,0.008148714241454,-0.008148714241454,0.5020704036054158,hold
1172,2024-09-26,-1,-1,-0.0014152231703233,0.0014152231703233,0.5027809452737317,hold
1173,2024-09-27,-1,-1,-0.0140609008520233,0.0140609008520233,0.5098504982955123,hold
1174,2024-09-30,0,-1,-0.0005404401234794,0.0005404401234794,0.5101260419617671,hold
1175,2024-10-01,-1,-1,-0.0211963752609873,0.0211963752609873,0.520938864977591,hold
1176,2024-10-03,0,-1,-0.0093266958801446,0.0093266958801446,0.5257975033433847,hold
1177,2024-10-04,0,-1,-0.0087488751686026,0.0087488751686026,0.530397640064099,hold
1178,2024-10-07,0,-1,0.0087676473034692,-0.0087676473034692,0.5257473006254245,hold
1179,2024-10-08,0,-1,-0.0012473907279866,0.0012473907279866,0.5264031129334886,hold
1180,2024-10-09,0,-1,0.0006604768849507,-0.0006604768849507,0.52605543584523,hold
1181,2024-10-10,0,-1,-0.0013680536120755,0.0013680536120755,0.52677510788439,hold
1182,2024-10-11,0,-1,0.0065573457544287,-0.0065573457544287,0.5233208613671656,hold
1183,2024-10-14,0,-1,-0.0028096049048969,0.0028096049048969,0.5247911862260977,hold
1184,2024-10-15,0,-1,-0.0034340754096676,0.0034340754096676,0.526593358733927,hold
1185,2024-10-16,0,-1,-0.0088682273228345,0.0088682273228345,0.5312633083458743,hold
1186,2024-10-17,0,-1,0.0042101739412401,-0.0042101739412401,0.5290265974091395,hold
1187,2024-10-18,0,-1,-0.0029351823779982,0.0029351823779982,0.5305793869553471,hold
1188,2024-10-21,0,-1,-0.0124691803378693,0.0124691803378693,0.5371952770148495,hold
1189,2024-10-22,0,-1,-0.0014955647434917,0.0014955647434917,0.5379986873315232,hold
1190,2024-10-23,0,-1,-0.0014773427748562,0.0014773427748562,0.5387934958051346,hold
1191,2024-10-24,0,-1,-0.0089592205494931,0.0089592205494931,0.5436206655646851,hold
1192,2024-10-25,0,-1,0.0065485676346082,-0.0065485676346082,0.5400607288686641,hold
1193,2024-10-28,0,-1,0.0052466588480091,-0.0052466588480091,0.537227214467083,hold
1194,2024-10-29,0,-1,-0.0051498252538292,0.0051498252538292,0.5399938407431899,hold
1195,2024-10-30,0,-1,-0.005566773640794,0.005566773640794,0.5429998642220303,hold
1196,2024-10-31,0,-1,0.0040900049616161,-0.0040900049616161,0.5407789920832053,hold
1197,2024-11-01,-1,-1,-0.0127137736646451,0.0127137736646451,0.547654333791146,hold
1198,2024-11-04,0,-1,0.0090830588186072,-0.0090830588186072,0.5426799572650559,hold
1199,2024-11-05,0,-1,0.0111818707596305,-0.0111818707596305,0.5366117801190763,hold
1200,2024-11-06,0,-1,-0.0116280257061476,0.0116280257061476,0.5428515156925225,hold
1201,2024-11-07,0,-1,-0.0021137093124677,0.0021137093124677,0.543998945996529,hold
1202,2024-11-08,0,-1,-0.0002856708874028,0.0002856708874028,0.544154350658178,hold
1203,2024-11-11,0,-1,-0.0106809307765333,0.0106809307765333,0.5499664256093073,hold
1204,2024-11-12,0,-1,-0.0135825623229214,0.0135825623229214,0.55743637886066,hold
1205,2024-11-13,0,-1,-0.0011185324376894,0.0011185324376894,0.5580598895323637,hold
1206,2024-11-14,0,-1,-0.0033527151631265,0.0033527151631265,0.5599309053859316,hold
1207,2024-11-18,0,-1,0.0027585814066317,-0.0027585814066317,0.5583862904013356,hold
1208,2024-11-19,0,-1,-0.0071688079331164,0.0071688079331164,0.5623892544697081,hold
1209,2024-11-21,0,-1,0.0238694641112378,-0.0238694641112378,0.5489653243435977,hold
1210,2024-11-22,0,-1,0.0131612958673623,-0.0131612958673623,0.5417402292889891,hold
1211,2024-11-25,-1,-1,-0.0011312238174179,0.0011312238174179,0.5423530587392142,hold
1212,2024-11-26,-1,-1,0.0033230854378061,-0.0033230854378061,0.5405507731875684,hold
1213,2024-11-27,-1,-1,-0.0148610290544929,0.0148610290544929,0.5485839139333374,hold
1214,2024-11-28,0,-1,0.0090720019405352,-0.0090720019405352,0.5436071596015878,hold
1215,2024-11-29,0,-1,0.0060068200049485,-0.0060068200049485,0.5403418092404597,hold
1216,2024-12-02,0,-1,0.0074600111445999,-0.0074600111445999,0.5363108533216326,hold
1217,2024-12-03,0,-1,0.0004210968146538,-0.0004210968146538,0.5360850145296346,hold
1218,2024-12-04,-1,-1,0.0098478255628851,-0.0098478255628851,0.5308057428196701,hold
1219,2024-12-05,-1,-1,-0.0012384293961259,0.0012384293961259,0.5314631082552104,hold
1220,2024-12-06,-1,-1,-0.0023827399277279,0.0023827399277279,0.5327294466233644,hold
1221,2024-12-09,-1,-1,-0.00036350862139,0.00036350862139,0.5329230983700803,hold
1222,2024-12-10,-1,-1,0.0012901233029631,-0.0012901233029631,0.5322355618621858,hold
1223,2024-12-11,-1,-1,-0.0037781963796591,0.0037781963796591,0.5342464523351393,hold
1224,2024-12-12,0,-1,0.0089455478085889,-0.0089455478085889,0.5294673251542064,hold
1225,2024-12-13,-1,-1,-0.0040394689217332,0.0040394689217332,0.5316060919592399,hold
1226,2024-12-16,-1,-1,-0.0134687300477334,0.0134687300477334,0.5387661509035695,hold
1227,2024-12-17,0,-1,-0.0056356998120069,0.0056356998120069,0.5418024751989324,hold
1228,2024-12-18,0,-1,-0.010213311567061,0.010213311567061,0.547336072685944,hold
1229,2024-12-19,0,-1,-0.0152055691508056,0.0152055691508056,0.5556586291879004,hold
1230,2024-12-20,0,-1,0.0070354729729729,-0.0070354729729729,0.5517493079200498,hold
1231,2024-12-23,0,-1,-0.0010861087115143,0.0010861087115143,0.5523485676499539,hold
1232,2024-12-24,0,-1,0.0009503186263191,-0.0009503186263191,0.5518236605178954,hold
1233,2024-12-26,0,-1,0.002661079652128,-0.002661079652128,0.5503552138033284,hold
1234,2024-12-27,-1,-1,-0.0070758479358679,0.0070758479358679,0.5542494436069129,hold
1235,2024-12-30,0,-1,-4.212721278373799e-06,4.212721278373799e-06,0.5542517785053376,hold
1236,2024-12-31,0,-1,0.0041488871182535,-0.0041488871182535,0.5519522504412278,hold
1237,2025-01-01,0,-1,0.0187740331916654,-0.0187740331916654,0.5415898805712297,hold
1238,2025-01-02,0,-1,-0.0076027553276091,0.0076027553276091,0.5457074559211218,hold
1239,2025-01-03,0,-1,-0.0161925959966257,0.0161925959966257,0.5545438762871989,hold
1240,2025-01-06,0,-1,0.0038892874268343,-0.0038892874268343,0.5523870957615272,hold
1241,2025-01-07,0,-1,-0.0007993610384197,0.0007993610384197,0.5528286524840047,hold
1242,2025-01-08,0,-1,-0.0068575949591475,0.0068575949591475,0.5566197274645512,hold
1243,2025-01-09,0,-1,-0.0040379997024632,0.0040379997024632,0.5588673577584382,hold
1244,2025-01-10,0,-1,-0.0147472753024774,0.0147472753024774,0.56710912854087,hold
1245,2025-01-13,0,-1,0.0039028744993869,-0.0039028744993869,0.5648957727847184,hold
1246,2025-01-14,0,-1,0.0016028803979861,-0.0016028803979861,0.5639903124236165,hold
1247,2025-01-15,0,-1,0.0042476507253836,-0.0042476507253836,0.5615946785639411,hold
1248,2025-01-16,0,-1,-0.0046586517926727,0.0046586517926727,0.5642109526199884,hold
1249,2025-01-17,0,-1,0.0061004855371675,-0.0061004855371675,0.5607689918636187,hold
1250,2025-01-20,0,-1,-0.0137118456772935,0.0137118456772935,0.5684581697406641,hold
1251,2025-01-21,0,-1,0.0056764909144164,-0.0056764909144164,0.5652313221049055,hold
1252,2025-01-22,0,-1,0.0021593282262408,-0.0021593282262408,0.5640108021567289,hold
1253,2025-01-23,-1,-1,-0.0048760476583936,0.0048760476583936,0.5667609457078939,hold
1254,2025-01-24,0,-1,-0.0113912419355629,0.0113912419355629,0.573217056760081,hold
1255,2025-01-27,0,-1,0.0056112298172781,-0.0056112298172781,0.5700006041194163,hold
1256,2025-01-28,0,-1,0.0089666492883511,-0.0089666492883511,0.5648896086081293,hold
1257,2025-01-29,0,-1,0.0037300875997627,-0.0037300875997627,0.5627825208838253,hold
1258,2025-01-30,0,-1,0.0111357401503258,-0.0111357401503258,0.5565155209701177,hold
1259,2025-01-31,0,-1,-0.0011166221250199,0.0011166221250199,0.5571369385137499,hold
1260,2025-02-01,0,-1,-0.0051570919766934,0.0051570919766934,0.5600101449492787,hold
1261,2025-02-03,0,-1,0.0161893068206311,-0.0161893068206311,0.5509439688900287,hold
1262,2025-02-04,0,-1,-0.0018092070621439,0.0018092070621439,0.5519407406093901,hold
1263,2025-02-05,0,-1,-0.0039226026346081,0.0039226026346081,0.5541057848126522,hold
1264,2025-02-06,0,-1,-0.0018387386257991,0.0018387386257991,0.555124640521966,hold
1265,2025-02-07,-1,-1,-0.0075700336923079,0.0075700336923079,0.5593269527541476,hold
1266,2025-02-10,0,-1,-0.0132496849360461,0.0132496849360461,0.5667378586543788,hold
1267,2025-02-11,0,-1,-0.0011507892904301,0.0011507892904301,0.5673900545125995,hold
1268,2025-02-12,0,-1,-0.0006009745771905,0.0006009745771905,0.5677310415107123,hold
1269,2025-02-13,0,-1,-0.0044352661537063,0.0044352661537063,0.5702490797835332,hold
1270,2025-02-14,0,-1,0.0013192755977626,-0.0013192755977626,0.5694967640879283,hold
1271,2025-02-17,0,-1,-0.0006184463402948,0.0006184463402948,0.5698489672774881,hold
1272,2025-02-18,0,-1,-0.0005404326900405,0.0005404326900405,0.5701569322877906,hold
1273,2025-02-19,0,-1,-0.0008612081186238,0.0008612081186238,0.5706479560667665,hold
1274,2025-02-20,0,-1,-0.0051171487988824,0.0051171487988824,0.5735680465697383,hold
1275,2025-02-21,0,-1,-0.0106401053300685,0.0106401053300685,0.5796708709992019,hold
1276,2025-02-24,0,-1,-0.0002571160481895,0.0002571160481895,0.5798199136828037,hold
1277,2025-02-25,0,-1,-0.0001108767876499,0.0001108767876499,0.5798842022522483,hold
1278,2025-02-27,0,-1,-0.0186449596666951,0.0186449596666951,0.5906961198145951,hold
1279,2025-02-28,0,-1,-0.0002440004922383,0.0002440004922383,0.5908402499585932,hold
1280,2025-03-03,0,-1,-0.0016569416451024,0.0016569416451024,0.5918192377743523,hold
1281,2025-03-04,0,-1,0.0115316950692254,-0.0115316950692254,0.5849945587882371,hold
1282,2025-03-05,0,-1,0.009284847776867,-0.009284847776867,0.5795629733595928,hold
1283,2025-03-06,0,-1,0.0003460139864501,-0.0003460139864501,0.5793624364647818,hold
1284,2025-03-07,0,-1,-0.0040882039130917,0.0040882039130917,0.5817309882446354,hold
1285,2025-03-10,-1,-1,0.001674047455606,-0.001674047455606,0.5807571429639173,hold
1286,2025-03-11,0,-1,-0.0012179087892316,0.0012179087892316,0.5814644521927421,hold
1287,2025-03-12,0,-1,-0.0032620894617386,0.0032620894617386,0.5833612412546156,hold
1288,2025-03-13,0,-1,0.0049805683362682,-0.0049805683362682,0.5804557707278167,hold
1289,2025-03-17,0,-1,0.0144632989948354,-0.0144632989948354,0.5720604653625027,hold
1290,2025-03-18,0,-1,0.0032100316461272,-0.0032100316461272,0.5702241331651907,hold
1291,2025-03-19,0,-1,0.01235619558909,-0.01235619558909,0.5631783322461823,hold
1292,2025-03-20,0,-1,0.0068885519512889,-0.0068885519512889,0.5592988490466643,hold
1293,2025-03-21,0,-1,0.0131881772302988,-0.0131881772302988,0.5519227167007348,hold
1294,2025-03-24,-1,-1,0.0004353972876416,-0.0004353972876416,0.5516824110468955,hold
1295,2025-03-25,-1,-1,-0.0076810793285454,0.0076810793285454,0.5559199274103099,hold
1296,2025-03-26,-1,-1,0.0044748278770025,-0.0044748278770025,0.553432281421753,hold
1297,2025-03-27,0,-1,-0.0030773044101545,0.0030773044101545,0.555135361022094,hold
1298,2025-03-28,-1,-1,-0.0150365718652369,0.0150365718652369,0.5634826937730371,hold
1299,2025-04-01,0,-1,0.0071938424586863,-0.0071938424586863,0.5594290880458377,hold
1300,2025-04-02,-1,-1,-0.0035251486188494,0.0035251486188494,0.5614011587229066,hold
1301,2025-04-03,0,-1,-0.0148666197750665,0.0148666197750665,0.5697472962909218,hold
1302,2025-04-04,0,-1,-0.0324325462830553,0.0324325462830553,0.5882256518475227,hold
1303,2025-04-07,0,-1,0.0168873189028142,-0.0168873189028142,0.5782920976779579,hold
1304,2025-04-08,0,-1,-0.0060658560080705,0.0060658560080705,0.5817999342730773,hold
1305,2025-04-09,0,-1,0.0191703874091904,-0.0191703874091904,0.5706466041384209,hold
1306,2025-04-11,0,-1,0.0219023977821084,-0.0219023977821084,0.5581480752215718,hold
1307,2025-04-15,0,-1,0.004657316201027,-0.004657316201027,0.5555486031482704,hold
1308,2025-04-16,0,-1,0.0176834769379541,-0.0176834769379541,0.5457245722365853,hold
1309,2025-04-17,0,-1,0.0114834984640164,-0.0114834984640164,0.5394577449495305,hold
1310,2025-04-21,0,-1,0.0017284255654137,-0.0017284255654137,0.5385253323916993,hold
1311,2025-04-22,-1,-1,0.0066908406521222,-0.0066908406521222,0.5349221452055353,hold
1312,2025-04-23,0,-1,-0.0033807460922566,0.0033807460922566,0.5367305811576004,hold
1313,2025-04-24,-1,-1,-0.0085516633626838,0.0085516633626838,0.5413205204041179,hold
1314,2025-04-25,-1,-1,0.0120282118827472,-0.0120282118827472,0.5348094024882183,hold
1315,2025-04-28,-1,-1,0.0003061930965739,-0.0003061930965739,0.5346456475411936,hold
1316,2025-04-29,-1,-1,-7.191007773188485e-05,7.191007773188485e-05,0.5346840939512674,hold
1317,2025-04-30,0,-1,0.0005136803511647,-0.0005136803511647,0.5344094372381243,hold
1318,2025-05-02,-1,-1,0.0047008906976129,-0.0047008906976129,0.5318972368858951,hold
1319,2025-05-05,0,-1,-0.0033338898599493,0.0033338898599493,0.5336705236904841,hold
1320,2025-05-06,-1,-1,0.0014274549954715,-0.0014274549954715,0.5329087330355062,hold
1321,2025-05-07,-1,-1,-0.0057588802970967,0.0057588802970967,0.5359776906383352,hold
1322,2025-05-08,0,-1,-0.0109501096942064,0.0109501096942064,0.5418467051444724,hold
1323,2025-05-09,0,-1,0.0381830730902199,-0.0381830730902199,0.5211573327982462,hold
1324,2025-05-12,0,-1,-0.0138958390765435,0.0138958390765435,0.5283992512283713,hold
1325,2025-05-13,0,-1,0.0036027960647213,-0.0036027960647213,0.526495536485444,hold
1326,2025-05-14,-1,-1,0.0160214381414618,-0.0160214381414618,0.5180603208158867,hold
1327,2025-05-15,0,-1,-0.0016877607536591,0.0016877607536591,0.5189346826933878,hold
1328,2025-05-16,-1,-1,-0.0029717088137536,0.0029717088137536,0.5204768054637101,hold
1329,2025-05-19,-1,-1,-0.0104848313546668,0.0104848313546668,0.5259339169930128,hold
1330,2025-05-20,-1,-1,0.0052483127088862,-0.0052483127088862,0.5231736513324241,hold
1331,2025-05-21,-1,-1,-0.0082112727740422,0.0082112727740422,0.5274695728917063,hold
1332,2025-05-22,0,-1,0.0098924887180058,-0.0098924887180058,0.5222515860927837,hold
1333,2025-05-23,-1,-1,0.0059549794562796,-0.0059549794562796,0.5191415886265917,hold
1334,2025-05-26,0,-1,-0.0069977248703164,0.0069977248703164,0.5227743986325395,hold
1335,2025-05-27,0,-1,-0.0029706520659956,0.0029706520659956,0.5243273794798868,hold
1336,2025-05-28,0,-1,0.0032784792287758,-0.0032784792287758,0.5226083830571836,hold
1337,2025-05-29,-1,-1,-0.0033382349691143,0.0033382349691143,0.5243529726366574,hold
1338,2025-05-30,0,-1,-0.0013777230725331,0.0013777230725331,0.5250753858252102,hold
1339,2025-06-02,0,-1,-0.0070438333802584,0.0070438333802584,0.5287739293550379,hold
1340,2025-06-03,0,-1,0.0031659048079861,-0.0031659048079861,0.5270998814297551,hold
1341,2025-06-04,0,-1,0.0053086967621067,-0.0053086967621067,0.5243016679959022,hold
1342,2025-06-05,0,-1,0.0101875239545026,-0.0101875239545026,0.5189603321938082,hold
1343,2025-06-06,0,-1,0.0040054487100871,-0.0040054487100871,0.5168816632006361,hold
1344,2025-06-09,0,-1,4.18584595869298e-05,-4.18584595869298e-05,0.5168600273304258,hold
1345,2025-06-10,0,-1,0.0014798446727146,-0.0014798446727146,0.5160951547724417,hold
1346,2025-06-11,0,-1,-0.0100710846627866,0.0100710846627866,0.5212927927702089,hold
1347,2025-06-12,0,-1,-0.0068144588479197,0.0068144588479197,0.5248451210542586,hold
1348,2025-06-13,0,-1,0.0092197937677085,-0.0092197937677085,0.5200061572781504,hold
1349,2025-06-16,0,-1,-0.0037319707924959,0.0037319707924959,0.5219468050690305,hold
1350,2025-06-17,0,-1,-0.0016637405234334,0.0016637405234334,0.5228151891197004,hold
1351,2025-06-18,0,-1,-0.0007577278241026,0.0007577278241026,0.5232113407353599,hold
1352,2025-06-19,0,-1,0.0128724709598377,-0.0128724709598377,0.5164763179458862,hold
1353,2025-06-20,0,-1,-0.0055948454872697,0.0055948454872697,0.5193659231426274,hold
1354,2025-06-23,0,-1,0.0029012296868362,-0.0029012296868362,0.5178591233080749,hold
1355,2025-06-24,0,-1,0.0080018205204253,-0.0080018205204253,0.5137153075484989,hold
1356,2025-06-25,0,-1,0.0120520108141297,-0.0120520108141297,0.5075240051065405,hold
1357,2025-06-26,0,-1,0.003475704773181,-0.003475704773181,0.5057600014994877,hold
1358,2025-06-27,0,-1,-0.0047098423546652,0.0047098423546652,0.5081420513758456,hold
1359,2025-06-30,-1,-1,0.0009699396772837,-0.0009699396772837,0.5076491842385198,hold
1360,2025-07-01,-1,-1,-0.0034610085397696,0.0034610085397696,0.5094061624003763,hold
1361,2025-07-02,-1,-1,-0.0018897125192245,0.0018897125192245,0.5103687936028344,hold
1362,2025-07-03,-1,-1,0.0021924250859925,-0.0021924250859925,0.5092498482566318,hold
1363,2025-07-04,0,-1,1.1813410706551508e-05,-1.1813410706551508e-05,0.509243832279022,hold
1364,2025-07-07,0,-1,0.0024036171315751,-0.0024036171315751,0.5080198050796072,hold
1365,2025-07-08,0,-1,-0.0018180190273288,0.0018180190273288,0.5089433947515017,hold
1366,2025-07-09,0,-1,-0.004743646446198,0.004743646446198,0.5113576422773307,hold
1367,2025-07-10,0,-1,-0.008100901810276,0.008100901810276,0.5155001003273536,hold
1368,2025-07-11,0,-1,-0.0026858541571485,0.0026858541571485,0.5168846584148282,hold
1369,2025-07-14,0,-1,0.0045251032187942,-0.0045251032187942,0.51454570198329,hold
1370,2025-07-15,0,-1,0.0006449487413033,-0.0006449487413033,0.5142138463804529,hold
1371,2025-07-16,0,-1,-0.0039902173517283,0.0039902173517283,0.5162656713927791,hold
1372,2025-07-17,0,-1,-0.0056965580472427,0.0056965580472427,0.5192066087576669,hold
1373,2025-07-18,0,-1,0.0048981443028652,-0.0048981443028652,0.5166634598649705,hold
1374,2025-07-21,0,-1,-0.0011876443882732,0.0011876443882732,0.517277072323705,hold
1375,2025-07-22,0,-1,0.0063445445902445,-0.0063445445902445,0.5139951848728361,hold
1376,2025-07-23,0,-1,-0.006256994627491,0.006256994627491,0.5172112499831417,hold
1377,2025-07-24,0,-1,-0.0089816740370306,0.0089816740370306,0.5218566728387755,hold
1378,2025-07-25,0,-1,-0.0062849623293875,0.0062849623293875,0.5251365223689066,hold
1379,2025-07-28,0,-1,0.0056804742343701,-0.0056804742343701,0.5221534978840633,hold
1380,2025-07-29,0,-1,0.0013678351245234,-0.0013678351245234,0.5214392779892647,hold
1381,2025-07-30,-1,-1,-0.0034882717656889,0.0034882717656889,0.523258199900196,hold
1382,2025-07-31,0,-1,-0.0081959437427822,0.0081959437427822,0.5275467946695274,hold
1383,2025-08-01,0,-1,0.0064074150430544,-0.0064074150430544,0.5241665834014467,hold
1384,2025-08-04,0,-1,-0.0029608040671041,0.0029608040671041,0.5257185379534218,hold
1385,2025-08-05,0,-1,-0.0030569142281212,0.0030569142281212,0.5273256144320787,hold
1386,2025-08-06,0,-1,0.0008932609229541,-0.0008932609229541,0.5268545750670338,hold
1387,2025-08-07,-1,-1,-0.0094669127354072,0.0094669127354072,0.5318422613534435,hold
1388,2025-08-08,0,-1,0.0091018044718578,-0.0091018044718578,0.5270015370807337,hold
1389,2025-08-11,-1,-1,-0.0039719417907191,0.0039719417907191,0.5290947565096379,hold
1390,2025-08-12,0,-1,0.0053884535167121,-0.0053884535167121,0.5262437540082496,hold
1391,2025-08-13,0,-1,0.000485438164071,-0.000485438164071,0.5259882952064501,hold
1392,2025-08-14,0,-1,0.0099730192766349,-0.0099730192766349,0.5207426037990719,hold
1393,2025-08-18,0,-1,0.0041685646806257,-0.0041685646806257,0.518571854573178,hold
1394,2025-08-19,0,-1,0.0027981813736617,-0.0027981813736617,0.5171207964688062,hold
1395,2025-08-20,0,-1,0.0013252889742787,-0.0013252889742787,0.5164354619788758,hold
1396,2025-08-21,0,-1,-0.0085174820600987,0.0085174820600987,0.5208341917614796,hold
1397,2025-08-22,0,-1,0.0039264173509054,-0.0039264173509054,0.5187891793540026,hold
1398,2025-08-25,0,-1,-0.0102411798720348,0.0102411798720348,0.5241021926554322,hold
1399,2025-08-26,0,-1,-0.0085444301039235,0.0085444301039235,0.5285803472078896,hold
1400,2025-08-28,0,-1,-0.0030223697933294,0.0030223697933294,0.5301779124826382,hold
1401,2025-08-29,0,-1,0.0081140701746054,-0.0081140701746054,0.5258760116957283,hold
1402,2025-09-01,0,-1,-0.0018457290617897,0.0018457290617897,0.5268466363334131,hold
1403,2025-09-02,0,-1,0.005510715147017,-0.005510715147017,0.5239433345944157,hold
1404,2025-09-03,0,-1,0.0007788776228048,-0.0007788776228048,0.5235352468554824,hold
1405,2025-09-04,0,-1,0.0002708473067116,-0.0002708473067116,0.523393448743903,hold
1406,2025-09-05,0,-1,0.0012994782193525,-0.0012994782193525,0.5227133103571086,hold
1407,2025-09-08,0,-1,0.0038529301782352,-0.0038529301782352,0.5206993324690684,hold
1408,2025-09-09,0,-1,0.0042020862308871,-0.0042020862308871,0.518511308973668,hold
1409,2025-09-10,0,-1,0.0012974116602184,-0.0012974116602184,0.5178385863554505,hold
1410,2025-09-11,0,-1,0.0043390454100098,-0.0043390454100098,0.515591661214199,hold
1411,2025-09-12,0,-1,-0.0017838966811339,0.0017838966811339,0.5165114234674593,hold
1412,2025-09-15,0,-1,0.0067772563910986,-0.0067772563910986,0.513010893121689,hold
1413,2025-09-16,0,-1,0.0036114755294653,-0.0036114755294653,0.511158166834831,hold
1414,2025-09-17,0,-1,0.0036853015416349,-0.0036853015416349,0.5092743948545753,hold
1415,2025-09-18,0,-1,-0.0037976065391384,0.0037976065391384,0.5112084186266908,hold
1416,2025-09-19,-1,-1,-0.0049236357186648,0.0049236357186648,0.5137254226563233,hold
1417,2025-09-22,-1,-1,-0.001303434397354,0.001303434397354,0.5143950300430087,hold
1418,2025-09-23,0,-1,-0.0044736530076083,0.0044736530076083,0.5166962549162594,hold
1419,2025-09-24,0,-1,-0.0066269482123226,0.0066269482123226,0.5201203742390905,hold
1420,2025-09-25,0,-1,-0.0094874379272315,0.0094874379272315,0.5250549840043722,hold
1421,2025-09-26,0,-1,-0.0008030448049409,0.0008030448049409,0.5254766266815853,hold
1422,2025-09-29,0,-1,-0.0009661407544825,0.0009661407544825,0.5259843110661504,hold
1423,2025-09-30,0,-1,0.0091503904924759,-0.0091503904924759,0.5211713492269792,hold
1424,2025-10-01,0,-1,0.0023332467769816,-0.0023332467769816,0.5199553278561402,hold
1425,2025-10-03,0,-1,0.0073671787912872,-0.0073671787912872,0.5161247239923417,hold
1426,2025-10-06,0,-1,0.0012222193924698,-0.0012222193924698,0.5154939063457451,hold
1427,2025-10-07,0,-1,-0.0024752925801897,0.0024752925801897,0.5167699045872557,hold
1428,2025-10-08,0,-1,0.0054160175719368,-0.0054160175719368,0.513971069703363,hold
1429,2025-10-09,0,-1,0.004112050167679,-0.004112050167679,0.5118575948800071,hold
1430,2025-10-10,0,-1,-0.0022938183927065,0.0022938183927065,0.5130317032455894,hold
1431,2025-10-13,0,-1,-0.0032444791324643,0.0032444791324643,0.5146962239010624,hold
1432,2025-10-14,0,-1,0.0070808208725219,-0.0070808208725219,0.5110517521358555,hold
1433,2025-10-15,0,-1,0.0103362282114798,-0.0103362282114798,0.5057694045979026,hold
1434,2025-10-16,0,-1,0.0048679837376106,-0.0048679837376106,0.5033073273613391,hold
1435,2025-10-17,0,-1,0.0051848137299641,-0.0051848137299641,0.5006977726200444,hold
1436,2025-10-20,-1,-1,0.0009847568259027,-0.0009847568259027,0.5002047070707426,hold
1437,2025-10-21,-1,-1,0.0008814076368377,-0.0008814076368377,0.49976382282194826,hold
1438,2025-10-23,-1,-1,-0.0037174505259611,0.0037174505259611,0.5016216701079541,hold
1439,2025-10-24,-1,-1,0.0066252915000297,-0.0066252915000297,0.4982982803207572,hold
1440,2025-10-27,0,-1,-0.001149638146805,0.001149638146805,0.4988711430323013,hold
1441,2025-10-28,-1,-1,0.0045381040946781,-0.0045381040946781,0.49660721385538964,hold
1442,2025-10-29,-1,-1,-0.00675717564781,0.00675717564781,0.49996287602738004,hold
1443,2025-10-30,0,-1,-0.0060186608373972,0.0060186608373972,0.5029719830094784,hold
1444,2025-10-31,0,-1,0.0016036793506921,-0.0016036793506921,0.5021653772263495,hold
1445,2025-11-03,0,-1,-0.0064315867797603,0.0064315867797603,0.5053950974277718,hold
1446,2025-11-04,0,-1,-0.0034359080045569,0.0034359080045569,0.5071315884884877,hold
1447,2025-11-06,0,-1,-0.0006820322478444,0.0006820322478444,0.5074774685857375,hold
1448,2025-11-07,-1,-1,0.0032185728871263,-0.0032185728871263,0.5058441153645199,hold
1449,2025-11-10,0,-1,0.0047156471705849,-0.0047156471705849,0.5034587329931441,hold
1450,2025-11-11,0,-1,0.0070384090258497,-0.0070384090258497,0.49991518450270234,hold
1451,2025-11-12,0,-1,0.0001294494962036,-0.0001294494962036,0.4998504707339239,hold
1452,2025-11-13,0,-1,0.0011940264714482,-0.0011940264714482,0.49925363604010176,hold
1453,2025-11-14,0,-1,0.0039906690408659,-0.0039906690408659,0.49726128001121683,hold
1454,2025-11-17,0,-1,-0.0039748069020186,0.0039748069020186,0.4992377975791121,hold
1455,2025-11-18,0,-1,0.0055036406751542,-0.0055036406751542,0.4964901721297813,hold
1456,2025-11-19,0,-1,0.0053545415882216,-0.0053545415882216,0.4938316948549691,hold
1457,2025-11-20,0,-1,-0.0047342428227803,0.0047342428227803,0.49616961401199766,hold
1458,2025-11-21,0,-1,-0.004167936312968,0.004167936312968,0.49823761736362965,hold
1459,2025-11-24,0,-1,-0.002877529180069,0.002877529180069,0.4996713106462015,hold
1460,2025-11-25,0,-1,0.0123817835303625,-0.0123817835303625,0.4934844886414478,hold
1461,2025-11-26,0,-1,0.0003911422381892,-0.0003911422381892,0.49329146601404894,hold
1462,2025-11-27,0,-1,-0.0004806903583736,0.0004806903583736,0.49352858646562986,hold
1463,2025-11-28,-1,-1,-0.0010380212747401,0.0010380212747401,0.4940408796380736,hold
1464,2025-12-01,-1,-1,-0.0054841133969418,0.0054841133969418,0.4967502558447337,hold
1465,2025-12-02,0,-1,-0.0017746951904364,0.0017746951904364,0.49763183613462947,hold
1466,2025-12-03,0,-1,0.0018375278996383,-0.0018375278996383,0.49671742375198386,hold
1467,2025-12-04,0,-1,0.0058654330916598,-0.0058654330916598,0.493803960937505,hold
1468,2025-12-05,0,-1,-0.0086265394598917,0.0086265394598917,0.49806378029198317,hold
1469,2025-12-08,0,-1,-0.0046570811090926,0.0046570811090926,0.5003833037143043,hold
1470,2025-12-09,0,-1,-0.0031598875909956,0.0031598875909956,0.5019644587064525,hold
1471,2025-12-10,0,-1,0.0054565875164998,-0.0054565875164998,0.4992254457073482,hold
1472,2025-12-11,0,-1,0.0057299900196514,-0.0057299900196514,0.49636488888588914,hold
1473,2025-12-12,0,-1,-0.0007543469807149,0.0007543469807149,0.49673932024115314,hold
1474,2025-12-15,0,-1,-0.0064240688375742,0.0064240688375742,0.4999304078287122,hold
1475,2025-12-16,0,-1,-0.0016066770334456,0.0016066770334456,0.5007336345332917,hold
1476,2025-12-17,0,-1,-0.0001161955225689,0.0001161955225689,0.5007918175396241,hold
1477,2025-12-18,0,-1,0.0058433620360547,-0.0058433620360547,0.4978655096450462,hold
1478,2025-12-19,0,-1,0.0079333291061156,-0.0079333291061156,0.49391577870644815,hold
1479,2025-12-22,0,-1,0.0001814888939914,-0.0001814888939914,0.4938261384780458,hold
1480,2025-12-23,0,-1,-0.0013389838361685,0.0013389838361685,0.49448736369534546,hold
1481,2025-12-24,0,-1,-0.003817552133005,0.003817552133005,0.4963750949853647,hold
1482,2025-12-26,0,-1,-0.0038476313101776,0.0038476313101776,0.4982849633424228,hold
1483,2025-12-29,0,-1,-0.0001252789885528,0.0001252789885528,0.4983473879786414,hold
1484,2025-12-30,0,-1,0.007353834224439,-0.007353834224439,0.4946826239012643,hold
1485,2025-12-31,0,-1,0.0006487344669803,-0.0006487344669803,0.49436170623292325,hold
1486,2026-01-01,0,-1,0.0069607651702385,-0.0069607651702385,0.4909205704866775,hold
1487,2026-01-02,0,-1,-0.002972058760474,0.002972058760474,0.4923796152688893,hold
1488,2026-01-05,0,-1,-0.0027276473171363,0.0027276473171363,0.4937226532054901,hold
