date,signal,position,market_return,pnl,equity,action
2020-01-01,-1,-1,0.0081838863379848,-0.0081838863379848,0.9915661136620152,enter
2020-01-02,0,-1,-0.0045227893866035,0.0045227893866035,0.9960507583570015,hold
2020-01-03,-1,-1,-0.0191058530729412,0.0191058530729412,1.015081157799362,hold
2020-01-06,0,-1,0.0049945920012428,-0.0049945920012428,1.010011241568005,hold
2020-01-07,0,-1,-0.0022899444111396,0.0022899444111396,1.0123241111658217,hold
2020-01-08,-1,-1,0.0158457581226116,-0.0158457581226116,0.9962830681586003,hold
2020-01-09,1,1,0.0033480474426501,0.0033480474426501,0.9991205296030251,flip
2020-01-10,1,1,0.0059354808073293,0.0059354808073293,1.0050507903306927,hold
2020-01-13,1,1,0.0026562202609821,0.0026562202609821,1.007720426603285,hold
2020-01-14,0,1,-0.0015369308543056,-0.0015369308543056,1.0061716299871244,hold
2020-01-15,0,1,0.0009884063018437,0.0009884063018437,1.00716613636694,hold
2020-01-16,-1,-1,-0.0002549788049855,0.0002549788049855,1.0069193593166292,flip
2020-01-17,-1,-1,-0.0103461939411514,0.0103461939411514,1.017337142291219,hold
2020-01-20,0,-1,-0.0044746183856623,0.0044746183856623,1.0218893377725324,hold
2020-01-21,0,-1,-0.0051725551893021,0.0051725551893021,1.0271751167695202,hold
2020-01-22,0,-1,0.0060667236352978,-0.0060667236352978,1.0209435292110247,hold
2020-01-23,1,1,0.0055745847042631,0.0055745847042631,1.0261243936282756,flip
2020-01-24,0,1,-0.0105525279121506,-0.0105525279121506,1.0152961873231747,hold
2020-01-27,0,1,-0.0052149678449129,-0.0052149678449129,1.0100014503532218,hold
2020-01-28,0,1,0.0061132563999481,0.0061132563999481,1.0161758481835506,hold
2020-01-29,1,1,-0.007724984155365,-0.007724984155365,1.008325905857268,hold
2020-01-30,0,1,-0.0061234148547233,-0.0061234148547233,1.0021515080269392,hold
2020-01-31,1,1,-0.0212503847193161,-0.0212503847193161,0.9808554029343239,hold
2020-02-03,0,1,0.0232108226866707,0.0232108226866707,1.0036218637730956,hold
2020-02-04,1,1,0.0091405004678344,0.0091405004678344,1.0127954698884425,hold
2020-02-05,1,1,0.0040366612301674,0.0040366612301674,1.0168837820958303,hold
2020-02-06,0,1,-0.0032625431230384,-0.0032625431230384,1.0135661549056243,hold
2020-02-07,-1,-1,-0.0055255147630383,0.0055255147630383,1.0186598465804184,flip
2020-02-10,1,1,0.0063500303889789,0.0063500303889789,1.0246190376389466,flip
2020-02-11,1,1,0.0077056964194832,0.0077056964194832,1.0325144408886153,hold
2020-02-12,0,1,-0.0021759994314084,-0.0021759994314084,1.0302676900523207,hold
2020-02-13,-1,-1,-0.0050268544351488,0.0050268544351488,1.0349315619144246,flip
2020-02-14,0,-1,-0.0055847334602637,0.0055847334602637,1.040711378837331,hold
2020-02-17,-1,-1,-0.0044247626186481,0.0044247626186481,1.045316279643212,hold
2020-02-18,1,1,0.011123651500938,0.011123651500938,1.0564213555063988,flip
2020-02-19,0,1,-0.0037152524595064,-0.0037152524595064,1.0524964834670785,hold
2020-02-20,-1,-1,-0.0208138687990014,0.0208138687990014,1.073876758943639,flip
2020-02-24,0,-1,-0.0026628568617023,0.0026628568617023,1.0767363390398146,hold
2020-02-25,0,-1,-0.0101204779385897,0.0101204779385897,1.0876334254047448,hold
2020-02-26,0,-1,-0.0038703767874727,0.0038703767874727,1.0918429765677107,hold
2020-02-27,1,1,-0.0370960786649383,-0.0370960786649383,1.0507939621309106,flip
2020-02-28,-1,-1,-0.0061597518244916,0.0061597518244916,1.056741195175246,flip
2020-03-02,1,1,0.0153196474085468,0.0153196474085468,1.0724017270898294,flip
2020-03-03,-1,-1,-0.0046269501465237,0.0046269501465237,1.076827475554575,flip
2020-03-04,1,1,0.0015998577904186,0.0015998577904186,1.0780118326425006,flip
2020-03-05,-1,-1,-0.0248069753028219,0.0248069753028219,1.1042150396346917,flip
2020-03-06,1,1,-0.0489560433359516,-0.0489560433359516,1.049604932782309,flip
2020-03-09,1,1,0.0006649981756232,0.0006649981756232,1.0503029181477344,hold
2020-03-11,1,1,-0.0830193880106471,-0.0830193880106471,0.9631074126573127,hold
2020-03-12,1,1,0.0380650761268936,0.0380650761268936,0.9997681696384889,hold
2020-03-13,1,1,-0.0761210010667908,-0.0761210010667908,0.9236648157308941,hold
2020-03-16,1,1,-0.0250451840905282,-0.0250451840905282,0.90053146038297,hold
2020-03-17,1,1,-0.055564540272715,-0.055564540272715,0.8504938437856737,hold
2020-03-18,1,1,-0.0242477817531284,-0.0242477817531284,0.8298712546791794,hold
2020-03-19,1,1,0.0583291468584656,0.0583291468584656,0.8782769369669805,hold
2020-03-20,1,1,-0.1298046607047124,-0.1298046607047124,0.7642724971592075,hold
2020-03-23,1,1,0.0250714240251634,0.0250714240251634,0.7834338970062565,hold
2020-03-24,1,1,0.0662474689466749,0.0662474689466749,0.8353344097699511,hold
2020-03-25,1,1,0.0389043564303894,0.0389043564303894,0.8678325573862103,hold
2020-03-26,1,1,0.0021755381634551,0.0021755381634551,0.8697205602342929,hold
2020-03-27,1,1,-0.0437805364308189,-0.0437805364308189,0.8316437275623232,hold
2020-03-30,1,1,0.0382377227133605,0.0382377227133605,0.8634438898131569,hold
2020-03-31,1,1,-0.0400046750966822,-0.0400046750966822,0.8289020975369661,hold
2020-04-01,1,1,-0.0205965741867707,-0.0205965741867707,0.811829553991476,hold
2020-04-03,1,1,0.0876321046711503,0.0876321046711503,0.8829718864419904,hold
2020-04-07,1,1,-0.0049419024075071,-0.0049419024075071,0.8786083255506216,hold
2020-04-08,1,1,0.0415088316188025,0.0415088316188025,0.9150783305947805,hold
2020-04-09,1,1,-0.0129556707370791,-0.0129556707370791,0.9032228770449584,hold
2020-04-13,0,1,-0.0076218535626885,-0.0076218535626885,0.8963386445416515,hold
2020-04-15,-1,-1,0.0075627711647903,-0.0075627711647903,0.8891116711645538,flip
2020-04-16,-1,-1,0.0304632818768748,-0.0304632818768748,0.8620264117058488,hold
2020-04-17,0,-1,-0.0005288143766692,0.0005288143766692,0.8624822636654275,hold
2020-04-20,-1,-1,-0.0302746671440956,0.0302746671440956,0.8885936271155844,hold
2020-04-21,-1,-1,0.0229194177887257,-0.0229194177887257,0.8682275785313232,hold
2020-04-22,-1,-1,0.0137799558770148,-0.0137799558770148,0.8562634408079541,hold
2020-04-23,-1,-1,-0.0171249415723349,0.0171249415723349,0.8709269022023168,hold
2020-04-24,-1,-1,0.0139713589754586,-0.0139713589754586,0.8587588698102641,hold
2020-04-27,1,1,0.0106224306488902,0.0106224306488902,0.8674515969140378,flip
2020-04-28,-1,-1,0.0183830135241964,-0.0183830135241964,0.8510714966779244,flip
2020-04-29,-1,-1,0.032088303452139,-0.032088303452139,0.8237620562330571,hold
2020-04-30,-1,-1,-0.057444839013135,0.057444839013135,0.8710829349384941,hold
2020-05-04,-1,-1,-0.0094582655216011,0.0094582655216011,0.8793218686284779,hold
2020-05-05,-1,-1,0.0070935934671216,-0.0070935934671216,0.8730843167656779,hold
2020-05-06,-1,-1,-0.0077501195040513,0.0077501195040513,0.8798508245577248,hold
2020-05-07,1,1,0.0057016970693835,0.0057016970693835,0.8844275420133214,flip
2020-05-08,1,1,-0.0013294930214019,-0.0013294930214019,0.883251701768279,hold
2020-05-11,1,1,-0.0046162427183511,-0.0046162427183511,0.8791743975315199,hold
2020-05-12,1,1,0.0203337125303977,0.0203337125303977,0.8970512769950115,hold
2020-05-13,1,1,-0.0256619093732747,-0.0256619093732747,0.8740312284215852,hold
2020-05-14,1,1,-0.0006453627874545,-0.0006453627874545,0.8734671611916888,hold
2020-05-15,1,1,-0.0343225097032598,-0.0343225097032598,0.8434875760762083,hold
2020-05-18,1,1,0.0063298228402233,0.0063298228402233,0.8488267030007001,hold
2020-05-19,1,1,0.021111396826158,0.021111396826158,0.8667466203643872,hold
2020-05-20,1,1,0.0043787544510012,0.0043787544510012,0.870541890986198,hold
2020-05-21,1,1,-0.0073575840768702,-0.0073575840768702,0.8641368058308295,hold
2020-05-22,1,1,-0.0011284338094974,-0.0011284338094974,0.8631616846430988,hold
2020-05-26,1,1,0.0316645047717616,0.0316645047717616,0.890493271925282,hold
2020-05-27,0,1,0.0188030435364687,0.0188030435364687,0.9072372556862257,hold
2020-05-28,0,1,0.0095046626511057,0.0095046626511057,0.9158602397460383,hold
2020-05-29,0,1,0.0256620973194605,0.0256620973194605,0.9393631343494255,hold
2020-06-01,0,1,0.0155655279707429,0.0155655279707429,0.9539848174918263,hold
2020-06-02,-1,-1,0.0082622880359908,-0.0082622880359908,0.9456257277390008,flip
2020-06-03,-1,-1,-0.0032251686810099,0.0032251686810099,0.9486755302200618,hold
2020-06-04,-1,-1,0.0112722762414605,-0.0112722762414605,0.9379817975799072,hold
2020-06-05,-1,-1,0.0024945207587225,-0.0024945207587225,0.9356419825145403,hold
2020-06-08,-1,-1,-0.0118810323499978,0.0118810323499978,0.9467583751768117,hold
2020-06-09,-1,-1,0.0069177285262014,-0.0069177285262014,0.940208957757431,hold
2020-06-10,1,1,-0.021169158460066,-0.021169158460066,0.9198354208662118,flip
2020-06-11,-1,-1,0.0071602091117954,-0.0071602091117954,0.9127892891939404,flip
2020-06-12,-1,-1,-0.0159632793948444,0.0159632793948444,0.9273603996459646,hold
2020-06-15,-1,-1,0.010220386061458,-0.010220386061458,0.9178824183434748,hold
2020-06-16,-1,-1,-0.0033134566648174,0.0033134566648174,0.9209237819600538,hold
2020-06-17,1,1,0.0213031875518985,0.0213031875518985,0.9400819321171725,flip
2020-06-18,-1,-1,0.0151362754442923,-0.0151362754442923,0.925382552086386,flip
2020-06-19,-1,-1,0.0065206163504338,-0.0065206163504338,0.9193484874868454,hold
2020-06-22,-1,-1,0.0154976919912916,-0.0154976919912916,0.9051007077951144,hold
2020-06-23,-1,-1,-0.0158246772335498,0.0158246772335498,0.9194236343598295,hold
2020-06-24,1,1,-0.0015913572989929,-0.0015913572989929,0.9175007910312446,flip
2020-06-25,0,1,0.0091457401473864,0.0091457401473864,0.9258920148510379,hold
2020-06-26,0,1,-0.0067995386087835,-0.0067995386087835,0.919596376348494,hold
2020-06-29,1,1,-0.0009988732845714,-0.0009988732845714,0.9186778160955709,hold
2020-06-30,1,1,0.0124198173347171,0.0124198173347171,0.9300876267609348,hold
2020-07-01,0,1,0.0116634525148986,0.0116634525148986,0.9409356596303557,hold
2020-07-02,0,1,0.0052739760448483,0.0052739760448483,0.9458981317589898,hold
2020-07-03,0,1,0.014735139974255,0.014735139974255,0.9598360731318448,hold
2020-07-06,1,1,0.0033445902359812,0.0033445902359812,0.9630463314901841,hold
2020-07-07,-1,-1,-0.008694762073642,0.008694762073642,0.97093826704264,flip
2020-07-08,-1,-1,0.0100600327219018,-0.0100600327219018,0.9611705963052444,hold
2020-07-09,-1,-1,-0.0041985110954393,0.0041985110954393,0.9652060817184419,hold
2020-07-10,-1,-1,0.0032178891492418,-0.0032178891492418,0.9621001555412979,hold
2020-07-13,-1,-1,-0.0180834960154004,0.0180834960154004,0.9794982898704451,hold
2020-07-14,1,1,0.0010229309240368,0.0010229309240368,0.9800104998162595,flip
2020-07-15,1,1,0.0114661616621005,0.0114661616621005,0.9912474586377088,hold
2020-07-16,1,1,0.0150605912558696,0.0150605912558696,1.0061762314456708,hold
2020-07-17,0,1,0.0110533217609316,0.0110533217609316,1.0172978210800414,hold
2020-07-20,0,1,0.0127061568657644,0.0127061568657644,1.0302237667738847,hold
2020-07-21,1,1,-0.0026563094918139,-0.0026563094918139,1.027487173603511,hold
2020-07-22,1,1,0.0074421598588463,0.0074421598588463,1.0351338974023825,hold
2020-07-23,1,1,-0.0018991484351116,-0.0018991484351116,1.0331680244809998,hold
2020-07-24,-1,-1,-0.0055699256988469,0.0055699256988469,1.038406109599543,flip
2020-07-27,1,1,0.0151592736988444,0.0151592736988444,1.053628388970715,flip
2020-07-28,1,1,-0.0086456143286032,-0.0086456143286032,1.0445191242740066,hold
2020-07-29,1,1,-0.0089887146807479,-0.0089887146807479,1.035130239887323,hold
2020-07-30,-1,-1,-0.0025851023723058,0.0025851023723058,1.0372885924061577,flip
2020-07-31,-1,-1,-0.0164222155452939,0.0164222155452939,1.0543231692533261,hold
2020-08-03,-1,-1,0.0186979321613793,-0.0186979321613793,1.034609506158457,hold
2020-08-04,1,1,0.0005768586219327,0.0005768586219327,1.034689024819339,flip
2020-08-05,-1,-1,0.0088725546683743,-0.0088725546683743,1.0249913453694528,flip
2020-08-06,1,1,0.001241002448872,0.001241002448872,1.0257508664664443,flip
2020-08-07,1,1,0.005002705259437,0.005002705259437,1.030882395720988,hold
2020-08-10,1,1,0.0046449787767293,0.0046449787767293,1.0356708225704159,hold
2020-08-11,1,1,-0.0012452735151247,-0.0012452735151247,1.0343811291246816,hold
2020-08-12,-1,-1,-0.000703034473301,0.000703034473301,1.034591144152426,flip
2020-08-13,-1,-1,-0.0108004373788689,0.0108004373788689,1.0457651810175765,hold
2020-08-14,-1,-1,0.0061457110453491,-0.0061457110453491,1.0393382103937554,hold
2020-08-17,1,1,0.0122920579350753,0.0122920579350753,1.0515941467848562,flip
2020-08-18,1,1,0.0020246002135075,0.0020246002135075,1.0537232045189602,hold
2020-08-19,1,1,-0.008432399987605,-0.008432399987605,1.0448377889822353,hold
2020-08-20,-1,-1,0.0052509160938571,-0.0052509160938571,1.0388290145261074,flip
2020-08-21,0,-1,0.0083410064718865,-0.0083410064718865,1.0301641349927617,hold
2020-08-24,1,1,0.0005058064691958,0.0005058064691958,1.0301701166090782,flip
2020-08-25,0,1,0.0067423225064831,0.0067423225064831,1.0371158557717979,hold
2020-08-26,1,1,0.0008355606212675,0.0008355606212675,1.037982428940573,hold
2020-08-27,0,1,0.0076431956549949,0.0076431956549949,1.0459159317314126,hold
2020-08-28,0,1,-0.0223307478019462,-0.0223307478019462,1.022559846837881,hold
2020-08-31,-1,-1,0.0072667398463226,-0.0072667398463226,1.0146178905301957,flip
2020-09-01,1,1,0.0056450382511279,0.0056450382511279,1.0198381383872523,flip
2020-09-02,1,1,-0.0006545127600779,-0.0006545127600779,1.0191706413124637,hold
2020-09-03,-1,-1,-0.0167947449485598,0.0167947449485598,1.0357777669717103,flip
2020-09-04,-1,-1,0.0018705202595032,-0.0018705202595032,1.0338403236742468,hold
2020-09-07,1,1,-0.0033201259317187,-0.0033201259317187,1.0298909234445224,flip
2020-09-08,-1,-1,-0.0034769279675166,0.0034769279675166,1.032956834538016,flip
2020-09-09,-1,-1,0.0151844298634509,-0.0151844298634509,1.0172719739320013,hold
2020-09-10,1,1,0.0013276149365679,0.0013276149365679,1.0181138834121795,flip
2020-09-11,-1,-1,-0.0021283524468515,0.0021283524468515,1.0197717316454071,flip
2020-09-14,1,1,0.0071459479106903,0.0071459479106903,1.0265490814547171,flip
2020-09-15,0,1,0.0071820376506051,0.0071820376506051,1.033921795607919,hold
2020-09-16,0,1,-0.0076220272911209,-0.0076220272911209,1.0260412154649106,hold
2020-09-17,-1,-1,-0.0009681588767627,0.0009681588767627,1.026521565767855,flip
2020-09-18,-1,-1,-0.0221122548386738,0.0221122548386738,1.0492202722275084,hold
2020-09-21,-1,-1,-0.0086128603263573,0.0086128603263573,1.0582570598837866,hold
2020-09-22,-1,-1,-0.0019545871070447,0.0019545871070447,1.0603255154889746,hold
2020-09-23,-1,-1,-0.0293122720965164,0.0293122720965164,1.0914060655098665,hold
2020-09-24,1,1,0.0226457884823545,0.0226457884823545,1.1155761133850068,flip
2020-09-25,-1,-1,0.0160448681873712,-0.0160448681873712,1.0971190536360722,flip
2020-09-28,1,1,-0.0004586409458945,-0.0004586409458945,1.0960673103887357,flip
2020-09-29,-1,-1,0.0022410013176423,-0.0022410013176423,1.0930629884467356,flip
2020-09-30,-1,-1,0.0150610927327836,-0.0150610927327836,1.0766002654149658,hold
2020-10-01,1,1,0.0075676439490797,0.0075676439490797,1.0842092927664035,flip
2020-10-05,1,1,0.0138264754746197,0.0138264754746197,1.099200085962193,hold
2020-10-06,1,1,0.0065551872847253,0.0065551872847253,1.1064055483890616,hold
2020-10-07,1,1,0.0081566766068399,0.0081566766068399,1.1154301406432845,hold
2020-10-08,1,1,0.0067260903253916,0.0067260903253916,1.1229326245209155,hold
2020-10-09,1,1,0.0014058853909966,0.0014058853909966,1.124511339092803,hold
2020-10-12,1,1,0.0002975290843887,0.0002975290843887,1.124845913921908,hold
2020-10-13,-1,-1,0.0030625333853533,-0.0030625333853533,1.120838612800183,flip
2020-10-14,-1,-1,-0.0242836008583533,0.0242836008583533,1.1480566103000531,hold
2020-10-15,-1,-1,0.007028949362235,-0.007028949362235,1.1399869785212748,hold
2020-10-16,-1,-1,0.0094027696218492,-0.0094027696218492,1.1292679435903314,hold
2020-10-19,1,1,0.0020003285078973,0.0020003285078973,1.1309622164791546,flip
2020-10-20,1,1,0.0034337457642519,0.0034337457642519,1.1348456531995188,hold
2020-10-21,1,1,-0.0034512817819539,-0.0034512817819539,1.1309289810713017,hold
2020-10-22,1,1,0.0028495402835257,0.0028495402835257,1.1341516087606711,hold
2020-10-23,-1,-1,-0.0136290733045432,0.0136290733045432,1.1490419683705557,flip
2020-10-26,0,-1,0.0103376083469652,-0.0103376083469652,1.137163622527315,hold
2020-10-27,1,1,-0.0134406089457635,-0.0134406089457635,1.121310869158314,flip
2020-10-28,0,1,-0.0050129421843609,-0.0050129421843609,1.115689802600528,hold
2020-10-29,0,1,-0.0024333734223676,-0.0024333734223676,1.1129749126872732,hold
2020-10-30,0,1,0.0022976361491175,0.0022976361491175,1.1155321240797245,hold
2020-11-02,1,1,0.0123701901631991,0.0123701901631991,1.1293314685877482,hold
2020-11-03,1,1,0.008041647267956,0.008041647267956,1.1384131539067337,hold
2020-11-04,1,1,0.0177855989156905,0.0177855989156905,1.1586605136624653,hold
2020-11-05,1,1,0.0118190145712895,0.0118190145712895,1.1723547391566198,hold
2020-11-06,0,1,0.0161046355374614,0.0161046355374614,1.1912350849513529,hold
2020-11-09,0,1,0.0136465071043638,0.0136465071043638,1.207491283001109,hold
2020-11-10,-1,-1,0.0093460415087203,-0.0093460415087203,1.1956022737072622,flip
2020-11-11,-1,-1,-0.0045768215253314,0.0045768215253314,1.201074331929301,hold
2020-11-12,-1,-1,0.0022969703307613,-0.0022969703307613,1.1983154998238204,hold
2020-11-13,-1,-1,0.0121266198083733,-0.0121266198083733,1.183783983346976,hold
2020-11-17,-1,-1,0.0049750511655721,-0.0049750511655721,1.1778945974608401,hold
2020-11-18,-1,-1,-0.0128726686134137,0.0128726686134137,1.1930572442754839,hold
2020-11-19,-1,-1,0.0068393094137191,-0.0068393094137191,1.1848975566336049,hold
2020-11-20,-1,-1,0.005241475198302,-0.005241475198302,1.1786869454779811,hold
2020-11-23,-1,-1,0.0099563448098976,-0.0099563448098976,1.1669515318258774,hold
2020-11-24,-1,-1,-0.0150706804680923,0.0150706804680923,1.184538285483776,hold
2020-11-25,0,-1,0.0100012136399767,-0.0100012136399767,1.172691465025921,hold
2020-11-26,-1,-1,-0.0013898363507738,0.0013898363507738,1.1743213142522564,hold
2020-11-27,-1,-1,0.0108026946873185,-0.0108026946873185,1.1616354796295787,hold
2020-12-01,-1,-1,0.0003585458429504,-0.0003585458429504,1.1612189800573338,hold
2020-12-02,-1,-1,0.00153658492994,-0.00153658492994,1.1594346684722174,hold
2020-12-03,-1,-1,0.0094906623588735,-0.0094906623588735,1.1484308655065751,hold
2020-12-04,-1,-1,0.0073311332494399,-0.0073311332494399,1.1400115658037768,hold
2020-12-07,0,-1,0.0027853318093331,-0.0027853318093331,1.136836255326536,hold
2020-12-08,-1,-1,0.0101657522858669,-0.0101657522858669,1.125279459565294,hold
2020-12-09,0,-1,-0.0037548548058806,0.0037548548058806,1.1295047205520015,hold
2020-12-10,-1,-1,0.0026375585350264,-0.0026375585350264,1.1265255857359568,hold
2020-12-11,-1,-1,0.0032781762806703,-0.0032781762806703,1.122832636281229,hold
2020-12-14,-1,-1,0.0007153791977927,-0.0007153791977927,1.1220293851706307,hold
2020-12-15,-1,-1,0.008464907059269,-0.008464907059269,1.1125315107073925,hold
2020-12-16,-1,-1,0.0042389293905504,-0.0042389293905504,1.1078155681887416,hold
2020-12-17,-1,-1,0.0014445849987885,-0.0014445849987885,1.1062152344375118,hold
2020-12-18,-1,-1,-0.0314049525779333,0.0314049525779333,1.140955871416009,hold
2020-12-21,0,-1,0.0103462838766079,-0.0103462838766079,1.1291512180796566,hold
2020-12-22,-1,-1,0.0100101591857162,-0.0100101591857162,1.1178482346419338,hold
2020-12-23,-1,-1,0.0108925303747413,-0.0108925303747413,1.1056720387917456,hold
2020-12-24,-1,-1,0.0090150513891666,-0.0090150513891666,1.0957043485424733,hold
2020-12-28,-1,-1,0.0042815942411449,-0.0042815942411449,1.0910129871137564,hold
2020-12-29,-1,-1,0.0035420946069744,-0.0035420946069744,1.0871485158959617,hold
2020-12-30,-1,-1,-1.4318125132972703e-05,1.4318125132972703e-05,1.0871640818244506,hold
2020-12-31,-1,-1,0.0026284263414808,-0.0026284263414808,1.0843065511142715,hold
2021-01-01,-1,-1,0.0081606727271106,-0.0081606727271106,1.0754578802147658,hold
2021-01-04,0,-1,0.0047123808655142,-0.0047123808655142,1.0703899130783754,hold
2021-01-05,-1,-1,-0.0037501320469031,0.0037501320469031,1.0744040165940925,hold
2021-01-06,-1,-1,-0.000629169612088,0.000629169612088,1.0750799989524387,hold
2021-01-07,-1,-1,0.014847223590326,-0.014847223590326,1.0591180458305043,hold
2021-01-08,-1,-1,0.0095837181341371,-0.0095837181341371,1.0489677570084868,hold
2021-01-11,-1,-1,0.0054333140242324,-0.0054333140242324,1.043268385783365,hold
2021-01-12,-1,-1,9.609083312889231e-05,-9.609083312889231e-05,1.043168137254998,hold
2021-01-13,-1,-1,0.002111247340323,-0.002111247340323,1.0409657512997086,hold
2021-01-14,-1,-1,-0.0110923441582015,0.0110923441582015,1.0525125016700259,hold
2021-01-15,-1,-1,-0.0105586501425666,0.0105586501425666,1.063625612945837,hold
2021-01-18,-1,-1,0.0167947308170628,-0.0167947308170628,1.0457623070862783,hold
2021-01-19,-1,-1,0.008508265623863,-0.008508265623863,1.0368646835981645,hold
2021-01-20,-1,-1,-0.0037112802046228,0.0037112802046228,1.0407127789732749,hold
2021-01-21,-1,-1,-0.0149721716475961,0.0149721716475961,1.0562945093359095,hold
2021-01-22,0,-1,-0.0092541693433081,0.0092541693433081,1.0660696376017107,hold
2021-01-25,-1,-1,-0.0190604880418779,0.0190604880418779,1.0863894451810272,hold
2021-01-27,0,-1,-0.0107356502819043,0.0107356502819043,1.0980525423344427,hold
2021-01-28,0,-1,-0.0132404223540728,0.0132404223540728,1.112591221761914,hold
2021-01-29,-1,-1,0.0474235111013383,-0.0474235111013383,1.0598282396054364,hold
2021-02-01,-1,-1,0.0256735714819573,-0.0256735714819573,1.0326186635373293,hold
2021-02-02,-1,-1,0.0097011226717231,-0.0097011226717231,1.022601103209243,hold
2021-02-03,-1,-1,0.0071467580293813,-0.0071467580293813,1.0152928205640281,hold
2021-02-04,-1,-1,0.0019199973566108,-0.0019199973566108,1.0133434610323593,hold
2021-02-05,-1,-1,0.0128348027329681,-0.0128348027329681,1.0003373976092658,hold
2021-02-08,-1,-1,-0.0004300136336804,0.0004300136336804,1.000767556328518,hold
2021-02-09,-1,-1,-0.0001853034041081,0.0001853034041081,1.0009530019634267,hold
2021-02-10,-1,-1,0.0044219246475027,-0.0044219246475027,0.9965268632130528,hold
2021-02-11,-1,-1,-0.0006590524229219,0.0006590524229219,0.9971836266567602,hold
2021-02-12,-1,-1,0.0099846598415338,-0.0099846598415338,0.9872270873450454,hold
2021-02-15,-1,-1,-8.162092525865194e-05,8.162092525865194e-05,0.9873076657333548,hold
2021-02-16,-1,-1,-0.0068273186874309,0.0068273186874309,0.9940483298098598,hold
2021-02-17,-1,-1,-0.0059143128695843,0.0059143128695843,0.9999274426398429,hold
2021-02-18,-1,-1,-0.0090747170630297,0.0090747170630297,1.0090015012653584,hold
2021-02-19,-1,-1,-0.0204281745915864,0.0204281745915864,1.0296135600963798,hold
2021-02-22,-1,-1,0.0021872625461001,-0.0021872625461001,1.0273615249194241,hold
2021-02-23,-1,-1,0.0186431824578623,-0.0186431824578623,1.0082082365601637,hold
2021-02-24,-1,-1,0.0076992130139501,-0.0076992130139501,1.000445826584468,hold
2021-02-25,1,1,-0.0376356932475859,-0.0376356932475859,0.9622931314310154,flip
2021-02-26,-1,-1,0.0159953891187234,-0.0159953891187234,0.946419731781786,flip
2021-03-01,-1,-1,0.0106729853417877,-0.0106729853417877,0.9363186078573003,hold
2021-03-02,-1,-1,0.0218846987116321,-0.0218846987116321,0.9158275572262484,hold
2021-03-03,1,1,-0.0108129305241382,-0.0108129305241382,0.9054668636992567,flip
2021-03-04,-1,-1,-0.0094591045289524,0.0094591045289524,0.9135790359786411,flip
2021-03-05,0,-1,0.0012117060677612,-0.0012117060677612,0.9124720467173664,hold
2021-03-08,-1,-1,0.0095077756017913,-0.0095077756017913,0.9037964672542704,hold
2021-03-09,0,-1,0.0050600998838219,-0.0050600998838219,0.8992231668553184,hold
2021-03-10,-1,-1,-0.0094795062357636,0.0094795062357636,0.9077473584728665,hold
2021-03-12,-1,-1,-0.006749419963093,0.006749419963093,0.9138741266155882,hold
2021-03-15,-1,-1,-0.0012759841044576,0.0012759841044576,0.9150402154746248,hold
2021-03-16,-1,-1,-0.0126857598628687,0.0126857598628687,0.9266481959130035,hold
2021-03-17,0,-1,-0.0111029730717429,0.0111029730717429,0.9369367458792047,hold
2021-03-18,0,-1,0.0127869428260285,-0.0127869428260285,0.9249561892780421,hold
2021-03-19,-1,-1,-0.0005154374236977,0.0005154374236977,0.9254329463132769,hold
2021-03-22,-1,-1,0.0053167399974314,-0.0053167399974314,0.9205126599526723,hold
2021-03-23,-1,-1,-0.0179111769942118,0.0179111769942118,0.9370001251304972,hold
2021-03-24,-1,-1,-0.0154301891468089,0.0154301891468089,0.9514582142918444,hold
2021-03-25,0,-1,0.0127330319296232,-0.0127330319296232,0.9393432664695641,hold
2021-03-26,-1,-1,0.0232848158675504,-0.0232848158675504,0.917470831473397,hold
2021-03-30,1,1,-0.0104006990943323,-0.0104006990943323,0.9074697580116787,flip
2021-03-31,-1,-1,0.0120245741669184,-0.0120245741669184,0.8961040857232261,flip
2021-04-01,-1,-1,-0.015439860548026,0.015439860548026,0.909939807843309,hold
2021-04-05,-1,-1,0.0031220672452334,-0.0031220672452334,0.9070989145741074,hold
2021-04-06,-1,-1,0.0092314369658119,-0.0092314369658119,0.8987250881224602,hold
2021-04-07,1,1,0.0036945688638336,0.0036945688638336,0.9015961273061225,flip
2021-04-08,-1,-1,-0.0026187118170183,0.0026187118170183,0.9035063496752239,flip
2021-04-09,-1,-1,-0.0353255893040076,0.0353255893040076,0.935423243917414,hold
2021-04-12,0,-1,0.0135561955060299,-0.0135561955060299,0.9227424635419849,hold
2021-04-13,-1,-1,0.0052844845607746,-0.0052844845607746,0.9178662452398262,hold
2021-04-15,0,-1,0.0024962821650071,-0.0024962821650071,0.915574992101972,hold
2021-04-16,-1,-1,-0.0176769785548196,0.0176769785548196,0.9317595916026877,hold
2021-04-19,0,-1,-0.004390823034999,0.004390823034999,0.935850783080578,hold
2021-04-20,-1,-1,0.0076767575754221,-0.0076767575754221,0.9286664834920995,hold
2021-04-22,-1,-1,-0.0044981330537942,0.0044981330537942,0.932843748897446,hold
2021-04-23,-1,-1,0.0100165182871698,-0.0100165182871698,0.9234999024275428,hold
2021-04-26,-1,-1,0.011601643402658,-0.011601643402658,0.912785785877189,hold
2021-04-27,1,1,0.014433855260107,0.014433855260107,0.9255044109010848,flip
2021-04-28,1,1,0.0020418099664161,0.0020418099664161,0.9273941150312247,hold
2021-04-29,0,1,-0.0177108120451774,-0.0177108120451774,0.910969212168103,hold
2021-04-30,0,1,0.0002085134632017,0.0002085134632017,0.9111591615134024,hold
2021-05-03,-1,-1,-0.0094061074234402,0.0094061074234402,0.9192740428856925,flip
2021-05-04,0,-1,0.0083709591539336,-0.0083709591539336,0.911578837421425,hold
2021-05-05,-1,-1,0.0073164109749706,-0.0073164109749706,0.904909352010764,hold
2021-05-06,0,-1,0.0066792477481554,-0.0066792477481554,0.8988652382590613,hold
2021-05-07,0,-1,0.0080414227481215,-0.0080414227481215,0.8916370828846293,hold
2021-05-10,0,-1,-0.0061302011912188,0.0061302011912188,0.8971029975922634,hold
2021-05-11,0,-1,-0.0103866808073666,0.0103866808073666,0.906420920079586,hold
2021-05-12,-1,-1,-0.0012724250884564,0.0012724250884564,0.9075742727989969,hold
2021-05-14,-1,-1,0.0167157604819725,-0.0167157604819725,0.8924034786352885,hold
2021-05-17,0,-1,0.012393443335275,-0.012393443335275,0.8813435266906197,hold
2021-05-18,0,-1,-0.0051594324081388,0.0051594324081388,0.8858907590449305,hold
2021-05-19,-1,-1,-0.0082567760609306,0.0082567760609306,0.8932053606568124,hold
2021-05-20,-1,-1,0.0180631356749747,-0.0180631356749747,0.8770712710416537,hold
2021-05-21,0,-1,0.0014761086049899,-0.0014761086049899,0.8757766185912796,hold
2021-05-24,0,-1,0.0007073438653115,-0.0007073438653115,0.8751571433727359,hold
2021-05-25,-1,-1,0.0061150215048646,-0.0061150215048646,0.8698055386208757,hold
2021-05-26,-1,-1,0.0023788211965458,-0.0023788211965458,0.8677364267687315,hold
2021-05-27,-1,-1,0.006376433707514,-0.006376433707514,0.8622033629678457,hold
2021-05-28,-1,-1,0.0095330880357249,-0.0095330880357249,0.8539839024039751,hold
2021-05-31,-1,-1,-0.0005101904286871,0.0005101904286871,0.8544195968172345,hold
2021-06-01,-1,-1,8.67158252806366e-05,-8.67158252806366e-05,0.8543455051167604,hold
2021-06-02,-1,-1,0.0073284506253876,-0.0073284506253876,0.8480844762654904,hold
2021-06-03,-1,-1,-0.0012810173052479,0.0012810173052479,0.8491708871558987,hold
2021-06-04,-1,-1,0.0051945814919991,-0.0051945814919991,0.8447597997819342,hold
2021-06-07,-1,-1,-0.0007333060957773,0.0007333060957773,0.8453792672925818,hold
2021-06-08,-1,-1,-0.0066549769442125,0.0066549769442125,0.8510052468255292,hold
2021-06-09,-1,-1,0.006549286916079,-0.006549286916079,0.8454317692969802,hold
2021-06-10,-1,-1,0.0039141306333496,-0.0039141306333496,0.842122638910368,hold
2021-06-11,-1,-1,0.0007911718082738,-0.0007911718082738,0.8414563752193529,hold
2021-06-14,-1,-1,0.0036302135450976,-0.0036302135450976,0.8384017088884228,hold
2021-06-15,-1,-1,-0.0064086327528081,0.0064086327528081,0.8437747175400154,hold
2021-06-16,-1,-1,-0.0048295020472909,0.0048295020472909,0.8478497292658271,hold
2021-06-17,-1,-1,-0.0005130696464038,0.0005130696464038,0.8482847352266251,hold
2021-06-18,-1,-1,0.0040265882096546,-0.0040265882096546,0.8448690419133316,hold
2021-06-21,0,-1,0.0016670371193598,-0.0016670371193598,0.8434606138594641,hold
2021-06-22,-1,-1,-0.0054397492312691,0.0054397492312691,0.8480488280853118,hold
2021-06-23,-1,-1,0.0065978407983298,-0.0065978407983298,0.8424535369283948,hold
2021-06-24,1,1,0.0044266891189239,0.0044266891189239,0.8457615900650506,flip
2021-06-25,0,1,-0.0028782098242977,-0.0028782098242977,0.8433273107475118,hold
2021-06-28,-1,-1,-0.0041891404314852,0.0041891404314852,0.846438463626566,flip
2021-06-29,-1,-1,-0.0017112919035373,0.0017112919035373,0.8478869669162128,hold
2021-06-30,-1,-1,-0.002639697229908,0.002639697229908,0.8501251317940567,hold
2021-07-01,-1,-1,0.0026913389867666,-0.0026913389867666,0.8478371568832292,hold
2021-07-02,-1,-1,0.007133188273225,-0.007133188273225,0.8417893748181454,hold
2021-07-05,1,1,-0.0010167521731027,-0.0010167521731027,0.8405125889545952,flip
2021-07-06,-1,-1,0.0038816171589777,-0.0038816171589777,0.836829784572495,flip
2021-07-07,0,-1,-0.0095562557277451,0.0095562557277451,0.8448267439944637,hold
2021-07-08,-1,-1,-0.0024224839292732,0.0024224839292732,0.8468733232048105,hold
2021-07-09,-1,-1,0.0001784474449868,-0.0001784474449868,0.846722200824057,hold
2021-07-12,-1,-1,0.0076309854951284,-0.0076309854951284,0.8402608759911654,hold
2021-07-13,0,-1,0.0026308921169333,-0.0026308921169333,0.8380502402763528,hold
2021-07-14,-1,-1,0.0044310723280038,-0.0044310723280038,0.8343367790471873,hold
2021-07-15,1,1,-5.0225736783704455e-05,-5.0225736783704455e-05,0.8338777054782104,flip
2021-07-16,-1,-1,-0.0107389122803617,0.0107389122803617,0.842415706157151,flip
2021-07-19,-1,-1,-0.0076369809214345,0.0076369809214345,0.8488492188329899,hold
2021-07-20,-1,-1,0.0122792331234495,-0.0122792331234495,0.8384260013882816,hold
2021-07-22,0,-1,0.0020222383267853,-0.0020222383267853,0.8367305041941009,hold
2021-07-23,-1,-1,-0.0019929055322251,0.0019929055322251,0.8383980290448909,hold
2021-07-26,-1,-1,-0.0049290812026508,0.0049290812026508,0.8425305610101955,hold
2021-07-27,-1,-1,-0.0023528988583426,0.0023528988583426,0.8445129502053151,hold
2021-07-28,-1,-1,0.0043954449546468,-0.0043954449546468,0.8408009400192012,hold
2021-07-29,0,-1,-0.0009760394990868,0.0009760394990868,0.8416215949475293,hold
2021-07-30,-1,-1,0.0077460001364197,-0.0077460001364197,0.835102393958252,hold
2021-08-02,1,1,0.0154609558824161,0.0154609558824161,0.8475963240315616,flip
2021-08-03,0,1,0.0079382424678022,0.0079382424678022,0.854324749166542,hold
2021-08-04,0,1,0.0022018725316477,0.0022018725316477,0.8562058633648386,hold
2021-08-05,0,1,-0.0034612335015614,-0.0034612335015614,0.853242334946327,hold
2021-08-06,-1,-1,0.0012347307242392,-0.0012347307242392,0.851762189252674,flip
2021-08-09,0,-1,0.0013439090538649,-0.0013439090538649,0.8506174983347975,hold
2021-08-10,-1,-1,0.0001320870680521,-0.0001320870680521,0.8505051427634086,hold
2021-08-11,-1,-1,0.0050453954843463,-0.0050453954843463,0.8462140079566968,hold
2021-08-12,-1,-1,0.0100644823408473,-0.0100644823408473,0.837697302017039,hold
2021-08-13,-1,-1,0.0020540242770237,-0.0020540242770237,0.8359766514218987,hold
2021-08-16,-1,-1,0.0031122785775283,-0.0031122785775283,0.8333748591983645,hold
2021-08-17,-1,-1,-0.0027536023181795,0.0027536023181795,0.8356696421425657,hold
2021-08-18,-1,-1,-0.0071428984006249,0.0071428984006249,0.8416387454928766,hold
2021-08-20,-1,-1,0.0027931806783987,-0.0027931806783987,0.8392878964107742,hold
2021-08-23,-1,-1,0.0077683620836017,-0.0077683620836017,0.8327680041390709,hold
2021-08-24,-1,-1,0.0006045728309951,-0.0006045728309951,0.8322645352292464,hold
2021-08-25,-1,-1,0.0001352598309651,-0.0001352598309651,0.8321519632688931,hold
2021-08-26,-1,-1,0.00410526158848,-0.00410526158848,0.8287357617783071,hold
2021-08-27,-1,-1,0.0135198365217041,-0.0135198365217041,0.8175313897593744,hold
2021-08-30,1,1,0.0118804461754233,0.0118804461754233,0.8268352617372501,flip
2021-08-31,1,1,-0.0032657347743637,-0.0032657347743637,0.8241350370703246,hold
2021-09-01,-1,-1,0.009246783727399,-0.009246783727399,0.8161023711018284,flip
2021-09-02,-1,-1,0.0051902308336972,-0.0051902308336972,0.8118666114118823,hold
2021-09-03,-1,-1,0.0031287476677577,-0.0031287476677577,0.8093264856448971,hold
2021-09-06,-1,-1,-0.0009035189246697,0.0009035189246697,0.8100577274409138,hold
2021-09-07,-1,-1,-0.0004953092983268,0.0004953092983268,0.8104589565654967,hold
2021-09-08,-1,-1,0.0009075978909154,-0.0009075978909154,0.8097233857258443,hold
2021-09-09,-1,-1,-0.0008030985074197,0.0008030985074197,0.8103736733683435,hold
2021-09-13,-1,-1,0.001423151293159,-0.001423151293159,0.8092203890271474,hold
2021-09-14,-1,-1,0.0080235453826236,-0.0080235453826236,0.8027275725112438,hold
2021-09-15,-1,-1,0.0062816347635072,-0.0062816347635072,0.7976851310861315,hold
2021-09-16,-1,-1,-0.0025156476006126,0.0025156476006126,0.7996918257721926,hold
2021-09-17,-1,-1,-0.010705054879733,0.010705054879733,0.8082525706539577,hold
2021-09-20,-1,-1,0.0094901738624639,-0.0094901738624639,0.8005821132336683,hold
2021-09-21,-1,-1,-0.0008740239935656,0.0008740239935656,0.801281841209454,hold
2021-09-22,-1,-1,0.0157465283671818,-0.0157465283671818,0.7886644339667417,hold
2021-09-23,-1,-1,0.0016972499684944,-0.0016972499684944,0.787325873281039,hold
2021-09-24,-1,-1,0.0001064453827974,-0.0001064453827974,0.7872420660770714,hold
2021-09-27,-1,-1,-0.0059646824901542,0.0059646824901542,0.7919377150441141,hold
2021-09-28,-1,-1,-0.0021015082285871,0.0021015082285871,0.7936019786688079,hold
2021-09-29,-1,-1,-0.0052593760207388,0.0052593760207388,0.7977758298854295,hold
2021-09-30,-1,-1,-0.0048869834497958,0.0048869834497958,0.8016745471627267,hold
2021-10-01,-1,-1,0.0090804675811375,-0.0090804675811375,0.7943949674265925,hold
2021-10-04,0,-1,0.0074076609199462,-0.0074076609199462,0.7885103588713847,hold
2021-10-05,0,-1,-0.0098921448702895,0.0098921448702895,0.7963104175730644,hold
2021-10-06,-1,-1,0.0081803020160375,-0.0081803020160375,0.7897963578587999,hold
2021-10-07,0,-1,0.0058936227604964,-0.0058936227604964,0.7851415960679661,hold
2021-10-08,0,-1,0.0028359561343596,-0.0028359561343596,0.7829149689422562,hold
2021-10-11,0,-1,0.0025632525445875,-0.0025632525445875,0.7809081601559194,hold
2021-10-12,-1,-1,0.0094375978492116,-0.0094375978492116,0.7735382629832,hold
2021-10-13,0,-1,0.0097347877407187,-0.0097347877407187,0.7660080321837344,hold
2021-10-14,1,1,0.0075523961327199,0.0075523961327199,0.7714102242675394,flip
2021-10-18,-1,-1,-0.0031553077349963,0.0031553077349963,0.7734585558028922,flip
2021-10-19,-1,-1,-0.00826062521208,0.00826062521208,0.7798478070494567,hold
2021-10-20,-1,-1,-0.0048449082967022,0.0048449082967022,0.7836260981599955,hold
2021-10-21,-1,-1,-0.0034766680845673,0.0034766680845673,0.7863505060057023,hold
2021-10-22,-1,-1,0.0005796333280105,-0.0005796333280105,0.7858947110449235,hold
2021-10-25,-1,-1,0.0078894808897,-0.0078894808897,0.7796944097408183,hold
2021-10-26,-1,-1,-0.0031448386638428,0.0031448386638428,0.7821464228665533,hold
2021-10-27,-1,-1,-0.0194223384240636,0.0194223384240636,0.7973375353886382,hold
2021-10-28,0,-1,-0.0103935157639054,0.0103935157639054,0.8056246756318535,hold
2021-10-29,-1,-1,0.0145996550575078,-0.0145996550575078,0.7938628332618117,hold
2021-11-01,-1,-1,-0.0022700482713416,0.0022700482713416,0.79566494021414,hold
2021-11-02,-1,-1,-0.0033400508475575,0.0033400508475575,0.798322501572074,hold
2021-11-03,-1,-1,0.0049133761659847,-0.0049133761659847,0.7944000428200804,hold
2021-11-04,-1,-1,0.0084697040421863,-0.0084697040421863,0.7876717095662942,hold
2021-11-08,1,1,-0.0013449214352717,-0.0013449214352717,0.7862185171453583,flip
2021-11-09,-1,-1,-0.0014991358050348,0.0014991358050348,0.7870040562164196,flip
2021-11-10,-1,-1,-0.007970140510272,0.007970140510272,0.7932765891266184,hold
2021-11-11,-1,-1,0.0128206066843303,-0.0128206066843303,0.7831063019855389,hold
2021-11-12,0,-1,0.0003700663573213,-0.0003700663573213,0.7828165006889678,hold
2021-11-15,-1,-1,-0.0060879819517564,0.0060879819517564,0.7875822734166993,hold
2021-11-16,-1,-1,-0.005586294529162,0.005586294529162,0.791981939961952,hold
2021-11-17,-1,-1,-0.0074781956434608,0.0074781956434608,0.7979045358550751,hold
2021-11-18,0,-1,-0.0196033721001568,0.0196033721001568,0.813546155371845,hold
2021-11-22,0,-1,0.0049836979327988,-0.0049836979327988,0.8094916870790819,hold
2021-11-23,-1,-1,-0.0050446817378146,0.0050446817378146,0.8135753150098026,hold
2021-11-24,-1,-1,0.006959452503032,-0.006959452503032,0.8079132762473527,hold
2021-11-25,-1,-1,-0.0290712541877539,0.0290712541877539,0.8314003284628004,hold
2021-11-26,1,1,0.0016151341742889,0.0016151341742889,0.8323274513815844,flip
2021-11-29,-1,-1,-0.004148599194972,0.004148599194972,0.8353642806506483,flip
2021-11-30,1,1,0.0108166411704213,0.0108166411704213,0.8439824341807082,flip
2021-12-01,-1,-1,0.0136745711024337,-0.0136745711024337,0.8320193451582086,flip
2021-12-02,-1,-1,-0.0117776858673942,0.0117776858673942,0.841818607641077,hold
2021-12-03,-1,-1,-0.0165409195759996,0.0165409195759996,0.855743061527648,hold
2021-12-06,-1,-1,0.0156365485816494,-0.0156365485816494,0.8423621935726615,hold
2021-12-07,-1,-1,0.0170609485278816,-0.0170609485278816,0.8279906955462849,hold
2021-12-08,-1,-1,0.0026960665936832,-0.0026960665936832,0.8257583774921421,hold
2021-12-09,-1,-1,-0.0003167708948091,0.0003167708948091,0.8260199537122763,hold
2021-12-10,-1,-1,-0.0081690551168631,0.0081690551168631,0.8327677562417807,hold
2021-12-13,-1,-1,-0.0024959111813221,0.0024959111813221,0.834846270596029,hold
2021-12-14,-1,-1,-0.0059740603216401,0.0059740603216401,0.8398336925758659,hold
2021-12-15,-1,-1,0.0015678167505297,-0.0015678167505297,0.8385169872449862,hold
2021-12-16,-1,-1,-0.01525945397337,0.01525945397337,0.8513122986177399,hold
2021-12-17,0,-1,-0.0218425462793778,0.0218425462793778,0.8699071268985015,hold
2021-12-20,0,-1,0.009428705444209,-0.009428705444209,0.8617050288351573,hold
2021-12-21,-1,-1,0.0110071709945933,-0.0110071709945933,0.8522200942358679,hold
2021-12-22,-1,-1,0.0069093062126275,-0.0069093062126275,0.8463318446442379,hold
2021-12-23,-1,-1,-0.0040327548791804,0.0040327548791804,0.8497448935201327,hold
2021-12-24,-1,-1,0.0048518709108285,-0.0048518709108285,0.8456220409896373,hold
2021-12-27,-1,-1,0.0086034091740434,-0.0086034091740434,0.8383468085644138,hold
2021-12-28,1,1,-0.0011402602889762,-0.0011402602889762,0.8369717015859357,flip
2021-12-29,-1,-1,-0.0005606259494814,0.0005606259494814,0.8370224437900335,flip
2021-12-30,-1,-1,0.0087248317576065,-0.0087248317576065,0.8297195637906248,hold
2021-12-31,1,1,0.0156533158122078,0.0156533158122078,0.8422925663763116,flip
2022-01-03,1,1,0.0101868742352642,0.0101868742352642,0.850872894819285,hold
2022-01-04,-1,-1,0.006739585234692,-0.006739585234692,0.8447129279733517,flip
2022-01-05,-1,-1,-0.0100054174627969,0.0100054174627969,0.8531646334539466,hold
2022-01-06,-1,-1,0.0037641836511315,-0.0037641836511315,0.8499531650889756,hold
2022-01-07,-1,-1,0.0107003189218717,-0.0107003189218717,0.8408583951538692,hold
2022-01-10,-1,-1,0.0029133112526023,-0.0029133112526023,0.8384087129294223,hold
2022-01-11,-1,-1,0.0086731157318304,-0.0086731157318304,0.8311370971316104,hold
2022-01-12,-1,-1,0.0024956237305924,-0.0024956237305924,0.8290628916686331,hold
2022-01-13,-1,-1,-0.0001123235637506,0.0001123235637506,0.8291560149671987,hold
2022-01-14,-1,-1,0.0028675682661627,-0.0028675682661627,0.8267783534909808,hold
2022-01-17,-1,-1,-0.0106536905679234,0.0106536905679234,0.8355865942373308,hold
2022-01-18,-1,-1,-0.0096422404339412,0.0096422404339412,0.8436435210823452,hold
2022-01-19,-1,-1,-0.010112406160797,0.010112406160797,0.8521747870224546,hold
2022-01-20,-1,-1,-0.0078757453046686,0.0078757453046686,0.8588862986001036,hold
2022-01-21,-1,-1,-0.0265679051873833,0.0265679051873833,0.8817051083480537,hold
2022-01-24,0,-1,0.0075134912216943,-0.0075134912216943,0.8750804247563576,hold
2022-01-25,-1,-1,-0.0097117329146276,0.0097117329146276,0.8835789721204103,hold
2022-01-27,1,1,-0.0004793161771092,-0.0004793161771092,0.8827136689392593,flip
2022-01-28,-1,-1,0.0139107178709299,-0.0139107178709299,0.8699931312953623,flip
2022-01-31,-1,-1,0.0136679386118703,-0.0136679386118703,0.8581021185840684,hold
2022-02-01,-1,-1,0.0115578385853996,-0.0115578385853996,0.8481843128076842,hold
2022-02-02,-1,-1,-0.0123622486642295,0.0123622486642295,0.8586697781957114,hold
2022-02-03,-1,-1,-0.0024998826581151,0.0024998826581151,0.8608163518832704,hold
2022-02-04,-1,-1,-0.0172811129276234,0.0172811129276234,0.87569221647011,hold
2022-02-07,-1,-1,0.0030876976246183,-0.0030876976246183,0.8729883436934185,hold
2022-02-08,-1,-1,0.0114121523303458,-0.0114121523303458,0.8630256677325729,hold
2022-02-09,-1,-1,0.008133901085124,-0.008133901085124,0.8560059023173131,hold
2022-02-10,-1,-1,-0.0131262969128136,0.0131262969128136,0.8672420899502511,hold
2022-02-11,-1,-1,-0.0306162228952934,0.0306162228952934,0.893793767080348,hold
2022-02-14,-1,-1,0.0302591263839775,-0.0302591263839775,0.8667483485210523,hold
2022-02-15,-1,-1,-0.0017432697608654,0.0017432697608654,0.8682593247073092,hold
2022-02-16,-1,-1,-0.0010160147191904,0.0010160147191904,0.8691414889612862,hold
2022-02-17,-1,-1,-0.0016353356196504,0.0016353356196504,0.8705628269967005,hold
2022-02-18,-1,-1,-0.004031556958107,0.004031556958107,0.8740725506193484,hold
2022-02-21,1,1,-0.0066515660675804,-0.0066515660675804,0.8678215630257357,flip
2022-02-22,0,1,-0.0016937094155936,-0.0016937094155936,0.8663517254733839,hold
2022-02-23,-1,-1,-0.0477810384708364,0.0477810384708364,0.9073137347347665,flip
2022-02-24,-1,-1,0.0252616601096495,-0.0252616601096495,0.8843934835550802,hold
2022-02-25,-1,-1,0.0081340342903666,-0.0081340342903666,0.8771997966336663,hold
2022-02-28,-1,-1,-0.0111916331229355,0.0111916331229355,0.887017094933104,hold
2022-03-02,1,1,-0.006497577228417,-0.006497577228417,0.8808101243083836,flip
2022-03-03,1,1,-0.0153170320073322,-0.0153170320073322,0.8673187274419698,hold
2022-03-04,1,1,-0.0235266847399477,-0.0235266847399477,0.84691359317239,hold
2022-03-07,1,1,0.0094747765094835,0.0094747765094835,0.8549379101905421,hold
2022-03-08,-1,-1,0.0207262900882942,-0.0207262900882942,0.8367907501013577,flip
2022-03-09,-1,-1,0.0152673871904744,-0.0152673871904744,0.8240151417221528,hold
2022-03-10,-1,-1,0.0021421537513466,-0.0021421537513466,0.8222499745951463,hold
2022-03-11,-1,-1,0.014482565042708,-0.014482565042708,0.8103416858567071,hold
2022-03-14,-1,-1,-0.0123464565033122,0.0123464565033122,0.8203465342339576,hold
2022-03-15,-1,-1,0.0187451004846066,-0.0187451004846066,0.8049690560175433,hold
2022-03-16,-1,-1,0.0183619883565082,-0.0183619883565082,0.7901882235835999,hold
2022-03-17,-1,-1,-0.0098022024704637,0.0098022024704637,0.7979338085409423,hold
2022-03-21,-1,-1,0.0115612232521558,-0.0115612232521558,0.7887087176399575,hold
2022-03-22,-1,-1,-0.004033935455228,0.004033935455228,0.7918903176998927,hold
2022-03-23,-1,-1,-0.0013278937068936,0.0013278937068936,0.7929418638693164,hold
2022-03-24,-1,-1,-0.0040498758909001,0.0040498758909001,0.7961531800066861,hold
2022-03-25,-1,-1,0.0040226199498629,-0.0040226199498629,0.7929505583416444,hold
2022-03-28,-1,-1,0.005998187274997,-0.005998187274997,0.7881942923928977,hold
2022-03-29,-1,-1,0.0099824655821947,-0.0099824655821947,0.7803261699970033,hold
2022-03-30,-1,-1,-0.0019144771620018,0.0019144771620018,0.781820086628375,hold
2022-03-31,-1,-1,0.0117779652585923,-0.0117779652585923,0.7726118368095963,hold
2022-04-01,-1,-1,0.0216718413399843,-0.0216718413399843,0.7558679156648649,hold
2022-04-04,-1,-1,-0.005317557796472,0.005317557796472,0.7598872869929115,hold
2022-04-05,-1,-1,-0.0083391803235717,0.0083391803235717,0.7662241241047351,hold
2022-04-06,-1,-1,-0.0094397411049521,0.0094397411049521,0.7734570814646524,hold
2022-04-07,-1,-1,0.0082087593907955,-0.0082087593907955,0.7671079583838022,hold
2022-04-08,-1,-1,-0.006151497975913,0.006151497975913,0.7718268214371069,hold
2022-04-11,-1,-1,-0.0081838106412522,0.0081838106412522,0.7781433059915878,hold
2022-04-12,-1,-1,-0.0031174816283502,0.0031174816283502,0.7805691534522402,hold
2022-04-13,-1,-1,-0.0172811880101475,0.0172811880101475,0.79405831574797,hold
2022-04-18,0,-1,-0.0125191788064678,0.0125191788064678,0.8039992737855816,hold
2022-04-19,-1,-1,0.010490244596548,-0.010490244596548,0.7955651247481238,hold
2022-04-20,-1,-1,0.014941678252146,-0.014941678252146,0.783678046625509,hold
2022-04-21,-1,-1,-0.0126864526051679,0.0126864526051679,0.7936201410217342,hold
2022-04-22,-1,-1,-0.0126951225643019,0.0126951225643019,0.8036952459815037,hold
2022-04-25,1,1,0.0145601216162072,0.0145601216162072,0.8149952988823712,flip
2022-04-26,-1,-1,-0.0094414436101153,0.0094414436101153,0.822282533389837,flip
2022-04-27,-1,-1,0.0121285088909346,-0.0121285088909346,0.8123094723727581,hold
2022-04-28,-1,-1,-0.0082632403816946,0.0082632403816946,0.8190217808073017,hold
2022-04-29,-1,-1,-0.0019559171203674,0.0019559171203674,0.8206237195303364,hold
2022-05-02,-1,-1,-0.0229361834519363,0.0229361834519363,0.8394456957064946,hold
2022-05-04,-1,-1,0.0003028482136697,-0.0003028482136697,0.8391914710770773,hold
2022-05-05,-1,-1,-0.0162684216398562,0.0162684216398562,0.8528437917651303,hold
2022-05-06,1,1,-0.0066661826871809,-0.0066661826871809,0.8467321573497133,flip
2022-05-09,1,1,-0.0037909688880922,-0.0037909688880922,0.8435222220846533,hold
2022-05-10,1,1,-0.0044919933245182,-0.0044919933245182,0.8397331258939663,hold
2022-05-11,1,1,-0.0222117521417858,-0.0222117521417858,0.8210811818363625,hold
2022-05-12,1,1,-0.0016352232651188,-0.0016352232651188,0.8197385307852725,hold
2022-05-13,-1,-1,0.0038112305721171,-0.0038112305721171,0.8162044489702087,flip
2022-05-16,-1,-1,0.0263219359020472,-0.0263219359020472,0.794720367781449,hold
2022-05-17,-1,-1,-0.0011685620062508,0.0011685620062508,0.795649047808832,hold
2022-05-18,-1,-1,-0.0265327253341793,0.0265327253341793,0.8167597854567452,hold
2022-05-19,-1,-1,0.0288910387942893,-0.0288910387942893,0.7931627468094989,hold
2022-05-20,-1,-1,-0.0031630222318707,0.0031630222318707,0.7956715382111489,hold
2022-05-23,-1,-1,-0.0055227542667355,0.0055227542667355,0.8000658365937245,hold
2022-05-24,-1,-1,-0.0061612191843656,0.0061612191843656,0.8049952175749013,hold
2022-05-25,-1,-1,0.0090073873189953,-0.0090073873189953,0.7977443138602653,hold
2022-05-26,-1,-1,0.0112738471989222,-0.0112738471989222,0.7887506663619956,hold
2022-05-27,-1,-1,0.0188932050929628,-0.0188932050929628,0.7738486382552074,hold
2022-05-30,-1,-1,-0.0046124339835348,0.0046124339835348,0.7774179640124078,hold
2022-05-31,-1,-1,-0.0037264067061659,0.0037264067061659,0.7803149395269976,hold
2022-06-01,-1,-1,0.0063700049931154,-0.0063700049931154,0.7753443294660081,hold
2022-06-02,-1,-1,-0.0026280502014673,0.0026280502014673,0.7773819732872678,hold
2022-06-03,-1,-1,-0.0008893953501298,0.0008893953501298,0.7780733731995843,hold
2022-06-06,-1,-1,-0.0092459460064759,0.0092459460064759,0.7852673975972643,hold
2022-06-07,-1,-1,-0.0036609606157923,0.0036609606157923,0.7881422306127335,hold
2022-06-08,-1,-1,0.0074497277416889,-0.0074497277416889,0.7822707855729412,hold
2022-06-09,-1,-1,-0.0167676984141,0.0167676984141,0.7953876661835894,hold
2022-06-10,0,-1,-0.0263797491152091,0.0263797491152091,0.8163697932668441,hold
2022-06-13,0,-1,-0.0026816094559853,0.0026816094559853,0.8185589782240493,hold
2022-06-14,-1,-1,-0.002539344381356,0.002539344381356,0.820637581366211,hold
2022-06-15,-1,-1,-0.0211284478542902,0.0211284478542902,0.8379763797113777,hold
2022-06-16,1,1,-0.0043682936266399,-0.0043682936266399,0.833896864642754,flip
2022-06-17,1,1,0.0037042135956451,0.0037042135956451,0.8369857967461295,hold
2022-06-20,-1,-1,0.018804337854487,-0.018804337854487,0.8208283401463353,flip
2022-06-21,-1,-1,-0.0144192650853174,0.0144192650853174,0.8326640815724464,hold
2022-06-22,1,1,0.0093004475196092,0.0093004475196092,0.8399918981237884,flip
2022-06-23,-1,-1,0.0091664725885294,-0.0091664725885294,0.831872139465988,flip
2022-06-24,-1,-1,0.008458990377725,-0.008458990377725,0.8248353410427477,hold
2022-06-27,-1,-1,0.0011464333961117,-0.0011464333961117,0.8238897222614832,hold
2022-06-28,-1,-1,-0.0032239710103227,0.0032239710103227,0.8265459188417571,hold
2022-06-29,-1,-1,-0.0011930812414028,0.0011930812414028,0.8275320552726851,hold
2022-06-30,-1,-1,-0.0017870563085186,0.0017870563085186,0.8290109016525614,hold
2022-07-01,-1,-1,0.0052881882498054,-0.0052881882498054,0.8246269359434818,hold
2022-07-04,-1,-1,-0.0015471713984448,0.0015471713984448,0.8259027751531607,hold
2022-07-05,-1,-1,0.0113181897073002,-0.0113181897073002,0.8165550508641914,hold
2022-07-06,-1,-1,0.0089494920315105,-0.0089494920315105,0.8092472979431927,hold
2022-07-07,1,1,0.0054360478665673,0.0054360478665673,0.8132417813417306,flip
2022-07-08,-1,-1,-0.0002835659276332,0.0002835659276332,0.8130657681111761,flip
2022-07-11,-1,-1,-0.0097249750439381,0.0097249750439381,0.8209728124151376,hold
2022-07-12,-1,-1,-0.0057072925015229,0.0057072925015229,0.8256583443913887,hold
2022-07-13,-1,-1,-0.0017536552323109,0.0017536552323109,0.8271062644671319,hold
2022-07-14,-1,-1,0.0069359576863876,-0.0069359576863876,0.8213694904146418,hold
2022-07-15,-1,-1,0.0142873041582765,-0.0142873041582765,0.8096343346787592,hold
2022-07-18,-1,-1,0.0038117642711243,-0.0038117642711243,0.8065481994491552,hold
2022-07-19,-1,-1,0.0110338885069691,-0.0110338885069691,0.7976488365409367,hold
2022-07-20,-1,-1,0.005108719746296,-0.005108719746296,0.7935738721790899,hold
2022-07-21,-1,-1,0.0068772959606149,-0.0068772959606149,0.7881162297935032,hold
2022-07-22,-1,-1,-0.0052901993117577,0.0052901993117577,0.7922855217299419,hold
2022-07-25,-1,-1,-0.008847958067765,0.008847958067765,0.7992956308039058,hold
2022-07-26,-1,-1,0.0095821774414373,-0.0095821774414373,0.7916366382413772,hold
2022-07-27,-1,-1,0.0172937311236929,-0.0172937311236929,0.7779462870719667,hold
2022-07-28,-1,-1,0.0135059538264792,-0.0135059538264792,0.7674393804392917,hold
2022-07-29,-1,-1,0.0105955316684394,-0.0105955316684394,0.7593079521802397,hold
2022-08-01,-1,-1,0.0003113276638058,-0.0003113276638058,0.7590715586093782,hold
2022-08-02,-1,-1,0.0024618083588656,-0.0024618083588656,0.7572028699014166,hold
2022-08-03,-1,-1,-0.0003537116074355,0.0003537116074355,0.7574707013456842,hold
2022-08-04,-1,-1,0.0008917270739845,-0.0008917270739845,0.7567952442135442,hold
2022-08-05,-1,-1,0.0073343646716481,-0.0073343646716481,0.7512446319107131,hold
2022-08-08,-1,-1,0.0005506610997998,-0.0005506610997998,0.7508309507154864,hold
2022-08-10,-1,-1,0.0070859293688247,-0.0070859293688247,0.745510615630789,hold
2022-08-11,-1,-1,0.0022170219505635,-0.0022170219505635,0.7438578022315574,hold
2022-08-12,-1,-1,0.0071815193435313,-0.0071815193435313,0.7385157730359948,hold
2022-08-16,-1,-1,0.0066759231988331,-0.0066759231988331,0.7335854984540796,hold
2022-08-17,-1,-1,0.000682669936052,-0.000682669936052,0.7330847016887613,hold
2022-08-18,-1,-1,-0.011029475746944,0.011029475746944,0.7411702416264931,hold
2022-08-19,-1,-1,-0.0150773300473388,0.0150773300473388,0.7523451099807617,hold
2022-08-22,-1,-1,0.0049626821755044,-0.0049626821755044,0.7486114603136322,hold
2022-08-23,-1,-1,0.0015616110795051,-0.0015616110795051,0.7474424203629619,hold
2022-08-24,-1,-1,-0.0046861822192667,0.0046861822192667,0.7509450717431926,hold
2022-08-25,-1,-1,0.0020802555293466,-0.0020802555293466,0.7493829141054632,hold
2022-08-26,-1,-1,-0.0140099889245538,0.0140099889245538,0.7598817604323306,hold
2022-08-29,0,-1,0.0257842637890255,-0.0257842637890255,0.7402887686728743,hold
2022-08-30,1,1,-0.0121907952721076,-0.0121907952721076,0.7308939154674062,flip
2022-09-01,-1,-1,-0.0001910505934481,0.0001910505934481,0.7306681062259702,flip
2022-09-02,-1,-1,0.0072038500710118,-0.0072038500710118,0.7254044827370483,hold
2022-09-05,1,1,-0.0005774531254664,-0.0005774531254664,0.7246228934098959,flip
2022-09-06,0,1,-0.0017671004916441,-0.0017671004916441,0.7233424119386948,hold
2022-09-07,-1,-1,0.0098925129655895,-0.0098925129655895,0.7158250665440612,flip
2022-09-08,1,1,0.0019439347917691,0.0019439347917691,0.7168586712624646,flip
2022-09-09,0,1,0.005775695663245,0.005775695663245,0.7209990287812349,hold
2022-09-12,0,1,0.0074542019299801,0.0074542019299801,0.7263735011330897,hold
2022-09-13,0,1,-0.0036690976717561,-0.0036690976717561,0.7237083658112571,hold
2022-09-14,-1,-1,-0.0070179606679163,0.0070179606679163,0.728425468474657,flip
2022-09-15,-1,-1,-0.0193848531485446,0.0193848531485446,0.742545889210698,hold
2022-09-16,0,-1,0.0052136885924867,-0.0052136885924867,0.7386744861787222,hold
2022-09-19,-1,-1,0.0110088098852303,-0.0110088098852303,0.7305425591933105,hold
2022-09-20,-1,-1,-0.0054950054374517,0.0054950054374517,0.7345568945283675,hold
2022-09-21,0,-1,-0.0049975776569025,0.0049975776569025,0.738227899652186,hold
2022-09-22,-1,-1,-0.0171556772324205,0.0171556772324205,0.7508926992225866,hold
2022-09-23,0,-1,-0.0179513217622564,0.0179513217622564,0.7643722156752605,hold
2022-09-26,0,-1,-0.0005230508522044,0.0005230508522044,0.7647720212140708,hold
2022-09-27,-1,-1,-0.0087491784653945,0.0087491784653945,0.7714631481130133,hold
2022-09-28,1,1,-0.0024023347691036,-0.0024023347691036,0.7692241037951628,flip
2022-09-29,-1,-1,0.016425755966269,-0.016425755966269,0.7562044043309539,flip
2022-09-30,-1,-1,-0.0121092644487904,0.0121092644487904,0.7653614834403374,hold
2022-10-03,-1,-1,0.0229136709327191,-0.0229136709327191,0.7478242422642077,hold
2022-10-04,-1,-1,0.0033286441360573,-0.0033286441360573,0.7453350014853936,hold
2022-10-06,-1,-1,-0.0009895331040011,0.0009895331040011,0.746072535142934,hold
2022-10-07,-1,-1,-0.0042536458411471,0.0042536458411471,0.7492460634792388,hold
2022-10-10,-1,-1,-0.0149323831999303,0.0149323831999303,0.7604340928101502,hold
2022-10-11,-1,-1,0.0082461453396196,-0.0082461453396196,0.7541634427596359,hold
2022-10-12,-1,-1,-0.0063800837728176,0.0063800837728176,0.7589750687028389,hold
2022-10-13,-1,-1,0.0100708880038873,-0.0100708880038873,0.7513315157881899,hold
2022-10-14,-1,-1,0.0073375869608156,-0.0073375869608156,0.7458185554546927,hold
2022-10-17,-1,-1,0.010117285874136,-0.010117285874136,0.7382728959189224,hold
2022-10-18,-1,-1,0.0014468379208691,-0.0014468379208691,0.7372047346971571,hold
2022-10-19,-1,-1,0.002952174549244,-0.002952174549244,0.735028377641802,hold
2022-10-20,-1,-1,0.0007032337856462,-0.0007032337856462,0.7345114808532356,hold
2022-10-21,-1,-1,0.0087873563767617,-0.0087873563767617,0.7280570667081553,hold
2022-10-24,1,1,-0.004196122026705,-0.004196122026705,0.7246380218804889,flip
2022-10-25,-1,-1,0.0045649078749665,-0.0045649078749665,0.7209677970569662,flip
2022-10-27,-1,-1,0.0028106052447454,-0.0028106052447454,0.7189414411852654,hold
2022-10-28,-1,-1,0.0126722303955641,-0.0126722303955641,0.7098308496016468,hold
2022-10-31,-1,-1,0.0073950532223929,-0.0073950532223929,0.7045816126899462,hold
2022-11-01,-1,-1,-0.0034471976315451,0.0034471976315451,0.7070104447564413,hold
2022-11-02,-1,-1,-0.0016673473084335,0.0016673473084335,0.7081892767185403,hold
2022-11-03,-1,-1,0.0035701681556883,-0.0035701681556883,0.7056609219145997,hold
2022-11-04,-1,-1,0.0047275862251119,-0.0047275862251119,0.7023248490605565,hold
2022-11-07,-1,-1,-0.0025161392359563,0.0025161392359563,0.7040919961696648,hold
2022-11-09,-1,-1,-0.0070937259046097,0.0070937259046097,0.709086631802122,hold
2022-11-10,-1,-1,0.0178331732470333,-0.0178331732470333,0.6964413670500395,hold
2022-11-11,-1,-1,-0.0011198455015547,0.0011198455015547,0.697221273782027,hold
2022-11-14,-1,-1,0.0040509242609507,-0.0040509242609507,0.6943968832088125,hold
2022-11-15,-1,-1,0.0003396111515991,-0.0003396111515991,0.6941610582836392,hold
2022-11-16,-1,-1,-0.0035714963948192,0.0035714963948192,0.6966402520007231,hold
2022-11-17,-1,-1,-0.0019761337135545,0.0019761337135545,0.6980169062889208,hold
2022-11-18,-1,-1,-0.0080677295405768,0.0080677295405768,0.7036483179036099,hold
2022-11-21,-1,-1,0.0046393301536886,-0.0046393301536886,0.7003838610447675,hold
2022-11-22,-1,-1,0.0012634580983039,-0.0012634580983039,0.6994989553836092,hold
2022-11-23,-1,-1,0.0118709498898301,-0.0118709498898301,0.6911952383362618,hold
2022-11-24,0,-1,0.0015500019600884,-0.0015500019600884,0.6901238843620369,hold
2022-11-25,-1,-1,0.0027008413120686,-0.0027008413120686,0.6882599692647067,hold
2022-11-28,0,-1,0.0029791265437502,-0.0029791265437502,0.6862095557212695,hold
2022-11-29,0,-1,0.0075356346254191,-0.0075356346254191,0.6810385312328829,hold
2022-11-30,0,-1,0.0028867353340049,-0.0028867353340049,0.6790725532409542,hold
2022-12-01,-1,-1,-0.006187396179402,0.006187396179402,0.6832742441624139,hold
2022-12-02,-1,-1,0.0002648237856262,-0.0002648237856262,0.683093296890454,hold
2022-12-05,-1,-1,-0.0031175136590962,0.0031175136590962,0.685222849573947,hold
2022-12-06,-1,-1,-0.0044119027503989,0.0044119027503989,0.6882459861486184,hold
2022-12-07,-1,-1,0.0026319123609277,-0.0026319123609277,0.686434583030315,hold
2022-12-08,-1,-1,-0.0060587824059793,0.0060587824059793,0.6905935408048348,hold
2022-12-09,0,-1,2.977743269738653e-05,-2.977743269738653e-05,0.6905729767021522,hold
2022-12-12,-1,-1,0.0059927938646799,-0.0059927938646799,0.6864345152042578,hold
2022-12-13,-1,-1,0.0028106610731943,-0.0028106610731943,0.6845051804330762,hold
2022-12-14,-1,-1,-0.0131509343553336,0.0131509343553336,0.6935070631268373,hold
2022-12-15,0,-1,-0.0079229530179417,0.0079229530179417,0.699001687005602,hold
2022-12-16,0,-1,0.0082899566889265,-0.0082899566889265,0.6932069932948389,hold
2022-12-19,0,-1,-0.0019081205394395,0.0019081205394395,0.694529715796828,hold
2022-12-20,-1,-1,-0.0101277196435586,0.0101277196435586,0.7015637180425386,hold
2022-12-21,1,1,-0.0039425027358517,-0.0039425027358517,0.6984470193057604,flip
2022-12-22,-1,-1,-0.0176831602541178,0.0176831602541178,0.7104485463675022,flip
2022-12-23,-1,-1,0.0116696328935068,-0.0116696328935068,0.702157872641668,hold
2022-12-26,-1,-1,0.0065336546149905,-0.0065336546149905,0.6975702156166308,hold
2022-12-27,-1,-1,-0.0005405150382313,0.0005405150382313,0.6979472628083939,hold
2022-12-28,-1,-1,0.0037798317009243,-0.0037798317009243,0.6953091396188574,hold
2022-12-29,-1,-1,-0.0047110779368918,0.0047110779368918,0.698584795165835,hold
2022-12-30,-1,-1,0.0050895833553579,-0.0050895833553579,0.695029289620053,hold
2023-01-02,-1,-1,0.0019289276248581,-0.0019289276248581,0.6936886284232193,hold
2023-01-03,-1,-1,-0.0103990694870288,0.0103990694870288,0.7009023446725541,hold
2023-01-04,-1,-1,-0.0028154392892826,0.0028154392892826,0.7028756926716955,hold
2023-01-05,-1,-1,-0.0073755037054461,0.0073755037054461,0.7080597549474636,hold
2023-01-06,-1,-1,0.0135362517084902,-0.0135362517084902,0.6984752798798429,hold
2023-01-09,-1,-1,-0.0103335047509585,0.0103335047509585,0.7056929775029084,hold
2023-01-10,0,-1,-0.0010299775022909,0.0010299775022909,0.706419825393261,hold
2023-01-11,-1,-1,-0.0020954755408891,0.0020954755408891,0.7079001108589716,hold
2023-01-12,-1,-1,0.0055100959183882,-0.0055100959183882,0.703999513347501,hold
2023-01-13,1,1,-0.0034388470725693,-0.0034388470725693,0.7012265669252621,flip
2023-01-16,-1,-1,0.0088545685118242,-0.0088545685118242,0.6946668949626484,flip
2023-01-17,1,1,0.00620655632356,0.00620655632356,0.6986310507248654,flip
2023-01-18,1,1,-0.003165367099256,-0.003165367099256,0.6964196269823824,hold
2023-01-19,-1,-1,-0.0044289753051891,0.0044289753051891,0.6991558424988452,flip
2023-01-20,-1,-1,0.0050422760956287,-0.0050422760956287,0.6956305057070942,hold
2023-01-23,0,-1,-1.3798013043020418e-05,1.3798013043020418e-05,0.695640104025885,hold
2023-01-24,-1,-1,-0.0124929796250122,0.0124929796250122,0.7043307216718218,hold
2023-01-25,0,-1,-0.0160742469061787,0.0160742469061787,0.7156523075955817,hold
2023-01-27,0,-1,0.0025334426073457,-0.0025334426073457,0.7138392435474739,hold
2023-01-30,-1,-1,0.0007479862801675,-0.0007479862801675,0.7133053015870552,hold
2023-01-31,-1,-1,-0.0025959245256645,0.0025959245256645,0.7151569883137316,hold
2023-02-01,-1,-1,-0.0003349392530399,0.0003349392530399,0.7153965224612037,hold
2023-02-02,-1,-1,0.0138355963078902,-0.0138355963078902,0.705498584976362,hold
2023-02-03,1,1,-0.0050101331608701,-0.0050101331608701,0.7016111938283368,flip
2023-02-06,-1,-1,-0.0024261514654264,0.0024261514654264,0.7029626032574889,flip
2023-02-07,-1,-1,0.0084755364246817,-0.0084755364246817,0.697004618108391,hold
2023-02-08,1,1,0.0012170079483646,0.0012170079483646,0.6975043759596216,flip
2023-02-09,-1,-1,-0.0020649578680046,0.0020649578680046,0.6985959409207472,flip
2023-02-10,-1,-1,-0.0047937507000251,0.0047937507000251,0.7019448357015707,hold
2023-02-13,-1,-1,0.0089443537049958,-0.0089443537049958,0.6956663928096607,hold
2023-02-14,1,1,0.0047964707944361,0.0047964707944361,0.6986553031490381,flip
2023-02-15,0,1,0.0011101336008929,0.0011101336008929,0.699430903876506,hold
2023-02-16,-1,-1,-0.0050815676893513,0.0050815676893513,0.7026353939066403,flip
2023-02-17,-1,-1,-0.0055505184801407,0.0055505184801407,0.7065353846453201,hold
2023-02-20,-1,-1,-0.001003126492992,0.001003126492992,0.707244129007894,hold
2023-02-21,-1,-1,-0.0152803631315826,0.0152803631315826,0.7180510761218144,hold
2023-02-22,0,-1,-0.0024524349779846,0.0024524349779846,0.7198120496968751,hold
2023-02-23,-1,-1,-0.002595429723749,0.002595429723749,0.721680271286171,hold
2023-02-24,-1,-1,-0.0041854114458053,0.0041854114458053,0.724700800153824,hold
2023-02-27,-1,-1,-0.0051027157362857,0.0051027157362857,0.7283987423308678,hold
2023-02-28,-1,-1,0.008492348770636,-0.008492348770636,0.7222129261669015,hold
2023-03-01,-1,-1,-0.0073921687198044,0.0073921687198044,0.7275516459687509,hold
2023-03-02,-1,-1,0.0157285986298278,-0.0157285986298278,0.7161082781468379,hold
2023-03-03,1,1,0.0066555236183669,0.0066555236183669,0.7205162995662788,flip
2023-03-06,-1,-1,0.0024250512391459,-0.0024250512391459,0.7184087524714077,flip
2023-03-08,-1,-1,-0.0092822498999752,0.0092822498999752,0.7250772020421767,hold
2023-03-09,-1,-1,-0.010045664635585,0.010045664635585,0.7323610844488008,hold
2023-03-10,-1,-1,-0.0148510359316261,0.0148510359316261,0.7432374052288745,hold
2023-03-13,-1,-1,-0.0064706805258611,0.0064706805258611,0.7480466570329806,hold
2023-03-14,-1,-1,-0.0041746837386849,0.0041746837386849,0.7511695152478738,hold
2023-03-15,-1,-1,0.0007924286811309,-0.0007924286811309,0.7505742669796002,hold
2023-03-16,-1,-1,0.0067381296219788,-0.0067381296219788,0.7455168002777699,hold
2023-03-17,-1,-1,-0.0065292432199922,0.0065292432199922,0.7503844607913738,hold
2023-03-20,1,1,0.007010642946744,0.007010642946744,0.7552699460883715,flip
2023-03-21,-1,-1,0.0025953757489405,-0.0025953757489405,0.752932101813346,flip
2023-03-22,-1,-1,-0.0043726933046436,0.0043726933046436,0.7562244429737964,hold
2023-03-23,-1,-1,-0.0077209333285906,0.0077209333285906,0.7620632014794476,hold
2023-03-24,-1,-1,0.0023988383407489,-0.0023988383407489,0.7602351350536648,hold
2023-03-27,-1,-1,-0.0020016838613549,0.0020016838613549,0.7617568854543366,hold
2023-03-28,-1,-1,0.0076098565893214,-0.0076098565893214,0.7559600248001009,hold
2023-03-29,-1,-1,0.0163371989446239,-0.0163371989446239,0.7436097554807588,hold
2023-03-31,-1,-1,0.0022062979737611,-0.0022062979737611,0.7419691307839725,hold
2023-04-03,-1,-1,0.0091389548173612,-0.0091389548173612,0.7351883084218611,hold
2023-04-05,-1,-1,0.0023978747854371,-0.0023978747854371,0.7334254189145482,hold
2023-04-06,-1,-1,0.001414863221935,-0.001414863221935,0.7323877222632937,hold
2023-04-10,-1,-1,0.0055747683219642,-0.0055747683219642,0.7283048303898247,hold
2023-04-11,-1,-1,0.0050839679614469,-0.0050839679614469,0.7246021519659558,hold
2023-04-12,-1,-1,0.0008757724412713,-0.0008757724412713,0.7239675653703781,hold
2023-04-13,-1,-1,-0.0067955121508301,0.0067955121508301,0.7288872957576593,hold
2023-04-17,-1,-1,-0.0026373533282438,0.0026373533282438,0.7308096290930404,hold
2023-04-18,-1,-1,-0.0023442830162407,0.0023442830162407,0.7325228536946284,hold
2023-04-19,-1,-1,0.0003234746363958,-0.0003234746363958,0.732285901130878,hold
2023-04-20,-1,-1,-2.260708945023282e-05,2.260708945023282e-05,0.732302455983748,hold
2023-04-21,-1,-1,0.0067719737565652,-0.0067719737565652,0.7273433229699577,hold
2023-04-24,-1,-1,0.0014568576938982,-0.0014568576938982,0.7262836872537834,hold
2023-04-25,-1,-1,0.0024958627615121,-0.0024958627615121,0.724470982844473,hold
2023-04-26,-1,-1,0.0056951528101938,-0.0056951528101938,0.7203450098906223,hold
2023-04-27,-1,-1,0.0083700136036979,-0.0083700136036979,0.7143157123584819,hold
2023-04-28,1,1,0.0045751669319125,0.0045751669319125,0.7172266681284307,flip
2023-05-02,-1,-1,-0.0031850283648763,0.0031850283648763,0.7191524420764013,flip
2023-05-03,-1,-1,0.0091737176073036,-0.0091737176073036,0.7125551406561896,hold
2023-05-04,0,-1,-0.0102324068655403,0.0102324068655403,0.7198462947695161,hold
2023-05-05,-1,-1,0.0108141231183243,-0.0108141231183243,0.712061788311609,hold
2023-05-08,-1,-1,8.480038171931881e-05,-8.480038171931881e-05,0.7120014052001524,hold
2023-05-09,-1,-1,0.0026908205008338,-0.0026908205008338,0.7100855372224174,hold
2023-05-10,-1,-1,-0.0009882342854272,0.0009882342854272,0.7107872680958867,hold
2023-05-11,-1,-1,0.0009728797753729,-0.0009728797753729,0.7100957575381637,hold
2023-05-12,-1,-1,0.0045891205221868,-0.0045891205221868,0.7068370425245275,hold
2023-05-15,-1,-1,-0.0061063388070606,0.0061063388070606,0.711153228987563,hold
2023-05-16,-1,-1,-0.0057282694884204,0.0057282694884204,0.715226906330764,hold
2023-05-17,-1,-1,-0.0028490536527011,0.0028490536527011,0.7172646261607557,hold
2023-05-18,-1,-1,0.0040513721791914,-0.0040513721791914,0.7143587202092099,hold
2023-05-19,-1,-1,0.0060977618257063,-0.0060977618257063,0.7100027308752578,hold
2023-05-22,-1,-1,0.0018346005688616,-0.0018346005688616,0.7087001594613007,hold
2023-05-23,-1,-1,-0.0034117947119577,0.0034117947119577,0.7111180989177143,hold
2023-05-24,-1,-1,0.0019551116867164,-0.0019551116867164,0.7097277836118847,hold
2023-05-25,-1,-1,0.0097264208278746,-0.0097264208278746,0.7028246725152408,hold
2023-05-26,0,-1,0.0053677985089635,-0.0053677985089635,0.6990520512860507,hold
2023-05-29,0,-1,0.0018925684396833,-0.0018925684396833,0.6977290474360909,hold
2023-05-30,0,-1,-0.0053370195013254,0.0053370195013254,0.7014528409688985,hold
2023-05-31,0,-1,-0.0025169624936233,0.0025169624936233,0.7032183714606627,hold
2023-06-01,-1,-1,0.0025070443604549,-0.0025070443604549,0.701455371808324,hold
2023-06-02,-1,-1,0.0032237875731377,-0.0032237875731377,0.6991940286975776,hold
2023-06-05,-1,-1,0.0002769943144211,-0.0002769943144211,0.6990003559269512,hold
2023-06-06,-1,-1,0.0068498516385289,-0.0068498516385289,0.6942123071935726,hold
2023-06-07,0,-1,-0.0049048192636628,0.0049048192636628,0.6976172930909674,hold
2023-06-08,-1,-1,-0.0038181972541345,0.0038181972541345,0.7002809335238841,hold
2023-06-09,-1,-1,0.0020524046550352,-0.0020524046550352,0.6988436736760872,hold
2023-06-12,-1,-1,0.0061635024393194,-0.0061635024393194,0.6945363489886818,hold
2023-06-13,0,-1,0.0021238341844009,-0.0021238341844009,0.6930612689483906,hold
2023-06-14,-1,-1,-0.0036149041015322,0.0036149041015322,0.6955666189721251,hold
2023-06-15,-1,-1,0.007379048352023,-0.007379048352023,0.6904339992586767,hold
2023-06-16,0,-1,-0.0037475183921172,0.0037475183921172,0.6930214133694416,hold
2023-06-19,-1,-1,0.0032657175674986,-0.0032657175674986,0.6907582011651483,hold
2023-06-20,-1,-1,0.002133763746672,-0.002133763746672,0.6892842863577858,hold
2023-06-21,-1,-1,-0.0045394438174043,0.0045394438174043,0.6924132536499266,hold
2023-06-22,-1,-1,-0.0056336152360657,0.0056336152360657,0.6963140435053425,hold
2023-06-23,-1,-1,0.0013768299134766,-0.0013768299134766,0.6953553375010705,hold
2023-06-26,-1,-1,0.0067519034171119,-0.0067519034171119,0.6906603654216901,hold
2023-06-27,0,-1,0.0082210728123248,-0.0082210728123248,0.6849823962689715,hold
2023-06-28,0,-1,0.0114352747635688,-0.0114352747635688,0.6771494343594281,hold
2023-06-30,0,-1,0.0069570924336936,-0.0069570924336936,0.6724384431531663,hold
2023-07-03,0,-1,0.0034389465191355,-0.0034389465191355,0.6701259633097518,hold
2023-07-04,-1,-1,0.0004899685388621,-0.0004899685388621,0.6697976226706555,hold
2023-07-05,-1,-1,0.0050932175812563,-0.0050932175812563,0.6663861976429857,hold
2023-07-06,-1,-1,-0.0084883544577184,0.0084883544577184,0.6720427198943105,hold
2023-07-07,-1,-1,0.0012466303397029,-0.0012466303397029,0.6712049310501138,hold
2023-07-10,-1,-1,0.0043139300324381,-0.0043139300324381,0.6683093999401362,hold
2023-07-11,-1,-1,-0.0028344294714754,0.0028344294714754,0.6702036757993906,hold
2023-07-12,-1,-1,0.0015192303855748,-0.0015192303855748,0.6691854820105922,hold
2023-07-13,-1,-1,0.0077651149314275,-0.0077651149314275,0.6639891798323373,hold
2023-07-14,-1,-1,0.0075110132510414,-0.0075110132510414,0.6590019483040684,hold
2023-07-17,-1,-1,0.0019177068530324,-0.0019177068530324,0.6577381757516441,hold
2023-07-18,-1,-1,0.0042482823714824,-0.0042482823714824,0.6549439182545473,hold
2023-07-19,-1,-1,0.0073614124394989,-0.0073614124394989,0.6501226059475341,hold
2023-07-20,-1,-1,-0.011719737128305,0.011719737128305,0.6577418719904079,hold
2023-07-21,-1,-1,-0.0036794322929856,0.0036794322929856,0.6601619886746583,hold
2023-07-24,-1,-1,0.0004193703428323,-0.0004193703428323,0.6598851363151429,hold
2023-07-25,-1,-1,0.0049643391875346,-0.0049643391875346,0.656609242673662,hold
2023-07-26,-1,-1,-0.0059863783008722,0.0059863783008722,0.6605399539961558,hold
2023-07-27,-1,-1,-0.0007044597937843,0.0007044597937843,0.6610052778359342,hold
2023-07-28,-1,-1,0.0054845628365591,-0.0054845628365591,0.6573799528543458,hold
2023-07-31,0,-1,-0.0010251191770254,0.0010251191770254,0.6580538456506089,hold
2023-08-01,-1,-1,-0.0104897492749598,0.0104897492749598,0.6649566655009068,hold
2023-08-02,0,-1,-0.0074206854169113,0.0074206854169113,0.6698910997314673,hold
2023-08-03,0,-1,0.0069833892701145,-0.0069833892701145,0.6652129894134574,hold
2023-08-04,0,-1,0.0041144018676027,-0.0041144018676027,0.6624760358474611,hold
2023-08-07,1,1,-0.0013497354646058,-0.0013497354646058,0.6612506304295026,flip
2023-08-08,-1,-1,0.0031527078847637,-0.0031527078847637,0.6588352750379278,flip
2023-08-09,1,1,-0.0045562684580157,-0.0045562684580157,0.6555040270177255,flip
2023-08-10,1,1,-0.0058741361615907,-0.0058741361615907,0.6516535071085523,hold
2023-08-11,-1,-1,0.0003216956578122,-0.0003216956578122,0.6511180462513632,flip
2023-08-14,-1,-1,0.0015667570139761,-0.0015667570139761,0.6500979024854724,hold
2023-08-16,-1,-1,-0.0051245825841254,0.0051245825841254,0.6534293828745258,hold
2023-08-17,-1,-1,-0.0028452826260957,0.0028452826260957,0.6552885741449991,hold
2023-08-18,-1,-1,0.0043215209131937,-0.0043215209131937,0.6524567308676545,hold
2023-08-21,-1,-1,0.0001469355577301,-0.0001469355577301,0.6523608617740098,hold
2023-08-22,-1,-1,0.0024515199000461,-0.0024515199000461,0.6507615861393595,hold
2023-08-23,-1,-1,-0.0029469646806212,0.0029469646806212,0.6526793575492174,hold
2023-08-24,-1,-1,-0.0062361537740819,0.0062361537740819,0.6567495663880633,hold
2023-08-25,-1,-1,0.0020891942389009,-0.0020891942389009,0.6553774889775646,hold
2023-08-28,-1,-1,0.001895758474361,-0.001895758474361,0.65413505154893,hold
2023-08-29,-1,-1,0.0002480956863764,-0.0002480956863764,0.6539727634643331,hold
2023-08-30,1,1,-0.0048403506033882,-0.0048403506033882,0.650480319622367,flip
2023-08-31,-1,-1,0.0094267101889176,-0.0094267101889176,0.6440231900058813,flip
2023-09-01,0,-1,0.0048108337016425,-0.0048108337016425,0.6409249015387617,hold
2023-09-04,1,1,0.0023605960187407,0.0023605960187407,0.6421174038588765,flip
2023-09-05,-1,-1,0.0018467726478093,-0.0018467726478093,0.6406105002988182,flip
2023-09-06,0,-1,0.0059150323607803,-0.0059150323607803,0.636821268458895,hold
2023-09-07,0,-1,0.004709190366575,-0.004709190366575,0.6338223558762383,hold
2023-09-08,0,-1,0.0089001434200508,-0.0089001434200508,0.6281812460061053,hold
2023-09-11,0,-1,-0.0001575482868895,0.0001575482868895,0.6282802148852695,hold
2023-09-12,-1,-1,0.0038413452699443,-0.0038413452699443,0.6258667736536204,hold
2023-09-13,-1,-1,0.0016492082399102,-0.0016492082399102,0.6248345890134248,hold
2023-09-14,-1,-1,0.0044396138771742,-0.0044396138771742,0.6220605647011024,hold
2023-09-15,-1,-1,-0.0029243168460981,0.0029243168460981,0.6238796668897512,hold
2023-09-18,-1,-1,-0.011518249945432,0.011518249945432,0.6310656688288602,hold
2023-09-20,-1,-1,-0.0079919391664983,0.0079919391664983,0.6361091072642059,hold
2023-09-21,-1,-1,-0.0034494176591149,0.0034494176591149,0.6383033132519268,hold
2023-09-22,-1,-1,1.5288066889551644e-05,-1.5288066889551644e-05,0.638293554828178,hold
2023-09-25,-1,-1,-0.0005007261720755,0.0005007261720755,0.6386131651165475,hold
2023-09-26,-1,-1,0.0026316191986632,-0.0026316191986632,0.6369325784507077,hold
2023-09-27,-1,-1,-0.0097836296667737,0.0097836296667737,0.6431640909209727,hold
2023-09-28,-1,-1,0.0058775169171687,-0.0058775169171687,0.6393838830960693,hold
2023-09-29,-1,-1,-0.0055784246544688,0.0055784246544688,0.6429506379132024,hold
2023-10-03,-1,-1,-0.0047443072713306,0.0047443072713306,0.6460009932997607,hold
2023-10-04,-1,-1,0.0056415841052857,-0.0056415841052857,0.642356524363962,hold
2023-10-05,-1,-1,0.0055127073660514,-0.0055127073660514,0.6388154008204696,hold
2023-10-06,-1,-1,-0.0071819467588469,0.0071819467588469,0.6434033390178937,hold
2023-10-09,-1,-1,0.0090968029762401,-0.0090968029762401,0.637550425608593,hold
2023-10-10,-1,-1,0.0061706921287072,-0.0061706921287072,0.6336162982156361,hold
2023-10-11,-1,-1,-0.0008757409120068,0.0008757409120068,0.6341711819304979,hold
2023-10-12,-1,-1,-0.002169809980297,0.002169809980297,0.6355472128902674,hold
2023-10-13,-1,-1,-0.0009772027556287,0.0009772027556287,0.6361682713780359,hold
2023-10-16,-1,-1,0.0040417094276989,-0.0040417094276989,0.6335970640780044,hold
2023-10-17,0,-1,-0.0070868127413371,0.0070868127413371,0.6380872478245861,hold
2023-10-18,0,-1,-0.0023588102112444,0.0023588102112444,0.6395923745404196,hold
2023-10-19,-1,-1,-0.0041808960845935,0.0041808960845935,0.6422664437948715,hold
2023-10-20,-1,-1,-0.0133503074255556,0.0133503074255556,0.6508408982686514,hold
2023-10-23,0,-1,-0.008277236732921,0.008277236732921,0.6562280624590879,hold
2023-10-25,0,-1,-0.0138530649123475,0.0138530649123475,0.6653188324056376,hold
2023-10-26,0,-1,0.0100757003274603,-0.0100757003274603,0.6586152792281026,hold
2023-10-27,-1,-1,0.0049167407696648,-0.0049167407696648,0.6553770386331976,hold
2023-10-30,-1,-1,-0.0032026069828995,0.0032026069828995,0.6574759537135563,hold
2023-10-31,-1,-1,-0.0047406245729368,0.0047406245729368,0.6605928003758459,hold
2023-11-01,-1,-1,0.0075885232572669,-0.0075885232572669,0.6555798765466108,hold
2023-11-02,-1,-1,0.0050879808383312,-0.0050879808383312,0.652244298696746,hold
2023-11-03,-1,-1,0.0094199033989916,-0.0094199033989916,0.6461002204104797,hold
2023-11-06,-1,-1,-0.0002601919584787,0.0002601919584787,0.6462683304922017,hold
2023-11-07,-1,-1,0.0018962926582819,-0.0018962926582819,0.6450428166018092,hold
2023-11-08,-1,-1,-0.002478937369815,0.002478937369815,0.6466418373450141,hold
2023-11-09,-1,-1,0.0015492839458333,-0.0015492839458333,0.6456400055277114,hold
2023-11-10,-1,-1,0.0009369804014345,-0.0009369804014345,0.6450350534961499,hold
2023-11-13,-1,-1,0.0119267535086042,-0.0119267535086042,0.637341879408692,hold
2023-11-15,-1,-1,0.0045615222809993,-0.0045615222809993,0.6344346302251553,hold
2023-11-16,-1,-1,-0.0016897597201204,0.0016897597201204,0.6355066723083593,hold
2023-11-17,-1,-1,-0.0019157289123818,0.0019157289123818,0.6367241308145121,hold
2023-11-20,-1,-1,0.004539473475424,-0.004539473475424,0.6338337385115171,hold
2023-11-21,-1,-1,0.0014380348265852,-0.0014380348265852,0.6329222635212729,hold
2023-11-22,-1,-1,-0.0004971574875239,0.0004971574875239,0.6332369255636031,hold
2023-11-23,-1,-1,-0.0003686890844358,0.0003686890844358,0.6334703931059201,hold
2023-11-24,-1,-1,0.0047992646389904,-0.0047992646389904,0.6304302010484395,hold
2023-11-28,-1,-1,0.0104023891135545,-0.0104023891135545,0.6238722207881973,hold
2023-11-29,-1,-1,0.0018187545137213,-0.0018187545137213,0.6227375503706534,hold
2023-11-30,-1,-1,0.0066929416105065,-0.0066929416105065,0.6185696043073527,hold
2023-12-01,-1,-1,0.0206681690037693,-0.0206681690037693,0.6057849031849336,hold
2023-12-04,-1,-1,0.0081355657602475,-0.0081355657602475,0.6008565002685073,hold
2023-12-05,-1,-1,0.0039606432442005,-0.0039606432442005,0.5984767220299849,hold
2023-12-06,-1,-1,-0.001745599062397,0.001745599062397,0.5995214224348269,hold
2023-12-07,-1,-1,0.0032653705047074,-0.0032653705047074,0.597563762865068,hold
2023-12-08,-1,-1,0.0013209351833629,-0.0013209351833629,0.5967744198663968,hold
2023-12-11,-1,-1,-0.0043196070141755,0.0043196070141755,0.5993522508363323,hold
2023-12-12,-1,-1,0.0009542158562574,-0.0009542158562574,0.5987803394151007,hold
2023-12-13,-1,-1,0.0122500872899569,-0.0122500872899569,0.5914452279897556,hold
2023-12-14,-1,-1,0.0129327792008919,-0.0129327792008919,0.5837961974467429,hold
2023-12-15,-1,-1,-0.0017710126840955,0.0017710126840955,0.5848301079173478,hold
2023-12-18,-1,-1,0.0016083748565725,-0.0016083748565725,0.583889481876407,hold
2023-12-19,-1,-1,-0.0141214660942333,0.0141214660942333,0.592134857397504,hold
2023-12-20,-1,-1,0.0049597940765233,-0.0049597940765233,0.589197990439281,hold
2023-12-21,-1,-1,0.0044389265566107,-0.0044389265566107,0.5865825838324185,hold
2023-12-22,-1,-1,0.0043068759341071,-0.0043068759341071,0.5840562454187442,hold
2023-12-26,-1,-1,0.0099527499207277,-0.0099527499207277,0.5782432796684523,hold
2023-12-27,-1,-1,0.0057238813077962,-0.0057238813077962,0.5749334837685993,hold
2023-12-28,-1,-1,-0.0021717930740454,0.0021717930740454,0.5761821203266848,hold
2023-12-29,-1,-1,0.0004831718072126,-0.0004831718072126,0.575903725370323,hold
2024-01-01,-1,-1,-0.003500136051024,0.003500136051024,0.5779194667614107,hold
2024-01-02,-1,-1,-0.0068518663756694,0.0068518663756694,0.581879293723558,hold
2024-01-03,-1,-1,0.0065644701863494,-0.0065644701863494,0.5780595644478556,hold
2024-01-04,-1,-1,0.0024101822286055,-0.0024101822286055,0.576666335558548,hold
2024-01-05,-1,-1,-0.009110708685643,0.009110708685643,0.5819201745506392,hold
2024-01-08,-1,-1,0.0014804820050666,-0.0014804820050666,0.5810586522038318,hold
2024-01-09,-1,-1,0.0034277152411805,-0.0034277152411805,0.5790669486056529,hold
2024-01-10,-1,-1,0.0013183031833516,-0.0013183031833516,0.5783035628039324,hold
2024-01-11,-1,-1,0.0114264926377058,-0.0114264926377058,0.5716955814011943,hold
2024-01-12,0,-1,0.0092670746948486,-0.0092670746948486,0.5663976357456345,hold
2024-01-15,1,1,-0.0029482333845447,-0.0029482333845447,0.5644445645091293,flip
2024-01-16,-1,-1,-0.0208943935120824,0.0208943935120824,0.5759560690734845,flip
2024-01-17,-1,-1,-0.0050852715087356,0.0050852715087356,0.5788849620618272,hold
2024-01-18,-1,-1,0.0074619571864553,-0.0074619571864553,0.5745653472590391,hold
2024-01-19,0,-1,-0.0177408429427344,0.0177408429427344,0.5847586208450993,hold
2024-01-23,0,-1,0.0101299710711508,-0.0101299710711508,0.5788350329323324,hold
2024-01-24,-1,-1,-0.0047240537554001,0.0047240537554001,0.5815694807434135,hold
2024-01-25,-1,-1,0.0180305914522447,-0.0180305914522447,0.5710834390350349,hold
2024-01-29,1,1,-0.0099136981024832,-0.0099136981024832,0.5651363485095962,flip
2024-01-30,-1,-1,0.0094600254190029,-0.0094600254190029,0.5595075761132381,flip
2024-01-31,1,1,-0.0013003033741542,-0.0013003033741542,0.5585002927360966,flip
2024-02-01,-1,-1,0.0072059881750932,-0.0072059881750932,0.5541964960844862,flip
2024-02-02,0,-1,-0.0037568550808078,0.0037568550808078,0.5562785320065671,hold
2024-02-05,-1,-1,0.0072434021015312,-0.0072434021015312,0.552249182918794,hold
2024-02-06,0,-1,5.014315737827957e-05,-5.014315737827957e-05,0.5522214914011029,hold
2024-02-07,-1,-1,-0.0096920171108729,0.0096920171108729,0.5575736315447541,hold
2024-02-08,-1,-1,0.0029722318898448,-0.0029722318898448,0.5559163934161403,hold
2024-02-09,-1,-1,-0.0076414194307357,0.0076414194307357,0.5601643837466549,hold
2024-02-12,0,-1,0.0058844800115076,-0.0058844800115076,0.5568681076273392,hold
2024-02-13,-1,-1,0.0044519922849619,-0.0044519922849619,0.554388935108441,hold
2024-02-14,-1,-1,0.0032371361888359,-0.0032371361888359,0.5525943026239113,hold
2024-02-15,-1,-1,0.0059308430222606,-0.0059308430222606,0.5493169525600533,hold
2024-02-16,0,-1,0.0037000088082788,-0.0037000088082788,0.5472844749970442,hold
2024-02-19,-1,-1,0.003376655573009,-0.003376655573009,0.5454364838245241,hold
2024-02-20,-1,-1,-0.00639270001033,0.00639270001033,0.5489232956403036,hold
2024-02-21,-1,-1,0.0073633218581414,-0.0073633218581414,0.5448813967390723,hold
2024-02-22,1,1,-0.0002137959201901,-0.0002137959201901,0.5444924626210925,flip
2024-02-23,-1,-1,-0.0040809285088362,0.0040809285088362,0.5464422512033388,flip
2024-02-26,-1,-1,0.0034489943486464,-0.0034489943486464,0.5445575749670768,hold
2024-02-27,-1,-1,-0.0111359278099485,0.0111359278099485,0.5506217288102708,hold
2024-02-28,0,-1,0.0014418556686905,-0.0014418556686905,0.5498278117492816,hold
2024-02-29,-1,-1,0.0161921687000685,-0.0161921687000685,0.5409249070654478,hold
2024-03-01,0,-1,0.0029925402887358,-0.0029925402887358,0.5393061674878739,hold
2024-03-04,0,-1,-0.0022002905070378,0.0022002905070378,0.5404927977285844,hold
2024-03-05,-1,-1,0.0052669715420341,-0.0052669715420341,0.5376460375442735,hold
2024-03-06,-1,-1,0.000867667346212,-0.000867667346212,0.537179539633676,hold
2024-03-07,-1,-1,-0.0071531788017711,0.0071531788017711,0.5410220809293288,hold
2024-03-11,-1,-1,0.000136518866846,-0.000136518866846,0.5409482212079016,hold
2024-03-12,-1,-1,-0.0151327252704165,0.0151327252704165,0.5491342420249613,hold
2024-03-13,0,-1,0.0067712159528048,-0.0067712159528048,0.5454159354851305,hold
2024-03-14,0,-1,-0.0055674686273187,0.0055674686273187,0.5484525215947835,hold
2024-03-15,0,-1,0.0014688778023679,-0.0014688778023679,0.5476469118601602,hold
2024-03-18,-1,-1,-0.0108021966402886,0.0108021966402886,0.5535627014915205,hold
2024-03-19,1,1,0.0009923428906801,0.0009923428906801,0.5538352441521456,flip
2024-03-20,-1,-1,0.0079146856998078,-0.0079146856998078,0.549174894643129,flip
2024-03-21,-1,-1,0.0038524885010076,-0.0038524885010076,0.5470592046764743,hold
2024-03-22,-1,-1,-0.0041658063402989,0.0041658063402989,0.5493381473798344,hold
2024-03-26,-1,-1,0.0054057167831516,-0.0054057167831516,0.5463685809369179,hold
2024-03-27,1,1,0.0091870010785439,0.0091870010785439,0.5511148853887995,flip
2024-03-28,1,1,0.0060509791780918,0.0060509791780918,0.5544496700850235,hold
2024-04-01,1,1,-0.0003872860275131,-0.0003872860275131,0.5542349394748404,hold
2024-04-02,-1,-1,-0.0008306302403686,0.0008306302403686,0.5544181863060997,flip
2024-04-03,-1,-1,0.0035659124883635,-0.0035659124883635,0.552441179571775,hold
2024-04-04,-1,-1,-4.224679746289706e-05,4.224679746289706e-05,0.5524645184423985,hold
2024-04-05,-1,-1,0.0067781647528144,-0.0067781647528144,0.5487198229163116,hold
2024-04-08,-1,-1,-0.0010390218270411,0.0010390218270411,0.5492899547892518,hold
2024-04-09,-1,-1,0.0049044741142307,-0.0049044741142307,0.546595976424781,hold
2024-04-10,-1,-1,-0.0103015928142499,0.0103015928142499,0.5522267856078164,hold
2024-04-12,-1,-1,-0.010963897188301,0.010963897188301,0.5582813433098464,hold
2024-04-15,-1,-1,-0.005594325260972,0.005594325260972,0.561404550731454,hold
2024-04-16,-1,-1,-0.0068652458503182,0.0068652458503182,0.5652587309937129,hold
2024-04-18,-1,-1,0.0068717686886063,-0.0068717686886063,0.561374403745109,hold
2024-04-19,-1,-1,0.0085519659829773,-0.0085519659829773,0.5565735489405668,hold
2024-04-22,-1,-1,0.0014147135985376,-0.0014147135985376,0.5557861567722941,hold
2024-04-23,-1,-1,0.0015379287654238,-0.0015379287654238,0.5549313972543697,hold
2024-04-24,-1,-1,0.0074969296067168,-0.0074969296067168,0.5507711156325967,hold
2024-04-25,1,1,-0.0066636269808832,-0.0066636269808832,0.54682559680836,flip
2024-04-26,-1,-1,0.0099666225688024,-0.0099666225688024,0.5411021796756067,flip
2024-04-29,1,1,-0.0017025173156396,-0.0017025173156396,0.5399103927553408,flip
2024-04-30,-1,-1,0.001917712797214,-0.001917712797214,0.5386050444894275,flip
2024-05-02,-1,-1,-0.0076098592965534,0.0076098592965534,0.5427037530944059,hold
2024-05-03,0,-1,-0.0014749338156797,0.0014749338156797,0.543504205211741,hold
2024-05-06,-1,-1,-0.006246985595782,0.006246985595782,0.5468994681529458,hold
2024-05-07,0,-1,0.0,-0.0,0.5468994681529458,hold
2024-05-08,-1,-1,-0.0154691178119045,0.0154691178119045,0.5553595204570716,hold
2024-05-09,0,-1,0.004449469144939,-0.004449469144939,0.5528884654064498,hold
2024-05-10,-1,-1,0.0022149680905385,-0.0022149680905385,0.5516638350979477,hold
2024-05-13,-1,-1,0.0051483245877055,-0.0051483245877055,0.548823690611565,hold
2024-05-14,-1,-1,-0.0007786004689536,0.0007786004689536,0.549251004994448,hold
2024-05-15,-1,-1,0.0091573776762647,-0.0091573776762647,0.544221306102646,hold
2024-05-16,1,1,0.002778540343975,0.002778540343975,0.5454613363046517,flip
2024-05-17,0,1,0.0028020516676037,0.0028020516676037,0.5469897471516575,hold
2024-05-21,0,1,0.00305161547495,0.00305161547495,0.5486589495287045,hold
2024-05-22,0,1,0.016366619608483,0.016366619608483,0.5576386418504308,hold
2024-05-23,-1,-1,-0.0004593757337192,0.0004593757337192,0.5576159881897558,flip
2024-05-24,-1,-1,-0.0010737589261899,0.0010737589261899,0.5582147333344608,hold
2024-05-27,-1,-1,-0.0019317094176221,0.0019317094176221,0.5592930419918984,hold
2024-05-28,-1,-1,-0.008015115627261,0.008015115627261,0.563775840392986,hold
2024-05-29,-1,-1,-0.0095155996581792,0.0095155996581792,0.5691405055871193,hold
2024-05-30,-1,-1,0.0018697799732139,-0.0018697799732139,0.5680763380678276,hold
2024-05-31,-1,-1,0.0325423176953527,-0.0325423176953527,0.5495898173992119,hold
2024-06-03,-1,-1,-0.0592935994164107,0.0592935994164107,0.5821769758754191,hold
2024-06-04,-1,-1,0.0336242367600356,-0.0336242367600356,0.5626017194023425,hold
2024-06-05,-1,-1,0.0088880492442378,-0.0088880492442378,0.5576012876154016,hold
2024-06-06,-1,-1,0.0205399314668071,-0.0205399314668071,0.5461481953819779,hold
2024-06-07,-1,-1,-0.0013289382574128,0.0013289382574128,0.546873992613038,hold
2024-06-10,-1,-1,0.0002429314342191,-0.0002429314342191,0.5467411397296754,hold
2024-06-11,-1,-1,0.0024973129141392,-0.0024973129141392,0.5453757560207373,hold
2024-06-12,-1,-1,0.003256499474515,-0.003256499474515,0.5435997401578425,hold
2024-06-13,-1,-1,0.0028505279152657,-0.0028505279152657,0.5420501939237914,hold
2024-06-14,-1,-1,0.0039334507869606,-0.0039334507869606,0.5399180661619297,hold
2024-06-18,-1,-1,-0.0017786131162043,0.0017786131162043,0.540878371516081,hold
2024-06-19,-1,-1,0.0021687361796223,-0.0021687361796223,0.5397053490229988,hold
2024-06-20,-1,-1,-0.0027962995130903,0.0027962995130903,0.5412145268276841,hold
2024-06-21,-1,-1,0.001563756616109,-0.001563756616109,0.540368199030623,hold
2024-06-24,-1,-1,0.0077938798539154,-0.0077938798539154,0.5361566342105017,hold
2024-06-25,-1,-1,0.0062180401218379,-0.0062180401218379,0.5328227907473913,hold
2024-06-26,-1,-1,0.0073610408985447,-0.0073610408985447,0.528900660393023,hold
2024-06-27,-1,-1,-0.0014099020825968,0.0014099020825968,0.5296463585355979,hold
2024-06-28,-1,-1,0.0054704843490753,-0.0054704843490753,0.5267489364206842,hold
2024-07-01,-1,-1,-0.0007497161563467,0.0007497161563467,0.5271438486086573,hold
2024-07-02,-1,-1,0.0067423066077227,-0.0067423066077227,0.5235896831549628,hold
2024-07-03,-1,-1,0.0006444070008029,-0.0006444070008029,0.5232522782975896,hold
2024-07-04,-1,-1,0.0008928929498506,-0.0008928929498506,0.5227850700273043,hold
2024-07-05,-1,-1,-0.0001356211363734,0.0001356211363734,0.5228559707325805,hold
2024-07-08,-1,-1,0.0046318209860134,-0.0046318209860134,0.520434195474679,hold
2024-07-09,-1,-1,-0.0044509111977667,0.0044509111977667,0.5227506018630179,hold
2024-07-10,-1,-1,-0.0003494426502141,0.0003494426502141,0.522933273218734,hold
2024-07-11,-1,-1,0.007657573644356,-0.007657573644356,0.5189288731679773,hold
2024-07-12,-1,-1,0.0034506697076412,-0.0034506697076412,0.5171382210249162,hold
2024-07-15,-1,-1,0.0010697158254551,-0.0010697158254551,0.5165850300859381,hold
2024-07-16,-1,-1,0.0076321297434283,-0.0076321297434283,0.5126423861128094,hold
2024-07-18,-1,-1,-0.0108846762510892,0.0108846762510892,0.5182223325182332,hold
2024-07-19,-1,-1,-0.0008825762723847,0.0008825762723847,0.5186797032527337,hold
2024-07-22,-1,-1,-0.0012321559717249,0.0012321559717249,0.5193187975465091,hold
2024-07-23,-1,-1,-0.0026778318259059,0.0026778318259059,0.5207094459503704,hold
2024-07-24,-1,-1,-0.0003031269840456,0.0003031269840456,0.5208672870342854,hold
2024-07-25,-1,-1,0.0175673297602745,-0.0175673297602745,0.5117170396416145,hold
2024-07-26,1,1,5.03324972633834e-05,5.03324972633834e-05,0.5114869371182912,flip
2024-07-29,-1,-1,0.0008536433743,-0.0008536433743,0.51079456621482,flip
2024-07-30,0,-1,0.0037755350108565,-0.0037755350108565,0.5088660434467207,hold
2024-07-31,-1,-1,0.0023946791656728,-0.0023946791656728,0.5076474725343605,hold
2024-08-01,-1,-1,-0.0117229354919546,0.0117229354919546,0.5135985911075346,hold
2024-08-02,0,-1,-0.0267864578946228,0.0267864578946228,0.5273560781429741,hold
2024-08-05,-1,-1,-0.0026209626510589,0.0026209626510589,0.5287382587275958,hold
2024-08-06,-1,-1,0.0127101624804444,-0.0127101624804444,0.5220179095495409,hold
2024-08-07,-1,-1,-0.007428747813561,0.007428747813561,0.5258958489537467,hold
2024-08-08,-1,-1,0.0103868640378157,-0.0103868640378157,0.5204334402726125,hold
2024-08-09,-1,-1,-0.0008412844977941,0.0008412844977941,0.5208712728580475,hold
2024-08-12,-1,-1,-0.0085431469996303,0.0085431469996303,0.5253211527099583,hold
2024-08-13,-1,-1,0.0001967769998756,-0.0001967769998756,0.5252177815895568,hold
2024-08-14,-1,-1,0.0164597624902924,-0.0164597624902924,0.5165728216489145,hold
2024-08-16,-1,-1,0.0012835584110202,-0.0012835584110202,0.5159097702587826,hold
2024-08-19,-1,-1,0.0051357593399101,-0.0051357593399101,0.5132601818376252,hold
2024-08-20,-1,-1,0.0028887826964991,-0.0028887826964991,0.5117774847055307,hold
2024-08-21,-1,-1,0.0016673576536574,-0.0016673576536574,0.5109241685994375,hold
2024-08-22,-1,-1,0.0004695560778267,-0.0004695560778267,0.510684261050763,hold
2024-08-23,-1,-1,0.007551387144671,-0.007551387144671,0.5068278864868785,hold
2024-08-26,-1,-1,0.000285894410237,-0.000285894410237,0.5066829872271796,hold
2024-08-27,-1,-1,0.0013830024432652,-0.0013830024432652,0.5059822434178836,hold
2024-08-28,-1,-1,0.0039756594063229,-0.0039756594063229,0.5039706303524069,hold
2024-08-29,-1,-1,0.0033377600735777,-0.0033377600735777,0.5022884973041608,hold
2024-08-30,-1,-1,0.0016959501132323,-0.0016959501132323,0.5014366410702825,hold
2024-09-02,-1,-1,4.550829989491412e-05,-4.550829989491412e-05,0.5014138215412424,hold
2024-09-03,-1,-1,-0.0032100820170585,0.0032100820170585,0.5030234010328765,hold
2024-09-04,-1,-1,-0.0021270784221717,0.0021270784221717,0.5040933712550609,hold
2024-09-05,-1,-1,-0.0116503502989019,0.0116503502989019,0.5099662356135367,hold
2024-09-06,-1,-1,0.0033900486950126,-0.0033900486950126,0.5082374252419946,hold
2024-09-09,-1,-1,0.0041986500501236,-0.0041986500501236,0.5061035141510275,hold
2024-09-10,-1,-1,-0.0048979634496194,0.0048979634496194,0.5085823906650632,hold
2024-09-11,-1,-1,0.0188796328272711,-0.0188796328272711,0.498980541866891,hold
2024-09-12,1,1,-0.0012761636040355,-0.0012761636040355,0.4980942707893051,flip
2024-09-13,-1,-1,0.0010746751326089,-0.0010746751326089,0.49730993412739827,flip
2024-09-16,-1,-1,0.0013709866056039,-0.0013709866056039,0.49662812886887586,hold
2024-09-17,0,-1,-0.0016129951842196,0.0016129951842196,0.4974291876490894,hold
2024-09-18,-1,-1,0.0015072376499098,-0.0015072376499098,0.49667944364930067,hold
2024-09-19,-1,-1,0.0147604413777415,-0.0147604413777415,0.4893482358377859,hold
2024-09-20,1,1,0.0057423850996662,0.0057423850996662,0.49191358773788996,flip
2024-09-23,-1,-1,5.203002169906768e-05,-5.203002169906768e-05,0.49164203666937695,flip
2024-09-24,-1,-1,0.0024575565157058,-0.0024575565157058,0.49043379857876523,hold
2024-09-25,-1,-1,0.008148714241454,-0.008148714241454,0.48643739369979605,hold
2024-09-26,-1,-1,-0.0014152231703233,0.0014152231703233,0.48712581117027165,hold
2024-09-27,-1,-1,-0.0140609008520233,0.0140609008520233,0.4939752389035983,hold
2024-09-30,-1,-1,-0.0005404401234794,0.0005404401234794,0.49424220294270715,hold
2024-10-01,-1,-1,-0.0211963752609873,0.0211963752609873,0.5047183461460979,hold
2024-10-03,-1,-1,-0.0093266958801446,0.0093266958801446,0.5094257006657321,hold
2024-10-04,-1,-1,-0.0087488751686026,0.0087488751686026,0.5138826025285346,hold
2024-10-07,-1,-1,0.0087676473034692,-0.0087676473034692,0.5093770611141755,hold
2024-10-08,-1,-1,-0.0012473907279866,0.0012473907279866,0.5100124533372584,hold
2024-10-09,-1,-1,0.0006604768849507,-0.0006604768849507,0.5096756019007921,hold
2024-10-10,-1,-1,-0.0013680536120755,0.0013680536120755,0.5103728654489592,hold
2024-10-11,-1,-1,0.0065573457544287,-0.0065573457544287,0.5070261741065318,hold
2024-10-14,-1,-1,-0.0028096049048969,0.0028096049048969,0.5084507173322127,hold
2024-10-15,-1,-1,-0.0034340754096676,0.0034340754096676,0.5101967754376311,hold
2024-10-16,-1,-1,-0.0088682273228345,0.0088682273228345,0.5147213164215891,hold
2024-10-17,1,1,0.0042101739412401,0.0042101739412401,0.5166310220367774,flip
2024-10-18,-1,-1,-0.0029351823779982,0.0029351823779982,0.5178891127975686,flip
2024-10-21,-1,-1,-0.0124691803378693,0.0124691803378693,0.5243467655400607,hold
2024-10-22,1,1,-0.0014955647434917,-0.0014955647434917,0.523300397621385,flip
2024-10-23,-1,-1,-0.0014773427748562,0.0014773427748562,0.5238118414840797,flip
2024-10-24,-1,-1,-0.0089592205494931,0.0089592205494931,0.5285047872983716,hold
2024-10-25,1,1,0.0065485676346082,0.0065485676346082,0.53170148424956,flip
2024-10-28,-1,-1,0.0052466588480091,-0.0052466588480091,0.5286459772105977,flip
2024-10-29,-1,-1,-0.0051498252538292,0.0051498252538292,0.531368411614372,hold
2024-10-30,-1,-1,-0.005566773640794,0.005566773640794,0.5343264192816974,hold
2024-10-31,1,1,0.0040900049616161,0.0040900049616161,0.5362446537780413,flip
2024-11-01,-1,-1,-0.0127137736646451,0.0127137736646451,0.5427942246081623,flip
2024-11-04,1,1,0.0090830588186072,0.0090830588186072,0.5474530593643745,flip
2024-11-05,-1,-1,0.0111818707596305,-0.0111818707596305,0.5410577834779156,flip
2024-11-06,-1,-1,-0.0116280257061476,0.0116280257061476,0.547349217292708,hold
2024-11-07,-1,-1,-0.0021137093124677,0.0021137093124677,0.5485061544304716,hold
2024-11-08,-1,-1,-0.0002856708874028,0.0002856708874028,0.5486628466703536,hold
2024-11-11,-1,-1,-0.0106809307765333,0.0106809307765333,0.5545230765552953,hold
2024-11-12,-1,-1,-0.0135825623229214,0.0135825623229214,0.5620549208021057,hold
2024-11-13,1,1,-0.0011185324376894,-0.0011185324376894,0.5611452166810246,flip
2024-11-14,-1,-1,-0.0033527151631265,0.0033527151631265,0.5627460041493665,flip
2024-11-18,-1,-1,0.0027585814066317,-0.0027585814066317,0.5611936234856638,hold
2024-11-19,-1,-1,-0.0071688079331164,0.0071688079331164,0.5652167127857223,hold
2024-11-21,1,1,0.0238694641112378,0.0238694641112378,0.5784255244702401,flip
2024-11-22,-1,-1,0.0131612958673623,-0.0131612958673623,0.570523482243218,flip
2024-11-25,-1,-1,-0.0011312238174179,0.0011312238174179,0.5711688719947278,hold
2024-11-26,-1,-1,0.0033230854378061,-0.0033230854378061,0.569270829033674,hold
2024-11-27,-1,-1,-0.0148610290544929,0.0148610290544929,0.5777307793638187,hold
2024-11-28,-1,-1,0.0090720019405352,-0.0090720019405352,0.5724896046123232,hold
2024-11-29,-1,-1,0.0060068200049485,-0.0060068200049485,0.5690507626027129,hold
2024-12-02,-1,-1,0.0074600111445999,-0.0074600111445999,0.5648056375718536,hold
2024-12-03,-1,-1,0.0004210968146538,-0.0004210968146538,0.5645677997169736,hold
2024-12-04,-1,-1,0.0098478255628851,-0.0098478255628851,0.5590080345069389,hold
2024-12-05,-1,-1,-0.0012384293961259,0.0012384293961259,0.5597003264895428,hold
2024-12-06,-1,-1,-0.0023827399277279,0.0023827399277279,0.5610339468050318,hold
2024-12-09,-1,-1,-0.00036350862139,0.00036350862139,0.5612378874815879,hold
2024-12-10,-1,-1,0.0012901233029631,-0.0012901233029631,0.5605138214044421,hold
2024-12-11,-1,-1,-0.0037781963796591,0.0037781963796591,0.5626315526952211,hold
2024-12-12,-1,-1,0.0089455478085889,-0.0089455478085889,0.5575985052419654,hold
2024-12-13,-1,-1,-0.0040394689217332,0.0040394689217332,0.5598509070746952,hold
2024-12-16,-1,-1,-0.0134687300477334,0.0134687300477334,0.567391387809063,hold
2024-12-17,-1,-1,-0.0056356998120069,0.0056356998120069,0.5705890353466728,hold
2024-12-18,-1,-1,-0.010213311567061,0.010213311567061,0.5764166389414173,hold
2024-12-19,-1,-1,-0.0152055691508056,0.0152055691508056,0.5851813820045159,hold
2024-12-20,-1,-1,0.0070354729729729,-0.0070354729729729,0.5810643542071362,hold
2024-12-23,-1,-1,-0.0010861087115143,0.0010861087115143,0.581695453264191,hold
2024-12-24,-1,-1,0.0009503186263191,-0.0009503186263191,0.5811426572401089,hold
2024-12-26,-1,-1,0.002661079652128,-0.002661079652128,0.5795961903399437,hold
2024-12-27,-1,-1,-0.0070758479358679,0.0070758479358679,0.5836973248469974,hold
2024-12-30,-1,-1,-4.212721278373799e-06,4.212721278373799e-06,0.583699783801138,hold
2024-12-31,-1,-1,0.0041488871182535,-0.0041488871182535,0.5812780792871981,hold
2025-01-01,-1,-1,0.0187740331916654,-0.0187740331916654,0.5703651453330727,hold
2025-01-02,-1,-1,-0.0076027553276091,0.0076027553276091,0.5747014919804362,hold
2025-01-03,-1,-1,-0.0161925959966257,0.0161925959966257,0.5840074010587334,hold
2025-01-06,-1,-1,0.0038892874268343,-0.0038892874268343,0.5817360284166175,hold
2025-01-07,-1,-1,-0.0007993610384197,0.0007993610384197,0.5822010455323787,hold
2025-01-08,-1,-1,-0.0068575949591475,0.0068575949591475,0.5861935444874319,hold
2025-01-09,1,1,-0.0040379997024632,-0.0040379997024632,0.583533398356962,flip
2025-01-10,-1,-1,-0.0147472753024774,0.0147472753024774,0.5918471593315439,flip
2025-01-13,-1,-1,0.0039028744993869,-0.0039028744993869,0.5895372541458542,hold
2025-01-14,-1,-1,0.0016028803979861,-0.0016028803979861,0.5885922964373013,hold
2025-01-15,-1,-1,0.0042476507253836,-0.0042476507253836,0.5860921619423842,hold
2025-01-16,-1,-1,-0.0046586517926727,0.0046586517926727,0.5888225612432886,hold
2025-01-17,1,1,0.0061004855371675,0.0061004855371675,0.5921202534814897,flip
2025-01-20,-1,-1,-0.0137118456772935,0.0137118456772935,0.5999432548928871,flip
2025-01-21,-1,-1,0.0056764909144164,-0.0056764909144164,0.5965376824573223,hold
2025-01-22,-1,-1,0.0021593282262408,-0.0021593282262408,0.595249561801576,hold
2025-01-23,-1,-1,-0.0048760476583936,0.0048760476583936,0.5981520270335583,hold
2025-01-24,-1,-1,-0.0113912419355629,0.0113912419355629,0.6049657214877449,hold
2025-01-27,1,1,0.0056112298172781,0.0056112298172781,0.6080578403218442,flip
2025-01-28,-1,-1,0.0089666492883511,-0.0089666492883511,0.6023015700004851,flip
2025-01-29,-1,-1,0.0037300875997627,-0.0037300875997627,0.6000549323829087,hold
2025-01-30,-1,-1,0.0111357401503258,-0.0111357401503258,0.5933728765799714,hold
2025-01-31,1,1,-0.0011166221250199,-0.0011166221250199,0.5924136168593055,flip
2025-02-01,-1,-1,-0.0051570919766934,0.0051570919766934,0.595172541561265,flip
2025-02-03,-1,-1,0.0161893068206311,-0.0161893068206311,0.5855371106747148,hold
2025-02-04,1,1,-0.0018092070621439,-0.0018092070621439,0.5841849842435974,flip
2025-02-05,-1,-1,-0.0039226026346081,0.0039226026346081,0.5861844173097681,flip
2025-02-06,-1,-1,-0.0018387386257991,0.0018387386257991,0.5872622572397171,hold
2025-02-07,-1,-1,-0.0075700336923079,0.0075700336923079,0.5917078523132426,hold
2025-02-10,-1,-1,-0.0132496849360461,0.0132496849360461,0.5995477949305776,hold
2025-02-11,-1,-1,-0.0011507892904301,0.0011507892904301,0.6002377481120847,hold
2025-02-12,-1,-1,-0.0006009745771905,0.0006009745771905,0.6005984757389702,hold
2025-02-13,-1,-1,-0.0044352661537063,0.0044352661537063,0.6032622898303829,hold
2025-02-14,-1,-1,0.0013192755977626,-0.0013192755977626,0.6024664206123593,hold
2025-02-17,-1,-1,-0.0006184463402948,0.0006184463402948,0.6028390137653376,hold
2025-02-18,-1,-1,-0.0005404326900405,0.0005404326900405,0.6031648076752081,hold
2025-02-19,-1,-1,-0.0008612081186238,0.0008612081186238,0.6036842581044461,hold
2025-02-20,-1,-1,-0.0051171487988824,0.0051171487988824,0.6067734002807095,hold
2025-02-21,-1,-1,-0.0106401053300685,0.0106401053300685,0.61322953317118,hold
2025-02-24,1,1,-0.0002571160481895,-0.0002571160481895,0.6127652472503924,flip
2025-02-25,-1,-1,-0.0001108767876499,0.0001108767876499,0.6125268060689658,flip
2025-02-27,-1,-1,-0.0186449596666951,0.0186449596666951,0.6239473436628913,hold
2025-02-28,1,1,-0.0002440004922383,-0.0002440004922383,0.6234831265320754,flip
2025-03-03,-1,-1,-0.0016569416451024,0.0016569416451024,0.624204460126179,flip
2025-03-04,-1,-1,0.0115316950692254,-0.0115316950692254,0.6170063246311535,hold
2025-03-05,-1,-1,0.009284847776867,-0.009284847776867,0.611277514829589,hold
2025-03-06,-1,-1,0.0003460139864501,-0.0003460139864501,0.6110660042598556,hold
2025-03-07,-1,-1,-0.0040882039130917,0.0040882039130917,0.613564166689628,hold
2025-03-10,-1,-1,0.001674047455606,-0.001674047455606,0.6125370311575302,hold
2025-03-11,-1,-1,-0.0012179087892316,0.0012179087892316,0.6132830453915068,hold
2025-03-12,-1,-1,-0.0032620894617386,0.0032620894617386,0.6152836295509414,hold
2025-03-13,-1,-1,0.0049805683362682,-0.0049805683362682,0.6122191673877758,hold
2025-03-17,-1,-1,0.0144632989948354,-0.0144632989948354,0.6033644585194772,hold
2025-03-18,-1,-1,0.0032100316461272,-0.0032100316461272,0.6014276395134812,hold
2025-03-19,-1,-1,0.01235619558909,-0.01235619558909,0.593996281966968,hold
2025-03-20,-1,-1,0.0068885519512889,-0.0068885519512889,0.5899045077197661,hold
2025-03-21,-1,-1,0.0131881772302988,-0.0131881772302988,0.5821247425230057,hold
2025-03-24,-1,-1,0.0004353972876416,-0.0004353972876416,0.5818712869890421,hold
2025-03-25,-1,-1,-0.0076810793285454,0.0076810793285454,0.5863406865034078,hold
2025-03-26,-1,-1,0.0044748278770025,-0.0044748278770025,0.5837169128540215,hold
2025-03-27,-1,-1,-0.0030773044101545,0.0030773044101545,0.5855131874842289,hold
2025-03-28,-1,-1,-0.0150365718652369,0.0150365718652369,0.5943172986058795,hold
2025-04-01,-1,-1,0.0071938424586863,-0.0071938424586863,0.5900418735892368,hold
2025-04-02,-1,-1,-0.0035251486188494,0.0035251486188494,0.5921218588849833,hold
2025-04-03,-1,-1,-0.0148666197750665,0.0148666197750665,0.6009247094215319,hold
2025-04-04,-1,-1,-0.0324325462830553,0.0324325462830553,0.6204142278724772,hold
2025-04-07,0,-1,0.0168873189028142,-0.0168873189028142,0.6099370949545514,hold
2025-04-08,-1,-1,-0.0060658560080705,0.0060658560080705,0.6136368855465265,hold
2025-04-09,1,1,0.0191703874091904,0.0191703874091904,0.6250937239282492,flip
2025-04-11,-1,-1,0.0219023977821084,-0.0219023977821084,0.6110901256737091,flip
2025-04-15,1,1,0.004657316201027,0.004657316201027,0.6136306205534602,flip
2025-04-16,-1,-1,0.0176834769379541,-0.0176834769379541,0.6024726823162039,flip
2025-04-17,-1,-1,0.0114834984640164,-0.0114834984640164,0.5955541881942139,hold
2025-04-21,-1,-1,0.0017284255654137,-0.0017284255654137,0.5945248171097498,hold
2025-04-22,-1,-1,0.0066908406521222,-0.0066908406521222,0.5905469462947364,hold
2025-04-23,-1,-1,-0.0033807460922566,0.0033807460922566,0.5925434355757163,hold
2025-04-24,-1,-1,-0.0085516633626838,0.0085516633626838,0.597610667564528,hold
2025-04-25,-1,-1,0.0120282118827472,-0.0120282118827472,0.5904224798316718,hold
2025-04-28,-1,-1,0.0003061930965739,-0.0003061930965739,0.5902416965442854,hold
2025-04-29,-1,-1,-7.191007773188485e-05,7.191007773188485e-05,0.5902841408705646,hold
2025-04-30,-1,-1,0.0005136803511647,-0.0005136803511647,0.5899809235057952,hold
2025-05-02,-1,-1,0.0047008906976129,-0.0047008906976129,0.5872074876707177,hold
2025-05-05,-1,-1,-0.0033338898599493,0.0033338898599493,0.5891651727595495,hold
2025-05-06,-1,-1,0.0014274549954715,-0.0014274549954715,0.588324165990536,hold
2025-05-07,-1,-1,-0.0057588802970967,0.0057588802970967,0.5917122544383648,hold
2025-05-08,-1,-1,-0.0109501096942064,0.0109501096942064,0.598191568531871,hold
2025-05-09,-1,-1,0.0381830730902199,-0.0381830730902199,0.5753507761486653,hold
2025-05-12,-1,-1,-0.0138958390765435,0.0138958390765435,0.5833457579465916,hold
2025-05-13,-1,-1,0.0036027960647213,-0.0036027960647213,0.5812440821454898,hold
2025-05-14,-1,-1,0.0160214381414618,-0.0160214381414618,0.5719317160383051,hold
2025-05-15,-1,-1,-0.0016877607536591,0.0016877607536591,0.5728969999424075,hold
2025-05-16,-1,-1,-0.0029717088137536,0.0029717088137536,0.5745994830065093,hold
2025-05-19,-1,-1,-0.0104848313546668,0.0104848313546668,0.5806240616823113,hold
2025-05-20,-1,-1,0.0052483127088862,-0.0052483127088862,0.5775767650402989,hold
2025-05-21,-1,-1,-0.0082112727740422,0.0082112727740422,0.5823194054059937,hold
2025-05-22,-1,-1,0.0098924887180058,-0.0098924887180058,0.576558817257739,hold
2025-05-23,-1,-1,0.0059549794562796,-0.0059549794562796,0.5731254213456323,hold
2025-05-26,-1,-1,-0.0069977248703164,0.0069977248703164,0.5771359953603932,hold
2025-05-27,-1,-1,-0.0029706520659956,0.0029706520659956,0.578850465597371,hold
2025-05-28,-1,-1,0.0032784792287758,-0.0032784792287758,0.5769527163693428,hold
2025-05-29,-1,-1,-0.0033382349691143,0.0033382349691143,0.5788787201026523,hold
2025-05-30,-1,-1,-0.0013777230725331,0.0013777230725331,0.5796762546715362,hold
2025-06-02,-1,-1,-0.0070438333802584,0.0070438333802584,0.5837593976239347,hold
2025-06-03,-1,-1,0.0031659048079861,-0.0031659048079861,0.58191127094029,hold
2025-06-04,-1,-1,0.0053086967621067,-0.0053086967621067,0.5788220804604159,hold
2025-06-05,-1,-1,0.0101875239545026,-0.0101875239545026,0.5729253166503304,hold
2025-06-06,1,1,0.0040054487100871,0.0040054487100871,0.5749336769625586,flip
2025-06-09,1,1,4.18584595869298e-05,4.18584595869298e-05,0.5749577428006409,hold
2025-06-10,-1,-1,0.0014798446727146,-0.0014798446727146,0.5738194157765212,flip
2025-06-11,0,-1,-0.0100710846627866,0.0100710846627866,0.5795983996939572,hold
2025-06-12,-1,-1,-0.0068144588479197,0.0068144588479197,0.5835480491369919,hold
2025-06-13,0,-1,0.0092197937677085,-0.0092197937677085,0.5781678564704001,hold
2025-06-16,-1,-1,-0.0037319707924959,0.0037319707924959,0.5803255620239076,hold
2025-06-17,-1,-1,-0.0016637405234334,0.0016637405234334,0.581291073178231,hold
2025-06-18,-1,-1,-0.0007577278241026,0.0007577278241026,0.5817315335982807,hold
2025-06-19,-1,-1,0.0128724709598377,-0.0128724709598377,0.574243211325615,hold
2025-06-20,0,-1,-0.0055948454872697,0.0055948454872697,0.5774560133650953,hold
2025-06-23,-1,-1,0.0029012296868362,-0.0029012296868362,0.5757806808362784,hold
2025-06-24,-1,-1,0.0080018205204253,-0.0080018205204253,0.5711733871690983,hold
2025-06-25,0,-1,0.0120520108141297,-0.0120520108141297,0.5642895993301932,hold
2025-06-26,-1,-1,0.003475704773181,-0.003475704773181,0.5623282952763448,hold
2025-06-27,-1,-1,-0.0047098423546652,0.0047098423546652,0.564976772898664,hold
2025-06-30,-1,-1,0.0009699396772837,-0.0009699396772837,0.5644287795098859,hold
2025-07-01,-1,-1,-0.0034610085397696,0.0034610085397696,0.5663822723358612,hold
2025-07-02,-1,-1,-0.0018897125192245,0.0018897125192245,0.5674525720065612,hold
2025-07-03,-1,-1,0.0021924250859925,-0.0021924250859925,0.5662084747525831,hold
2025-07-04,-1,-1,1.1813410706551508e-05,-1.1813410706551508e-05,0.5662017858993252,hold
2025-07-07,-1,-1,0.0024036171315751,-0.0024036171315751,0.5648408535868092,hold
2025-07-08,-1,-1,-0.0018180190273288,0.0018180190273288,0.5658677450060426,hold
2025-07-09,-1,-1,-0.004743646446198,0.004743646446198,0.5685520215236587,hold
2025-07-10,-1,-1,-0.008100901810276,0.008100901810276,0.5731578056240558,hold
2025-07-11,-1,-1,-0.0026858541571485,0.0026858541571485,0.5746972238989932,hold
2025-07-14,-1,-1,0.0045251032187942,-0.0045251032187942,0.5720966596412959,hold
2025-07-15,-1,-1,0.0006449487413033,-0.0006449487413033,0.5717276866207563,hold
2025-07-16,-1,-1,-0.0039902173517283,0.0039902173517283,0.574009004356374,hold
2025-07-17,-1,-1,-0.0056965580472427,0.0056965580472427,0.5772788799693301,hold
2025-07-18,-1,-1,0.0048981443028652,-0.0048981443028652,0.5744512847122439,hold
2025-07-21,-1,-1,-0.0011876443882732,0.0011876443882732,0.5751335285568688,hold
2025-07-22,-1,-1,0.0063445445902445,-0.0063445445902445,0.5714845682395951,hold
2025-07-23,-1,-1,-0.006256994627491,0.006256994627491,0.5750603441127643,hold
2025-07-24,-1,-1,-0.0089816740370306,0.0089816740370306,0.5802253486752078,hold
2025-07-25,-1,-1,-0.0062849623293875,0.0062849623293875,0.5838720431341872,hold
2025-07-28,-1,-1,0.0056804742343701,-0.0056804742343701,0.5805553730369943,hold
2025-07-29,-1,-1,0.0013678351245234,-0.0013678351245234,0.5797612690060235,hold
2025-07-30,-1,-1,-0.0034882717656889,0.0034882717656889,0.5817836338715373,hold
2025-07-31,-1,-1,-0.0081959437427822,0.0081959437427822,0.5865518998052197,hold
2025-08-01,1,1,0.0064074150430544,0.0064074150430544,0.5900169053216613,flip
2025-08-04,-1,-1,-0.0029608040671041,0.0029608040671041,0.591468821321937,flip
2025-08-05,-1,-1,-0.0030569142281212,0.0030569142281212,0.593276890777326,hold
2025-08-06,-1,-1,0.0008932609229541,-0.0008932609229541,0.5927469397143029,hold
2025-08-07,-1,-1,-0.0094669127354072,0.0094669127354072,0.5983584232667579,hold
2025-08-08,-1,-1,0.0091018044718578,-0.0091018044718578,0.5929122818940947,hold
2025-08-11,-1,-1,-0.0039719417907191,0.0039719417907191,0.5952672949647805,hold
2025-08-12,-1,-1,0.0053884535167121,-0.0053884535167121,0.5920597248158438,hold
2025-08-13,-1,-1,0.000485438164071,-0.000485438164071,0.5917723164300088,hold
2025-08-14,-1,-1,0.0099730192766349,-0.0099730192766349,0.5858705597108735,hold
2025-08-18,1,1,0.0041685646806257,0.0041685646806257,0.5880198637536473,flip
2025-08-19,1,1,0.0027981813736617,0.0027981813736617,0.5896652499837459,hold
2025-08-20,-1,-1,0.0013252889742787,-0.0013252889742787,0.5885889405044353,flip
2025-08-21,0,-1,-0.0085174820600987,0.0085174820600987,0.5936022362459543,hold
2025-08-22,-1,-1,0.0039264173509054,-0.0039264173509054,0.591271506126022,hold
2025-08-25,-1,-1,-0.0102411798720348,0.0102411798720348,0.5973268239734675,hold
2025-08-26,0,-1,-0.0085444301039235,0.0085444301039235,0.6024306412701074,hold
2025-08-28,0,-1,-0.0030223697933294,0.0030223697933294,0.6042514094428582,hold
2025-08-29,-1,-1,0.0081140701746054,-0.0081140701746054,0.5993484711035346,hold
2025-09-01,-1,-1,-0.0018457290617897,0.0018457290617897,0.6004547059947897,hold
2025-09-02,-1,-1,0.005510715147017,-0.005510715147017,0.5971457711513666,hold
2025-09-03,-1,-1,0.0007788776228048,-0.0007788776228048,0.5966806676726643,hold
2025-09-04,-1,-1,0.0002708473067116,-0.0002708473067116,0.5965190583208583,hold
2025-09-05,-1,-1,0.0012994782193525,-0.0012994782193525,0.5957438947971416,hold
2025-09-08,-1,-1,0.0038529301782352,-0.0038529301782352,0.5934485351663783,hold
2025-09-09,0,-1,0.0042020862308871,-0.0042020862308871,0.5909548132480156,hold
2025-09-10,0,-1,0.0012974116602184,-0.0012974116602184,0.5901881015826455,hold
2025-09-11,0,-1,0.0043390454100098,-0.0043390454100098,0.5876272486094308,hold
2025-09-12,0,-1,-0.0017838966811339,0.0017838966811339,0.588675514907969,hold
2025-09-15,-1,-1,0.0067772563910986,-0.0067772563910986,0.5846859100122757,hold
2025-09-16,0,-1,0.0036114755294653,-0.0036114755294653,0.5825743311558432,hold
2025-09-17,-1,-1,0.0036853015416349,-0.0036853015416349,0.5804273690751176,hold
2025-09-18,-1,-1,-0.0037976065391384,0.0037976065391384,0.5826316038474121,hold
2025-09-19,-1,-1,-0.0049236357186648,0.0049236357186648,0.5855002696229382,hold
2025-09-22,-1,-1,-0.001303434397354,0.001303434397354,0.5862634308140248,hold
2025-09-23,-1,-1,-0.0044736530076083,0.0044736530076083,0.5888861699745367,hold
2025-09-24,-1,-1,-0.0066269482123226,0.0066269482123226,0.592788688125911,hold
2025-09-25,-1,-1,-0.0094874379272315,0.0094874379272315,0.5984127340084705,hold
2025-09-26,0,-1,-0.0008030448049409,0.0008030448049409,0.5988932862457266,hold
2025-09-29,-1,-1,-0.0009661407544825,0.0009661407544825,0.5994719014571546,hold
2025-09-30,-1,-1,0.0091503904924759,-0.0091503904924759,0.5939864994695546,hold
2025-10-01,-1,-1,0.0023332467769816,-0.0023332467769816,0.5926005823840967,hold
2025-10-03,-1,-1,0.0073671787912872,-0.0073671787912872,0.5882347879418521,hold
2025-10-06,-1,-1,0.0012222193924698,-0.0012222193924698,0.5875158359767042,hold
2025-10-07,-1,-1,-0.0024752925801897,0.0024752925801897,0.5889701095662413,hold
2025-10-08,-1,-1,0.0054160175719368,-0.0054160175719368,0.585780237103485,hold
2025-10-09,1,1,0.004112050167679,0.004112050167679,0.5878961047071377,flip
2025-10-10,-1,-1,-0.0022938183927065,0.0022938183927065,0.5889506835527619,flip
2025-10-13,-1,-1,-0.0032444791324643,0.0032444791324643,0.5908615217555995,hold
2025-10-14,-1,-1,0.0070808208725219,-0.0070808208725219,0.5866777371595824,hold
2025-10-15,-1,-1,0.0103362282114798,-0.0103362282114798,0.5806137021817064,hold
2025-10-16,1,1,0.0048679837376106,0.0048679837376106,0.5831498133906701,flip
2025-10-17,-1,-1,0.0051848137299641,-0.0051848137299641,0.5798347153248807,flip
2025-10-20,-1,-1,0.0009847568259027,-0.0009847568259027,0.5792637191310692,hold
2025-10-21,-1,-1,0.0008814076368377,-0.0008814076368377,0.5787531516652841,hold
2025-10-23,-1,-1,-0.0037174505259611,0.0037174505259611,0.5809046378733439,hold
2025-10-24,-1,-1,0.0066252915000297,-0.0066252915000297,0.5770559753137138,hold
2025-10-27,-1,-1,-0.001149638146805,0.001149638146805,0.5777193808757762,hold
2025-10-28,-1,-1,0.0045381040946781,-0.0045381040946781,0.575097630187849,hold
2025-10-29,-1,-1,-0.00675717564781,0.00675717564781,0.5789836658896675,hold
2025-10-30,-1,-1,-0.0060186608373972,0.0060186608373972,0.5824683722050503,hold
2025-10-31,-1,-1,0.0016036793506921,-0.0016036793506921,0.5815342797041139,hold
2025-11-03,-1,-1,-0.0064315867797603,0.0064315867797603,0.5852744678894362,hold
2025-11-04,-1,-1,-0.0034359080045569,0.0034359080045569,0.5872854171185203,hold
2025-11-06,-1,-1,-0.0006820322478444,0.0006820322478444,0.587685964711684,hold
2025-11-07,-1,-1,0.0032185728871263,-0.0032185728871263,0.5857944545995183,hold
2025-11-10,-1,-1,0.0047156471705849,-0.0047156471705849,0.5830320546371417,hold
2025-11-11,-1,-1,0.0070384090258497,-0.0070384090258497,0.5789284365614239,hold
2025-11-12,1,1,0.0001294494962036,0.0001294494962036,0.578713914337594,flip
2025-11-13,0,1,0.0011940264714482,0.0011940264714482,0.5794049140707086,hold
2025-11-14,0,1,0.0039906690408659,0.0039906690408659,0.5817171273234162,hold
2025-11-17,0,1,-0.0039748069020186,-0.0039748069020186,0.5794049140707087,hold
2025-11-18,-1,-1,0.0055036406751542,-0.0055036406751542,0.5759263751612096,flip
2025-11-19,0,-1,0.0053545415882216,-0.0053545415882216,0.5728425534336552,hold
2025-11-20,0,-1,-0.0047342428227803,0.0047342428227803,0.5755545291808316,hold
2025-11-21,-1,-1,-0.004167936312968,0.004167936312968,0.5779534038030977,hold
2025-11-24,-1,-1,-0.002877529180069,0.002877529180069,0.5796164815872612,hold
2025-11-25,-1,-1,0.0123817835303625,-0.0123817835303625,0.5724397957816174,hold
2025-11-26,0,-1,0.0003911422381892,-0.0003911422381892,0.5722158903986668,hold
2025-11-27,-1,-1,-0.0004806903583736,0.0004806903583736,0.5724909490600897,hold
2025-11-28,-1,-1,-0.0010380212747401,0.0010380212747401,0.5730852068448102,hold
2025-12-01,-1,-1,-0.0054841133969418,0.0054841133969418,0.5762280711052571,hold
2025-12-02,-1,-1,-0.0017746951904364,0.0017746951904364,0.577250700291642,hold
2025-12-03,-1,-1,0.0018375278996383,-0.0018375278996383,0.5761899860247705,hold
2025-12-04,-1,-1,0.0058654330916598,-0.0058654330916598,0.5728103822136578,hold
2025-12-05,-1,-1,-0.0086265394598917,0.0086265394598917,0.5777517535788596,hold
2025-12-08,0,-1,-0.0046570811090926,0.0046570811090926,0.5804423903561968,hold
2025-12-09,-1,-1,-0.0031598875909956,0.0031598875909956,0.5822765230627711,hold
2025-12-10,-1,-1,0.0054565875164998,-0.0054565875164998,0.5790992802558759,hold
2025-12-11,1,1,0.0057299900196514,0.0057299900196514,0.5821279637120015,flip
2025-12-12,1,1,-0.0007543469807149,-0.0007543469807149,0.5816888372401856,hold
2025-12-15,-1,-1,-0.0064240688375742,0.0064240688375742,0.5851348019540451,flip
2025-12-16,-1,-1,-0.0016066770334456,0.0016066770334456,0.5860749246018143,hold
2025-12-17,-1,-1,-0.0001161955225689,0.0001161955225689,0.5861430238839429,hold
2025-12-18,-1,-1,0.0058433620360547,-0.0058433620360547,0.5827179779904812,hold
2025-12-19,1,1,0.0079333291061156,0.0079333291061156,0.5870495124969347,flip
2025-12-22,0,1,0.0001814888939914,0.0001814888939914,0.587156055463676,hold
2025-12-23,1,1,-0.0013389838361685,-0.0013389838361685,0.5863698629961017,hold
2025-12-24,-1,-1,-0.003817552133005,0.003817552133005,0.5883151755858144,flip
2025-12-26,-1,-1,-0.0038476313101776,0.0038476313101776,0.590578795475651,hold
2025-12-29,-1,-1,-0.0001252789885528,0.0001252789885528,0.5906527825898089,hold
2025-12-30,-1,-1,0.007353834224439,-0.007353834224439,0.5863092199424398,hold
2025-12-31,0,-1,0.0006487344669803,-0.0006487344669803,0.5859288609431548,hold
2026-01-01,-1,-1,0.0069607651702385,-0.0069607651702385,0.5818503477356641,hold
2026-01-02,0,-1,-0.002972058760474,0.002972058760474,0.5835796411589368,hold
2026-01-05,-1,-1,-0.0027276473171363,0.0027276473171363,0.5851714406014793,hold
