idx,date,signal,position,return,pnl,equity,action
0,2020-01-01,0,0,0.0081838863379848,0.0,1.0,hold
1,2020-01-02,0,0,-0.0045227893866035,-0.0,1.0,hold
2,2020-01-03,0,0,-0.0191058530729412,-0.0,1.0,hold
3,2020-01-06,0,0,0.0049945920012428,0.0,1.0,hold
4,2020-01-07,0,0,-0.0022899444111396,-0.0,1.0,hold
5,2020-01-08,0,0,0.0158457581226116,0.0,1.0,hold
6,2020-01-09,0,0,0.0033480474426501,0.0,1.0,hold
7,2020-01-10,0,0,0.0059354808073293,0.0,1.0,hold
8,2020-01-13,0,0,0.0026562202609821,0.0,1.0,hold
9,2020-01-14,0,0,-0.0015369308543056,-0.0,1.0,hold
10,2020-01-15,0,0,0.0009884063018437,0.0,1.0,hold
11,2020-01-16,0,0,-0.0002549788049855,-0.0,1.0,hold
12,2020-01-17,0,0,-0.0103461939411514,-0.0,1.0,hold
13,2020-01-20,0,0,-0.0044746183856623,-0.0,1.0,hold
14,2020-01-21,0,0,-0.0051725551893021,-0.0,1.0,hold
15,2020-01-22,0,0,0.0060667236352978,0.0,1.0,hold
16,2020-01-23,0,0,0.0055745847042631,0.0,1.0,hold
17,2020-01-24,0,0,-0.0105525279121506,-0.0,1.0,hold
18,2020-01-27,0,0,-0.0052149678449129,-0.0,1.0,hold
19,2020-01-28,0,0,0.0061132563999481,0.0,1.0,hold
20,2020-01-29,0,0,-0.007724984155365,-0.0,1.0,hold
21,2020-01-30,0,0,-0.0061234148547233,-0.0,1.0,hold
22,2020-01-31,0,0,-0.0212503847193161,-0.0,1.0,hold
23,2020-02-03,0,0,0.0232108226866707,0.0,1.0,hold
24,2020-02-04,0,0,0.0091405004678344,0.0,1.0,hold
25,2020-02-05,0,0,0.0040366612301674,0.0,1.0,hold
26,2020-02-06,0,0,-0.0032625431230384,-0.0,1.0,hold
27,2020-02-07,0,0,-0.0055255147630383,-0.0,1.0,hold
28,2020-02-10,0,0,0.0063500303889789,0.0,1.0,hold
29,2020-02-11,0,0,0.0077056964194832,0.0,1.0,hold
30,2020-02-12,0,0,-0.0021759994314084,-0.0,1.0,hold
31,2020-02-13,0,0,-0.0050268544351488,-0.0,1.0,hold
32,2020-02-14,0,0,-0.0055847334602637,-0.0,1.0,hold
33,2020-02-17,0,0,-0.0044247626186481,-0.0,1.0,hold
34,2020-02-18,0,0,0.011123651500938,0.0,1.0,hold
35,2020-02-19,0,0,-0.0037152524595064,-0.0,1.0,hold
36,2020-02-20,0,0,-0.0208138687990014,-0.0,1.0,hold
37,2020-02-24,0,0,-0.0026628568617023,-0.0,1.0,hold
38,2020-02-25,0,0,-0.0101204779385897,-0.0,1.0,hold
39,2020-02-26,0,0,-0.0038703767874727,-0.0,1.0,hold
40,2020-02-27,0,0,-0.0370960786649383,-0.0,1.0,hold
41,2020-02-28,0,0,-0.0061597518244916,-0.0,1.0,hold
42,2020-03-02,0,0,0.0153196474085468,0.0,1.0,hold
43,2020-03-03,0,0,-0.0046269501465237,-0.0,1.0,hold
44,2020-03-04,0,0,0.0015998577904186,0.0,1.0,hold
45,2020-03-05,0,0,-0.0248069753028219,-0.0,1.0,hold
46,2020-03-06,0,0,-0.0489560433359516,-0.0,1.0,hold
47,2020-03-09,1,1,0.0006649981756232,0.0006649981756232,1.0001649981756233,enter
48,2020-03-11,0,1,-0.0830193880106471,-0.0830193880106471,0.9171319121174131,hold
49,2020-03-12,1,1,0.0380650761268936,0.0380650761268936,0.952042608170566,hold
50,2020-03-13,0,1,-0.0761210010667908,-0.0761210010667908,0.8795721717783841,hold
51,2020-03-16,1,1,-0.0250451840905282,-0.0250451840905282,0.8575431248152887,hold
52,2020-03-17,1,1,-0.055564540272715,-0.055564540272715,0.8098941353208998,hold
53,2020-03-18,1,1,-0.0242477817531284,-0.0242477817531284,0.7902559990845001,hold
54,2020-03-19,1,1,0.0583291468584656,0.0583291468584656,0.8363509573108834,hold
55,2020-03-20,0,1,-0.1298046607047124,-0.1298046607047124,0.7277887050670827,hold
56,2020-03-23,1,1,0.0250714240251634,0.0250714240251634,0.7460354042925442,hold
57,2020-03-24,1,1,0.0662474689466749,0.0662474689466749,0.7954583615715347,hold
58,2020-03-25,0,1,0.0389043564303894,0.0389043564303894,0.8264051571956473,hold
59,2020-03-26,0,1,0.0021755381634551,0.0021755381634551,0.8282030331536027,hold
60,2020-03-27,1,1,-0.0437805364308189,-0.0437805364308189,0.7919438600885066,hold
61,2020-03-30,0,1,0.0382377227133605,0.0382377227133605,0.8222259898151193,hold
62,2020-03-31,0,1,-0.0400046750966822,-0.0400046750966822,0.7893331062365175,hold
63,2020-04-01,0,1,-0.0205965741867707,-0.0205965741867707,0.7730755483558429,hold
64,2020-04-03,1,1,0.0876321046711503,0.0876321046711503,0.8408217857280691,hold
65,2020-04-07,0,1,-0.0049419024075071,-0.0049419024075071,0.8366665265208951,hold
66,2020-04-08,0,1,0.0415088316188025,0.0415088316188025,0.8713955764913394,hold
67,2020-04-09,0,1,-0.0129556707370791,-0.0129556707370791,0.8601060623205703,hold
68,2020-04-13,0,1,-0.0076218535626885,-0.0076218535626885,0.8535504598651823,hold
69,2020-04-15,0,1,0.0075627711647903,0.0075627711647903,0.8600056666707442,hold
70,2020-04-16,0,1,0.0304632818768748,0.0304632818768748,0.8862042617102448,hold
71,2020-04-17,0,1,-0.0005288143766692,-0.0005288143766692,0.885735624155987,hold
72,2020-04-20,0,1,-0.0302746671440956,-0.0302746671440956,0.8589202729569966,hold
73,2020-04-21,0,1,0.0229194177887257,0.0229194177887257,0.8786062255401044,hold
74,2020-04-22,0,1,0.0137799558770148,0.0137799558770148,0.8907133805613175,hold
75,2020-04-23,0,1,-0.0171249415723349,-0.0171249415723349,0.8754599659615081,hold
76,2020-04-24,0,1,0.0139713589754586,0.0139713589754586,0.8876913314145991,hold
77,2020-04-27,0,1,0.0106224306488902,0.0106224306488902,0.8971207710201717,hold
78,2020-04-28,0,1,0.0183830135241964,0.0183830135241964,0.9136125542866731,hold
79,2020-04-29,0,1,0.032088303452139,0.032088303452139,0.9429288311663078,hold
80,2020-04-30,0,1,-0.057444839013135,-0.057444839013135,0.8887624362591157,hold
81,2020-05-04,0,1,-0.0094582655216011,-0.0094582655216011,0.8803562851513519,hold
82,2020-05-05,0,1,0.0070935934671216,0.0070935934671216,0.886601174744441,hold
83,2020-05-06,0,1,-0.0077501195040513,-0.0077501195040513,0.8797299096877393,hold
84,2020-05-07,0,1,0.0057016970693835,0.0057016970693835,0.884745863135655,hold
85,2020-05-08,0,1,-0.0013294930214019,-0.0013294930214019,0.8835695996849019,hold
86,2020-05-11,0,1,-0.0046162427183511,-0.0046162427183511,0.8794908279542001,hold
87,2020-05-12,0,1,0.0203337125303977,0.0203337125303977,0.8973741416229423,hold
88,2020-05-13,0,1,-0.0256619093732747,-0.0256619093732747,0.8743458077266941,hold
89,2020-05-14,0,1,-0.0006453627874545,-0.0006453627874545,0.8737815374790204,hold
90,2020-05-15,0,1,-0.0343225097032598,-0.0343225097032598,0.8437911621803675,hold
91,2020-05-18,0,1,0.0063298228402233,0.0063298228402233,0.8491322107511154,hold
92,2020-05-19,0,1,0.021111396826158,0.021111396826158,0.867058577810155,hold
93,2020-05-20,0,1,0.0043787544510012,0.0043787544510012,0.8708552144170201,hold
94,2020-05-21,0,1,-0.0073575840768702,-0.0073575840768702,0.8644478239581661,hold
95,2020-05-22,0,1,-0.0011284338094974,-0.0011284338094974,0.8634723518070652,hold
96,2020-05-26,0,1,0.0316645047717616,0.0316645047717616,0.8908137762111442,hold
97,2020-05-27,0,1,0.0188030435364687,0.0188030435364687,0.9075637864281285,hold
98,2020-05-28,0,1,0.0095046626511057,0.0095046626511057,0.9161898740524881,hold
99,2020-05-29,0,1,0.0256620973194605,0.0256620973194605,0.9397012277635274,hold
100,2020-06-01,0,1,0.0155655279707429,0.0155655279707429,0.954328173508422,hold
101,2020-06-02,0,1,0.0082622880359908,0.0082622880359908,0.9622131077588096,hold
102,2020-06-03,0,1,-0.0032251686810099,-0.0032251686810099,0.9591098081792088,hold
103,2020-06-04,0,1,0.0112722762414605,0.0112722762414605,0.9699211588828991,hold
104,2020-06-05,0,1,0.0024945207587225,0.0024945207587225,0.9723406473480567,hold
105,2020-06-08,0,1,-0.0118810323499978,-0.0118810323499978,0.9607882366616967,hold
106,2020-06-09,0,1,0.0069177285262014,0.0069177285262014,0.96743470885409,hold
107,2020-06-10,0,1,-0.021169158460066,-0.021169158460066,0.94695493020259,hold
108,2020-06-11,0,1,0.0071602091117954,0.0071602091117954,0.9537353255222862,hold
109,2020-06-12,0,1,-0.0159632793948444,-0.0159632793948444,0.938510582052241,hold
110,2020-06-15,0,1,0.010220386061458,0.010220386061458,0.9481025225235786,hold
111,2020-06-16,0,1,-0.0033134566648174,-0.0033134566648174,0.9449610259013926,hold
112,2020-06-17,0,1,0.0213031875518985,0.0213031875518985,0.9650917078654044,hold
113,2020-06-18,0,1,0.0151362754442923,0.0151362754442923,0.9796996017846576,hold
114,2020-06-19,0,1,0.0065206163504338,0.0065206163504338,0.9860878470265683,hold
115,2020-06-22,0,1,0.0154976919912916,0.0154976919912916,1.001369932756142,hold
116,2020-06-23,0,1,-0.0158246772335498,-0.0158246772335498,0.9855235767788947,hold
117,2020-06-24,0,1,-0.0015913572989929,-0.0015913572989929,0.9839552566416581,hold
118,2020-06-25,0,1,0.0091457401473864,0.0091457401473864,0.9929542557355576,hold
119,2020-06-26,0,1,-0.0067995386087835,-0.0067995386087835,0.9862026249369279,hold
120,2020-06-29,0,1,-0.0009988732845714,-0.0009988732845714,0.9852175334817043,hold
121,2020-06-30,0,1,0.0124198173347171,0.0124198173347171,0.9974537552825077,hold
122,2020-07-01,0,1,0.0116634525148986,0.0116634525148986,1.0090875097930525,hold
123,2020-07-02,0,1,0.0052739760448483,0.0052739760448483,1.0144094131468568,hold
124,2020-07-03,0,1,0.014735139974255,0.014735139974255,1.0293568778407776,hold
125,2020-07-06,0,1,0.0033445902359812,0.0033445902359812,1.032799654803744,hold
126,2020-07-07,0,1,-0.008694762073642,-0.008694762073642,1.0238197075354858,hold
127,2020-07-08,0,1,0.0100600327219018,0.0100600327219018,1.0341193672946207,hold
128,2020-07-09,0,1,-0.0041985110954393,-0.0041985110954393,1.0297776056570256,hold
129,2020-07-10,0,1,0.0032178891492418,0.0032178891492418,1.0330913158404016,hold
130,2020-07-13,0,1,-0.0180834960154004,-0.0180834960154004,1.014409413146857,hold
131,2020-07-14,0,1,0.0010229309240368,0.0010229309240368,1.015447083905199,hold
132,2020-07-15,0,1,0.0114661616621005,0.0114661616621005,1.0270903643285647,hold
133,2020-07-16,0,1,0.0150605912558696,0.0150605912558696,1.0425589524885595,hold
134,2020-07-17,0,1,0.0110533217609316,0.0110533217609316,1.0540826920451554,hold
135,2020-07-20,0,1,0.0127061568657644,0.0127061568657644,1.0674760320797685,hold
136,2020-07-21,0,1,-0.0026563094918139,-0.0026563094918139,1.064640485363471,hold
137,2020-07-22,0,1,0.0074421598588463,0.0074421598588463,1.0725637100477456,hold
138,2020-07-23,0,1,-0.0018991484351116,-0.0018991484351116,1.070526752356251,hold
139,2020-07-24,0,1,-0.0055699256988469,-0.0055699256988469,1.0645639978869987,hold
140,2020-07-27,0,1,0.0151592736988444,0.0151592736988444,1.0807020149009037,hold
141,2020-07-28,1,1,-0.0086456143286032,-0.0086456143286032,1.071358682075926,hold
142,2020-07-29,0,1,-0.0089887146807479,-0.0089887146807479,1.0617285445620033,hold
143,2020-07-30,0,1,-0.0025851023723058,-0.0025851023723058,1.0589838675827112,hold
144,2020-07-31,0,1,-0.0164222155452939,-0.0164222155452939,1.041593006250279,hold
145,2020-08-03,0,1,0.0186979321613793,0.0186979321613793,1.0610686416209139,hold
146,2020-08-04,0,1,0.0005768586219327,0.0005768586219327,1.0616807282152954,hold
147,2020-08-05,0,1,0.0088725546683743,0.0088725546683743,1.071100548516745,hold
148,2020-08-06,0,1,0.001241002448872,0.001241002448872,1.0724297869204424,hold
149,2020-08-07,0,1,0.005002705259437,0.005002705259437,1.0777948370558463,hold
150,2020-08-10,0,1,0.0046449787767293,0.0046449787767293,1.0828011711996393,hold
151,2020-08-11,0,1,-0.0012452735151247,-0.0012452735151247,1.0814527875789983,hold
152,2020-08-12,0,1,-0.000703034473301,-0.000703034473301,1.080692488988083,hold
153,2020-08-13,0,1,-0.0108004373788689,-0.0108004373788689,1.069020537434953,hold
154,2020-08-14,0,1,0.0061457110453491,0.0061457110453491,1.0755904287595721,hold
155,2020-08-17,0,1,0.0122920579350753,0.0122920579350753,1.0888116486242974,hold
156,2020-08-18,0,1,0.0020246002135075,0.0020246002135075,1.0910160569205716,hold
157,2020-08-19,0,1,-0.008432399987605,-0.008432399987605,1.0818161731357177,hold
158,2020-08-20,0,1,0.0052509160938571,0.0052509160938571,1.087496699089831,hold
159,2020-08-21,0,1,0.0083410064718865,0.0083410064718865,1.0965675160950945,hold
160,2020-08-24,0,1,0.0005058064691958,0.0005058064691958,1.0971221670386455,hold
161,2020-08-25,0,1,0.0067423225064831,0.0067423225064831,1.1045193185178317,hold
162,2020-08-26,0,1,0.0008355606212675,0.0008355606212675,1.1054422113658144,hold
163,2020-08-27,0,1,0.0076431956549949,0.0076431956549949,1.1138913224725737,hold
164,2020-08-28,0,1,-0.0223307478019462,-0.0223307478019462,1.0890172962716624,hold
165,2020-08-31,0,1,0.0072667398463226,0.0072667398463226,1.0969309016518143,hold
166,2020-09-01,0,1,0.0056450382511279,0.0056450382511279,1.103123118550483,hold
167,2020-09-02,0,1,-0.0006545127600779,-0.0006545127600779,1.1024011103934548,hold
168,2020-09-03,0,1,-0.0167947449485598,-0.0167947449485598,1.0838865649133875,hold
169,2020-09-04,0,1,0.0018705202595032,0.0018705202595032,1.0859139966920615,hold
170,2020-09-07,0,1,-0.0033201259317187,-0.0033201259317187,1.0823086254720278,hold
171,2020-09-08,0,1,-0.0034769279675166,-0.0034769279675166,1.0785455163426396,hold
172,2020-09-09,0,1,0.0151844298634509,0.0151844298634509,1.094922615090084,hold
173,2020-09-10,0,1,0.0013276149365679,0.0013276149365679,1.0963762507082635,hold
174,2020-09-11,0,1,-0.0021283524468515,-0.0021283524468515,1.0940427756323987,hold
175,2020-09-14,0,1,0.0071459479106903,0.0071459479106903,1.101860748319135,hold
176,2020-09-15,0,1,0.0071820376506051,0.0071820376506051,1.1097743536992868,hold
177,2020-09-16,0,1,-0.0076220272911209,-0.0076220272911209,1.1013156232884047,hold
178,2020-09-17,0,1,-0.0009681588767627,-0.0009681588767627,1.1002493747916007,hold
179,2020-09-18,0,1,-0.0221122548386738,-0.0221122548386738,1.0759203802301172,hold
180,2020-09-21,0,1,-0.0086128603263573,-0.0086128603263573,1.066653628272914,hold
181,2020-09-22,0,1,-0.0019545871070447,-0.0019545871070447,1.0645687608434093,hold
182,2020-09-23,0,1,-0.0293122720965164,-0.0293122720965164,1.033363831660116,hold
183,2020-09-24,0,1,0.0226457884823545,0.0226457884823545,1.0567651704172063,hold
184,2020-09-25,0,1,0.0160448681873712,0.0160448681873712,1.0737208282815554,hold
185,2020-09-28,0,1,-0.0004586409458945,-0.0004586409458945,1.0732283759452457,hold
186,2020-09-29,0,1,0.0022410013176423,0.0022410013176423,1.07563348214987,hold
187,2020-09-30,0,1,0.0150610927327836,0.0150610927327836,1.0918336977710164,hold
188,2020-10-01,0,1,0.0075676439490797,0.0075676439490797,1.1000963064473546,hold
189,2020-10-05,0,1,0.0138264754746197,0.0138264754746197,1.1153067610481688,hold
190,2020-10-06,0,1,0.0065551872847253,0.0065551872847253,1.12261780574676,hold
191,2020-10-07,0,1,0.0081566766068399,0.0081566766068399,1.1317746361413166,hold
192,2020-10-08,0,1,0.0067260903253916,0.0067260903253916,1.1393870545719904,hold
193,2020-10-09,0,1,0.0014058853909966,0.0014058853909966,1.140988902186704,hold
194,2020-10-12,0,1,0.0002975290843887,0.0002975290843887,1.1413283795700693,hold
195,2020-10-13,0,1,0.0030625333853533,0.0030625333853533,1.144823735836154,hold
196,2020-10-14,0,1,-0.0242836008583533,-0.0242836008583533,1.1170232931819397,hold
197,2020-10-15,0,1,0.007028949362235,0.007028949362235,1.1248747933461527,hold
198,2020-10-16,0,1,0.0094027696218492,0.0094027696218492,1.135451731881412,hold
199,2020-10-19,0,1,0.0020003285078973,0.0020003285078973,1.1377230083500356,hold
200,2020-10-20,0,1,0.0034337457642519,0.0034337457642519,1.1416296599108495,hold
201,2020-10-21,0,1,-0.0034512817819539,-0.0034512817819539,1.137689574263861,hold
202,2020-10-22,0,1,0.0028495402835257,0.0028495402835257,1.1409314665358732,hold
203,2020-10-23,0,1,-0.0136290733045432,-0.0136290733045432,1.1253816279429958,hold
204,2020-10-26,0,1,0.0103376083469652,0.0103376083469652,1.1370153824535407,hold
205,2020-10-27,0,1,-0.0134406089457635,-0.0134406089457635,1.121733203332665,hold
206,2020-10-28,0,1,-0.0050129421843609,-0.0050129421843609,1.1161100196380804,hold
207,2020-10-29,0,1,-0.0024333734223676,-0.0024333734223676,1.113394107179855,hold
208,2020-10-30,0,1,0.0022976361491175,0.0022976361491175,1.115952281728726,hold
209,2020-11-02,0,1,0.0123701901631991,0.0123701901631991,1.1297568236667663,hold
210,2020-11-03,0,1,0.008041647267956,0.008041647267956,1.1388419295412608,hold
211,2020-11-04,0,1,0.0177855989156905,0.0177855989156905,1.1590969153284527,hold
212,2020-11-05,0,1,0.0118190145712895,0.0118190145712895,1.1727962986602565,hold
213,2020-11-06,0,1,0.0161046355374614,0.0161046355374614,1.1916837556098636,hold
214,2020-11-09,0,1,0.0136465071043638,0.0136465071043638,1.2079460764469487,hold
215,2020-11-10,0,1,0.0093460415087203,0.0093460415087203,1.2192355906177177,hold
216,2020-11-11,0,1,-0.0045768215253314,-0.0045768215253314,1.2136553669221284,hold
217,2020-11-12,0,1,0.0022969703307613,0.0022969703307613,1.2164430972917177,hold
218,2020-11-13,0,1,0.0121266198083733,0.0121266198083733,1.2311944402510946,hold
219,2020-11-17,0,1,0.0049750511655721,0.0049750511655721,1.2373196955861119,hold
220,2020-11-18,0,1,-0.0128726686134137,-0.0128726686134137,1.221392089175982,hold
221,2020-11-19,0,1,0.0068393094137191,0.0068393094137191,1.2297455675893254,hold
222,2020-11-20,0,1,0.005241475198302,0.005241475198302,1.2361912484820667,hold
223,2020-11-23,0,1,0.0099563448098976,0.0099563448098976,1.248499194802932,hold
224,2020-11-24,0,1,-0.0150706804680923,-0.0150706804680923,1.2296834623733865,hold
225,2020-11-25,0,1,0.0100012136399767,0.0100012136399767,1.241981789390129,hold
226,2020-11-26,0,1,-0.0013898363507738,-0.0013898363507738,1.2402556379522356,hold
227,2020-11-27,0,1,0.0108026946873185,0.0108026946873185,1.253653740943259,hold
228,2020-12-01,0,1,0.0003585458429504,0.0003585458429504,1.2541032332805737,hold
229,2020-12-02,0,1,0.00153658492994,0.00153658492994,1.2560302694094216,hold
230,2020-12-03,0,1,0.0094906623588735,0.0094906623588735,1.2679508286089114,hold
231,2020-12-04,0,1,0.0073311332494399,0.0073311332494399,1.2772463450871812,hold
232,2020-12-07,0,1,0.0027853318093331,0.0027853318093331,1.280803899960507,hold
233,2020-12-08,0,1,0.0101657522858669,0.0101657522858669,1.2938242351342777,hold
234,2020-12-09,0,1,-0.0037548548058806,-0.0037548548058806,1.288966112987019,hold
235,2020-12-10,0,1,0.0026375585350264,0.0026375585350264,1.2923658365596877,hold
236,2020-12-11,0,1,0.0032781762806703,0.0032781762806703,1.2966024395910465,hold
237,2020-12-14,0,1,0.0007153791977927,0.0007153791977927,1.2975300020041372,hold
238,2020-12-15,0,1,0.008464907059269,0.008464907059269,1.3085134728777155,hold
239,2020-12-16,0,1,0.0042389293905504,0.0042389293905504,1.314060169095828,hold
240,2020-12-17,0,1,0.0014445849987885,0.0014445849987885,1.3159584407036093,hold
241,2020-12-18,0,1,-0.0314049525779333,-0.0314049525779333,1.2746308282787815,hold
242,2020-12-21,0,1,0.0103462838766079,0.0103462838766079,1.2878185206660298,hold
243,2020-12-22,0,1,0.0100101591857162,0.0100101591857162,1.3007097890602104,hold
244,2020-12-23,0,1,0.0108925303747413,0.0108925303747413,1.3148778099462721,hold
245,2020-12-24,0,1,0.0090150513891666,0.0090150513891666,1.3267315009734126,hold
246,2020-12-28,0,1,0.0042815942411449,0.0042815942411449,1.332412026927526,hold
247,2020-12-29,0,1,0.0035420946069744,0.0035420946069744,1.3371315563823738,hold
248,2020-12-30,0,1,-1.4318125132972703e-05,-1.4318125132972703e-05,1.3371124111654302,hold
249,2020-12-31,0,1,0.0026284263414808,0.0026284263414808,1.3406269126484585,hold
250,2021-01-01,0,1,0.0081606727271106,0.0081606727271106,1.3515673301317392,hold
251,2021-01-04,0,1,0.0047123808655142,0.0047123808655142,1.3579364301567063,hold
252,2021-01-05,0,1,-0.0037501320469031,-0.0037501320469031,1.3528439892323185,hold
253,2021-01-06,0,1,-0.000629169612088,-0.000629169612088,1.3519928209043977,hold
254,2021-01-07,0,1,0.014847223590326,0.014847223590326,1.3720661606088809,hold
255,2021-01-08,0,1,0.0095837181341371,0.0095837181341371,1.3852156559535442,hold
256,2021-01-11,0,1,0.0054333140242324,0.0054333140242324,1.392741967603623,hold
257,2021-01-12,0,1,9.609083312889231e-05,9.609083312889231e-05,1.3928757973396235,hold
258,2021-01-13,0,1,0.002111247340323,0.002111247340323,1.3958165026621572,hold
259,2021-01-14,0,1,-0.0110923441582015,-0.0110923441582015,1.3803336256329313,hold
260,2021-01-15,0,1,-0.0105586501425666,-0.0105586501425666,1.3657591657998527,hold
261,2021-01-18,0,1,0.0167947308170628,0.0167947308170628,1.3886967233503975,hold
262,2021-01-19,0,1,0.008508265623863,0.008508265623863,1.400512123943651,hold
263,2021-01-20,0,1,-0.0037112802046228,-0.0037112802046228,1.395314431021725,hold
264,2021-01-21,0,1,-0.0149721716475961,-0.0149721716475961,1.3744235438580998,hold
265,2021-01-22,0,1,-0.0092541693433081,-0.0092541693433081,1.3617043956338073,hold
266,2021-01-25,0,1,-0.0190604880418779,-0.0190604880418779,1.3357496452842565,hold
267,2021-01-27,0,1,-0.0107356502819043,-0.0107356502819043,1.3214095042283072,hold
268,2021-01-28,0,1,-0.0132404223540728,-0.0132404223540728,1.3039134842896385,hold
269,2021-01-29,0,1,0.0474235111013383,0.0474235111013383,1.365749639887033,hold
270,2021-02-01,0,1,0.0256735714819573,0.0256735714819573,1.4008133108931302,hold
271,2021-02-02,0,1,0.0097011226717231,0.0097011226717231,1.4144027726622872,hold
272,2021-02-03,0,1,0.0071467580293813,0.0071467580293813,1.4245111670345907,hold
273,2021-02-04,0,1,0.0019199973566108,0.0019199973566108,1.4272462247097597,hold
274,2021-02-05,0,1,0.0128348027329681,0.0128348027329681,1.4455646484552829,hold
275,2021-02-08,0,1,-0.0004300136336804,-0.0004300136336804,1.4449430359480806,hold
276,2021-02-09,0,1,-0.0001853034041081,-0.0001853034041081,1.444675283084777,hold
277,2021-02-10,0,1,0.0044219246475027,0.0044219246475027,1.4510635283266877,hold
278,2021-02-11,0,1,-0.0006590524229219,-0.0006590524229219,1.4501072013925305,hold
279,2021-02-12,-1,-1,0.0099846598415338,-0.0099846598415338,1.4341782670514749,flip
280,2021-02-15,0,-1,-8.162092525865194e-05,8.162092525865194e-05,1.4342953260086173,hold
281,2021-02-16,-1,-1,-0.0068273186874309,0.0068273186874309,1.4440877172911706,hold
282,2021-02-17,0,-1,-0.0059143128695843,0.0059143128695843,1.4526285038623543,hold
283,2021-02-18,0,-1,-0.0090747170630297,0.0090747170630297,1.4658106965325972,hold
284,2021-02-19,0,-1,-0.0204281745915864,0.0204281745915864,1.49575453335958,hold
285,2021-02-22,0,-1,0.0021872625461001,-0.0021872625461001,1.4924829254906031,hold
286,2021-02-23,0,-1,0.0186431824578623,-0.0186431824578623,1.4646582939954376,hold
287,2021-02-24,0,-1,0.0076992130139501,-0.0076992130139501,1.453381577797318,hold
288,2021-02-25,0,-1,-0.0376356932475859,0.0376356932475859,1.5080806010309902,hold
289,2021-02-26,0,-1,0.0159953891187234,-0.0159953891187234,1.483958264995101,hold
290,2021-03-01,0,-1,0.0106729853417877,-0.0106729853417877,1.4681200001849837,hold
291,2021-03-02,0,-1,0.0218846987116321,-0.0218846987116321,1.435990636308414,hold
292,2021-03-03,0,-1,-0.0108129305241382,0.0108129305241382,1.45151790329213,hold
293,2021-03-04,0,-1,-0.0094591045289524,0.0094591045289524,1.4652479628650161,hold
294,2021-03-05,0,-1,0.0012117060677612,-0.0012117060677612,1.4634725130176378,hold
295,2021-03-08,0,-1,0.0095077756017913,-0.0095077756017913,1.4495581447644765,hold
296,2021-03-09,0,-1,0.0050600998838219,-0.0050600998838219,1.4422232357645606,hold
297,2021-03-10,0,-1,-0.0094795062357636,0.0094795062357636,1.4558947999213538,hold
298,2021-03-12,0,-1,-0.006749419963093,0.006749419963093,1.4657212453481065,hold
299,2021-03-15,0,-1,-0.0012759841044576,0.0012759841044576,1.4675914823587366,hold
300,2021-03-16,0,-1,-0.0126857598628687,0.0126857598628687,1.486208995480731,hold
301,2021-03-17,0,-1,-0.0111029730717429,0.0111029730717429,1.5027103339365355,hold
302,2021-03-18,0,-1,0.0127869428260285,-0.0127869428260285,1.4834952628124067,hold
303,2021-03-19,0,-1,-0.0005154374236977,0.0005154374236977,1.4842599117887385,hold
304,2021-03-22,0,-1,0.0053167399974314,-0.0053167399974314,1.4763684877491472,hold
305,2021-03-23,0,-1,-0.0179111769942118,0.0179111769942118,1.5028119850418988,hold
306,2021-03-24,0,-1,-0.0154301891468089,0.0154301891468089,1.5260006582231866,hold
307,2021-03-25,0,-1,0.0127330319296232,-0.0127330319296232,1.506570043117405,hold
308,2021-03-26,0,-1,0.0232848158675504,-0.0232848158675504,1.4714898370718488,hold
309,2021-03-30,0,-1,-0.0104006990943323,0.0104006990943323,1.4867943600876012,hold
310,2021-03-31,0,-1,0.0120245741669184,-0.0120245741669184,1.4689162910337719,hold
311,2021-04-01,0,-1,-0.015439860548026,0.015439860548026,1.4915961537240567,hold
312,2021-04-05,0,-1,0.0031220672452334,-0.0031220672452334,1.4869392902293987,hold
313,2021-04-06,0,-1,0.0092314369658119,-0.0092314369658119,1.473212703899657,hold
314,2021-04-07,0,-1,0.0036945688638336,-0.0036945688638336,1.4677698181140253,hold
315,2021-04-08,0,-1,-0.0026187118170183,0.0026187118170183,1.4716134842813833,hold
316,2021-04-09,0,-1,-0.0353255893040076,0.0353255893040076,1.5235990978413472,hold
317,2021-04-12,0,-1,0.0135561955060299,-0.0135561955060299,1.502944890598199,hold
318,2021-04-13,0,-1,0.0052844845607746,-0.0052844845607746,1.495002601528138,hold
319,2021-04-15,0,-1,0.0024962821650071,-0.0024962821650071,1.4912706531973041,hold
320,2021-04-16,0,-1,-0.0176769785548196,0.0176769785548196,1.5176318125533048,hold
321,2021-04-19,0,-1,-0.004390823034999,0.004390823034999,1.524295465274511,hold
322,2021-04-20,0,-1,0.0076767575754221,-0.0076767575754221,1.5125938185142835,hold
323,2021-04-22,0,-1,-0.0044981330537942,0.0044981330537942,1.5193976667663072,hold
324,2021-04-23,0,-1,0.0100165182871698,-0.0100165182871698,1.5041785922516593,hold
325,2021-04-26,0,-1,0.011601643402658,-0.011601643402658,1.4867276486104435,hold
326,2021-04-27,0,-1,0.014433855260107,-0.014433855260107,1.465268436919201,hold
327,2021-04-28,0,-1,0.0020418099664161,-0.0020418099664161,1.4622766372212244,hold
328,2021-04-29,0,-1,-0.0177108120451774,0.0177108120451774,1.4881747439011035,hold
329,2021-04-30,0,-1,0.0002085134632017,-0.0002085134632017,1.4878644394314033,hold
330,2021-05-03,0,-1,-0.0094061074234402,0.0094061074234402,1.5018594521802118,hold
331,2021-05-04,0,-1,0.0083709591539336,-0.0083709591539336,1.489287448051062,hold
332,2021-05-05,0,-1,0.0073164109749706,-0.0073164109749706,1.4783912090212552,hold
333,2021-05-06,0,-1,0.0066792477481554,-0.0066792477481554,1.4685166678675072,hold
334,2021-05-07,0,-1,0.0080414227481215,-0.0080414227481215,1.456707704528522,hold
335,2021-05-10,0,-1,-0.0061302011912188,0.0061302011912188,1.4656376158340803,hold
336,2021-05-11,0,-1,-0.0103866808073666,0.0103866808073666,1.4808607259290185,hold
337,2021-05-12,0,-1,-0.0012724250884564,0.0012724250884564,1.4827450102692004,hold
338,2021-05-14,0,-1,0.0167157604819725,-0.0167157604819725,1.4579597998217004,hold
339,2021-05-17,0,-1,0.012393443335275,-0.012393443335275,1.4398906576575012,hold
340,2021-05-18,0,-1,-0.0051594324081388,0.0051594324081388,1.4473196761807956,hold
341,2021-05-19,0,-1,-0.0082567760609306,0.0082567760609306,1.459269870635599,hold
342,2021-05-20,0,-1,0.0180631356749747,-0.0180631356749747,1.4329108809759055,hold
343,2021-05-21,0,-1,0.0014761086049899,-0.0014761086049899,1.4307957488943133,hold
344,2021-05-24,0,-1,0.0007073438653115,-0.0007073438653115,1.4297836842988192,hold
345,2021-05-25,0,-1,0.0061150215048646,-0.0061150215048646,1.4210405263220274,hold
346,2021-05-26,0,-1,0.0023788211965458,-0.0023788211965458,1.417660124996862,hold
347,2021-05-27,0,-1,0.006376433707514,-0.006376433707514,1.4086205091900335,hold
348,2021-05-28,0,-1,0.0095330880357249,-0.0095330880357249,1.395192005866997,hold
349,2021-05-31,0,-1,-0.0005101904286871,0.0005101904286871,1.3959038194745712,hold
350,2021-06-01,0,-1,8.67158252806366e-05,-8.67158252806366e-05,1.395782772522853,hold
351,2021-06-02,0,-1,0.0073284506253876,-0.0073284506253876,1.3855538473906528,hold
352,2021-06-03,0,-1,-0.0012810173052479,0.0012810173052479,1.3873287658465132,hold
353,2021-06-04,-1,-1,0.0051945814919991,-0.0051945814919991,1.3801221735161289,hold
354,2021-06-07,0,-1,-0.0007333060957773,0.0007333060957773,1.3811342255188856,hold
355,2021-06-08,-1,-1,-0.0066549769442125,0.0066549769442125,1.3903256419465768,hold
356,2021-06-09,0,-1,0.006549286916079,-0.006549286916079,1.381220000410687,hold
357,2021-06-10,0,-1,0.0039141306333496,-0.0039141306333496,1.3758137248956843,hold
358,2021-06-11,0,-1,0.0007911718082738,-0.0007911718082738,1.3747252198631106,hold
359,2021-06-14,0,-1,0.0036302135450976,-0.0036302135450976,1.3697346737491762,hold
360,2021-06-15,0,-1,-0.0064086327528081,0.0064086327528081,1.3785128002420222,hold
361,2021-06-16,0,-1,-0.0048295020472909,0.0048295020472909,1.3851703306330077,hold
362,2021-06-17,0,-1,-0.0005130696464038,0.0005130696464038,1.3858810194847544,hold
363,2021-06-18,0,-1,0.0040265882096546,-0.0040265882096546,1.380300647311713,hold
364,2021-06-21,0,-1,0.0016670371193598,-0.0016670371193598,1.377999634896768,hold
365,2021-06-22,0,-1,-0.0054397492312691,0.0054397492312691,1.3854956073513867,hold
366,2021-06-23,0,-1,0.0065978407983298,-0.0065978407983298,1.376354327907297,hold
367,2021-06-24,0,-1,0.0044266891189239,-0.0044266891189239,1.370261635180166,hold
368,2021-06-25,0,-1,-0.0028782098242977,0.0028782098242977,1.3742055356803997,hold
369,2021-06-28,0,-1,-0.0041891404314852,0.0041891404314852,1.3799622756510892,hold
370,2021-06-29,0,-1,-0.0017112919035373,0.0017112919035373,1.382323793920598,hold
371,2021-06-30,0,-1,-0.002639697229908,0.002639697229908,1.3859727102102462,hold
372,2021-07-01,0,-1,0.0026913389867666,-0.0026913389867666,1.3822425878206628,hold
373,2021-07-02,0,-1,0.007133188273225,-0.007133188273225,1.3723827912024684,hold
374,2021-07-05,0,-1,-0.0010167521731027,0.0010167521731027,1.3737781643877522,hold
375,2021-07-06,0,-1,0.0038816171589777,-0.0038816171589777,1.3684456834922358,hold
376,2021-07-07,0,-1,-0.0095562557277451,0.0095562557277451,1.3815229003932166,hold
377,2021-07-08,0,-1,-0.0024224839292732,0.0024224839292732,1.384869617417342,hold
378,2021-07-09,0,-1,0.0001784474449868,-0.0001784474449868,1.384622490972474,hold
379,2021-07-12,0,-1,0.0076309854951284,-0.0076309854951284,1.3740564568276346,hold
380,2021-07-13,0,-1,0.0026308921169333,-0.0026308921169333,1.3704414625271453,hold
381,2021-07-14,0,-1,0.0044310723280038,-0.0044310723280038,1.3643689372853922,hold
382,2021-07-15,0,-1,-5.0225736783704455e-05,5.0225736783704455e-05,1.3644374637205123,hold
383,2021-07-16,0,-1,-0.0107389122803617,0.0107389122803617,1.379090037955446,hold
384,2021-07-19,0,-1,-0.0076369809214345,0.0076369809214345,1.3896221222642522,hold
385,2021-07-20,0,-1,0.0122792331234495,-0.0122792331234495,1.3725586282714668,hold
386,2021-07-22,0,-1,0.0020222383267853,-0.0020222383267853,1.3697829876076164,hold
387,2021-07-23,0,-1,-0.0019929055322251,0.0019929055322251,1.3725128357015677,hold
388,2021-07-26,0,-1,-0.0049290812026508,0.0049290812026508,1.379278062920421,hold
389,2021-07-27,0,-1,-0.0023528988583426,0.0023528988583426,1.3825233647000035,hold
390,2021-07-28,0,-1,0.0043954449546468,-0.0043954449546468,1.3764465593519515,hold
391,2021-07-29,0,-1,-0.0009760394990868,0.0009760394990868,1.377790025562261,hold
392,2021-07-30,0,-1,0.0077460001364197,-0.0077460001364197,1.367117663836298,hold
393,2021-08-02,0,-1,0.0154609558824161,-0.0154609558824161,1.3459807179496532,hold
394,2021-08-03,0,-1,0.0079382424678022,-0.0079382424678022,1.3352959966535825,hold
395,2021-08-04,0,-1,0.0022018725316477,-0.0022018725316477,1.3323558450769317,hold
396,2021-08-05,0,-1,-0.0034612335015614,0.0034612335015614,1.336967439763913,hold
397,2021-08-06,0,-1,0.0012347307242392,-0.0012347307242392,1.3353166449887293,hold
398,2021-08-09,0,-1,0.0013439090538649,-0.0013439090538649,1.3335221008597524,hold
399,2021-08-10,0,-1,0.0001320870680521,-0.0001320870680521,1.333345959835267,hold
400,2021-08-11,0,-1,0.0050453954843463,-0.0050453954843463,1.3266187021504428,hold
401,2021-08-12,0,-1,0.0100644823408473,-0.0100644823408473,1.3132669716496117,hold
402,2021-08-13,0,-1,0.0020540242770237,-0.0020540242770237,1.31056948940763,hold
403,2021-08-16,0,-1,0.0031122785775283,-0.0031122785775283,1.3064906320613845,hold
404,2021-08-17,0,-1,-0.0027536023181795,0.0027536023181795,1.3100881876945085,hold
405,2021-08-18,-1,-1,-0.0071428984006249,0.0071428984006249,1.3194460145150693,hold
406,2021-08-20,-1,-1,0.0027931806783987,-0.0027931806783987,1.3157605634011356,hold
407,2021-08-23,0,-1,0.0077683620836017,-0.0077683620836017,1.3055392589293118,hold
408,2021-08-24,0,-1,0.0006045728309951,-0.0006045728309951,1.3047499653635657,hold
409,2021-08-25,0,-1,0.0001352598309651,-0.0001352598309651,1.304573485103799,hold
410,2021-08-26,0,-1,0.00410526158848,-0.00410526158848,1.2992178696860528,hold
411,2021-08-27,0,-1,0.0135198365217041,-0.0135198365217041,1.2816526564818207,hold
412,2021-08-30,0,-1,0.0118804461754233,-0.0118804461754233,1.2664260510809002,hold
413,2021-08-31,0,-1,-0.0032657347743637,0.0032657347743637,1.2705618626750752,hold
414,2021-09-01,0,-1,0.009246783727399,-0.009246783727399,1.2588132519186377,hold
415,2021-09-02,0,-1,0.0051902308336972,-0.0051902308336972,1.252279720564663,hold
416,2021-09-03,0,-1,0.0031287476677577,-0.0031287476677577,1.248361653309566,hold
417,2021-09-06,0,-1,-0.0009035189246697,0.0009035189246697,1.2494895716881633,hold
418,2021-09-07,-1,-1,-0.0004953092983268,0.0004953092983268,1.250108455491183,hold
419,2021-09-08,-1,-1,0.0009075978909154,-0.0009075978909154,1.2489738596935636,hold
420,2021-09-09,-1,-1,-0.0008030985074197,0.0008030985074197,1.2499769087360897,hold
421,2021-09-13,-1,-1,0.001423151293159,-0.001423151293159,1.2481980024820032,hold
422,2021-09-14,0,-1,0.0080235453826236,-0.0080235453826236,1.2381830291625886,hold
423,2021-09-15,0,-1,0.0062816347635072,-0.0062816347635072,1.2304052156030163,hold
424,2021-09-16,0,-1,-0.0025156476006126,0.0025156476006126,1.2335004815314292,hold
425,2021-09-17,-1,-1,-0.010705054879733,0.010705054879733,1.2467051718804,hold
426,2021-09-20,0,-1,0.0094901738624639,-0.0094901738624639,1.234873723044022,hold
427,2021-09-21,0,-1,-0.0008740239935656,0.0008740239935656,1.2359530323069863,hold
428,2021-09-22,0,-1,0.0157465283671818,-0.0157465283671818,1.21649106282326,hold
429,2021-09-23,0,-1,0.0016972499684944,-0.0016972499684944,1.2144263734052094,hold
430,2021-09-24,0,-1,0.0001064453827974,-0.0001064453827974,1.2142971033250132,hold
431,2021-09-27,0,-1,-0.0059646824901542,0.0059646824901542,1.221539999995061,hold
432,2021-09-28,0,-1,-0.0021015082285871,0.0021015082285871,1.2241070763565989,hold
433,2021-09-29,0,-1,-0.0052593760207388,0.0052593760207388,1.2305451157608056,hold
434,2021-09-30,0,-1,-0.0048869834497958,0.0048869834497958,1.2365587693757556,hold
435,2021-10-01,0,-1,0.0090804675811375,-0.0090804675811375,1.2253302375582678,hold
436,2021-10-04,0,-1,0.0074076609199462,-0.0074076609199462,1.2162534066434791,hold
437,2021-10-05,0,-1,-0.0098921448702895,0.0098921448702895,1.2282847615409795,hold
438,2021-10-06,0,-1,0.0081803020160375,-0.0081803020160375,1.2182370212298776,hold
439,2021-10-07,0,-1,0.0058936227604964,-0.0058936227604964,1.211057191793878,hold
440,2021-10-08,0,-1,0.0028359561343596,-0.0028359561343596,1.2076226867217499,hold
441,2021-10-11,0,-1,0.0025632525445875,-0.0025632525445875,1.204527244797109,hold
442,2021-10-12,0,-1,0.0094375978492116,-0.0094375978492116,1.193159401062295,hold
443,2021-10-13,0,-1,0.0097347877407187,-0.0097347877407187,1.1815442475521105,hold
444,2021-10-14,0,-1,0.0075523961327199,-0.0075523961327199,1.1726207573462606,hold
445,2021-10-18,0,-1,-0.0031553077349963,0.0031553077349963,1.1763207366921327,hold
446,2021-10-19,0,-1,-0.00826062521208,0.00826062521208,1.1860378814271442,hold
447,2021-10-20,0,-1,-0.0048449082967022,0.0048449082967022,1.1917841261990736,hold
448,2021-10-21,0,-1,-0.0034766680845673,0.0034766680845673,1.1959275640343239,hold
449,2021-10-22,0,-1,0.0005796333280105,-0.0005796333280105,1.1952343645603232,hold
450,2021-10-25,0,-1,0.0078894808897,-0.0078894808897,1.1858045858824118,hold
451,2021-10-26,0,-1,-0.0031448386638428,0.0031448386638428,1.189533749991857,hold
452,2021-10-27,0,-1,-0.0194223384240636,0.0194223384240636,1.2126372770510443,hold
453,2021-10-28,0,-1,-0.0103935157639054,0.0103935157639054,1.2252408417059737,hold
454,2021-10-29,0,-1,0.0145996550575078,-0.0145996550575078,1.207352748054696,hold
455,2021-11-01,0,-1,-0.0022700482713416,0.0022700482713416,1.210093497073317,hold
456,2021-11-02,0,-1,-0.0033400508475575,0.0033400508475575,1.2141352708838404,hold
457,2021-11-03,0,-1,0.0049133761659847,-0.0049133761659847,1.2081697675815983,hold
458,2021-11-04,0,-1,0.0084697040421863,-0.0084697040421863,1.1979369272174651,hold
459,2021-11-08,0,-1,-0.0013449214352717,0.0013449214352717,1.1995480582689835,hold
460,2021-11-09,0,-1,-0.0014991358050348,0.0014991358050348,1.2013463437129943,hold
461,2021-11-10,0,-1,-0.007970140510272,0.007970140510272,1.2109212428738882,hold
462,2021-11-11,0,-1,0.0128206066843303,-0.0128206066843303,1.1953964978933018,hold
463,2021-11-12,0,-1,0.0003700663573213,-0.0003700663573213,1.1949541218657718,hold
464,2021-11-15,0,-1,-0.0060879819517564,0.0060879819517564,1.2022289809928675,hold
465,2021-11-16,0,-1,-0.005586294529162,0.005586294529162,1.208944986172188,hold
466,2021-11-17,0,-1,-0.0074781956434608,0.0074781956434608,1.2179857133009646,hold
467,2021-11-18,0,-1,-0.0196033721001568,0.0196033721001568,1.2418623404514781,hold
468,2021-11-22,0,-1,0.0049836979327988,-0.0049836979327988,1.2356732736725493,hold
469,2021-11-23,0,-1,-0.0050446817378146,0.0050446817378146,1.2419068520701508,hold
470,2021-11-24,0,-1,0.006959452503032,-0.006959452503032,1.2332638603199786,hold
471,2021-11-25,0,-1,-0.0290712541877539,0.0290712541877539,1.269116387483911,hold
472,2021-11-26,0,-1,0.0016151341742889,-0.0016151341742889,1.2670665942353356,hold
473,2021-11-29,0,-1,-0.004148599194972,0.004148599194972,1.272323145688156,hold
474,2021-11-30,0,-1,0.0108166411704213,-0.0108166411704213,1.2585608827684256,hold
475,2021-12-01,0,-1,0.0136745711024337,-0.0136745711024337,1.241350602490267,hold
476,2021-12-02,0,-1,-0.0117776858673942,0.0117776858673942,1.2559708399376979,hold
477,2021-12-03,0,-1,-0.0165409195759996,0.0165409195759996,1.276745752590908,hold
478,2021-12-06,0,-1,0.0156365485816494,-0.0156365485816494,1.2567818556041057,hold
479,2021-12-07,0,-1,0.0170609485278816,-0.0170609485278816,1.2353399650548684,hold
480,2021-12-08,0,-1,0.0026960665936832,-0.0026960665936832,1.2320094062432423,hold
481,2021-12-09,0,-1,-0.0003167708948091,0.0003167708948091,1.2323996709652711,hold
482,2021-12-10,0,-1,-0.0081690551168631,0.0081690551168631,1.2424672118033904,hold
483,2021-12-13,0,-1,-0.0024959111813221,0.0024959111813221,1.2455682996097566,hold
484,2021-12-14,0,-1,-0.0059740603216401,0.0059740603216401,1.2530093997663478,hold
485,2021-12-15,0,-1,0.0015678167505297,-0.0015678167505297,1.251044910640823,hold
486,2021-12-16,0,-1,-0.01525945397337,0.01525945397337,1.2701351728733654,hold
487,2021-12-17,0,-1,-0.0218425462793778,0.0218425462793778,1.2978781591679176,hold
488,2021-12-20,0,-1,0.009428705444209,-0.009428705444209,1.2856408483026511,hold
489,2021-12-21,0,-1,0.0110071709945933,-0.0110071709945933,1.27148957964775,hold
490,2021-12-22,0,-1,0.0069093062126275,-0.0069093062126275,1.2627044687957985,hold
491,2021-12-23,0,-1,-0.0040327548791804,0.0040327548791804,1.2677966464032975,hold
492,2021-12-24,0,-1,0.0048518709108285,-0.0048518709108285,1.2616454607337675,hold
493,2021-12-27,0,-1,0.0086034091740434,-0.0086034091740434,1.2507910086025003,hold
494,2021-12-28,0,-1,-0.0011402602889762,0.0011402602889762,1.2522172359194184,hold
495,2021-12-29,0,-1,-0.0005606259494814,0.0005606259494814,1.2529192613962628,hold
496,2021-12-30,0,-1,0.0087248317576065,-0.0087248317576065,1.2419877516347158,hold
497,2021-12-31,0,-1,0.0156533158122078,-0.0156533158122078,1.2225465251234837,hold
498,2022-01-03,0,-1,0.0101868742352642,-0.0101868742352642,1.2100925974252914,hold
499,2022-01-04,0,-1,0.006739585234692,-0.006739585234692,1.2019370752230738,hold
500,2022-01-05,0,-1,-0.0100054174627969,0.0100054174627969,1.2139629574246937,hold
501,2022-01-06,0,-1,0.0037641836511315,-0.0037641836511315,1.2093933779072765,hold
502,2022-01-07,0,-1,0.0107003189218717,-0.0107003189218717,1.196452483061669,hold
503,2022-01-10,0,-1,0.0029133112526023,-0.0029133112526023,1.1929668445795614,hold
504,2022-01-11,-1,-1,0.0086731157318304,-0.0086731157318304,1.1826201050722864,hold
505,2022-01-12,0,-1,0.0024956237305924,-0.0024956237305924,1.1796687302737923,hold
506,2022-01-13,0,-1,-0.0001123235637506,0.0001123235637506,1.1798012348696216,hold
507,2022-01-14,0,-1,0.0028675682661627,-0.0028675682661627,1.1764180742881298,hold
508,2022-01-17,0,-1,-0.0106536905679234,0.0106536905679234,1.1889512684301078,hold
509,2022-01-18,0,-1,-0.0096422404339412,0.0096422404339412,1.2004154224245502,hold
510,2022-01-19,0,-1,-0.010112406160797,0.010112406160797,1.212554510737792,hold
511,2022-01-20,0,-1,-0.0078757453046686,0.0078757453046686,1.2221042812323897,hold
512,2022-01-21,0,-1,-0.0265679051873833,0.0265679051873833,1.254573031905267,hold
513,2022-01-24,0,-1,0.0075134912216943,-0.0075134912216943,1.2451468084430724,hold
514,2022-01-25,0,-1,-0.0097117329146276,0.0097117329146276,1.2572393416861725,hold
515,2022-01-27,0,-1,-0.0004793161771092,0.0004793161771092,1.257841956841141,hold
516,2022-01-28,0,-1,0.0139107178709299,-0.0139107178709299,1.2403444722533055,hold
517,2022-01-31,0,-1,0.0136679386118703,-0.0136679386118703,1.2233915201489747,hold
518,2022-02-01,0,-1,0.0115578385853996,-0.0115578385853996,1.2092517584323461,hold
519,2022-02-02,0,-1,-0.0123622486642295,0.0123622486642295,1.2242008293677435,hold
520,2022-02-03,0,-1,-0.0024998826581151,0.0024998826581151,1.2272611877911301,hold
521,2022-02-04,0,-1,-0.0172811129276234,0.0172811129276234,1.2484696269690378,hold
522,2022-02-07,0,-1,0.0030876976246183,-0.0030876976246183,1.2446147302674375,hold
523,2022-02-08,0,-1,0.0114121523303458,-0.0114121523303458,1.2304109973730333,hold
524,2022-02-09,0,-1,0.008133901085124,-0.008133901085124,1.2204029560263523,hold
525,2022-02-10,0,-1,-0.0131262969128136,0.0131262969128136,1.2364223275804296,hold
526,2022-02-11,0,-1,-0.0306162228952934,0.0306162228952934,1.2742769091543493,hold
527,2022-02-14,0,-1,0.0302591263839775,-0.0302591263839775,1.2357184031120636,hold
528,2022-02-15,0,-1,-0.0017432697608654,0.0017432697608654,1.2378725936371537,hold
529,2022-02-16,0,-1,-0.0010160147191904,0.0010160147191904,1.2391302904127715,hold
530,2022-02-17,0,-1,-0.0016353356196504,0.0016353356196504,1.2411566843140711,hold
531,2022-02-18,0,-1,-0.004031556958107,0.004031556958107,1.2461604781808187,hold
532,2022-02-21,0,-1,-0.0066515660675804,0.0066515660675804,1.2544493969322459,hold
533,2022-02-22,0,-1,-0.0016937094155936,0.0016937094155936,1.2565740696872156,hold
534,2022-02-23,0,-1,-0.0477810384708364,0.0477810384708364,1.3166144836523959,hold
535,2022-02-24,0,-1,0.0252616601096495,-0.0252616601096495,1.2833546160709275,hold
536,2022-02-25,0,-1,0.0081340342903666,-0.0081340342903666,1.2729157656171062,hold
537,2022-02-28,0,-1,-0.0111916331229355,0.0111916331229355,1.2871617718622934,hold
538,2022-03-02,0,-1,-0.006497577228417,0.006497577228417,1.2955252048804349,hold
539,2022-03-03,0,-1,-0.0153170320073322,0.0153170320073322,1.315368805909894,hold
540,2022-03-04,0,-1,-0.0235266847399477,0.0235266847399477,1.3463150731232976,hold
541,2022-03-07,0,-1,0.0094747765094835,-0.0094747765094835,1.3335590386941054,hold
542,2022-03-08,0,-1,0.0207262900882942,-0.0207262900882942,1.3059193072082647,hold
543,2022-03-09,0,-1,0.0152673871904744,-0.0152673871904744,1.2859813315056001,hold
544,2022-03-10,0,-1,0.0021421537513466,-0.0021421537513466,1.2832265617721537,hold
545,2022-03-11,0,-1,0.014482565042708,-0.014482565042708,1.264642149626758,hold
546,2022-03-14,0,-1,-0.0123464565033122,0.0123464565033122,1.28025599891938,hold
547,2022-03-15,0,-1,0.0187451004846066,-0.0187451004846066,1.256257471573616,hold
548,2022-03-16,0,-1,0.0183619883565082,-0.0183619883565082,1.2331900865078047,hold
549,2022-03-17,0,-1,-0.0098022024704637,0.0098022024704637,1.2452780654203228,hold
550,2022-03-21,0,-1,0.0115612232521558,-0.0115612232521558,1.2308811276949858,hold
551,2022-03-22,0,-1,-0.004033935455228,0.004033935455228,1.2358464227171655,hold
552,2022-03-23,-1,-1,-0.0013278937068936,0.0013278937068936,1.2374874954045787,hold
553,2022-03-24,-1,-1,-0.0040498758909001,0.0040498758909001,1.242499166177508,hold
554,2022-03-25,0,-1,0.0040226199498629,-0.0040226199498629,1.2375010642439543,hold
555,2022-03-28,-1,-1,0.005998187274997,-0.005998187274997,1.230078301107611,hold
556,2022-03-29,0,-1,0.0099824655821947,-0.0099824655821947,1.2177990868033999,hold
557,2022-03-30,0,-1,-0.0019144771620018,0.0019144771620018,1.2201305353429917,hold
558,2022-03-31,-1,-1,0.0117779652585923,-0.0117779652585923,1.2057598802867742,hold
559,2022-04-01,0,-1,0.0216718413399843,-0.0216718413399843,1.1796288434670807,hold
560,2022-04-04,0,-1,-0.005317557796472,0.005317557796472,1.1859015880206023,hold
561,2022-04-05,-1,-1,-0.0083391803235717,0.0083391803235717,1.1957910352091161,hold
562,2022-04-06,0,-1,-0.0094397411049521,0.0094397411049521,1.2070789929971129,hold
563,2022-04-07,-1,-1,0.0082087593907955,-0.0082087593907955,1.1971703719779159,hold
564,2022-04-08,0,-1,-0.006151497975913,0.006151497975913,1.204534763097961,hold
565,2022-04-11,0,-1,-0.0081838106412522,0.0081838106412522,1.2143924475099603,hold
566,2022-04-12,0,-1,-0.0031174816283502,0.0031174816283502,1.21817829365468,hold
567,2022-04-13,0,-1,-0.0172811880101475,0.0172811880101475,1.239229861777207,hold
568,2022-04-18,0,-1,-0.0125191788064678,0.0125191788064678,1.2547440019991103,hold
569,2022-04-19,0,-1,0.010490244596548,-0.010490244596548,1.241581430512088,hold
570,2022-04-20,0,-1,0.014941678252146,-0.014941678252146,1.2230301202535372,hold
571,2022-04-21,0,-1,-0.0126864526051679,0.0126864526051679,1.2385460339088266,hold
572,2022-04-22,0,-1,-0.0126951225643019,0.0126951225643019,1.254269527610829,hold
573,2022-04-25,0,-1,0.0145601216162072,-0.0145601216162072,1.2360072107493127,hold
574,2022-04-26,0,-1,-0.0094414436101153,0.0094414436101153,1.2476769031312984,hold
575,2022-04-27,0,-1,0.0121285088909346,-0.0121285088909346,1.2325444427186567,hold
576,2022-04-28,0,-1,-0.0082632403816946,0.0082632403816946,1.2427292537299628,hold
577,2022-04-29,0,-1,-0.0019559171203674,0.0019559171203674,1.2451599291533146,hold
578,2022-05-02,0,-1,-0.0229361834519363,0.0229361834519363,1.2737191457153751,hold
579,2022-05-04,0,-1,0.0003028482136697,-0.0003028482136697,1.2733334021473783,hold
580,2022-05-05,0,-1,-0.0162684216398562,0.0162684216398562,1.2940485268216244,hold
581,2022-05-06,0,-1,-0.0066661826871809,0.0066661826871809,1.3026748907074948,hold
582,2022-05-09,0,-1,-0.0037909688880922,0.0037909688880922,1.3076132906894657,hold
583,2022-05-10,0,-1,-0.0044919933245182,0.0044919933245182,1.313487080862294,hold
584,2022-05-11,0,-1,-0.0222117521417858,0.0222117521417858,1.342661930343845,hold
585,2022-05-12,0,-1,-0.0016352232651188,0.0016352232651188,1.3448574823695327,hold
586,2022-05-13,0,-1,0.0038112305721171,-0.0038112305721171,1.3397319204175855,hold
587,2022-05-16,0,-1,0.0263219359020472,-0.0263219359020472,1.3044675826824272,hold
588,2022-05-17,0,-1,-0.0011685620062508,0.0011685620062508,1.3059919339379356,hold
589,2022-05-18,0,-1,-0.0265327253341793,0.0265327253341793,1.3406434592097645,hold
590,2022-05-19,0,-1,0.0288910387942893,-0.0288910387942893,1.3019108770204249,hold
591,2022-05-20,0,-1,-0.0031630222318707,0.0031630222318707,1.3060288500683546,hold
592,2022-05-23,0,-1,-0.0055227542667355,0.0055227542667355,1.3132417264725493,hold
593,2022-05-24,0,-1,-0.0061612191843656,0.0061612191843656,1.3213328965914015,hold
594,2022-05-25,0,-1,0.0090073873189953,-0.0090073873189953,1.3094311394144729,hold
595,2022-05-26,0,-1,0.0112738471989222,-0.0112738471989222,1.2946688128312034,hold
596,2022-05-27,0,-1,0.0188932050929628,-0.0188932050929628,1.270208369422921,hold
597,2022-05-30,0,-1,-0.0046124339835348,0.0046124339835348,1.2760671216722175,hold
598,2022-05-31,0,-1,-0.0037264067061659,0.0037264067061659,1.2808222667519347,hold
599,2022-06-01,0,-1,0.0063700049931154,-0.0063700049931154,1.2726634225174316,hold
600,2022-06-02,0,-1,-0.0026280502014673,0.0026280502014673,1.2760080458813785,hold
601,2022-06-03,-1,-1,-0.0008893953501298,0.0008893953501298,1.2771429215041137,hold
602,2022-06-06,0,-1,-0.0092459460064759,0.0092459460064759,1.2889513159988937,hold
603,2022-06-07,0,-1,-0.0036609606157923,0.0036609606157923,1.2936701160024393,hold
604,2022-06-08,0,-1,0.0074497277416889,-0.0074497277416889,1.284032625850662,hold
605,2022-06-09,0,-1,-0.0167676984141,0.0167676984141,1.3055628976747908,hold
606,2022-06-10,0,-1,-0.0263797491152091,0.0263797491152091,1.3400033193695773,hold
607,2022-06-13,0,-1,-0.0026816094559853,0.0026816094559853,1.3435966849418506,hold
608,2022-06-14,0,-1,-0.002539344381356,0.002539344381356,1.3470085396345661,hold
609,2022-06-15,0,-1,-0.0211284478542902,0.0211284478542902,1.3754687393235185,hold
610,2022-06-16,0,-1,-0.0043682936266399,0.0043682936266399,1.3814771906511478,hold
611,2022-06-17,0,-1,0.0037042135956451,-0.0037042135956451,1.3763599040594643,hold
612,2022-06-20,0,-1,0.018804337854487,-0.018804337854487,1.350478367414161,hold
613,2022-06-21,0,-1,-0.0144192650853174,0.0144192650853174,1.3699512729858925,hold
614,2022-06-22,0,-1,0.0093004475196092,-0.0093004475196092,1.3572101130670653,hold
615,2022-06-23,0,-1,0.0091664725885294,-0.0091664725885294,1.344769283768761,hold
616,2022-06-24,0,-1,0.008458990377725,-0.008458990377725,1.333393893337101,hold
617,2022-06-27,0,-1,0.0011464333961117,-0.0011464333961117,1.331865246047608,hold
618,2022-06-28,0,-1,-0.0032239710103227,0.0032239710103227,1.3361591409905218,hold
619,2022-06-29,0,-1,-0.0011930812414028,0.0011930812414028,1.3377532873971663,hold
620,2022-06-30,0,-1,-0.0017870563085186,0.0017870563085186,1.3401439278486507,hold
621,2022-07-01,0,-1,0.0052881882498054,-0.0052881882498054,1.3330569944763535,hold
622,2022-07-04,0,-1,-0.0015471713984448,0.0015471713984448,1.335119462130704,hold
623,2022-07-05,0,-1,0.0113181897073002,-0.0113181897073002,1.3200083267764,hold
624,2022-07-06,0,-1,0.0089494920315105,-0.0089494920315105,1.308194922774387,hold
625,2022-07-07,0,-1,0.0054360478665673,-0.0054360478665673,1.3010835125553852,hold
626,2022-07-08,0,-1,-0.0002835659276332,0.0002835659276332,1.3014524555085514,hold
627,2022-07-11,0,-1,-0.0097249750439381,0.0097249750439381,1.314109048159244,hold
628,2022-07-12,0,-1,-0.0057072925015229,0.0057072925015229,1.3216090528759865,hold
629,2022-07-13,0,-1,-0.0017536552323109,0.0017536552323109,1.323926699506632,hold
630,2022-07-14,0,-1,0.0069359576863876,-0.0069359576863876,1.3147439999389754,hold
631,2022-07-15,0,-1,0.0142873041582765,-0.0142873041582765,1.295959852521578,hold
632,2022-07-18,0,-1,0.0038117642711243,-0.0038117642711243,1.2910199590589249,hold
633,2022-07-19,0,-1,0.0110338885069691,-0.0110338885069691,1.276774988770397,hold
634,2022-07-20,0,-1,0.005108719746296,-0.005108719746296,1.2702523031736888,hold
635,2022-07-21,0,-1,0.0068772959606149,-0.0068772959606149,1.2615164021401106,hold
636,2022-07-22,0,-1,-0.0052901993117577,0.0052901993117577,1.2681900753424833,hold
637,2022-07-25,0,-1,-0.008847958067765,0.008847958067765,1.2794109679510692,hold
638,2022-07-26,-1,-1,0.0095821774414373,-0.0095821774414373,1.267151425035641,hold
639,2022-07-27,-1,-1,0.0172937311236929,-0.0172937311236929,1.2452376489980703,hold
640,2022-07-28,0,-1,0.0135059538264792,-0.0135059538264792,1.228419526807709,hold
641,2022-07-29,0,-1,0.0105955316684394,-0.0105955316684394,1.2154037688092885,hold
642,2022-08-01,0,-1,0.0003113276638058,-0.0003113276638058,1.2150253799933644,hold
643,2022-08-02,-1,-1,0.0024618083588656,-0.0024618083588656,1.212034220356663,hold
644,2022-08-03,-1,-1,-0.0003537116074355,0.0003537116074355,1.212462930929012,hold
645,2022-08-04,0,-1,0.0008917270739845,-0.0008917270739845,1.2113817449072999,hold
646,2022-08-05,-1,-1,0.0073343646716481,-0.0073343646716481,1.2024970294335724,hold
647,2022-08-08,-1,-1,0.0005506610997998,-0.0005506610997998,1.2018348610968386,hold
648,2022-08-10,-1,-1,0.0070859293688247,-0.0070859293688247,1.1933187441581152,hold
649,2022-08-11,0,-1,0.0022170219505635,-0.0022170219505635,1.1906731303082978,hold
650,2022-08-12,0,-1,0.0071815193435313,-0.0071815193435313,1.1821222881911657,hold
651,2022-08-16,0,-1,0.0066759231988331,-0.0066759231988331,1.1742305305835725,hold
652,2022-08-17,0,-1,0.000682669936052,-0.000682669936052,1.1734289187023488,hold
653,2022-08-18,0,-1,-0.011029475746944,0.011029475746944,1.186371224501939,hold
654,2022-08-19,-1,-1,-0.0150773300473388,0.0150773300473388,1.2042585350124204,hold
655,2022-08-22,0,-1,0.0049626821755044,-0.0049626821755044,1.1982821826460153,hold
656,2022-08-23,0,-1,0.0015616110795051,-0.0015616110795051,1.1964109319132217,hold
657,2022-08-24,0,-1,-0.0046861822192667,0.0046861822192667,1.2020175315492898,hold
658,2022-08-25,0,-1,0.0020802555293466,-0.0020802555293466,1.1995170279329128,hold
659,2022-08-26,0,-1,-0.0140099889245538,0.0140099889245538,1.2163222482090665,hold
660,2022-08-29,0,-1,0.0257842637890255,-0.0257842637890255,1.1849602745087833,hold
661,2022-08-30,0,-1,-0.0121907952721076,0.0121907952721076,1.1994058826209004,hold
662,2022-09-01,0,-1,-0.0001910505934481,0.0001910505934481,1.1996350298265603,hold
663,2022-09-02,0,-1,0.0072038500710118,-0.0072038500710118,1.190993038931756,hold
664,2022-09-05,0,-1,-0.0005774531254664,0.0005774531254664,1.1916807815844959,hold
665,2022-09-06,0,-1,-0.0017671004916441,0.0017671004916441,1.1937866012795169,hold
666,2022-09-07,0,-1,0.0098925129655895,-0.0098925129655895,1.1819770518482122,hold
667,2022-09-08,0,-1,0.0019439347917691,-0.0019439347917691,1.1796793655340518,hold
668,2022-09-09,0,-1,0.005775695663245,-0.005775695663245,1.1728658965385172,hold
669,2022-09-12,0,-1,0.0074542019299801,-0.0074542019299801,1.164123117308932,hold
670,2022-09-13,0,-1,-0.0036690976717561,0.0036690976717561,1.1683943987282877,hold
671,2022-09-14,0,-1,-0.0070179606679163,0.0070179606679163,1.1765941446631767,hold
672,2022-09-15,0,-1,-0.0193848531485446,0.0193848531485446,1.1994022493729097,hold
673,2022-09-16,0,-1,0.0052136885924867,-0.0052136885924867,1.1931489395475512,hold
674,2022-09-19,0,-1,0.0110088098852303,-0.0110088098852303,1.180013789707308,hold
675,2022-09-20,0,-1,-0.0054950054374517,0.0054950054374517,1.1864979718980175,hold
676,2022-09-21,0,-1,-0.0049975776569025,0.0049975776569025,1.1924275876523351,hold
677,2022-09-22,0,-1,-0.0171556772324205,0.0171556772324205,1.2128844904691323,hold
678,2022-09-23,0,-1,-0.0179513217622564,0.0179513217622564,1.2346573702179942,hold
679,2022-09-26,0,-1,-0.0005230508522044,0.0005230508522044,1.2353031588076673,hold
680,2022-09-27,0,-1,-0.0087491784653945,0.0087491784653945,1.2461110466029413,hold
681,2022-09-28,0,-1,-0.0024023347691036,0.0024023347691036,1.2491046224963596,hold
682,2022-09-29,0,-1,0.016425755966269,-0.016425755966269,1.2285871347908957,hold
683,2022-09-30,0,-1,-0.0121092644487904,0.0121092644487904,1.2434644213044603,hold
684,2022-10-03,0,-1,0.0229136709327191,-0.0229136709327191,1.214972086738146,hold
685,2022-10-04,0,-1,0.0033286441360573,-0.0033286441360573,1.2109278770261518,hold
686,2022-10-06,0,-1,-0.0009895331040011,0.0009895331040011,1.212126130247027,hold
687,2022-10-07,0,-1,-0.0042536458411471,0.0042536458411471,1.217282085519898,hold
688,2022-10-10,0,-1,-0.0149323831999303,0.0149323831999303,1.2354590080832917,hold
689,2022-10-11,0,-1,0.0082461453396196,-0.0082461453396196,1.2252712335414946,hold
690,2022-10-12,0,-1,-0.0063800837728176,0.0063800837728176,1.2330885666559128,hold
691,2022-10-13,0,-1,0.0100708880038873,-0.0100708880038873,1.2206702698022471,hold
692,2022-10-14,0,-1,0.0073375869608156,-0.0073375869608156,1.211713495547091,hold
693,2022-10-17,0,-1,0.010117285874136,-0.010117285874136,1.1994542437150926,hold
694,2022-10-18,0,-1,0.0014468379208691,-0.0014468379208691,1.1977188278309383,hold
695,2022-10-19,0,-1,0.002952174549244,-0.002952174549244,1.1941829527902654,hold
696,2022-10-20,0,-1,0.0007032337856462,-0.0007032337856462,1.1933431629916207,hold
697,2022-10-21,0,-1,0.0087873563767617,-0.0087873563767617,1.1828568313386414,hold
698,2022-10-24,0,-1,-0.004196122026705,0.004196122026705,1.18782024294306,hold
699,2022-10-25,-1,-1,0.0045649078749665,-0.0045649078749665,1.1823979529620046,hold
700,2022-10-27,0,-1,0.0028106052447454,-0.0028106052447454,1.1790746990740333,hold
701,2022-10-28,-1,-1,0.0126722303955641,-0.0126722303955641,1.1641331928337868,hold
702,2022-10-31,0,-1,0.0073950532223929,-0.0073950532223929,1.1555243659148269,hold
703,2022-11-01,0,-1,-0.0034471976315451,0.0034471976315451,1.1595076867722012,hold
704,2022-11-02,0,-1,-0.0016673473084335,0.0016673473084335,1.1614409887928487,hold
705,2022-11-03,-1,-1,0.0035701681556883,-0.0035701681556883,1.1572944491599493,hold
706,2022-11-04,0,-1,0.0047275862251119,-0.0047275862251119,1.1518232398637023,hold
707,2022-11-07,0,-1,-0.0025161392359563,0.0025161392359563,1.1547213875104096,hold
708,2022-11-09,0,-1,-0.0070937259046097,0.0070937259046097,1.162912664529599,hold
709,2022-11-10,0,-1,0.0178331732470333,-0.0178331732470333,1.1421742415118736,hold
710,2022-11-11,0,-1,-0.0011198455015547,0.0011198455015547,1.1434533001982223,hold
711,2022-11-14,-1,-1,0.0040509242609507,-0.0040509242609507,1.1388212574831853,hold
712,2022-11-15,0,-1,0.0003396111515991,-0.0003396111515991,1.1384345010844659,hold
713,2022-11-16,0,-1,-0.0035714963948192,0.0035714963948192,1.142500415800827,hold
714,2022-11-17,0,-1,-0.0019761337135545,0.0019761337135545,1.144758149390241,hold
715,2022-11-18,0,-1,-0.0080677295405768,0.0080677295405768,1.1539937485288927,hold
716,2022-11-21,0,-1,0.0046393301536886,-0.0046393301536886,1.1486399905341744,hold
717,2022-11-22,0,-1,0.0012634580983039,-0.0012634580983039,1.1471887320360983,hold
718,2022-11-23,0,-1,0.0118709498898301,-0.0118709498898301,1.1335705120839201,hold
719,2022-11-24,0,-1,0.0015500019600884,-0.0015500019600884,1.1318134755682916,hold
720,2022-11-25,0,-1,0.0027008413120686,-0.0027008413120686,1.1287566269759208,hold
721,2022-11-28,0,-1,0.0029791265437502,-0.0029791265437502,1.125393918147063,hold
722,2022-11-29,0,-1,0.0075356346254191,-0.0075356346254191,1.116913360770238,hold
723,2022-11-30,0,-1,0.0028867353340049,-0.0028867353340049,1.1136891275066805,hold
724,2022-12-01,0,-1,-0.006187396179402,0.006187396179402,1.1205799633592568,hold
725,2022-12-02,0,-1,0.0002648237856262,-0.0002648237856262,1.1202832071312632,hold
726,2022-12-05,0,-1,-0.0031175136590962,0.0031175136590962,1.123775705331551,hold
727,2022-12-06,0,-1,-0.0044119027503989,0.0044119027503989,1.1287336944567345,hold
728,2022-12-07,0,-1,0.0026319123609277,-0.0026319123609277,1.1257629662940982,hold
729,2022-12-08,0,-1,-0.0060587824059793,0.0060587824059793,1.1325837191475838,hold
730,2022-12-09,0,-1,2.977743269738653e-05,-2.977743269738653e-05,1.1325499937121128,hold
731,2022-12-12,0,-1,0.0059927938646799,-0.0059927938646799,1.1257628550583516,hold
732,2022-12-13,0,-1,0.0028106610731943,-0.0028106610731943,1.122598717223991,hold
733,2022-12-14,0,-1,-0.0131509343553336,0.0131509343553336,1.1373619392615855,hold
734,2022-12-15,0,-1,-0.0079229530179417,0.0079229530179417,1.14637320447075,hold
735,2022-12-16,0,-1,0.0082899566889265,-0.0082899566889265,1.1368698202563416,hold
736,2022-12-19,0,-1,-0.0019081205394395,0.0019081205394395,1.1390391049110418,hold
737,2022-12-20,0,-1,-0.0101277196435586,0.0101277196435586,1.1505749736286306,hold
738,2022-12-21,0,-1,-0.0039425027358517,0.0039425027358517,1.155111118609964,hold
739,2022-12-22,0,-1,-0.0176831602541178,0.0176831602541178,1.1755371336316573,hold
740,2022-12-23,0,-1,0.0116696328935068,-0.0116696328935068,1.1618190468294907,hold
741,2022-12-26,0,-1,0.0065336546149905,-0.0065336546149905,1.1542281224523894,hold
742,2022-12-27,0,-1,-0.0005405150382313,0.0005405150382313,1.1548520001101246,hold
743,2022-12-28,0,-1,0.0037798317009243,-0.0037798317009243,1.1504868539102324,hold
744,2022-12-29,0,-1,-0.0047110779368918,0.0047110779368918,1.155906887144373,hold
745,2022-12-30,0,-1,0.0050895833553579,-0.0050895833553579,1.1500238026912193,hold
746,2023-01-02,0,-1,0.0019289276248581,-0.0019289276248581,1.1478054900089638,hold
747,2023-01-03,0,-1,-0.0103990694870288,0.0103990694870288,1.1597415990571602,hold
748,2023-01-04,0,-1,-0.0028154392892826,0.0028154392892826,1.163006781120561,hold
749,2023-01-05,0,-1,-0.0073755037054461,0.0073755037054461,1.1715845419441748,hold
750,2023-01-06,0,-1,0.0135362517084902,-0.0135362517084902,1.1557256786866423,hold
751,2023-01-09,0,-1,-0.0103335047509585,0.0103335047509585,1.1676683754781556,hold
752,2023-01-10,0,-1,-0.0010299775022909,0.0010299775022909,1.1688710476350346,hold
753,2023-01-11,0,-1,-0.0020954755408891,0.0020954755408891,1.1713203883258072,hold
754,2023-01-12,0,-1,0.0055100959183882,-0.0055100959183882,1.1648663006349682,hold
755,2023-01-13,0,-1,-0.0034388470725693,0.0034388470725693,1.1688720977028413,hold
756,2023-01-16,0,-1,0.0088545685118242,-0.0088545685118242,1.1585222396321717,hold
757,2023-01-17,0,-1,0.00620655632356,-0.00620655632356,1.1513318060997977,hold
758,2023-01-18,0,-1,-0.003165367099256,0.003165367099256,1.154976193919153,hold
759,2023-01-19,0,-1,-0.0044289753051891,0.0044289753051891,1.1600915549601023,hold
760,2023-01-20,0,-1,0.0050422760956287,-0.0050422760956287,1.1542420530437862,hold
761,2023-01-23,0,-1,-1.3798013043020418e-05,1.3798013043020418e-05,1.1542579792906889,hold
762,2023-01-24,0,-1,-0.0124929796250122,0.0124929796250122,1.1686781007079752,hold
763,2023-01-25,0,-1,-0.0160742469061787,0.0160742469061787,1.1874637210525991,hold
764,2023-01-27,0,-1,0.0025334426073457,-0.0025334426073457,1.1844553498670072,hold
765,2023-01-30,0,-1,0.0007479862801675,-0.0007479862801675,1.1835693935158358,hold
766,2023-01-31,0,-1,-0.0025959245256645,0.0025959245256645,1.1866418503322895,hold
767,2023-02-01,0,-1,-0.0003349392530399,0.0003349392530399,1.1870393032672657,hold
768,2023-02-02,0,-1,0.0138355963078902,-0.0138355963078902,1.1706159066656605,hold
769,2023-02-03,0,-1,-0.0050101331608701,0.0050101331608701,1.176480848238288,hold
770,2023-02-06,0,-1,-0.0024261514654264,0.0024261514654264,1.1793351689722875,hold
771,2023-02-07,0,-1,0.0084755364246817,-0.0084755364246817,1.1693396707907548,hold
772,2023-02-08,0,-1,0.0012170079483646,-0.0012170079483646,1.1679165751170646,hold
773,2023-02-09,0,-1,-0.0020649578680046,0.0020649578680046,1.1703282736380254,hold
774,2023-02-10,0,-1,-0.0047937507000251,0.0047937507000251,1.1759385356190368,hold
775,2023-02-13,0,-1,0.0089443537049958,-0.0089443537049958,1.1654205254211254,hold
776,2023-02-14,0,-1,0.0047964707944361,-0.0047964707944361,1.1598306199077066,hold
777,2023-02-15,0,-1,0.0011101336008929,-0.0011101336008929,1.1585430529652028,hold
778,2023-02-16,0,-1,-0.0050815676893513,0.0050815676893513,1.164430267909873,hold
779,2023-02-17,0,-1,-0.0055505184801407,0.0055505184801407,1.170893459630742,hold
780,2023-02-20,0,-1,-0.001003126492992,0.001003126492992,1.1720680138805686,hold
781,2023-02-21,0,-1,-0.0152803631315826,0.0152803631315826,1.1899776387475764,hold
782,2023-02-22,0,-1,-0.0024524349779846,0.0024524349779846,1.1928959815318605,hold
783,2023-02-23,0,-1,-0.002595429723749,0.002595429723749,1.195992059219669,hold
784,2023-02-24,0,-1,-0.0041854114458053,0.0041854114458053,1.2009977780734191,hold
785,2023-02-27,0,-1,-0.0051027157362857,0.0051027157362857,1.2071261283348385,hold
786,2023-02-28,0,-1,0.008492348770636,-0.008492348770636,1.1968747922428715,hold
787,2023-03-01,0,-1,-0.0073921687198044,0.0073921687198044,1.2057222926436117,hold
788,2023-03-02,0,-1,0.0157285986298278,-0.0157285986298278,1.1867579706435847,hold
789,2023-03-03,0,-1,0.0066555236183669,-0.0066555236183669,1.178859474940681,hold
790,2023-03-06,0,-1,0.0024250512391459,-0.0024250512391459,1.1760006803101972,hold
791,2023-03-08,0,-1,-0.0092822498999752,0.0092822498999752,1.1869166125073773,hold
792,2023-03-09,0,-1,-0.010045664635585,0.010045664635585,1.1988399787470312,hold
793,2023-03-10,0,-1,-0.0148510359316261,0.0148510359316261,1.2166439943476732,hold
794,2023-03-13,0,-1,-0.0064706805258611,0.0064706805258611,1.2245165089488046,hold
795,2023-03-14,0,-1,-0.0041746837386849,0.0041746837386849,1.2296284781064644,hold
796,2023-03-15,0,-1,0.0007924286811309,-0.0007924286811309,1.2286540852332775,hold
797,2023-03-16,0,-1,0.0067381296219788,-0.0067381296219788,1.2203752547464017,hold
798,2023-03-17,0,-1,-0.0065292432199922,0.0065292432199922,1.2283433816043008,hold
799,2023-03-20,0,-1,0.007010642946744,-0.007010642946744,1.219731904739877,hold
800,2023-03-21,0,-1,0.0025953757489405,-0.0025953757489405,1.216566242134106,hold
801,2023-03-22,0,-1,-0.0043726933046436,0.0043726933046436,1.2218859131957411,hold
802,2023-03-23,0,-1,-0.0077209333285906,0.0077209333285906,1.2313200128666695,hold
803,2023-03-24,0,-1,0.0023988383407489,-0.0023988383407489,1.2283662752100735,hold
804,2023-03-27,0,-1,-0.0020016838613549,0.0020016838613549,1.230825076158994,hold
805,2023-03-28,0,-1,0.0076098565893214,-0.0076098565893214,1.2214586738428834,hold
806,2023-03-29,0,-1,0.0163371989446239,-0.0163371989446239,1.2015034604856758,hold
807,2023-03-31,0,-1,0.0022062979737611,-0.0022062979737611,1.1988525858353392,hold
808,2023-04-03,0,-1,0.0091389548173612,-0.0091389548173612,1.1878963262207134,hold
809,2023-04-05,0,-1,0.0023978747854371,-0.0023978747854371,1.1850478995723555,hold
810,2023-04-06,0,-1,0.001414863221935,-0.001414863221935,1.1833712188830192,hold
811,2023-04-10,0,-1,0.0055747683219642,-0.0055747683219642,1.176774198498866,hold
812,2023-04-11,0,-1,0.0050839679614469,-0.0050839679614469,1.1707915161758404,hold
813,2023-04-12,0,-1,0.0008757724412713,-0.0008757724412713,1.1697661692314993,hold
814,2023-04-13,0,-1,-0.0067955121508301,0.0067955121508301,1.177715329448142,hold
815,2023-04-17,-1,-1,-0.0026373533282438,0.0026373533282438,1.1808213808919856,hold
816,2023-04-18,-1,-1,-0.0023442830162407,0.0023442830162407,1.1835895604004247,hold
817,2023-04-19,0,-1,0.0003234746363958,-0.0003234746363958,1.1832066991977324,hold
818,2023-04-20,0,-1,-2.260708945023282e-05,2.260708945023282e-05,1.1832334480574191,hold
819,2023-04-21,0,-1,0.0067719737565652,-0.0067719737565652,1.175220622199284,hold
820,2023-04-24,0,-1,0.0014568576938982,-0.0014568576938982,1.173508492993805,hold
821,2023-04-25,-1,-1,0.0024958627615121,-0.0024958627615121,1.1705795768458236,hold
822,2023-04-26,-1,-1,0.0056951528101938,-0.0056951528101938,1.1639129472791945,hold
823,2023-04-27,0,-1,0.0083700136036979,-0.0083700136036979,1.1541709800769475,hold
824,2023-04-28,0,-1,0.0045751669319125,-0.0045751669319125,1.1488904551751264,hold
825,2023-05-02,0,-1,-0.0031850283648763,0.0031850283648763,1.1525497038629948,hold
826,2023-05-03,0,-1,0.0091737176073036,-0.0091737176073036,1.1419765383513742,hold
827,2023-05-04,0,-1,-0.0102324068655403,0.0102324068655403,1.1536617069226869,hold
828,2023-05-05,0,-1,0.0108141231183243,-0.0108141231183243,1.1411858671871287,hold
829,2023-05-08,0,-1,8.480038171931881e-05,-8.480038171931881e-05,1.1410890941899785,hold
830,2023-05-09,0,-1,0.0026908205008338,-0.0026908205008338,1.1380186282620541,hold
831,2023-05-10,0,-1,-0.0009882342854272,0.0009882342854272,1.1391432572879576,hold
832,2023-05-11,0,-1,0.0009728797753729,-0.0009728797753729,1.1380350078516899,hold
833,2023-05-12,0,-1,0.0045891205221868,-0.0045891205221868,1.1328124280421905,hold
834,2023-05-15,0,-1,-0.0061063388070606,0.0061063388070606,1.139729764532665,hold
835,2023-05-16,0,-1,-0.0057282694884204,0.0057282694884204,1.146258443767882,hold
836,2023-05-17,0,-1,-0.0028490536527011,0.0028490536527011,1.1495241955740383,hold
837,2023-05-18,0,-1,0.0040513721791914,-0.0040513721791914,1.1448670452287824,hold
838,2023-05-19,0,-1,0.0060977618257063,-0.0060977618257063,1.137885918664877,hold
839,2023-05-22,0,-1,0.0018346005688616,-0.0018346005688616,1.1357983525111948,hold
840,2023-05-23,0,-1,-0.0034117947119577,0.0034117947119577,1.1396734633241425,hold
841,2023-05-24,0,-1,0.0019551116867164,-0.0019551116867164,1.137445274416957,hold
842,2023-05-25,0,-1,0.0097264208278746,-0.0097264208278746,1.1263820030093004,hold
843,2023-05-26,0,-1,0.0053677985089635,-0.0053677985089635,1.1203358113730237,hold
844,2023-05-29,0,-1,0.0018925684396833,-0.0018925684396833,1.118215499174572,hold
845,2023-05-30,0,-1,-0.0053370195013254,0.0053370195013254,1.124183437100351,hold
846,2023-05-31,0,-1,-0.0025169624936233,0.0025169624936233,1.127012964647485,hold
847,2023-06-01,0,-1,0.0025070443604549,-0.0025070443604549,1.124187493150306,hold
848,2023-06-02,0,-1,0.0032237875731377,-0.0032237875731377,1.1205633514800113,hold
849,2023-06-05,0,-1,0.0002769943144211,-0.0002769943144211,1.1202529618027026,hold
850,2023-06-06,0,-1,0.0068498516385289,-0.0068498516385289,1.1125793952167315,hold
851,2023-06-07,0,-1,-0.0049048192636628,0.0049048192636628,1.1180363960667448,hold
852,2023-06-08,0,-1,-0.0038181972541345,0.0038181972541345,1.1223052795642292,hold
853,2023-06-09,0,-1,0.0020524046550352,-0.0020524046550352,1.120001854984081,hold
854,2023-06-12,0,-1,0.0061635024393194,-0.0061635024393194,1.1130987208188443,hold
855,2023-06-13,0,-1,0.0021238341844009,-0.0021238341844009,1.1107346837049563,hold
856,2023-06-14,0,-1,-0.0036149041015322,0.0036149041015322,1.1147498830687954,hold
857,2023-06-15,0,-1,0.007379048352023,-0.007379048352023,1.1065240897812187,hold
858,2023-06-16,0,-1,-0.0037475183921172,0.0037475183921172,1.1106708091589945,hold
859,2023-06-19,0,-1,0.0032657175674986,-0.0032657175674986,1.107043671985816,hold
860,2023-06-20,0,-1,0.002133763746672,-0.002133763746672,1.1046815023325502,hold
861,2023-06-21,0,-1,-0.0045394438174043,0.0045394438174043,1.1096961419485145,hold
862,2023-06-22,0,-1,-0.0056336152360657,0.0056336152360657,1.115947743041199,hold
863,2023-06-23,0,-1,0.0013768299134766,-0.0013768299134766,1.1144112728067033,hold
864,2023-06-26,0,-1,0.0067519034171119,-0.0067519034171119,1.1068868755257717,hold
865,2023-06-27,0,-1,0.0082210728123248,-0.0082210728123248,1.0977870779270678,hold
866,2023-06-28,0,-1,0.0114352747635688,-0.0114352747635688,1.0852335810590765,hold
867,2023-06-30,0,-1,0.0069570924336936,-0.0069570924336936,1.0776835107235003,hold
868,2023-07-03,0,-1,0.0034389465191355,-0.0034389465191355,1.073977414765568,hold
869,2023-07-04,0,-1,0.0004899685388621,-0.0004899685388621,1.0734511996208844,hold
870,2023-07-05,0,-1,0.0050932175812563,-0.0050932175812563,1.0679838790983547,hold
871,2023-07-06,0,-1,-0.0084883544577184,0.0084883544577184,1.0770493048192704,hold
872,2023-07-07,-1,-1,0.0012466303397029,-0.0012466303397029,1.0757066224785268,hold
873,2023-07-10,-1,-1,0.0043139300324381,-0.0043139300324381,1.0710660993737242,hold
874,2023-07-11,-1,-1,-0.0028344294714754,0.0028344294714754,1.0741019606916875,hold
875,2023-07-12,0,-1,0.0015192303855748,-0.0015192303855748,1.0724701523557993,hold
876,2023-07-13,0,-1,0.0077651149314275,-0.0077651149314275,1.064142298362231,hold
877,2023-07-14,0,-1,0.0075110132510414,-0.0075110132510414,1.0561495114582387,hold
878,2023-07-17,0,-1,0.0019177068530324,-0.0019177068530324,1.0541241263022885,hold
879,2023-07-18,0,-1,0.0042482823714824,-0.0042482823714824,1.0496459093591641,hold
880,2023-07-19,0,-1,0.0073614124394989,-0.0073614124394989,1.0419190329049384,hold
881,2023-07-20,0,-1,-0.011719737128305,0.011719737128305,1.054130050079562,hold
882,2023-07-21,-1,-1,-0.0036794322929856,0.0036794322929856,1.0580086502268313,hold
883,2023-07-24,0,-1,0.0004193703428323,-0.0004193703428323,1.0575649527764661,hold
884,2023-07-25,0,-1,0.0049643391875346,-0.0049643391875346,1.0523148416380348,hold
885,2023-07-26,0,-1,-0.0059863783008722,0.0059863783008722,1.0586143963717025,hold
886,2023-07-27,0,-1,-0.0007044597937843,0.0007044597937843,1.0593601476510675,hold
887,2023-07-28,0,-1,0.0054845628365591,-0.0054845628365591,1.0535500203547288,hold
888,2023-07-31,0,-1,-0.0010251191770254,0.0010251191770254,1.0546300346845499,hold
889,2023-08-01,0,-1,-0.0104897492749598,0.0104897492749598,1.065692839326233,hold
890,2023-08-02,0,-1,-0.0074206854169113,0.0074206854169113,1.073601010637928,hold
891,2023-08-03,0,-1,0.0069833892701145,-0.0069833892701145,1.0661036368598549,hold
892,2023-08-04,0,-1,0.0041144018676027,-0.0041144018676027,1.0617172580653007,hold
893,2023-08-07,0,-1,-0.0013497354646058,0.0013497354646058,1.0631502955018954,hold
894,2023-08-08,0,-1,0.0031527078847637,-0.0031527078847637,1.0597984931825777,hold
895,2023-08-09,0,-1,-0.0045562684580157,0.0045562684580157,1.064627219628918,hold
896,2023-08-10,0,-1,-0.0058741361615907,0.0058741361615907,1.0708809848783538,hold
897,2023-08-11,0,-1,0.0003216956578122,-0.0003216956578122,1.0705364871154848,hold
898,2023-08-14,0,-1,0.0015667570139761,-0.0015667570139761,1.0688592165655793,hold
899,2023-08-16,0,-1,-0.0051245825841254,0.0051245825841254,1.074336673891673,hold
900,2023-08-17,0,-1,-0.0028452826260957,0.0028452826260957,1.0773934653644743,hold
901,2023-08-18,0,-1,0.0043215209131937,-0.0043215209131937,1.0727374869721635,hold
902,2023-08-21,0,-1,0.0001469355577301,-0.0001469355577301,1.0725798636912172,hold
903,2023-08-22,0,-1,0.0024515199000461,-0.0024515199000461,1.0699504128109893,hold
904,2023-08-23,0,-1,-0.0029469646806212,0.0029469646806212,1.0731035188875595,hold
905,2023-08-24,0,-1,-0.0062361537740819,0.0062361537740819,1.0797955574468507,hold
906,2023-08-25,0,-1,0.0020891942389009,-0.0020891942389009,1.0775396547890421,hold
907,2023-08-28,0,-1,0.001895758474361,-0.001895758474361,1.0754968998570158,hold
908,2023-08-29,0,-1,0.0002480956863764,-0.0002480956863764,1.07523007371545,hold
909,2023-08-30,0,-1,-0.0048403506033882,0.0048403506033882,1.0804345642515398,hold
910,2023-08-31,0,-1,0.0094267101889176,-0.0094267101889176,1.070249620736251,hold
911,2023-09-01,0,-1,0.0048108337016425,-0.0048108337016425,1.065100827791643,hold
912,2023-09-04,0,-1,0.0023605960187407,-0.0023605960187407,1.0625865550180005,hold
913,2023-09-05,0,-1,0.0018467726478093,-0.0018467726478093,1.0606241992322634,hold
914,2023-09-06,0,-1,0.0059150323607803,-0.0059150323607803,1.054350572771178,hold
915,2023-09-07,0,-1,0.004709190366575,-0.004709190366575,1.0493854352108911,hold
916,2023-09-08,0,-1,0.0089001434200508,-0.0089001434200508,1.0400457543346018,hold
917,2023-09-11,0,-1,-0.0001575482868895,0.0001575482868895,1.0402096117614839,hold
918,2023-09-12,0,-1,0.0038413452699443,-0.0038413452699443,1.0362138074895932,hold
919,2023-09-13,0,-1,0.0016492082399102,-0.0016492082399102,1.0345048751399726,hold
920,2023-09-14,0,-1,0.0044396138771742,-0.0044396138771742,1.0299120729402969,hold
921,2023-09-15,0,-1,-0.0029243168460981,0.0029243168460981,1.0329238621651962,hold
922,2023-09-18,-1,-1,-0.011518249945432,0.011518249945432,1.044821337384216,hold
923,2023-09-20,0,-1,-0.0079919391664983,0.0079919391664983,1.05317148595245,hold
924,2023-09-21,0,-1,-0.0034494176591149,0.0034494176591149,1.0568043142741705,hold
925,2023-09-22,0,-1,1.5288066889551644e-05,-1.5288066889551644e-05,1.0567881577791247,hold
926,2023-09-25,0,-1,-0.0005007261720755,0.0005007261720755,1.0573173192680643,hold
927,2023-09-26,0,-1,0.0026316191986632,-0.0026316191986632,1.0545348627115994,hold
928,2023-09-27,0,-1,-0.0097836296667737,0.0097836296667737,1.0648520412790716,hold
929,2023-09-28,0,-1,0.0058775169171687,-0.0058775169171687,1.0585933553921723,hold
930,2023-09-29,0,-1,-0.0055784246544688,0.0055784246544688,1.0644986386649489,hold
931,2023-10-03,0,-1,-0.0047443072713306,0.0047443072713306,1.0695489472966886,hold
932,2023-10-04,0,-1,0.0056415841052857,-0.0056415841052857,1.0635149969557944,hold
933,2023-10-05,0,-1,0.0055127073660514,-0.0055127073660514,1.0576521499981701,hold
934,2023-10-06,0,-1,-0.0071819467588469,0.0071819467588469,1.065248151428837,hold
935,2023-10-09,0,-1,0.0090968029762401,-0.0090968029762401,1.0555577988744849,hold
936,2023-10-10,0,-1,0.0061706921287072,-0.0061706921287072,1.0490442766735746,hold
937,2023-10-11,0,-1,-0.0008757409120068,0.0008757409120068,1.0499629676651643,hold
938,2023-10-12,0,-1,-0.002169809980297,0.002169809980297,1.0522411877913462,hold
939,2023-10-13,0,-1,-0.0009772027556287,0.0009772027556287,1.053269440779642,hold
940,2023-10-16,0,-1,0.0040417094276989,-0.0040417094276989,1.0490124317509357,hold
941,2023-10-17,0,-1,-0.0070868127413371,0.0070868127413371,1.0564465864180892,hold
942,2023-10-18,0,-1,-0.0023588102112444,0.0023588102112444,1.0589385434137664,hold
943,2023-10-19,0,-1,-0.0041808960845935,0.0041808960845935,1.0633658554237502,hold
944,2023-10-20,0,-1,-0.0133503074255556,0.0133503074255556,1.0775621164994962,hold
945,2023-10-23,0,-1,-0.008277236732921,0.008277236732921,1.0864813532321898,hold
946,2023-10-25,0,-1,-0.0138530649123475,0.0138530649123475,1.1015324499445702,hold
947,2023-10-26,0,-1,0.0100757003274603,-0.0100757003274603,1.0904337390779555,hold
948,2023-10-27,0,-1,0.0049167407696648,-0.0049167407696648,1.0850723590564129,hold
949,2023-10-30,0,-1,-0.0032026069828995,0.0032026069828995,1.088547419370478,hold
950,2023-10-31,0,-1,-0.0047406245729368,0.0047406245729368,1.0937078140155527,hold
951,2023-11-01,0,-1,0.0075885232572669,-0.0075885232572669,1.0854081868322412,hold
952,2023-11-02,0,-1,0.0050879808383312,-0.0050879808383312,1.079885650775871,hold
953,2023-11-03,0,-1,0.0094199033989916,-0.0094199033989916,1.0697132322636052,hold
954,2023-11-06,0,-1,-0.0002601919584787,0.0002601919584787,1.0699915630445183,hold
955,2023-11-07,0,-1,0.0018962926582819,-0.0018962926582819,1.0679625458990933,hold
956,2023-11-08,0,-1,-0.002478937369815,0.002478937369815,1.0706099581636854,hold
957,2023-11-09,0,-1,0.0015492839458333,-0.0015492839458333,1.0689512793432532,hold
958,2023-11-10,0,-1,0.0009369804014345,-0.0009369804014345,1.06794969294442,hold
959,2023-11-13,0,-1,0.0119267535086042,-0.0119267535086042,1.0552125201970826,hold
960,2023-11-15,0,-1,0.0045615222809993,-0.0045615222809993,1.0503991447750143,hold
961,2023-11-16,0,-1,-0.0016897597201204,0.0016897597201204,1.052174066939904,hold
962,2023-11-17,0,-1,-0.0019157289123818,0.0019157289123818,1.0541897472207993,hold
963,2023-11-20,0,-1,0.004539473475424,-0.004539473475424,1.0494042808252264,hold
964,2023-11-21,0,-1,0.0014380348265852,-0.0014380348265852,1.0478952009222322,hold
965,2023-11-22,-1,-1,-0.0004971574875239,0.0004971574875239,1.048416169867511,hold
966,2023-11-23,-1,-1,-0.0003686890844358,0.0003686890844358,1.0488027094652872,hold
967,2023-11-24,0,-1,0.0047992646389904,-0.0047992646389904,1.0437692277084731,hold
968,2023-11-28,0,-1,0.0104023891135545,-0.0104023891135545,1.0329115340570953,hold
969,2023-11-29,0,-1,0.0018187545137213,-0.0018187545137213,1.0310329215422542,hold
970,2023-11-30,0,-1,0.0066929416105065,-0.0066929416105065,1.024132278399862,hold
971,2023-12-01,0,-1,0.0206681690037693,-0.0206681690037693,1.0029653393876785,hold
972,2023-12-04,0,-1,0.0081355657602475,-0.0081355657602475,0.994805648913841,hold
973,2023-12-05,0,-1,0.0039606432442005,-0.0039606432442005,0.9908655786411779,hold
974,2023-12-06,0,-1,-0.001745599062397,0.001745599062397,0.9925952326662153,hold
975,2023-12-07,-1,-1,0.0032653705047074,-0.0032653705047074,0.9893540414703538,hold
976,2023-12-08,-1,-1,0.0013209351833629,-0.0013209351833629,0.9880471689081733,hold
977,2023-12-11,0,-1,-0.0043196070141755,0.0043196070141755,0.9923151443893254,hold
978,2023-12-12,-1,-1,0.0009542158562574,-0.0009542158562574,0.9913682615441448,hold
979,2023-12-13,0,-1,0.0122500872899569,-0.0122500872899569,0.9792239138037362,hold
980,2023-12-14,0,-1,0.0129327792008919,-0.0129327792008919,0.9665598271382793,hold
981,2023-12-15,0,-1,-0.0017710126840955,0.0017710126840955,0.9682716168520783,hold
982,2023-12-18,0,-1,0.0016083748565725,-0.0016083748565725,0.9667142731292007,hold
983,2023-12-19,0,-1,-0.0141214660942333,0.0141214660942333,0.980365695960006,hold
984,2023-12-20,0,-1,0.0049597940765233,-0.0049597940765233,0.975503283988357,hold
985,2023-12-21,0,-1,0.0044389265566107,-0.0044389265566107,0.9711730965550001,hold
986,2023-12-22,0,-1,0.0043068759341071,-0.0043068759341071,0.9669903745175951,hold
987,2023-12-26,0,-1,0.0099527499207277,-0.0099527499207277,0.9573661611442706,hold
988,2023-12-27,0,-1,0.0057238813077962,-0.0057238813077962,0.9518863108697804,hold
989,2023-12-28,0,-1,-0.0021717930740454,0.0021717930740454,0.953953610967006,hold
990,2023-12-29,0,-1,0.0004831718072126,-0.0004831718072126,0.9534926874767982,hold
991,2024-01-01,0,-1,-0.003500136051024,0.003500136051024,0.9568300416066235,hold
992,2024-01-02,-1,-1,-0.0068518663756694,0.0068518663756694,0.9633861131959383,hold
993,2024-01-03,0,-1,0.0065644701863494,-0.0065644701863494,0.9570619937779205,hold
994,2024-01-04,0,-1,0.0024101822286055,-0.0024101822286055,0.9547552999688432,hold
995,2024-01-05,0,-1,-0.009110708685643,0.009110708685643,0.963453797372933,hold
996,2024-01-08,0,-1,0.0014804820050666,-0.0014804820050666,0.9620274213632093,hold
997,2024-01-09,0,-1,0.0034277152411805,-0.0034277152411805,0.9587298653085691,hold
998,2024-01-10,0,-1,0.0013183031833516,-0.0013183031833516,0.9574659686751585,hold
999,2024-01-11,0,-1,0.0114264926377058,-0.0114264926377058,0.946525490833238,hold
1000,2024-01-12,0,-1,0.0092670746948486,-0.0092670746948486,0.9377539684091082,hold
1001,2024-01-15,0,-1,-0.0029482333845447,0.0029482333845447,0.9405186859652612,hold
1002,2024-01-16,0,-1,-0.0208943935120824,0.0208943935120824,0.9601702534952861,hold
1003,2024-01-17,0,-1,-0.0050852715087356,0.0050852715087356,0.965052979928921,hold
1004,2024-01-18,0,-1,0.0074619571864553,-0.0074619571864553,0.9578517959100303,hold
1005,2024-01-19,0,-1,-0.0177408429427344,0.0177408429427344,0.9748448941836863,hold
1006,2024-01-23,0,-1,0.0101299710711508,-0.0101299710711508,0.9649697436067465,hold
1007,2024-01-24,0,-1,-0.0047240537554001,0.0047240537554001,0.9695283125478794,hold
1008,2024-01-25,0,-1,0.0180305914522447,-0.0180305914522447,0.9520471436429444,hold
1009,2024-01-29,0,-1,-0.0099136981024832,0.0099136981024832,0.9614854516043521,hold
1010,2024-01-30,0,-1,0.0094600254190029,-0.0094600254190029,0.9523897747921733,hold
1011,2024-01-31,0,-1,-0.0013003033741542,0.0013003033741542,0.9536281704298455,hold
1012,2024-02-01,0,-1,0.0072059881750932,-0.0072059881750932,0.9467563371102923,hold
1013,2024-02-02,0,-1,-0.0037568550808078,0.0037568550808078,0.9503131634656521,hold
1014,2024-02-05,0,-1,0.0072434021015312,-0.0072434021015312,0.9434296631002922,hold
1015,2024-02-06,0,-1,5.014315737827957e-05,-5.014315737827957e-05,0.94338235655822,hold
1016,2024-02-07,0,-1,-0.0096920171108729,0.0096920171108729,0.952525634500078,hold
1017,2024-02-08,0,-1,0.0029722318898448,-0.0029722318898448,0.9496945074333223,hold
1018,2024-02-09,0,-1,-0.0076414194307357,0.0076414194307357,0.9569515214956863,hold
1019,2024-02-12,0,-1,0.0058844800115076,-0.0058844800115076,0.9513203593954631,hold
1020,2024-02-13,0,-1,0.0044519922849619,-0.0044519922849619,0.9470850884949074,hold
1021,2024-02-14,0,-1,0.0032371361888359,-0.0032371361888359,0.9440192450810336,hold
1022,2024-02-15,0,-1,0.0059308430222606,-0.0059308430222606,0.9384204151284651,hold
1023,2024-02-16,0,-1,0.0037000088082788,-0.0037000088082788,0.9349482513266211,hold
1024,2024-02-19,0,-1,0.003376655573009,-0.003376655573009,0.931791253103304,hold
1025,2024-02-20,0,-1,-0.00639270001033,0.00639270001033,0.937747915056643,hold
1026,2024-02-21,0,-1,0.0073633218581414,-0.0073633218581414,0.9308429753362799,hold
1027,2024-02-22,0,-1,-0.0002137959201901,0.0002137959201901,0.9310419857667444,hold
1028,2024-02-23,0,-1,-0.0040809285088362,0.0040809285088362,0.9348415015493833,hold
1029,2024-02-26,0,-1,0.0034489943486464,-0.0034489943486464,0.9316172384936593,hold
1030,2024-02-27,0,-1,-0.0111359278099485,0.0111359278099485,0.9419916608080283,hold
1031,2024-02-28,0,-1,0.0014418556686905,-0.0014418556686905,0.9406334447920331,hold
1032,2024-02-29,0,-1,0.0161921687000685,-0.0161921687000685,0.925402549369034,hold
1033,2024-03-01,0,-1,0.0029925402887358,-0.0029925402887358,0.9226332449567484,hold
1034,2024-03-04,0,-1,-0.0022002905070378,0.0022002905070378,0.9246633061271041,hold
1035,2024-03-05,0,-1,0.0052669715420341,-0.0052669715420341,0.9197931308077695,hold
1036,2024-03-06,0,-1,0.000867667346212,-0.000867667346212,0.9189950563428975,hold
1037,2024-03-07,0,-1,-0.0071531788017711,0.0071531788017711,0.9255687922988619,hold
1038,2024-03-11,0,-1,0.000136518866846,-0.000136518866846,0.9254424346961493,hold
1039,2024-03-12,0,-1,-0.0151327252704165,0.0151327252704165,0.9394469008139915,hold
1040,2024-03-13,0,-1,0.0067712159528048,-0.0067712159528048,0.9330857029723868,hold
1041,2024-03-14,0,-1,-0.0055674686273187,0.0055674686273187,0.9382806283502851,hold
1042,2024-03-15,0,-1,0.0014688778023679,-0.0014688778023679,0.9369024087629095,hold
1043,2024-03-18,0,-1,-0.0108021966402886,0.0108021966402886,0.9470230128151266,hold
1044,2024-03-19,0,-1,0.0009923428906801,-0.0009923428906801,0.946083241261049,hold
1045,2024-03-20,0,-1,0.0079146856998078,-0.0079146856998078,0.9385952897606124,hold
1046,2024-03-21,0,-1,0.0038524885010076,-0.0038524885010076,0.9349793621997097,hold
1047,2024-03-22,0,-1,-0.0041658063402989,0.0041658063402989,0.9388743051548099,hold
1048,2024-03-26,0,-1,0.0054057167831516,-0.0054057167831516,0.9337990165661647,hold
1049,2024-03-27,0,-1,0.0091870010785439,-0.0091870010785439,0.9252202039938282,hold
1050,2024-03-28,0,-1,0.0060509791780918,-0.0060509791780918,0.9196217158043116,hold
1051,2024-04-01,0,-1,-0.0003872860275131,0.0003872860275131,0.9199778724454403,hold
1052,2024-04-02,0,-1,-0.0008306302403686,0.0008306302403686,0.9207420338867635,hold
1053,2024-04-03,0,-1,0.0035659124883635,-0.0035659124883635,0.9174587483695654,hold
1054,2024-04-04,0,-1,-4.224679746289706e-05,4.224679746289706e-05,0.9174975080634885,hold
1055,2024-04-05,0,-1,0.0067781647528144,-0.0067781647528144,0.9112785587935375,hold
1056,2024-04-08,0,-1,-0.0010390218270411,0.0010390218270411,0.9122253971066385,hold
1057,2024-04-09,0,-1,0.0049044741142307,-0.0049044741142307,0.9077514112601852,hold
1058,2024-04-10,0,-1,-0.0103015928142499,0.0103015928142499,0.9171026966755482,hold
1059,2024-04-12,0,-1,-0.010963897188301,0.010963897188301,0.9271577163530126,hold
1060,2024-04-15,0,-1,-0.005594325260972,0.005594325260972,0.9323445381865114,hold
1061,2024-04-16,0,-1,-0.0068652458503182,0.0068652458503182,0.9387453126583633,hold
1062,2024-04-18,0,-1,0.0068717686886063,-0.0068717686886063,0.9322944720122616,hold
1063,2024-04-19,0,-1,0.0085519659829773,-0.0085519659829773,0.9243215214014949,hold
1064,2024-04-22,0,-1,0.0014147135985376,-0.0014147135985376,0.9230138711757473,hold
1065,2024-04-23,0,-1,0.0015379287654238,-0.0015379287654238,0.921594341592381,hold
1066,2024-04-24,0,-1,0.0074969296067168,-0.0074969296067168,0.9146852136875144,hold
1067,2024-04-25,0,-1,-0.0066636269808832,0.0066636269808832,0.9207803347564576,hold
1068,2024-04-26,0,-1,0.0099666225688024,-0.0099666225688024,0.9116032646911645,hold
1069,2024-04-29,0,-1,-0.0017025173156396,0.0017025173156396,0.9131552850342947,hold
1070,2024-04-30,0,-1,0.001917712797214,-0.001917712797214,0.9114041154583408,hold
1071,2024-05-02,0,-1,-0.0076098592965534,0.0076098592965534,0.9183397725392785,hold
1072,2024-05-03,0,-1,-0.0014749338156797,0.0014749338156797,0.9196942629240802,hold
1073,2024-05-06,0,-1,-0.006246985595782,0.006246985595782,0.9254395797370903,hold
1074,2024-05-07,0,-1,0.0,-0.0,0.9254395797370903,hold
1075,2024-05-08,0,-1,-0.0154691178119045,0.0154691178119045,0.9397553136238427,hold
1076,2024-05-09,0,-1,0.004449469144939,-0.004449469144939,0.9355739013520809,hold
1077,2024-05-10,0,-1,0.0022149680905385,-0.0022149680905385,0.9335016350142454,hold
1078,2024-05-13,0,-1,0.0051483245877055,-0.0051483245877055,0.9286956655940383,hold
1079,2024-05-14,0,-1,-0.0007786004689536,0.0007786004689536,0.929418748474785,hold
1080,2024-05-15,0,-1,0.0091573776762647,-0.0091573776762647,0.9209077099756001,hold
1081,2024-05-16,0,-1,0.002778540343975,-0.002778540343975,0.9183489307503553,hold
1082,2024-05-17,0,-1,0.0028020516676037,-0.0028020516676037,0.9157756695975041,hold
1083,2024-05-21,0,-1,0.00305161547495,-0.00305161547495,0.9129810743925777,hold
1084,2024-05-22,0,-1,0.016366619608483,-0.016366619608483,0.8980386604382503,hold
1085,2024-05-23,0,-1,-0.0004593757337192,0.0004593757337192,0.8984511976067974,hold
1086,2024-05-24,0,-1,-0.0010737589261899,0.0010737589261899,0.8994159175999737,hold
1087,2024-05-27,0,-1,-0.0019317094176221,0.0019317094176221,0.9011533277983609,hold
1088,2024-05-28,0,-1,-0.008015115627261,0.008015115627261,0.9083761759185558,hold
1089,2024-05-29,-1,-1,-0.0095155996581792,0.0095155996581792,0.9170199199476246,hold
1090,2024-05-30,0,-1,0.0018697799732139,-0.0018697799732139,0.9153052944662683,hold
1091,2024-05-31,0,-1,0.0325423176953527,-0.0325423176953527,0.8855191387855087,hold
1092,2024-06-03,0,-1,-0.0592935994164107,0.0592935994164107,0.9380247558762217,hold
1093,2024-06-04,0,-1,0.0336242367600356,-0.0336242367600356,0.906484389397865,hold
1094,2024-06-05,0,-1,0.0088880492442378,-0.0088880492442378,0.8984275115057639,hold
1095,2024-06-06,0,-1,0.0205399314668071,-0.0205399314668071,0.8799738719915415,hold
1096,2024-06-07,0,-1,-0.0013289382574128,0.0013289382574128,0.8811433029355549,hold
1097,2024-06-10,0,-1,0.0002429314342191,-0.0002429314342191,0.8809292455292203,hold
1098,2024-06-11,0,-1,0.0024973129141392,-0.0024973129141392,0.8787292895479172,hold
1099,2024-06-12,-1,-1,0.003256499474515,-0.003256499474515,0.8758677080782634,hold
1100,2024-06-13,-1,-1,0.0028505279152657,-0.0028505279152657,0.8733710227263065,hold
1101,2024-06-14,-1,-1,0.0039334507869606,-0.0039334507869606,0.8699356607896551,hold
1102,2024-06-18,0,-1,-0.0017786131162043,0.0017786131162043,0.8714829397661895,hold
1103,2024-06-19,0,-1,0.0021687361796223,-0.0021687361796223,0.869592923184795,hold
1104,2024-06-20,-1,-1,-0.0027962995130903,0.0027962995130903,0.8720245654524834,hold
1105,2024-06-21,-1,-1,0.001563756616109,-0.001563756616109,0.8706609312688476,hold
1106,2024-06-24,-1,-1,0.0077938798539154,-0.0077938798539154,0.8638751045770401,hold
1107,2024-06-25,-1,-1,0.0062180401218379,-0.0062180401218379,0.8585034945165231,hold
1108,2024-06-26,0,-1,0.0073610408985447,-0.0073610408985447,0.8521840151818434,hold
1109,2024-06-27,0,-1,-0.0014099020825968,0.0014099020825968,0.853385511199604,hold
1110,2024-06-28,0,-1,0.0054704843490753,-0.0054704843490753,0.848717079116859,hold
1111,2024-07-01,0,-1,-0.0007497161563467,0.0007497161563467,0.8493533760232403,hold
1112,2024-07-02,-1,-1,0.0067423066077227,-0.0067423066077227,0.8436267751437873,hold
1113,2024-07-03,0,-1,0.0006444070008029,-0.0006444070008029,0.8430831361438198,hold
1114,2024-07-04,0,-1,0.0008928929498506,-0.0008928929498506,0.842330353155419,hold
1115,2024-07-05,0,-1,-0.0001356211363734,0.0001356211363734,0.8424445909551158,hold
1116,2024-07-08,-1,-1,0.0046318209860134,-0.0046318209860134,0.8385425384191764,hold
1117,2024-07-09,0,-1,-0.0044509111977667,0.0044509111977667,0.8422748167932299,hold
1118,2024-07-10,-1,-1,-0.0003494426502141,0.0003494426502141,0.8425691435374189,hold
1119,2024-07-11,0,-1,0.007657573644356,-0.007657573644356,0.836117108270319,hold
1120,2024-07-12,0,-1,0.0034506697076412,-0.0034506697076412,0.8332319442927701,hold
1121,2024-07-15,0,-1,0.0010697158254551,-0.0010697158254551,0.8323406228956854,hold
1122,2024-07-16,-1,-1,0.0076321297434283,-0.0076321297434283,0.8259880912710197,hold
1123,2024-07-18,0,-1,-0.0108846762510892,0.0108846762510892,0.8349787042317599,hold
1124,2024-07-19,0,-1,-0.0008825762723847,0.0008825762723847,0.8357156366240615,hold
1125,2024-07-22,0,-1,-0.0012321559717249,0.0012321559717249,0.8367453686363917,hold
1126,2024-07-23,0,-1,-0.0026778318259059,0.0026778318259059,0.8389860320147057,hold
1127,2024-07-24,0,-1,-0.0003031269840456,0.0003031269840456,0.8392403513202468,hold
1128,2024-07-25,0,-1,0.0175673297602745,-0.0175673297602745,0.8244971393204753,hold
1129,2024-07-26,0,-1,5.03324972633834e-05,-5.03324972633834e-05,0.8244556403204668,hold
1130,2024-07-29,0,-1,0.0008536433743,-0.0008536433743,0.823751849225703,hold
1131,2024-07-30,0,-1,0.0037755350108565,-0.0037755350108565,0.8206417452786936,hold
1132,2024-07-31,0,-1,0.0023946791656728,-0.0023946791656728,0.8186765715887934,hold
1133,2024-08-01,0,-1,-0.0117229354919546,0.0117229354919546,0.8282738642263033,hold
1134,2024-08-02,0,-1,-0.0267864578946228,0.0267864578946228,0.8504603872156178,hold
1135,2024-08-05,0,-1,-0.0026209626510589,0.0026209626510589,0.852689412126715,hold
1136,2024-08-06,0,-1,0.0127101624804444,-0.0127101624804444,0.8418515911532298,hold
1137,2024-08-07,0,-1,-0.007428747813561,0.007428747813561,0.8481054943203523,hold
1138,2024-08-08,0,-1,0.0103868640378157,-0.0103868640378157,0.8392963378611223,hold
1139,2024-08-09,0,-1,-0.0008412844977941,0.0008412844977941,0.8400024248592203,hold
1140,2024-08-12,0,-1,-0.0085431469996303,0.0085431469996303,0.8471786890548384,hold
1141,2024-08-13,0,-1,0.0001967769998756,-0.0001967769998756,0.8470119837740476,hold
1142,2024-08-14,0,-1,0.0164597624902924,-0.0164597624902924,0.8330703676946954,hold
1143,2024-08-16,0,-1,0.0012835584110202,-0.0012835584110202,0.8320010732172692,hold
1144,2024-08-19,0,-1,0.0051357593399101,-0.0051357593399101,0.8277281159346784,hold
1145,2024-08-20,0,-1,0.0028887826964991,-0.0028887826964991,0.8253369892759606,hold
1146,2024-08-21,0,-1,0.0016673576536574,-0.0016673576536574,0.8239608573300446,hold
1147,2024-08-22,0,-1,0.0004695560778267,-0.0004695560778267,0.823573961501594,hold
1148,2024-08-23,0,-1,0.007551387144671,-0.007551387144671,0.8173548356760252,hold
1149,2024-08-26,0,-1,0.000285894410237,-0.000285894410237,0.8171211584973253,hold
1150,2024-08-27,0,-1,0.0013830024432652,-0.0013830024432652,0.8159910779386798,hold
1151,2024-08-28,0,-1,0.0039756594063229,-0.0039756594063229,0.8127469753341973,hold
1152,2024-08-29,0,-1,0.0033377600735777,-0.0033377600735777,0.8100342209300058,hold
1153,2024-08-30,0,-1,0.0016959501132323,-0.0016959501132323,0.8086604433012975,hold
1154,2024-09-02,0,-1,4.550829989491412e-05,-4.550829989491412e-05,0.8086236425393306,hold
1155,2024-09-03,0,-1,-0.0032100820170585,0.0032100820170585,0.8112193907528144,hold
1156,2024-09-04,-1,-1,-0.0021270784221717,0.0021270784221717,0.8129449180145318,hold
1157,2024-09-05,0,-1,-0.0116503502989019,0.0116503502989019,0.8224160110831131,hold
1158,2024-09-06,0,-1,0.0033900486950126,-0.0033900486950126,0.8196279807579834,hold
1159,2024-09-09,0,-1,0.0041986500501236,-0.0041986500501236,0.8161866496954912,hold
1160,2024-09-10,0,-1,-0.0048979634496194,0.0048979634496194,0.8201843020737669,hold
1161,2024-09-11,0,-1,0.0188796328272711,-0.0188796328272711,0.8046995235999226,hold
1162,2024-09-12,0,-1,-0.0012761636040355,0.0012761636040355,0.8057264518441255,hold
1163,2024-09-13,0,-1,0.0010746751326089,-0.0010746751326089,0.8048605576626434,hold
1164,2024-09-16,0,-1,0.0013709866056039,-0.0013709866056039,0.8037571046187091,hold
1165,2024-09-17,0,-1,-0.0016129951842196,0.0016129951842196,0.8050535609577414,hold
1166,2024-09-18,0,-1,0.0015072376499098,-0.0015072376499098,0.8038401539204719,hold
1167,2024-09-19,0,-1,0.0147604413777415,-0.0147604413777415,0.7919751184514541,hold
1168,2024-09-20,0,-1,0.0057423850996662,-0.0057423850996662,0.7874272923319521,hold
1169,2024-09-23,0,-1,5.203002169906768e-05,-5.203002169906768e-05,0.7873863224728456,hold
1170,2024-09-24,0,-1,0.0024575565157058,-0.0024575565157058,0.7854512760856748,hold
1171,2024-09-25,-1,-1,0.008148714241454,-0.008148714241454,0.7790508580862672,hold
1172,2024-09-26,0,-1,-0.0014152231703233,0.0014152231703233,0.7801533889114911,hold
1173,2024-09-27,0,-1,-0.0140609008520233,0.0140609008520233,0.7911230483623456,hold
1174,2024-09-30,0,-1,-0.0005404401234794,0.0005404401234794,0.79155060300029,hold
1175,2024-10-01,0,-1,-0.0211963752609873,0.0211963752609873,0.808328606619545,hold
1176,2024-10-03,0,-1,-0.0093266958801446,0.0093266958801446,0.8158676417047065,hold
1177,2024-10-04,0,-1,-0.0087488751686026,0.0087488751686026,0.8230055658560832,hold
1178,2024-10-07,0,-1,0.0087676473034692,-0.0087676473034692,0.815789743325865,hold
1179,2024-10-08,0,-1,-0.0012473907279866,0.0012473907279866,0.8168073518876763,hold
1180,2024-10-09,0,-1,0.0006604768849507,-0.0006604768849507,0.8162678695122967,hold
1181,2024-10-10,0,-1,-0.0013680536120755,0.0013680536120755,0.8173845677196041,hold
1182,2024-10-11,0,-1,0.0065573457544287,-0.0065573457544287,0.8120246944947325,hold
1183,2024-10-14,0,-1,-0.0028096049048969,0.0028096049048969,0.8143061630592823,hold
1184,2024-10-15,0,-1,-0.0034340754096676,0.0034340754096676,0.8171025518297849,hold
1185,2024-10-16,0,-1,-0.0088682273228345,0.0088682273228345,0.8243488030054795,hold
1186,2024-10-17,0,-1,0.0042101739412401,-0.0042101739412401,0.8208781511565734,hold
1187,2024-10-18,0,-1,-0.0029351823779982,0.0029351823779982,0.8232875782403318,hold
1188,2024-10-21,0,-1,-0.0124691803378693,0.0124691803378693,0.8335532995233382,hold
1189,2024-10-22,0,-1,-0.0014955647434917,0.0014955647434917,0.8347999324499266,hold
1190,2024-10-23,0,-1,-0.0014773427748562,0.0014773427748562,0.8360332180985819,hold
1191,2024-10-24,0,-1,-0.0089592205494931,0.0089592205494931,0.8435234240862295,hold
1192,2024-10-25,0,-1,0.0065485676346082,-0.0065485676346082,0.8379995538922245,hold
1193,2024-10-28,0,-1,0.0052466588480091,-0.0052466588480091,0.8336028561181681,hold
1194,2024-10-29,0,-1,-0.0051498252538292,0.0051498252538292,0.8378957651582695,hold
1195,2024-10-30,0,-1,-0.005566773640794,0.005566773640794,0.8425601412174855,hold
1196,2024-10-31,0,-1,0.0040900049616161,-0.0040900049616161,0.839114066059446,hold
1197,2024-11-01,0,-1,-0.0127137736646451,0.0127137736646451,0.8497823723741458,hold
1198,2024-11-04,0,-1,0.0090830588186072,-0.0090830588186072,0.8420637491028559,hold
1199,2024-11-05,0,-1,0.0111818707596305,-0.0111818707596305,0.8326479010890178,hold
1200,2024-11-06,0,-1,-0.0116280257061476,0.0116280257061476,0.8423299522870508,hold
1201,2024-11-07,0,-1,-0.0021137093124677,0.0021137093124677,0.8441103929513704,hold
1202,2024-11-08,0,-1,-0.0002856708874028,0.0002856708874028,0.8443515307163907,hold
1203,2024-11-11,0,-1,-0.0106809307765333,0.0106809307765333,0.8533699909670323,hold
1204,2024-11-12,0,-1,-0.0135825623229214,0.0135825623229214,0.8649609420538528,hold
1205,2024-11-13,0,-1,-0.0011185324376894,0.0011185324376894,0.8659284289248744,hold
1206,2024-11-14,0,-1,-0.0033527151631265,0.0033527151631265,0.8688316402987132,hold
1207,2024-11-18,0,-1,0.0027585814066317,-0.0027585814066317,0.8664348974902919,hold
1208,2024-11-19,0,-1,-0.0071688079331164,0.0071688079331164,0.8726462028569493,hold
1209,2024-11-21,0,-1,0.0238694641112378,-0.0238694641112378,0.8518166056360473,hold
1210,2024-11-22,0,-1,0.0131612958673623,-0.0131612958673623,0.840605595264539,hold
1211,2024-11-25,0,-1,-0.0011312238174179,0.0011312238174179,0.8415565083349571,hold
1212,2024-11-26,0,-1,0.0033230854378061,-0.0033230854378061,0.8387599441570183,hold
1213,2024-11-27,0,-1,-0.0148610290544929,0.0148610290544929,0.8512247800568805,hold
1214,2024-11-28,0,-1,0.0090720019405352,-0.0090720019405352,0.8435024672003729,hold
1215,2024-11-29,0,-1,0.0060068200049485,-0.0060068200049485,0.8384356997061704,hold
1216,2024-12-02,0,-1,0.0074600111445999,-0.0074600111445999,0.8321809600423319,hold
1217,2024-12-03,0,-1,0.0004210968146538,-0.0004210968146538,0.8318305312908425,hold
1218,2024-12-04,-1,-1,0.0098478255628851,-0.0098478255628851,0.8236388093208082,hold
1219,2024-12-05,0,-1,-0.0012384293961259,0.0012384293961259,0.8246588278340612,hold
1220,2024-12-06,-1,-1,-0.0023827399277279,0.0023827399277279,0.8266237753498946,hold
1221,2024-12-09,0,-1,-0.00036350862139,0.00036350862139,0.8269242602188802,hold
1222,2024-12-10,-1,-1,0.0012901233029631,-0.0012901233029631,0.8258574259609863,hold
1223,2024-12-11,-1,-1,-0.0037781963796591,0.0037781963796591,0.8289776774978667,hold
1224,2024-12-12,0,-1,0.0089455478085889,-0.0089455478085889,0.8215620180515565,hold
1225,2024-12-13,0,-1,-0.0040394689217332,0.0040394689217332,0.8248806922907521,hold
1226,2024-12-16,-1,-1,-0.0134687300477334,0.0134687300477334,0.8359907876568037,hold
1227,2024-12-17,0,-1,-0.0056356998120069,0.0056356998120069,0.8407021807816406,hold
1228,2024-12-18,0,-1,-0.010213311567061,0.010213311567061,0.8492885340890712,hold
1229,2024-12-19,0,-1,-0.0152055691508056,0.0152055691508056,0.8622024496231488,hold
1230,2024-12-20,0,-1,0.0070354729729729,-0.0070354729729729,0.8561364475915941,hold
1231,2024-12-23,0,-1,-0.0010861087115143,0.0010861087115143,0.8570663048455683,hold
1232,2024-12-24,0,-1,0.0009503186263191,-0.0009503186263191,0.8562518187720831,hold
1233,2024-12-26,0,-1,0.002661079652128,-0.002661079652128,0.8539732644800511,hold
1234,2024-12-27,0,-1,-0.0070758479358679,0.0070758479358679,0.8600158494408087,hold
1235,2024-12-30,0,-1,-4.212721278373799e-06,4.212721278373799e-06,0.8600194724478775,hold
1236,2024-12-31,0,-1,0.0041488871182535,-0.0041488871182535,0.8564513487371913,hold
1237,2025-01-01,0,-1,0.0187740331916654,-0.0187740331916654,0.8403723026889527,hold
1238,2025-01-02,0,-1,-0.0076027553276091,0.0076027553276091,0.8467614476903962,hold
1239,2025-01-03,0,-1,-0.0161925959966257,0.0161925959966257,0.8604727137183645,hold
1240,2025-01-06,0,-1,0.0038892874268343,-0.0038892874268343,0.8571260880117657,hold
1241,2025-01-07,0,-1,-0.0007993610384197,0.0007993610384197,0.8578112412115353,hold
1242,2025-01-08,0,-1,-0.0068575949591475,0.0068575949591475,0.8636937632551674,hold
1243,2025-01-09,0,-1,-0.0040379997024632,0.0040379997024632,0.8671813584142111,hold
1244,2025-01-10,0,-1,-0.0147472753024774,0.0147472753024774,0.8799699206439217,hold
1245,2025-01-13,0,-1,0.0039028744993869,-0.0039028744993869,0.8765355084804131,hold
1246,2025-01-14,0,-1,0.0016028803979861,-0.0016028803979861,0.875130526895731,hold
1247,2025-01-15,0,-1,0.0042476507253836,-0.0042476507253836,0.871413278078357,hold
1248,2025-01-16,0,-1,-0.0046586517926727,0.0046586517926727,0.8754728891084356,hold
1249,2025-01-17,0,-1,0.0061004855371675,-0.0061004855371675,0.8701320794102474,hold
1250,2025-01-20,0,-1,-0.0137118456772935,0.0137118456772935,0.8820631962019833,hold
1251,2025-01-21,0,-1,0.0056764909144164,-0.0056764909144164,0.8770561724828017,hold
1252,2025-01-22,0,-1,0.0021593282262408,-0.0021593282262408,0.8751623203335609,hold
1253,2025-01-23,0,-1,-0.0048760476583936,0.0048760476583936,0.8794296535163376,hold
1254,2025-01-24,0,-1,-0.0113912419355629,0.0113912419355629,0.8894474494648504,hold
1255,2025-01-27,0,-1,0.0056112298172781,-0.0056112298172781,0.8844565554155113,hold
1256,2025-01-28,0,-1,0.0089666492883511,-0.0089666492883511,0.8765259436723173,hold
1257,2025-01-29,0,-1,0.0037300875997627,-0.0037300875997627,0.8732564251189548,hold
1258,2025-01-30,0,-1,0.0111357401503258,-0.0111357401503258,0.8635320684842277,hold
1259,2025-01-31,0,-1,-0.0011166221250199,0.0011166221250199,0.8644963074975613,hold
1260,2025-02-01,0,-1,-0.0051570919766934,0.0051570919766934,0.8689545944688382,hold
1261,2025-02-03,0,-1,0.0161893068206311,-0.0161893068206311,0.854886821925785,hold
1262,2025-02-04,0,-1,-0.0018092070621439,0.0018092070621439,0.8564334892013469,hold
1263,2025-02-05,0,-1,-0.0039226026346081,0.0039226026346081,0.8597929374624548,hold
1264,2025-02-06,0,-1,-0.0018387386257991,0.0018387386257991,0.8613738719467563,hold
1265,2025-02-07,0,-1,-0.0075700336923079,0.0075700336923079,0.867894501179067,hold
1266,2025-02-10,0,-1,-0.0132496849360461,0.0132496849360461,0.8793938298774165,hold
1267,2025-02-11,0,-1,-0.0011507892904301,0.0011507892904301,0.8804058268789098,hold
1268,2025-02-12,0,-1,-0.0006009745771905,0.0006009745771905,0.8809349283984743,hold
1269,2025-02-13,0,-1,-0.0044352661537063,0.0044352661537063,0.8848421092700178,hold
1270,2025-02-14,0,-1,0.0013192755977626,-0.0013192755977626,0.8836747586673851,hold
1271,2025-02-17,0,-1,-0.0006184463402948,0.0006184463402948,0.8842212640878938,hold
1272,2025-02-18,0,-1,-0.0005404326900405,0.0005404326900405,0.8846991261642358,hold
1273,2025-02-19,0,-1,-0.0008612081186238,0.0008612081186238,0.885461036234228,hold
1274,2025-02-20,0,-1,-0.0051171487988824,0.0051171487988824,0.8899920721122511,hold
1275,2025-02-21,0,-1,-0.0106401053300685,0.0106401053300685,0.8994616815024513,hold
1276,2025-02-24,0,-1,-0.0002571160481895,0.0002571160481895,0.8996929475354971,hold
1277,2025-02-25,0,-1,-0.0001108767876499,0.0001108767876499,0.8997927025993911,hold
1278,2025-02-27,0,-1,-0.0186449596666951,0.0186449596666951,0.9165693012477434,hold
1279,2025-02-28,0,-1,-0.0002440004922383,0.0002440004922383,0.9167929446084184,hold
1280,2025-03-03,0,-1,-0.0016569416451024,0.0016569416451024,0.9183120170182762,hold
1281,2025-03-04,0,-1,0.0115316950692254,-0.0115316950692254,0.9077223228596162,hold
1282,2025-03-05,0,-1,0.009284847776867,-0.009284847776867,0.8992942592682005,hold
1283,2025-03-06,0,-1,0.0003460139864501,-0.0003460139864501,0.8989830908765595,hold
1284,2025-03-07,0,-1,-0.0040882039130917,0.0040882039130917,0.9026583170664843,hold
1285,2025-03-10,0,-1,0.001674047455606,-0.001674047455606,0.9011472242075176,hold
1286,2025-03-11,0,-1,-0.0012179087892316,0.0012179087892316,0.9022447393322717,hold
1287,2025-03-12,0,-1,-0.0032620894617386,0.0032620894617386,0.9051879423883565,hold
1288,2025-03-13,0,-1,0.0049805683362682,-0.0049805683362682,0.9006795919841253,hold
1289,2025-03-17,0,-1,0.0144632989948354,-0.0144632989948354,0.8876527937467125,hold
1290,2025-03-18,0,-1,0.0032100316461272,-0.0032100316461272,0.8848034001880123,hold
1291,2025-03-19,0,-1,0.01235619558909,-0.01235619558909,0.8738705963173974,hold
1292,2025-03-20,0,-1,0.0068885519512889,-0.0068885519512889,0.8678508933159612,hold
1293,2025-03-21,0,-1,0.0131881772302988,-0.0131881772302988,0.8564055219254372,hold
1294,2025-03-24,-1,-1,0.0004353972876416,-0.0004353972876416,0.8560326452840695,hold
1295,2025-03-25,-1,-1,-0.0076810793285454,0.0076810793285454,0.8626078999403209,hold
1296,2025-03-26,0,-1,0.0044748278770025,-0.0044748278770025,0.8587478780627454,hold
1297,2025-03-27,0,-1,-0.0030773044101545,0.0030773044101545,0.8613905066951186,hold
1298,2025-03-28,-1,-1,-0.0150365718652369,0.0150365718652369,0.8743428669530727,hold
1299,2025-04-01,0,-1,0.0071938424586863,-0.0071938424586863,0.8680529821133363,hold
1300,2025-04-02,0,-1,-0.0035251486188494,0.0035251486188494,0.8711129978843213,hold
1301,2025-04-03,0,-1,-0.0148666197750665,0.0148666197750665,0.8840635036049858,hold
1302,2025-04-04,0,-1,-0.0324325462830553,0.0324325462830553,0.9127359341028144,hold
1303,2025-04-07,0,-1,0.0168873189028142,-0.0168873189028142,0.8973222713095621,hold
1304,2025-04-08,0,-1,-0.0060658560080705,0.0060658560080705,0.9027652990001606,hold
1305,2025-04-09,0,-1,0.0191703874091904,-0.0191703874091904,0.8854589384787539,hold
1306,2025-04-11,0,-1,0.0219023977821084,-0.0219023977821084,0.8660652645884688,hold
1307,2025-04-15,0,-1,0.004657316201027,-0.004657316201027,0.8620317248005541,hold
1308,2025-04-16,0,-1,0.0176834769379541,-0.0176834769379541,0.8467880066752587,hold
1309,2025-04-17,0,-1,0.0114834984640164,-0.0114834984640164,0.8370639179012558,hold
1310,2025-04-21,0,-1,0.0017284255654137,-0.0017284255654137,0.8356171152256698,hold
1311,2025-04-22,0,-1,0.0066908406521222,-0.0066908406521222,0.8300261342615088,hold
1312,2025-04-23,0,-1,-0.0033807460922566,0.0033807460922566,0.8328322418713843,hold
1313,2025-04-24,-1,-1,-0.0085516633626838,0.0085516633626838,0.8399543428414576,hold
1314,2025-04-25,0,-1,0.0120282118827472,-0.0120282118827472,0.8298511940339269,hold
1315,2025-04-28,0,-1,0.0003061930965739,-0.0003061930965739,0.8295970993271301,hold
1316,2025-04-29,-1,-1,-7.191007773188485e-05,7.191007773188485e-05,0.829656755719029,hold
1317,2025-04-30,0,-1,0.0005136803511647,-0.0005136803511647,0.8292305773454051,hold
1318,2025-05-02,-1,-1,0.0047008906976129,-0.0047008906976129,0.8253324550381859,hold
1319,2025-05-05,0,-1,-0.0033338898599493,0.0033338898599493,0.8280840225411248,hold
1320,2025-05-06,-1,-1,0.0014274549954715,-0.0014274549954715,0.8269019698664783,hold
1321,2025-05-07,-1,-1,-0.0057588802970967,0.0057588802970967,0.8316639993283729,hold
1322,2025-05-08,0,-1,-0.0109501096942064,0.0109501096942064,0.840770811349741,hold
1323,2025-05-09,0,-1,0.0381830730902199,-0.0381830730902199,0.8086675980078503,hold
1324,2025-05-12,0,-1,-0.0138958390765435,0.0138958390765435,0.8199047128161824,hold
1325,2025-05-13,0,-1,0.0036027960647213,-0.0036027960647213,0.8169507633434019,hold
1326,2025-05-14,0,-1,0.0160214381414618,-0.0160214381414618,0.8038620372238755,hold
1327,2025-05-15,0,-1,-0.0016877607536591,0.0016877607536591,0.8052187640216585,hold
1328,2025-05-16,-1,-1,-0.0029717088137536,0.0029717088137536,0.8076116397197014,hold
1329,2025-05-19,0,-1,-0.0104848313546668,0.0104848313546668,0.8160793115622285,hold
1330,2025-05-20,0,-1,0.0052483127088862,-0.0052483127088862,0.8117962721398974,hold
1331,2025-05-21,-1,-1,-0.0082112727740422,0.0082112727740422,0.8184621527673887,hold
1332,2025-05-22,0,-1,0.0098924887180058,-0.0098924887180058,0.8103655251550225,hold
1333,2025-05-23,0,-1,0.0059549794562796,-0.0059549794562796,0.8055398151006471,hold
1334,2025-05-26,0,-1,-0.0069977248703164,0.0069977248703164,0.811176761098807,hold
1335,2025-05-27,0,-1,-0.0029706520659956,0.0029706520659956,0.8135864850200527,hold
1336,2025-05-28,0,-1,0.0032784792287758,-0.0032784792287758,0.8109191586281018,hold
1337,2025-05-29,0,-1,-0.0033382349691143,0.0033382349691143,0.8136261973205589,hold
1338,2025-05-30,0,-1,-0.0013777230725331,0.0013777230725331,0.8147471489050248,hold
1339,2025-06-02,0,-1,-0.0070438333802584,0.0070438333802584,0.8204860920689524,hold
1340,2025-06-03,0,-1,0.0031659048079861,-0.0031659048079861,0.8178885112051856,hold
1341,2025-06-04,0,-1,0.0053086967621067,-0.0053086967621067,0.8135465891139864,hold
1342,2025-06-05,0,-1,0.0101875239545026,-0.0101875239545026,0.8052585637492837,hold
1343,2025-06-06,0,-1,0.0040054487100871,-0.0040054487100871,0.8020331418738276,hold
1344,2025-06-09,0,-1,4.18584595869298e-05,-4.18584595869298e-05,0.8019995700019711,hold
1345,2025-06-10,0,-1,0.0014798446727146,-0.0014798446727146,0.8008127352107843,hold
1346,2025-06-11,0,-1,-0.0100710846627866,0.0100710846627866,0.8088777880661298,hold
1347,2025-06-12,0,-1,-0.0068144588479197,0.0068144588479197,0.8143898524659028,hold
1348,2025-06-13,0,-1,0.0092197937677085,-0.0092197937677085,0.8068813459796526,hold
1349,2025-06-16,0,-1,-0.0037319707924959,0.0037319707924959,0.8098926035958584,hold
1350,2025-06-17,0,-1,-0.0016637405234334,0.0016637405234334,0.8112400547400898,hold
1351,2025-06-18,0,-1,-0.0007577278241026,0.0007577278241026,0.8118547539015929,hold
1352,2025-06-19,0,-1,0.0128724709598377,-0.0128724709598377,0.8014041771583885,hold
1353,2025-06-20,0,-1,-0.0055948454872697,0.0055948454872697,0.8058879097024422,hold
1354,2025-06-23,0,-1,0.0029012296868362,-0.0029012296868362,0.8035498437745511,hold
1355,2025-06-24,0,-1,0.0080018205204253,-0.0080018205204253,0.7971199821454513,hold
1356,2025-06-25,0,-1,0.0120520108141297,-0.0120520108141297,0.7875130835004756,hold
1357,2025-06-26,0,-1,0.003475704773181,-0.003475704773181,0.7847759205172105,hold
1358,2025-06-27,0,-1,-0.0047098423546652,0.0047098423546652,0.7884720913865838,hold
1359,2025-06-30,0,-1,0.0009699396772837,-0.0009699396772837,0.7877073210207172,hold
1360,2025-07-01,0,-1,-0.0034610085397696,0.0034610085397696,0.7904335827856088,hold
1361,2025-07-02,-1,-1,-0.0018897125192245,0.0018897125192245,0.7919272750226143,hold
1362,2025-07-03,0,-1,0.0021924250859925,-0.0021924250859925,0.790191033798573,hold
1363,2025-07-04,0,-1,1.1813410706551508e-05,-1.1813410706551508e-05,0.7901816989473541,hold
1364,2025-07-07,0,-1,0.0024036171315751,-0.0024036171315751,0.7882824046787071,hold
1365,2025-07-08,0,-1,-0.0018180190273288,0.0018180190273288,0.7897155170893214,hold
1366,2025-07-09,0,-1,-0.004743646446198,0.004743646446198,0.7934616482954696,hold
1367,2025-07-10,0,-1,-0.008100901810276,0.008100901810276,0.799889403198531,hold
1368,2025-07-11,0,-1,-0.0026858541571485,0.0026858541571485,0.8020377894773707,hold
1369,2025-07-14,0,-1,0.0045251032187942,-0.0045251032187942,0.7984084856946121,hold
1370,2025-07-15,0,-1,0.0006449487413033,-0.0006449487413033,0.7978935531467175,hold
1371,2025-07-16,0,-1,-0.0039902173517283,0.0039902173517283,0.8010773218473157,hold
1372,2025-07-17,0,-1,-0.0056965580472427,0.0056965580472427,0.8056407053115487,hold
1373,2025-07-18,0,-1,0.0048981443028652,-0.0048981443028652,0.8016945608806707,hold
1374,2025-07-21,0,-1,-0.0011876443882732,0.0011876443882732,0.8026466889270099,hold
1375,2025-07-22,0,-1,0.0063445445902445,-0.0063445445902445,0.7975542612189004,hold
1376,2025-07-23,0,-1,-0.006256994627491,0.006256994627491,0.8025445539464796,hold
1377,2025-07-24,0,-1,-0.0089816740370306,0.0089816740370306,0.809752747530221,hold
1378,2025-07-25,0,-1,-0.0062849623293875,0.0062849623293875,0.8148420130445664,hold
1379,2025-07-28,0,-1,0.0056804742343701,-0.0056804742343701,0.8102133239843844,hold
1380,2025-07-29,0,-1,0.0013678351245234,-0.0013678351245234,0.8091050857414817,hold
1381,2025-07-30,0,-1,-0.0034882717656889,0.0034882717656889,0.811927464167549,hold
1382,2025-07-31,0,-1,-0.0081959437427822,0.0081959437427822,0.8185819759870859,hold
1383,2025-08-01,0,-1,0.0064074150430544,-0.0064074150430544,0.8133369815201731,hold
1384,2025-08-04,0,-1,-0.0029608040671041,0.0029608040671041,0.8157451129629841,hold
1385,2025-08-05,0,-1,-0.0030569142281212,0.0030569142281212,0.818238775805321,hold
1386,2025-08-06,0,-1,0.0008932609229541,-0.0008932609229541,0.8175078750812483,hold
1387,2025-08-07,0,-1,-0.0094669127354072,0.0094669127354072,0.8252471507951508,hold
1388,2025-08-08,0,-1,0.0091018044718578,-0.0091018044718578,0.8177359125876555,hold
1389,2025-08-11,0,-1,-0.0039719417907191,0.0039719417907191,0.8209839120326343,hold
1390,2025-08-12,0,-1,0.0053884535167121,-0.0053884535167121,0.816560078384678,hold
1391,2025-08-13,0,-1,0.000485438164071,-0.000485438164071,0.8161636889593733,hold
1392,2025-08-14,0,-1,0.0099730192766349,-0.0099730192766349,0.808024072756492,hold
1393,2025-08-18,0,-1,0.0041685646806257,-0.0041685646806257,0.804655772145704,hold
1394,2025-08-19,0,-1,0.0027981813736617,-0.0027981813736617,0.8024041993518766,hold
1395,2025-08-20,0,-1,0.0013252889742787,-0.0013252889742787,0.8013407819135605,hold
1396,2025-08-21,0,-1,-0.0085174820600987,0.0085174820600987,0.8081661876475347,hold
1397,2025-08-22,0,-1,0.0039264173509054,-0.0039264173509054,0.8049929899059404,hold
1398,2025-08-25,0,-1,-0.0102411798720348,0.0102411798720348,0.8132370679112941,hold
1399,2025-08-26,0,-1,-0.0085444301039235,0.0085444301039235,0.8201857151959818,hold
1400,2025-08-28,0,-1,-0.0030223697933294,0.0030223697933294,0.8226646197265104,hold
1401,2025-08-29,0,-1,0.0081140701746054,-0.0081140701746054,0.8159894612718844,hold
1402,2025-09-01,0,-1,-0.0018457290617897,0.0018457290617897,0.8174955567346681,hold
1403,2025-09-02,0,-1,0.005510715147017,-0.005510715147017,0.8129905715875513,hold
1404,2025-09-03,0,-1,0.0007788776228048,-0.0007788776228048,0.8123573514237904,hold
1405,2025-09-04,0,-1,0.0002708473067116,-0.0002708473067116,0.8121373266230699,hold
1406,2025-09-05,0,-1,0.0012994782193525,-0.0012994782193525,0.8110819718560001,hold
1407,2025-09-08,0,-1,0.0038529301782352,-0.0038529301782352,0.8079569296496136,hold
1408,2025-09-09,0,-1,0.0042020862308871,-0.0042020862308871,0.8045618249603831,hold
1409,2025-09-10,0,-1,0.0012974116602184,-0.0012974116602184,0.803517977067313,hold
1410,2025-09-11,0,-1,0.0043390454100098,-0.0043390454100098,0.8000314760770587,hold
1411,2025-09-12,0,-1,-0.0017838966811339,0.0017838966811339,0.8014586495720352,hold
1412,2025-09-15,0,-1,0.0067772563910986,-0.0067772563910986,0.7960269588170218,hold
1413,2025-09-16,0,-1,0.0036114755294653,-0.0036114755294653,0.7931521269344595,hold
1414,2025-09-17,0,-1,0.0036853015416349,-0.0036853015416349,0.7902291221783169,hold
1415,2025-09-18,0,-1,-0.0037976065391384,0.0037976065391384,0.7932301014601187,hold
1416,2025-09-19,-1,-1,-0.0049236357186648,0.0049236357186648,0.797135677520788,hold
1417,2025-09-22,-1,-1,-0.001303434397354,0.001303434397354,0.7981746915822265,hold
1418,2025-09-23,0,-1,-0.0044736530076083,0.0044736530076083,0.8017454481918203,hold
1419,2025-09-24,0,-1,-0.0066269482123226,0.0066269482123226,0.8070585737564528,hold
1420,2025-09-25,0,-1,-0.0094874379272315,0.0094874379272315,0.814715491878607,hold
1421,2025-09-26,0,-1,-0.0008030448049409,0.0008030448049409,0.8153697449218651,hold
1422,2025-09-29,0,-1,-0.0009661407544825,0.0009661407544825,0.8161575068624062,hold
1423,2025-09-30,0,-1,0.0091503904924759,-0.0091503904924759,0.8086893469712496,hold
1424,2025-10-01,0,-1,0.0023332467769816,-0.0023332467769816,0.8068024751588496,hold
1425,2025-10-03,0,-1,0.0073671787912872,-0.0073671787912872,0.8008586170751013,hold
1426,2025-10-06,0,-1,0.0012222193924698,-0.0012222193924698,0.7998797921426856,hold
1427,2025-10-07,0,-1,-0.0024752925801897,0.0024752925801897,0.80185972865722,hold
1428,2025-10-08,0,-1,0.0054160175719368,-0.0054160175719368,0.797516842276584,hold
1429,2025-10-09,0,-1,0.004112050167679,-0.004112050167679,0.7942374130115738,hold
1430,2025-10-10,0,-1,-0.0022938183927065,0.0022938183927065,0.7960592493977154,hold
1431,2025-10-13,0,-1,-0.0032444791324643,0.0032444791324643,0.7986420470205916,hold
1432,2025-10-14,0,-1,0.0070808208725219,-0.0070808208725219,0.7929870057443745,hold
1433,2025-10-15,0,-1,0.0103362282114798,-0.0103362282114798,0.7847905110842626,hold
1434,2025-10-16,0,-1,0.0048679837376106,-0.0048679837376106,0.7809701636388733,hold
1435,2025-10-17,0,-1,0.0051848137299641,-0.0051848137299641,0.7769209788117462,hold
1436,2025-10-20,0,-1,0.0009847568259027,-0.0009847568259027,0.7761559005746743,hold
1437,2025-10-21,-1,-1,0.0008814076368377,-0.0008814076368377,0.7754717908365312,hold
1438,2025-10-23,0,-1,-0.0037174505259611,0.0037174505259611,0.7783545688532445,hold
1439,2025-10-24,-1,-1,0.0066252915000297,-0.0066252915000297,0.7731977429442118,hold
1440,2025-10-27,0,-1,-0.001149638146805,0.001149638146805,0.774086640564524,hold
1441,2025-10-28,-1,-1,0.0045381040946781,-0.0045381040946781,0.7705737548113425,hold
1442,2025-10-29,-1,-1,-0.00675717564781,0.00675717564781,0.7757806570221952,hold
1443,2025-10-30,0,-1,-0.0060186608373972,0.0060186608373972,0.780449817681025,hold
1444,2025-10-31,0,-1,0.0016036793506921,-0.0016036793506921,0.7791982264241585,hold
1445,2025-11-03,0,-1,-0.0064315867797603,0.0064315867797603,0.7842097074360407,hold
1446,2025-11-04,0,-1,-0.0034359080045569,0.0034359080045569,0.7869041798470714,hold
1447,2025-11-06,0,-1,-0.0006820322478444,0.0006820322478444,0.7874408738736907,hold
1448,2025-11-07,0,-1,0.0032185728871263,-0.0032185728871263,0.7849064380268257,hold
1449,2025-11-10,0,-1,0.0047156471705849,-0.0047156471705849,0.7812050962031706,hold
1450,2025-11-11,0,-1,0.0070384090258497,-0.0070384090258497,0.7757066552030144,hold
1451,2025-11-12,0,-1,0.0001294494962036,-0.0001294494962036,0.7756062403672965,hold
1452,2025-11-13,0,-1,0.0011940264714482,-0.0011940264714482,0.7746801459848776,hold
1453,2025-11-14,0,-1,0.0039906690408659,-0.0039906690408659,0.7715886539097222,hold
1454,2025-11-17,0,-1,-0.0039748069020186,0.0039748069020186,0.7746555698168018,hold
1455,2025-11-18,0,-1,0.0055036406751542,-0.0055036406751542,0.7703921439135234,hold
1456,2025-11-19,0,-1,0.0053545415882216,-0.0053545415882216,0.7662670471396993,hold
1457,2025-11-20,0,-1,-0.0047342428227803,0.0047342428227803,0.7698947414079534,hold
1458,2025-11-21,0,-1,-0.004167936312968,0.004167936312968,0.7731036136578309,hold
1459,2025-11-24,0,-1,-0.002877529180069,0.002877529180069,0.775328241865348,hold
1460,2025-11-25,0,-1,0.0123817835303625,-0.0123817835303625,0.7657282954095948,hold
1461,2025-11-26,0,-1,0.0003911422381892,-0.0003911422381892,0.7654287867302835,hold
1462,2025-11-27,0,-1,-0.0004806903583736,0.0004806903583736,0.7657967209680864,hold
1463,2025-11-28,0,-1,-0.0010380212747401,0.0010380212747401,0.7665916342565774,hold
1464,2025-12-01,0,-1,-0.0054841133969418,0.0054841133969418,0.7707957097079875,hold
1465,2025-12-02,0,-1,-0.0017746951904364,0.0017746951904364,0.7721636371468154,hold
1466,2025-12-03,0,-1,0.0018375278996383,-0.0018375278996383,0.7707447649204718,hold
1467,2025-12-04,0,-1,0.0058654330916598,-0.0058654330916598,0.7662240130710838,hold
1468,2025-12-05,0,-1,-0.0086265394598917,0.0086265394598917,0.772833874754958,hold
1469,2025-12-08,0,-1,-0.0046570811090926,0.0046570811090926,0.7764330247935463,hold
1470,2025-12-09,0,-1,-0.0031598875909956,0.0031598875909956,0.7788864658738305,hold
1471,2025-12-10,0,-1,0.0054565875164998,-0.0054565875164998,0.7746364037073726,hold
1472,2025-12-11,0,-1,0.0057299900196514,-0.0057299900196514,0.7701977448452708,hold
1473,2025-12-12,0,-1,-0.0007543469807149,0.0007543469807149,0.7707787411886483,hold
1474,2025-12-15,0,-1,-0.0064240688375742,0.0064240688375742,0.775730276880583,hold
1475,2025-12-16,0,-1,-0.0016066770334456,0.0016066770334456,0.7769766249005954,hold
1476,2025-12-17,0,-1,-0.0001161955225689,0.0001161955225689,0.7770669061055494,hold
1477,2025-12-18,0,-1,0.0058433620360547,-0.0058433620360547,0.7725262228469377,hold
1478,2025-12-19,0,-1,0.0079333291061156,-0.0079333291061156,0.7663975180779886,hold
1479,2025-12-22,0,-1,0.0001814888939914,-0.0001814888939914,0.7662584254400749,hold
1480,2025-12-23,0,-1,-0.0013389838361685,0.0013389838361685,0.7672844330860672,hold
1481,2025-12-24,0,-1,-0.003817552133005,0.003817552133005,0.7702135814102165,hold
1482,2025-12-26,0,-1,-0.0038476313101776,0.0038476313101776,0.7731770793015744,hold
1483,2025-12-29,0,-1,-0.0001252789885528,0.0001252789885528,0.7732739421440415,hold
1484,2025-12-30,0,-1,0.007353834224439,-0.007353834224439,0.7675874137634359,hold
1485,2025-12-31,0,-1,0.0006487344669803,-0.0006487344669803,0.7670894533517072,hold
1486,2026-01-01,0,-1,0.0069607651702385,-0.0069607651702385,0.7617499238023594,hold
1487,2026-01-02,0,-1,-0.002972058760474,0.002972058760474,0.7640138893366866,hold
1488,2026-01-05,0,-1,-0.0027276473171363,0.0027276473171363,0.7660978497721906,hold
