date,signal,position,market_return,pnl,equity,action
2020-01-01,-1,-1,0.0081838863379848,-0.0081838863379848,0.9913161136620152,enter
2020-01-02,0,-1,-0.0045227893866035,0.0045227893866035,0.9957996276596549,hold
2020-01-03,-1,-1,-0.0191058530729412,0.0191058530729412,1.0148252290358097,hold
2020-01-06,0,-1,0.0049945920012428,-0.0049945920012428,1.0097565910642081,hold
2020-01-07,0,-1,-0.0022899444111396,0.0022899444111396,1.012068877526527,hold
2020-01-08,-1,-1,0.0158457581226116,-0.0158457581226116,0.9960318788898186,hold
2020-01-09,1,1,0.0033480474426501,0.0033480474426501,0.998370608995844,flip
2020-01-10,0,1,0.0059354808073293,0.0059354808073293,1.0042964185841405,hold
2020-01-13,1,1,0.0026562202609821,0.0026562202609821,1.0069640510792155,hold
2020-01-14,0,1,-0.0015369308543056,-0.0015369308543056,1.0054164169599353,hold
2020-01-15,0,1,0.0009884063018437,0.0009884063018437,1.0064101768824356,hold
2020-01-16,-1,-1,-0.0002549788049855,0.0002549788049855,1.0056603799697799,flip
2020-01-17,-1,-1,-0.0103461939411514,0.0103461939411514,1.0160651372998792,hold
2020-01-20,0,-1,-0.0044746183856623,0.0044746183856623,1.0206116410442718,hold
2020-01-21,0,-1,-0.0051725551893021,0.0051725551893021,1.0258908110844174,hold
2020-01-22,0,-1,0.0060667236352978,-0.0060667236352978,1.0196670150535767,hold
2020-01-23,1,1,0.0055745847042631,0.0055745847042631,1.0243315681840826,flip
2020-01-24,0,1,-0.0105525279121506,-0.0105525279121506,1.013522280719523,hold
2020-01-27,0,1,-0.0052149678449129,-0.0052149678449129,1.0082367946154678,hold
2020-01-28,0,1,0.0061132563999481,0.0061132563999481,1.0144004046528141,hold
2020-01-29,1,1,-0.007724984155365,-0.007724984155365,1.0065641775996752,hold
2020-01-30,0,1,-0.0061234148547233,-0.0061234148547233,1.0004005675623289,hold
2020-01-31,0,1,-0.0212503847193161,-0.0212503847193161,0.9791416706282072,hold
2020-02-03,0,1,0.0232108226866707,0.0232108226866707,1.001868354330289,hold
2020-02-04,1,1,0.0091405004678344,0.0091405004678344,1.0110259324917537,hold
2020-02-05,1,1,0.0040366612301674,0.0040366612301674,1.015107101676137,hold
2020-02-06,0,1,-0.0032625431230384,-0.0032625431230384,1.011795270982416,hold
2020-02-07,-1,-1,-0.0055255147630383,0.0055255147630383,1.0163741654184193,flip
2020-02-10,0,-1,0.0063500303889789,-0.0063500303889789,1.0099201585814392,hold
2020-02-11,1,1,0.0077056964194832,0.0077056964194832,1.0166923765728029,flip
2020-02-12,0,1,-0.0021759994314084,-0.0021759994314084,1.0144800545394632,hold
2020-02-13,-1,-1,-0.0050268544351488,0.0050268544351488,1.0185652180464555,flip
2020-02-14,0,-1,-0.0055847334602637,0.0055847334602637,1.0242536333011403,hold
2020-02-17,-1,-1,-0.0044247626186481,0.0044247626186481,1.0287857124897855,hold
2020-02-18,1,1,0.011123651500938,0.011123651500938,1.0392007805121763,flip
2020-02-19,0,1,-0.0037152524595064,-0.0037152524595064,1.0353398872564574,hold
2020-02-20,-1,-1,-0.0208138687990014,0.0208138687990014,1.05585397594493,flip
2020-02-24,0,-1,-0.0026628568617023,0.0026628568617023,1.0586655639497304,hold
2020-02-25,0,-1,-0.0101204779385897,0.0101204779385897,1.0693797654340282,hold
2020-02-26,0,-1,-0.0038703767874727,0.0038703767874727,1.073518668055157,hold
2020-02-27,0,-1,-0.0370960786649383,0.0370960786649383,1.1133420010136108,hold
2020-02-28,0,-1,-0.0061597518244916,0.0061597518244916,1.1201999114356376,hold
2020-03-02,0,-1,0.0153196474085468,-0.0153196474085468,1.1030388437653582,hold
2020-03-03,0,-1,-0.0046269501465237,0.0046269501465237,1.1081425495051396,hold
2020-03-04,0,-1,0.0015998577904186,-0.0015998577904186,1.1063696790144195,hold
2020-03-05,-1,-1,-0.0248069753028219,0.0248069753028219,1.1338153643175213,hold
2020-03-06,0,-1,-0.0489560433359516,0.0489560433359516,1.1893224784280174,hold
2020-03-09,0,-1,0.0006649981756232,-0.0006649981756232,1.188531581149635,hold
2020-03-11,0,-1,-0.0830193880106471,0.0830193880106471,1.2872027456480046,hold
2020-03-12,0,-1,0.0380650761268936,-0.0380650761268936,1.238205275144167,hold
2020-03-13,0,-1,-0.0761210010667908,0.0761210010667908,1.332458700214322,hold
2020-03-16,0,-1,-0.0250451840905282,0.0250451840905282,1.3658303736542154,hold
2020-03-17,0,-1,-0.055564540272715,0.055564540272715,1.4417221104568225,hold
2020-03-18,0,-1,-0.0242477817531284,0.0242477817531284,1.4766806735398392,hold
2020-03-19,0,-1,0.0583291468584656,-0.0583291468584656,1.390547149669876,hold
2020-03-20,0,-1,-0.1298046607047124,0.1298046607047124,1.5710466506266791,hold
2020-03-23,0,-1,0.0250714240251634,-0.0250714240251634,1.531658273885505,hold
2020-03-24,0,-1,0.0662474689466749,-0.0662474689466749,1.4301897899493572,hold
2020-03-25,0,-1,0.0389043564303894,-0.0389043564303894,1.3745491765980637,hold
2020-03-26,1,1,0.0021755381634551,0.0021755381634551,1.3761650116127009,flip
2020-03-27,0,1,-0.0437805364308189,-0.0437805364308189,1.3159157691869727,hold
2020-03-30,1,1,0.0382377227133605,0.0382377227133605,1.3662333914832827,hold
2020-03-31,1,1,-0.0400046750966822,-0.0400046750966822,1.3115776685507559,hold
2020-04-01,0,1,-0.0205965741867707,-0.0205965741867707,1.2845636617987384,hold
2020-04-03,0,1,0.0876321046711503,0.0876321046711503,1.3971326790662415,hold
2020-04-07,0,1,-0.0049419024075071,-0.0049419024075071,1.390228185715957,hold
2020-04-08,1,1,0.0415088316188025,0.0415088316188025,1.447934933388554,hold
2020-04-09,1,1,-0.0129556707370791,-0.0129556707370791,1.4291759651428573,hold
2020-04-13,1,1,-0.0076218535626885,-0.0076218535626885,1.4182829952212244,hold
2020-04-15,-1,-1,0.0075627711647903,-0.0075627711647903,1.4061385624862317,flip
2020-04-16,0,-1,0.0304632818768748,-0.0304632818768748,1.3633029670992702,hold
2020-04-17,0,-1,-0.0005288143766692,0.0005288143766692,1.3640239013080282,hold
2020-04-20,-1,-1,-0.0302746671440956,0.0302746671440956,1.4053192708967195,hold
2020-04-21,-1,-1,0.0229194177887257,-0.0229194177887257,1.37311017140049,hold
2020-04-22,0,-1,0.0137799558770148,-0.0137799558770148,1.3541887738243112,hold
2020-04-23,0,-1,-0.0171249415723349,0.0171249415723349,1.3773791774539643,hold
2020-04-24,-1,-1,0.0139713589754586,-0.0139713589754586,1.358135318520433,hold
2020-04-27,1,1,0.0106224306488902,0.0106224306488902,1.3712038814347045,flip
2020-04-28,-1,-1,0.0183830135241964,-0.0183830135241964,1.344625818056425,flip
2020-04-29,0,-1,0.032088303452139,-0.032088303452139,1.3014790567770498,hold
2020-04-30,0,-1,-0.057444839013135,0.057444839013135,1.3762423116725742,hold
2020-05-04,-1,-1,-0.0094582655216011,0.0094582655216011,1.3892591768784355,hold
2020-05-05,-1,-1,0.0070935934671216,-0.0070935934671216,1.379404337057192,hold
2020-05-06,0,-1,-0.0077501195040513,0.0077501195040513,1.3900948855137918,hold
2020-05-07,1,1,0.0057016970693835,0.0057016970693835,1.3966306905631771,flip
2020-05-08,1,1,-0.0013294930214019,-0.0013294930214019,1.3947738798065976,hold
2020-05-11,1,1,-0.0046162427183511,-0.0046162427183511,1.388335265040194,hold
2020-05-12,1,1,0.0203337125303977,0.0203337125303977,1.416565275215335,hold
2020-05-13,1,1,-0.0256619093732747,-0.0256619093732747,1.380213505501431,hold
2020-05-14,0,1,-0.0006453627874545,-0.0006453627874545,1.3793227670662382,hold
2020-05-15,0,1,-0.0343225097032598,-0.0343225097032598,1.3319809480096803,hold
2020-05-18,0,1,0.0063298228402233,0.0063298228402233,1.3404121514371343,hold
2020-05-19,0,1,0.021111396826158,0.021111396826158,1.368710124276728,hold
2020-05-20,1,1,0.0043787544510012,0.0043787544510012,1.374703369825535,hold
2020-05-21,0,1,-0.0073575840768702,-0.0073575840768702,1.364588874201287,hold
2020-05-22,1,1,-0.0011284338094974,-0.0011284338094974,1.3630490259795742,hold
2020-05-26,1,1,0.0316645047717616,0.0316645047717616,1.4062092983668495,hold
2020-05-27,0,1,0.0188030435364687,0.0188030435364687,1.4326503130254287,hold
2020-05-28,0,1,0.0095046626511057,0.0095046626511057,1.4462671709477364,hold
2020-05-29,0,1,0.0256620973194605,0.0256620973194605,1.483381419838538,hold
2020-06-01,0,1,0.0155655279707429,0.0155655279707429,1.5064710348203152,hold
2020-06-02,0,1,0.0082622880359908,0.0082622880359908,1.5189179324278779,hold
2020-06-03,0,1,-0.0032251686810099,-0.0032251686810099,1.5140191658831872,hold
2020-06-04,-1,-1,0.0112722762414605,-0.0112722762414605,1.4954387044446031,flip
2020-06-05,0,-1,0.0024945207587225,-0.0024945207587225,1.491708301552969,hold
2020-06-08,-1,-1,-0.0118810323499978,0.0118810323499978,1.5094313361404803,hold
2020-06-09,-1,-1,0.0069177285262014,-0.0069177285262014,1.498989499928119,hold
2020-06-10,1,1,-0.021169158460066,-0.021169158460066,1.4657581641742374,flip
2020-06-11,0,1,0.0071602091117954,0.0071602091117954,1.4762532991370465,hold
2020-06-12,0,1,-0.0159632793948444,-0.0159632793948444,1.452687455265361,hold
2020-06-15,0,1,0.010220386061458,0.010220386061458,1.46753448188481,hold
2020-06-16,0,1,-0.0033134566648174,-0.0033134566648174,1.4626718699749595,hold
2020-06-17,1,1,0.0213031875518985,0.0213031875518985,1.4938314431479223,hold
2020-06-18,0,1,0.0151362754442923,0.0151362754442923,1.5164424873387539,hold
2020-06-19,0,1,0.0065206163504338,0.0065206163504338,1.5263306270161876,hold
2020-06-22,-1,-1,0.0154976919912916,-0.0154976919912916,1.5011496944547995,flip
2020-06-23,0,-1,-0.0158246772335498,0.0158246772335498,1.5249049038487885,hold
2020-06-24,1,1,-0.0015913572989929,-0.0015913572989929,1.52095333039593,flip
2020-06-25,1,1,0.0091457401473864,0.0091457401473864,1.5348635743320331,hold
2020-06-26,0,1,-0.0067995386087835,-0.0067995386087835,1.5244272101991472,hold
2020-06-29,1,1,-0.0009988732845714,-0.0009988732845714,1.5229045005846056,hold
2020-06-30,1,1,0.0124198173347171,0.0124198173347171,1.541818696300085,hold
2020-07-01,0,1,0.0116634525148986,0.0116634525148986,1.5598016254509641,hold
2020-07-02,0,1,0.0052739760448483,0.0052739760448483,1.568027981858308,hold
2020-07-03,0,1,0.014735139974255,0.014735139974255,1.591133093654539,hold
2020-07-06,1,1,0.0033445902359812,0.0033445902359812,1.5964547818637225,hold
2020-07-07,-1,-1,-0.008694762073642,0.008694762073642,1.608739121571492,flip
2020-07-08,-1,-1,0.0100600327219018,-0.0100600327219018,1.592555153367479,hold
2020-07-09,0,-1,-0.0041985110954393,0.0041985110954393,1.5992415138489915,hold
2020-07-10,-1,-1,0.0032178891492418,-0.0032178891492418,1.5940953319345599,hold
2020-07-13,-1,-1,-0.0180834960154004,0.0180834960154004,1.6229221485177667,hold
2020-07-14,1,1,0.0010229309240368,0.0010229309240368,1.6229593636222723,flip
2020-07-15,1,1,0.0114661616621005,0.0114661616621005,1.6415684780565851,hold
2020-07-16,1,1,0.0150605912558696,0.0150605912558696,1.6662914699231155,hold
2020-07-17,0,1,0.0110533217609316,0.0110533217609316,1.6847095256876714,hold
2020-07-20,0,1,0.0127061568657644,0.0127061568657644,1.7061157091943067,hold
2020-07-21,1,1,-0.0026563094918139,-0.0026563094918139,1.701583737841841,hold
2020-07-22,1,1,0.0074421598588463,0.0074421598588463,1.7142471960320733,hold
2020-07-23,1,1,-0.0018991484351116,-0.0018991484351116,1.7109915861523346,hold
2020-07-24,-1,-1,-0.0055699256988469,0.0055699256988469,1.718810690572403,flip
2020-07-27,1,1,0.0151592736988444,0.0151592736988444,1.7431478015767177,flip
2020-07-28,1,1,-0.0086456143286032,-0.0086456143286032,1.7280772179665327,hold
2020-07-29,1,1,-0.0089887146807479,-0.0089887146807479,1.712544024907931,hold
2020-07-30,-1,-1,-0.0025851023723058,0.0025851023723058,1.7152585825044908,flip
2020-07-31,-1,-1,-0.0164222155452939,0.0164222155452939,1.743426928662295,hold
2020-08-03,0,-1,0.0186979321613793,-0.0186979321613793,1.7108284502218456,hold
2020-08-04,1,1,0.0005768586219327,0.0005768586219327,1.710104527913782,flip
2020-08-05,0,1,0.0088725546683743,0.0088725546683743,1.7252775238263316,hold
2020-08-06,1,1,0.001241002448872,0.001241002448872,1.727418597458384,hold
2020-08-07,0,1,0.005002705259437,0.005002705259437,1.7360603635611385,hold
2020-08-10,1,1,0.0046449787767293,0.0046449787767293,1.7441243271050009,hold
2020-08-11,1,1,-0.0012452735151247,-0.0012452735151247,1.7419524152733723,hold
2020-08-12,-1,-1,-0.000703034473301,0.000703034473301,1.7414351154568861,flip
2020-08-13,-1,-1,-0.0108004373788689,0.0108004373788689,1.7602433763707415,hold
2020-08-14,-1,-1,0.0061457110453491,-0.0061457110453491,1.7494254292100773,hold
2020-08-17,1,1,0.0122920579350753,0.0122920579350753,1.7691800425098116,flip
2020-08-18,1,1,0.0020246002135075,0.0020246002135075,1.7727619248016104,hold
2020-08-19,1,1,-0.008432399987605,-0.008432399987605,1.7578132871688867,hold
2020-08-20,-1,-1,0.0052509160938571,-0.0052509160938571,1.7468253438021268,flip
2020-08-21,0,-1,0.0083410064718865,-0.0083410064718865,1.7322550623042179,hold
2020-08-24,1,1,0.0005058064691958,0.0005058064691958,1.7313989930587244,flip
2020-08-25,1,1,0.0067423225064831,0.0067423225064831,1.7430726434573263,hold
2020-08-26,1,1,0.0008355606212675,0.0008355606212675,1.744529086318208,hold
2020-08-27,0,1,0.0076431956549949,0.0076431956549949,1.7578628634507676,hold
2020-08-28,0,1,-0.0223307478019462,-0.0223307478019462,1.7186084711766414,hold
2020-08-31,-1,-1,0.0072667398463226,-0.0072667398463226,1.7044011820477378,flip
2020-09-01,1,1,0.0056450382511279,0.0056450382511279,1.7123181907336174,flip
2020-09-02,1,1,-0.0006545127600779,-0.0006545127600779,1.7111974566284687,hold
2020-09-03,-1,-1,-0.0167947449485598,0.0167947449485598,1.7382253840125397,flip
2020-09-04,-1,-1,0.0018705202595032,-0.0018705202595032,1.7349739982161616,hold
2020-09-07,0,-1,-0.0033201259317187,0.0033201259317187,1.7407343303784966,hold
2020-09-08,-1,-1,-0.0034769279675166,0.0034769279675166,1.746786738255806,hold
2020-09-09,-1,-1,0.0151844298634509,-0.0151844298634509,1.7202627775423545,hold
2020-09-10,1,1,0.0013276149365679,0.0013276149365679,1.7208263613230994,flip
2020-09-11,-1,-1,-0.0021283524468515,0.0021283524468515,1.722768059958505,flip
2020-09-14,1,1,0.0071459479106903,0.0071459479106903,1.733356102717211,flip
2020-09-15,0,1,0.0071820376506051,0.0071820376506051,1.7458051315088323,hold
2020-09-16,0,1,-0.0076220272911209,-0.0076220272911209,1.732498557151493,hold
2020-09-17,-1,-1,-0.0009681588767627,0.0009681588767627,1.7324433924514264,flip
2020-09-18,-1,-1,-0.0221122548386738,0.0221122548386738,1.770751622238889,hold
2020-09-21,-1,-1,-0.0086128603263573,0.0086128603263573,1.7860028586339032,hold
2020-09-22,-1,-1,-0.0019545871070447,0.0019545871070447,1.7894937567945342,hold
2020-09-23,-1,-1,-0.0293122720965164,0.0293122720965164,1.841947884708713,hold
2020-09-24,0,-1,0.0226457884823545,-0.0226457884823545,1.800235522516079,hold
2020-09-25,0,-1,0.0160448681873712,-0.0160448681873712,1.7713509808510854,hold
2020-09-28,1,1,-0.0004586409458945,-0.0004586409458945,1.7687672157808656,flip
2020-09-29,-1,-1,0.0022410013176423,-0.0022410013176423,1.7630346389039173,flip
2020-09-30,0,-1,0.0150610927327836,-0.0150610927327836,1.7364814107162758,hold
2020-10-01,1,1,0.0075676439490797,0.0075676439490797,1.747886002346056,flip
2020-10-05,1,1,0.0138264754746197,0.0138264754746197,1.772053105289925,hold
2020-10-06,1,1,0.0065551872847253,0.0065551872847253,1.7836692452735798,hold
2020-10-07,1,1,0.0081566766068399,0.0081566766068399,1.7982180584808427,hold
2020-10-08,1,1,0.0067260903253916,0.0067260903253916,1.8103130355669352,hold
2020-10-09,1,1,0.0014058853909966,0.0014058853909966,1.8128581282167695,hold
2020-10-12,1,1,0.0002975290843887,0.0002975290843887,1.8133975062357846,hold
2020-10-13,-1,-1,0.0030625333853533,-0.0030625333853533,1.8060305183257852,flip
2020-10-14,-1,-1,-0.0242836008583533,0.0242836008583533,1.8498874425708136,hold
2020-10-15,-1,-1,0.007028949362235,-0.007028949362235,1.836884677411149,hold
2020-10-16,0,-1,0.0094027696218492,-0.0094027696218492,1.8196128739675472,hold
2020-10-19,1,1,0.0020003285078973,0.0020003285078973,1.8214330845987141,flip
2020-10-20,1,1,0.0034337457642519,0.0034337457642519,1.8276874227378233,hold
2020-10-21,1,1,-0.0034512817819539,-0.0034512817819539,1.821379558432622,hold
2020-10-22,1,1,0.0028495402835257,0.0028495402835257,1.8265696528559663,hold
2020-10-23,-1,-1,-0.0136290733045432,0.0136290733045432,1.8496375348977385,flip
2020-10-26,0,-1,0.0103376083469652,-0.0103376083469652,1.8305167064781196,hold
2020-10-27,1,1,-0.0134406089457635,-0.0134406089457635,1.804082930551182,flip
2020-10-28,0,1,-0.0050129421843609,-0.0050129421843609,1.7950391671245367,hold
2020-10-29,0,1,-0.0024333734223676,-0.0024333734223676,1.790671166523147,hold
2020-10-30,0,1,0.0022976361491175,0.0022976361491175,1.794785477326533,hold
2020-11-02,0,1,0.0123701901631991,0.0123701901631991,1.8169873149832105,hold
2020-11-03,1,1,0.008041647267956,0.008041647267956,1.8315988860606562,hold
2020-11-04,1,1,0.0177855989156905,0.0177855989156905,1.8641749692225567,hold
2020-11-05,1,1,0.0118190145712895,0.0118190145712895,1.8862076803472312,hold
2020-11-06,0,1,0.0161046355374614,0.0161046355374614,1.9165843675871839,hold
2020-11-09,0,1,0.0136465071043638,0.0136465071043638,1.9427390497755752,hold
2020-11-10,0,1,0.0093460415087203,0.0093460415087203,1.9608959695753896,hold
2020-11-11,0,1,-0.0045768215253314,-0.0045768215253314,1.9519212986929013,hold
2020-11-12,-1,-1,0.0022969703307613,-0.0022969703307613,1.9454858720831298,flip
2020-11-13,-1,-1,0.0121266198083733,-0.0121266198083733,1.9218937045698161,hold
2020-11-17,0,-1,0.0049750511655721,-0.0049750511655721,1.9123321850547905,hold
2020-11-18,0,-1,-0.0128726686134137,0.0128726686134137,1.9369490035517662,hold
2020-11-19,0,-1,0.0068393094137191,-0.0068393094137191,1.9237016099978808,hold
2020-11-20,0,-1,0.005241475198302,-0.005241475198302,1.9136185757201434,hold
2020-11-23,0,-1,0.0099563448098976,-0.0099563448098976,1.8945659293456485,hold
2020-11-24,0,-1,-0.0150706804680923,0.0150706804680923,1.923118327092551,hold
2020-11-25,0,-1,0.0100012136399767,-0.0100012136399767,1.9038848098483436,hold
2020-11-26,0,-1,-0.0013898363507738,0.0013898363507738,1.906530898164757,hold
2020-11-27,-1,-1,0.0108026946873185,-0.0108026946873185,1.885935226959944,hold
2020-12-01,0,-1,0.0003585458429504,-0.0003585458429504,1.885259032724244,hold
2020-12-02,-1,-1,0.00153658492994,-0.00153658492994,1.8823621721055266,hold
2020-12-03,-1,-1,0.0094906623588735,-0.0094906623588735,1.8644973082929572,hold
2020-12-04,0,-1,0.0073311332494399,-0.0073311332494399,1.8508284300826396,hold
2020-12-07,1,1,0.0027853318093331,0.0027853318093331,1.8541327729524846,flip
2020-12-08,-1,-1,0.0101657522858669,-0.0101657522858669,1.8334299857045897,flip
2020-12-09,1,1,-0.0037548548058806,-0.0037548548058806,1.8247122923258168,flip
2020-12-10,-1,-1,0.0026375585350264,-0.0026375585350264,1.8180747945528992,flip
2020-12-11,-1,-1,0.0032781762806703,-0.0032781762806703,1.8121148248849115,hold
2020-12-14,-1,-1,0.0007153791977927,-0.0007153791977927,1.810818475635177,hold
2020-12-15,-1,-1,0.008464907059269,-0.008464907059269,1.795490065537718,hold
2020-12-16,0,-1,0.0042389293905504,-0.0042389293905504,1.787879109928469,hold
2020-12-17,-1,-1,0.0014445849987885,-0.0014445849987885,1.785296366586619,hold
2020-12-18,-1,-1,-0.0314049525779333,0.0314049525779333,1.8413635143168283,hold
2020-12-21,0,-1,0.0103462838766079,-0.0103462838766079,1.822312244677678,hold
2020-12-22,0,-1,0.0100101591857162,-0.0100101591857162,1.8040706090223746,hold
2020-12-23,0,-1,0.0108925303747413,-0.0108925303747413,1.7844197151154204,hold
2020-12-24,0,-1,0.0090150513891666,-0.0090150513891666,1.7683330796838128,hold
2020-12-28,0,-1,0.0042815942411449,-0.0042815942411449,1.7607617949534125,hold
2020-12-29,-1,-1,0.0035420946069744,-0.0035420946069744,1.7545250100953413,hold
2020-12-30,-1,-1,-1.4318125132972703e-05,1.4318125132972703e-05,1.754550131603985,hold
2020-12-31,-1,-1,0.0026284263414808,-0.0026284263414808,1.7499384258206288,hold
2021-01-01,-1,-1,0.0081606727271106,-0.0081606727271106,1.7356577510349114,hold
2021-01-04,0,-1,0.0047123808655142,-0.0047123808655142,1.727478670659853,hold
2021-01-05,0,-1,-0.0037501320469031,0.0037501320469031,1.7339569437830362,hold
2021-01-06,-1,-1,-0.000629169612088,0.000629169612088,1.7350478968007335,hold
2021-01-07,-1,-1,0.014847223590326,-0.014847223590326,1.7092872527370082,hold
2021-01-08,0,-1,0.0095837181341371,-0.0095837181341371,1.6929059254965033,hold
2021-01-11,0,-1,0.0054333140242324,-0.0054333140242324,1.683707835989797,hold
2021-01-12,-1,-1,9.609083312889231e-05,-9.609083312889231e-05,1.683546047101091,hold
2021-01-13,-1,-1,0.002111247340323,-0.002111247340323,1.6799916649868376,hold
2021-01-14,-1,-1,-0.0110923441582015,0.0110923441582015,1.6986267107177817,hold
2021-01-15,-1,-1,-0.0105586501425666,0.0105586501425666,1.7165619158790693,hold
2021-01-18,0,-1,0.0167947308170628,-0.0167947308170628,1.6877327205710586,hold
2021-01-19,0,-1,0.008508265623863,-0.008508265623863,1.6733730422823552,hold
2021-01-20,0,-1,-0.0037112802046228,0.0037112802046228,1.6795833985291273,hold
2021-01-21,-1,-1,-0.0149721716475961,0.0149721716475961,1.7047304094683582,hold
2021-01-22,0,-1,-0.0092541693433081,0.0092541693433081,1.7205062733622654,hold
2021-01-25,-1,-1,-0.0190604880418779,0.0190604880418779,1.7532999626116628,hold
2021-01-27,0,-1,-0.0107356502819043,0.0107356502819043,1.7721227778495374,hold
2021-01-28,0,-1,-0.0132404223540728,0.0132404223540728,1.795586431891538,hold
2021-01-29,0,-1,0.0474235111013383,-0.0474235111013383,1.7104334188053172,hold
2021-02-01,0,-1,0.0256735714819573,-0.0256735714819573,1.6665204841624903,hold
2021-02-02,0,-1,0.0097011226717231,-0.0097011226717231,1.6503533645106907,hold
2021-02-03,0,-1,0.0071467580293813,-0.0071467580293813,1.6385586883515575,hold
2021-02-04,0,-1,0.0019199973566108,-0.0019199973566108,1.6354126600012708,hold
2021-02-05,-1,-1,0.0128348027329681,-0.0128348027329681,1.614422461123156,hold
2021-02-08,0,-1,-0.0004300136336804,0.0004300136336804,1.6151166847919587,hold
2021-02-09,-1,-1,-0.0001853034041081,0.0001853034041081,1.6154159714116825,hold
2021-02-10,-1,-1,0.0044219246475027,-0.0044219246475027,1.6082727237117276,hold
2021-02-11,0,-1,-0.0006590524229219,0.0006590524229219,1.609332659747009,hold
2021-02-12,-1,-1,0.0099846598415338,-0.0099846598415338,1.593264020567564,hold
2021-02-15,0,-1,-8.162092525865194e-05,8.162092525865194e-05,1.593394064251104,hold
2021-02-16,-1,-1,-0.0068273186874309,0.0068273186874309,1.6042726733224069,hold
2021-02-17,-1,-1,-0.0059143128695843,0.0059143128695843,1.61376084384056,hold
2021-02-18,-1,-1,-0.0090747170630297,0.0090747170630297,1.6284052669058091,hold
2021-02-19,0,-1,-0.0204281745915864,0.0204281745915864,1.6616706140040198,hold
2021-02-22,0,-1,0.0021872625461001,-0.0021872625461001,1.6580361041060536,hold
2021-02-23,-1,-1,0.0186431824578623,-0.0186431824578623,1.6271250344954813,hold
2021-02-24,0,-1,0.0076992130139501,-0.0076992130139501,1.6145974522545699,hold
2021-02-25,1,1,-0.0376356932475859,-0.0376356932475859,1.5522163603709287,flip
2021-02-26,-1,-1,0.0159953891187234,-0.0159953891187234,1.525835839329976,flip
2021-03-01,0,-1,0.0106729853417877,-0.0106729853417877,1.509550615782833,hold
2021-03-02,0,-1,0.0218846987116321,-0.0218846987116321,1.476514555366467,hold
2021-03-03,1,1,-0.0108129305241382,-0.0108129305241382,1.459072591506044,flip
2021-03-04,-1,-1,-0.0094591045289524,0.0094591045289524,1.4714150390729235,flip
2021-03-05,0,-1,0.0012117060677612,-0.0012117060677612,1.4696321165418837,hold
2021-03-08,-1,-1,0.0095077756017913,-0.0095077756017913,1.455659184160618,hold
2021-03-09,0,-1,0.0050600998838219,-0.0050600998838219,1.4482934032919623,hold
2021-03-10,0,-1,-0.0094795062357636,0.0094795062357636,1.4620225096396837,hold
2021-03-12,-1,-1,-0.006749419963093,0.006749419963093,1.4718903135527373,hold
2021-03-15,-1,-1,-0.0012759841044576,0.0012759841044576,1.4737684221963356,hold
2021-03-16,-1,-1,-0.0126857598628687,0.0126857598628687,1.4924642944937971,hold
2021-03-17,0,-1,-0.0111029730717429,0.0111029730717429,1.5090350853660996,hold
2021-03-18,0,-1,0.0127869428260285,-0.0127869428260285,1.4897391400070523,hold
2021-03-19,0,-1,-0.0005154374236977,0.0005154374236977,1.4905070073113593,hold
2021-03-22,-1,-1,0.0053167399974314,-0.0053167399974314,1.482582369089135,hold
2021-03-23,0,-1,-0.0179111769942118,0.0179111769942118,1.5091371643103884,hold
2021-03-24,0,-1,-0.0154301891468089,0.0154301891468089,1.5324234362041764,hold
2021-03-25,0,-1,0.0127330319296232,-0.0127330319296232,1.5129110396612857,hold
2021-03-26,0,-1,0.0232848158675504,-0.0232848158675504,1.4776831846787886,hold
2021-03-30,1,1,-0.0104006990943323,-0.0104006990943323,1.460836563333511,flip
2021-03-31,0,1,0.0120245741669184,0.0120245741669184,1.4784025009350612,hold
2021-04-01,0,1,-0.015439860548026,-0.015439860548026,1.4555761724867708,hold
2021-04-05,-1,-1,0.0031220672452334,-0.0031220672452334,1.4495761896232209,flip
2021-04-06,-1,-1,0.0092314369658119,-0.0092314369658119,1.4361945184015723,hold
2021-04-07,1,1,0.0036945688638336,0.0036945688638336,1.440064443433266,flip
2021-04-08,-1,-1,-0.0026187118170183,0.0026187118170183,1.4423954927651192,flip
2021-04-09,-1,-1,-0.0353255893040076,0.0353255893040076,1.4933489635564916,hold
2021-04-12,0,-1,0.0135561955060299,-0.0135561955060299,1.4731048330477927,hold
2021-04-13,0,-1,0.0052844845607746,-0.0052844845607746,1.4653202333011492,hold
2021-04-15,0,-1,0.0024962821650071,-0.0024962821650071,1.4616623805367355,hold
2021-04-16,-1,-1,-0.0176769785548196,0.0176769785548196,1.48750015509187,hold
2021-04-19,0,-1,-0.004390823034999,0.004390823034999,1.494031505037412,hold
2021-04-20,-1,-1,0.0076767575754221,-0.0076767575754221,1.482562187363197,hold
2021-04-22,0,-1,-0.0044981330537942,0.0044981330537942,1.4892309493424805,hold
2021-04-23,-1,-1,0.0100165182871698,-0.0100165182871698,1.4743140403045722,hold
2021-04-26,0,-1,0.011601643402658,-0.011601643402658,1.4572095745454265,hold
2021-04-27,1,1,0.014433855260107,0.014433855260107,1.4767855170535122,flip
2021-04-28,1,1,0.0020418099664161,0.0020418099664161,1.479800832440491,hold
2021-04-29,0,1,-0.0177108120451774,-0.0177108120451774,1.4535923580328403,hold
2021-04-30,0,1,0.0002085134632017,0.0002085134632017,1.4538954516094973,hold
2021-05-03,-1,-1,-0.0094061074234402,0.0094061074234402,1.466117052958178,flip
2021-05-04,0,-1,0.0083709591539336,-0.0083709591539336,1.4538442469929795,hold
2021-05-05,0,-1,0.0073164109749706,-0.0073164109749706,1.4432073249883823,hold
2021-05-06,0,-1,0.0066792477481554,-0.0066792477481554,1.4335677857128322,hold
2021-05-07,0,-1,0.0080414227481215,-0.0080414227481215,1.4220398611098268,hold
2021-05-10,0,-1,-0.0061302011912188,0.0061302011912188,1.4307572515603628,hold
2021-05-11,0,-1,-0.0103866808073666,0.0103866808073666,1.4456180704451453,hold
2021-05-12,-1,-1,-0.0012724250884564,0.0012724250884564,1.4474575111463057,hold
2021-05-14,-1,-1,0.0167157604819725,-0.0167157604819725,1.423262158082152,hold
2021-05-17,0,-1,0.012393443335275,-0.012393443335275,1.4056230391747198,hold
2021-05-18,0,-1,-0.0051594324081388,0.0051594324081388,1.4128752562366642,hold
2021-05-19,-1,-1,-0.0082567760609306,0.0082567760609306,1.4245410508294405,hold
2021-05-20,-1,-1,0.0180631356749747,-0.0180631356749747,1.3988093725537372,hold
2021-05-21,0,-1,0.0014761086049899,-0.0014761086049899,1.3967445780021701,hold
2021-05-24,0,-1,0.0007073438653115,-0.0007073438653115,1.3957565992935133,hold
2021-05-25,-1,-1,0.0061150215048646,-0.0061150215048646,1.3872215176732767,hold
2021-05-26,0,-1,0.0023788211965458,-0.0023788211965458,1.383921565722731,hold
2021-05-27,-1,-1,0.006376433707514,-0.006376433707514,1.3750970816025012,hold
2021-05-28,0,-1,0.0095330880357249,-0.0095330880357249,1.361988160065916,hold
2021-05-31,0,-1,-0.0005101904286871,0.0005101904286871,1.3626830333891669,hold
2021-06-01,-1,-1,8.67158252806366e-05,-8.67158252806366e-05,1.3625648672053305,hold
2021-06-02,-1,-1,0.0073284506253876,-0.0073284506253876,1.3525793778521285,hold
2021-06-03,0,-1,-0.0012810173052479,0.0012810173052479,1.3543120554418786,hold
2021-06-04,-1,-1,0.0051945814919991,-0.0051945814919991,1.347276971104289,hold
2021-06-07,0,-1,-0.0007333060957773,0.0007333060957773,1.3482649375199,hold
2021-06-08,-1,-1,-0.0066549769442125,0.0066549769442125,1.3572376095937853,hold
2021-06-09,-1,-1,0.006549286916079,-0.006549286916079,1.3483486710752624,hold
2021-06-10,0,-1,0.0039141306333496,-0.0039141306333496,1.3430710582373706,hold
2021-06-11,-1,-1,0.0007911718082738,-0.0007911718082738,1.3420084582795848,hold
2021-06-14,-1,-1,0.0036302135450976,-0.0036302135450976,1.3371366809967027,hold
2021-06-15,-1,-1,-0.0064086327528081,0.0064086327528081,1.3457058989255193,hold
2021-06-16,-1,-1,-0.0048295020472909,0.0048295020472909,1.3522049883194314,hold
2021-06-17,-1,-1,-0.0005130696464038,0.0005130696464038,1.352898763654654,hold
2021-06-18,-1,-1,0.0040265882096546,-0.0040265882096546,1.3474511974440657,hold
2021-06-21,0,-1,0.0016670371193598,-0.0016670371193598,1.3452049462814006,hold
2021-06-22,-1,-1,-0.0054397492312691,0.0054397492312691,1.352522523853834,hold
2021-06-23,-1,-1,0.0065978407983298,-0.0065978407983298,1.3435987955652913,hold
2021-06-24,1,1,0.0044266891189239,0.0044266891189239,1.3482028909382544,flip
2021-06-25,0,1,-0.0028782098242977,-0.0028782098242977,1.3443224801324094,hold
2021-06-28,-1,-1,-0.0041891404314852,0.0041891404314852,1.348609713306754,flip
2021-06-29,-1,-1,-0.0017112919035373,0.0017112919035373,1.3509175781901677,hold
2021-06-30,-1,-1,-0.002639697229908,0.002639697229908,1.3544835915791504,hold
2021-07-01,-1,-1,0.0026913389867666,-0.0026913389867666,1.350838217082198,hold
2021-07-02,0,-1,0.007133188273225,-0.007133188273225,1.3412024337530832,hold
2021-07-05,1,1,-0.0010167521731027,-0.0010167521731027,1.338497560830241,flip
2021-07-06,-1,-1,0.0038816171589777,-0.0038816171589777,1.3319635281700422,flip
2021-07-07,0,-1,-0.0095562557277451,0.0095562557277451,1.3446921122652646,hold
2021-07-08,-1,-1,-0.0024224839292732,0.0024224839292732,1.3479496072970478,hold
2021-07-09,-1,-1,0.0001784474449868,-0.0001784474449868,1.3477090691336546,hold
2021-07-12,0,-1,0.0076309854951284,-0.0076309854951284,1.3374247207754426,hold
2021-07-13,0,-1,0.0026308921169333,-0.0026308921169333,1.3339061006205628,hold
2021-07-14,-1,-1,0.0044310723280038,-0.0044310723280038,1.3279954662099476,hold
2021-07-15,1,1,-5.0225736783704455e-05,-5.0225736783704455e-05,1.326600771193002,flip
2021-07-16,-1,-1,-0.0107389122803617,0.0107389122803617,1.3395204197347108,flip
2021-07-19,-1,-1,-0.0076369809214345,0.0076369809214345,1.3497503116240968,hold
2021-07-20,-1,-1,0.0122792331234495,-0.0122792331234495,1.3331764128892158,hold
2021-07-22,0,-1,0.0020222383267853,-0.0020222383267853,1.3304804124507053,hold
2021-07-23,-1,-1,-0.0019929055322251,0.0019929055322251,1.3331319342251955,hold
2021-07-26,-1,-1,-0.0049290812026508,0.0049290812026508,1.3397030497828384,hold
2021-07-27,-1,-1,-0.0023528988583426,0.0023528988583426,1.3428552355591905,hold
2021-07-28,-1,-1,0.0043954449546468,-0.0043954449546468,1.3369527892892308,hold
2021-07-29,1,1,-0.0009760394990868,-0.0009760394990868,1.334310917769181,flip
2021-07-30,-1,-1,0.0077460001364197,-0.0077460001364197,1.3226410343003454,flip
2021-08-02,1,1,0.0154609558824161,0.0154609558824161,1.3417676879456362,flip
2021-08-03,0,1,0.0079382424678022,0.0079382424678022,1.3524189651880112,hold
2021-08-04,0,1,0.0022018725316477,0.0022018725316477,1.355396819358738,hold
2021-08-05,0,1,-0.0034612335015614,-0.0034612335015614,1.3507054744796638,hold
2021-08-06,-1,-1,0.0012347307242392,-0.0012347307242392,1.347687011456446,flip
2021-08-09,0,-1,0.0013439090538649,-0.0013439090538649,1.3458758426799735,hold
2021-08-10,-1,-1,0.0001320870680521,-0.0001320870680521,1.3456980698859518,hold
2021-08-11,-1,-1,0.0050453954843463,-0.0050453954843463,1.3389084909208555,hold
2021-08-12,0,-1,0.0100644823408473,-0.0100644823408473,1.325433070057972,hold
2021-08-13,-1,-1,0.0020540242770237,-0.0020540242770237,1.3227105983545029,hold
2021-08-16,-1,-1,0.0031122785775283,-0.0031122785775283,1.3185939544949745,hold
2021-08-17,-1,-1,-0.0027536023181795,0.0027536023181795,1.3222248378648094,hold
2021-08-18,-1,-1,-0.0071428984006249,0.0071428984006249,1.3316693555444605,hold
2021-08-20,-1,-1,0.0027931806783987,-0.0027931806783987,1.327949762430538,hold
2021-08-23,-1,-1,0.0077683620836017,-0.0077683620836017,1.3176337678471448,hold
2021-08-24,0,-1,0.0006045728309951,-0.0006045728309951,1.3168371622699027,hold
2021-08-25,-1,-1,0.0001352598309651,-0.0001352598309651,1.3166590470979256,hold
2021-08-26,-1,-1,0.00410526158848,-0.00410526158848,1.3112538172867498,hold
2021-08-27,-1,-1,0.0135198365217041,-0.0135198365217041,1.2935258800385725,hold
2021-08-30,1,1,0.0118804461754233,0.0118804461754233,1.3076000187528496,flip
2021-08-31,1,1,-0.0032657347743637,-0.0032657347743637,1.30332974390065,hold
2021-09-01,-1,-1,0.009246783727399,-0.009246783727399,1.2899748058894136,flip
2021-09-02,0,-1,0.0051902308336972,-0.0051902308336972,1.2832795388771938,hold
2021-09-03,-1,-1,0.0031287476677577,-0.0031287476677577,1.2792644810128506,hold
2021-09-06,-1,-1,-0.0009035189246697,0.0009035189246697,1.2804203206811036,hold
2021-09-07,-1,-1,-0.0004953092983268,0.0004953092983268,1.2810545247717036,hold
2021-09-08,-1,-1,0.0009075978909154,-0.0009075978909154,1.279891842386873,hold
2021-09-09,-1,-1,-0.0008030985074197,0.0008030985074197,1.2809197216151524,hold
2021-09-13,-1,-1,0.001423151293159,-0.001423151293159,1.279096779056903,hold
2021-09-14,-1,-1,0.0080235453826236,-0.0080235453826236,1.2688338880013723,hold
2021-09-15,0,-1,0.0062816347635072,-0.0062816347635072,1.260863536941387,hold
2021-09-16,0,-1,-0.0025156476006126,0.0025156476006126,1.2640354252727934,hold
2021-09-17,-1,-1,-0.010705054879733,0.010705054879733,1.2775669938702652,hold
2021-09-20,-1,-1,0.0094901738624639,-0.0094901738624639,1.2654426609774911,hold
2021-09-21,0,-1,-0.0008740239935656,0.0008740239935656,1.266548688225667,hold
2021-09-22,-1,-1,0.0157465283671818,-0.0157465283671818,1.2466049433781046,hold
2021-09-23,0,-1,0.0016972499684944,-0.0016972499684944,1.2444891431772311,hold
2021-09-24,-1,-1,0.0001064453827974,-0.0001064453827974,1.2443566730539986,hold
2021-09-27,-1,-1,-0.0059646824901542,0.0059646824901542,1.2517788655132702,hold
2021-09-28,-1,-1,-0.0021015082285871,0.0021015082285871,1.2544094890995179,hold
2021-09-29,-1,-1,-0.0052593760207388,0.0052593760207388,1.2610069002866753,hold
2021-09-30,-1,-1,-0.0048869834497958,0.0048869834497958,1.2671694201384545,hold
2021-10-01,-1,-1,0.0090804675811375,-0.0090804675811375,1.2556629292990784,hold
2021-10-04,0,-1,0.0074076609199462,-0.0074076609199462,1.2463614040890845,hold
2021-10-05,0,-1,-0.0098921448702895,0.0098921448702895,1.2586905916590712,hold
2021-10-06,-1,-1,0.0081803020160375,-0.0081803020160375,1.248394122474555,hold
2021-10-07,0,-1,0.0058936227604964,-0.0058936227604964,1.241036558460269,hold
2021-10-08,0,-1,0.0028359561343596,-0.0028359561343596,1.237517033219339,hold
2021-10-11,0,-1,0.0025632525445875,-0.0025632525445875,1.2343449645349693,hold
2021-10-12,-1,-1,0.0094375978492116,-0.0094375978492116,1.222695713152489,hold
2021-10-13,0,-1,0.0097347877407187,-0.0097347877407187,1.2107930299134628,hold
2021-10-14,1,1,0.0075523961327199,0.0075523961327199,1.2187266254801923,flip
2021-10-18,0,1,-0.0031553077349963,-0.0031553077349963,1.2148811679319687,hold
2021-10-19,-1,-1,-0.00826062521208,0.00826062521208,1.2237019647695369,flip
2021-10-20,-1,-1,-0.0048449082967022,0.0048449082967022,1.2296306885713395,hold
2021-10-21,-1,-1,-0.0034766680845673,0.0034766680845673,1.2339057063421,hold
2021-10-22,-1,-1,0.0005796333280105,-0.0005796333280105,1.2331904934710818,hold
2021-10-25,-1,-1,0.0078894808897,-0.0078894808897,1.223461260639482,hold
2021-10-26,0,-1,-0.0031448386638428,0.0031448386638428,1.227308848915655,hold
2021-10-27,-1,-1,-0.0194223384240636,0.0194223384240636,1.2511460567301427,hold
2021-10-28,0,-1,-0.0103935157639054,0.0103935157639054,1.2641498629937156,hold
2021-10-29,-1,-1,0.0145996550575078,-0.0145996550575078,1.2456937110530115,hold
2021-11-01,0,-1,-0.0022700482713416,0.0022700482713416,1.2485214959084086,hold
2021-11-02,-1,-1,-0.0033400508475575,0.0033400508475575,1.2526916211890111,hold
2021-11-03,-1,-1,0.0049133761659847,-0.0049133761659847,1.2465366760341323,hold
2021-11-04,0,-1,0.0084697040421863,-0.0084697040421863,1.2359788793103925,hold
2021-11-08,1,1,-0.0013449214352717,-0.0013449214352717,1.2330806059427546,flip
2021-11-09,-1,-1,-0.0014991358050348,0.0014991358050348,1.2336960806236745,flip
2021-11-10,-1,-1,-0.007970140510272,0.007970140510272,1.2435288117332168,hold
2021-11-11,-1,-1,0.0128206066843303,-0.0128206066843303,1.2275860179373528,hold
2021-11-12,0,-1,0.0003700663573213,-0.0003700663573213,1.2271317296513962,hold
2021-11-15,-1,-1,-0.0060879819517564,0.0060879819517564,1.2346024854739415,hold
2021-11-16,-1,-1,-0.005586294529162,0.005586294529162,1.2414993385842343,hold
2021-11-17,-1,-1,-0.0074781956434608,0.0074781956434608,1.2507835135293945,hold
2021-11-18,-1,-1,-0.0196033721001568,0.0196033721001568,1.2753030881618528,hold
2021-11-22,0,-1,0.0049836979327988,-0.0049836979327988,1.2689473627976886,hold
2021-11-23,0,-1,-0.0050446817378146,0.0050446817378146,1.2753487983850422,hold
2021-11-24,-1,-1,0.006959452503032,-0.006959452503032,1.2664730689978827,hold
2021-11-25,0,-1,-0.0290712541877539,0.0290712541877539,1.3032910295086648,hold
2021-11-26,0,-1,0.0016151341742889,-0.0016151341742889,1.3011860396278612,hold
2021-11-29,-1,-1,-0.004148599194972,0.004148599194972,1.30658413898437,hold
2021-11-30,0,-1,0.0108166411704213,-0.0108166411704213,1.2924512871940121,hold
2021-12-01,-1,-1,0.0136745711024337,-0.0136745711024337,1.2747775701708457,hold
2021-12-02,0,-1,-0.0117776858673942,0.0117776858673942,1.289791499943118,hold
2021-12-03,-1,-1,-0.0165409195759996,0.0165409195759996,1.3111258374134849,hold
2021-12-06,0,-1,0.0156365485816494,-0.0156365485816494,1.290624354560113,hold
2021-12-07,0,-1,0.0170609485278816,-0.0170609485278816,1.2686050788781325,hold
2021-12-08,0,-1,0.0026960665936832,-0.0026960665936832,1.2651848351043924,hold
2021-12-09,-1,-1,-0.0003167708948091,0.0003167708948091,1.2655856088367072,hold
2021-12-10,-1,-1,-0.0081690551168631,0.0081690551168631,1.2759242474304031,hold
2021-12-13,-1,-1,-0.0024959111813221,0.0024959111813221,1.2791088410260847,hold
2021-12-14,-1,-1,-0.0059740603216401,0.0059740603216401,1.2867503144003176,hold
2021-12-15,-1,-1,0.0015678167505297,-0.0015678167505297,1.2847329257036513,hold
2021-12-16,-1,-1,-0.01525945397337,0.01525945397337,1.304337248651499,hold
2021-12-17,0,-1,-0.0218425462793778,0.0218425462793778,1.3328272953690858,hold
2021-12-20,0,-1,0.009428705444209,-0.009428705444209,1.320260459393049,hold
2021-12-21,0,-1,0.0110071709945933,-0.0110071709945933,1.3057281267591094,hold
2021-12-22,0,-1,0.0069093062126275,-0.0069093062126275,1.2967064513008901,hold
2021-12-23,0,-1,-0.0040327548791804,0.0040327548791804,1.3019357505692384,hold
2021-12-24,-1,-1,0.0048518709108285,-0.0048518709108285,1.2956189263732838,hold
2021-12-27,0,-1,0.0086034091740434,-0.0086034091740434,1.2844721866160596,hold
2021-12-28,1,1,-0.0011402602889762,-0.0011402602889762,1.2817230818027507,flip
2021-12-29,-1,-1,-0.0005606259494814,0.0005606259494814,1.281159925940656,flip
2021-12-30,-1,-1,0.0087248317576065,-0.0087248317576065,1.2699820211322361,hold
2021-12-31,1,1,0.0156533158122078,0.0156533158122078,1.288591468763713,flip
2022-01-03,1,1,0.0101868742352642,0.0101868742352642,1.3017181879966433,hold
2022-01-04,0,1,0.006739585234692,0.006739585234692,1.3104912286761956,hold
2022-01-05,0,1,-0.0100054174627969,-0.0100054174627969,1.2973792168519567,hold
2022-01-06,-1,-1,0.0037641836511315,-0.0037641836511315,1.2911982639977129,flip
2022-01-07,-1,-1,0.0107003189218717,-0.0107003189218717,1.2773820307815702,hold
2022-01-10,0,-1,0.0029133112526023,-0.0029133112526023,1.2736606193374223,hold
2022-01-11,-1,-1,0.0086731157318304,-0.0086731157318304,1.262614013382834,hold
2022-01-12,0,-1,0.0024956237305924,-0.0024956237305924,1.2594630038884573,hold
2022-01-13,-1,-1,-0.0001123235637506,0.0001123235637506,1.259604471261466,hold
2022-01-14,-1,-1,0.0028675682661627,-0.0028675682661627,1.25599246945176,hold
2022-01-17,-1,-1,-0.0106536905679234,0.0106536905679234,1.2693734245769408,hold
2022-01-18,-1,-1,-0.0096422404339412,0.0096422404339412,1.281613028337167,hold
2022-01-19,-1,-1,-0.010112406160797,0.010112406160797,1.2945732198206812,hold
2022-01-20,-1,-1,-0.0078757453046686,0.0078757453046686,1.3047689487782335,hold
2022-01-21,-1,-1,-0.0265679051873833,0.0265679051873833,1.3394339265008153,hold
2022-01-24,-1,-1,0.0075134912216943,-0.0075134912216943,1.3293701014520118,hold
2022-01-25,-1,-1,-0.0097117329146276,0.0097117329146276,1.3422805888220053,hold
2022-01-27,0,-1,-0.0004793161771092,0.0004793161771092,1.3429239656224474,hold
2022-01-28,-1,-1,0.0139107178709299,-0.0139107178709299,1.3242429292145632,hold
2022-01-31,0,-1,0.0136679386118703,-0.0136679386118703,1.3061432581508552,hold
2022-02-01,0,-1,0.0115578385853996,-0.0115578385853996,1.2910470652037396,hold
2022-02-02,0,-1,-0.0123622486642295,0.0123622486642295,1.3070073100610118,hold
2022-02-03,-1,-1,-0.0024998826581151,0.0024998826581151,1.310274674969463,hold
2022-02-04,-1,-1,-0.0172811129276234,0.0172811129276234,1.3329176795938151,hold
2022-02-07,-1,-1,0.0030876976246183,-0.0030876976246183,1.3288020328407217,hold
2022-02-08,-1,-1,0.0114121523303458,-0.0114121523303458,1.3136375416250703,hold
2022-02-09,-1,-1,0.008133901085124,-0.008133901085124,1.3029525437997864,hold
2022-02-10,0,-1,-0.0131262969128136,0.0131262969128136,1.3200554857530082,hold
2022-02-11,0,-1,-0.0306162228952934,0.0306162228952934,1.3604705987389771,hold
2022-02-14,-1,-1,0.0302591263839775,-0.0302591263839775,1.319303946950049,hold
2022-02-15,0,-1,-0.0017432697608654,0.0017432697608654,1.3216038496261575,hold
2022-02-16,-1,-1,-0.0010160147191904,0.0010160147191904,1.3229466185903165,hold
2022-02-17,-1,-1,-0.0016353356196504,0.0016353356196504,1.3251100803185931,hold
2022-02-18,-1,-1,-0.004031556958107,0.004031556958107,1.3304523370831594,hold
2022-02-21,0,-1,-0.0066515660675804,0.0066515660675804,1.3393019287030345,hold
2022-02-22,0,-1,-0.0016937094155936,0.0016937094155936,1.3415703169900015,hold
2022-02-23,-1,-1,-0.0477810384708364,0.0477810384708364,1.4056719399174329,hold
2022-02-24,0,-1,0.0252616601096495,-0.0252616601096495,1.370162333145567,hold
2022-02-25,0,-1,0.0081340342903666,-0.0081340342903666,1.3590173857443921,hold
2022-02-28,0,-1,-0.0111916331229355,0.0111916331229355,1.3742270097333344,hold
2022-03-02,0,-1,-0.006497577228417,0.006497577228417,1.3831561558584533,hold
2022-03-03,0,-1,-0.0153170320073322,0.0153170320073322,1.4043420029688758,hold
2022-03-04,0,-1,-0.0235266847399477,0.0235266847399477,1.4373815145397915,hold
2022-03-07,0,-1,0.0094747765094835,-0.0094747765094835,1.423762645930664,hold
2022-03-08,0,-1,0.0207262900882942,-0.0207262900882942,1.3942533283142278,hold
2022-03-09,0,-1,0.0152673871904744,-0.0152673871904744,1.3729667229092468,hold
2022-03-10,0,-1,0.0021421537513466,-0.0021421537513466,1.3700256170932927,hold
2022-03-11,-1,-1,0.014482565042708,-0.014482565042708,1.350184131983563,hold
2022-03-14,0,-1,-0.0123464565033122,0.0123464565033122,1.3668541216405605,hold
2022-03-15,-1,-1,0.0187451004846066,-0.0187451004846066,1.3412323037826095,hold
2022-03-16,0,-1,0.0183619883565082,-0.0183619883565082,1.3166046118371806,hold
2022-03-17,0,-1,-0.0098022024704637,0.0098022024704637,1.3295102368159548,hold
2022-03-21,-1,-1,0.0115612232521558,-0.0115612232521558,1.314139472152099,hold
2022-03-22,-1,-1,-0.004033935455228,0.004033935455228,1.3194406259619278,hold
2022-03-23,-1,-1,-0.0013278937068936,0.0013278937068936,1.3211927028657624,hold
2022-03-24,-1,-1,-0.0040498758909001,0.0040498758909001,1.3265433693403315,hold
2022-03-25,-1,-1,0.0040226199498629,-0.0040226199498629,1.3212071895184647,hold
2022-03-28,0,-1,0.005998187274997,-0.005998187274997,1.3132823413666606,hold
2022-03-29,0,-1,0.0099824655821947,-0.0099824655821947,1.3001725455942637,hold
2022-03-30,0,-1,-0.0019144771620018,0.0019144771620018,1.3026616962394657,hold
2022-03-31,-1,-1,0.0117779652585923,-0.0117779652585923,1.2873189920374584,hold
2022-04-01,-1,-1,0.0216718413399843,-0.0216718413399843,1.259420419088074,hold
2022-04-04,0,-1,-0.005317557796472,0.005317557796472,1.2661174599566318,hold
2022-04-05,-1,-1,-0.0083391803235717,0.0083391803235717,1.2766758417660329,hold
2022-04-06,-1,-1,-0.0094397411049521,0.0094397411049521,1.288727331187251,hold
2022-04-07,-1,-1,0.0082087593907955,-0.0082087593907955,1.2781484786051929,hold
2022-04-08,0,-1,-0.006151497975913,0.006151497975913,1.286011006384249,hold
2022-04-11,-1,-1,-0.0081838106412522,0.0081838106412522,1.2965354769430637,hold
2022-04-12,-1,-1,-0.0031174816283502,0.0031174816283502,1.300577402472938,hold
2022-04-13,-1,-1,-0.0172811880101475,0.0172811880101475,1.3230529250868222,hold
2022-04-18,0,-1,-0.0125191788064678,0.0125191788064678,1.3396164612264043,hold
2022-04-19,-1,-1,0.010490244596548,-0.010490244596548,1.3255635568825772,hold
2022-04-20,-1,-1,0.014941678252146,-0.014941678252146,1.3057574127128675,hold
2022-04-21,0,-1,-0.0126864526051679,0.0126864526051679,1.3223228422430962,hold
2022-04-22,0,-1,-0.0126951225643019,0.0126951225643019,1.3391098927949483,hold
2022-04-25,0,-1,0.0145601216162072,-0.0145601216162072,1.3196122898983875,hold
2022-04-26,0,-1,-0.0094414436101153,0.0094414436101153,1.3320713349206783,hold
2022-04-27,0,-1,0.0121285088909346,-0.0121285088909346,1.3159152958917337,hold
2022-04-28,0,-1,-0.0082632403816946,0.0082632403816946,1.326789020303636,hold
2022-04-29,-1,-1,-0.0019559171203674,0.0019559171203674,1.3293841096635635,hold
2022-05-02,-1,-1,-0.0229361834519363,0.0229361834519363,1.3598751074808961,hold
2022-05-04,-1,-1,0.0003028482136697,-0.0003028482136697,1.3594632717337818,hold
2022-05-05,-1,-1,-0.0162684216398562,0.0162684216398562,1.3815795934422452,hold
2022-05-06,0,-1,-0.0066661826871809,0.0066661826871809,1.3907894554090126,hold
2022-05-09,0,-1,-0.0037909688880922,0.0037909688880922,1.3960618949643548,hold
2022-05-10,0,-1,-0.0044919933245182,0.0044919933245182,1.402332995677149,hold
2022-05-11,0,-1,-0.0222117521417858,0.0222117521417858,1.433481268597378,hold
2022-05-12,0,-1,-0.0016352232651188,0.0016352232651188,1.4358253305179005,hold
2022-05-13,-1,-1,0.0038112305721171,-0.0038112305721171,1.4303530691220105,hold
2022-05-16,-1,-1,0.0263219359020472,-0.0263219359020472,1.3927034073192845,hold
2022-05-17,0,-1,-0.0011685620062508,0.0011685620062508,1.3943308676070538,hold
2022-05-18,-1,-1,-0.0265327253341793,0.0265327253341793,1.4313262655422399,hold
2022-05-19,-1,-1,0.0288910387942893,-0.0288910387942893,1.3899737628771738,hold
2022-05-20,0,-1,-0.0031630222318707,0.0031630222318707,1.394370280790871,hold
2022-05-23,-1,-1,-0.0055227542667355,0.0055227542667355,1.402071045208518,hold
2022-05-24,0,-1,-0.0061612191843656,0.0061612191843656,1.4107095122301003,hold
2022-05-25,-1,-1,0.0090073873189953,-0.0090073873189953,1.3980027052588528,hold
2022-05-26,0,-1,0.0112738471989222,-0.0112738471989222,1.3822418363760847,hold
2022-05-27,0,-1,0.0188932050929628,-0.0188932050929628,1.3561268578733578,hold
2022-05-30,0,-1,-0.0046124339835348,0.0046124339835348,1.3623819034785971,hold
2022-05-31,-1,-1,-0.0037264067061659,0.0037264067061659,1.367458692540079,hold
2022-06-01,-1,-1,0.0063700049931154,-0.0063700049931154,1.3587479738407195,hold
2022-06-02,-1,-1,-0.0026280502014673,0.0026280502014673,1.3623188317271149,hold
2022-06-03,-1,-1,-0.0008893953501298,0.0008893953501298,1.3635304717614474,hold
2022-06-06,-1,-1,-0.0092459460064759,0.0092459460064759,1.3761376008815385,hold
2022-06-07,-1,-1,-0.0036609606157923,0.0036609606157923,1.3811755864402766,hold
2022-06-08,-1,-1,0.0074497277416889,-0.0074497277416889,1.370886204357829,hold
2022-06-09,0,-1,-0.0167676984141,0.0167676984141,1.3938728107925513,hold
2022-06-10,0,-1,-0.0263797491152091,0.0263797491152091,1.43064282583977,hold
2022-06-13,0,-1,-0.0026816094559853,0.0026816094559853,1.4344792511696798,hold
2022-06-14,-1,-1,-0.002539344381356,0.002539344381356,1.4381218879963091,hold
2022-06-15,-1,-1,-0.0211284478542902,0.0211284478542902,1.4685071713149525,hold
2022-06-16,0,-1,-0.0043682936266399,0.0043682936266399,1.4749220418320825,hold
2022-06-17,0,-1,0.0037042135956451,-0.0037042135956451,1.4694586155522116,hold
2022-06-20,-1,-1,0.018804337854487,-0.018804337854487,1.441826419282181,hold
2022-06-21,0,-1,-0.0144192650853174,0.0144192650853174,1.4626164966288249,hold
2022-06-22,0,-1,0.0093004475196092,-0.0093004475196092,1.4490135086606137,hold
2022-06-23,0,-1,0.0091664725885294,-0.0091664725885294,1.4357311660530674,hold
2022-06-24,0,-1,0.008458990377725,-0.008458990377725,1.4235863299344245,hold
2022-06-27,0,-1,0.0011464333961117,-0.0011464333961117,1.4219542830235397,hold
2022-06-28,-1,-1,-0.0032239710103227,0.0032239710103227,1.4265386224100118,hold
2022-06-29,-1,-1,-0.0011930812414028,0.0011930812414028,1.4282405988805458,hold
2022-06-30,-1,-1,-0.0017870563085186,0.0017870563085186,1.4307929452528574,hold
2022-07-01,-1,-1,0.0052881882498054,-0.0052881882498054,1.4232266428118667,hold
2022-07-04,0,-1,-0.0015471713984448,0.0015471713984448,1.4254286183671299,hold
2022-07-05,-1,-1,0.0113181897073002,-0.0113181897073002,1.4092953468502358,hold
2022-07-06,0,-1,0.0089494920315105,-0.0089494920315105,1.3966828693735547,hold
2022-07-07,1,1,0.0054360478665673,0.0054360478665673,1.4028786214365105,flip
2022-07-08,-1,-1,-0.0002835659276332,0.0002835659276332,1.4018735513927185,flip
2022-07-11,-1,-1,-0.0097249750439381,0.0097249750439381,1.4155067366947696,hold
2022-07-12,-1,-1,-0.0057072925015229,0.0057072925015229,1.423585447678963,hold
2022-07-13,-1,-1,-0.0017536552323109,0.0017536552323109,1.426081925747927,hold
2022-07-14,-1,-1,0.0069359576863876,-0.0069359576863876,1.4161906818536172,hold
2022-07-15,0,-1,0.0142873041582765,-0.0142873041582765,1.3959571348358575,hold
2022-07-18,0,-1,0.0038117642711243,-0.0038117642711243,1.3906360753052691,hold
2022-07-19,-1,-1,0.0110338885069691,-0.0110338885069691,1.3752919518965818,hold
2022-07-20,0,-1,0.005108719746296,-0.005108719746296,1.3682659707450058,hold
2022-07-21,-1,-1,0.0068772959606149,-0.0068772959606149,1.3588560007113544,hold
2022-07-22,0,-1,-0.0052901993117577,0.0052901993117577,1.3660446197910956,hold
2022-07-25,-1,-1,-0.008847958067765,0.008847958067765,1.378131325305703,hold
2022-07-26,-1,-1,0.0095821774414373,-0.0095821774414373,1.3649258264090207,hold
2022-07-27,0,-1,0.0172937311236929,-0.0172937311236929,1.3413211661633186,hold
2022-07-28,0,-1,0.0135059538264792,-0.0135059538264792,1.3232053444266376,hold
2022-07-29,0,-1,0.0105955316684394,-0.0105955316684394,1.309185280295917,hold
2022-08-01,0,-1,0.0003113276638058,-0.0003113276638058,1.3087776947011134,hold
2022-08-02,-1,-1,0.0024618083588656,-0.0024618083588656,1.3055557348324014,hold
2022-08-03,-1,-1,-0.0003537116074355,0.0003537116074355,1.3060175250499655,hold
2022-08-04,-1,-1,0.0008917270739845,-0.0008917270739845,1.30485291386378,hold
2022-08-05,-1,-1,0.0073343646716481,-0.0073343646716481,1.2952826467506406,hold
2022-08-08,0,-1,0.0005506610997998,-0.0005506610997998,1.2945693849838293,hold
2022-08-10,-1,-1,0.0070859293688247,-0.0070859293688247,1.2853961577587911,hold
2022-08-11,0,-1,0.0022170219505635,-0.0022170219505635,1.2825464062618699,hold
2022-08-12,-1,-1,0.0071815193435313,-0.0071815193435313,1.2733357744363238,hold
2022-08-16,0,-1,0.0066759231988331,-0.0066759231988331,1.2648350825998602,hold
2022-08-17,0,-1,0.000682669936052,-0.000682669936052,1.2639716177149054,hold
2022-08-18,-1,-1,-0.011029475746944,0.011029475746944,1.2779125620173175,hold
2022-08-19,-1,-1,-0.0150773300473388,0.0150773300473388,1.297180071486493,hold
2022-08-22,0,-1,0.0049626821755044,-0.0049626821755044,1.2907425790673073,hold
2022-08-23,0,-1,0.0015616110795051,-0.0015616110795051,1.2887269411550468,hold
2022-08-24,-1,-1,-0.0046861822192667,0.0046861822192667,1.2947661504321777,hold
2022-08-25,-1,-1,0.0020802555293466,-0.0020802555293466,1.2920727059885302,hold
2022-08-26,-1,-1,-0.0140099889245538,0.0140099889245538,1.3101746302891477,hold
2022-08-29,0,-1,0.0257842637890255,-0.0257842637890255,1.2763927420120833,hold
2022-08-30,1,1,-0.0121907952721076,-0.0121907952721076,1.2595561066653977,flip
2022-09-01,-1,-1,-0.0001910505934481,0.0001910505934481,1.258537189500392,flip
2022-09-02,-1,-1,0.0072038500710118,-0.0072038500710118,1.2494708762784388,hold
2022-09-05,1,1,-0.0005774531254664,-0.0005774531254664,1.2474998945394742,flip
2022-09-06,0,1,-0.0017671004916441,-0.0017671004916441,1.2452954368625075,hold
2022-09-07,-1,-1,0.0098925129655895,-0.0098925129655895,1.2317310401704933,flip
2022-09-08,1,1,0.0019439347917691,0.0019439347917691,1.2328937139534124,flip
2022-09-09,0,1,0.005775695663245,0.005775695663245,1.2400145328303354,hold
2022-09-12,0,1,0.0074542019299801,0.0074542019299801,1.2492578515541626,hold
2022-09-13,0,1,-0.0036690976717561,-0.0036690976717561,1.2446742024796023,hold
2022-09-14,-1,-1,-0.0070179606679163,0.0070179606679163,1.2521646028744948,flip
2022-09-15,-1,-1,-0.0193848531485446,0.0193848531485446,1.2764376298190225,hold
2022-09-16,0,-1,0.0052136885924867,-0.0052136885924867,1.2697826815094142,hold
2022-09-19,0,-1,0.0110088098852303,-0.0110088098852303,1.255803885373119,hold
2022-09-20,0,-1,-0.0054950054374517,0.0054950054374517,1.2627045345516172,hold
2022-09-21,0,-1,-0.0049975776569025,0.0049975776569025,1.2690149985207617,hold
2022-09-22,-1,-1,-0.0171556772324205,0.0171556772324205,1.2907858102384844,hold
2022-09-23,0,-1,-0.0179513217622564,0.0179513217622564,1.3139571216442303,hold
2022-09-26,0,-1,-0.0005230508522044,0.0005230508522044,1.3146443880364664,hold
2022-09-27,-1,-1,-0.0087491784653945,0.0087491784653945,1.326146446405927,hold
2022-09-28,0,-1,-0.0024023347691036,0.0024023347691036,1.329332294123051,hold
2022-09-29,-1,-1,0.016425755966269,-0.016425755966269,1.307497006261705,hold
2022-09-30,0,-1,-0.0121092644487904,0.0121092644487904,1.3233298332765298,hold
2022-10-03,0,-1,0.0229136709327191,-0.0229136709327191,1.2930074889413814,hold
2022-10-04,0,-1,0.0033286441360573,-0.0033286441360573,1.2887035271454386,hold
2022-10-06,-1,-1,-0.0009895331040011,0.0009895331040011,1.2899787419467919,hold
2022-10-07,-1,-1,-0.0042536458411471,0.0042536458411471,1.2954658546576419,hold
2022-10-10,-1,-1,-0.0149323831999303,0.0149323831999303,1.314810247221815,hold
2022-10-11,-1,-1,0.0082461453396196,-0.0082461453396196,1.3039681308292028,hold
2022-10-12,0,-1,-0.0063800837728176,0.0063800837728176,1.3122875567409775,hold
2022-10-13,-1,-1,0.0100708880038873,-0.0100708880038873,1.299071655728144,hold
2022-10-14,0,-1,0.0073375869608156,-0.0073375869608156,1.2895396044859082,hold
2022-10-17,0,-1,0.010117285874136,-0.010117285874136,1.276492963661304,hold
2022-10-18,-1,-1,0.0014468379208691,-0.0014468379208691,1.2746460852357564,hold
2022-10-19,-1,-1,0.002952174549244,-0.002952174549244,1.27088310750363,hold
2022-10-20,-1,-1,0.0007032337856462,-0.0007032337856462,1.2699893795648265,hold
2022-10-21,-1,-1,0.0087873563767617,-0.0087873563767617,1.258829530291888,hold
2022-10-24,1,1,-0.004196122026705,-0.004196122026705,1.2522884984416716,flip
2022-10-25,-1,-1,0.0045649078749665,-0.0045649078749665,1.2453196283149635,flip
2022-10-27,0,-1,0.0028106052447454,-0.0028106052447454,1.241819526436237,hold
2022-10-28,-1,-1,0.0126722303955641,-0.0126722303955641,1.2260829032875267,hold
2022-10-31,-1,-1,0.0073950532223929,-0.0073950532223929,1.2170159549626494,hold
2022-11-01,0,-1,-0.0034471976315451,0.0034471976315451,1.2212112494801493,hold
2022-11-02,-1,-1,-0.0016673473084335,0.0016673473084335,1.2232474327699987,hold
2022-11-03,-1,-1,0.0035701681556883,-0.0035701681556883,1.2188802337389957,hold
2022-11-04,-1,-1,0.0047275862251119,-0.0047275862251119,1.21311787233591,hold
2022-11-07,0,-1,-0.0025161392359563,0.0025161392359563,1.2161702458123342,hold
2022-11-09,-1,-1,-0.0070937259046097,0.0070937259046097,1.2247974241894688,hold
2022-11-10,-1,-1,0.0178331732470333,-0.0178331732470333,1.202955399531378,hold
2022-11-11,0,-1,-0.0011198455015547,0.0011198455015547,1.204302523724114,hold
2022-11-14,-1,-1,0.0040509242609507,-0.0040509242609507,1.199423985413236,hold
2022-11-15,-1,-1,0.0003396111515991,-0.0003396111515991,1.1990166476522943,hold
2022-11-16,-1,-1,-0.0035714963948192,0.0035714963948192,1.2032989312867128,hold
2022-11-17,-1,-1,-0.0019761337135545,0.0019761337135545,1.2056768108723126,hold
2022-11-18,-1,-1,-0.0080677295405768,0.0080677295405768,1.2154038852957756,hold
2022-11-21,-1,-1,0.0046393301536886,-0.0046393301536886,1.2097652254018127,hold
2022-11-22,0,-1,0.0012634580983039,-0.0012634580983039,1.2082367377307324,hold
2022-11-23,-1,-1,0.0118709498898301,-0.0118709498898301,1.193893819962079,hold
2022-11-24,0,-1,0.0015500019600884,-0.0015500019600884,1.1920432822010003,hold
2022-11-25,-1,-1,0.0027008413120686,-0.0027008413120686,1.188823762458658,hold
2022-11-28,0,-1,0.0029791265437502,-0.0029791265437502,1.1852821060320764,hold
2022-11-29,0,-1,0.0075356346254191,-0.0075356346254191,1.1763502531529715,hold
2022-11-30,0,-1,0.0028867353340049,-0.0028867353340049,1.1729544413120292,hold
2022-12-01,-1,-1,-0.006187396179402,0.006187396179402,1.1802119751408158,hold
2022-12-02,-1,-1,0.0002648237856262,-0.0002648237856262,1.1798994269377177,hold
2022-12-05,-1,-1,-0.0031175136590962,0.0031175136590962,1.1835777795175557,hold
2022-12-06,-1,-1,-0.0044119027503989,0.0044119027503989,1.1887996095783202,hold
2022-12-07,-1,-1,0.0026319123609277,-0.0026319123609277,1.185670793191205,hold
2022-12-08,-1,-1,-0.0060587824059793,0.0060587824059793,1.1928545145322753,hold
2022-12-09,0,-1,2.977743269738653e-05,-2.977743269738653e-05,1.1928189943872511,hold
2022-12-12,-1,-1,0.0059927938646799,-0.0059927938646799,1.1856706760360136,hold
2022-12-13,0,-1,0.0028106610731943,-0.0028106610731943,1.1823381576212513,hold
2022-12-14,-1,-1,-0.0131509343553336,0.0131509343553336,1.1978870091179343,hold
2022-12-15,0,-1,-0.0079229530179417,0.0079229530179417,1.2073778116119784,hold
2022-12-16,0,-1,0.0082899566889265,-0.0082899566889265,1.1973687018465442,hold
2022-12-19,1,1,-0.0019081205394395,-0.0019081205394395,1.1938866093314222,flip
2022-12-20,-1,-1,-0.0101277196435586,0.0101277196435586,1.2047840715875981,flip
2022-12-21,0,-1,-0.0039425027358517,0.0039425027358517,1.2095339360859427,hold
2022-12-22,-1,-1,-0.0176831602541178,0.0176831602541178,1.2309223185105445,hold
2022-12-23,0,-1,0.0116696328935068,-0.0116696328935068,1.2165579069331023,hold
2022-12-26,0,-1,0.0065336546149905,-0.0065336546149905,1.2086093377500657,hold
2022-12-27,-1,-1,-0.0005405150382313,0.0005405150382313,1.2092626092724665,hold
2022-12-28,-1,-1,0.0037798317009243,-0.0037798317009243,1.204691800127196,hold
2022-12-29,-1,-1,-0.0047110779368918,0.0047110779368918,1.2103671970875296,hold
2022-12-30,-1,-1,0.0050895833553579,-0.0050895833553579,1.2042069323473616,hold
2023-01-02,0,-1,0.0019289276248581,-0.0019289276248581,1.2018841043295112,hold
2023-01-03,-1,-1,-0.0103990694870288,0.0103990694870288,1.2143825806457893,hold
2023-01-04,-1,-1,-0.0028154392892826,0.0028154392892826,1.2178016010755597,hold
2023-01-05,-1,-1,-0.0073755037054461,0.0073755037054461,1.2267835012967907,hold
2023-01-06,-1,-1,0.0135362517084902,-0.0135362517084902,1.2101774510314145,hold
2023-01-09,0,-1,-0.0103335047509585,0.0103335047509585,1.2226828254711504,hold
2023-01-10,0,-1,-0.0010299775022909,0.0010299775022909,1.223942161273823,hold
2023-01-11,-1,-1,-0.0020954755408891,0.0020954755408891,1.2265069021362351,hold
2023-01-12,-1,-1,0.0055100959183882,-0.0055100959183882,1.2197487314608992,hold
2023-01-13,1,1,-0.0034388470725693,-0.0034388470725693,1.214334453374984,flip
2023-01-16,-1,-1,0.0088545685118242,-0.0088545685118242,1.2023677113079316,flip
2023-01-17,1,1,0.00620655632356,0.00620655632356,1.2086279065184864,flip
2023-01-18,1,1,-0.003165367099256,-0.003165367099256,1.2048021555079502,hold
2023-01-19,-1,-1,-0.0044289753051891,0.0044289753051891,1.2089333923468257,flip
2023-01-20,-1,-1,0.0050422760956287,-0.0050422760956287,1.202837616401388,hold
2023-01-23,0,-1,-1.3798013043020418e-05,1.3798013043020418e-05,1.2028542131705078,hold
2023-01-24,-1,-1,-0.0124929796250122,0.0124929796250122,1.217881446347507,hold
2023-01-25,0,-1,-0.0160742469061787,0.0160742469061787,1.237457973418551,hold
2023-01-27,0,-1,0.0025334426073457,-0.0025334426073457,1.2343229446638928,hold
2023-01-30,-1,-1,0.0007479862801675,-0.0007479862801675,1.2333996880359883,hold
2023-01-31,-1,-1,-0.0025959245256645,0.0025959245256645,1.236601500536108,hold
2023-02-01,-1,-1,-0.0003349392530399,0.0003349392530399,1.2370156869190054,hold
2023-02-02,-1,-1,0.0138355963078902,-0.0138355963078902,1.2199008372482665,hold
2023-02-03,1,1,-0.0050101331608701,-0.0050101331608701,1.2125690707733474,flip
2023-02-06,-1,-1,-0.0024261514654264,0.0024261514654264,1.2142983779305618,flip
2023-02-07,-1,-1,0.0084755364246817,-0.0084755364246817,1.2040065477979796,hold
2023-02-08,1,1,0.0012170079483646,0.0012170079483646,1.204267826788735,flip
2023-02-09,-1,-1,-0.0020649578680046,0.0020649578680046,1.2055503212860585,flip
2023-02-10,-1,-1,-0.0047937507000251,0.0047937507000251,1.211329428982639,hold
2023-02-13,-1,-1,0.0089443537049958,-0.0089443537049958,1.2004948701165477,hold
2023-02-14,1,1,0.0047964707944361,0.0047964707944361,1.2050525138298156,flip
2023-02-15,0,1,0.0011101336008929,0.0011101336008929,1.2063902831162585,hold
2023-02-16,-1,-1,-0.0050815676893513,0.0050815676893513,1.2113142467165732,flip
2023-02-17,-1,-1,-0.0055505184801407,0.0055505184801407,1.2180376688282313,hold
2023-02-20,-1,-1,-0.001003126492992,0.001003126492992,1.219259514683295,hold
2023-02-21,-1,-1,-0.0152803631315826,0.0152803631315826,1.2378902428192928,hold
2023-02-22,0,-1,-0.0024524349779846,0.0024524349779846,1.2409260881496889,hold
2023-02-23,-1,-1,-0.002595429723749,0.002595429723749,1.244146824603848,hold
2023-02-24,-1,-1,-0.0041854114458053,0.0041854114458053,1.2493540909638075,hold
2023-02-27,-1,-1,-0.0051027157362857,0.0051027157362857,1.2557291897439615,hold
2023-02-28,0,-1,0.008492348770636,-0.008492348770636,1.2450650995031878,hold
2023-03-01,0,-1,-0.0073921687198044,0.0073921687198044,1.2542688307858554,hold
2023-03-02,0,-1,0.0157285986298278,-0.0157285986298278,1.2345409397725213,hold
2023-03-03,1,1,0.0066555236183669,0.0066555236183669,1.2415229152152458,flip
2023-03-06,0,1,0.0024250512391459,0.0024250512391459,1.2445336718992166,hold
2023-03-08,-1,-1,-0.0092822498999752,0.0092822498999752,1.2548412107788198,flip
2023-03-09,-1,-1,-0.010045664635585,0.010045664635585,1.2674469247532154,hold
2023-03-10,-1,-1,-0.0148510359316261,0.0148510359316261,1.2862698245741544,hold
2023-03-13,-1,-1,-0.0064706805258611,0.0064706805258611,1.2945928656790293,hold
2023-03-14,-1,-1,-0.0041746837386849,0.0041746837386849,1.299997381463597,hold
2023-03-15,-1,-1,0.0007924286811309,-0.0007924286811309,1.2989672262531302,hold
2023-03-16,-1,-1,0.0067381296219788,-0.0067381296219788,1.2902146167079342,hold
2023-03-17,-1,-1,-0.0065292432199922,0.0065292432199922,1.2986387417464094,hold
2023-03-20,0,-1,0.007010642946744,-0.007010642946744,1.2895344492112164,hold
2023-03-21,0,-1,0.0025953757489405,-0.0025953757489405,1.2861876227743103,hold
2023-03-22,-1,-1,-0.0043726933046436,0.0043726933046436,1.2918117267809308,hold
2023-03-23,-1,-1,-0.0077209333285906,0.0077209333285906,1.3017857189964979,hold
2023-03-24,0,-1,0.0023988383407489,-0.0023988383407489,1.2986629455023297,hold
2023-03-27,-1,-1,-0.0020016838613549,0.0020016838613549,1.3012624581616812,hold
2023-03-28,-1,-1,0.0076098565893214,-0.0076098565893214,1.291360037470003,hold
2023-03-29,0,-1,0.0163371989446239,-0.0163371989446239,1.2702628316287186,hold
2023-03-31,0,-1,0.0022062979737611,-0.0022062979737611,1.267460253317152,hold
2023-04-03,-1,-1,0.0091389548173612,-0.0091389548173612,1.2558769913292853,hold
2023-04-05,0,-1,0.0023978747854371,-0.0023978747854371,1.2528655555581663,hold
2023-04-06,-1,-1,0.001414863221935,-0.001414863221935,1.2510929221615779,hold
2023-04-10,-1,-1,0.0055747683219642,-0.0055747683219642,1.2441183689712778,hold
2023-04-11,-1,-1,0.0050839679614469,-0.0050839679614469,1.2377933110431802,hold
2023-04-12,-1,-1,0.0008757724412713,-0.0008757724412713,1.2367092857733786,hold
2023-04-13,-1,-1,-0.0067955121508301,0.0067955121508301,1.2451133587518959,hold
2023-04-17,-1,-1,-0.0026373533282438,0.0026373533282438,1.2483971626126409,hold
2023-04-18,-1,-1,-0.0023442830162407,0.0023442830162407,1.251323758878477,hold
2023-04-19,-1,-1,0.0003234746363958,-0.0003234746363958,1.2509189873805602,hold
2023-04-20,-1,-1,-2.260708945023282e-05,2.260708945023282e-05,1.2509472670180029,hold
2023-04-21,-1,-1,0.0067719737565652,-0.0067719737565652,1.24247588495491,hold
2023-04-24,0,-1,0.0014568576938982,-0.0014568576938982,1.2406657744024303,hold
2023-04-25,-1,-1,0.0024958627615121,-0.0024958627615121,1.2375692428966167,hold
2023-04-26,-1,-1,0.0056951528101938,-0.0056951528101938,1.2305210969451246,hold
2023-04-27,-1,-1,0.0083700136036979,-0.0083700136036979,1.2202216186240566,hold
2023-04-28,1,1,0.0045751669319125,0.0045751669319125,1.2245841146045662,flip
2023-05-02,-1,-1,-0.0031850283648763,0.0031850283648763,1.227259865630154,flip
2023-05-03,-1,-1,0.0091737176073036,-0.0091737176073036,1.2160013301920858,hold
2023-05-04,0,-1,-0.0102324068655403,0.0102324068655403,1.2284439505516496,hold
2023-05-05,-1,-1,0.0108141231183243,-0.0108141231183243,1.2151594064264233,hold
2023-05-08,0,-1,8.480038171931881e-05,-8.480038171931881e-05,1.2150563604449085,hold
2023-05-09,-1,-1,0.0026908205008338,-0.0026908205008338,1.2117868618805547,hold
2023-05-10,-1,-1,-0.0009882342854272,0.0009882342854272,1.2129843912040954,hold
2023-05-11,-1,-1,0.0009728797753729,-0.0009728797753729,1.21180430322205,hold
2023-05-12,-1,-1,0.0045891205221868,-0.0045891205221868,1.2062431872252595,hold
2023-05-15,0,-1,-0.0061063388070606,0.0061063388070606,1.2136089168101656,hold
2023-05-16,-1,-1,-0.0057282694884204,0.0057282694884204,1.2205607957392042,hold
2023-05-17,-1,-1,-0.0028490536527011,0.0028490536527011,1.2240382389326487,hold
2023-05-18,-1,-1,0.0040513721791914,-0.0040513721791914,1.2190792044651706,hold
2023-05-19,0,-1,0.0060977618257063,-0.0060977618257063,1.2116455498296705,hold
2023-05-22,0,-1,0.0018346005688616,-0.0018346005688616,1.2094226642146944,hold
2023-05-23,-1,-1,-0.0034117947119577,0.0034117947119577,1.2135489660649839,hold
2023-05-24,-1,-1,0.0019551116867164,-0.0019551116867164,1.2111763422990276,hold
2023-05-25,-1,-1,0.0097264208278746,-0.0097264208278746,1.1993959314970615,hold
2023-05-26,0,-1,0.0053677985089635,-0.0053677985089635,1.1929578158043146,hold
2023-05-29,0,-1,0.0018925684396833,-0.0018925684396833,1.1907000614922498,hold
2023-05-30,0,-1,-0.0053370195013254,0.0053370195013254,1.1970548509406633,hold
2023-05-31,0,-1,-0.0025169624936233,0.0025169624936233,1.2000677931032906,hold
2023-06-01,-1,-1,0.0025070443604549,-0.0025070443604549,1.1970591699104274,hold
2023-06-02,-1,-1,0.0032237875731377,-0.0032237875731377,1.1932001054341597,hold
2023-06-05,-1,-1,0.0002769943144211,-0.0002769943144211,1.1928695957889879,hold
2023-06-06,-1,-1,0.0068498516385289,-0.0068498516385289,1.1846986160337214,hold
2023-06-07,0,-1,-0.0049048192636628,0.0049048192636628,1.1905093486272782,hold
2023-06-08,-1,-1,-0.0038181972541345,0.0038181972541345,1.1950549481532282,hold
2023-06-09,-1,-1,0.0020524046550352,-0.0020524046550352,1.1926022118146158,hold
2023-06-12,-1,-1,0.0061635024393194,-0.0061635024393194,1.1852516051729587,hold
2023-06-13,0,-1,0.0021238341844009,-0.0021238341844009,1.1827343272967763,hold
2023-06-14,-1,-1,-0.0036149041015322,0.0036149041015322,1.1870097984675443,hold
2023-06-15,-1,-1,0.007379048352023,-0.007379048352023,1.1782507957703272,hold
2023-06-16,0,-1,-0.0037475183921172,0.0037475183921172,1.1826663122980032,hold
2023-06-19,-1,-1,0.0032657175674986,-0.0032657175674986,1.1788040581454429,hold
2023-06-20,-1,-1,0.002133763746672,-0.002133763746672,1.1762887687817423,hold
2023-06-21,-1,-1,-0.0045394438174043,0.0045394438174043,1.1816284655606706,hold
2023-06-22,-1,-1,-0.0056336152360657,0.0056336152360657,1.1882853056876221,hold
2023-06-23,-1,-1,0.0013768299134766,-0.0013768299134766,1.1866492389330068,hold
2023-06-26,-1,-1,0.0067519034171119,-0.0067519034171119,1.1786370978817418,hold
2023-06-27,0,-1,0.0082210728123248,-0.0082210728123248,1.1689474364807488,hold
2023-06-28,0,-1,0.0114352747635688,-0.0114352747635688,1.1555802013604222,hold
2023-06-30,0,-1,0.0069570924336936,-0.0069570924336936,1.1475407230850114,hold
2023-07-03,0,-1,0.0034389465191355,-0.0034389465191355,1.143594391909792,hold
2023-07-04,-1,-1,0.0004899685388621,-0.0004899685388621,1.143034066636537,hold
2023-07-05,-1,-1,0.0050932175812563,-0.0050932175812563,1.137212345432369,hold
2023-07-06,-1,-1,-0.0084883544577184,0.0084883544577184,1.1468654069140922,hold
2023-07-07,-1,-1,0.0012466303397029,-0.0012466303397029,1.1454356897022775,hold
2023-07-10,-1,-1,0.0043139300324381,-0.0043139300324381,1.1404943602802444,hold
2023-07-11,-1,-1,-0.0028344294714754,0.0028344294714754,1.1437270111070743,hold
2023-07-12,-1,-1,0.0015192303855748,-0.0015192303855748,1.1419894262789978,hold
2023-07-13,-1,-1,0.0077651149314275,-0.0077651149314275,1.1331217471334665,hold
2023-07-14,0,-1,0.0075110132510414,-0.0075110132510414,1.1246108546757039,hold
2023-07-17,-1,-1,0.0019177068530324,-0.0019177068530324,1.1224541807326978,hold
2023-07-18,-1,-1,0.0042482823714824,-0.0042482823714824,1.1176856784238942,hold
2023-07-19,-1,-1,0.0073614124394989,-0.0073614124394989,1.1094579331672947,hold
2023-07-20,0,-1,-0.011719737128305,0.011719737128305,1.122460488498928,hold
2023-07-21,-1,-1,-0.0036794322929856,0.0036794322929856,1.1265905058679113,hold
2023-07-24,-1,-1,0.0004193703428323,-0.0004193703428323,1.1261180472212338,hold
2023-07-25,-1,-1,0.0049643391875346,-0.0049643391875346,1.1205276152696235,hold
2023-07-26,0,-1,-0.0059863783008722,0.0059863783008722,1.1272355174712017,hold
2023-07-27,-1,-1,-0.0007044597937843,0.0007044597937843,1.1280296095713855,hold
2023-07-28,-1,-1,0.0054845628365591,-0.0054845628365591,1.121842860296192,hold
2023-07-31,0,-1,-0.0010251191770254,0.0010251191770254,1.1229928829258908,hold
2023-08-01,-1,-1,-0.0104897492749598,0.0104897492749598,1.1347727967053478,hold
2023-08-02,0,-1,-0.0074206854169113,0.0074206854169113,1.1431935886493667,hold
2023-08-03,0,-1,0.0069833892701145,-0.0069833892701145,1.135210222808729,hold
2023-08-04,1,1,0.0041144018676027,0.0041144018676027,1.1387457236467664,flip
2023-08-07,1,1,-0.0013497354646058,-0.0013497354646058,1.137208718158392,hold
2023-08-08,-1,-1,0.0031527078847637,-0.0031527078847637,1.1324862225478736,flip
2023-08-09,0,-1,-0.0045562684580157,0.0045562684580157,1.1376461338028057,hold
2023-08-10,0,-1,-0.0058741361615907,0.0058741361615907,1.1443288220964705,hold
2023-08-11,-1,-1,0.0003216956578122,-0.0003216956578122,1.1439606964832927,hold
2023-08-14,-1,-1,0.0015667570139761,-0.0015667570139761,1.1421683880383644,hold
2023-08-16,-1,-1,-0.0051245825841254,0.0051245825841254,1.1480215242678442,hold
2023-08-17,-1,-1,-0.0028452826260957,0.0028452826260957,1.1512879699652274,hold
2023-08-18,-1,-1,0.0043215209131937,-0.0043215209131937,1.1463126549259144,hold
2023-08-21,0,-1,0.0001469355577301,-0.0001469355577301,1.1461442208366297,hold
2023-08-22,-1,-1,0.0024515199000461,-0.0024515199000461,1.143334425470926,hold
2023-08-23,-1,-1,-0.0029469646806212,0.0029469646806212,1.146703791640927,hold
2023-08-24,-1,-1,-0.0062361537740819,0.0062361537740819,1.1538548128189225,hold
2023-08-25,-1,-1,0.0020891942389009,-0.0020891942389009,1.1514441859914533,hold
2023-08-28,-1,-1,0.001895758474361,-0.001895758474361,1.1492613259181064,hold
2023-08-29,-1,-1,0.0002480956863764,-0.0002480956863764,1.1489761991406269,hold
2023-08-30,0,-1,-0.0048403506033882,0.0048403506033882,1.154537646779416,hold
2023-08-31,-1,-1,0.0094267101889176,-0.0094267101889176,1.1436541549810315,hold
2023-09-01,0,-1,0.0048108337016425,-0.0048108337016425,1.1381522250292253,hold
2023-09-04,1,1,0.0023605960187407,0.0023605960187407,1.1397007904153211,flip
2023-09-05,-1,-1,0.0018467726478093,-0.0018467726478093,1.1364563213784802,flip
2023-09-06,0,-1,0.0059150323607803,-0.0059150323607803,1.129734145460913,hold
2023-09-07,0,-1,0.004709190366575,-0.004709190366575,1.1244140123063178,hold
2023-09-08,0,-1,0.0089001434200508,-0.0089001434200508,1.1144065663332767,hold
2023-09-11,0,-1,-0.0001575482868895,0.0001575482868895,1.1145821391787007,hold
2023-09-12,-1,-1,0.0038413452699443,-0.0038413452699443,1.1103006443504022,hold
2023-09-13,-1,-1,0.0016492082399102,-0.0016492082399102,1.108469527378962,hold
2023-09-14,-1,-1,0.0044396138771742,-0.0044396138771742,1.1035483506827857,hold
2023-09-15,-1,-1,-0.0029243168460981,0.0029243168460981,1.106775475715171,hold
2023-09-18,-1,-1,-0.011518249945432,0.011518249945432,1.119523592277933,hold
2023-09-20,-1,-1,-0.0079919391664983,0.0079919391664983,1.1284707567228778,hold
2023-09-21,-1,-1,-0.0034494176591149,0.0034494176591149,1.1323633236789123,hold
2023-09-22,-1,-1,1.5288066889551644e-05,-1.5288066889551644e-05,1.1323460120326767,hold
2023-09-25,-1,-1,-0.0005007261720755,0.0005007261720755,1.1329130073167468,hold
2023-09-26,-1,-1,0.0026316191986632,-0.0026316191986632,1.1299316116962768,hold
2023-09-27,-1,-1,-0.0097836296667737,0.0097836296667737,1.140986444133894,hold
2023-09-28,0,-1,0.0058775169171687,-0.0058775169171687,1.1342802770062368,hold
2023-09-29,0,-1,-0.0055784246544688,0.0055784246544688,1.140607774068566,hold
2023-10-03,0,-1,-0.0047443072713306,0.0047443072713306,1.146019167824816,hold
2023-10-04,0,-1,0.0056415841052857,-0.0056415841052857,1.1395538043032627,hold
2023-10-05,0,-1,0.0055127073660514,-0.0055127073660514,1.1332717776522683,hold
2023-10-06,0,-1,-0.0071819467588469,0.0071819467588469,1.1414108752226708,hold
2023-10-09,0,-1,0.0090968029762401,-0.0090968029762401,1.1310276853758325,hold
2023-10-10,0,-1,0.0061706921287072,-0.0061706921287072,1.124048461740334,hold
2023-10-11,0,-1,-0.0008757409120068,0.0008757409120068,1.1250328369653582,hold
2023-10-12,-1,-1,-0.002169809980297,0.002169809980297,1.1274739444431674,hold
2023-10-13,-1,-1,-0.0009772027556287,0.0009772027556287,1.128575715088577,hold
2023-10-16,-1,-1,0.0040417094276989,-0.0040417094276989,1.1240143399810314,hold
2023-10-17,0,-1,-0.0070868127413371,0.0070868127413371,1.1319800191270546,hold
2023-10-18,0,-1,-0.0023588102112444,0.0023588102112444,1.134650145155096,hold
2023-10-19,-1,-1,-0.0041808960845935,0.0041808960845935,1.1393939995043585,hold
2023-10-20,-1,-1,-0.0133503074255556,0.0133503074255556,1.154605259676575,hold
2023-10-23,0,-1,-0.008277236732921,0.008277236732921,1.1641622007439936,hold
2023-10-25,0,-1,-0.0138530649123475,0.0138530649123475,1.1802894152794012,hold
2023-10-26,0,-1,0.0100757003274603,-0.0100757003274603,1.1683971728313727,hold
2023-10-27,0,-1,0.0049167407696648,-0.0049167407696648,1.1626524668165517,hold
2023-10-30,-1,-1,-0.0032026069828995,0.0032026069828995,1.1663759857254636,hold
2023-10-31,-1,-1,-0.0047406245729368,0.0047406245729368,1.1719053363846772,hold
2023-11-01,-1,-1,0.0075885232572669,-0.0075885232572669,1.163012305484207,hold
2023-11-02,0,-1,0.0050879808383312,-0.0050879808383312,1.15709492115916,hold
2023-11-03,0,-1,0.0094199033989916,-0.0094199033989916,1.146195198778377,hold
2023-11-06,0,-1,-0.0002601919584787,0.0002601919584787,1.1464934295519458,hold
2023-11-07,-1,-1,0.0018962926582819,-0.0018962926582819,1.144319342478718,hold
2023-11-08,-1,-1,-0.002478937369815,0.002478937369815,1.1471560384597905,hold
2023-11-09,-1,-1,0.0015492839458333,-0.0015492839458333,1.145378768026039,hold
2023-11-10,-1,-1,0.0009369804014345,-0.0009369804014345,1.1443055705681793,hold
2023-11-13,-1,-1,0.0119267535086042,-0.0119267535086042,1.1306577200894898,hold
2023-11-15,0,-1,0.0045615222809993,-0.0045615222809993,1.125500199707118,hold
2023-11-16,-1,-1,-0.0016897597201204,0.0016897597201204,1.1274020246095704,hold
2023-11-17,-1,-1,-0.0019157289123818,0.0019157289123818,1.1295618212639928,hold
2023-11-20,-1,-1,0.004539473475424,-0.004539473475424,1.1244342053375134,hold
2023-11-21,-1,-1,0.0014380348265852,-0.0014380348265852,1.1228172297900343,hold
2023-11-22,-1,-1,-0.0004971574875239,0.0004971574875239,1.1233754467829453,hold
2023-11-23,-1,-1,-0.0003686890844358,0.0003686890844358,1.1237896230478974,hold
2023-11-24,-1,-1,0.0047992646389904,-0.0047992646389904,1.1183962592483394,hold
2023-11-28,0,-1,0.0104023891135545,-0.0104023891135545,1.1067622661764944,hold
2023-11-29,-1,-1,0.0018187545137213,-0.0018187545137213,1.1047493373092696,hold
2023-11-30,-1,-1,0.0066929416105065,-0.0066929416105065,1.097355314500413,hold
2023-12-01,-1,-1,0.0206681690037693,-0.0206681690037693,1.074674989403134,hold
2023-12-04,0,-1,0.0081355657602475,-0.0081355657602475,1.0659319003559515,hold
2023-12-05,0,-1,0.0039606432442005,-0.0039606432442005,1.061710124376029,hold
2023-12-06,-1,-1,-0.001745599062397,0.001745599062397,1.063563444573677,hold
2023-12-07,-1,-1,0.0032653705047074,-0.0032653705047074,1.0600905158718812,hold
2023-12-08,-1,-1,0.0013209351833629,-0.0013209351833629,1.0586902050119167,hold
2023-12-11,-1,-1,-0.0043196070141755,0.0043196070141755,1.0632633306473251,hold
2023-12-12,-1,-1,0.0009542158562574,-0.0009542158562574,1.0622487479178444,hold
2023-12-13,-1,-1,0.0122500872899569,-0.0122500872899569,1.0492361080322035,hold
2023-12-14,0,-1,0.0129327792008919,-0.0129327792008919,1.0356665691174198,hold
2023-12-15,0,-1,-0.0017710126840955,0.0017710126840955,1.0375007477478204,hold
2023-12-18,-1,-1,0.0016083748565725,-0.0016083748565725,1.0358320576314677,hold
2023-12-19,-1,-1,-0.0141214660942333,0.0141214660942333,1.0504595249126303,hold
2023-12-20,0,-1,0.0049597940765233,-0.0049597940765233,1.0452494619833412,hold
2023-12-21,0,-1,0.0044389265566107,-0.0044389265566107,1.0406096763882604,hold
2023-12-22,0,-1,0.0043068759341071,-0.0043068759341071,1.0361278996162249,hold
2023-12-26,0,-1,0.0099527499207277,-0.0099527499207277,1.0258155777454556,hold
2023-12-27,0,-1,0.0057238813077962,-0.0057238813077962,1.0199439311347522,hold
2023-12-28,0,-1,-0.0021717930740454,0.0021717930740454,1.0221590383003054,hold
2023-12-29,-1,-1,0.0004831718072126,-0.0004831718072126,1.021665159870511,hold
2024-01-01,-1,-1,-0.003500136051024,0.003500136051024,1.0252411269286492,hold
2024-01-02,-1,-1,-0.0068518663756694,0.0068518663756694,1.032265942133205,hold
2024-01-03,-1,-1,0.0065644701863494,-0.0065644701863494,1.0254896631316877,hold
2024-01-04,0,-1,0.0024101822286055,-0.0024101822286055,1.0230180461699891,hold
2024-01-05,-1,-1,-0.009110708685643,0.009110708685643,1.0323384655687997,hold
2024-01-08,-1,-1,0.0014804820050666,-0.0014804820050666,1.0308101070473872,hold
2024-01-09,-1,-1,0.0034277152411805,-0.0034277152411805,1.027276783532698,hold
2024-01-10,-1,-1,0.0013183031833516,-0.0013183031833516,1.0259225212787837,hold
2024-01-11,-1,-1,0.0114264926377058,-0.0114264926377058,1.014199825142535,hold
2024-01-12,0,-1,0.0092670746948486,-0.0092670746948486,1.0048011596074369,hold
2024-01-15,1,1,-0.0029482333845447,-0.0029482333845447,1.0008339701242455,flip
2024-01-16,-1,-1,-0.0208943935120824,0.0208943935120824,1.0207449549661571,flip
2024-01-17,-1,-1,-0.0050852715087356,0.0050852715087356,1.0259357202033321,hold
2024-01-18,-1,-1,0.0074619571864553,-0.0074619571864553,1.0182802317831197,hold
2024-01-19,0,-1,-0.0177408429427344,0.0177408429427344,1.036345381446875,hold
2024-01-23,0,-1,0.0101299710711508,-0.0101299710711508,1.0258472327130974,hold
2024-01-24,0,-1,-0.0047240537554001,0.0047240537554001,1.0306933901852624,hold
2024-01-25,-1,-1,0.0180305914522447,-0.0180305914522447,1.012109378754303,hold
2024-01-29,1,1,-0.0099136981024832,-0.0099136981024832,1.0010635225478866,flip
2024-01-30,0,1,0.0094600254190029,0.0094600254190029,1.010533608917226,hold
2024-01-31,1,1,-0.0013003033741542,-0.0013003033741542,1.0092196086558547,hold
2024-02-01,-1,-1,0.0072059881750932,-0.0072059881750932,1.0009379644811525,flip
2024-02-02,0,-1,-0.0037568550808078,0.0037568550808078,1.004698343358587,hold
2024-02-05,-1,-1,0.0072434021015312,-0.0072434021015312,0.9974209092668985,hold
2024-02-06,1,1,5.014315737827957e-05,5.014315737827957e-05,0.9964735021912574,flip
2024-02-07,-1,-1,-0.0096920171108729,0.0096920171108729,1.0051348669228355,flip
2024-02-08,-1,-1,0.0029722318898448,-0.0029722318898448,1.0021473730177726,hold
2024-02-09,-1,-1,-0.0076414194307357,0.0076414194307357,1.0098052014264114,hold
2024-02-12,0,-1,0.0058844800115076,-0.0058844800115076,1.0038630229031011,hold
2024-02-13,0,-1,0.0044519922849619,-0.0044519922849619,0.999393832469978,hold
2024-02-14,0,-1,0.0032371361888359,-0.0032371361888359,0.99615865852799,hold
2024-02-15,-1,-1,0.0059308430222606,-0.0059308430222606,0.9902505978989948,hold
2024-02-16,0,-1,0.0037000088082788,-0.0037000088082788,0.9865866619643652,hold
2024-02-19,-1,-1,0.003376655573009,-0.003376655573009,0.9832552986139869,hold
2024-02-20,-1,-1,-0.00639270001033,0.00639270001033,0.9895409547715937,hold
2024-02-21,-1,-1,0.0073633218581414,-0.0073633218581414,0.9822546462297979,hold
2024-02-22,1,1,-0.0002137959201901,-0.0002137959201901,0.9810623895476164,flip
2024-02-23,-1,-1,-0.0040809285088362,0.0040809285088362,0.9840849726325206,flip
2024-02-26,-1,-1,0.0034489943486464,-0.0034489943486464,0.9806908691233232,hold
2024-02-27,-1,-1,-0.0111359278099485,0.0111359278099485,0.9916117718457562,hold
2024-02-28,0,-1,0.0014418556686905,-0.0014418556686905,0.9901820107913802,hold
2024-02-29,-1,-1,0.0161921687000685,-0.0161921687000685,0.9741488166288732,hold
2024-03-01,0,-1,0.0029925402887358,-0.0029925402887358,0.971233637047887,hold
2024-03-04,0,-1,-0.0022002905070378,0.0022002905070378,0.9733706331995993,hold
2024-03-05,-1,-1,0.0052669715420341,-0.0052669715420341,0.9682439177746852,hold
2024-03-06,-1,-1,0.000867667346212,-0.000867667346212,0.9674038041440637,hold
2024-03-07,-1,-1,-0.0071531788017711,0.0071531788017711,0.9743238165286198,hold
2024-03-11,-1,-1,0.000136518866846,-0.000136518866846,0.9741908029452463,hold
2024-03-12,-1,-1,-0.0151327252704165,0.0151327252704165,0.9889329647271832,hold
2024-03-13,0,-1,0.0067712159528048,-0.0067712159528048,0.9822366860601679,hold
2024-03-14,0,-1,-0.0055674686273187,0.0055674686273187,0.9877052579944092,hold
2024-03-15,0,-1,0.0014688778023679,-0.0014688778023679,0.9862544396656592,hold
2024-03-18,-1,-1,-0.0108021966402886,0.0108021966402886,0.9969081540602853,hold
2024-03-19,0,-1,0.0009923428906801,-0.0009923428906801,0.9959188793409426,hold
2024-03-20,-1,-1,0.0079146856998078,-0.0079146856998078,0.9880364944284542,hold
2024-03-21,0,-1,0.0038524885010076,-0.0038524885010076,0.9842300951950927,hold
2024-03-22,0,-1,-0.0041658063402989,0.0041658063402989,0.9883302071659695,hold
2024-03-26,-1,-1,0.0054057167831516,-0.0054057167831516,0.9829875739777968,hold
2024-03-27,1,1,0.0091870010785439,0.0091870010785439,0.9910352943061485,flip
2024-03-28,1,1,0.0060509791780918,0.0060509791780918,0.9970320282367491,hold
2024-04-01,1,1,-0.0003872860275131,-0.0003872860275131,0.9966458916632299,hold
2024-04-02,-1,-1,-0.0008306302403686,0.0008306302403686,0.9964770899881213,flip
2024-04-03,-1,-1,0.0035659124883635,-0.0035659124883635,0.9929237398885646,hold
2024-04-04,-1,-1,-4.224679746289706e-05,4.224679746289706e-05,0.9929656877366999,hold
2024-04-05,-1,-1,0.0067781647528144,-0.0067781647528144,0.9862352027113288,hold
2024-04-08,0,-1,-0.0010390218270411,0.0010390218270411,0.9872599226135421,hold
2024-04-09,-1,-1,0.0049044741142307,-0.0049044741142307,0.9824179318790667,hold
2024-04-10,-1,-1,-0.0103015928142499,0.0103015928142499,0.9925384013867022,hold
2024-04-12,-1,-1,-0.010963897188301,0.010963897188301,1.0034204903749466,hold
2024-04-15,-1,-1,-0.005594325260972,0.005594325260972,1.0090339509716282,hold
2024-04-16,-1,-1,-0.0068652458503182,0.0068652458503182,1.0159612171163663,hold
2024-04-18,-1,-1,0.0068717686886063,-0.0068717686886063,1.0089797666357478,hold
2024-04-19,-1,-1,0.0085519659829773,-0.0085519659829773,1.0003510059939666,hold
2024-04-22,0,-1,0.0014147135985376,-0.0014147135985376,0.9989357958224762,hold
2024-04-23,-1,-1,0.0015379287654238,-0.0015379287654238,0.9973995037272693,hold
2024-04-24,-1,-1,0.0074969296067168,-0.0074969296067168,0.9899220698580516,hold
2024-04-25,1,1,-0.0066636269808832,-0.0066636269808832,0.9823356763745158,flip
2024-04-26,-1,-1,0.0099666225688024,-0.0099666225688024,0.9715627717758473,flip
2024-04-29,1,1,-0.0017025173156396,-0.0017025173156396,0.9689371065618922,flip
2024-04-30,-1,-1,0.001917712797214,-0.001917712797214,0.9661100263663811,flip
2024-05-02,-1,-1,-0.0076098592965534,0.0076098592965534,0.9734619877320188,hold
2024-05-03,0,-1,-0.0014749338156797,0.0014749338156797,0.9748977797360034,hold
2024-05-06,-1,-1,-0.006246985595782,0.006246985595782,0.9809879521233742,hold
2024-05-07,0,-1,0.0,-0.0,0.9809879521233742,hold
2024-05-08,-1,-1,-0.0154691178119045,0.0154691178119045,0.9961629703268295,hold
2024-05-09,0,-1,0.004449469144939,-0.004449469144939,0.9917305739270295,hold
2024-05-10,0,-1,0.0022149680905385,-0.0022149680905385,0.9895339223513697,hold
2024-05-13,-1,-1,0.0051483245877055,-0.0051483245877055,0.9844394805285595,hold
2024-05-14,0,-1,-0.0007786004689536,0.0007786004689536,0.9852059655697555,hold
2024-05-15,-1,-1,0.0091573776762647,-0.0091573776762647,0.9761840624541243,hold
2024-05-16,1,1,0.002778540343975,0.002778540343975,0.9779202451923446,flip
2024-05-17,0,1,0.0028020516676037,0.0028020516676037,0.9806604282461692,hold
2024-05-21,0,1,0.00305161547495,0.00305161547495,0.9836530267846763,hold
2024-05-22,0,1,0.016366619608483,0.016366619608483,0.9997521017007941,hold
2024-05-23,0,1,-0.0004593757337192,-0.0004593757337192,0.999292839845538,hold
2024-05-24,-1,-1,-0.0010737589261899,0.0010737589261899,0.9993665466123545,flip
2024-05-27,-1,-1,-0.0019317094176221,0.0019317094176221,1.001297032382102,hold
2024-05-28,-1,-1,-0.008015115627261,0.008015115627261,1.0093225438738778,hold
2024-05-29,-1,-1,-0.0095155996581792,0.0095155996581792,1.0189268531273568,hold
2024-05-30,-1,-1,0.0018697799732139,-0.0018697799732139,1.0170216841032094,hold
2024-05-31,-1,-1,0.0325423176953527,-0.0325423176953527,0.9839254413560602,hold
2024-06-03,0,-1,-0.0592935994164107,0.0592935994164107,1.0422659223314417,hold
2024-06-04,-1,-1,0.0336242367600356,-0.0336242367600356,1.0072205261920524,hold
2024-06-05,0,-1,0.0088880492442378,-0.0088880492442378,0.9982683005554503,hold
2024-06-06,0,-1,0.0205399314668071,-0.0205399314668071,0.9777639380765554,hold
2024-06-07,0,-1,-0.0013289382574128,0.0013289382574128,0.979063325980584,hold
2024-06-10,-1,-1,0.0002429314342191,-0.0002429314342191,0.9788254807226122,hold
2024-06-11,-1,-1,0.0024973129141392,-0.0024973129141392,0.976381047208915,hold
2024-06-12,-1,-1,0.003256499474515,-0.003256499474515,0.9732014628417528,hold
2024-06-13,-1,-1,0.0028505279152657,-0.0028505279152657,0.9704273249047449,hold
2024-06-14,-1,-1,0.0039334507869606,-0.0039334507869606,0.9666101967799102,hold
2024-06-18,-1,-1,-0.0017786131162043,0.0017786131162043,0.9683294223541598,hold
2024-06-19,-1,-1,0.0021687361796223,-0.0021687361796223,0.9662293713021075,hold
2024-06-20,-1,-1,-0.0027962995130903,0.0027962995130903,0.9689312380226132,hold
2024-06-21,-1,-1,0.001563756616109,-0.001563756616109,0.9674160653886007,hold
2024-06-24,-1,-1,0.0077938798539154,-0.0077938798539154,0.9598761408062143,hold
2024-06-25,0,-1,0.0062180401218379,-0.0062180401218379,0.9539075924506863,hold
2024-06-26,-1,-1,0.0073610408985447,-0.0073610408985447,0.9468858396492245,hold
2024-06-27,0,-1,-0.0014099020825968,0.0014099020825968,0.9482208559665274,hold
2024-06-28,-1,-1,0.0054704843490753,-0.0054704843490753,0.9430336286144958,hold
2024-07-01,0,-1,-0.0007497161563467,0.0007497161563467,0.9437406361618464,hold
2024-07-02,-1,-1,0.0067423066077227,-0.0067423066077227,0.937377647434676,hold
2024-07-03,0,-1,0.0006444070008029,-0.0006444070008029,0.9367735947162729,hold
2024-07-04,-1,-1,0.0008928929498506,-0.0008928929498506,0.9359371561779445,hold
2024-07-05,-1,-1,-0.0001356211363734,0.0001356211363734,0.9360640890386395,hold
2024-07-08,-1,-1,0.0046318209860134,-0.0046318209860134,0.9317284077467768,hold
2024-07-09,-1,-1,-0.0044509111977667,0.0044509111977667,0.9358754481500942,hold
2024-07-10,-1,-1,-0.0003494426502141,0.0003494426502141,0.9362024829469662,hold
2024-07-11,-1,-1,0.007657573644356,-0.007657573644356,0.9290334434877708,hold
2024-07-12,0,-1,0.0034506697076412,-0.0034506697076412,0.925827655926942,hold
2024-07-15,-1,-1,0.0010697158254551,-0.0010697158254551,0.924837283431753,hold
2024-07-16,-1,-1,0.0076321297434283,-0.0076321297434283,0.917778805293042,hold
2024-07-18,0,-1,-0.0108846762510892,0.0108846762510892,0.9277685304587683,hold
2024-07-19,-1,-1,-0.0008825762723847,0.0008825762723847,0.9285873569500165,hold
2024-07-22,-1,-1,-0.0012321559717249,0.0012321559717249,0.9297315214071508,hold
2024-07-23,-1,-1,-0.0026778318259059,0.0026778318259059,0.9322211860647228,hold
2024-07-24,-1,-1,-0.0003031269840456,0.0003031269840456,0.9325037674613181,hold
2024-07-25,-1,-1,0.0175673297602745,-0.0175673297602745,0.9161221662756268,hold
2024-07-26,1,1,5.03324972633834e-05,5.03324972633834e-05,0.9152521548257782,flip
2024-07-29,-1,-1,0.0008536433743,-0.0008536433743,0.9135556037331715,flip
2024-07-30,0,-1,0.0037755350108565,-0.0037755350108565,0.9101064425669128,hold
2024-07-31,-1,-1,0.0023946791656728,-0.0023946791656728,0.9079270296303532,hold
2024-08-01,-1,-1,-0.0117229354919546,0.0117229354919546,0.9185705996301118,hold
2024-08-02,0,-1,-0.0267864578946228,0.0267864578946228,0.9431758523203423,hold
2024-08-05,-1,-1,-0.0026209626510589,0.0026209626510589,0.9456478810026546,hold
2024-08-06,-1,-1,0.0127101624804444,-0.0127101624804444,0.9336285427858229,hold
2024-08-07,-1,-1,-0.007428747813561,0.007428747813561,0.9405642337817213,hold
2024-08-08,-1,-1,0.0103868640378157,-0.0103868640378157,0.9307947209665982,hold
2024-08-09,-1,-1,-0.0008412844977941,0.0008412844977941,0.931577784135976,hold
2024-08-12,-1,-1,-0.0085431469996303,0.0085431469996303,0.9395363900874395,hold
2024-08-13,-1,-1,0.0001967769998756,-0.0001967769998756,0.9393515109353241,hold
2024-08-14,-1,-1,0.0164597624902924,-0.0164597624902924,0.9238900081704314,hold
2024-08-16,0,-1,0.0012835584110202,-0.0012835584110202,0.9227041413795867,hold
2024-08-19,-1,-1,0.0051357593399101,-0.0051357593399101,0.9179653549675227,hold
2024-08-20,-1,-1,0.0028887826964991,-0.0028887826964991,0.915313552534107,hold
2024-08-21,-1,-1,0.0016673576536574,-0.0016673576536574,0.9137873974767928,hold
2024-08-22,-1,-1,0.0004695560778267,-0.0004695560778267,0.9133583230504662,hold
2024-08-23,-1,-1,0.007551387144671,-0.007551387144671,0.9064612007513047,hold
2024-08-26,-1,-1,0.000285894410237,-0.000285894410237,0.9062020485609131,hold
2024-08-27,-1,-1,0.0013830024432652,-0.0013830024432652,0.9049487689136615,hold
2024-08-28,-1,-1,0.0039756594063229,-0.0039756594063229,0.9013510008282896,hold
2024-08-29,-1,-1,0.0033377600735777,-0.0033377600735777,0.8983425074454456,hold
2024-08-30,-1,-1,0.0016959501132323,-0.0016959501132323,0.8968189633682221,hold
2024-09-02,-1,-1,4.550829989491412e-05,-4.550829989491412e-05,0.8967781506618857,hold
2024-09-03,-1,-1,-0.0032100820170585,0.0032100820170585,0.8996568820766163,hold
2024-09-04,-1,-1,-0.0021270784221717,0.0021270784221717,0.9015705228178397,hold
2024-09-05,-1,-1,-0.0116503502989019,0.0116503502989019,0.9120741352278315,hold
2024-09-06,-1,-1,0.0033900486950126,-0.0033900486950126,0.9089821594959477,hold
2024-09-09,-1,-1,0.0041986500501236,-0.0041986500501236,0.9051656615064185,hold
2024-09-10,-1,-1,-0.0048979634496194,0.0048979634496194,0.9095991298323275,hold
2024-09-11,-1,-1,0.0188796328272711,-0.0188796328272711,0.8924262322410879,hold
2024-09-12,1,1,-0.0012761636040355,-0.0012761636040355,0.8903949241319742,flip
2024-09-13,-1,-1,0.0010746751326089,-0.0010746751326089,0.8885476439246763,flip
2024-09-16,-1,-1,0.0013709866056039,-0.0013709866056039,0.8873294570064147,hold
2024-09-17,0,-1,-0.0016129951842196,0.0016129951842196,0.8887607151473823,hold
2024-09-18,-1,-1,0.0015072376499098,-0.0015072376499098,0.8874211415357515,hold
2024-09-19,-1,-1,0.0147604413777415,-0.0147604413777415,0.8743224137987446,hold
2024-09-20,1,1,0.0057423850996662,0.0057423850996662,0.8784687873862482,flip
2024-09-23,-1,-1,5.203002169906768e-05,-5.203002169906768e-05,0.8775446118487923,flip
2024-09-24,-1,-1,0.0024575565157058,-0.0024575565157058,0.8753879963701208,hold
2024-09-25,-1,-1,0.008148714241454,-0.008148714241454,0.8682547097373017,hold
2024-09-26,0,-1,-0.0014152231703233,0.0014152231703233,0.8694834839202642,hold
2024-09-27,-1,-1,-0.0140609008520233,0.0140609008520233,0.8817092049801389,hold
2024-09-30,0,-1,-0.0005404401234794,0.0005404401234794,0.8821857160117513,hold
2024-10-01,-1,-1,-0.0211963752609873,0.0211963752609873,0.9008848554982193,hold
2024-10-03,0,-1,-0.0093266958801446,0.0093266958801446,0.9092871345684792,hold
2024-10-04,-1,-1,-0.0087488751686026,0.0087488751686026,0.9172423742012352,hold
2024-10-07,-1,-1,0.0087676473034692,-0.0087676473034692,0.909200316572442,hold
2024-10-08,-1,-1,-0.0012473907279866,0.0012473907279866,0.910334444617217,hold
2024-10-09,-1,-1,0.0006604768849507,-0.0006604768849507,0.9097331897589729,hold
2024-10-10,-1,-1,-0.0013680536120755,0.0013680536120755,0.9109777535352476,hold
2024-10-11,-1,-1,0.0065573457544287,-0.0065573457544287,0.9050041574307243,hold
2024-10-14,0,-1,-0.0028096049048969,0.0028096049048969,0.9075468615503938,hold
2024-10-15,-1,-1,-0.0034340754096676,0.0034340754096676,0.910663445910765,hold
2024-10-16,-1,-1,-0.0088682273228345,0.0088682273228345,0.9187394163636974,hold
2024-10-17,0,-1,0.0042101739412401,-0.0042101739412401,0.9148713636141328,hold
2024-10-18,-1,-1,-0.0029351823779982,0.0029351823779982,0.9175566779187482,hold
2024-10-21,-1,-1,-0.0124691803378693,0.0124691803378693,0.9289978576059333,hold
2024-10-22,0,-1,-0.0014955647434917,0.0014955647434917,0.9303872340485482,hold
2024-10-23,-1,-1,-0.0014773427748562,0.0014773427748562,0.9317617349065883,hold
2024-10-24,-1,-1,-0.0089592205494931,0.0089592205494931,0.9401095937891947,hold
2024-10-25,0,-1,0.0065485676346082,-0.0065485676346082,0.9339532225303221,hold
2024-10-28,-1,-1,0.0052466588480091,-0.0052466588480091,0.9290530885917068,hold
2024-10-29,0,-1,-0.0051498252538292,0.0051498252538292,0.9338375496494843,hold
2024-10-30,-1,-1,-0.005566773640794,0.005566773640794,0.9390360119056568,hold
2024-10-31,0,-1,0.0040900049616161,-0.0040900049616161,0.9351953499578265,hold
2024-11-01,-1,-1,-0.0127137736646451,0.0127137736646451,0.9470852119694187,hold
2024-11-04,0,-1,0.0090830588186072,-0.0090830588186072,0.9384827812828674,hold
2024-11-05,-1,-1,0.0111818707596305,-0.0111818707596305,0.9279887881124238,hold
2024-11-06,0,-1,-0.0116280257061476,0.0116280257061476,0.9387794655956119,hold
2024-11-07,-1,-1,-0.0021137093124677,0.0021137093124677,0.9407637724943948,hold
2024-11-08,-1,-1,-0.0002856708874028,0.0002856708874028,0.9410325213161197,hold
2024-11-11,-1,-1,-0.0106809307765333,0.0106809307765333,0.9510836245347637,hold
2024-11-12,0,-1,-0.0135825623229214,0.0135825623229214,0.964001777139317,hold
2024-11-13,0,-1,-0.0011185324376894,0.0011185324376894,0.9650800443970377,hold
2024-11-14,-1,-1,-0.0033527151631265,0.0033527151631265,0.9683156828955184,hold
2024-11-18,-1,-1,0.0027585814066317,-0.0027585814066317,0.965644505256933,hold
2024-11-19,-1,-1,-0.0071688079331164,0.0071688079331164,0.9725670252467893,hold
2024-11-21,0,-1,0.0238694641112378,-0.0238694641112378,0.9493523715418878,hold
2024-11-22,0,-1,0.0131612958673623,-0.0131612958673623,0.9368576640976429,hold
2024-11-25,0,-1,-0.0011312238174179,0.0011312238174179,0.9379174598008007,hold
2024-11-26,-1,-1,0.0033230854378061,-0.0033230854378061,0.9348006799482725,hold
2024-11-27,-1,-1,-0.0148610290544929,0.0148610290544929,0.9486927800131435,hold
2024-11-28,-1,-1,0.0090720019405352,-0.0090720019405352,0.9400862372718926,hold
2024-11-29,0,-1,0.0060068200049485,-0.0060068200049485,0.9344393084554711,hold
2024-12-02,0,-1,0.0074600111445999,-0.0074600111445999,0.927468380800441,hold
2024-12-03,0,-1,0.0004210968146538,-0.0004210968146538,0.9270778268195938,hold
2024-12-04,-1,-1,0.0098478255628851,-0.0098478255628851,0.9179481260978558,hold
2024-12-05,0,-1,-0.0012384293961259,0.0012384293961259,0.919084940041334,hold
2024-12-06,-1,-1,-0.0023827399277279,0.0023827399277279,0.9212748804249439,hold
2024-12-09,-1,-1,-0.00036350862139,0.00036350862139,0.9216097717866484,hold
2024-12-10,-1,-1,0.0012901233029631,-0.0012901233029631,0.9204207815438279,hold
2024-12-11,-1,-1,-0.0037781963796591,0.0037781963796591,0.9238983120084198,hold
2024-12-12,-1,-1,0.0089455478085889,-0.0089455478085889,0.9156335354880738,hold
2024-12-13,0,-1,-0.0040394689217332,0.0040394689217332,0.9193322086983745,hold
2024-12-16,-1,-1,-0.0134687300477334,0.0134687300477334,0.9317144460415194,hold
2024-12-17,0,-1,-0.0056356998120069,0.0056356998120069,0.9369653089699197,hold
2024-12-18,-1,-1,-0.010213311567061,0.010213311567061,0.9465348275979572,hold
2024-12-19,-1,-1,-0.0152055691508056,0.0152055691508056,0.9609274283726437,hold
2024-12-20,-1,-1,0.0070354729729729,-0.0070354729729729,0.9541668494213396,hold
2024-12-23,-1,-1,-0.0010861087115143,0.0010861087115143,0.9552031783487342,hold
2024-12-24,-1,-1,0.0009503186263191,-0.0009503186263191,0.9542954309764302,hold
2024-12-26,-1,-1,0.002661079652128,-0.002661079652128,0.95175597482294,hold
2024-12-27,-1,-1,-0.0070758479358679,0.0070758479358679,0.9584904553728409,hold
2024-12-30,-1,-1,-4.212721278373799e-06,4.212721278373799e-06,0.9584944932259776,hold
2024-12-31,-1,-1,0.0041488871182535,-0.0041488871182535,0.9545178077701154,hold
2025-01-01,-1,-1,0.0187740331916654,-0.0187740331916654,0.9365976587650036,hold
2025-01-02,0,-1,-0.0076027553276091,0.0076027553276091,0.9437183816050053,hold
2025-01-03,-1,-1,-0.0161925959966257,0.0161925959966257,0.9589996320929245,hold
2025-01-06,-1,-1,0.0038892874268343,-0.0038892874268343,0.9552698068814868,hold
2025-01-07,-1,-1,-0.0007993610384197,0.0007993610384197,0.9560334123462865,hold
2025-01-08,-1,-1,-0.0068575949591475,0.0068575949591475,0.9625895022555688,hold
2025-01-09,0,-1,-0.0040379997024632,0.0040379997024632,0.9664764383792709,hold
2025-01-10,-1,-1,-0.0147472753024774,0.0147472753024774,0.9807293324894077,hold
2025-01-13,0,-1,0.0039028744993869,-0.0039028744993869,0.9769016689868342,hold
2025-01-14,-1,-1,0.0016028803979861,-0.0016028803979861,0.9753358124508553,hold
2025-01-15,-1,-1,0.0042476507253836,-0.0042476507253836,0.9711929265796059,hold
2025-01-16,-1,-1,-0.0046586517926727,0.0046586517926727,0.9757173762480471,hold
2025-01-17,0,-1,0.0061004855371675,-0.0061004855371675,0.9697650265058829,hold
2025-01-20,-1,-1,-0.0137118456772935,0.0137118456772935,0.9830622948925681,hold
2025-01-21,0,-1,0.0056764909144164,-0.0056764909144164,0.9774819507073051,hold
2025-01-22,-1,-1,0.0021593282262408,-0.0021593282262408,0.975371246340502,hold
2025-01-23,-1,-1,-0.0048760476583936,0.0048760476583936,0.980127203022285,hold
2025-01-24,-1,-1,-0.0113912419355629,0.0113912419355629,0.9912920691195384,hold
2025-01-27,0,-1,0.0056112298172781,-0.0056112298172781,0.9857297015036635,hold
2025-01-28,0,-1,0.0089666492883511,-0.0089666492883511,0.9768910089771691,hold
2025-01-29,0,-1,0.0037300875997627,-0.0037300875997627,0.9732471199382637,hold
2025-01-30,-1,-1,0.0111357401503258,-0.0111357401503258,0.9624092929085782,hold
2025-01-31,1,1,-0.0011166221250199,-0.0011166221250199,0.9603722361058832,flip
2025-02-01,-1,-1,-0.0051570919766934,0.0051570919766934,0.9643645918232382,flip
2025-02-03,-1,-1,0.0161893068206311,-0.0161893068206311,0.9487521975592591,hold
2025-02-04,1,1,-0.0018092070621439,-0.0018092070621439,0.9460869561856511,flip
2025-02-05,-1,-1,-0.0039226026346081,0.0039226026346081,0.9488519924163679,flip
2025-02-06,-1,-1,-0.0018387386257991,0.0018387386257991,0.9505966832249904,hold
2025-02-07,-1,-1,-0.0075700336923079,0.0075700336923079,0.9577927321447997,hold
2025-02-10,-1,-1,-0.0132496849360461,0.0132496849360461,0.9704831840797531,hold
2025-02-11,0,-1,-0.0011507892904301,0.0011507892904301,0.9716000057345345,hold
2025-02-12,-1,-1,-0.0006009745771905,0.0006009745771905,0.9721839126371791,hold
2025-02-13,-1,-1,-0.0044352661537063,0.0044352661537063,0.9764958070400765,hold
2025-02-14,-1,-1,0.0013192755977626,-0.0013192755977626,0.9752075399505311,hold
2025-02-17,-1,-1,-0.0006184463402948,0.0006184463402948,0.9758106534846414,hold
2025-02-18,-1,-1,-0.0005404326900405,0.0005404326900405,0.9763380134610742,hold
2025-02-19,-1,-1,-0.0008612081186238,0.0008612081186238,0.977178843684788,hold
2025-02-20,-1,-1,-0.0051171487988824,0.0051171487988824,0.9821792132310428,hold
2025-02-21,0,-1,-0.0106401053300685,0.0106401053300685,0.9926297035128249,hold
2025-02-24,0,-1,-0.0002571160481895,0.0002571160481895,0.9928849245395076,hold
2025-02-25,-1,-1,-0.0001108767876499,0.0001108767876499,0.9929950124304465,hold
2025-02-27,-1,-1,-0.0186449596666951,0.0186449596666951,1.0115093643864417,hold
2025-02-28,0,-1,-0.0002440004922383,0.0002440004922383,1.0117561731692557,hold
2025-03-03,-1,-1,-0.0016569416451024,0.0016569416451024,1.0134325941072693,hold
2025-03-04,-1,-1,0.0115316950692254,-0.0115316950692254,1.0017459984588102,hold
2025-03-05,0,-1,0.009284847776867,-0.009284847776867,0.9924449393520345,hold
2025-03-06,0,-1,0.0003460139864501,-0.0003460139864501,0.9921015395222371,hold
2025-03-07,-1,-1,-0.0040882039130917,0.0040882039130917,0.9961574529182962,hold
2025-03-10,-1,-1,0.001674047455606,-0.001674047455606,0.9944898380688554,hold
2025-03-11,-1,-1,-0.0012179087892316,0.0012179087892316,0.9957010359834411,hold
2025-03-12,-1,-1,-0.0032620894617386,0.0032620894617386,0.9989491018399648,hold
2025-03-13,-1,-1,0.0049805683362682,-0.0049805683362682,0.9939737675737971,hold
2025-03-17,-1,-1,0.0144632989948354,-0.0144632989948354,0.9795976277803542,hold
2025-03-18,-1,-1,0.0032100316461272,-0.0032100316461272,0.9764530883947081,hold
2025-03-19,-1,-1,0.01235619558909,-0.01235619558909,0.9643878430509322,hold
2025-03-20,0,-1,0.0068885519512889,-0.0068885519512889,0.9577446072928844,hold
2025-03-21,0,-1,0.0131881772302988,-0.0131881772302988,0.9451137016705429,hold
2025-03-24,0,-1,0.0004353972876416,-0.0004353972876416,0.9447022017283225,hold
2025-03-25,-1,-1,-0.0076810793285454,0.0076810793285454,0.9519585342816492,hold
2025-03-26,-1,-1,0.0044748278770025,-0.0044748278770025,0.9476986836946952,hold
2025-03-27,-1,-1,-0.0030773044101545,0.0030773044101545,0.9506150410335265,hold
2025-03-28,-1,-1,-0.0150365718652369,0.0150365718652369,0.9649090324142023,hold
2025-04-01,0,-1,0.0071938424586863,-0.0071938424586863,0.9579676288480512,hold
2025-04-02,0,-1,-0.0035251486188494,0.0035251486188494,0.9613446071117874,hold
2025-04-03,-1,-1,-0.0148666197750665,0.0148666197750665,0.9756365518585289,hold
2025-04-04,0,-1,-0.0324325462830553,0.0324325462830553,1.0072789294821212,hold
2025-04-07,-1,-1,0.0168873189028142,-0.0168873189028142,0.9902686889758713,hold
2025-04-08,-1,-1,-0.0060658560080705,0.0060658560080705,0.9962755162524995,hold
2025-04-09,0,-1,0.0191703874091904,-0.0191703874091904,0.977176528639648,hold
2025-04-11,0,-1,0.0219023977821084,-0.0219023977821084,0.9557740196060426,hold
2025-04-15,1,1,0.004657316201027,0.004657316201027,0.9592695874124686,flip
2025-04-16,0,1,0.0176834769379541,0.0176834769379541,0.9762328090387578,hold
2025-04-17,0,1,0.0114834984640164,0.0114834984640164,0.9874433770018768,hold
2025-04-21,0,1,0.0017284255654137,0.0017284255654137,0.9891500993790853,hold
2025-04-22,-1,-1,0.0066908406521222,-0.0066908406521222,0.9815427035837299,flip
2025-04-23,0,-1,-0.0033807460922566,0.0033807460922566,0.9848610502432535,hold
2025-04-24,-1,-1,-0.0085516633626838,0.0085516633626838,0.9932832504039532,hold
2025-04-25,-1,-1,0.0120282118827472,-0.0120282118827472,0.9813358290085106,hold
2025-04-28,0,-1,0.0003061930965739,-0.0003061930965739,0.9810353507522476,hold
2025-04-29,-1,-1,-7.191007773188485e-05,7.191007773188485e-05,0.981105897080578,hold
2025-04-30,-1,-1,0.0005136803511647,-0.0005136803511647,0.9806019222588359,hold
2025-05-02,-1,-1,0.0047008906976129,-0.0047008906976129,0.975992219804428,hold
2025-05-05,-1,-1,-0.0033338898599493,0.0033338898599493,0.9792460703694233,hold
2025-05-06,-1,-1,0.0014274549954715,-0.0014274549954715,0.9778482406744787,hold
2025-05-07,-1,-1,-0.0057588802970967,0.0057588802970967,0.9834795516412497,hold
2025-05-08,-1,-1,-0.0109501096942064,0.0109501096942064,0.9942487606137302,hold
2025-05-09,0,-1,0.0381830730902199,-0.0381830730902199,0.9562852875173555,hold
2025-05-12,0,-1,-0.0138958390765435,0.0138958390765435,0.9695736739839629,hold
2025-05-13,-1,-1,0.0036027960647213,-0.0036027960647213,0.9660804977668761,hold
2025-05-14,-1,-1,0.0160214381414618,-0.0160214381414618,0.9506024988322315,hold
2025-05-15,0,-1,-0.0016877607536591,0.0016877607536591,0.9522068884220909,hold
2025-05-16,-1,-1,-0.0029717088137536,0.0029717088137536,0.9550365700249316,hold
2025-05-19,-1,-1,-0.0104848313546668,0.0104848313546668,0.9650499673991825,hold
2025-05-20,-1,-1,0.0052483127088862,-0.0052483127088862,0.9599850833905712,hold
2025-05-21,0,-1,-0.0082112727740422,0.0082112727740422,0.9678677827693029,hold
2025-05-22,-1,-1,0.0098924887180058,-0.0098924887180058,0.9582931616477361,hold
2025-05-23,0,-1,0.0059549794562796,-0.0059549794562796,0.9525865455570306,hold
2025-05-26,-1,-1,-0.0069977248703164,0.0069977248703164,0.9592524841180038,hold
2025-05-27,-1,-1,-0.0029706520659956,0.0029706520659956,0.9621020894917603,hold
2025-05-28,-1,-1,0.0032784792287758,-0.0032784792287758,0.9589478577753998,hold
2025-05-29,-1,-1,-0.0033382349691143,0.0033382349691143,0.9621490510477828,hold
2025-05-30,-1,-1,-0.0013777230725331,0.0013777230725331,0.9634746259946272,hold
2025-06-02,-1,-1,-0.0070438333802584,0.0070438333802584,0.9702611807262402,hold
2025-06-03,-1,-1,0.0031659048079861,-0.0031659048079861,0.9671894261891768,hold
2025-06-04,-1,-1,0.0053086967621067,-0.0053086967621067,0.9620549108140225,hold
2025-06-05,0,-1,0.0101875239545026,-0.0101875239545026,0.9522539533645578,hold
2025-06-06,1,1,0.0040054487100871,0.0040054487100871,0.9551159037803727,flip
2025-06-09,0,1,4.18584595869298e-05,4.18584595869298e-05,0.9551558834608319,hold
2025-06-10,-1,-1,0.0014798446727146,-0.0014798446727146,0.9527872452316196,flip
2025-06-11,0,-1,-0.0100710846627866,0.0100710846627866,0.9623828462439704,hold
2025-06-12,-1,-1,-0.0068144588479197,0.0068144588479197,0.9689409645456438,hold
2025-06-13,0,-1,0.0092197937677085,-0.0092197937677085,0.9600075286794484,hold
2025-06-16,0,-1,-0.0037319707924959,0.0037319707924959,0.9635902487370562,hold
2025-06-17,-1,-1,-0.0016637405234334,0.0016637405234334,0.9651934128818653,hold
2025-06-18,-1,-1,-0.0007577278241026,0.0007577278241026,0.9659247667864466,hold
2025-06-19,-1,-1,0.0128724709598377,-0.0128724709598377,0.9534909282766001,hold
2025-06-20,0,-1,-0.0055948454872697,0.0055948454872697,0.9588255626938209,hold
2025-06-23,-1,-1,0.0029012296868362,-0.0029012296868362,0.9560437895068362,hold
2025-06-24,-1,-1,0.0080018205204253,-0.0080018205204253,0.9483936986935353,hold
2025-06-25,0,-1,0.0120520108141297,-0.0120520108141297,0.9369636475808284,hold
2025-06-26,0,-1,0.003475704773181,-0.003475704773181,0.9337070385586346,hold
2025-06-27,-1,-1,-0.0047098423546652,0.0047098423546652,0.938104651515687,hold
2025-06-30,-1,-1,0.0009699396772837,-0.0009699396772837,0.9371947465927376,hold
2025-07-01,-1,-1,-0.0034610085397696,0.0034610085397696,0.9404383856141222,hold
2025-07-02,-1,-1,-0.0018897125192245,0.0018897125192245,0.9422155438049765,hold
2025-07-03,-1,-1,0.0021924250859925,-0.0021924250859925,0.9401498068103264,hold
2025-07-04,-1,-1,1.1813410706551508e-05,-1.1813410706551508e-05,0.940138700434533,hold
2025-07-07,-1,-1,0.0024036171315751,-0.0024036171315751,0.9378789669481118,hold
2025-07-08,-1,-1,-0.0018180190273288,0.0018180190273288,0.9395840487553548,hold
2025-07-09,-1,-1,-0.004743646446198,0.004743646446198,0.9440411032891376,hold
2025-07-10,-1,-1,-0.008100901810276,0.008100901810276,0.9516886875717475,hold
2025-07-11,-1,-1,-0.0026858541571485,0.0026858541571485,0.9542447845895732,hold
2025-07-14,-1,-1,0.0045251032187942,-0.0045251032187942,0.9499267284433094,hold
2025-07-15,0,-1,0.0006449487413033,-0.0006449487413033,0.9493140743954696,hold
2025-07-16,-1,-1,-0.0039902173517283,0.0039902173517283,0.9531020438873623,hold
2025-07-17,-1,-1,-0.0056965580472427,0.0056965580472427,0.9585314450053124,hold
2025-07-18,0,-1,0.0048981443028652,-0.0048981443028652,0.9538364196688425,hold
2025-07-21,0,-1,-0.0011876443882732,0.0011876443882732,0.9549692381399928,hold
2025-07-22,-1,-1,0.0063445445902445,-0.0063445445902445,0.9489103932263018,hold
2025-07-23,0,-1,-0.006256994627491,0.006256994627491,0.9548477204586892,hold
2025-07-24,-1,-1,-0.0089816740370306,0.0089816740370306,0.9634238514388508,hold
2025-07-25,0,-1,-0.0062849623293875,0.0062849623293875,0.9694789340523774,hold
2025-07-28,0,-1,0.0056804742343701,-0.0056804742343701,0.9639718339467283,hold
2025-07-29,0,-1,0.0013678351245234,-0.0013678351245234,0.9626532794132047,hold
2025-07-30,-1,-1,-0.0034882717656889,0.0034882717656889,0.9660112756679297,hold
2025-07-31,-1,-1,-0.0081959437427822,0.0081959437427822,0.9739286497381971,hold
2025-08-01,0,-1,0.0064074150430544,-0.0064074150430544,0.967688284657003,hold
2025-08-04,0,-1,-0.0029608040671041,0.0029608040671041,0.9705534200659044,hold
2025-08-05,0,-1,-0.0030569142281212,0.0030569142281212,0.9735203186248556,hold
2025-08-06,-1,-1,0.0008932609229541,-0.0008932609229541,0.9726507109665262,hold
2025-08-07,-1,-1,-0.0094669127354072,0.0094669127354072,0.9818587103692781,hold
2025-08-08,0,-1,0.0091018044718578,-0.0091018044718578,0.9729220243685064,hold
2025-08-11,0,-1,-0.0039719417907191,0.0039719417907191,0.9767864140162067,hold
2025-08-12,0,-1,0.0053884535167121,-0.0053884535167121,0.9715230458285244,hold
2025-08-13,0,-1,0.000485438164071,-0.000485438164071,0.9710514314648048,hold
2025-08-14,-1,-1,0.0099730192766349,-0.0099730192766349,0.9613671168202024,hold
2025-08-18,1,1,0.0041685646806257,0.0041685646806257,0.964413270711674,flip
2025-08-19,0,1,0.0027981813736617,0.0027981813736617,0.9671118739622916,hold
2025-08-20,-1,-1,0.0013252889742787,-0.0013252889742787,0.964863059384873,flip
2025-08-21,0,-1,-0.0085174820600987,0.0085174820600987,0.9730812631836355,hold
2025-08-22,-1,-1,0.0039264173509054,-0.0039264173509054,0.9692605400280304,hold
2025-08-25,0,-1,-0.0102411798720348,0.0102411798720348,0.979186911561323,hold
2025-08-26,0,-1,-0.0085444301039235,0.0085444301039235,0.9875535056858354,hold
2025-08-28,0,-1,-0.0030223697933294,0.0030223697933294,0.9905382575707168,hold
2025-08-29,-1,-1,0.0081140701746054,-0.0081140701746054,0.9825009606381566,hold
2025-09-01,0,-1,-0.0018457290617897,0.0018457290617897,0.9843143912144428,hold
2025-09-02,-1,-1,0.005510715147017,-0.005510715147017,0.9788901149893505,hold
2025-09-03,0,-1,0.0007788776228048,-0.0007788776228048,0.9781276793836005,hold
2025-09-04,-1,-1,0.0002708473067116,-0.0002708473067116,0.9778627561360194,hold
2025-09-05,-1,-1,0.0012994782193525,-0.0012994782193525,0.9765920447829046,hold
2025-09-08,-1,-1,0.0038529301782352,-0.0038529301782352,0.9728293038217362,hold
2025-09-09,0,-1,0.0042020862308871,-0.0042020862308871,0.9687413911991434,hold
2025-09-10,0,-1,0.0012974116602184,-0.0012974116602184,0.9674845348224654,hold
2025-09-11,0,-1,0.0043390454100098,-0.0043390454100098,0.9632865754923885,hold
2025-09-12,0,-1,-0.0017838966811339,0.0017838966811339,0.9650049792173901,hold
2025-09-15,-1,-1,0.0067772563910986,-0.0067772563910986,0.9584648930545471,hold
2025-09-16,0,-1,0.0036114755294653,-0.0036114755294653,0.955003420547429,hold
2025-09-17,-1,-1,0.0036853015416349,-0.0036853015416349,0.951483944969419,hold
2025-09-18,-1,-1,-0.0037976065391384,0.0037976065391384,0.95509730662072,hold
2025-09-19,-1,-1,-0.0049236357186648,0.0049236357186648,0.9597998578343984,hold
2025-09-22,-1,-1,-0.001303434397354,0.001303434397354,0.9610508939836752,hold
2025-09-23,-1,-1,-0.0044736530076083,0.0044736530076083,0.9653503022060099,hold
2025-09-24,-1,-1,-0.0066269482123226,0.0066269482123226,0.9717476286654793,hold
2025-09-25,-1,-1,-0.0094874379272315,0.0094874379272315,0.9809670239733773,hold
2025-09-26,0,-1,-0.0008030448049409,0.0008030448049409,0.9817547844457976,hold
2025-09-29,-1,-1,-0.0009661407544825,0.0009661407544825,0.9827032977539588,hold
2025-09-30,-1,-1,0.0091503904924759,-0.0091503904924759,0.9737111788412662,hold
2025-10-01,0,-1,0.0023332467769816,-0.0023332467769816,0.971439270371524,hold
2025-10-03,-1,-1,0.0073671787912872,-0.0073671787912872,0.9642825035818193,hold
2025-10-06,0,-1,0.0012222193924698,-0.0012222193924698,0.9631039388061223,hold
2025-10-07,-1,-1,-0.0024752925801897,0.0024752925801897,0.9654879028398006,hold
2025-10-08,-1,-1,0.0054160175719368,-0.0054160175719368,0.9602588033925278,hold
2025-10-09,1,1,0.004112050167679,0.004112050167679,0.9632471769626408,flip
2025-10-10,-1,-1,-0.0022938183927065,0.0022938183927065,0.9644934438769179,flip
2025-10-13,-1,-1,-0.0032444791324643,0.0032444791324643,0.9676227227289753,hold
2025-10-14,-1,-1,0.0070808208725219,-0.0070808208725219,0.9607711595571495,hold
2025-10-15,0,-1,0.0103362282114798,-0.0103362282114798,0.9508404095929587,hold
2025-10-16,1,1,0.0048679837376106,0.0048679837376106,0.9545182448343275,flip
2025-10-17,-1,-1,0.0051848137299641,-0.0051848137299641,0.9486147272881749,flip
2025-10-20,-1,-1,0.0009847568259027,-0.0009847568259027,0.947680572460326,hold
2025-10-21,-1,-1,0.0008814076368377,-0.0008814076368377,0.9468452795664767,hold
2025-10-23,-1,-1,-0.0037174505259611,0.0037174505259611,0.9503651300490049,hold
2025-10-24,-1,-1,0.0066252915000297,-0.0066252915000297,0.9440686840309667,hold
2025-10-27,0,-1,-0.001149638146805,0.001149638146805,0.9451540214033327,hold
2025-10-28,-1,-1,0.0045381040946781,-0.0045381040946781,0.9408648140687007,hold
2025-10-29,0,-1,-0.00675717564781,0.00675717564781,0.947222402878207,hold
2025-10-30,-1,-1,-0.0060186608373972,0.0060186608373972,0.9529234132587153,hold
2025-10-31,-1,-1,0.0016036793506921,-0.0016036793506921,0.9513952296580813,hold
2025-11-03,-1,-1,-0.0064315867797603,0.0064315867797603,0.9575142106394772,hold
2025-11-04,-1,-1,-0.0034359080045569,0.0034359080045569,0.9608041413802904,hold
2025-11-06,-1,-1,-0.0006820322478444,0.0006820322478444,0.9614594407885743,hold
2025-11-07,-1,-1,0.0032185728871263,-0.0032185728871263,0.9583649135003804,hold
2025-11-10,-1,-1,0.0047156471705849,-0.0047156471705849,0.9538456027076445,hold
2025-11-11,0,-1,0.0070384090258497,-0.0070384090258497,0.9471320472082799,hold
2025-11-12,1,1,0.0001294494962036,0.0001294494962036,0.9463075209274211,flip
2025-11-13,-1,-1,0.0011940264714482,-0.0011940264714482,0.9442312971763759,flip
2025-11-14,0,-1,0.0039906690408659,-0.0039906690408659,0.9404631825713174,hold
2025-11-17,0,-1,-0.0039748069020186,0.0039748069020186,0.9442013421204963,hold
2025-11-18,-1,-1,0.0055036406751542,-0.0055036406751542,0.9390047972084667,hold
2025-11-19,0,-1,0.0053545415882216,-0.0053545415882216,0.9339768569702744,hold
2025-11-20,0,-1,-0.0047342428227803,0.0047342428227803,0.9383985302020289,hold
2025-11-21,-1,-1,-0.004167936312968,0.004167936312968,0.9423097155120939,hold
2025-11-24,-1,-1,-0.002877529180069,0.002877529180069,0.9450212392151424,hold
2025-11-25,-1,-1,0.0123817835303625,-0.0123817835303625,0.9333201907995856,hold
2025-11-26,0,-1,0.0003911422381892,-0.0003911422381892,0.9329551298512091,hold
2025-11-27,-1,-1,-0.0004806903583736,0.0004806903583736,0.9334035923869238,hold
2025-11-28,-1,-1,-0.0010380212747401,0.0010380212747401,0.9343724851737403,hold
2025-12-01,-1,-1,-0.0054841133969418,0.0054841133969418,0.9394966898374154,hold
2025-12-02,-1,-1,-0.0017746951904364,0.0017746951904364,0.9411640100943008,hold
2025-12-03,-1,-1,0.0018375278996383,-0.0018375278996383,0.939434594967617,hold
2025-12-04,-1,-1,0.0058654330916598,-0.0058654330916598,0.933924404206844,hold
2025-12-05,0,-1,-0.0086265394598917,0.0086265394598917,0.9419809399322902,hold
2025-12-08,0,-1,-0.0046570811090926,0.0046570811090926,0.9463678215727742,hold
2025-12-09,-1,-1,-0.0031598875909956,0.0031598875909956,0.9493582375086794,hold
2025-12-10,-1,-1,0.0054565875164998,-0.0054565875164998,0.9441779812012033,hold
2025-12-11,1,1,0.0057299900196514,0.0057299900196514,0.9486439336290597,flip
2025-12-12,1,1,-0.0007543469807149,-0.0007543469807149,0.9479283269419532,hold
2025-12-15,-1,-1,-0.0064240688375742,0.0064240688375742,0.9530699554403731,flip
2025-12-16,-1,-1,-0.0016066770334456,0.0016066770334456,0.954601231049046,hold
2025-12-17,-1,-1,-0.0001161955225689,0.0001161955225689,0.9547121514379326,hold
2025-12-18,-1,-1,0.0058433620360547,-0.0058433620360547,0.9491334226968601,hold
2025-12-19,1,1,0.0079333291061156,0.0079333291061156,0.9557140770820315,flip
2025-12-22,0,1,0.0001814888939914,0.0001814888939914,0.9558875285728532,hold
2025-12-23,0,1,-0.0013389838361685,-0.0013389838361685,0.9546076106228991,hold
2025-12-24,-1,-1,-0.003817552133005,0.003817552133005,0.9572972673323926,flip
2025-12-26,-1,-1,-0.0038476313101776,0.0038476313101776,0.9609805942713282,hold
2025-12-29,-1,-1,-0.0001252789885528,0.0001252789885528,0.9611009849481974,hold
2025-12-30,-1,-1,0.007353834224439,-0.007353834224439,0.9540332076319433,hold
2025-12-31,0,-1,0.0006487344669803,-0.0006487344669803,0.9534142934075087,hold
2026-01-01,-1,-1,0.0069607651702385,-0.0069607651702385,0.9467778004011502,hold
2026-01-02,0,-1,-0.002972058760474,0.002972058760474,0.9495916796570548,hold
2026-01-05,-1,-1,-0.0027276473171363,0.0027276473171363,0.9521818308544463,hold
