date,signal,position,market_return,pnl,equity,action
2020-01-01,-1,-1,0.0081838863379848,-0.0081838863379848,0.9915661136620152,enter
2020-01-02,0,-1,-0.0045227893866035,0.0045227893866035,0.9960507583570015,hold
2020-01-03,-1,-1,-0.0191058530729412,0.0191058530729412,1.015081157799362,hold
2020-01-06,0,-1,0.0049945920012428,-0.0049945920012428,1.010011241568005,hold
2020-01-07,0,-1,-0.0022899444111396,0.0022899444111396,1.0123241111658217,hold
2020-01-08,-1,-1,0.0158457581226116,-0.0158457581226116,0.9962830681586003,hold
2020-01-09,1,1,0.0033480474426501,0.0033480474426501,0.9991205296030251,flip
2020-01-10,0,1,0.0059354808073293,0.0059354808073293,1.0050507903306927,hold
2020-01-13,1,1,0.0026562202609821,0.0026562202609821,1.007720426603285,hold
2020-01-14,0,1,-0.0015369308543056,-0.0015369308543056,1.0061716299871244,hold
2020-01-15,0,1,0.0009884063018437,0.0009884063018437,1.00716613636694,hold
2020-01-16,-1,-1,-0.0002549788049855,0.0002549788049855,1.0069193593166292,flip
2020-01-17,-1,-1,-0.0103461939411514,0.0103461939411514,1.017337142291219,hold
2020-01-20,0,-1,-0.0044746183856623,0.0044746183856623,1.0218893377725324,hold
2020-01-21,0,-1,-0.0051725551893021,0.0051725551893021,1.0271751167695202,hold
2020-01-22,0,-1,0.0060667236352978,-0.0060667236352978,1.0209435292110247,hold
2020-01-23,1,1,0.0055745847042631,0.0055745847042631,1.0261243936282756,flip
2020-01-24,0,1,-0.0105525279121506,-0.0105525279121506,1.0152961873231747,hold
2020-01-27,0,1,-0.0052149678449129,-0.0052149678449129,1.0100014503532218,hold
2020-01-28,0,1,0.0061132563999481,0.0061132563999481,1.0161758481835506,hold
2020-01-29,1,1,-0.007724984155365,-0.007724984155365,1.008325905857268,hold
2020-01-30,0,1,-0.0061234148547233,-0.0061234148547233,1.0021515080269392,hold
2020-01-31,0,1,-0.0212503847193161,-0.0212503847193161,0.9808554029343239,hold
2020-02-03,0,1,0.0232108226866707,0.0232108226866707,1.0036218637730956,hold
2020-02-04,1,1,0.0091405004678344,0.0091405004678344,1.0127954698884425,hold
2020-02-05,1,1,0.0040366612301674,0.0040366612301674,1.0168837820958303,hold
2020-02-06,0,1,-0.0032625431230384,-0.0032625431230384,1.0135661549056243,hold
2020-02-07,-1,-1,-0.0055255147630383,0.0055255147630383,1.0186598465804184,flip
2020-02-10,0,-1,0.0063500303889789,-0.0063500303889789,1.0121913255986001,hold
2020-02-11,1,1,0.0077056964194832,0.0077056964194832,1.0194848690092981,flip
2020-02-12,0,1,-0.0021759994314084,-0.0021759994314084,1.0172664705140044,hold
2020-02-13,-1,-1,-0.0050268544351488,0.0050268544351488,1.021871487747779,flip
2020-02-14,0,-1,-0.0055847334602637,0.0055847334602637,1.0275783676374934,hold
2020-02-17,-1,-1,-0.0044247626186481,0.0044247626186481,1.032125157986347,hold
2020-02-18,1,1,0.011123651500938,0.011123651500938,1.0430900959701448,flip
2020-02-19,0,1,-0.0037152524595064,-0.0037152524595064,1.0392147529256048,hold
2020-02-20,-1,-1,-0.0208138687990014,0.0208138687990014,1.0603252250705222,flip
2020-02-24,0,-1,-0.0026628568617023,0.0026628568617023,1.063148719371737,hold
2020-02-25,0,-1,-0.0101204779385897,0.0101204779385897,1.0739082925315786,hold
2020-02-26,0,-1,-0.0038703767874727,0.0038703767874727,1.078064722258867,hold
2020-02-27,0,-1,-0.0370960786649383,0.0370960786649383,1.118056696001677,hold
2020-02-28,0,-1,-0.0061597518244916,0.0061597518244916,1.1249436477747583,hold
2020-03-02,0,-1,0.0153196474085468,-0.0153196474085468,1.1077099077363646,hold
2020-03-03,0,-1,-0.0046269501465237,0.0046269501465237,1.112835226256271,hold
2020-03-04,0,-1,0.0015998577904186,-0.0015998577904186,1.1110548481500928,hold
2020-03-05,-1,-1,-0.0248069753028219,0.0248069753028219,1.1386167583282327,hold
2020-03-06,0,-1,-0.0489560433359516,0.0489560433359516,1.1943589296919903,hold
2020-03-09,0,-1,0.0006649981756232,-0.0006649981756232,1.1935646831827058,hold
2020-03-11,0,-1,-0.0830193880106471,0.0830193880106471,1.2926536927316559,hold
2020-03-12,0,-1,0.0380650761268936,-0.0380650761268936,1.2434487315121152,hold
2020-03-13,0,-1,-0.0761210010667908,0.0761210010667908,1.3381012937300485,hold
2020-03-16,0,-1,-0.0250451840905282,0.0250451840905282,1.3716142869632915,hold
2020-03-17,0,-1,-0.055564540272715,0.055564540272715,1.4478274042498944,hold
2020-03-18,0,-1,-0.0242477817531284,0.0242477817531284,1.4829340071643442,hold
2020-03-19,0,-1,0.0583291468584656,-0.0583291468584656,1.3964357316790423,hold
2020-03-20,0,-1,-0.1298046607047124,0.1298046607047124,1.577699598025577,hold
2020-03-23,0,-1,0.0250714240251634,-0.0250714240251634,1.538144422419148,hold
2020-03-24,0,-1,0.0662474689466749,-0.0662474689466749,1.4362462475594344,hold
2020-03-25,0,-1,0.0389043564303894,-0.0389043564303894,1.380370011622573,hold
2020-03-26,1,1,0.0021755381634551,0.0021755381634551,1.3826828742567359,flip
2020-03-27,0,1,-0.0437805364308189,-0.0437805364308189,1.3221482763080694,hold
2020-03-30,1,1,0.0382377227133605,0.0382377227133605,1.372704215483485,hold
2020-03-31,1,1,-0.0400046750966822,-0.0400046750966822,1.3177896293392222,hold
2020-04-01,0,1,-0.0205965741867707,-0.0205965741867707,1.2906476774759799,hold
2020-04-03,0,1,0.0876321046711503,0.0876321046711503,1.403749849842132,hold
2020-04-07,0,1,-0.0049419024075071,-0.0049419024075071,1.3968126550796593,hold
2020-04-08,1,1,0.0415088316188025,0.0415088316188025,1.4547927163823735,hold
2020-04-09,1,1,-0.0129556707370791,-0.0129556707370791,1.4359449009582226,hold
2020-04-13,1,1,-0.0076218535626885,-0.0076218535626885,1.4250003391990298,hold
2020-04-15,-1,-1,0.0075627711647903,-0.0075627711647903,1.4135108875543194,flip
2020-04-16,0,-1,0.0304632818768748,-0.0304632818768748,1.3704507069507208,hold
2020-04-17,0,-1,-0.0005288143766692,0.0005288143766692,1.371175420987073,hold
2020-04-20,-1,-1,-0.0302746671440956,0.0302746671440956,1.4126873004536218,hold
2020-04-21,-1,-1,0.0229194177887257,-0.0229194177887257,1.380309330009698,hold
2020-04-22,0,-1,0.0137799558770148,-0.0137799558770148,1.3612887283455326,hold
2020-04-23,0,-1,-0.0171249415723349,0.0171249415723349,1.3846007182815279,hold
2020-04-24,-1,-1,0.0139713589754586,-0.0139713589754586,1.3652559646087388,hold
2020-04-27,1,1,0.0106224306488902,0.0106224306488902,1.3790756734284746,flip
2020-04-28,-1,-1,0.0183830135241964,-0.0183830135241964,1.3530345688362346,flip
2020-04-29,0,-1,0.032088303452139,-0.032088303452139,1.3096179850101834,hold
2020-04-30,0,-1,-0.057444839013135,0.057444839013135,1.3848487793277997,hold
2020-05-04,-1,-1,-0.0094582655216011,0.0094582655216011,1.3979470467899473,hold
2020-05-05,-1,-1,0.0070935934671216,-0.0070935934671216,1.3880305787514562,hold
2020-05-06,0,-1,-0.0077501195040513,0.0077501195040513,1.3987879816120574,hold
2020-05-07,1,1,0.0057016970693835,0.0057016970693835,1.406064052956698,flip
2020-05-08,1,1,-0.0013294930214019,-0.0013294930214019,1.4041947006106479,hold
2020-05-11,1,1,-0.0046162427183511,-0.0046162427183511,1.3977125970488067,hold
2020-05-12,1,1,0.0203337125303977,0.0203337125303977,1.4261332831973128,hold
2020-05-13,1,1,-0.0256619093732747,-0.0256619093732747,1.3895359801296927,hold
2020-05-14,0,1,-0.0006453627874545,-0.0006453627874545,1.3886392253162878,hold
2020-05-15,0,1,-0.0343225097032598,-0.0343225097032598,1.3409776420310424,hold
2020-05-18,0,1,0.0063298228402233,0.0063298228402233,1.3494657929377993,hold
2020-05-19,0,1,0.021111396826158,0.021111396826158,1.3779549007958352,hold
2020-05-20,1,1,0.0043787544510012,0.0043787544510012,1.3839886269509738,hold
2020-05-21,0,1,-0.0073575840768702,-0.0073575840768702,1.37380581426675,hold
2020-05-22,1,1,-0.0011284338094974,-0.0011284338094974,1.372255565338247,hold
2020-05-26,1,1,0.0316645047717616,0.0316645047717616,1.4157073582349764,hold
2020-05-27,0,1,0.0188030435364687,0.0188030435364687,1.4423269653267679,hold
2020-05-28,0,1,0.0095046626511057,0.0095046626511057,1.4560357965647919,hold
2020-05-29,0,1,0.0256620973194605,0.0256620973194605,1.4934007288768558,hold
2020-06-01,0,1,0.0155655279707429,0.0155655279707429,1.5166462996937164,hold
2020-06-02,0,1,0.0082622880359908,0.0082622880359908,1.5291772682705056,hold
2020-06-03,0,1,-0.0032251686810099,-0.0032251686810099,1.5242454136371673,hold
2020-06-04,-1,-1,0.0112722762414605,-0.0112722762414605,1.5063015755680513,flip
2020-06-05,0,-1,0.0024945207587225,-0.0024945207587225,1.5025440750189005,hold
2020-06-08,-1,-1,-0.0118810323499978,0.0118810323499978,1.5203958497814976,hold
2020-06-09,-1,-1,0.0069177285262014,-0.0069177285262014,1.5098781640403458,hold
2020-06-10,1,1,-0.021169158460066,-0.021169158460066,1.4771603748483622,flip
2020-06-11,0,1,0.0071602091117954,0.0071602091117954,1.4877371520239346,hold
2020-06-12,0,1,-0.0159632793948444,-0.0159632793948444,1.4639879882000864,hold
2020-06-15,0,1,0.010220386061458,0.010220386061458,1.4789505106288285,hold
2020-06-16,0,1,-0.0033134566648174,-0.0033134566648174,1.4740500722024503,hold
2020-06-17,1,1,0.0213031875518985,0.0213031875518985,1.5054520373514686,hold
2020-06-18,0,1,0.0151362754442923,0.0151362754442923,1.5282389740569915,hold
2020-06-19,0,1,0.0065206163504338,0.0065206163504338,1.5382040340985978,hold
2020-06-22,-1,-1,0.0154976919912916,-0.0154976919912916,1.5135963197413265,flip
2020-06-23,0,-1,-0.0158246772335498,0.0158246772335498,1.5375484929631218,hold
2020-06-24,1,1,-0.0015913572989929,-0.0015913572989929,1.534332929699808,flip
2020-06-25,1,1,0.0091457401473864,0.0091457401473864,1.5483655399744207,hold
2020-06-26,0,1,-0.0067995386087835,-0.0067995386087835,1.5378373687048548,hold
2020-06-29,1,1,-0.0009988732845714,-0.0009988732845714,1.53630126404124,hold
2020-06-30,1,1,0.0124198173347171,0.0124198173347171,1.5553818451117272,hold
2020-07-01,0,1,0.0116634525148986,0.0116634525148986,1.5735229674047233,hold
2020-07-02,0,1,0.0052739760448483,0.0052739760448483,1.5818216898408346,hold
2020-07-03,0,1,0.014735139974255,0.014735139974255,1.605130053854952,hold
2020-07-06,1,1,0.0033445902359812,0.0033445902359812,1.6104985561605554,hold
2020-07-07,-1,-1,-0.008694762073642,0.008694762073642,1.6236962086482352,flip
2020-07-08,-1,-1,0.0100600327219018,-0.0100600327219018,1.607361771658806,hold
2020-07-09,0,-1,-0.0041985110954393,0.0041985110954393,1.6141102978915003,hold
2020-07-10,-1,-1,0.0032178891492418,-0.0032178891492418,1.6089162698782358,hold
2020-07-13,-1,-1,-0.0180834960154004,0.0180834960154004,1.6380111008336917,hold
2020-07-14,1,1,0.0010229309240368,0.0010229309240368,1.6388676674922333,flip
2020-07-15,1,1,0.0114661616621005,0.0114661616621005,1.657659189110489,hold
2020-07-16,1,1,0.0150605912558696,0.0150605912558696,1.6826245165992184,hold
2020-07-17,0,1,0.0110533217609316,0.0110533217609316,1.7012231067840216,hold
2020-07-20,0,1,0.0127061568657644,0.0127061568657644,1.7228391144424826,hold
2020-07-21,1,1,-0.0026563094918139,-0.0026563094918139,1.7182627205499208,hold
2020-07-22,1,1,0.0074421598588463,0.0074421598588463,1.7310503063957494,hold
2020-07-23,1,1,-0.0018991484351116,-0.0018991484351116,1.7277627849152584,hold
2020-07-24,-1,-1,-0.0055699256988469,0.0055699256988469,1.7365224138600115,flip
2020-07-27,1,1,0.0151592736988444,0.0151592736988444,1.7619785712089635,flip
2020-07-28,1,1,-0.0086456143286032,-0.0086456143286032,1.7467451840270274,hold
2020-07-29,1,1,-0.0089887146807479,-0.0089887146807479,1.731044189947838,hold
2020-07-30,-1,-1,-0.0025851023723058,0.0025851023723058,1.7346535942948644,flip
2020-07-31,-1,-1,-0.0164222155452939,0.0164222155452939,1.7631404495167937,hold
2020-08-03,0,-1,0.0186979321613793,-0.0186979321613793,1.730173369000745,hold
2020-08-04,1,1,0.0005768586219327,0.0005768586219327,1.7303063477415914,flip
2020-08-05,0,1,0.0088725546683743,0.0088725546683743,1.7456585854049638,hold
2020-08-06,1,1,0.001241002448872,0.001241002448872,1.7478249519843458,hold
2020-08-07,0,1,0.005002705259437,0.005002705259437,1.7565688050642132,hold
2020-08-10,1,1,0.0046449787767293,0.0046449787767293,1.7647280298836012,hold
2020-08-11,1,1,-0.0012452735151247,-0.0012452735151247,1.762530460806589,hold
2020-08-12,-1,-1,-0.000703034473301,0.000703034473301,1.762888315250376,flip
2020-08-13,-1,-1,-0.0108004373788689,0.0108004373788689,1.7819282801051772,hold
2020-08-14,-1,-1,0.0061457110453491,-0.0061457110453491,1.770977063792115,hold
2020-08-17,1,1,0.0122920579350753,0.0122920579350753,1.7918605279300412,flip
2020-08-18,1,1,0.0020246002135075,0.0020246002135075,1.7954883291374641,hold
2020-08-19,1,1,-0.008432399987605,-0.008432399987605,1.7803480533731004,hold
2020-08-20,-1,-1,0.0052509160938571,-0.0052509160938571,1.7701094211002901,flip
2020-08-21,0,-1,0.0083410064718865,-0.0083410064718865,1.7553449269629453,hold
2020-08-24,1,1,0.0005058064691958,0.0005058064691958,1.7553551193191919,flip
2020-08-25,1,1,0.0067423225064831,0.0067423225064831,1.767190289647048,hold
2020-08-26,1,1,0.0008355606212675,0.0008355606212675,1.7686668842633635,hold
2020-08-27,0,1,0.0076431956549949,0.0076431956549949,1.7821851513082987,hold
2020-08-28,0,1,-0.0223307478019462,-0.0223307478019462,1.7423876241580598,hold
2020-08-31,-1,-1,0.0072667398463226,-0.0072667398463226,1.728854952769772,flip
2020-09-01,1,1,0.0056450382511279,0.0056450382511279,1.7377499776324246,flip
2020-09-02,1,1,-0.0006545127600779,-0.0006545127600779,1.736612598098239,hold
2020-09-03,-1,-1,-0.0167947449485598,0.0167947449485598,1.7649102574587054,flip
2020-09-04,-1,-1,0.0018705202595032,-0.0018705202595032,1.761608957065924,hold
2020-09-07,0,-1,-0.0033201259317187,0.0033201259317187,1.7674577206458262,hold
2020-09-08,-1,-1,-0.0034769279675166,0.0034769279675166,1.773603043826143,hold
2020-09-09,-1,-1,0.0151844298634509,-0.0151844298634509,1.7466718928015619,hold
2020-09-10,1,1,0.0013276149365679,0.0013276149365679,1.748117464549328,flip
2020-09-11,-1,-1,-0.0021283524468515,0.0021283524468515,1.7509640159001107,flip
2020-09-14,1,1,0.0071459479106903,0.0071459479106903,1.7626008315432762,flip
2020-09-15,0,1,0.0071820376506051,0.0071820376506051,1.775259897078408,hold
2020-09-16,0,1,-0.0076220272911209,-0.0076220272911209,1.7617288176940438,hold
2020-09-17,-1,-1,-0.0009681588767627,0.0009681588767627,1.762553586678496,flip
2020-09-18,-1,-1,-0.0221122548386738,0.0221122548386738,1.8015276207539497,hold
2020-09-21,-1,-1,-0.0086128603263573,0.0086128603263573,1.8170439265255782,hold
2020-09-22,-1,-1,-0.0019545871070447,0.0019545871070447,1.820595497157299,hold
2020-09-23,-1,-1,-0.0293122720965164,0.0293122720965164,1.8739612877476663,hold
2020-09-24,0,-1,0.0226457884823545,-0.0226457884823545,1.831523956801212,hold
2020-09-25,0,-1,0.0160448681873712,-0.0160448681873712,1.8021373963323242,hold
2020-09-28,1,1,-0.0004586409458945,-0.0004586409458945,1.8004097936340724,flip
2020-09-29,-1,-1,0.0022410013176423,-0.0022410013176423,1.7954748680174255,flip
2020-09-30,0,-1,0.0150610927327836,-0.0150610927327836,1.7684330545308327,hold
2020-10-01,1,1,0.0075676439490797,0.0075676439490797,1.7809317097080402,flip
2020-10-05,1,1,0.0138264754746197,0.0138264754746197,1.805555718314291,hold
2020-10-06,1,1,0.0065551872847253,0.0065551872847253,1.817391474200848,hold
2020-10-07,1,1,0.0081566766068399,0.0081566766068399,1.8322153487239323,hold
2020-10-08,1,1,0.0067260903253916,0.0067260903253916,1.8445389946550184,hold
2020-10-09,1,1,0.0014058853909966,0.0014058853909966,1.8471322050807275,hold
2020-10-12,1,1,0.0002975290843887,0.0002975290843887,1.84768178063445,hold
2020-10-13,-1,-1,0.0030625333853533,-0.0030625333853533,1.841099352605431,flip
2020-10-14,-1,-1,-0.0242836008583533,0.0242836008583533,1.885807874424674,hold
2020-10-15,-1,-1,0.007028949362235,-0.007028949362235,1.872552626368439,hold
2020-10-16,0,-1,0.0094027696218492,-0.0094027696218492,1.8549454454179082,hold
2020-10-19,1,1,0.0020003285078973,0.0020003285078973,1.857728472950263,flip
2020-10-20,1,1,0.0034337457642519,0.0034337457642519,1.864107440225386,hold
2020-10-21,1,1,-0.0034512817819539,-0.0034512817819539,1.8576738801773316,hold
2020-10-22,1,1,0.0028495402835257,0.0028495402835257,1.8629673967325506,hold
2020-10-23,-1,-1,-0.0136290733045432,0.0136290733045432,1.8874264322482264,flip
2020-10-26,0,-1,0.0103376083469652,-0.0103376083469652,1.8679149570079343,hold
2020-10-27,1,1,-0.0134406089457635,-0.0134406089457635,1.841875085048344,flip
2020-10-28,0,1,-0.0050129421843609,-0.0050129421843609,1.8326418717361819,hold
2020-10-29,0,1,-0.0024333734223676,-0.0024333734223676,1.828182369712781,hold
2020-10-30,0,1,0.0022976361491175,0.0022976361491175,1.8323828676126126,hold
2020-11-02,0,1,0.0123701901631991,0.0123701901631991,1.8550497921367688,hold
2020-11-03,1,1,0.008041647267956,0.008041647267956,1.869967448229628,hold
2020-11-04,1,1,0.0177855989156905,0.0177855989156905,1.9032259392492374,hold
2020-11-05,1,1,0.0118190145712895,0.0118190145712895,1.9257201943576805,hold
2020-11-06,0,1,0.0161046355374614,0.0161046355374614,1.9567332162349405,hold
2020-11-09,0,1,0.0136465071043638,0.0136465071043638,1.9834357899716353,hold
2020-11-10,0,1,0.0093460415087203,0.0093460415087203,2.001973063194592,hold
2020-11-11,0,1,-0.0045768215253314,-0.0045768215253314,1.9928103897858291,hold
2020-11-12,-1,-1,0.0022969703307613,-0.0022969703307613,1.9872365582507654,flip
2020-11-13,-1,-1,0.0121266198083733,-0.0121266198083733,1.9631380960395581,hold
2020-11-17,0,-1,0.0049750511655721,-0.0049750511655721,1.9533713835666775,hold
2020-11-18,0,-1,-0.0128726686134137,0.0128726686134137,1.9785164860662567,hold
2020-11-19,0,-1,0.0068393094137191,-0.0068393094137191,1.9649847996379053,hold
2020-11-20,0,-1,0.005241475198302,-0.005241475198302,1.9546853805455628,hold
2020-11-23,0,-1,0.0099563448098976,-0.0099563448098976,1.9352238589019852,hold
2020-11-24,0,-1,-0.0150706804680923,0.0150706804680923,1.9643889993137253,hold
2020-11-25,0,-1,0.0100012136399767,-0.0100012136399767,1.9447427252595686,hold
2020-11-26,0,-1,-0.0013898363507738,0.0013898363507738,1.9474455993920372,hold
2020-11-27,-1,-1,0.0108026946873185,-0.0108026946873185,1.9264079391616429,hold
2020-12-01,0,-1,0.0003585458429504,-0.0003585458429504,1.92571723360323,hold
2020-12-02,-1,-1,0.00153658492994,-0.00153658492994,1.9227582055227495,hold
2020-12-03,-1,-1,0.0094906623588735,-0.0094906623588735,1.9045099565963794,hold
2020-12-04,0,-1,0.0073311332494399,-0.0073311332494399,1.8905477403296864,hold
2020-12-07,1,1,0.0027853318093331,0.0027853318093331,1.8948682692177248,flip
2020-12-08,-1,-1,0.0101657522858669,-0.0101657522858669,1.8746580736438994,flip
2020-12-09,1,1,-0.0037548548058806,-0.0037548548058806,1.866681675729873,flip
2020-12-10,-1,-1,0.0026375585350264,-0.0026375585350264,1.8608248527060094,flip
2020-12-11,-1,-1,0.0032781762806703,-0.0032781762806703,1.8547247408113867,hold
2020-12-14,-1,-1,0.0007153791977927,-0.0007153791977927,1.8533979093141788,hold
2020-12-15,-1,-1,0.008464907059269,-0.008464907059269,1.8377090682679906,hold
2020-12-16,0,-1,0.0042389293905504,-0.0042389293905504,1.8299191492872284,hold
2020-12-17,-1,-1,0.0014445849987885,-0.0014445849987885,1.8272756755351722,hold
2020-12-18,-1,-1,-0.0314049525779333,0.0314049525779333,1.8846611814721652,hold
2020-12-21,0,-1,0.0103462838766079,-0.0103462838766079,1.865161941877431,hold
2020-12-22,0,-1,0.0100101591857162,-0.0100101591857162,1.8464913739320983,hold
2020-12-23,0,-1,0.0108925303747413,-0.0108925303747413,1.8263784105548453,hold
2020-12-24,0,-1,0.0090150513891666,-0.0090150513891666,1.809913515327629,hold
2020-12-28,0,-1,0.0042815942411449,-0.0042815942411449,1.8021642000434317,hold
2020-12-29,-1,-1,0.0035420946069744,-0.0035420946069744,1.7957807639495755,hold
2020-12-30,-1,-1,-1.4318125132972703e-05,1.4318125132972703e-05,1.7958064761632653,hold
2020-12-31,-1,-1,0.0026284263414808,-0.0026284263414808,1.7910863311171161,hold
2021-01-01,-1,-1,0.0081606727271106,-0.0081606727271106,1.776469861742868,hold
2021-01-04,0,-1,0.0047123808655142,-0.0047123808655142,1.7680984591582283,hold
2021-01-05,0,-1,-0.0037501320469031,0.0037501320469031,1.7747290618519975,hold
2021-01-06,-1,-1,-0.000629169612088,0.000629169612088,1.7758456674474041,hold
2021-01-07,-1,-1,0.014847223590326,-0.014847223590326,1.7494792897609008,hold
2021-01-08,0,-1,0.0095837181341371,-0.0095837181341371,1.7327127733663221,hold
2021-01-11,0,-1,0.0054333140242324,-0.0054333140242324,1.7232984007548242,hold
2021-01-12,-1,-1,9.609083312889231e-05,-9.609083312889231e-05,1.723132807575766,hold
2021-01-13,-1,-1,0.002111247340323,-0.002111247340323,1.7194948480187484,hold
2021-01-14,-1,-1,-0.0110923441582015,0.0110923441582015,1.7385680766512268,hold
2021-01-15,-1,-1,-0.0105586501425666,0.0105586501425666,1.756925008721622,hold
2021-01-18,0,-1,0.0167947308170628,-0.0167947308170628,1.7274179261343765,hold
2021-01-19,0,-1,0.008508265623863,-0.008508265623863,1.7127205955754028,hold
2021-01-20,0,-1,-0.0037112802046228,0.0037112802046228,1.7190769816178118,hold
2021-01-21,-1,-1,-0.0149721716475961,0.0149721716475961,1.744815297262025,hold
2021-01-22,0,-1,-0.0092541693433081,0.0092541693433081,1.7609621134956823,hold
2021-01-25,-1,-1,-0.0190604880418779,0.0190604880418779,1.7945269108021669,hold
2021-01-27,0,-1,-0.0107356502819043,0.0107356502819043,1.813792324138005,hold
2021-01-28,0,-1,-0.0132404223540728,0.0132404223540728,1.8378077005721674,hold
2021-01-29,0,-1,0.0474235111013383,-0.0474235111013383,1.750652406681958,hold
2021-02-01,0,-1,0.0256735714819573,-0.0256735714819573,1.7057069069789483,hold
2021-02-02,0,-1,0.0097011226717231,-0.0097011226717231,1.6891596350323401,hold
2021-02-03,0,-1,0.0071467580293813,-0.0071467580293813,1.677087619847766,hold
2021-02-04,0,-1,0.0019199973566108,-0.0019199973566108,1.6738676160508537,hold
2021-02-05,-1,-1,0.0128348027329681,-0.0128348027329681,1.6523838553977372,hold
2021-02-08,0,-1,-0.0004300136336804,0.0004300136336804,1.6530944029836316,hold
2021-02-09,-1,-1,-0.0001853034041081,0.0001853034041081,1.6534007270038167,hold
2021-02-10,-1,-1,0.0044219246475027,-0.0044219246475027,1.6460895135768796,hold
2021-02-11,0,-1,-0.0006590524229219,0.0006590524229219,1.6471743728591488,hold
2021-02-12,-1,-1,0.0099846598415338,-0.0099846598415338,1.6307278970464583,hold
2021-02-15,0,-1,-8.162092525865194e-05,8.162092525865194e-05,1.63086099856626,hold
2021-02-16,-1,-1,-0.0068273186874309,0.0068273186874309,1.6419954063383735,hold
2021-02-17,-1,-1,-0.0059143128695843,0.0059143128695843,1.6517066809018788,hold
2021-02-18,-1,-1,-0.0090747170630297,0.0090747170630297,1.666695451702179,hold
2021-02-19,0,-1,-0.0204281745915864,0.0204281745915864,1.7007429973805541,hold
2021-02-22,0,-1,0.0021872625461001,-0.0021872625461001,1.6970230259218415,hold
2021-02-23,-1,-1,0.0186431824578623,-0.0186431824578623,1.6653851160143869,hold
2021-02-24,0,-1,0.0076992130139501,-0.0076992130139501,1.6525629612559303,hold
2021-02-25,1,1,-0.0376356932475859,-0.0376356932475859,1.589541327093152,flip
2021-02-26,-1,-1,0.0159953891187234,-0.0159953891187234,1.5633212243824586,flip
2021-03-01,0,-1,0.0106729853417877,-0.0106729853417877,1.546635919870119,hold
2021-03-02,0,-1,0.0218846987116321,-0.0218846987116321,1.5127882587471735,hold
2021-03-03,1,1,-0.0108129305241382,-0.0108129305241382,1.4956741902782347,flip
2021-03-04,-1,-1,-0.0094591045289524,0.0094591045289524,1.509074091690194,flip
2021-03-05,0,-1,0.0012117060677612,-0.0012117060677612,1.5072455374565916,hold
2021-03-08,-1,-1,0.0095077756017913,-0.0095077756017913,1.492914985109653,hold
2021-03-09,0,-1,0.0050600998838219,-0.0050600998838219,1.4853606861669437,hold
2021-03-10,0,-1,-0.0094795062357636,0.0094795062357636,1.4994411720538212,hold
2021-03-12,-1,-1,-0.006749419963093,0.006749419963093,1.5095615302339649,hold
2021-03-15,-1,-1,-0.0012759841044576,0.0012759841044576,1.5114877067512442,hold
2021-03-16,-1,-1,-0.0126857598628687,0.0126857598628687,1.5306620768347685,hold
2021-03-17,0,-1,-0.0111029730717429,0.0111029730717429,1.547656976655803,hold
2021-03-18,0,-1,0.0127869428260285,-0.0127869428260285,1.5278671753810011,hold
2021-03-19,0,-1,-0.0005154374236977,0.0005154374236977,1.5286546953016318,hold
2021-03-22,-1,-1,0.0053167399974314,-0.0053167399974314,1.5205272357408604,hold
2021-03-23,0,-1,-0.0179111769942118,0.0179111769942118,1.5477616681847344,hold
2021-03-24,0,-1,-0.0154301891468089,0.0154301891468089,1.5716439234790054,hold
2021-03-25,0,-1,0.0127330319296232,-0.0127330319296232,1.551632131219349,hold
2021-03-26,0,-1,0.0232848158675504,-0.0232848158675504,1.5155026627497317,hold
2021-03-30,1,1,-0.0104006990943323,-0.0104006990943323,1.4989826242464377,flip
2021-03-31,0,1,0.0120245741669184,0.0120245741669184,1.5170072519866111,hold
2021-04-01,0,1,-0.015439860548026,-0.015439860548026,1.4935848715655937,hold
2021-04-05,-1,-1,0.0031220672452334,-0.0031220672452334,1.4881750067243198,flip
2021-04-06,-1,-1,0.0092314369658119,-0.0092314369658119,1.4744370129556477,hold
2021-04-07,1,1,0.0036945688638336,0.0036945688638336,1.4791472035289197,flip
2021-04-08,-1,-1,-0.0026187118170183,0.0026187118170183,1.482281090188146,flip
2021-04-09,-1,-1,-0.0353255893040076,0.0353255893040076,1.5346435432132293,hold
2021-04-12,0,-1,0.0135561955060299,-0.0135561955060299,1.5138396153093643,hold
2021-04-13,0,-1,0.0052844845607746,-0.0052844845607746,1.505839753234773,hold
2021-04-15,0,-1,0.0024962821650071,-0.0024962821650071,1.5020807523154143,hold
2021-04-16,-1,-1,-0.0176769785548196,0.0176769785548196,1.5286330015617011,hold
2021-04-19,0,-1,-0.004390823034999,0.004390823034999,1.5353449585570178,hold
2021-04-20,-1,-1,0.0076767575754221,-0.0076767575754221,1.523558487515529,hold
2021-04-22,0,-1,-0.0044981330537942,0.0044981330537942,1.5304116563076111,hold
2021-04-23,-1,-1,0.0100165182871698,-0.0100165182871698,1.5150822599653082,hold
2021-04-26,0,-1,0.011601643402658,-0.011601643402658,1.4975048158594975,hold
2021-04-27,1,1,0.014433855260107,0.014433855260107,1.518370831214997,flip
2021-04-28,1,1,0.0020418099664161,0.0020418099664161,1.5214710559108873,hold
2021-04-29,0,1,-0.0177108120451774,-0.0177108120451774,1.494524568007472,hold
2021-04-30,0,1,0.0002085134632017,0.0002085134632017,1.4948361965009873,hold
2021-05-03,-1,-1,-0.0094061074234402,0.0094061074234402,1.5081493682474718,flip
2021-05-04,0,-1,0.0083709591539336,-0.0083709591539336,1.4955247114878414,hold
2021-05-05,0,-1,0.0073164109749706,-0.0073164109749706,1.484582838075372,hold
2021-05-06,0,-1,0.0066792477481554,-0.0066792477481554,1.474666941497207,hold
2021-05-07,0,-1,0.0080414227481215,-0.0080414227481215,1.4628085212079485,hold
2021-05-10,0,-1,-0.0061302011912188,0.0061302011912188,1.4717758317471823,hold
2021-05-11,0,-1,-0.0103866808073666,0.0103866808073666,1.4870626975315366,hold
2021-05-12,-1,-1,-0.0012724250884564,0.0012724250884564,1.4889548734159834,hold
2021-05-14,-1,-1,0.0167157604819725,-0.0167157604819725,1.4640658603834962,hold
2021-05-17,0,-1,0.012393443335275,-0.012393443335275,1.4459210431037226,hold
2021-05-18,0,-1,-0.0051594324081388,0.0051594324081388,1.4533811749931218,hold
2021-05-19,-1,-1,-0.0082567760609306,0.0082567760609306,1.4653814178862123,hold
2021-05-20,-1,-1,0.0180631356749747,-0.0180631356749747,1.438912034519347,hold
2021-05-21,0,-1,0.0014761086049899,-0.0014761086049899,1.4367880440833694,hold
2021-05-24,0,-1,0.0007073438653115,-0.0007073438653115,1.4357717408746342,hold
2021-05-25,-1,-1,0.0061150215048646,-0.0061150215048646,1.426991965803109,hold
2021-05-26,0,-1,0.0023788211965458,-0.0023788211965458,1.423597407067556,hold
2021-05-27,-1,-1,0.006376433707514,-0.006376433707514,1.4145199325752011,hold
2021-05-28,0,-1,0.0095330880357249,-0.0095330880357249,1.401035189529674,hold
2021-05-31,0,-1,-0.0005101904286871,0.0005101904286871,1.4017499842736258,hold
2021-06-01,-1,-1,8.67158252806366e-05,-8.67158252806366e-05,1.4016284303669024,hold
2021-06-02,-1,-1,0.0073284506253876,-0.0073284506253876,1.391356665619819,hold
2021-06-03,0,-1,-0.0012810173052479,0.0012810173052479,1.3931390175862501,hold
2021-06-04,-1,-1,0.0051945814919991,-0.0051945814919991,1.3859022434297148,hold
2021-06-07,0,-1,-0.0007333060957773,0.0007333060957773,1.3869185339929733,hold
2021-06-08,-1,-1,-0.0066549769442125,0.0066549769442125,1.3961484448601975,hold
2021-06-09,-1,-1,0.006549286916079,-0.006549286916079,1.3870046681173704,hold
2021-06-10,0,-1,0.0039141306333496,-0.0039141306333496,1.3815757506572934,hold
2021-06-11,-1,-1,0.0007911718082738,-0.0007911718082738,1.3804826868723787,hold
2021-06-14,-1,-1,0.0036302135450976,-0.0036302135450976,1.3754712399237219,hold
2021-06-15,-1,-1,-0.0064086327528081,0.0064086327528081,1.3842861299624427,hold
2021-06-16,-1,-1,-0.0048295020472909,0.0048295020472909,1.3909715426611327,hold
2021-06-17,-1,-1,-0.0005130696464038,0.0005130696464038,1.3916852079386834,hold
2021-06-18,-1,-1,0.0040265882096546,-0.0040265882096546,1.3860814646888469,hold
2021-06-21,0,-1,0.0016670371193598,-0.0016670371193598,1.383770815436754,hold
2021-06-22,-1,-1,-0.0054397492312691,0.0054397492312691,1.3912981816662786,hold
2021-06-23,-1,-1,0.0065978407983298,-0.0065978407983298,1.3821186177606388,hold
2021-06-24,1,1,0.0044266891189239,0.0044266891189239,1.3875457678980618,flip
2021-06-25,0,1,-0.0028782098242977,-0.0028782098242977,1.383552120037235,hold
2021-06-28,-1,-1,-0.0041891404314852,0.0041891404314852,1.3886562381023313,flip
2021-06-29,-1,-1,-0.0017112919035373,0.0017112919035373,1.3910326342793924,hold
2021-06-30,-1,-1,-0.002639697229908,0.002639697229908,1.3947045392708115,hold
2021-07-01,-1,-1,0.0026913389867666,-0.0026913389867666,1.3909509165692517,hold
2021-07-02,0,-1,0.007133188273225,-0.007133188273225,1.3810290018025484,hold
2021-07-05,1,1,-0.0010167521731027,-0.0010167521731027,1.3789343230629465,flip
2021-07-06,-1,-1,0.0038816171589777,-0.0038816171589777,1.3728923607719106,flip
2021-07-07,0,-1,-0.0095562557277451,0.0095562557277451,1.3860120712581145,hold
2021-07-08,-1,-1,-0.0024224839292732,0.0024224839292732,1.389369663226516,hold
2021-07-09,-1,-1,0.0001784474449868,-0.0001784474449868,1.389121733759971,hold
2021-07-12,0,-1,0.0076309854951284,-0.0076309854951284,1.378521365958681,hold
2021-07-13,0,-1,0.0026308921169333,-0.0026308921169333,1.3748946249639562,hold
2021-07-14,-1,-1,0.0044310723280038,-0.0044310723280038,1.3688023674373573,hold
2021-07-15,1,1,-5.0225736783704455e-05,-5.0225736783704455e-05,1.3680492171462229,flip
2021-07-16,-1,-1,-0.0107389122803617,0.0107389122803617,1.3820565530758004,flip
2021-07-19,-1,-1,-0.0076369809214345,0.0076369809214345,1.3926112926039838,hold
2021-07-20,-1,-1,0.0122792331234495,-0.0122792331234495,1.3755110938917512,hold
2021-07-22,0,-1,0.0020222383267853,-0.0020222383267853,1.372729482638765,hold
2021-07-23,-1,-1,-0.0019929055322251,0.0019929055322251,1.3754652028189644,hold
2021-07-26,-1,-1,-0.0049290812026508,0.0049290812026508,1.3822449824950798,hold
2021-07-27,-1,-1,-0.0023528988583426,0.0023528988583426,1.3854972651363422,hold
2021-07-28,-1,-1,0.0043954449546468,-0.0043954449546468,1.3794073881726217,hold
2021-07-29,1,1,-0.0009760394990868,-0.0009760394990868,1.3773713283823468,flip
2021-07-30,-1,-1,0.0077460001364197,-0.0077460001364197,1.3660135242206055,flip
2021-08-02,1,1,0.0154609558824161,0.0154609558824161,1.3864503922912539,flip
2021-08-03,0,1,0.0079382424678022,0.0079382424678022,1.3974563716748414,hold
2021-08-04,0,1,0.0022018725316477,0.0022018725316477,1.4005333924738084,hold
2021-08-05,0,1,-0.0034612335015614,-0.0034612335015614,1.3956858193757227,hold
2021-08-06,-1,-1,0.0012347307242392,-0.0012347307242392,1.3932646803034667,flip
2021-08-09,0,-1,0.0013439090538649,-0.0013439090538649,1.3913922592851766,hold
2021-08-10,-1,-1,0.0001320870680521,-0.0001320870680521,1.3912084743611373,hold
2021-08-11,-1,-1,0.0050453954843463,-0.0050453954843463,1.3841892774068112,hold
2021-08-12,0,-1,0.0100644823408473,-0.0100644823408473,1.37025812886796,hold
2021-08-13,-1,-1,0.0020540242770237,-0.0020540242770237,1.367443585405476,hold
2021-08-16,-1,-1,0.0031122785775283,-0.0031122785775283,1.3631877200286402,hold
2021-08-17,-1,-1,-0.0027536023181795,0.0027536023181795,1.366941396894625,hold
2021-08-18,-1,-1,-0.0071428984006249,0.0071428984006249,1.3767053204122517,hold
2021-08-20,-1,-1,0.0027931806783987,-0.0027931806783987,1.3728599337114276,hold
2021-08-23,-1,-1,0.0077683620836017,-0.0077683620836017,1.3621950606562878,hold
2021-08-24,0,-1,0.0006045728309951,-0.0006045728309951,1.3613715145320993,hold
2021-08-25,-1,-1,0.0001352598309651,-0.0001352598309651,1.361187375651163,hold
2021-08-26,-1,-1,0.00410526158848,-0.00410526158848,1.3555993454031783,hold
2021-08-27,-1,-1,0.0135198365217041,-0.0135198365217041,1.3372718638643983,hold
2021-08-30,1,1,0.0118804461754233,0.0118804461754233,1.3524906143330153,flip
2021-08-31,1,1,-0.0032657347743637,-0.0032657347743637,1.3480737387017876,hold
2021-09-01,-1,-1,0.009246783727399,-0.009246783727399,1.3349343555220752,flip
2021-09-02,0,-1,0.0051902308336972,-0.0051902308336972,1.3280057380690828,hold
2021-09-03,-1,-1,0.0031287476677577,-0.0031287476677577,1.3238507432133304,hold
2021-09-06,-1,-1,-0.0009035189246697,0.0009035189246697,1.3250468674132618,hold
2021-09-07,-1,-1,-0.0004953092983268,0.0004953092983268,1.3257031754474105,hold
2021-09-08,-1,-1,0.0009075978909154,-0.0009075978909154,1.3244999700413944,hold
2021-09-09,-1,-1,-0.0008030985074197,0.0008030985074197,1.325563673990412,hold
2021-09-13,-1,-1,0.001423151293159,-0.001423151293159,1.323677196333608,hold
2021-09-14,-1,-1,0.0080235453826236,-0.0080235453826236,1.3130566122768814,hold
2021-09-15,0,-1,0.0062816347635072,-0.0062816347635072,1.30480847021475,hold
2021-09-16,0,-1,-0.0025156476006126,0.0025156476006126,1.3080909085121046,hold
2021-09-17,-1,-1,-0.010705054879733,0.010705054879733,1.3220940934754064,hold
2021-09-20,-1,-1,0.0094901738624639,-0.0094901738624639,1.3095471906657883,hold
2021-09-21,0,-1,-0.0008740239935656,0.0008740239935656,1.3106917663311366,hold
2021-09-22,-1,-1,0.0157465283671818,-0.0157465283671818,1.2900529212519718,hold
2021-09-23,0,-1,0.0016972499684944,-0.0016972499684944,1.2878633789720209,hold
2021-09-24,-1,-1,0.0001064453827974,-0.0001064453827974,1.2877262918616554,hold
2021-09-27,-1,-1,-0.0059646824901542,0.0059646824901542,1.295407170326834,hold
2021-09-28,-1,-1,-0.0021015082285871,0.0021015082285871,1.2981294791546465,hold
2021-09-29,-1,-1,-0.0052593760207388,0.0052593760207388,1.3049568302091268,hold
2021-09-30,-1,-1,-0.0048869834497958,0.0048869834497958,1.3113341326410568,hold
2021-10-01,-1,-1,0.0090804675811375,-0.0090804675811375,1.2994266055615706,hold
2021-10-04,0,-1,0.0074076609199462,-0.0074076609199462,1.2898008938772139,hold
2021-10-05,0,-1,-0.0098921448702895,0.0098921448702895,1.3025597911732762,hold
2021-10-06,-1,-1,0.0081803020160375,-0.0081803020160375,1.2919044586875321,hold
2021-10-07,0,-1,0.0058936227604964,-0.0058936227604964,1.2842904611654244,hold
2021-10-08,0,-1,0.0028359561343596,-0.0028359561343596,1.2806482697537829,hold
2021-10-11,0,-1,0.0025632525445875,-0.0025632525445875,1.277365644817615,hold
2021-10-12,-1,-1,0.0094375978492116,-0.0094375978492116,1.2653103815554274,hold
2021-10-13,0,-1,0.0097347877407187,-0.0097347877407187,1.2529928535648576,hold
2021-10-14,1,1,0.0075523961327199,0.0075523961327199,1.261829455519664,flip
2021-10-18,0,1,-0.0031553077349963,-0.0031553077349963,1.2578479952784167,hold
2021-10-19,-1,-1,-0.00826062521208,0.00826062521208,1.2676096821435388,flip
2021-10-20,-1,-1,-0.0048449082967022,0.0048449082967022,1.273751134809536,hold
2021-10-21,-1,-1,-0.0034766680845673,0.0034766680845673,1.2781795447276096,hold
2021-10-22,-1,-1,0.0005796333280105,-0.0005796333280105,1.2774386692643043,hold
2021-10-25,-1,-1,0.0078894808897,-0.0078894808897,1.2673603412953798,hold
2021-10-26,0,-1,-0.0031448386638428,0.0031448386638428,1.2713459850977065,hold
2021-10-27,-1,-1,-0.0194223384240636,0.0194223384240636,1.2960384970743486,hold
2021-10-28,0,-1,-0.0103935157639054,0.0103935157639054,1.309508893624319,hold
2021-10-29,-1,-1,0.0145996550575078,-0.0145996550575078,1.2903905154826654,hold
2021-11-01,0,-1,-0.0022700482713416,0.0022700482713416,1.2933197642416923,hold
2021-11-02,-1,-1,-0.0033400508475575,0.0033400508475575,1.2976395180164104,hold
2021-11-03,-1,-1,0.0049133761659847,-0.0049133761659847,1.2912637269365486,hold
2021-11-04,0,-1,0.0084697040421863,-0.0084697040421863,1.2803271053289855,hold
2021-11-08,1,1,-0.0013449214352717,-0.0013449214352717,1.2779650024082048,flip
2021-11-09,-1,-1,-0.0014991358050348,0.0014991358050348,1.2792418629996922,flip
2021-11-10,-1,-1,-0.007970140510272,0.007970140510272,1.2894376003944217,hold
2021-11-11,-1,-1,0.0128206066843303,-0.0128206066843303,1.2729062280757781,hold
2021-11-12,0,-1,0.0003700663573213,-0.0003700663573213,1.2724351683047426,hold
2021-11-15,-1,-1,-0.0060879819517564,0.0060879819517564,1.2801817306441619,hold
2021-11-16,-1,-1,-0.005586294529162,0.005586294529162,1.2873332028423925,hold
2021-11-17,-1,-1,-0.0074781956434608,0.0074781956434608,1.296960132391571,hold
2021-11-18,-1,-1,-0.0196033721001568,0.0196033721001568,1.3223849244659114,hold
2021-11-22,0,-1,0.0049836979327988,-0.0049836979327988,1.3157945574514862,hold
2021-11-23,0,-1,-0.0050446817378146,0.0050446817378146,1.3224323222261778,hold
2021-11-24,-1,-1,0.006959452503032,-0.006959452503032,1.3132289172911704,hold
2021-11-25,0,-1,-0.0290712541877539,0.0290712541877539,1.3514061289524508,hold
2021-11-26,0,-1,0.0016151341742889,-0.0016151341742889,1.349223426730236,hold
2021-11-29,-1,-1,-0.004148599194972,0.004148599194972,1.3548208139522064,hold
2021-11-30,0,-1,0.0108166411704213,-0.0108166411704213,1.3401662033574673,hold
2021-12-01,-1,-1,0.0136745711024337,-0.0136745711024337,1.321840005320577,hold
2021-12-02,0,-1,-0.0117776858673942,0.0117776858673942,1.3374082216701972,hold
2021-12-03,-1,-1,-0.0165409195759996,0.0165409195759996,1.3595301835051246,hold
2021-12-06,0,-1,0.0156365485816494,-0.0156365485816494,1.338271823742528,hold
2021-12-07,0,-1,0.0170609485278816,-0.0170609485278816,1.3154396370413424,hold
2021-12-08,0,-1,0.0026960665936832,-0.0026960665936832,1.3118931241799086,hold
2021-12-09,-1,-1,-0.0003167708948091,0.0003167708948091,1.312308693738749,hold
2021-12-10,-1,-1,-0.0081690551168631,0.0081690551168631,1.3230290157882394,hold
2021-12-13,-1,-1,-0.0024959111813221,0.0024959111813221,1.3263311787019587,hold
2021-12-14,-1,-1,-0.0059740603216401,0.0059740603216401,1.3342547611699962,hold
2021-12-15,-1,-1,0.0015678167505297,-0.0015678167505297,1.3321628942059598,hold
2021-12-16,-1,-1,-0.01525945397337,0.01525945397337,1.3524909725751268,hold
2021-12-17,0,-1,-0.0218425462793778,0.0218425462793778,1.3820328192360398,hold
2021-12-20,0,-1,0.009428705444209,-0.009428705444209,1.3690020388692334,hold
2021-12-21,0,-1,0.0110071709945933,-0.0110071709945933,1.353933199335453,hold
2021-12-22,0,-1,0.0069093062126275,-0.0069093062126275,1.3445784602698019,hold
2021-12-23,0,-1,-0.0040327548791804,0.0040327548791804,1.3500008156158956,hold
2021-12-24,-1,-1,0.0048518709108285,-0.0048518709108285,1.3434507859290141,hold
2021-12-27,0,-1,0.0086034091740434,-0.0086034091740434,1.3318925291124766,hold
2021-12-28,1,1,-0.0011402602889762,-0.0011402602889762,1.3297078786877894,flip
2021-12-29,-1,-1,-0.0005606259494814,0.0005606259494814,1.329788493490468,flip
2021-12-30,-1,-1,0.0087248317576065,-0.0087248317576065,1.3181863126115627,hold
2021-12-31,1,1,0.0156533158122078,0.0156533158122078,1.3381612061058956,flip
2022-01-03,1,1,0.0101868742352642,0.0101868742352642,1.3517928860190058,hold
2022-01-04,0,1,0.006739585234692,0.006739585234692,1.3609034093939814,hold
2022-01-05,0,1,-0.0100054174627969,-0.0100054174627969,1.347287002656451,hold
2022-01-06,-1,-1,0.0037641836511315,-0.0037641836511315,1.3415419234463415,flip
2022-01-07,-1,-1,0.0107003189218717,-0.0107003189218717,1.3271869970184045,hold
2022-01-10,0,-1,0.0029133112526023,-0.0029133112526023,1.3233204882056833,hold
2022-01-11,-1,-1,0.0086731157318304,-0.0086731157318304,1.311843176461173,hold
2022-01-12,0,-1,0.0024956237305924,-0.0024956237305924,1.3085693094991808,hold
2022-01-13,-1,-1,-0.0001123235637506,0.0001123235637506,1.3087162926674385,hold
2022-01-14,-1,-1,0.0028675682661627,-0.0028675682661627,1.3049634593571753,hold
2022-01-17,-1,-1,-0.0106536905679234,0.0106536905679234,1.3188661362556133,hold
2022-01-18,-1,-1,-0.0096422404339412,0.0096422404339412,1.331582960641573,hold
2022-01-19,-1,-1,-0.010112406160797,0.010112406160797,1.345048468376377,hold
2022-01-20,-1,-1,-0.0078757453046686,0.0078757453046686,1.3556417275357437,hold
2022-01-21,-1,-1,-0.0265679051873833,0.0265679051873833,1.3916582884209738,hold
2022-01-24,-1,-1,0.0075134912216943,-0.0075134912216943,1.3812020760873247,hold
2022-01-25,-1,-1,-0.0097117329146276,0.0097117329146276,1.3946159417514141,hold
2022-01-27,0,-1,-0.0004793161771092,0.0004793161771092,1.39528440373315,hold
2022-01-28,-1,-1,0.0139107178709299,-0.0139107178709299,1.3758749960431096,hold
2022-01-31,0,-1,0.0136679386118703,-0.0136679386118703,1.357069621059585,hold
2022-02-01,0,-1,0.0115578385853996,-0.0115578385853996,1.3413848294302289,hold
2022-02-02,0,-1,-0.0123622486642295,0.0123622486642295,1.3579673622460704,hold
2022-02-03,-1,-1,-0.0024998826581151,0.0024998826581151,1.3613621213052356,hold
2022-02-04,-1,-1,-0.0172811129276234,0.0172811129276234,1.3848879738589002,hold
2022-02-07,-1,-1,0.0030876976246183,-0.0030876976246183,1.3806118585516536,hold
2022-02-08,-1,-1,0.0114121523303458,-0.0114121523303458,1.3648561057127804,hold
2022-02-09,-1,-1,0.008133901085124,-0.008133901085124,1.353754501153485,hold
2022-02-10,0,-1,-0.0131262969128136,0.0131262969128136,1.3715242846826836,hold
2022-02-11,0,-1,-0.0306162228952934,0.0306162228952934,1.4135151778888364,hold
2022-02-14,-1,-1,0.0302591263839775,-0.0302591263839775,1.3707434434754275,hold
2022-02-15,0,-1,-0.0017432697608654,0.0017432697608654,1.3731330190703428,hold
2022-02-16,-1,-1,-0.0010160147191904,0.0010160147191904,1.3745281424291247,hold
2022-02-17,-1,-1,-0.0016353356196504,0.0016353356196504,1.3767759572606508,hold
2022-02-18,-1,-1,-0.004031556958107,0.004031556958107,1.3823265079508995,hold
2022-02-21,0,-1,-0.0066515660675804,0.0066515660675804,1.3915211440455024,hold
2022-02-22,0,-1,-0.0016937094155936,0.0016937094155936,1.3938779765091698,hold
2022-02-23,-1,-1,-0.0477810384708364,0.0477810384708364,1.460478913728406,hold
2022-02-24,0,-1,0.0252616601096495,-0.0252616601096495,1.4235847918124889,hold
2022-02-25,0,-1,0.0081340342903666,-0.0081340342903666,1.4120053043006418,hold
2022-02-28,0,-1,-0.0111916331229355,0.0111916331229355,1.4278079496340135,hold
2022-03-02,0,-1,-0.006497577228417,0.006497577228417,1.4370852420541083,hold
2022-03-03,0,-1,-0.0153170320073322,0.0153170320073322,1.4590971227039158,hold
2022-03-04,0,-1,-0.0235266847399477,0.0235266847399477,1.4934248407147357,hold
2022-03-07,0,-1,0.0094747765094835,-0.0094747765094835,1.4792749741152527,hold
2022-03-08,0,-1,0.0207262900882942,-0.0207262900882942,1.448615091881386,hold
2022-03-09,0,-1,0.0152673871904744,-0.0152673871904744,1.4264985243836683,hold
2022-03-10,0,-1,0.0021421537513466,-0.0021421537513466,1.4234427452183693,hold
2022-03-11,-1,-1,0.014482565042708,-0.014482565042708,1.4028276430761735,hold
2022-03-14,0,-1,-0.0123464565033122,0.0123464565033122,1.4201475935530574,hold
2022-03-15,-1,-1,0.0187451004846066,-0.0187451004846066,1.393526784208933,hold
2022-03-16,0,-1,0.0183619883565082,-0.0183619883565082,1.3679388616228063,hold
2022-03-17,0,-1,-0.0098022024704637,0.0098022024704637,1.3813476753116485,hold
2022-03-21,-1,-1,0.0115612232521558,-0.0115612232521558,1.3653776064485241,hold
2022-03-22,-1,-1,-0.004033935455228,0.004033935455228,1.3708854515849511,hold
2022-03-23,-1,-1,-0.0013278937068936,0.0013278937068936,1.3727058417489828,hold
2022-03-24,-1,-1,-0.0040498758909001,0.0040498758909001,1.3782651300427795,hold
2022-03-25,-1,-1,0.0040226199498629,-0.0040226199498629,1.372720893234469,hold
2022-03-28,0,-1,0.005998187274997,-0.005998187274997,1.3644870562405476,hold
2022-03-29,0,-1,0.0099824655821947,-0.0099824655821947,1.3508661111642761,hold
2022-03-30,0,-1,-0.0019144771620018,0.0019144771620018,1.3534523134830225,hold
2022-03-31,-1,-1,0.0117779652585923,-0.0117779652585923,1.3375113991556582,hold
2022-04-01,-1,-1,0.0216718413399843,-0.0216718413399843,1.3085250643227364,hold
2022-04-04,0,-1,-0.005317557796472,0.005317557796472,1.3154832219804047,hold
2022-04-05,-1,-1,-0.0083391803235717,0.0083391803235717,1.3264532737811323,hold
2022-04-06,-1,-1,-0.0094397411049521,0.0094397411049521,1.3389746492734422,hold
2022-04-07,-1,-1,0.0082087593907955,-0.0082087593907955,1.3279833285471818,hold
2022-04-08,0,-1,-0.006151497975913,0.006151497975913,1.336152415304786,hold
2022-04-11,-1,-1,-0.0081838106412522,0.0081838106412522,1.347087233659492,hold
2022-04-12,-1,-1,-0.0031174816283502,0.0031174816283502,1.3512867533622104,hold
2022-04-13,-1,-1,-0.0172811880101475,0.0172811880101475,1.3746385938026846,hold
2022-04-18,0,-1,-0.0125191788064678,0.0125191788064678,1.391847940152772,hold
2022-04-19,-1,-1,0.010490244596548,-0.010490244596548,1.377247114819368,hold
2022-04-20,-1,-1,0.014941678252146,-0.014941678252146,1.3566687315560406,hold
2022-04-21,0,-1,-0.0126864526051679,0.0126864526051679,1.3738800451198396,hold
2022-04-22,0,-1,-0.0126951225643019,0.0126951225643019,1.3913216206812846,hold
2022-04-25,0,-1,0.0145601216162072,-0.0145601216162072,1.3710638086769065,hold
2022-04-26,0,-1,-0.0094414436101153,0.0094414436101153,1.3840086303123995,hold
2022-04-27,0,-1,0.0121285088909346,-0.0121285088909346,1.3672226693345253,hold
2022-04-28,0,-1,-0.0082632403816946,0.0082632403816946,1.3785203589065387,hold
2022-04-29,-1,-1,-0.0019559171203674,0.0019559171203674,1.381216630477299,hold
2022-05-02,-1,-1,-0.0229361834519363,0.0229361834519363,1.4128964685007919,hold
2022-05-04,-1,-1,0.0003028482136697,-0.0003028482136697,1.4124685753292063,hold
2022-05-05,-1,-1,-0.0162684216398562,0.0162684216398562,1.4354472096657087,hold
2022-05-06,0,-1,-0.0066661826871809,0.0066661826871809,1.4450161630031446,hold
2022-05-09,0,-1,-0.0037909688880922,0.0037909688880922,1.4504941743198798,hold
2022-05-10,0,-1,-0.0044919933245182,0.0044919933245182,1.4570097844681773,hold
2022-05-11,0,-1,-0.0222117521417858,0.0222117521417858,1.489372524668941,hold
2022-05-12,0,-1,-0.0016352232651188,0.0016352232651188,1.4918079812717087,hold
2022-05-13,-1,-1,0.0038112305721171,-0.0038112305721171,1.4861223570857576,hold
2022-05-16,-1,-1,0.0263219359020472,-0.0263219359020472,1.4470047396599468,hold
2022-05-17,0,-1,-0.0011685620062508,0.0011685620062508,1.448695654421578,hold
2022-05-18,-1,-1,-0.0265327253341793,0.0265327253341793,1.487133498313165,hold
2022-05-19,-1,-1,0.0288910387942893,-0.0288910387942893,1.4441686667211122,hold
2022-05-20,0,-1,-0.0031630222318707,0.0031630222318707,1.448736604320522,hold
2022-05-23,-1,-1,-0.0055227542667355,0.0055227542667355,1.4567376205834093,hold
2022-05-24,0,-1,-0.0061612191843656,0.0061612191843656,1.465712900357935,hold
2022-05-25,-1,-1,0.0090073873189953,-0.0090073873189953,1.4525106565659631,hold
2022-05-26,0,-1,0.0112738471989222,-0.0112738471989222,1.4361352733690322,hold
2022-05-27,0,-1,0.0188932050929628,-0.0188932050929628,1.409002075108033,hold
2022-05-30,0,-1,-0.0046124339835348,0.0046124339835348,1.4155010041621323,hold
2022-05-31,-1,-1,-0.0037264067061659,0.0037264067061659,1.4207757365966267,hold
2022-06-01,-1,-1,0.0063700049931154,-0.0063700049931154,1.411725388060409,hold
2022-06-02,-1,-1,-0.0026280502014673,0.0026280502014673,1.4154354732509176,hold
2022-06-03,-1,-1,-0.0008893953501298,0.0008893953501298,1.416694354979236,hold
2022-06-06,-1,-1,-0.0092459460064759,0.0092459460064759,1.4297930344930532,hold
2022-06-07,-1,-1,-0.0036609606157923,0.0036609606157923,1.4350274504810663,hold
2022-06-08,-1,-1,0.0074497277416889,-0.0074497277416889,1.4243368866731323,hold
2022-06-09,0,-1,-0.0167676984141,0.0167676984141,1.4482197380289457,hold
2022-06-10,0,-1,-0.0263797491152091,0.0263797491152091,1.486423411381843,hold
2022-06-13,0,-1,-0.0026816094559853,0.0026816094559853,1.4904094184574026,hold
2022-06-14,-1,-1,-0.002539344381356,0.002539344381356,1.4941940812400825,hold
2022-06-15,-1,-1,-0.0211284478542902,0.0211284478542902,1.5257640829697525,hold
2022-06-16,0,-1,-0.0043682936266399,0.0043682936266399,1.5324290684891453,hold
2022-06-17,0,-1,0.0037042135956451,-0.0037042135956451,1.5267526238992861,hold
2022-06-20,-1,-1,0.018804337854487,-0.018804337854487,1.4980430517392593,hold
2022-06-21,0,-1,-0.0144192650853174,0.0144192650853174,1.5196437316115057,hold
2022-06-22,0,-1,0.0093004475196092,-0.0093004475196092,1.5055103648371497,hold
2022-06-23,0,-1,0.0091664725885294,-0.0091664725885294,1.491710145346123,hold
2022-06-24,0,-1,0.008458990377725,-0.008458990377725,1.4790917835802853,hold
2022-06-27,0,-1,0.0011464333961117,-0.0011464333961117,1.4773961033636744,hold
2022-06-28,-1,-1,-0.0032239710103227,0.0032239710103227,1.4821591855716827,hold
2022-06-29,-1,-1,-0.0011930812414028,0.0011930812414028,1.483927521892761,hold
2022-06-30,-1,-1,-0.0017870563085186,0.0017870563085186,1.4865793839321437,hold
2022-07-01,-1,-1,0.0052881882498054,-0.0052881882498054,1.4787180723016309,hold
2022-07-04,0,-1,-0.0015471713984448,0.0015471713984448,1.4810059026094593,hold
2022-07-05,-1,-1,0.0113181897073002,-0.0113181897073002,1.464243596846094,hold
2022-07-06,0,-1,0.0089494920315105,-0.0089494920315105,1.4511393604439295,hold
2022-07-07,1,1,0.0054360478665673,0.0054360478665673,1.458302253788141,flip
2022-07-08,-1,-1,-0.0002835659276332,0.0002835659276332,1.457986627492612,flip
2022-07-11,-1,-1,-0.0097249750439381,0.0097249750439381,1.4721655110593732,hold
2022-07-12,-1,-1,-0.0057072925015229,0.0057072925015229,1.480567590241643,hold
2022-07-13,-1,-1,-0.0017536552323109,0.0017536552323109,1.4831639953430604,hold
2022-07-14,-1,-1,0.0069359576863876,-0.0069359576863876,1.4728768326293875,hold
2022-07-15,0,-1,0.0142873041582765,-0.0142873041582765,1.4518333933339325,hold
2022-07-18,0,-1,0.0038117642711243,-0.0038117642711243,1.446299346677597,hold
2022-07-19,-1,-1,0.0110338885069691,-0.0110338885069691,1.4303410409386543,hold
2022-07-20,0,-1,0.005108719746296,-0.005108719746296,1.4230338294188734,hold
2022-07-21,-1,-1,0.0068772959606149,-0.0068772959606149,1.4132472046119926,hold
2022-07-22,0,-1,-0.0052901993117577,0.0052901993117577,1.4207235640011746,hold
2022-07-25,-1,-1,-0.008847958067765,0.008847958067765,1.4332940665213425,hold
2022-07-26,-1,-1,0.0095821774414373,-0.0095821774414373,1.4195599884501757,hold
2022-07-27,0,-1,0.0172937311236929,-0.0172937311236929,1.3950104996959658,hold
2022-07-28,0,-1,0.0135059538264792,-0.0135059538264792,1.3761695522996185,hold
2022-07-29,0,-1,0.0105955316684394,-0.0105955316684394,1.3615883042270858,hold
2022-08-01,0,-1,0.0003113276638058,-0.0003113276638058,1.3611644041212654,hold
2022-08-02,-1,-1,0.0024618083588656,-0.0024618083588656,1.3578134782134095,hold
2022-08-03,-1,-1,-0.0003537116074355,0.0003537116074355,1.3582937526013859,hold
2022-08-04,-1,-1,0.0008917270739845,-0.0008917270739845,1.3570825252877672,hold
2022-08-05,-1,-1,0.0073343646716481,-0.0073343646716481,1.3471291871577857,hold
2022-08-08,0,-1,0.0005506610997998,-0.0005506610997998,1.346387375518013,hold
2022-08-10,-1,-1,0.0070859293688247,-0.0070859293688247,1.336846969672015,hold
2022-08-11,0,-1,0.0022170219505635,-0.0022170219505635,1.333883150595708,hold
2022-08-12,-1,-1,0.0071815193435313,-0.0071815193435313,1.3243038429476945,hold
2022-08-16,0,-1,0.0066759231988331,-0.0066759231988331,1.3154628922002563,hold
2022-08-17,0,-1,0.000682669936052,-0.000682669936052,1.314564865231759,hold
2022-08-18,-1,-1,-0.011029475746944,0.011029475746944,1.3290638265306174,hold
2022-08-19,-1,-1,-0.0150773300473388,0.0150773300473388,1.3491025604971985,hold
2022-08-22,0,-1,0.0049626821755044,-0.0049626821755044,1.3424073932672915,hold
2022-08-23,0,-1,0.0015616110795051,-0.0015616110795051,1.3403110750087557,hold
2022-08-24,-1,-1,-0.0046861822192667,0.0046861822192667,1.346592016936748,hold
2022-08-25,-1,-1,0.0020802555293466,-0.0020802555293466,1.3437907614477413,hold
2022-08-26,-1,-1,-0.0140099889245538,0.0140099889245538,1.3626172551325417,hold
2022-08-29,0,-1,0.0257842637890255,-0.0257842637890255,1.3274831723827263,hold
2022-08-30,1,1,-0.0121907952721076,-0.0121907952721076,1.3106363552148492,flip
2022-09-01,-1,-1,-0.0001910505934481,0.0001910505934481,1.3102314348907005,flip
2022-09-02,-1,-1,0.0072038500710118,-0.0072038500710118,1.3007927240754213,hold
2022-09-05,1,1,-0.0005774531254664,-0.0005774531254664,1.2993911808892824,flip
2022-09-06,0,1,-0.0017671004916441,-0.0017671004916441,1.297095026094695,hold
2022-09-07,-1,-1,0.0098925129655895,-0.0098925129655895,1.2836149492184044,flip
2022-09-08,1,1,0.0019439347917691,0.0019439347917691,1.2854684055028158,flip
2022-09-09,0,1,0.005775695663245,0.005775695663245,1.292892879797717,hold
2022-09-12,0,1,0.0074542019299801,0.0074542019299801,1.3025303643975628,hold
2022-09-13,0,1,-0.0036690976717561,-0.0036690976717561,1.29775125327016,hold
2022-09-14,-1,-1,-0.0070179606679163,0.0070179606679163,1.3062099448957143,flip
2022-09-15,-1,-1,-0.0193848531485446,0.0193848531485446,1.3315306328586862,hold
2022-09-16,0,-1,0.0052136885924867,-0.0052136885924867,1.3245884467876043,hold
2022-09-19,0,-1,0.0110088098852303,-0.0110088098852303,1.310006304400747,hold
2022-09-20,0,-1,-0.0054950054374517,0.0054950054374517,1.317204796166525,hold
2022-09-21,0,-1,-0.0049975776569025,0.0049975776569025,1.3237876294254116,hold
2022-09-22,-1,-1,-0.0171556772324205,0.0171556772324205,1.3464981027201048,hold
2022-09-23,0,-1,-0.0179513217622564,0.0179513217622564,1.3706695234143014,hold
2022-09-26,0,-1,-0.0005230508522044,0.0005230508522044,1.371386453276614,hold
2022-09-27,-1,-1,-0.0087491784653945,0.0087491784653945,1.3833849581013555,hold
2022-09-28,0,-1,-0.0024023347691036,0.0024023347691036,1.3867083118852572,hold
2022-09-29,-1,-1,0.016425755966269,-0.016425755966269,1.3639305795578331,hold
2022-09-30,0,-1,-0.0121092644487904,0.0121092644487904,1.3804467756354908,hold
2022-10-03,0,-1,0.0229136709327191,-0.0229136709327191,1.348815672478446,hold
2022-10-04,0,-1,0.0033286441360573,-0.0033286441360573,1.3443259450996283,hold
2022-10-06,-1,-1,-0.0009895331040011,0.0009895331040011,1.345656200124872,hold
2022-10-07,-1,-1,-0.0042536458411471,0.0042536458411471,1.351380145024147,hold
2022-10-10,-1,-1,-0.0149323831999303,0.0149323831999303,1.371559471198425,hold
2022-10-11,-1,-1,0.0082461453396196,-0.0082461453396196,1.360249392456991,hold
2022-10-12,0,-1,-0.0063800837728176,0.0063800837728176,1.3689278975327908,hold
2022-10-13,-1,-1,0.0100708880038873,-0.0100708880038873,1.3551415779913412,hold
2022-10-14,0,-1,0.0073375869608156,-0.0073375869608156,1.345198108818613,hold
2022-10-17,0,-1,0.010117285874136,-0.010117285874136,1.331588354994348,hold
2022-10-18,-1,-1,0.0014468379208691,-0.0014468379208691,1.3296617624673543,hold
2022-10-19,-1,-1,0.002952174549244,-0.002952174549244,1.3257363688530952,hold
2022-10-20,-1,-1,0.0007032337856462,-0.0007032337856462,1.324804066247658,hold
2022-10-21,-1,-1,0.0087873563767617,-0.0087873563767617,1.3131625407881569,hold
2022-10-24,1,1,-0.004196122026705,-0.004196122026705,1.3069957692557177,flip
2022-10-25,-1,-1,0.0045649078749665,-0.0045649078749665,1.3003759560914665,flip
2022-10-27,0,-1,0.0028106052447454,-0.0028106052447454,1.296721112609135,hold
2022-10-28,-1,-1,0.0126722303955641,-0.0126722303955641,1.2802887639113598,hold
2022-10-31,-1,-1,0.0073950532223929,-0.0073950532223929,1.2708209603622038,hold
2022-11-01,0,-1,-0.0034471976315451,0.0034471976315451,1.2752017313668822,hold
2022-11-02,-1,-1,-0.0016673473084335,0.0016673473084335,1.2773279355413865,hold
2022-11-03,-1,-1,0.0035701681556883,-0.0035701681556883,1.2727676600215454,hold
2022-11-04,-1,-1,0.0047275862251119,-0.0047275862251119,1.2667505411642597,hold
2022-11-07,0,-1,-0.0025161392359563,0.0025161392359563,1.269937861903052,hold
2022-11-09,-1,-1,-0.0070937259046097,0.0070937259046097,1.2789464530112784,hold
2022-11-10,-1,-1,0.0178331732470333,-0.0178331732470333,1.2561387793410497,hold
2022-11-11,0,-1,-0.0011198455015547,0.0011198455015547,1.257545460702423,hold
2022-11-14,-1,-1,0.0040509242609507,-0.0040509242609507,1.252451239286415,hold
2022-11-15,-1,-1,0.0003396111515991,-0.0003396111515991,1.2520258928787193,hold
2022-11-16,-1,-1,-0.0035714963948192,0.0035714963948192,1.256497498841356,hold
2022-11-17,-1,-1,-0.0019761337135545,0.0019761337135545,1.2589805059098131,hold
2022-11-18,-1,-1,-0.0080677295405768,0.0080677295405768,1.2691376201283522,hold
2022-11-21,-1,-1,0.0046393301536886,-0.0046393301536886,1.26324967169811,hold
2022-11-22,0,-1,0.0012634580983039,-0.0012634580983039,1.2616536086702235,hold
2022-11-23,-1,-1,0.0118709498898301,-0.0118709498898301,1.246676581903376,hold
2022-11-24,0,-1,0.0015500019600884,-0.0015500019600884,1.2447442307578296,hold
2022-11-25,-1,-1,0.0027008413120686,-0.0027008413120686,1.2413823741164398,hold
2022-11-28,0,-1,0.0029791265437502,-0.0029791265437502,1.237684138934766,hold
2022-11-29,0,-1,0.0075356346254191,-0.0075356346254191,1.2283574034820772,hold
2022-11-30,0,-1,0.0028867353340049,-0.0028867353340049,1.224811460762659,hold
2022-12-01,-1,-1,-0.006187396179402,0.006187396179402,1.2323898545154695,hold
2022-12-02,-1,-1,0.0002648237856262,-0.0002648237856262,1.2320634883688293,hold
2022-12-05,-1,-1,-0.0031175136590962,0.0031175136590962,1.2359044631226928,hold
2022-12-06,-1,-1,-0.0044119027503989,0.0044119027503989,1.2413571534227739,hold
2022-12-07,-1,-1,0.0026319123609277,-0.0026319123609277,1.2380900101863543,hold
2022-12-08,-1,-1,-0.0060587824059793,0.0060587824059793,1.24559132815709,hold
2022-12-09,0,-1,2.977743269738653e-05,-2.977743269738653e-05,1.2455542376451474,hold
2022-12-12,-1,-1,0.0059927938646799,-0.0059927938646799,1.2380898878516615,hold
2022-12-13,0,-1,0.0028106610731943,-0.0028106610731943,1.2346100367987614,hold
2022-12-14,-1,-1,-0.0131509343553336,0.0131509343553336,1.2508463123471378,hold
2022-12-15,0,-1,-0.0079229530179417,0.0079229530179417,1.2607567089125298,hold
2022-12-16,0,-1,0.0082899566889265,-0.0082899566889265,1.2503050904003714,hold
2022-12-19,1,1,-0.0019081205394395,-0.0019081205394395,1.2472942050316127,flip
2022-12-20,-1,-1,-0.0101277196435586,0.0101277196435586,1.2593028039506924,flip
2022-12-21,0,-1,-0.0039425027358517,0.0039425027358517,1.2642676087005338,hold
2022-12-22,-1,-1,-0.0176831602541178,0.0176831602541178,1.2866238554292757,hold
2022-12-23,0,-1,0.0116696328935068,-0.0116696328935068,1.2716094273643876,hold
2022-12-26,0,-1,0.0065336546149905,-0.0065336546149905,1.263301170560823,hold
2022-12-27,-1,-1,-0.0005405150382313,0.0005405150382313,1.2639840038413264,hold
2022-12-28,-1,-1,0.0037798317009243,-0.0037798317009243,1.2592063570341456,hold
2022-12-29,-1,-1,-0.0047110779368918,0.0047110779368918,1.265138576320763,hold
2022-12-30,-1,-1,0.0050895833553579,-0.0050895833553579,1.2586995480804997,hold
2023-01-02,0,-1,0.0019289276248581,-0.0019289276248581,1.2562716077508107,hold
2023-01-03,-1,-1,-0.0103990694870288,0.0103990694870288,1.2693356634943929,hold
2023-01-04,-1,-1,-0.0028154392892826,0.0028154392892826,1.2729094009926825,hold
2023-01-05,-1,-1,-0.0073755037054461,0.0073755037054461,1.2822977489964011,hold
2023-01-06,-1,-1,0.0135362517084902,-0.0135362517084902,1.2649402439007555,hold
2023-01-09,0,-1,-0.0103335047509585,0.0103335047509585,1.2780115099207827,hold
2023-01-10,0,-1,-0.0010299775022909,0.0010299775022909,1.27932783302367,hold
2023-01-11,-1,-1,-0.0020954755408891,0.0020954755408891,1.2820086332065497,hold
2023-01-12,-1,-1,0.0055100959183882,-0.0055100959183882,1.2749446426693798,hold
2023-01-13,1,1,-0.0034388470725693,-0.0034388470725693,1.2699228306959138,flip
2023-01-16,-1,-1,0.0088545685118242,-0.0088545685118242,1.2580432505714392,flip
2023-01-17,1,1,0.00620655632356,0.00620655632356,1.2652223452382998,flip
2023-01-18,1,1,-0.003165367099256,-0.003165367099256,1.261217452053439,hold
2023-01-19,-1,-1,-0.0044289753051891,0.0044289753051891,1.2661727442770305,flip
2023-01-20,-1,-1,0.0050422760956287,-0.0050422760956287,1.2597883517156259,hold
2023-01-23,0,-1,-1.3798013043020418e-05,1.3798013043020418e-05,1.2598057342917344,hold
2023-01-24,-1,-1,-0.0124929796250122,0.0124929796250122,1.2755444616617144,hold
2023-01-25,0,-1,-0.0160742469061787,0.0160742469061787,1.2960478782782736,hold
2023-01-27,0,-1,0.0025334426073457,-0.0025334426073457,1.2927644153622835,hold
2023-01-30,-1,-1,0.0007479862801675,-0.0007479862801675,1.2917974453161039,hold
2023-01-31,-1,-1,-0.0025959245256645,0.0025959245256645,1.2951508539865908,hold
2023-02-01,-1,-1,-0.0003349392530399,0.0003349392530399,1.295584650846199,hold
2023-02-02,-1,-1,0.0138355963078902,-0.0138355963078902,1.2776594646343922,hold
2023-02-03,1,1,-0.0050101331608701,-0.0050101331608701,1.2706193908500107,flip
2023-02-06,-1,-1,-0.0024261514654264,0.0024261514654264,1.273066796251696,flip
2023-02-07,-1,-1,0.0084755364246817,-0.0084755364246817,1.2622768722490119,hold
2023-02-08,1,1,0.0012170079483646,0.0012170079483646,1.2631819347994513,flip
2023-02-09,-1,-1,-0.0020649578680046,0.0020649578680046,1.265158761307037,flip
2023-02-10,-1,-1,-0.0047937507000251,0.0047937507000251,1.2712236170046955,hold
2023-02-13,-1,-1,0.0089443537049958,-0.0089443537049958,1.2598533433360615,hold
2023-02-14,1,1,0.0047964707944361,0.0047964707944361,1.2652662664309777,flip
2023-02-15,0,1,0.0011101336008929,0.0011101336008929,1.2666708810274192,hold
2023-02-16,-1,-1,-0.0050815676893513,0.0050815676893513,1.2724742194089764,flip
2023-02-17,-1,-1,-0.0055505184801407,0.0055505184801407,1.2795371110793086,hold
2023-02-20,-1,-1,-0.001003126492992,0.001003126492992,1.2808206486541986,hold
2023-02-21,-1,-1,-0.0152803631315826,0.0152803631315826,1.3003920532720639,hold
2023-02-22,0,-1,-0.0024524349779846,0.0024524349779846,1.3035811802286015,hold
2023-02-23,-1,-1,-0.002595429723749,0.002595429723749,1.3069645335710864,hold
2023-02-24,-1,-1,-0.0041854114458053,0.0041854114458053,1.3124347178891564,hold
2023-02-27,-1,-1,-0.0051027157362857,0.0051027157362857,1.3191316991769773,hold
2023-02-28,0,-1,0.008492348770636,-0.008492348770636,1.3079291727131648,hold
2023-03-01,0,-1,-0.0073921687198044,0.0073921687198044,1.3175976058314147,hold
2023-03-02,0,-1,0.0157285986298278,-0.0157285986298278,1.2968736419336704,hold
2023-03-03,1,1,0.0066555236183669,0.0066555236183669,1.3048565782666308,flip
2023-03-06,0,1,0.0024250512391459,0.0024250512391459,1.308020922328664,hold
2023-03-08,-1,-1,-0.0092822498999752,0.0092822498999752,1.3195082889429506,flip
2023-03-09,-1,-1,-0.010045664635585,0.010045664635585,1.3327636266975462,hold
2023-03-10,-1,-1,-0.0148510359316261,0.0148510359316261,1.3525565472059957,hold
2023-03-13,-1,-1,-0.0064706805258611,0.0064706805258611,1.3613085085161276,hold
2023-03-14,-1,-1,-0.0041746837386849,0.0041746837386849,1.3669915410099633,hold
2023-03-15,-1,-1,0.0007924286811309,-0.0007924286811309,1.3659082977060037,hold
2023-03-16,-1,-1,0.0067381296219788,-0.0067381296219788,1.3567046305443242,hold
2023-03-17,-1,-1,-0.0065292432199922,0.0065292432199922,1.3655628850548378,hold
2023-03-20,0,-1,0.007010642946744,-0.007010642946744,1.3559894112463926,hold
2023-03-21,0,-1,0.0025953757489405,-0.0025953757489405,1.3524701092126237,hold
2023-03-22,-1,-1,-0.0043726933046436,0.0043726933046436,1.3583840462039083,hold
2023-03-23,-1,-1,-0.0077209333285906,0.0077209333285906,1.3688720388592697,hold
2023-03-24,0,-1,0.0023988383407489,-0.0023988383407489,1.365588336128875,hold
2023-03-27,-1,-1,-0.0020016838613549,0.0020016838613549,1.3683218122625584,hold
2023-03-28,-1,-1,0.0076098565893214,-0.0076098565893214,1.3579090795032,hold
2023-03-29,0,-1,0.0163371989446239,-0.0163371989446239,1.335724648722645,hold
2023-03-31,0,-1,0.0022062979737611,-0.0022062979737611,1.3327776421366655,hold
2023-04-03,-1,-1,0.0091389548173612,-0.0091389548173612,1.3205974474835893,hold
2023-04-05,0,-1,0.0023978747854371,-0.0023978747854371,1.3174308201625557,hold
2023-04-06,-1,-1,0.001414863221935,-0.001414863221935,1.3155668357476642,hold
2023-04-10,-1,-1,0.0055747683219642,-0.0055747683219642,1.3082328554263114,hold
2023-04-11,-1,-1,0.0050839679614469,-0.0050839679614469,1.3015818415032119,hold
2023-04-12,-1,-1,0.0008757724412713,-0.0008757724412713,1.3004419519963641,hold
2023-04-13,-1,-1,-0.0067955121508301,0.0067955121508301,1.3092791210826047,hold
2023-04-17,-1,-1,-0.0026373533282438,0.0026373533282438,1.312732152730192,hold
2023-04-18,-1,-1,-0.0023442830162407,0.0023442830162407,1.3158095684207107,hold
2023-04-19,-1,-1,0.0003234746363958,-0.0003234746363958,1.3153839373989997,hold
2023-04-20,-1,-1,-2.260708945023282e-05,2.260708945023282e-05,1.3154136744013338,hold
2023-04-21,-1,-1,0.0067719737565652,-0.0067719737565652,1.3065057275192609,hold
2023-04-24,0,-1,0.0014568576938982,-0.0014568576938982,1.3046023345980022,hold
2023-04-25,-1,-1,0.0024958627615121,-0.0024958627615121,1.3013462262124973,hold
2023-04-26,-1,-1,0.0056951528101938,-0.0056951528101938,1.293934860595248,hold
2023-04-27,-1,-1,0.0083700136036979,-0.0083700136036979,1.2831046082097668,hold
2023-04-28,1,1,0.0045751669319125,0.0045751669319125,1.288333473679328,flip
2023-05-02,-1,-1,-0.0031850283648763,0.0031850283648763,1.2917926855995765,flip
2023-05-03,-1,-1,0.0091737176073036,-0.0091737176073036,1.2799421442947057,hold
2023-05-04,0,-1,-0.0102324068655403,0.0102324068655403,1.2930390330794812,hold
2023-05-05,-1,-1,0.0108141231183243,-0.0108141231183243,1.2790559497789606,hold
2023-05-08,0,-1,8.480038171931881e-05,-8.480038171931881e-05,1.278947485346179,hold
2023-05-09,-1,-1,0.0026908205008338,-0.0026908205008338,1.2755060672331198,hold
2023-05-10,-1,-1,-0.0009882342854272,0.0009882342854272,1.27676656606003,hold
2023-05-11,-1,-1,0.0009728797753729,-0.0009728797753729,1.275524425690038,hold
2023-05-12,-1,-1,0.0045891205221868,-0.0045891205221868,1.2696708903715532,hold
2023-05-15,0,-1,-0.0061063388070606,0.0061063388070606,1.2774239310016242,hold
2023-05-16,-1,-1,-0.0057282694884204,0.0057282694884204,1.2847413595293589,hold
2023-05-17,-1,-1,-0.0028490536527011,0.0028490536527011,1.288401656592502,hold
2023-05-18,-1,-1,0.0040513721791914,-0.0040513721791914,1.283181861965359,hold
2023-05-19,0,-1,0.0060977618257063,-0.0060977618257063,1.2753573245920278,hold
2023-05-22,0,-1,0.0018346005688616,-0.0018346005688616,1.2730175533188295,hold
2023-05-23,-1,-1,-0.0034117947119577,0.0034117947119577,1.277360827875472,hold
2023-05-24,-1,-1,0.0019551116867164,-0.0019551116867164,1.274863444792739,hold
2023-05-25,-1,-1,0.0097264208278746,-0.0097264208278746,1.2624635864306109,hold
2023-05-26,0,-1,0.0053677985089635,-0.0053677985089635,1.255686936273748,hold
2023-05-29,0,-1,0.0018925684396833,-0.0018925684396833,1.2533104628080336,hold
2023-05-30,0,-1,-0.0053370195013254,0.0053370195013254,1.2599994051892551,hold
2023-05-31,0,-1,-0.0025169624936233,0.0025169624936233,1.263170776434104,hold
2023-06-01,-1,-1,0.0025070443604549,-0.0025070443604549,1.2600039512627534,hold
2023-06-02,-1,-1,0.0032237875731377,-0.0032237875731377,1.2559419661825681,hold
2023-06-05,-1,-1,0.0002769943144211,-0.0002769943144211,1.2555940773986927,hold
2023-06-06,-1,-1,0.0068498516385289,-0.0068498516385289,1.2469934442502961,hold
2023-06-07,0,-1,-0.0049048192636628,0.0049048192636628,1.2531097217173162,hold
2023-06-08,-1,-1,-0.0038181972541345,0.0038181972541345,1.2578943418159063,hold
2023-06-09,-1,-1,0.0020524046550352,-0.0020524046550352,1.255312633613221,hold
2023-06-12,-1,-1,0.0061635024393194,-0.0061635024393194,1.2475755111338374,hold
2023-06-13,0,-1,0.0021238341844009,-0.0021238341844009,1.2449258676156698,hold
2023-06-14,-1,-1,-0.0036149041015322,0.0036149041015322,1.2494261552406172,hold
2023-06-15,-1,-1,0.007379048352023,-0.007379048352023,1.2402065792288146,hold
2023-06-16,0,-1,-0.0037475183921172,0.0037475183921172,1.2448542761944994,hold
2023-06-19,-1,-1,0.0032657175674986,-0.0032657175674986,1.2407889337157552,hold
2023-06-20,-1,-1,0.002133763746672,-0.002133763746672,1.2381413832717207,hold
2023-06-21,-1,-1,-0.0045394438174043,0.0045394438174043,1.2437618565190858,hold
2023-06-22,-1,-1,-0.0056336152360657,0.0056336152360657,1.250768732264009,hold
2023-06-23,-1,-1,0.0013768299134766,-0.0013768299134766,1.2490466364585868,hold
2023-06-26,-1,-1,0.0067519034171119,-0.0067519034171119,1.2406131942057501,hold
2023-06-27,0,-1,0.0082210728123248,-0.0082210728123248,1.230414022804254,hold
2023-06-28,0,-1,0.0114352747635688,-0.0114352747635688,1.2163439003805394,hold
2023-06-30,0,-1,0.0069570924336936,-0.0069570924336936,1.2078816834344326,hold
2023-07-03,0,-1,0.0034389465191355,-0.0034389465191355,1.2037278429236582,hold
2023-07-04,-1,-1,0.0004899685388621,-0.0004899685388621,1.2031380541512733,hold
2023-07-05,-1,-1,0.0050932175812563,-0.0050932175812563,1.1970102102611915,hold
2023-07-06,-1,-1,-0.0084883544577184,0.0084883544577184,1.2071708572153965,hold
2023-07-07,-1,-1,0.0012466303397029,-0.0012466303397029,1.2056659613995868,hold
2023-07-10,-1,-1,0.0043139300324381,-0.0043139300324381,1.2004648027996168,hold
2023-07-11,-1,-1,-0.0028344294714754,0.0028344294714754,1.203867435616141,hold
2023-07-12,-1,-1,0.0015192303855748,-0.0015192303855748,1.202038483627749,hold
2023-07-13,-1,-1,0.0077651149314275,-0.0077651149314275,1.1927045166503807,hold
2023-07-14,0,-1,0.0075110132510414,-0.0075110132510414,1.1837460972212428,hold
2023-07-17,-1,-1,0.0019177068530324,-0.0019177068530324,1.1814760192183513,hold
2023-07-18,-1,-1,0.0042482823714824,-0.0042482823714824,1.1764567754735769,hold
2023-07-19,-1,-1,0.0073614124394989,-0.0073614124394989,1.1677963919320729,hold
2023-07-20,0,-1,-0.011719737128305,0.011719737128305,1.1814826586648999,hold
2023-07-21,-1,-1,-0.0036794322929856,0.0036794322929856,1.185829844112794,hold
2023-07-24,-1,-1,0.0004193703428323,-0.0004193703428323,1.1853325422445276,hold
2023-07-25,-1,-1,0.0049643391875346,-0.0049643391875346,1.179448149454803,hold
2023-07-26,0,-1,-0.0059863783008722,0.0059863783008722,1.186508772263703,hold
2023-07-27,-1,-1,-0.0007044597937843,0.0007044597937843,1.1873446199887352,hold
2023-07-28,-1,-1,0.0054845628365591,-0.0054845628365591,1.1808325538117566,hold
2023-07-31,0,-1,-0.0010251191770254,0.0010251191770254,1.1820430479075248,hold
2023-08-01,-1,-1,-0.0104897492749598,0.0104897492749598,1.1944423831122841,hold
2023-08-02,0,-1,-0.0074206854169113,0.0074206854169113,1.203305964285986,hold
2023-08-03,0,-1,0.0069833892701145,-0.0069833892701145,1.1949028103263264,hold
2023-08-04,1,1,0.0041144018676027,0.0041144018676027,1.1992216692755737,flip
2023-08-07,1,1,-0.0013497354646058,-0.0013497354646058,1.1976030372586286,hold
2023-08-08,-1,-1,0.0031527078847637,-0.0031527078847637,1.193228543201617,flip
2023-08-09,0,-1,-0.0045562684580157,0.0045562684580157,1.1986652127762103,hold
2023-08-10,0,-1,-0.0058741361615907,0.0058741361615907,1.2057063354482198,hold
2023-08-11,-1,-1,0.0003216956578122,-0.0003216956578122,1.2053184649555095,hold
2023-08-14,-1,-1,0.0015667570139761,-0.0015667570139761,1.2034300237964655,hold
2023-08-16,-1,-1,-0.0051245825841254,0.0051245825841254,1.2095971003376262,hold
2023-08-17,-1,-1,-0.0028452826260957,0.0028452826260957,1.2130387459517926,hold
2023-08-18,-1,-1,0.0043215209131937,-0.0043215209131937,1.2077965736426477,hold
2023-08-21,0,-1,0.0001469355577301,-0.0001469355577301,1.207619105379475,hold
2023-08-22,-1,-1,0.0024515199000461,-0.0024515199000461,1.2046586031109612,hold
2023-08-23,-1,-1,-0.0029469646806212,0.0029469646806212,1.2082086894665358,hold
2023-08-24,-1,-1,-0.0062361537740819,0.0062361537740819,1.215743264645231,hold
2023-08-25,-1,-1,0.0020891942389009,-0.0020891942389009,1.2132033408207517,hold
2023-08-28,-1,-1,0.001895758474361,-0.001895758474361,1.2109034003062678,hold
2023-08-29,-1,-1,0.0002480956863764,-0.0002480956863764,1.2106029803960332,hold
2023-08-30,0,-1,-0.0048403506033882,0.0048403506033882,1.2164627232626568,hold
2023-08-31,-1,-1,0.0094267101889176,-0.0094267101889176,1.2049954817148383,hold
2023-09-01,0,-1,0.0048108337016425,-0.0048108337016425,1.1991984488410776,hold
2023-09-04,1,1,0.0023605960187407,0.0023605960187407,1.2014296727006715,flip
2023-09-05,-1,-1,0.0018467726478093,-0.0018467726478093,1.1986101904065112,flip
2023-09-06,0,-1,0.0059150323607803,-0.0059150323607803,1.1915203723422956,hold
2023-09-07,0,-1,0.004709190366575,-0.004709190366575,1.1859092760832834,hold
2023-09-08,0,-1,0.0089001434200508,-0.0089001434200508,1.1753545134429735,hold
2023-09-11,0,-1,-0.0001575482868895,0.0001575482868895,1.1755396885330542,hold
2023-09-12,-1,-1,0.0038413452699443,-0.0038413452699443,1.171024034710876,hold
2023-09-13,-1,-1,0.0016492082399102,-0.0016492082399102,1.169092772223698,hold
2023-09-14,-1,-1,0.0044396138771742,-0.0044396138771742,1.1639024517284295,hold
2023-09-15,-1,-1,-0.0029243168460981,0.0029243168460981,1.167306071275234,hold
2023-09-18,-1,-1,-0.011518249945432,0.011518249945432,1.1807513943670023,hold
2023-09-20,-1,-1,-0.0079919391664983,0.0079919391664983,1.1901878876815413,hold
2023-09-21,-1,-1,-0.0034494176591149,0.0034494176591149,1.1942933427989746,hold
2023-09-22,-1,-1,1.5288066889551644e-05,-1.5288066889551644e-05,1.194275084362464,hold
2023-09-25,-1,-1,-0.0005007261720755,0.0005007261720755,1.1948730891538621,hold
2023-09-26,-1,-1,0.0026316191986632,-0.0026316191986632,1.1917286381924788,hold
2023-09-27,-1,-1,-0.0097836296667737,0.0097836296667737,1.2033880698518424,hold
2023-09-28,0,-1,0.0058775169171687,-0.0058775169171687,1.1963151361133693,hold
2023-09-29,0,-1,-0.0055784246544688,0.0055784246544688,1.2029886899631783,hold
2023-10-03,0,-1,-0.0047443072713306,0.0047443072713306,1.2086960379522993,hold
2023-10-04,0,-1,0.0056415841052857,-0.0056415841052857,1.2018770775964658,hold
2023-10-05,0,-1,0.0055127073660514,-0.0055127073660514,1.1952514809777115,hold
2023-10-06,0,-1,-0.0071819467588469,0.0071819467588469,1.2038357134775264,hold
2023-10-09,0,-1,0.0090968029762401,-0.0090968029762401,1.19288465717626,hold
2023-10-10,0,-1,0.0061706921287072,-0.0061706921287072,1.1855237332117667,hold
2023-10-11,0,-1,-0.0008757409120068,0.0008757409120068,1.1865619448470954,hold
2023-10-12,-1,-1,-0.002169809980297,0.002169809980297,1.189136558797265,hold
2023-10-13,-1,-1,-0.0009772027556287,0.0009772027556287,1.1902985863193407,hold
2023-10-16,-1,-1,0.0040417094276989,-0.0040417094276989,1.1854877453012371,hold
2023-10-17,0,-1,-0.0070868127413371,0.0070868127413371,1.193889074959337,hold
2023-10-18,0,-1,-0.0023588102112444,0.0023588102112444,1.1967052327004442,hold
2023-10-19,-1,-1,-0.0041808960845935,0.0041808960845935,1.2017085329222539,hold
2023-10-20,-1,-1,-0.0133503074255556,0.0133503074255556,1.2177517112726794,hold
2023-10-23,0,-1,-0.008277236732921,0.008277236732921,1.2278313304688029,hold
2023-10-25,0,-1,-0.0138530649123475,0.0138530649123475,1.2448405575912012,hold
2023-10-26,0,-1,0.0100757003274603,-0.0100757003274603,1.2322979171774435,hold
2023-10-27,0,-1,0.0049167407696648,-0.0049167407696648,1.2262390277676842,hold
2023-10-30,-1,-1,-0.0032026069828995,0.0032026069828995,1.2301661894407168,hold
2023-10-31,-1,-1,-0.0047406245729368,0.0047406245729368,1.2359979455071755,hold
2023-11-01,-1,-1,0.0075885232572669,-0.0075885232572669,1.2266185463517603,hold
2023-11-02,0,-1,0.0050879808383312,-0.0050879808383312,1.220377534691981,hold
2023-11-03,0,-1,0.0094199033989916,-0.0094199033989916,1.208881696204883,hold
2023-11-06,0,-1,-0.0002601919584787,0.0002601919584787,1.2091962375009875,hold
2023-11-07,-1,-1,0.0018962926582819,-0.0018962926582819,1.2069032475533923,hold
2023-11-08,-1,-1,-0.002478937369815,0.002478937369815,1.2098950851155035,hold
2023-11-09,-1,-1,0.0015492839458333,-0.0015492839458333,1.2080206140839913,hold
2023-11-10,-1,-1,0.0009369804014345,-0.0009369804014345,1.2068887224440656,hold
2023-11-13,-1,-1,0.0119267535086042,-0.0119267535086042,1.192494458139161,hold
2023-11-15,0,-1,0.0045615222809993,-0.0045615222809993,1.187054868098391,hold
2023-11-16,-1,-1,-0.0016897597201204,0.0016897597201204,1.1890607056000766,hold
2023-11-17,-1,-1,-0.0019157289123818,0.0019157289123818,1.191338623572372,hold
2023-11-20,-1,-1,0.004539473475424,-0.004539473475424,1.185930573490417,hold
2023-11-21,-1,-1,0.0014380348265852,-0.0014380348265852,1.1842251640238257,hold
2023-11-22,-1,-1,-0.0004971574875239,0.0004971574875239,1.1848139104310345,hold
2023-11-23,-1,-1,-0.0003686890844358,0.0003686890844358,1.1852507383868982,hold
2023-11-24,-1,-1,0.0047992646389904,-0.0047992646389904,1.1795624064298207,hold
2023-11-28,0,-1,0.0104023891135545,-0.0104023891135545,1.1672921392944169,hold
2023-11-29,-1,-1,0.0018187545137213,-0.0018187545137213,1.1651691214472437,hold
2023-11-30,-1,-1,0.0066929416105065,-0.0066929416105065,1.1573707125510322,hold
2023-12-01,-1,-1,0.0206681690037693,-0.0206681690037693,1.1334499790640145,hold
2023-12-04,0,-1,0.0081355657602475,-0.0081355657602475,1.124228722223388,hold
2023-12-05,0,-1,0.0039606432442005,-0.0039606432442005,1.1197760533297778,hold
2023-12-06,-1,-1,-0.001745599062397,0.001745599062397,1.1217307333585649,hold
2023-12-07,-1,-1,0.0032653705047074,-0.0032653705047074,1.118067866907632,hold
2023-12-08,-1,-1,0.0013209351833629,-0.0013209351833629,1.1165909717248463,hold
2023-12-11,-1,-1,-0.0043196070141755,0.0043196070141755,1.1214142059182741,hold
2023-12-12,-1,-1,0.0009542158562574,-0.0009542158562574,1.1203441347015546,hold
2023-12-13,-1,-1,0.0122500872899569,-0.0122500872899569,1.1066198212566694,hold
2023-12-14,0,-1,0.0129327792008919,-0.0129327792008919,1.0923081514490265,hold
2023-12-15,0,-1,-0.0017710126840955,0.0017710126840955,1.0942426430401837,hold
2023-12-18,-1,-1,0.0016083748565725,-0.0016083748565725,1.0924826906861285,hold
2023-12-19,-1,-1,-0.0141214660942333,0.0141214660942333,1.1079101479611893,hold
2023-12-20,0,-1,0.0049597940765233,-0.0049597940765233,1.1024151417720114,hold
2023-12-21,0,-1,0.0044389265566107,-0.0044389265566107,1.0975216019227898,hold
2023-12-22,0,-1,0.0043068759341071,-0.0043068759341071,1.092794712548306,hold
2023-12-26,0,-1,0.0099527499207277,-0.0099527499207277,1.0819184000596191,hold
2023-12-27,0,-1,0.0057238813077962,-0.0057238813077962,1.0757256275529572,hold
2023-12-28,0,-1,-0.0021717930740454,0.0021717930740454,1.0780618810204499,hold
2023-12-29,-1,-1,0.0004831718072126,-0.0004831718072126,1.0775409919131103,hold
2024-01-01,-1,-1,-0.003500136051024,0.003500136051024,1.0813125319853616,hold
2024-01-02,-1,-1,-0.0068518663756694,0.0068518663756694,1.088721540964862,hold
2024-01-03,-1,-1,0.0065644701863494,-0.0065644701863494,1.0815746608679617,hold
2024-01-04,0,-1,0.0024101822286055,-0.0024101822286055,1.0789678688414277,hold
2024-01-05,-1,-1,-0.009110708685643,0.009110708685643,1.088798030775611,hold
2024-01-08,-1,-1,0.0014804820050666,-0.0014804820050666,1.087186084883896,hold
2024-01-09,-1,-1,0.0034277152411805,-0.0034277152411805,1.08345952057074,hold
2024-01-10,-1,-1,0.0013183031833516,-0.0013183031833516,1.082031192435739,hold
2024-01-11,-1,-1,0.0114264926377058,-0.0114264926377058,1.069667370981604,hold
2024-01-12,0,-1,0.0092670746948486,-0.0092670746948486,1.0597546835560752,hold
2024-01-15,1,1,-0.0029482333845447,-0.0029482333845447,1.0561004020768094,flip
2024-01-16,-1,-1,-0.0208943935120824,0.0208943935120824,1.0776389292650324,flip
2024-01-17,-1,-1,-0.0050852715087356,0.0050852715087356,1.083119015808728,hold
2024-01-18,-1,-1,0.0074619571864553,-0.0074619571864553,1.0750368280849278,hold
2024-01-19,0,-1,-0.0177408429427344,0.0177408429427344,1.0941088876096379,hold
2024-01-23,0,-1,0.0101299710711508,-0.0101299710711508,1.0830255962294633,hold
2024-01-24,0,-1,-0.0047240537554001,0.0047240537554001,1.0881418673645256,hold
2024-01-25,-1,-1,0.0180305914522447,-0.0180305914522447,1.0685220259119932,hold
2024-01-29,1,1,-0.0099136981024832,-0.0099136981024832,1.057394760118292,flip
2024-01-30,0,1,0.0094600254190029,0.0094600254190029,1.0673977414269316,hold
2024-01-31,1,1,-0.0013003033741542,-0.0013003033741542,1.0660098005421896,hold
2024-02-01,-1,-1,0.0072059881750932,-0.0072059881750932,1.057795141624678,flip
2024-02-02,0,-1,-0.0037568550808078,0.0037568550808078,1.0617691246769445,hold
2024-02-05,-1,-1,0.0072434021015312,-0.0072434021015312,1.0540783039679187,hold
2024-02-06,1,1,5.014315737827957e-05,5.014315737827957e-05,1.0536041196302197,flip
2024-02-07,-1,-1,-0.0096920171108729,0.0096920171108729,1.063288866725947,flip
2024-02-08,-1,-1,0.0029722318898448,-0.0029722318898448,1.0601285256481472,hold
2024-02-09,-1,-1,-0.0076414194307357,0.0076414194307357,1.0682294123631122,hold
2024-02-12,0,-1,0.0058844800115076,-0.0058844800115076,1.061943437738357,hold
2024-02-13,0,-1,0.0044519922849619,-0.0044519922849619,1.05721567374648,hold
2024-02-14,0,-1,0.0032371361888359,-0.0032371361888359,1.0537933226295906,hold
2024-02-15,-1,-1,0.0059308430222606,-0.0059308430222606,1.0475434398551682,hold
2024-02-16,0,-1,0.0037000088082788,-0.0037000088082788,1.0436675199006493,hold
2024-02-19,-1,-1,0.003376655573009,-0.003376655573009,1.0401434141532082,hold
2024-02-20,-1,-1,-0.00639270001033,0.00639270001033,1.0467927389676102,hold
2024-02-21,-1,-1,0.0073633218581414,-0.0073633218581414,1.0390848671118262,hold
2024-02-22,1,1,-0.0002137959201901,-0.0002137959201901,1.0383431725729506,flip
2024-02-23,-1,-1,-0.0040809285088362,0.0040809285088362,1.0420614052415724,flip
2024-02-26,-1,-1,0.0034489943486464,-0.0034489943486464,1.0384673413439516,hold
2024-02-27,-1,-1,-0.0111359278099485,0.0111359278099485,1.050031638690147,hold
2024-02-28,0,-1,0.0014418556686905,-0.0014418556686905,1.0485176446195972,hold
2024-02-29,-1,-1,0.0161921687000685,-0.0161921687000685,1.0315398700329181,hold
2024-03-01,0,-1,0.0029925402887358,-0.0029925402887358,1.0284529454124074,hold
2024-03-04,0,-1,-0.0022002905070378,0.0022002905070378,1.0307158406651333,hold
2024-03-05,-1,-1,0.0052669715420341,-0.0052669715420341,1.0252870896644262,hold
2024-03-06,-1,-1,0.000867667346212,-0.000867667346212,1.0243974815362316,hold
2024-03-07,-1,-1,-0.0071531788017711,0.0071531788017711,1.0317251798857443,hold
2024-03-11,-1,-1,0.000136518866846,-0.000136518866846,1.0315843299332899,hold
2024-03-12,-1,-1,-0.0151327252704165,0.0151327252704165,1.047195012191437,hold
2024-03-13,0,-1,0.0067712159528048,-0.0067712159528048,1.0401042286191888,hold
2024-03-14,0,-1,-0.0055674686273187,0.0055674686273187,1.0458949762811676,hold
2024-03-15,0,-1,0.0014688778023679,-0.0014688778023679,1.0443586843669,hold
2024-03-18,-1,-1,-0.0108021966402886,0.0108021966402886,1.0556400522384244,hold
2024-03-19,0,-1,0.0009923428906801,-0.0009923428906801,1.0545924953374683,hold
2024-03-20,-1,-1,0.0079146856998078,-0.0079146856998078,1.0462457271954964,hold
2024-03-21,0,-1,0.0038524885010076,-0.0038524885010076,1.0422150775622474,hold
2024-03-22,0,-1,-0.0041658063402989,0.0041658063402989,1.0465567437403114,hold
2024-03-26,-1,-1,0.0054057167831516,-0.0054057167831516,1.040899354386154,hold
2024-03-27,1,1,0.0091870010785439,0.0091870010785439,1.0499416482003623,flip
2024-03-28,1,1,0.0060509791780918,0.0060509791780918,1.056294823251834,hold
2024-04-01,1,1,-0.0003872860275131,-0.0003872860275131,1.0558857350258541,hold
2024-04-02,-1,-1,-0.0008306302403686,0.0008306302403686,1.0562348427802277,flip
2024-04-03,-1,-1,0.0035659124883635,-0.0035659124883635,1.0524684017637131,hold
2024-04-04,-1,-1,-4.224679746289706e-05,4.224679746289706e-05,1.0525128651831186,hold
2024-04-05,-1,-1,0.0067781647528144,-0.0067781647528144,1.0453787595784507,hold
2024-04-08,0,-1,-0.0010390218270411,0.0010390218270411,1.0464649309271778,hold
2024-04-09,-1,-1,0.0049044741142307,-0.0049044741142307,1.0413325707619954,hold
2024-04-10,-1,-1,-0.0103015928142499,0.0103015928142499,1.0520599548902014,hold
2024-04-12,-1,-1,-0.010963897188301,0.010963897188301,1.0635946320715461,hold
2024-04-15,-1,-1,-0.005594325260972,0.005594325260972,1.0695447263891782,hold
2024-04-16,-1,-1,-0.0068652458503182,0.0068652458503182,1.0768874138837512,hold
2024-04-18,-1,-1,0.0068717686886063,-0.0068717686886063,1.0694872926718706,hold
2024-04-19,-1,-1,0.0085519659829773,-0.0085519659829773,1.0603410737257144,hold
2024-04-22,0,-1,0.0014147135985376,-0.0014147135985376,1.0588409947896267,hold
2024-04-23,-1,-1,0.0015379287654238,-0.0015379287654238,1.0572125727657298,hold
2024-04-24,-1,-1,0.0074969296067168,-0.0074969296067168,1.0492867245283692,hold
2024-04-25,1,1,-0.0066636269808832,-0.0066636269808832,1.0417700258378553,flip
2024-04-26,-1,-1,0.0099666225688024,-0.0099666225688024,1.030866212173919,flip
2024-04-29,1,1,-0.0017025173156396,-0.0017025173156396,1.028595711491498,flip
2024-04-30,-1,-1,0.001917712797214,-0.001917712797214,1.0261088624766657,flip
2024-05-02,-1,-1,-0.0076098592965534,0.0076098592965534,1.0339174065430596,hold
2024-05-03,0,-1,-0.0014749338156797,0.0014749338156797,1.0354423662885899,hold
2024-05-06,-1,-1,-0.006246985595782,0.006246985595782,1.0419107598360573,hold
2024-05-07,0,-1,0.0,-0.0,1.0419107598360573,hold
2024-05-08,-1,-1,-0.0154691178119045,0.0154691178119045,1.058028200129452,hold
2024-05-09,0,-1,0.004449469144939,-0.004449469144939,1.0533205362985008,hold
2024-05-10,0,-1,0.0022149680905385,-0.0022149680905385,1.0509874649214908,hold
2024-05-13,-1,-1,0.0051483245877055,-0.0051483245877055,1.045576640314465,hold
2024-05-14,0,-1,-0.0007786004689536,0.0007786004689536,1.0463907267769408,hold
2024-05-15,-1,-1,0.0091573776762647,-0.0091573776762647,1.0368085316949032,hold
2024-05-16,1,1,0.002778540343975,0.002778540343975,1.0391709417633477,flip
2024-05-17,0,1,0.0028020516676037,0.0028020516676037,1.042082752433641,hold
2024-05-21,0,1,0.00305161547495,0.00305161547495,1.045262788287146,hold
2024-05-22,0,1,0.016366619608483,0.016366619608483,1.062370206733944,hold
2024-05-23,0,1,-0.0004593757337192,-0.0004593757337192,1.061882179640744,hold
2024-05-24,-1,-1,-0.0010737589261899,0.0010737589261899,1.0624914440198752,flip
2024-05-27,-1,-1,-0.0019317094176221,0.0019317094176221,1.0645438687484312,hold
2024-05-28,-1,-1,-0.008015115627261,0.008015115627261,1.0730763109467416,hold
2024-05-29,-1,-1,-0.0095155996581792,0.0095155996581792,1.0832872755243868,hold
2024-05-30,-1,-1,0.0018697799732139,-0.0018697799732139,1.0812617666713737,hold
2024-05-31,-1,-1,0.0325423176953527,-0.0325423176953527,1.0460750027485157,hold
2024-06-03,0,-1,-0.0592935994164107,0.0592935994164107,1.108100554921007,hold
2024-06-04,-1,-1,0.0336242367600356,-0.0336242367600356,1.0708415195084162,hold
2024-06-05,0,-1,0.0088880492442378,-0.0088880492442378,1.061323827350251,hold
2024-06-06,0,-1,0.0205399314668071,-0.0205399314668071,1.0395243086723873,hold
2024-06-07,0,-1,-0.0013289382574128,0.0013289382574128,1.0409057722956927,hold
2024-06-10,-1,-1,0.0002429314342191,-0.0002429314342191,1.0406529035635421,hold
2024-06-11,-1,-1,0.0024973129141392,-0.0024973129141392,1.0380540676283363,hold
2024-06-12,-1,-1,0.003256499474515,-0.003256499474515,1.0346736451025864,hold
2024-06-13,-1,-1,0.0028505279152657,-0.0028505279152657,1.0317242789940317,hold
2024-06-14,-1,-1,0.0039334507869606,-0.0039334507869606,1.0276660423168964,hold
2024-06-18,-1,-1,-0.0017786131162043,0.0017786131162043,1.029493862618839,hold
2024-06-19,-1,-1,0.0021687361796223,-0.0021687361796223,1.0272611620322785,hold
2024-06-20,-1,-1,-0.0027962995130903,0.0027962995130903,1.030133691919486,hold
2024-06-21,-1,-1,0.001563756616109,-0.001563756616109,1.02852281354327,hold
2024-06-24,-1,-1,0.0077938798539154,-0.0077938798539154,1.0205066303075028,hold
2024-06-25,0,-1,0.0062180401218379,-0.0062180401218379,1.014161079135649,hold
2024-06-26,-1,-1,0.0073610408985447,-0.0073610408985447,1.0066957979544193,hold
2024-06-27,0,-1,-0.0014099020825968,0.0014099020825968,1.0081151404564967,hold
2024-06-28,-1,-1,0.0054704843490753,-0.0054704843490753,1.0026002623585637,hold
2024-07-01,0,-1,-0.0007497161563467,0.0007497161563467,1.0033519279736114,hold
2024-07-02,-1,-1,0.0067423066077227,-0.0067423066077227,0.9965870216397636,hold
2024-07-03,0,-1,0.0006444070008029,-0.0006444070008029,0.9959448139861097,hold
2024-07-04,-1,-1,0.0008928929498506,-0.0008928929498506,0.9950555418832612,hold
2024-07-05,-1,-1,-0.0001356211363734,0.0001356211363734,0.9951904924466061,hold
2024-07-08,-1,-1,0.0046318209860134,-0.0046318209860134,0.9905809482386109,hold
2024-07-09,-1,-1,-0.0044509111977667,0.0044509111977667,0.9949899360734203,hold
2024-07-10,-1,-1,-0.0003494426502141,0.0003494426502141,0.9953376279936182,hold
2024-07-11,-1,-1,0.007657573644356,-0.007657573644356,0.9877157568062584,hold
2024-07-12,0,-1,0.0034506697076412,-0.0034506697076412,0.9843074759644872,hold
2024-07-15,-1,-1,0.0010697158254551,-0.0010697158254551,0.9832545466803342,hold
2024-07-16,-1,-1,0.0076321297434283,-0.0076321297434283,0.9757502204092541,hold
2024-07-18,0,-1,-0.0108846762510892,0.0108846762510892,0.9863709456603378,hold
2024-07-19,-1,-1,-0.0008825762723847,0.0008825762723847,0.9872414932527473,hold
2024-07-22,-1,-1,-0.0012321559717249,0.0012321559717249,0.9884579287541935,hold
2024-07-23,-1,-1,-0.0026778318259059,0.0026778318259059,0.9911048528543805,hold
2024-07-24,-1,-1,-0.0003031269840456,0.0003031269840456,0.9914052834792993,hold
2024-07-25,-1,-1,0.0175673297602745,-0.0175673297602745,0.97398893993834,hold
2024-07-26,1,1,5.03324972633834e-05,5.03324972633834e-05,0.9735509687640249,flip
2024-07-29,-1,-1,0.0008536433743,-0.0008536433743,0.9722331279456141,flip
2024-07-30,0,-1,0.0037755350108565,-0.0037755350108565,0.9685624277323409,hold
2024-07-31,-1,-1,0.0023946791656728,-0.0023946791656728,0.9662430314659968,hold
2024-08-01,-1,-1,-0.0117229354919546,0.0117229354919546,0.9775702361934233,hold
2024-08-02,0,-1,-0.0267864578946228,0.0267864578946228,1.003755880164255,hold
2024-08-05,-1,-1,-0.0026209626510589,0.0026209626510589,1.0063866868369462,hold
2024-08-06,-1,-1,0.0127101624804444,-0.0127101624804444,0.9935953485290925,hold
2024-08-07,-1,-1,-0.007428747813561,0.007428747813561,1.0009765178020424,hold
2024-08-08,-1,-1,0.0103868640378157,-0.0103868640378157,0.9905795108065863,hold
2024-08-09,-1,-1,-0.0008412844977941,0.0008412844977941,0.9914128699928604,hold
2024-08-12,-1,-1,-0.0085431469996303,0.0085431469996303,0.9998826558785346,hold
2024-08-13,-1,-1,0.0001967769998756,-0.0001967769998756,0.9996859019692832,hold
2024-08-14,-1,-1,0.0164597624902924,-0.0164597624902924,0.9832313094579751,hold
2024-08-16,0,-1,0.0012835584110202,-0.0012835584110202,0.9819692746407419,hold
2024-08-19,-1,-1,0.0051357593399101,-0.0051357593399101,0.976926116767001,hold
2024-08-20,-1,-1,0.0028887826964991,-0.0028887826964991,0.9741039895051264,hold
2024-08-21,-1,-1,0.0016673576536574,-0.0016673576536574,0.9724798097627668,hold
2024-08-22,-1,-1,0.0004695560778267,-0.0004695560778267,0.972023175957529,hold
2024-08-23,-1,-1,0.007551387144671,-0.007551387144671,0.964683052642281,hold
2024-08-26,-1,-1,0.000285894410237,-0.000285894410237,0.9644072551498802,hold
2024-08-27,-1,-1,0.0013830024432652,-0.0013830024432652,0.9630734775597053,hold
2024-08-28,-1,-1,0.0039756594063229,-0.0039756594063229,0.9592446254296649,hold
2024-08-29,-1,-1,0.0033377600735777,-0.0033377600735777,0.9560428970181118,hold
2024-08-30,-1,-1,0.0016959501132323,-0.0016959501132323,0.954421495958659,hold
2024-09-02,-1,-1,4.550829989491412e-05,-4.550829989491412e-05,0.9543780618589948,hold
2024-09-03,-1,-1,-0.0032100820170585,0.0032100820170585,0.9574416937128434,hold
2024-09-04,-1,-1,-0.0021270784221717,0.0021270784221717,0.9594782472800274,hold
2024-09-05,-1,-1,-0.0116503502989019,0.0116503502989019,0.9706565049650161,hold
2024-09-06,-1,-1,0.0033900486950126,-0.0033900486950126,0.967365932147054,hold
2024-09-09,-1,-1,0.0041986500501236,-0.0041986500501236,0.9633043011275568,hold
2024-09-10,-1,-1,-0.0048979634496194,0.0048979634496194,0.9680225303853407,hold
2024-09-11,-1,-1,0.0188796328272711,-0.0188796328272711,0.9497466204431395,hold
2024-09-12,1,1,-0.0012761636040355,-0.0012761636040355,0.9480597150628528,flip
2024-09-13,-1,-1,0.0010746751326089,-0.0010746751326089,0.9465668290053151,flip
2024-09-16,-1,-1,0.0013709866056039,-0.0013709866056039,0.9452690985614399,hold
2024-09-17,0,-1,-0.0016129951842196,0.0016129951842196,0.9467938130652112,hold
2024-09-18,-1,-1,0.0015072376499098,-0.0015072376499098,0.9453667697834576,hold
2024-09-19,-1,-1,0.0147604413777415,-0.0147604413777415,0.931412738997604,hold
2024-09-20,1,1,0.0057423850996662,0.0057423850996662,0.9362955632621645,flip
2024-09-23,-1,-1,5.203002169906768e-05,-5.203002169906768e-05,0.9357787000020602,flip
2024-09-24,-1,-1,0.0024575565157058,-0.0024575565157058,0.9334789709606115,hold
2024-09-25,-1,-1,0.008148714241454,-0.008148714241454,0.9258723175758469,hold
2024-09-26,0,-1,-0.0014152231703233,0.0014152231703233,0.9271826335324411,hold
2024-09-27,-1,-1,-0.0140609008520233,0.0140609008520233,0.9402196566142587,hold
2024-09-30,0,-1,-0.0005404401234794,0.0005404401234794,0.9407277890415771,hold
2024-10-01,-1,-1,-0.0211963752609873,0.0211963752609873,0.9606678082765413,hold
2024-10-03,0,-1,-0.0093266958801446,0.0093266958801446,0.9696276647661817,hold
2024-10-04,-1,-1,-0.0087488751686026,0.0087488751686026,0.9781108161652448,hold
2024-10-07,-1,-1,0.0087676473034692,-0.0087676473034692,0.9695350855053995,hold
2024-10-08,-1,-1,-0.0012473907279866,0.0012473907279866,0.9707444745815166,hold
2024-10-09,-1,-1,0.0006604768849507,-0.0006604768849507,0.9701033202948618,hold
2024-10-10,-1,-1,-0.0013680536120755,0.0013680536120755,0.9714304736462775,hold
2024-10-11,-1,-1,0.0065573457544287,-0.0065573457544287,0.9650604681541904,hold
2024-10-14,0,-1,-0.0028096049048969,0.0028096049048969,0.9677719067790386,hold
2024-10-15,-1,-1,-0.0034340754096676,0.0034340754096676,0.9710953084862756,hold
2024-10-16,-1,-1,-0.0088682273228345,0.0088682273228345,0.9797072024340698,hold
2024-10-17,0,-1,0.0042101739412401,-0.0042101739412401,0.9755824647003366,hold
2024-10-18,-1,-1,-0.0029351823779982,0.0029351823779982,0.978445977159009,hold
2024-10-21,-1,-1,-0.0124691803378693,0.0124691803378693,0.9906463964990675,hold
2024-10-22,0,-1,-0.0014955647434917,0.0014955647434917,0.9921279723229387,hold
2024-10-23,-1,-1,-0.0014773427748562,0.0014773427748562,0.9935936854145827,hold
2024-10-24,-1,-1,-0.0089592205494931,0.0089592205494931,1.0024955103787956,hold
2024-10-25,0,-1,0.0065485676346082,-0.0065485676346082,0.995930600725689,hold
2024-10-28,-1,-1,0.0052466588480091,-0.0052466588480091,0.9907052926273885,hold
2024-10-29,0,-1,-0.0051498252538292,0.0051498252538292,0.9958072517624632,hold
2024-10-30,-1,-1,-0.005566773640794,0.005566773640794,1.001350685322886,hold
2024-10-31,0,-1,0.0040900049616161,-0.0040900049616161,0.9972551560515978,hold
2024-11-01,-1,-1,-0.0127137736646451,0.0127137736646451,1.009934032391538,hold
2024-11-04,0,-1,0.0090830588186072,-0.0090830588186072,1.0007607421724125,hold
2024-11-05,-1,-1,0.0111818707596305,-0.0111818707596305,0.9895703648921287,hold
2024-11-06,0,-1,-0.0116280257061476,0.0116280257061476,1.0010771145331363,hold
2024-11-07,-1,-1,-0.0021137093124677,0.0021137093124677,1.0031931005526233,hold
2024-11-08,-1,-1,-0.0002856708874028,0.0002856708874028,1.0034796836158946,hold
2024-11-11,-1,-1,-0.0106809307765333,0.0106809307765333,1.0141977806522533,hold
2024-11-12,0,-1,-0.0135825623229214,0.0135825623229214,1.027973185215731,hold
2024-11-13,0,-1,-0.0011185324376894,0.0011185324376894,1.0291230065684698,hold
2024-11-14,-1,-1,-0.0033527151631265,0.0033527151631265,1.0325733628773142,hold
2024-11-18,-1,-1,0.0027585814066317,-0.0027585814066317,1.0297249251974976,hold
2024-11-19,-1,-1,-0.0071688079331164,0.0071688079331164,1.0371068254101812,hold
2024-11-21,0,-1,0.0238694641112378,-0.0238694641112378,1.012351641261533,hold
2024-11-22,0,-1,0.0131612958673623,-0.0131612958673623,0.9990277817890801,hold
2024-11-25,0,-1,-0.0011312238174179,0.0011312238174179,1.0001579058101022,hold
2024-11-26,-1,-1,0.0033230854378061,-0.0033230854378061,0.996834295637798,hold
2024-11-27,-1,-1,-0.0148610290544929,0.0148610290544929,1.0116482790677863,hold
2024-11-28,-1,-1,0.0090720019405352,-0.0090720019405352,1.0024706039169444,hold
2024-11-29,0,-1,0.0060068200049485,-0.0060068200049485,0.9964489434389634,hold
2024-12-02,0,-1,0.0074600111445999,-0.0074600111445999,0.9890154232158839,hold
2024-12-03,0,-1,0.0004210968146538,-0.0004210968146538,0.9885989519715241,hold
2024-12-04,-1,-1,0.0098478255628851,-0.0098478255628851,0.9788634019408575,hold
2024-12-05,0,-1,-0.0012384293961259,0.0012384293961259,0.9800756551526129,hold
2024-12-06,-1,-1,-0.0023827399277279,0.0023827399277279,0.982410920548339,hold
2024-12-09,-1,-1,-0.00036350862139,0.00036350862139,0.9827680353877061,hold
2024-12-10,-1,-1,0.0012901233029631,-0.0012901233029631,0.9815001434438452,hold
2024-12-11,-1,-1,-0.0037781963796591,0.0037781963796591,0.9852084437324395,hold
2024-12-12,-1,-1,0.0089455478085889,-0.0089455478085889,0.9763952144976055,hold
2024-12-13,0,-1,-0.0040394689217332,0.0040394689217332,0.9803393326218975,hold
2024-12-16,-1,-1,-0.0134687300477334,0.0134687300477334,0.993543258448157,hold
2024-12-17,0,-1,-0.0056356998120069,0.0056356998120069,0.999142570003014,hold
2024-12-18,-1,-1,-0.010213311567061,0.010213311567061,1.0093471243703689,hold
2024-12-19,-1,-1,-0.0152055691508056,0.0152055691508056,1.0246948218671492,hold
2024-12-20,-1,-1,0.0070354729729729,-0.0070354729729729,1.0174856091423576,hold
2024-12-23,-1,-1,-0.0010861087115143,0.0010861087115143,1.0185907091262876,hold
2024-12-24,-1,-1,0.0009503186263191,-0.0009503186263191,1.0176227234028092,hold
2024-12-26,-1,-1,0.002661079652128,-0.002661079652128,1.014914748280019,hold
2024-12-27,-1,-1,-0.0070758479358679,0.0070758479358679,1.022096130706718,hold
2024-12-30,-1,-1,-4.212721278373799e-06,4.212721278373799e-06,1.0221004365128366,hold
2024-12-31,-1,-1,0.0041488871182535,-0.0041488871182535,1.0178598571782271,hold
2025-01-01,-1,-1,0.0187740331916654,-0.0187740331916654,0.9987505224350993,hold
2025-01-02,0,-1,-0.0076027553276091,0.0076027553276091,1.0063437782904952,hold
2025-01-03,-1,-1,-0.0161925959966257,0.0161925959966257,1.022639096526071,hold
2025-01-06,-1,-1,0.0038892874268343,-0.0038892874268343,1.018661759145763,hold
2025-01-07,-1,-1,-0.0007993610384197,0.0007993610384197,1.019476037667352,hold
2025-01-08,-1,-1,-0.0068575949591475,0.0068575949591475,1.0264671914042311,hold
2025-01-09,0,-1,-0.0040379997024632,0.0040379997024632,1.0306120656177096,hold
2025-01-10,-1,-1,-0.0147472753024774,0.0147472753024774,1.0458107854794287,hold
2025-01-13,0,-1,0.0039028744993869,-0.0039028744993869,1.0417291172335974,hold
2025-01-14,-1,-1,0.0016028803979861,-0.0016028803979861,1.0400593500515722,hold
2025-01-15,-1,-1,0.0042476507253836,-0.0042476507253836,1.0356415411988837,hold
2025-01-16,-1,-1,-0.0046586517926727,0.0046586517926727,1.0404662345213562,hold
2025-01-17,0,-1,0.0061004855371675,-0.0061004855371675,1.0341188853057477,hold
2025-01-20,-1,-1,-0.0137118456772935,0.0137118456772935,1.0482985638730349,hold
2025-01-21,0,-1,0.0056764909144164,-0.0056764909144164,1.042347906599614,hold
2025-01-22,-1,-1,0.0021593282262408,-0.0021593282262408,1.0400971353433304,hold
2025-01-23,-1,-1,-0.0048760476583936,0.0048760476583936,1.0451686985446231,hold
2025-01-24,-1,-1,-0.0113912419355629,0.0113912419355629,1.0570744680532222,hold
2025-01-27,0,-1,0.0056112298172781,-0.0056112298172781,1.0511429802789987,hold
2025-01-28,0,-1,0.0089666492883511,-0.0089666492883511,1.0417177498229246,hold
2025-01-29,0,-1,0.0037300875997627,-0.0037300875997627,1.0378320513618575,hold
2025-01-30,-1,-1,0.0111357401503258,-0.0111357401503258,1.0262750233182123,hold
2025-01-31,1,1,-0.0011166221250199,-0.0011166221250199,1.0246159244091608,flip
2025-02-01,-1,-1,-0.0051570919766934,0.0051570919766934,1.029387655009919,flip
2025-02-03,-1,-1,0.0161893068206311,-0.0161893068206311,1.0127225824255934,hold
2025-02-04,1,1,-0.0018092070621439,-0.0018092070621439,1.0103839962862637,flip
2025-02-05,-1,-1,-0.0039226026346081,0.0039226026346081,1.0138421392139192,flip
2025-02-06,-1,-1,-0.0018387386257991,0.0018387386257991,1.0157063299157547,hold
2025-02-07,-1,-1,-0.0075700336923079,0.0075700336923079,1.0233952610547075,hold
2025-02-10,-1,-1,-0.0132496849360461,0.0132496849360461,1.036954925828725,hold
2025-02-11,0,-1,-0.0011507892904301,0.0011507892904301,1.0381482424520274,hold
2025-02-12,-1,-1,-0.0006009745771905,0.0006009745771905,1.038772143153096,hold
2025-02-13,-1,-1,-0.0044352661537063,0.0044352661537063,1.043379374081036,hold
2025-02-14,-1,-1,0.0013192755977626,-0.0013192755977626,1.042002869133602,hold
2025-02-17,-1,-1,-0.0006184463402948,0.0006184463402948,1.0426472919945944,hold
2025-02-18,-1,-1,-0.0005404326900405,0.0005404326900405,1.0432107726753703,hold
2025-02-19,-1,-1,-0.0008612081186238,0.0008612081186238,1.0441091942622343,hold
2025-02-20,-1,-1,-0.0051171487988824,0.0051171487988824,1.0494520563715553,hold
2025-02-21,0,-1,-0.0106401053300685,0.0106401053300685,1.0606183367902056,hold
2025-02-24,0,-1,-0.0002571160481895,0.0002571160481895,1.0608910387855983,hold
2025-02-25,-1,-1,-0.0001108767876499,0.0001108767876499,1.0610086669760255,hold
2025-02-27,-1,-1,-0.0186449596666951,0.0186449596666951,1.0807911307778073,hold
2025-02-28,0,-1,-0.0002440004922383,0.0002440004922383,1.081054844345724,hold
2025-03-03,-1,-1,-0.0016569416451024,0.0016569416451024,1.08284608913796,hold
2025-03-04,-1,-1,0.0115316950692254,-0.0115316950692254,1.0703590382311179,hold
2025-03-05,0,-1,0.009284847776867,-0.009284847776867,1.0604209174945483,hold
2025-03-06,0,-1,0.0003460139864501,-0.0003460139864501,1.060053997025571,hold
2025-03-07,-1,-1,-0.0040882039130917,0.0040882039130917,1.0643877139242992,hold
2025-03-10,-1,-1,0.001674047455606,-0.001674047455606,1.062605878380026,hold
2025-03-11,-1,-1,-0.0012179087892316,0.0012179087892316,1.0639000354187944,hold
2025-03-12,-1,-1,-0.0032620894617386,0.0032620894617386,1.0673705725126774,hold
2025-03-13,-1,-1,0.0049805683362682,-0.0049805683362682,1.0620544604361564,hold
2025-03-17,-1,-1,0.0144632989948354,-0.0144632989948354,1.0466936492260697,hold
2025-03-18,-1,-1,0.0032100316461272,-0.0032100316461272,1.0433337294882536,hold
2025-03-19,-1,-1,0.01235619558909,-0.01235619558909,1.030442093862002,hold
2025-03-20,0,-1,0.0068885519512889,-0.0068885519512889,1.0233438399656387,hold
2025-03-21,0,-1,0.0131881772302988,-0.0131881772302988,1.0098478000366373,hold
2025-03-24,0,-1,0.0004353972876416,-0.0004353972876416,1.0094081150435705,hold
2025-03-25,-1,-1,-0.0076810793285454,0.0076810793285454,1.0171614588500977,hold
2025-03-26,-1,-1,0.0044748278770025,-0.0044748278770025,1.0126098363986227,hold
2025-03-27,-1,-1,-0.0030773044101545,0.0030773044101545,1.015725945113938,hold
2025-03-28,-1,-1,-0.0150365718652369,0.0150365718652369,1.0309989812830296,hold
2025-04-01,0,-1,0.0071938424586863,-0.0071938424586863,1.0235821370366134,hold
2025-04-02,0,-1,-0.0035251486188494,0.0035251486188494,1.027190416193267,hold
2025-04-03,-1,-1,-0.0148666197750665,0.0148666197750665,1.0424612655474046,hold
2025-04-04,0,-1,-0.0324325462830553,0.0324325462830553,1.0762709387905631,hold
2025-04-07,-1,-1,0.0168873189028142,-0.0168873189028142,1.0580956082213757,hold
2025-04-08,-1,-1,-0.0060658560080705,0.0060658560080705,1.0645138638236182,hold
2025-04-09,0,-1,0.0191703874091904,-0.0191703874091904,1.0441067206516652,hold
2025-04-11,0,-1,0.0219023977821084,-0.0219023977821084,1.0212382799289796,hold
2025-04-15,1,1,0.004657316201027,0.004657316201027,1.0254838903752375,flip
2025-04-16,0,1,0.0176834769379541,0.0176834769379541,1.0436180111009314,hold
2025-04-17,0,1,0.0114834984640164,0.0114834984640164,1.055602396928429,hold
2025-04-21,0,1,0.0017284255654137,0.0017284255654137,1.057426927098192,hold
2025-04-22,-1,-1,0.0066908406521222,-0.0066908406521222,1.0498231385641656,flip
2025-04-23,0,-1,-0.0033807460922566,0.0033807460922566,1.053372324037427,hold
2025-04-24,-1,-1,-0.0085516633626838,0.0085516633626838,1.062380409548163,hold
2025-04-25,-1,-1,0.0120282118827472,-0.0120282118827472,1.049601872882038,hold
2025-04-28,0,-1,0.0003061930965739,-0.0003061930965739,1.0492804920344105,hold
2025-04-29,-1,-1,-7.191007773188485e-05,7.191007773188485e-05,1.0493559458761554,hold
2025-04-30,-1,-1,0.0005136803511647,-0.0005136803511647,1.048816912345381,hold
2025-05-02,-1,-1,0.0047008906976129,-0.0047008906976129,1.0438865386786376,hold
2025-05-05,-1,-1,-0.0033338898599493,0.0033338898599493,1.047366741424876,hold
2025-05-06,-1,-1,0.0014274549954715,-0.0014274549954715,1.0458716725377384,hold
2025-05-07,-1,-1,-0.0057588802970967,0.0057588802970967,1.0518947223060076,hold
2025-05-08,-1,-1,-0.0109501096942064,0.0109501096942064,1.0634130849020151,hold
2025-05-09,0,-1,0.0381830730902199,-0.0381830730902199,1.0228087053561052,hold
2025-05-12,0,-1,-0.0138958390765435,0.0138958390765435,1.0370214905318216,hold
2025-05-13,-1,-1,0.0036027960647213,-0.0036027960647213,1.0332853135867022,hold
2025-05-14,-1,-1,0.0160214381414618,-0.0160214381414618,1.016730596852592,hold
2025-05-15,0,-1,-0.0016877607536591,0.0016877607536591,1.0184465948510042,hold
2025-05-16,-1,-1,-0.0029717088137536,0.0029717088137536,1.0214731215732602,hold
2025-05-19,-1,-1,-0.0104848313546668,0.0104848313546668,1.032183094986281,hold
2025-05-20,-1,-1,0.0052483127088862,-0.0052483127088862,1.026765875330967,hold
2025-05-21,0,-1,-0.0082112727740422,0.0082112727740422,1.0351969300083879,hold
2025-05-22,-1,-1,0.0098924887180058,-0.0098924887180058,1.0249562560573655,hold
2025-05-23,0,-1,0.0059549794562796,-0.0059549794562796,1.0188526626089587,hold
2025-05-26,-1,-1,-0.0069977248703164,0.0069977248703164,1.0259823132252854,hold
2025-05-27,-1,-1,-0.0029706520659956,0.0029706520659956,1.029030149703743,hold
2025-05-28,-1,-1,0.0032784792287758,-0.0032784792287758,1.0256564957321552,hold
2025-05-29,-1,-1,-0.0033382349691143,0.0033382349691143,1.0290803781125075,hold
2025-05-30,-1,-1,-0.0013777230725331,0.0013777230725331,1.0304981658929242,hold
2025-06-02,-1,-1,-0.0070438333802584,0.0070438333802584,1.037756823272136,hold
2025-06-03,-1,-1,0.0031659048079861,-0.0031659048079861,1.0344713839558184,hold
2025-06-04,-1,-1,0.0053086967621067,-0.0053086967621067,1.0289796890693201,hold
2025-06-05,0,-1,0.0101875239545026,-0.0101875239545026,1.0184969338382297,hold
2025-06-06,1,1,0.0040054487100871,0.0040054487100871,1.0220672226011807,flip
2025-06-09,0,1,4.18584595869298e-05,4.18584595869298e-05,1.022110004760713,hold
2025-06-10,-1,-1,0.0014798446727146,-0.0014798446727146,1.0200863857128593,flip
2025-06-11,0,-1,-0.0100710846627866,0.0100710846627866,1.0303597620667293,hold
2025-06-12,-1,-1,-0.0068144588479197,0.0068144588479197,1.0373811062638854,hold
2025-06-13,0,-1,0.0092197937677085,-0.0092197937677085,1.027816666405615,hold
2025-06-16,0,-1,-0.0037319707924959,0.0037319707924959,1.0316524481846812,hold
2025-06-17,-1,-1,-0.0016637405234334,0.0016637405234334,1.0333688501688254,hold
2025-06-18,-1,-1,-0.0007577278241026,0.0007577278241026,1.0341518624991592,hold
2025-06-19,-1,-1,0.0128724709598377,-0.0128724709598377,1.0208397726810767,hold
2025-06-20,0,-1,-0.0055948454872697,0.0055948454872697,1.0265512134764867,hold
2025-06-23,-1,-1,0.0029012296868362,-0.0029012296868362,1.023572952620891,hold
2025-06-24,-1,-1,0.0080018205204253,-0.0080018205204253,1.0153825055644567,hold
2025-06-25,0,-1,0.0120520108141297,-0.0120520108141297,1.0031451046269158,hold
2025-06-26,0,-1,0.003475704773181,-0.003475704773181,0.9996584683985708,hold
2025-06-27,-1,-1,-0.0047098423546652,0.0047098423546652,1.004366702193234,hold
2025-06-30,-1,-1,0.0009699396772837,-0.0009699396772837,1.0033925270782345,hold
2025-07-01,-1,-1,-0.0034610085397696,0.0034610085397696,1.0068652771831932,hold
2025-07-02,-1,-1,-0.0018897125192245,0.0018897125192245,1.0087679631026587,hold
2025-07-03,-1,-1,0.0021924250859925,-0.0021924250859925,1.0065563149144068,hold
2025-07-04,-1,-1,1.1813410706551508e-05,-1.1813410706551508e-05,1.0065444240512593,hold
2025-07-07,-1,-1,0.0024036171315751,-0.0024036171315751,1.0041250766299183,hold
2025-07-08,-1,-1,-0.0018180190273288,0.0018180190273288,1.0059505951250494,hold
2025-07-09,-1,-1,-0.004743646446198,0.004743646446198,1.010722469090665,hold
2025-07-10,-1,-1,-0.008100901810276,0.008100901810276,1.0189102325702084,hold
2025-07-11,-1,-1,-0.0026858541571485,0.0026858541571485,1.021646876854118,hold
2025-07-14,-1,-1,0.0045251032187942,-0.0045251032187942,1.0170238192831944,hold
2025-07-15,0,-1,0.0006449487413033,-0.0006449487413033,1.0163678910510723,hold
2025-07-16,-1,-1,-0.0039902173517283,0.0039902173517283,1.0204234198456839,hold
2025-07-17,-1,-1,-0.0056965580472427,0.0056965580472427,1.0262363210896008,hold
2025-07-18,0,-1,0.0048981443028652,-0.0048981443028652,1.0212096675000626,hold
2025-07-21,0,-1,-0.0011876443882732,0.0011876443882732,1.0224225014309194,hold
2025-07-22,-1,-1,0.0063445445902445,-0.0063445445902445,1.0159356962805217,hold
2025-07-23,0,-1,-0.006256994627491,0.006256994627491,1.0222924004740253,hold
2025-07-24,-1,-1,-0.0089816740370306,0.0089816740370306,1.0314742975856164,hold
2025-07-25,0,-1,-0.0062849623293875,0.0062849623293875,1.0379570746896734,hold
2025-07-28,0,-1,0.0056804742343701,-0.0056804742343701,1.0320609862705166,hold
2025-07-29,0,-1,0.0013678351245234,-0.0013678351245234,1.0306492970028454,hold
2025-07-30,-1,-1,-0.0034882717656889,0.0034882717656889,1.0342444818459076,hold
2025-07-31,-1,-1,-0.0081959437427822,0.0081959437427822,1.0427210914353995,hold
2025-08-01,0,-1,0.0064074150430544,-0.0064074150430544,1.036039944628426,hold
2025-08-04,0,-1,-0.0029608040671041,0.0029608040671041,1.0391074559101643,hold
2025-08-05,0,-1,-0.0030569142281212,0.0030569142281212,1.0422839182766828,hold
2025-08-06,-1,-1,0.0008932609229541,-0.0008932609229541,1.0413528867818627,hold
2025-08-07,-1,-1,-0.0094669127354072,0.0094669127354072,1.051211283687791,hold
2025-08-08,0,-1,0.0091018044718578,-0.0091018044718578,1.041643364125054,hold
2025-08-11,0,-1,-0.0039719417907191,0.0039719417907191,1.0457807109340476,hold
2025-08-12,0,-1,0.0053884535167121,-0.0053884535167121,1.0401455701845053,hold
2025-08-13,0,-1,0.000485438164071,-0.000485438164071,1.0396406438285484,hold
2025-08-14,-1,-1,0.0099730192766349,-0.0099730192766349,1.0292722876468732,hold
2025-08-18,1,1,0.0041685646806257,0.0041685646806257,1.0330482396080813,flip
2025-08-19,0,1,0.0027981813736617,0.0027981813736617,1.0359388959502467,hold
2025-08-20,-1,-1,0.0013252889742787,-0.0013252889742787,1.0340480081054422,flip
2025-08-21,0,-1,-0.0085174820600987,0.0085174820600987,1.042855493463761,hold
2025-08-22,-1,-1,0.0039264173509054,-0.0039264173509054,1.0387608075597379,hold
2025-08-25,0,-1,-0.0102411798720348,0.0102411798720348,1.0493989438339772,hold
2025-08-26,0,-1,-0.0085444301039235,0.0085444301039235,1.0583654597606977,hold
2025-08-28,0,-1,-0.0030223697933294,0.0030223697933294,1.0615642315565816,hold
2025-08-29,-1,-1,0.0081140701746054,-0.0081140701746054,1.0529506248868805,hold
2025-09-01,0,-1,-0.0018457290617897,0.0018457290617897,1.0548940864558638,hold
2025-09-02,-1,-1,0.005510715147017,-0.005510715147017,1.049080865635133,hold
2025-09-03,0,-1,0.0007788776228048,-0.0007788776228048,1.048263760024377,hold
2025-09-04,-1,-1,0.0002708473067116,-0.0002708473067116,1.047979840608251,hold
2025-09-05,-1,-1,0.0012994782193525,-0.0012994782193525,1.04661801363106,hold
2025-09-08,-1,-1,0.0038529301782352,-0.0038529301782352,1.0425854675012565,hold
2025-09-09,0,-1,0.0042020862308871,-0.0042020862308871,1.0382044334637464,hold
2025-09-10,0,-1,0.0012974116602184,-0.0012974116602184,1.03685745492608,hold
2025-09-11,0,-1,0.0043390454100098,-0.0043390454100098,1.0323584833454487,hold
2025-09-12,0,-1,-0.0017838966811339,0.0017838966811339,1.034200104217629,hold
2025-09-15,-1,-1,0.0067772563910986,-0.0067772563910986,1.0271910649516451,hold
2025-09-16,0,-1,0.0036114755294653,-0.0036114755294653,1.023481389556487,hold
2025-09-17,-1,-1,0.0036853015416349,-0.0036853015416349,1.0197095520137198,hold
2025-09-18,-1,-1,-0.0037976065391384,0.0037976065391384,1.023582007676469,hold
2025-09-19,-1,-1,-0.0049236357186648,0.0049236357186648,1.0286217526104475,hold
2025-09-22,-1,-1,-0.001303434397354,0.001303434397354,1.0299624935846665,hold
2025-09-23,-1,-1,-0.0044736530076083,0.0044736530076083,1.0345701883918155,hold
2025-09-24,-1,-1,-0.0066269482123226,0.0066269482123226,1.0414262314523008,hold
2025-09-25,-1,-1,-0.0094874379272315,0.0094874379272315,1.0513066981789951,hold
2025-09-26,0,-1,-0.0008030448049409,0.0008030448049409,1.0521509445613675,hold
2025-09-29,-1,-1,-0.0009661407544825,0.0009661407544825,1.0531674704687755,hold
2025-09-30,-1,-1,0.0091503904924759,-0.0091503904924759,1.0435305768600132,hold
2025-10-01,0,-1,0.0023332467769816,-0.0023332467769816,1.041095762504873,hold
2025-10-03,-1,-1,0.0073671787912872,-0.0073671787912872,1.033425823883648,hold
2025-10-06,0,-1,0.0012222193924698,-0.0012222193924698,1.0321627508010183,hold
2025-10-07,-1,-1,-0.0024752925801897,0.0024752925801897,1.0347176555996243,hold
2025-10-08,-1,-1,0.0054160175719368,-0.0054160175719368,1.0291136065949034,hold
2025-10-09,1,1,0.004112050167679,0.004112050167679,1.0328308165701654,flip
2025-10-10,-1,-1,-0.0022938183927065,0.0022938183927065,1.034683527485483,flip
2025-10-13,-1,-1,-0.0032444791324643,0.0032444791324643,1.0380405365991143,hold
2025-10-14,-1,-1,0.0070808208725219,-0.0070808208725219,1.0306903575010395,hold
2025-10-15,0,-1,0.0103362282114798,-0.0103362282114798,1.020036906750537,hold
2025-10-16,1,1,0.0048679837376106,0.0048679837376106,1.0244924113709861,flip
2025-10-17,-1,-1,0.0051848137299641,-0.0051848137299641,1.0186683628445803,flip
2025-10-20,-1,-1,0.0009847568259027,-0.0009847568259027,1.017665222220938,hold
2025-10-21,-1,-1,0.0008814076368377,-0.0008814076368377,1.0167682443223283,hold
2025-10-23,-1,-1,-0.0037174505259611,0.0037174505259611,1.020548029966965,hold
2025-10-24,-1,-1,0.0066252915000297,-0.0066252915000297,1.0137866017786528,hold
2025-10-27,0,-1,-0.001149638146805,0.001149638146805,1.0149520895287774,hold
2025-10-28,-1,-1,0.0045381040946781,-0.0045381040946781,1.0103461312953848,hold
2025-10-29,0,-1,-0.00675717564781,0.00675717564781,1.0171732175696329,hold
2025-10-30,-1,-1,-0.0060186608373972,0.0060186608373972,1.0232952381790683,hold
2025-10-31,-1,-1,0.0016036793506921,-0.0016036793506921,1.021654200735939,hold
2025-11-03,-1,-1,-0.0064315867797603,0.0064315867797603,1.0282250583868788,hold
2025-11-04,-1,-1,-0.0034359080045569,0.0034359080045569,1.0317579450954764,hold
2025-11-06,-1,-1,-0.0006820322478444,0.0006820322478444,1.0324616372860012,hold
2025-11-07,-1,-1,0.0032185728871263,-0.0032185728871263,1.0291385842532343,hold
2025-11-10,-1,-1,0.0047156471705849,-0.0047156471705849,1.0242855298002609,hold
2025-11-11,0,-1,0.0070384090258497,-0.0070384090258497,1.0170761892822675,hold
2025-11-12,1,1,0.0001294494962036,0.0001294494962036,1.0166993111879297,flip
2025-11-13,-1,-1,0.0011940264714482,-0.0011940264714482,1.0149769956412742,flip
2025-11-14,0,-1,0.0039906690408659,-0.0039906690408659,1.0109265583675775,hold
2025-11-17,0,-1,-0.0039748069020186,0.0039748069020186,1.0149447962292109,hold
2025-11-18,-1,-1,0.0055036406751542,-0.0055036406751542,1.0093589047656477,hold
2025-11-19,0,-1,0.0053545415882216,-0.0053545415882216,1.0039542505326382,hold
2025-11-20,0,-1,-0.0047342428227803,0.0047342428227803,1.008707213737622,hold
2025-11-21,-1,-1,-0.004167936312968,0.004167936312968,1.0129114411629119,hold
2025-11-24,-1,-1,-0.002877529180069,0.002877529180069,1.0158261233916839,hold
2025-11-25,-1,-1,0.0123817835303625,-0.0123817835303625,1.0032483842273607,hold
2025-11-26,0,-1,0.0003911422381892,-0.0003911422381892,1.0028559714088945,hold
2025-11-27,-1,-1,-0.0004806903583736,0.0004806903583736,1.0033380346051881,hold
2025-11-28,-1,-1,-0.0010380212747401,0.0010380212747401,1.0043795208308641,hold
2025-12-01,-1,-1,-0.0054841133969418,0.0054841133969418,1.0098876520166666,hold
2025-12-02,-1,-1,-0.0017746951904364,0.0017746951904364,1.0116798947755818,hold
2025-12-03,-1,-1,0.0018375278996383,-0.0018375278996383,1.0098209047434286,hold
2025-12-04,-1,-1,0.0058654330916598,-0.0058654330916598,1.0038978677920967,hold
2025-12-05,0,-1,-0.0086265394598917,0.0086265394598917,1.0125580323623062,hold
2025-12-08,0,-1,-0.0046570811090926,0.0046570811090926,1.0172735972466809,hold
2025-12-09,-1,-1,-0.0031598875909956,0.0031598875909956,1.020488067463268,hold
2025-12-10,-1,-1,0.0054565875164998,-0.0054565875164998,1.0149196850136109,hold
2025-12-11,1,1,0.0057299900196514,0.0057299900196514,1.0202277048369799,flip
2025-12-12,1,1,-0.0007543469807149,-0.0007543469807149,1.0194580991481945,hold
2025-12-15,-1,-1,-0.0064240688375742,0.0064240688375742,1.025497439104571,flip
2025-12-16,-1,-1,-0.0016066770334456,0.0016066770334456,1.0271450822878376,hold
2025-12-17,-1,-1,-0.0001161955225689,0.0001161955225689,1.027264431947428,hold
2025-12-18,-1,-1,0.0058433620360547,-0.0058433620360547,1.021261753964797,hold
2025-12-19,1,1,0.0079333291061156,0.0079333291061156,1.0288531286855063,flip
2025-12-22,0,1,0.0001814888939914,0.0001814888939914,1.029039854101911,hold
2025-12-23,0,1,-0.0013389838361685,-0.0013389838361685,1.0276619863704954,hold
2025-12-24,-1,-1,-0.003817552133005,0.003817552133005,1.031071308585387,flip
2025-12-26,-1,-1,-0.0038476313101776,0.0038476313101776,1.035038490835326,hold
2025-12-29,-1,-1,-0.0001252789885528,0.0001252789885528,1.0351681594105713,hold
2025-12-30,-1,-1,0.007353834224439,-0.007353834224439,1.0275557043718482,hold
2025-12-31,0,-1,0.0006487344669803,-0.0006487344669803,1.02688909356968,hold
2026-01-01,-1,-1,0.0069607651702385,-0.0069607651702385,1.0197411597334625,hold
2026-01-02,0,-1,-0.002972058760474,0.002972058760474,1.0227718903806642,hold
2026-01-05,-1,-1,-0.0027276473171363,0.0027276473171363,1.0255616513835033,hold
