date,signal,position,market_return,pnl,equity,action
2020-01-01,-1,-1,0.0081838863379848,-0.0081838863379848,0.9908161136620152,enter
2020-01-02,0,-1,-0.0045227893866035,0.0045227893866035,0.9952973662649615,hold
2020-01-03,-1,-1,-0.0191058530729412,0.0191058530729412,1.0143133715087052,hold
2020-01-06,0,-1,0.0049945920012428,-0.0049945920012428,1.0092472900566143,hold
2020-01-07,0,-1,-0.0022899444111396,0.0022899444111396,1.0115584102479371,hold
2020-01-08,-1,-1,0.0158457581226116,-0.0158457581226116,0.9955295003522548,hold
2020-01-09,1,1,0.0033480474426501,0.0033480474426501,0.9968715213492875,flip
2020-01-10,0,1,0.0059354808073293,0.0059354808073293,1.0027884331316292,hold
2020-01-13,1,1,0.0026562202609821,0.0026562202609821,1.005452060085192,hold
2020-01-14,0,1,-0.0015369308543056,-0.0015369308543056,1.003906749791522,hold
2020-01-15,0,1,0.0009884063018437,0.0009884063018437,1.0048990175494794,hold
2020-01-16,-1,-1,-0.0002549788049855,0.0002549788049855,1.0031454474650063,flip
2020-01-17,-1,-1,-0.0103461939411514,0.0103461939411514,1.0135241848156624,hold
2020-01-20,0,-1,-0.0044746183856623,0.0044746183856623,1.018059318767352,hold
2020-01-21,0,-1,-0.0051725551893021,0.0051725551893021,1.0233252867796592,hold
2020-01-22,0,-1,0.0060667236352978,-0.0060667236352978,1.0171170550757551,hold
2020-01-23,1,1,0.0055745847042631,0.0055745847042631,1.0207528261432741,flip
2020-01-24,0,1,-0.0105525279121506,-0.0105525279121506,1.0099813034539906,hold
2020-01-27,0,1,-0.0052149678449129,-0.0052149678449129,1.004714283432515,hold
2020-01-28,0,1,0.0061132563999481,0.0061132563999481,1.0108563594558282,hold
2020-01-29,1,1,-0.007724984155365,-0.007724984155365,1.003047510095682,hold
2020-01-30,0,1,-0.0061234148547233,-0.0061234148547233,0.9969054340723688,hold
2020-01-31,0,1,-0.0212503847193161,-0.0212503847193161,0.9757208100695541,hold
2020-02-03,0,1,0.0232108226866707,0.0232108226866707,0.9983680927837733,hold
2020-02-04,1,1,0.0091405004678344,0.0091405004678344,1.0074936768029343,hold
2020-02-05,1,1,0.0040366612301674,0.0040366612301674,1.0115605874677236,hold
2020-02-06,0,1,-0.0032625431230384,-0.0032625431230384,1.008260327429544,hold
2020-02-07,-1,-1,-0.0055255147630383,0.0055255147630383,1.0118149640988827,flip
2020-02-10,0,-1,0.0063500303889789,-0.0063500303889789,1.0053899083288313,hold
2020-02-11,1,1,0.0077056964194832,0.0077056964194832,1.0111263579289678,flip
2020-02-12,0,1,-0.0021759994314084,-0.0021759994314084,1.0089261475490323,hold
2020-02-13,-1,-1,-0.0050268544351488,0.0050268544351488,1.0119800201334788,flip
2020-02-14,0,-1,-0.0055847334602637,0.0055847334602637,1.0176316588130365,hold
2020-02-17,-1,-1,-0.0044247626186481,0.0044247626186481,1.022134437336505,hold
2020-02-18,1,1,0.011123651500938,0.011123651500938,1.0314600357298709,flip
2020-02-19,0,1,-0.0037152524595064,-0.0037152524595064,1.027627901295243,hold
2020-02-20,-1,-1,-0.0208138687990014,0.0208138687990014,1.0469615578044047,flip
2020-02-24,0,-1,-0.0026628568617023,0.0026628568617023,1.0497494665725426,hold
2020-02-25,0,-1,-0.0101204779385897,0.0101204779385897,1.0603734328900365,hold
2020-02-26,0,-1,-0.0038703767874727,0.0038703767874727,1.0644774776107466,hold
2020-02-27,0,-1,-0.0370960786649383,0.0370960786649383,1.10396541785725,hold
2020-02-28,0,-1,-0.0061597518244916,0.0061597518244916,1.1107655708540718,hold
2020-03-02,0,-1,0.0153196474085468,-0.0153196474085468,1.0937490339550342,hold
2020-03-03,0,-1,-0.0046269501465237,0.0046269501465237,1.0988097562079526,hold
2020-03-04,0,-1,0.0015998577904186,-0.0015998577904186,1.0970518168592953,hold
2020-03-05,-1,-1,-0.0248069753028219,0.0248069753028219,1.1242663541860398,hold
2020-03-06,0,-1,-0.0489560433359516,0.0489560433359516,1.1793059865427238,hold
2020-03-09,0,-1,0.0006649981756232,-0.0006649981756232,1.1785217502131715,hold
2020-03-11,0,-1,-0.0830193880106471,0.0830193880106471,1.2763619046731058,hold
2020-03-12,0,-1,0.0380650761268936,-0.0380650761268936,1.2277770916062571,hold
2020-03-13,0,-1,-0.0761210010667908,0.0761210010667908,1.3212367129061984,hold
2020-03-16,0,-1,-0.0250451840905282,0.0250451840905282,1.3543273296080984,hold
2020-03-17,0,-1,-0.055564540272715,0.055564540272715,1.429579905056546,hold
2020-03-18,0,-1,-0.0242477817531284,0.0242477817531284,1.464244046593015,hold
2020-03-19,0,-1,0.0583291468584656,-0.0583291468584656,1.3788359405626571,hold
2020-03-20,0,-1,-0.1298046607047124,0.1298046607047124,1.5578152719948557,hold
2020-03-23,0,-1,0.0250714240251634,-0.0250714240251634,1.5187586247577975,hold
2020-03-24,0,-1,0.0662474689466749,-0.0662474689466749,1.4181447099266606,hold
2020-03-25,0,-1,0.0389043564303894,-0.0389043564303894,1.3629727026618026,hold
2020-03-26,1,1,0.0021755381634551,0.0021755381634551,1.3632119563868674,flip
2020-03-27,0,1,-0.0437805364308189,-0.0437805364308189,1.3035298056673443,hold
2020-03-30,1,1,0.0382377227133605,0.0382377227133605,1.353373816925053,hold
2020-03-31,1,1,-0.0400046750966822,-0.0400046750966822,1.2992325370946098,hold
2020-04-01,0,1,-0.0205965741867707,-0.0205965741867707,1.2724727977584744,hold
2020-04-03,0,1,0.0876321046711503,0.0876321046711503,1.3839822671628366,hold
2020-04-07,0,1,-0.0049419024075071,-0.0049419024075071,1.3771427618647973,hold
2020-04-08,1,1,0.0415088316188025,0.0415088316188025,1.434306348882096,hold
2020-04-09,1,1,-0.0129556707370791,-0.0129556707370791,1.4157239480898773,hold
2020-04-13,1,1,-0.0076218535626885,-0.0076218535626885,1.404933507472345,hold
2020-04-15,-1,-1,0.0075627711647903,-0.0075627711647903,1.3914984498386407,flip
2020-04-16,0,-1,0.0304632818768748,-0.0304632818768748,1.3491088403299718,hold
2020-04-17,0,-1,-0.0005288143766692,0.0005288143766692,1.34982226848043,hold
2020-04-20,-1,-1,-0.0302746671440956,0.0302746671440956,1.3906876883623631,hold
2020-04-21,-1,-1,0.0229194177887257,-0.0229194177887257,1.358813936219149,hold
2020-04-22,0,-1,0.0137799558770148,-0.0137799558770148,1.3400895401329762,hold
2020-04-23,0,-1,-0.0171249415723349,0.0171249415723349,1.3630384952094505,hold
2020-04-24,-1,-1,0.0139713589754586,-0.0139713589754586,1.3439949950955103,hold
2020-04-27,1,1,0.0106224306488902,0.0106224306488902,1.355583498733177,flip
2020-04-28,-1,-1,0.0183830135241964,-0.0183830135241964,1.3279526219453213,flip
2020-04-29,0,-1,0.032088303452139,-0.032088303452139,1.2853408752422761,hold
2020-04-30,0,-1,-0.057444839013135,0.057444839013135,1.3591770748975707,hold
2020-05-04,-1,-1,-0.0094582655216011,0.0094582655216011,1.372032532562825,hold
2020-05-05,-1,-1,0.0070935934671216,-0.0070935934671216,1.3622998915531592,hold
2020-05-06,0,-1,-0.0077501195040513,0.0077501195040513,1.3728578785130523,hold
2020-05-07,1,1,0.0057016970693835,0.0057016970693835,1.3779397824986241,flip
2020-05-08,1,1,-0.0013294930214019,-0.0013294930214019,1.3761078211738802,hold
2020-05-11,1,1,-0.0046162427183511,-0.0046162427183511,1.3697553734647203,hold
2020-05-12,1,1,0.0203337125303977,0.0203337125303977,1.3976075854657195,hold
2020-05-13,1,1,-0.0256619093732747,-0.0256619093732747,1.361742306268097,hold
2020-05-14,0,1,-0.0006453627874545,-0.0006453627874545,1.360863488457529,hold
2020-05-15,0,1,-0.0343225097032598,-0.0343225097032598,1.3141552381701336,hold
2020-05-18,0,1,0.0063298228402233,0.0063298228402233,1.322473608012302,hold
2020-05-19,0,1,0.021111396826158,0.021111396826158,1.3503928731431707,hold
2020-05-20,1,1,0.0043787544510012,0.0043787544510012,1.3563059119470466,hold
2020-05-21,0,1,-0.0073575840768702,-0.0073575840768702,1.3463267771659402,hold
2020-05-22,1,1,-0.0011284338094974,-0.0011284338094974,1.3448075365119543,hold
2020-05-26,1,1,0.0316645047717616,0.0316645047717616,1.387390201168938,hold
2020-05-27,0,1,0.0188030435364687,0.0188030435364687,1.4134773595235879,hold
2020-05-28,0,1,0.0095046626511057,0.0095046626511057,1.4269119849908352,hold
2020-05-29,0,1,0.0256620973194605,0.0256620973194605,1.4635295392159746,hold
2020-06-01,0,1,0.0155655279707429,0.0155655279707429,1.4863101491946493,hold
2020-06-02,0,1,0.0082622880359908,0.0082622880359908,1.498590471758112,hold
2020-06-03,0,1,-0.0032251686810099,-0.0032251686810099,1.493757264702938,hold
2020-06-04,-1,-1,0.0112722762414605,-0.0112722762414605,1.473931705648112,flip
2020-06-05,0,-1,0.0024945207587225,-0.0024945207587225,1.4702549524114337,hold
2020-06-08,-1,-1,-0.0118810323499978,0.0118810323499978,1.4877230990637784,hold
2020-06-09,-1,-1,0.0069177285262014,-0.0069177285262014,1.477431434542296,hold
2020-06-10,1,1,-0.021169158460066,-0.021169158460066,1.4432005915215032,flip
2020-06-11,0,1,0.0071602091117954,0.0071602091117954,1.453534209547064,hold
2020-06-12,0,1,-0.0159632793948444,-0.0159632793948444,1.4303310368500999,hold
2020-06-15,0,1,0.010220386061458,0.010220386061458,1.4449495722423935,hold
2020-06-16,0,1,-0.0033134566648174,-0.0033134566648174,1.4401617944519218,hold
2020-06-17,1,1,0.0213031875518985,0.0213031875518985,1.4708418312642098,hold
2020-06-18,0,1,0.0151362754442923,0.0151362754442923,1.4931048983572122,hold
2020-06-19,0,1,0.0065206163504338,0.0065206163504338,1.502840862570353,hold
2020-06-22,-1,-1,0.0154976919912916,-0.0154976919912916,1.47654461604517,flip
2020-06-23,0,-1,-0.0158246772335498,0.0158246772335498,1.4999104580150204,hold
2020-06-24,1,1,-0.0015913572989929,-0.0015913572989929,1.4945237436437926,flip
2020-06-25,1,1,0.0091457401473864,0.0091457401473864,1.5081922694472578,hold
2020-06-26,0,1,-0.0067995386087835,-0.0067995386087835,1.4979372578816825,hold
2020-06-29,1,1,-0.0009988732845714,-0.0009988732845714,1.4964410083728203,hold
2020-06-30,1,1,0.0124198173347171,0.0124198173347171,1.5150265323489909,hold
2020-07-01,0,1,0.0116634525148986,0.0116634525148986,1.532696972367855,hold
2020-07-02,0,1,0.0052739760448483,0.0052739760448483,1.5407803794841346,hold
2020-07-03,0,1,0.014735139974255,0.014735139974255,1.563483994045419,hold
2020-07-06,1,1,0.0033445902359812,0.0033445902359812,1.5687132073460162,hold
2020-07-07,-1,-1,-0.008694762073642,0.008694762073642,1.5792153690309776,flip
2020-07-08,-1,-1,0.0100600327219018,-0.0100600327219018,1.5633284107435956,hold
2020-07-09,0,-1,-0.0041985110954393,0.0041985110954393,1.569892062421918,hold
2020-07-10,-1,-1,0.0032178891492418,-0.0032178891492418,1.5648403237887696,hold
2020-07-13,-1,-1,-0.0180834960154004,0.0180834960154004,1.5931381075487416,hold
2020-07-14,1,1,0.0010229309240368,0.0010229309240368,1.5915815015701174,flip
2020-07-15,1,1,0.0114661616621005,0.0114661616621005,1.609830832365529,hold
2020-07-16,1,1,0.0150605912558696,0.0150605912558696,1.6340758365228827,hold
2020-07-17,0,1,0.0110533217609316,0.0110533217609316,1.6521378025257336,hold
2020-07-20,0,1,0.0127061568657644,0.0127061568657644,1.673130124608485,hold
2020-07-21,1,1,-0.0026563094918139,-0.0026563094918139,1.6686857731774478,hold
2020-07-22,1,1,0.0074421598588463,0.0074421598588463,1.681104399455617,hold
2020-07-23,1,1,-0.0018991484351116,-0.0018991484351116,1.6779117326661315,hold
2020-07-24,-1,-1,-0.0055699256988469,0.0055699256988469,1.683901752880973,flip
2020-07-27,1,1,0.0151592736988444,0.0151592736988444,1.7060606769290976,flip
2020-07-28,1,1,-0.0086456143286032,-0.0086456143286032,1.6913107342951728,hold
2020-07-29,1,1,-0.0089887146807479,-0.0089887146807479,1.6761080246681073,hold
2020-07-30,-1,-1,-0.0025851023723058,0.0025851023723058,1.6770887194495814,flip
2020-07-31,-1,-1,-0.0164222155452939,0.0164222155452939,1.7046302318889635,hold
2020-08-03,0,-1,0.0186979321613793,-0.0186979321613793,1.6727571714528675,hold
2020-08-04,1,1,0.0005768586219327,0.0005768586219327,1.6703766015067143,flip
2020-08-05,0,1,0.0088725546683743,0.0088725546683743,1.685197109220356,hold
2020-08-06,1,1,0.001241002448872,0.001241002448872,1.6872884429597306,hold
2020-08-07,0,1,0.005002705259437,0.005002705259437,1.6957294497275126,hold
2020-08-10,1,1,0.0046449787767293,0.0046449787767293,1.7036060770325718,hold
2020-08-11,1,1,-0.0012452735151247,-0.0012452735151247,1.7014846215046378,hold
2020-08-12,-1,-1,-0.000703034473301,0.000703034473301,1.6992778546063378,flip
2020-08-13,-1,-1,-0.0108004373788689,0.0108004373788689,1.7176307986643122,hold
2020-08-14,-1,-1,0.0061457110453491,-0.0061457110453491,1.707074736093129,hold
2020-08-17,1,1,0.0122920579350753,0.0122920579350753,1.724644048176503,flip
2020-08-18,1,1,0.0020246002135075,0.0020246002135075,1.7281357628846659,hold
2020-08-19,1,1,-0.008432399987605,-0.008432399987605,1.7135634308991374,hold
2020-08-20,-1,-1,0.0052509160938571,-0.0052509160938571,1.701138526240186,flip
2020-08-21,0,-1,0.0083410064718865,-0.0083410064718865,1.686949318783241,hold
2020-08-24,1,1,0.0005058064691958,0.0005058064691958,1.6844286900243206,flip
2020-08-25,1,1,0.0067423225064831,0.0067423225064831,1.6957856514916374,hold
2020-08-26,1,1,0.0008355606212675,0.0008355606212675,1.6972025832041344,hold
2020-08-27,0,1,0.0076431956549949,0.0076431956549949,1.7101746346137265,hold
2020-08-28,0,1,-0.0223307478019462,-0.0223307478019462,1.6719851561508818,hold
2020-08-31,-1,-1,0.0072667398463226,-0.0072667398463226,1.6564913046819185,flip
2020-09-01,1,1,0.0056450382511279,0.0056450382511279,1.662529278850145,flip
2020-09-02,1,1,-0.0006545127600779,-0.0006545127600779,1.6614411322231344,hold
2020-09-03,-1,-1,-0.0167947449485598,0.0167947449485598,1.686021730021422,flip
2020-09-04,-1,-1,0.0018705202595032,-0.0018705202595032,1.6828679922174543,hold
2020-09-07,0,-1,-0.0033201259317187,0.0033201259317187,1.6884553258780748,hold
2020-09-08,-1,-1,-0.0034769279675166,0.0034769279675166,1.6943259634225227,hold
2020-09-09,-1,-1,0.0151844298634509,-0.0151844298634509,1.6685985896651094,hold
2020-09-10,1,1,0.0013276149365679,0.0013276149365679,1.667476648896555,flip
2020-09-11,-1,-1,-0.0021283524468515,0.0021283524468515,1.6676906736045083,flip
2020-09-14,1,1,0.0071459479106903,0.0071459479106903,1.6762725229420212,flip
2020-09-15,0,1,0.0071820376506051,0.0071820376506051,1.6883115753144655,hold
2020-09-16,0,1,-0.0076220272911209,-0.0076220272911209,1.6754432184115033,hold
2020-09-17,-1,-1,-0.0009681588767627,0.0009681588767627,1.6737144271990974,flip
2020-09-18,-1,-1,-0.0221122548386738,0.0221122548386738,1.7107240271404889,hold
2020-09-21,-1,-1,-0.0086128603263573,0.0086128603263573,1.7254582542431935,hold
2020-09-22,-1,-1,-0.0019545871070447,0.0019545871070447,1.7288308127006813,hold
2020-09-23,-1,-1,-0.0293122720965164,0.0293122720965164,1.7795067718914053,hold
2020-09-24,0,-1,0.0226457884823545,-0.0226457884823545,1.739208437932235,hold
2020-09-25,0,-1,0.0160448681873712,-0.0160448681873712,1.7113030677952485,hold
2020-09-28,1,1,-0.0004586409458945,-0.0004586409458945,1.7070955880019323,flip
2020-09-29,-1,-1,0.0022410013176423,-0.0022410013176423,1.6998557933638747,flip
2020-09-30,0,-1,0.0150610927327836,-0.0150610927327836,1.674254107627662,hold
2020-10-01,1,1,0.0075676439490797,0.0075676439490797,1.683575758379217,flip
2020-10-05,1,1,0.0138264754746197,0.0138264754746197,1.7068536773121117,hold
2020-10-06,1,1,0.0065551872847253,0.0065551872847253,1.7180424228345148,hold
2020-10-07,1,1,0.0081566766068399,0.0081566766068399,1.7320559392744077,hold
2020-10-08,1,1,0.0067260903253916,0.0067260903253916,1.7437059039705984,hold
2020-10-09,1,1,0.0014058853909966,0.0014058853909966,1.7461573546271854,hold
2020-10-12,1,1,0.0002975290843887,0.0002975290843887,1.7466768872261063,hold
2020-10-13,-1,-1,0.0030625333853533,-0.0030625333853533,1.737834277171099,flip
2020-10-14,-1,-1,-0.0242836008583533,0.0242836008583533,1.780035151115887,hold
2020-10-15,-1,-1,0.007028949362235,-0.007028949362235,1.767523374175695,hold
2020-10-16,0,-1,0.0094027696218492,-0.0094027696218492,1.7509037590870875,hold
2020-10-19,1,1,0.0020003285078973,0.0020003285078973,1.7509043342728,flip
2020-10-20,1,1,0.0034337457642519,0.0034337457642519,1.7569164946142195,hold
2020-10-21,1,1,-0.0034512817819539,-0.0034512817819539,1.7508528807239432,hold
2020-10-22,1,1,0.0028495402835257,0.0028495402835257,1.7558420065380933,hold
2020-10-23,-1,-1,-0.0136290733045432,0.0136290733045432,1.7762608219433211,flip
2020-10-26,0,-1,0.0103376083469652,-0.0103376083469652,1.7578985332440127,hold
2020-10-27,1,1,-0.0134406089457635,-0.0134406089457635,1.7307555094258606,flip
2020-10-28,0,1,-0.0050129421843609,-0.0050129421843609,1.7220793321218448,hold
2020-10-29,0,1,-0.0024333734223676,-0.0024333734223676,1.717888870043851,hold
2020-10-30,0,1,0.0022976361491175,0.0022976361491175,1.7218359536118306,hold
2020-11-02,0,1,0.0123701901631991,0.0123701901631991,1.7431353917878423,hold
2020-11-03,1,1,0.008041647267956,0.008041647267956,1.7571530717488906,hold
2020-11-04,1,1,0.0177855989156905,0.0177855989156905,1.78840509151649,hold
2020-11-05,1,1,0.0118190145712895,0.0118190145712895,1.8095422773524918,hold
2020-11-06,0,1,0.0161046355374614,0.0161046355374614,1.8386842962188816,hold
2020-11-09,0,1,0.0136465071043638,0.0136465071043638,1.8637759145299149,hold
2020-11-10,0,1,0.0093460415087203,0.0093460415087203,1.8811948415900646,hold
2020-11-11,0,1,-0.0045768215253314,-0.0045768215253314,1.8725849485457327,hold
2020-11-12,-1,-1,0.0022969703307613,-0.0022969703307613,1.8645385065800015,flip
2020-11-13,-1,-1,0.0121266198083733,-0.0121266198083733,1.8419279569926337,hold
2020-11-17,0,-1,0.0049750511655721,-0.0049750511655721,1.8327642711632977,hold
2020-11-18,0,-1,-0.0128726686134137,0.0128726686134137,1.8563568382724875,hold
2020-11-19,0,-1,0.0068393094137191,-0.0068393094137191,1.8436606394732686,hold
2020-11-20,0,-1,0.005241475198302,-0.005241475198302,1.8339971379573838,hold
2020-11-23,0,-1,0.0099563448098976,-0.0099563448098976,1.8157372300715149,hold
2020-11-24,0,-1,-0.0150706804680923,0.0150706804680923,1.8431016256799415,hold
2020-11-25,0,-1,0.0100012136399767,-0.0100012136399767,1.824668372561328,hold
2020-11-26,0,-1,-0.0013898363507738,0.0013898363507738,1.827204362993621,hold
2020-11-27,-1,-1,0.0108026946873185,-0.0108026946873185,1.8074656321288645,hold
2020-12-01,0,-1,0.0003585458429504,-0.0003585458429504,1.806817572840189,hold
2020-12-02,-1,-1,0.00153658492994,-0.00153658492994,1.8040412441866118,hold
2020-12-03,-1,-1,0.0094906623588735,-0.0094906623588735,1.7869196978565547,hold
2020-12-04,0,-1,0.0073311332494399,-0.0073311332494399,1.7738195514455195,hold
2020-12-07,1,1,0.0027853318093331,0.0027853318093331,1.7752125883632868,flip
2020-12-08,-1,-1,0.0101657522858669,-0.0101657522858669,1.7536157917585065,flip
2020-12-09,1,1,-0.0037548548058806,-0.0037548548058806,1.743523987491637,flip
2020-12-10,-1,-1,0.0026375585350264,-0.0026375585350264,1.735438292942422,flip
2020-12-11,-1,-1,0.0032781762806703,-0.0032781762806703,1.729749220293931,hold
2020-12-14,-1,-1,0.0007153791977927,-0.0007153791977927,1.7285117936843346,hold
2020-12-15,-1,-1,0.008464907059269,-0.008464907059269,1.7138801019999463,hold
2020-12-16,0,-1,0.0042389293905504,-0.0042389293905504,1.7066150852636992,hold
2020-12-17,-1,-1,0.0014445849987885,-0.0014445849987885,1.7041497347128212,hold
2020-12-18,-1,-1,-0.0314049525779333,0.0314049525779333,1.7576684763171748,hold
2020-12-21,0,-1,0.0103462838766079,-0.0103462838766079,1.7394831393002326,hold
2020-12-22,0,-1,0.0100101591857162,-0.0100101591857162,1.7220706361749678,hold
2020-12-23,0,-1,0.0108925303747413,-0.0108925303747413,1.703312929462982,hold
2020-12-24,0,-1,0.0090150513891666,-0.0090150513891666,1.6879574758720415,hold
2020-12-28,0,-1,0.0042815942411449,-0.0042815942411449,1.68073032686405,hold
2020-12-29,-1,-1,0.0035420946069744,-0.0035420946069744,1.6747770210374866,hold
2020-12-30,-1,-1,-1.4318125132972703e-05,1.4318125132972703e-05,1.6748010007044438,hold
2020-12-31,-1,-1,0.0026284263414808,-0.0026284263414808,1.6703989096374539,hold
2021-01-01,-1,-1,0.0081606727271106,-0.0081606727271106,1.6567673308121802,hold
2021-01-04,0,-1,0.0047123808655142,-0.0047123808655142,1.648960012143852,hold
2021-01-05,0,-1,-0.0037501320469031,0.0037501320469031,1.6551438299294543,hold
2021-01-06,-1,-1,-0.000629169612088,0.000629169612088,1.6561851961308807,hold
2021-01-07,-1,-1,0.014847223590326,-0.014847223590326,1.6315954442169376,hold
2021-01-08,0,-1,0.0095837181341371,-0.0095837181341371,1.6159586933706203,hold
2021-01-11,0,-1,0.0054333140242324,-0.0054333140242324,1.6071786823393495,hold
2021-01-12,-1,-1,9.609083312889231e-05,-9.609083312889231e-05,1.6070242472007765,hold
2021-01-13,-1,-1,0.002111247340323,-0.002111247340323,1.6036314215330394,hold
2021-01-14,-1,-1,-0.0110923441582015,0.0110923441582015,1.62141945316359,hold
2021-01-15,-1,-1,-0.0105586501425666,0.0105586501425666,1.6385394539038958,hold
2021-01-18,0,-1,0.0167947308170628,-0.0167947308170628,1.6110206248424428,hold
2021-01-19,0,-1,0.008508265623863,-0.008508265623863,1.5973136334407616,hold
2021-01-20,0,-1,-0.0037112802046228,0.0037112802046228,1.6032417119091245,hold
2021-01-21,-1,-1,-0.0149721716475961,0.0149721716475961,1.6272457220124137,hold
2021-01-22,0,-1,-0.0092541693433081,0.0092541693433081,1.6423045294870904,hold
2021-01-25,-1,-1,-0.0190604880418779,0.0190604880418779,1.673607655332501,hold
2021-01-27,0,-1,-0.0107356502819043,0.0107356502819043,1.6915749218292684,hold
2021-01-28,0,-1,-0.0132404223540728,0.0132404223540728,1.7139720882378455,hold
2021-01-29,0,-1,0.0474235111013383,-0.0474235111013383,1.632689513883914,hold
2021-02-01,0,-1,0.0256735714819573,-0.0256735714819573,1.5907725429413733,hold
2021-02-02,0,-1,0.0097011226717231,-0.0097011226717231,1.5753402633594902,hold
2021-02-03,0,-1,0.0071467580293813,-0.0071467580293813,1.5640816876833181,hold
2021-02-04,0,-1,0.0019199973566108,-0.0019199973566108,1.561078654977443,hold
2021-02-05,-1,-1,0.0128348027329681,-0.0128348027329681,1.5410425183901602,hold
2021-02-08,0,-1,-0.0004300136336804,0.0004300136336804,1.541705187683149,hold
2021-02-09,-1,-1,-0.0001853034041081,0.0001853034041081,1.5419908709025578,hold
2021-02-10,-1,-1,0.0044219246475027,-0.0044219246475027,1.5351723034642897,hold
2021-02-11,0,-1,-0.0006590524229219,0.0006590524229219,1.5361840624904906,hold
2021-02-12,-1,-1,0.0099846598415338,-0.0099846598415338,1.5208457871725374,hold
2021-02-15,0,-1,-8.162092525865194e-05,8.162092525865194e-05,1.520969920012862,hold
2021-02-16,-1,-1,-0.0068273186874309,0.0068273186874309,1.5313540663707859,hold
2021-02-17,-1,-1,-0.0059143128695843,0.0059143128695843,1.5404109734334128,hold
2021-02-18,-1,-1,-0.0090747170630297,0.0090747170630297,1.554389767178107,hold
2021-02-19,0,-1,-0.0204281745915864,0.0204281745915864,1.5861431127253969,hold
2021-02-22,0,-1,0.0021872625461001,-0.0021872625461001,1.582673801302178,hold
2021-02-23,-1,-1,0.0186431824578623,-0.0186431824578623,1.553167724853223,hold
2021-02-24,0,-1,0.0076992130139501,-0.0076992130139501,1.5412095556931857,hold
2021-02-25,1,1,-0.0376356932475859,-0.0376356932475859,1.4801226465134825,flip
2021-02-26,-1,-1,0.0159953891187234,-0.0159953891187234,1.4534872635460376,flip
2021-03-01,0,-1,0.0106729853417877,-0.0106729853417877,1.4379742152877355,hold
2021-03-02,0,-1,0.0218846987116321,-0.0218846987116321,1.4065045828310678,hold
2021-03-03,1,1,-0.0108129305241382,-0.0108129305241382,1.3884831373293713,flip
2021-03-04,-1,-1,-0.0094591045289524,0.0094591045289524,1.398839978187399,flip
2021-03-05,0,-1,0.0012117060677612,-0.0012117060677612,1.3971449952980024,hold
2021-03-08,-1,-1,0.0095077756017913,-0.0095077756017913,1.3838612541995432,hold
2021-03-09,0,-1,0.0050600998838219,-0.0050600998838219,1.3768587780279424,hold
2021-03-10,0,-1,-0.0094795062357636,0.0094795062357636,1.3899107194000242,hold
2021-03-12,-1,-1,-0.006749419963093,0.006749419963093,1.3992918105564598,hold
2021-03-15,-1,-1,-0.0012759841044576,0.0012759841044576,1.4010772846642277,hold
2021-03-16,-1,-1,-0.0126857598628687,0.0126857598628687,1.418851014646798,hold
2021-03-17,0,-1,-0.0111029730717429,0.0111029730717429,1.4346044792552366,hold
2021-03-18,0,-1,0.0127869428260285,-0.0127869428260285,1.4162602738010355,hold
2021-03-19,0,-1,-0.0005154374236977,0.0005154374236977,1.416990267347849,hold
2021-03-22,-1,-1,0.0053167399974314,-0.0053167399974314,1.4094564985174696,hold
2021-03-23,0,-1,-0.0179111769942118,0.0179111769942118,1.434701523328058,hold
2021-03-24,0,-1,-0.0154301891468089,0.0154301891468089,1.456839239202225,hold
2021-03-25,0,-1,0.0127330319296232,-0.0127330319296232,1.438289258653135,hold
2021-03-26,0,-1,0.0232848158675504,-0.0232848158675504,1.4047989581011213,hold
2021-03-30,1,1,-0.0104006990943323,-0.0104006990943323,1.3873784689336779,flip
2021-03-31,0,1,0.0120245741669184,0.0120245741669184,1.4040611042309568,hold
2021-04-01,0,1,-0.015439860548026,-0.015439860548026,1.3823825965807233,hold
2021-04-05,-1,-1,0.0031220672452334,-0.0031220672452334,1.3753019399623965,flip
2021-04-06,-1,-1,0.0092314369658119,-0.0092314369658119,1.3626059267946748,hold
2021-04-07,1,1,0.0036945688638336,0.0036945688638336,1.3649149563718963,flip
2021-04-08,-1,-1,-0.0026187118170183,0.0026187118170183,1.3657594453846285,flip
2021-04-09,-1,-1,-0.0353255893040076,0.0353255893040076,1.4140057026403552,hold
2021-04-12,0,-1,0.0135561955060299,-0.0135561955060299,1.3948371648887212,hold
2021-04-13,0,-1,0.0052844845607746,-0.0052844845607746,1.3874661694260721,hold
2021-04-15,0,-1,0.0024962821650071,-0.0024962821650071,1.3840026623727832,hold
2021-04-16,-1,-1,-0.0176769785548196,0.0176769785548196,1.4084676477553602,hold
2021-04-19,0,-1,-0.004390823034999,0.004390823034999,1.414651979947175,hold
2021-04-20,-1,-1,0.0076767575754221,-0.0076767575754221,1.4037920396435297,hold
2021-04-22,0,-1,-0.0044981330537942,0.0044981330537942,1.4101064830177032,hold
2021-04-23,-1,-1,0.0100165182871698,-0.0100165182871698,1.3959821256436997,hold
2021-04-26,0,-1,0.011601643402658,-0.011601643402658,1.379786438825497,hold
2021-04-27,1,1,0.014433855260107,0.014433855260107,1.396942503695712,flip
2021-04-28,1,1,0.0020418099664161,0.0020418099664161,1.3997947948222682,hold
2021-04-29,0,1,-0.0177108120451774,-0.0177108120451774,1.3750032923093534,hold
2021-04-30,0,1,0.0002085134632017,0.0002085134632017,1.3752899990077465,hold
2021-05-03,-1,-1,-0.0094061074234402,0.0094061074234402,1.3854755444787807,flip
2021-05-04,0,-1,0.0083709591539336,-0.0083709591539336,1.3738777852871749,hold
2021-05-05,0,-1,0.0073164109749706,-0.0073164109749706,1.3638259307806315,hold
2021-05-06,0,-1,0.0066792477481554,-0.0066792477481554,1.354716599503589,hold
2021-05-07,0,-1,0.0080414227481215,-0.0080414227481215,1.343822750623083,hold
2021-05-10,0,-1,-0.0061302011912188,0.0061302011912188,1.3520606544497396,hold
2021-05-11,0,-1,-0.0103866808073666,0.0103866808073666,1.3661040768997081,hold
2021-05-12,-1,-1,-0.0012724250884564,0.0012724250884564,1.3678423420005978,hold
2021-05-14,-1,-1,0.0167157604819725,-0.0167157604819725,1.3449778170346154,hold
2021-05-17,0,-1,0.012393443335275,-0.012393443335275,1.328308910671995,hold
2021-05-18,0,-1,-0.0051594324081388,0.0051594324081388,1.3351622307137356,hold
2021-05-19,-1,-1,-0.0082567760609306,0.0082567760609306,1.3461863662577516,hold
2021-05-20,-1,-1,0.0180631356749747,-0.0180631356749747,1.3218700192802366,hold
2021-05-21,0,-1,0.0014761086049899,-0.0014761086049899,1.3199187955700988,hold
2021-05-24,0,-1,0.0007073438653115,-0.0007073438653115,1.318985159107343,hold
2021-05-25,-1,-1,0.0061150215048646,-0.0061150215048646,1.3109195364948043,hold
2021-05-26,0,-1,0.0023788211965458,-0.0023788211965458,1.3078010933144246,hold
2021-05-27,-1,-1,0.006376433707514,-0.006376433707514,1.299461986340291,hold
2021-05-28,0,-1,0.0095330880357249,-0.0095330880357249,1.287074100825431,hold
2021-05-31,0,-1,-0.0005101904286871,0.0005101904286871,1.287730753712683,hold
2021-06-01,-1,-1,8.67158252806366e-05,-8.67158252806366e-05,1.2876190870776356,hold
2021-06-02,-1,-1,0.0073284506253876,-0.0073284506253876,1.2781828341736805,hold
2021-06-03,0,-1,-0.0012810173052479,0.0012810173052479,1.279820208503528,hold
2021-06-04,-1,-1,0.0051945814919991,-0.0051945814919991,1.273172078135349,hold
2021-06-07,0,-1,-0.0007333060957773,0.0007333060957773,1.274105702981219,hold
2021-06-08,-1,-1,-0.0066549769442125,0.0066549769442125,1.2825848470590488,hold
2021-06-09,-1,-1,0.006549286916079,-0.006549286916079,1.2741848309014439,hold
2021-06-10,0,-1,0.0039141306333496,-0.0039141306333496,1.2691975050222633,hold
2021-06-11,-1,-1,0.0007911718082738,-0.0007911718082738,1.2681933517371582,hold
2021-06-14,-1,-1,0.0036302135450976,-0.0036302135450976,1.2635895390538792,hold
2021-06-15,-1,-1,-0.0064086327528081,0.0064086327528081,1.2716874203599655,hold
2021-06-16,-1,-1,-0.0048295020472909,0.0048295020472909,1.277829037360108,hold
2021-06-17,-1,-1,-0.0005130696464038,0.0005130696464038,1.2784846526524707,hold
2021-06-18,-1,-1,0.0040265882096546,-0.0040265882096546,1.2733367214238758,hold
2021-06-21,0,-1,0.0016670371193598,-0.0016670371193598,1.2712140218438184,hold
2021-06-22,-1,-1,-0.0054397492312691,0.0054397492312691,1.2781291073419216,hold
2021-06-23,-1,-1,0.0065978407983298,-0.0065978407983298,1.2696962149719682,hold
2021-06-24,1,1,0.0044266891189239,0.0044266891189239,1.2727773729611795,flip
2021-06-25,0,1,-0.0028782098242977,-0.0028782098242977,1.269114052622179,hold
2021-06-28,-1,-1,-0.0041891404314852,0.0041891404314852,1.27189232150694,flip
2021-06-29,-1,-1,-0.0017112919035373,0.0017112919035373,1.274068900538906,hold
2021-06-30,-1,-1,-0.002639697229908,0.002639697229908,1.2774320566863706,hold
2021-07-01,-1,-1,0.0026913389867666,-0.0026913389867666,1.2739940539892651,hold
2021-07-02,0,-1,0.007133188273225,-0.007133188273225,1.2649064145431905,hold
2021-07-05,1,1,-0.0010167521731027,-0.0010167521731027,1.2610905053683459,flip
2021-07-06,-1,-1,0.0038816171589777,-0.0038816171589777,1.2536732538129476,flip
2021-07-07,0,-1,-0.0095562557277451,0.0095562557277451,1.2656536760254185,hold
2021-07-08,-1,-1,-0.0024224839292732,0.0024224839292732,1.2687197017156155,hold
2021-07-09,-1,-1,0.0001784474449868,-0.0001784474449868,1.26849330192644,hold
2021-07-12,0,-1,0.0076309854951284,-0.0076309854951284,1.2588134479387718,hold
2021-07-13,0,-1,0.0026308921169333,-0.0026308921169333,1.2555016455619,hold
2021-07-14,-1,-1,0.0044310723280038,-0.0044310723280038,1.2499384269624874,hold
2021-07-15,1,1,-5.0225736783704455e-05,-5.0225736783704455e-05,1.2473757710301339,flip
2021-07-16,-1,-1,-0.0107389122803617,0.0107389122803617,1.2582764784738147,flip
2021-07-19,-1,-1,-0.0076369809214345,0.0076369809214345,1.267885911933809,hold
2021-07-20,-1,-1,0.0122792331234495,-0.0122792331234495,1.2523172452472364,hold
2021-07-22,0,-1,0.0020222383267853,-0.0020222383267853,1.2497847613166033,hold
2021-07-23,-1,-1,-0.0019929055322251,0.0019929055322251,1.252275464281522,hold
2021-07-26,-1,-1,-0.0049290812026508,0.0049290812026508,1.2584480317330529,hold
2021-07-27,-1,-1,-0.0023528988583426,0.0023528988583426,1.261409032670201,hold
2021-07-28,-1,-1,0.0043954449546468,-0.0043954449546468,1.2558645787018048,hold
2021-07-29,1,1,-0.0009760394990868,-0.0009760394990868,1.2521270761100842,flip
2021-07-30,-1,-1,0.0077460001364197,-0.0077460001364197,1.2399238454555006,flip
2021-08-02,1,1,0.0154609558824161,0.0154609558824161,1.2566144056367328,flip
2021-08-03,0,1,0.0079382424678022,0.0079382424678022,1.2665897154772103,hold
2021-08-04,0,1,0.0022018725316477,0.0022018725316477,1.2693785845805872,hold
2021-08-05,0,1,-0.0034612335015614,-0.0034612335015614,1.2649849688974724,hold
2021-08-06,-1,-1,0.0012347307242392,-0.0012347307242392,1.2608930831528788,flip
2021-08-09,0,-1,0.0013439090538649,-0.0013439090538649,1.259198557522474,hold
2021-08-10,-1,-1,0.0001320870680521,-0.0001320870680521,1.2590322336769153,hold
2021-08-11,-1,-1,0.0050453954843463,-0.0050453954843463,1.2526799181304753,hold
2021-08-12,0,-1,0.0100644823408473,-0.0100644823408473,1.240072343215717,hold
2021-08-13,-1,-1,0.0020540242770237,-0.0020540242770237,1.2375252045174863,hold
2021-08-16,-1,-1,0.0031122785775283,-0.0031122785775283,1.2336736813343152,hold
2021-08-17,-1,-1,-0.0027536023181795,0.0027536023181795,1.2370707280431146,hold
2021-08-18,-1,-1,-0.0071428984006249,0.0071428984006249,1.2459069985679136,hold
2021-08-20,-1,-1,0.0027931806783987,-0.0027931806783987,1.242426955212432,hold
2021-08-23,-1,-1,0.0077683620836017,-0.0077683620836017,1.232775332761915,hold
2021-08-24,0,-1,0.0006045728309951,-0.0006045728309951,1.2320300302890062,hold
2021-08-25,-1,-1,0.0001352598309651,-0.0001352598309651,1.2318633861153654,hold
2021-08-26,-1,-1,0.00410526158848,-0.00410526158848,1.2268062646740912,hold
2021-08-27,-1,-1,0.0135198365217041,-0.0135198365217041,1.210220044531895,hold
2021-08-30,1,1,0.0118804461754233,0.0118804461754233,1.2221775585423107,flip
2021-08-31,1,1,-0.0032657347743637,-0.0032657347743637,1.2181862507889323,hold
2021-09-01,-1,-1,0.009246783727399,-0.009246783727399,1.2044855734866182,flip
2021-09-02,0,-1,0.0051902308336972,-0.0051902308336972,1.1982340153243645,hold
2021-09-03,-1,-1,0.0031287476677577,-0.0031287476677577,1.1944850434434904,hold
2021-09-06,-1,-1,-0.0009035189246697,0.0009035189246697,1.1955642832854765,hold
2021-09-07,-1,-1,-0.0004953092983268,0.0004953092983268,1.1961564573917354,hold
2021-09-08,-1,-1,0.0009075978909154,-0.0009075978909154,1.1950708283138018,hold
2021-09-09,-1,-1,-0.0008030985074197,0.0008030985074197,1.1960305879122815,hold
2021-09-13,-1,-1,0.001423151293159,-0.001423151293159,1.1943284554344364,hold
2021-09-14,-1,-1,0.0080235453826236,-0.0080235453826236,1.1847457068704994,hold
2021-09-15,0,-1,0.0062816347635072,-0.0062816347635072,1.1773035670523058,hold
2021-09-16,0,-1,-0.0025156476006126,0.0025156476006126,1.1802652479459534,hold
2021-09-17,-1,-1,-0.010705054879733,0.010705054879733,1.1929000521978566,hold
2021-09-20,-1,-1,0.0094901738624639,-0.0094901738624639,1.1815792233019566,hold
2021-09-21,0,-1,-0.0008740239935656,0.0008740239935656,1.1826119518934213,hold
2021-09-22,-1,-1,0.0157465283671818,-0.0157465283671818,1.1639899192455632,hold
2021-09-23,0,-1,0.0016972499684944,-0.0016972499684944,1.1620143373917957,hold
2021-09-24,-1,-1,0.0001064453827974,-0.0001064453827974,1.161890646330836,hold
2021-09-27,-1,-1,-0.0059646824901542,0.0059646824901542,1.1688209551244797,hold
2021-09-28,-1,-1,-0.0021015082285871,0.0021015082285871,1.1712772419794188,hold
2021-09-29,-1,-1,-0.0052593760207388,0.0052593760207388,1.1774374294195227,hold
2021-09-30,-1,-1,-0.0048869834497958,0.0048869834497958,1.183191546650266,hold
2021-10-01,-1,-1,0.0090804675811375,-0.0090804675811375,1.1724476141686324,hold
2021-10-04,0,-1,0.0074076609199462,-0.0074076609199462,1.1637625197964714,hold
2021-10-05,0,-1,-0.0098921448702895,0.0098921448702895,1.1752746272369112,hold
2021-10-06,-1,-1,0.0081803020160375,-0.0081803020160375,1.1656605258343273,hold
2021-10-07,0,-1,0.0058936227604964,-0.0058936227604964,1.158790562428258,hold
2021-10-08,0,-1,0.0028359561343596,-0.0028359561343596,1.1555042832243014,hold
2021-10-11,0,-1,0.0025632525445875,-0.0025632525445875,1.152542433930045,hold
2021-10-12,-1,-1,0.0094375978492116,-0.0094375978492116,1.1416652019344617,hold
2021-10-13,0,-1,0.0097347877407187,-0.0097347877407187,1.1305513335226651,hold
2021-10-14,1,1,0.0075523961327199,0.0075523961327199,1.1368286023747578,flip
2021-10-18,0,1,-0.0031553077349963,-0.0031553077349963,1.1332415582923197,hold
2021-10-19,-1,-1,-0.00826062521208,0.00826062521208,1.1403363589635414,flip
2021-10-20,-1,-1,-0.0048449082967022,0.0048449082967022,1.145861184050115,hold
2021-10-21,-1,-1,-0.0034766680845673,0.0034766680845673,1.1498449630580465,hold
2021-10-22,-1,-1,0.0005796333280105,-0.0005796333280105,1.149178474595413,hold
2021-10-25,-1,-1,0.0078894808897,-0.0078894808897,1.1401120529812379,hold
2021-10-26,0,-1,-0.0031448386638428,0.0031448386638428,1.1436975214465666,hold
2021-10-27,-1,-1,-0.0194223384240636,0.0194223384240636,1.1659108017628643,hold
2021-10-28,0,-1,-0.0103935157639054,0.0103935157639054,1.1780287140602943,hold
2021-10-29,-1,-1,0.0145996550575078,-0.0145996550575078,1.1608299011871746,hold
2021-11-01,0,-1,-0.0022700482713416,0.0022700482713416,1.1634650410976861,hold
2021-11-02,-1,-1,-0.0033400508475575,0.0033400508475575,1.1673510734943078,hold
2021-11-03,-1,-1,0.0049133761659847,-0.0049133761659847,1.1616154385524642,hold
2021-11-04,0,-1,0.0084697040421863,-0.0084697040421863,1.1517768995770903,hold
2021-11-08,1,1,-0.0013449214352717,-0.0013449214352717,1.1479242963370442,flip
2021-11-09,-1,-1,-0.0014991358050348,0.0014991358050348,1.1473493421584782,flip
2021-11-10,-1,-1,-0.007970140510272,0.007970140510272,1.1564938776298492,hold
2021-11-11,-1,-1,0.0128206066843303,-0.0128206066843303,1.1416669244919209,hold
2021-11-12,0,-1,0.0003700663573213,-0.0003700663573213,1.1412444319719,hold
2021-11-15,-1,-1,-0.0060879819517564,0.0060879819517564,1.1481923074762872,hold
2021-11-16,-1,-1,-0.005586294529162,0.005586294529162,1.154606447881968,hold
2021-11-17,-1,-1,-0.0074781956434608,0.0074781956434608,1.1632408207904308,hold
2021-11-18,-1,-1,-0.0196033721001568,0.0196033721001568,1.1860442634424773,hold
2021-11-22,0,-1,0.0049836979327988,-0.0049836979327988,1.1801333770985512,hold
2021-11-23,0,-1,-0.0050446817378146,0.0050446817378146,1.1860867743941859,hold
2021-11-24,-1,-1,0.006959452503032,-0.006959452503032,1.177832259823315,hold
2021-11-25,0,-1,-0.0290712541877539,0.0290712541877539,1.2120733208391752,hold
2021-11-26,0,-1,0.0016151341742889,-0.0016151341742889,1.210115659796944,hold
2021-11-29,-1,-1,-0.004148599194972,0.004148599194972,1.2151359446490004,hold
2021-11-30,0,-1,0.0108166411704213,-0.0108166411704213,1.2019922551624513,hold
2021-12-01,-1,-1,0.0136745711024337,-0.0136745711024337,1.1855555266046578,hold
2021-12-02,0,-1,-0.0117776858673942,0.0117776858673942,1.1995186271753604,hold
2021-12-03,-1,-1,-0.0165409195759996,0.0165409195759996,1.2193597683173814,hold
2021-12-06,0,-1,0.0156365485816494,-0.0156365485816494,1.2002931900615779,hold
2021-12-07,0,-1,0.0170609485278816,-0.0170609485278816,1.1798150497275703,hold
2021-12-08,0,-1,0.0026960665936832,-0.0026960665936832,1.1766341897852752,hold
2021-12-09,-1,-1,-0.0003167708948091,0.0003167708948091,1.1770069132504364,hold
2021-12-10,-1,-1,-0.0081690551168631,0.0081690551168631,1.1866219475977082,hold
2021-12-13,-1,-1,-0.0024959111813221,0.0024959111813221,1.1895836505847195,hold
2021-12-14,-1,-1,-0.0059740603216401,0.0059740603216401,1.1966902950709495,hold
2021-12-15,-1,-1,0.0015678167505297,-0.0015678167505297,1.1948141039811409,hold
2021-12-16,-1,-1,-0.01525945397337,0.01525945397337,1.2130463148075743,hold
2021-12-17,0,-1,-0.0218425462793778,0.0218425462793778,1.2395423350777874,hold
2021-12-20,0,-1,0.009428705444209,-0.009428705444209,1.2278550555147119,hold
2021-12-21,0,-1,0.0110071709945933,-0.0110071709945933,1.2143398449620857,hold
2021-12-22,0,-1,0.0069093062126275,-0.0069093062126275,1.205949599127048,hold
2021-12-23,0,-1,-0.0040327548791804,0.0040327548791804,1.210812898256973,hold
2021-12-24,-1,-1,0.0048518709108285,-0.0048518709108285,1.204938190377464,hold
2021-12-27,0,-1,0.0086034091740434,-0.0086034091740434,1.1945716140962153,hold
2021-12-28,1,1,-0.0011402602889762,-0.0011402602889762,1.1908203482941306,flip
2021-12-29,-1,-1,-0.0005606259494814,0.0005606259494814,1.1891063123859666,flip
2021-12-30,-1,-1,0.0087248317576065,-0.0087248317576065,1.178731559868491,hold
2021-12-31,1,1,0.0156533158122078,0.0156533158122078,1.194825154113192,flip
2022-01-03,1,1,0.0101868742352642,0.0101868742352642,1.2069966876912732,hold
2022-01-04,0,1,0.006739585234692,0.006739585234692,1.2151313447459595,hold
2022-01-05,0,1,-0.0100054174627969,-0.0100054174627969,1.2029734483696464,hold
2022-01-06,-1,-1,0.0037641836511315,-0.0037641836511315,1.1960392884858086,flip
2022-01-07,-1,-1,0.0107003189218717,-0.0107003189218717,1.1832412866559219,hold
2022-01-10,0,-1,0.0029133112526023,-0.0029133112526023,1.1797941365009637,hold
2022-01-11,-1,-1,0.0086731157318304,-0.0086731157318304,1.169561645415356,hold
2022-01-12,0,-1,0.0024956237305924,-0.0024956237305924,1.1666428596186666,hold
2022-01-13,-1,-1,-0.0001123235637506,0.0001123235637506,1.166773901102283,hold
2022-01-14,-1,-1,0.0028675682661627,-0.0028675682661627,1.1634280972896953,hold
2022-01-17,-1,-1,-0.0106536905679234,0.0106536905679234,1.1758229002362475,hold
2022-01-18,-1,-1,-0.0096422404339412,0.0096422404339412,1.1871604673480594,hold
2022-01-19,-1,-1,-0.010112406160797,0.010112406160797,1.1991655161719244,hold
2022-01-20,-1,-1,-0.0078757453046686,0.0078757453046686,1.2086098383554358,hold
2022-01-21,-1,-1,-0.0265679051873833,0.0265679051873833,1.2407200699494016,hold
2022-01-24,-1,-1,0.0075134912216943,-0.0075134912216943,1.231397930595257,hold
2022-01-25,-1,-1,-0.0097117329146276,0.0097117329146276,1.2433569384088232,hold
2022-01-27,0,-1,-0.0004793161771092,0.0004793161771092,1.2439528995033236,hold
2022-01-28,-1,-1,0.0139107178709299,-0.0139107178709299,1.2266486216736077,hold
2022-01-31,0,-1,0.0136679386118703,-0.0136679386118703,1.2098828636142374,hold
2022-02-01,0,-1,0.0115578385853996,-0.0115578385853996,1.195899232769343,hold
2022-02-02,0,-1,-0.0123622486642295,0.0123622486642295,1.2106832364621987,hold
2022-02-03,-1,-1,-0.0024998826581151,0.0024998826581151,1.2137098024895012,hold
2022-02-04,-1,-1,-0.0172811129276234,0.0172811129276234,1.2346840586476857,hold
2022-02-07,-1,-1,0.0030876976246183,-0.0030876976246183,1.2308717276126453,hold
2022-02-08,-1,-1,0.0114121523303458,-0.0114121523303458,1.216824831958014,hold
2022-02-09,-1,-1,0.008133901085124,-0.008133901085124,1.2069272991369449,hold
2022-02-10,0,-1,-0.0131262969128136,0.0131262969128136,1.2227697852175967,hold
2022-02-11,0,-1,-0.0306162228952934,0.0306162228952934,1.2602063775114485,hold
2022-02-14,-1,-1,0.0302591263839775,-0.0302591263839775,1.222073633464435,hold
2022-02-15,0,-1,-0.0017432697608654,0.0017432697608654,1.2242040374752046,hold
2022-02-16,-1,-1,-0.0010160147191904,0.0010160147191904,1.2254478467965717,hold
2022-02-17,-1,-1,-0.0016353356196504,0.0016353356196504,1.227451865310462,hold
2022-02-18,-1,-1,-0.004031556958107,0.004031556958107,1.232400407418796,hold
2022-02-21,0,-1,-0.0066515660675804,0.0066515660675804,1.240597800150455,hold
2022-02-22,0,-1,-0.0016937094155936,0.0016937094155936,1.2426990123255344,hold
2022-02-23,-1,-1,-0.0477810384708364,0.0477810384708364,1.302076461641131,hold
2022-02-24,0,-1,0.0252616601096495,-0.0252616601096495,1.269183848630378,hold
2022-02-25,0,-1,0.0081340342903666,-0.0081340342903666,1.258860263684839,hold
2022-02-28,0,-1,-0.0111916331229355,0.0111916331229355,1.2729489659090416,hold
2022-03-02,0,-1,-0.006497577228417,0.006497577228417,1.2812200501228692,hold
2022-03-03,0,-1,-0.0153170320073322,0.0153170320073322,1.3008445386390368,hold
2022-03-04,0,-1,-0.0235266847399477,0.0235266847399477,1.3314490979952802,hold
2022-03-07,0,-1,0.0094747765094835,-0.0094747765094835,1.3188339153580215,hold
2022-03-08,0,-1,0.0207262900882942,-0.0207262900882942,1.2914993810500304,hold
2022-03-09,0,-1,0.0152673871904744,-0.0152673871904744,1.2717815599432816,hold
2022-03-10,0,-1,0.0021421537513466,-0.0021421537513466,1.2690572083037557,hold
2022-03-11,-1,-1,0.014482565042708,-0.014482565042708,1.250678004741579,hold
2022-03-14,0,-1,-0.0123464565033122,0.0123464565033122,1.2661194463267704,hold
2022-03-15,-1,-1,0.0187451004846066,-0.0187451004846066,1.2423859100798607,hold
2022-03-16,0,-1,0.0183619883565082,-0.0183619883565082,1.2195732344646846,hold
2022-03-17,0,-1,-0.0098022024704637,0.0098022024704637,1.2315277382364656,hold
2022-03-21,-1,-1,0.0115612232521558,-0.0115612232521558,1.2172897711134913,hold
2022-03-22,-1,-1,-0.004033935455228,0.004033935455228,1.2222002394804723,hold
2022-03-23,-1,-1,-0.0013278937068936,0.0013278937068936,1.2238231914870423,hold
2022-03-24,-1,-1,-0.0040498758909001,0.0040498758909001,1.2287795235249699,hold
2022-03-25,-1,-1,0.0040226199498629,-0.0040226199498629,1.2238366104996554,hold
2022-03-28,0,-1,0.005998187274997,-0.005998187274997,1.2164958093158809,hold
2022-03-29,0,-1,0.0099824655821947,-0.0099824655821947,1.204352181768501,hold
2022-03-30,0,-1,-0.0019144771620018,0.0019144771620018,1.206657886515504,hold
2022-03-31,-1,-1,0.0117779652585923,-0.0117779652585923,1.192445911849118,hold
2022-04-01,-1,-1,0.0216718413399843,-0.0216718413399843,1.166603413241011,hold
2022-04-04,0,-1,-0.005317557796472,0.005317557796472,1.1728068943164816,hold
2022-04-05,-1,-1,-0.0083391803235717,0.0083391803235717,1.1825871424929149,hold
2022-04-06,-1,-1,-0.0094397411049521,0.0094397411049521,1.193750458952093,hold
2022-04-07,-1,-1,0.0082087593907955,-0.0082087593907955,1.1839512486619037,hold
2022-04-08,0,-1,-0.006151497975913,0.006151497975913,1.191234322371627,hold
2022-04-11,-1,-1,-0.0081838106412522,0.0081838106412522,1.2009831584952768,hold
2022-04-12,-1,-1,-0.0031174816283502,0.0031174816283502,1.2047272014278438,hold
2022-04-13,-1,-1,-0.0172811880101475,0.0172811880101475,1.2255463186966573,hold
2022-04-18,0,-1,-0.0125191788064678,0.0125191788064678,1.2408891521960292,hold
2022-04-19,-1,-1,0.010490244596548,-0.010490244596548,1.2278719214722897,hold
2022-04-20,-1,-1,0.014941678252146,-0.014941678252146,1.2095254542868066,hold
2022-04-21,0,-1,-0.0126864526051679,0.0126864526051679,1.2248700416373604,hold
2022-04-22,0,-1,-0.0126951225643019,0.0126951225643019,1.2404199169412882,hold
2022-04-25,0,-1,0.0145601216162072,-0.0145601216162072,1.2223592520954574,hold
2022-04-26,0,-1,-0.0094414436101153,0.0094414436101153,1.2339000880454194,hold
2022-04-27,0,-1,0.0121285088909346,-0.0121285088909346,1.2189347198570355,hold
2022-04-28,0,-1,-0.0082632403816946,0.0082632403816946,1.229007070456808,hold
2022-04-29,-1,-1,-0.0019559171203674,0.0019559171203674,1.231410906426967,hold
2022-05-02,-1,-1,-0.0229361834519363,0.0229361834519363,1.259654772881491,hold
2022-05-04,-1,-1,0.0003028482136697,-0.0003028482136697,1.2592732886836835,hold
2022-05-05,-1,-1,-0.0162684216398562,0.0162684216398562,1.2797596775037978,hold
2022-05-06,0,-1,-0.0066661826871809,0.0066661826871809,1.288290789309726,hold
2022-05-09,0,-1,-0.0037909688880922,0.0037909688880922,1.293174659610815,hold
2022-05-10,0,-1,-0.0044919933245182,0.0044919933245182,1.2989835915492227,hold
2022-05-11,0,-1,-0.0222117521417858,0.0222117521417858,1.3278362931209606,hold
2022-05-12,0,-1,-0.0016352232651188,0.0016352232651188,1.3300076019197413,hold
2022-05-13,-1,-1,0.0038112305721171,-0.0038112305721171,1.3249386362861566,hold
2022-05-16,-1,-1,0.0263219359020472,-0.0263219359020472,1.2900636864276864,hold
2022-05-17,0,-1,-0.0011685620062508,0.0011685620062508,1.2915712058372895,hold
2022-05-18,-1,-1,-0.0265327253341793,0.0265327253341793,1.325840109891305,hold
2022-05-19,-1,-1,0.0288910387942893,-0.0288910387942893,1.2875352118414105,hold
2022-05-20,0,-1,-0.0031630222318707,0.0031630222318707,1.2916077143407811,hold
2022-05-23,-1,-1,-0.0055227542667355,0.0055227542667355,1.2987409463561053,hold
2022-05-24,0,-1,-0.0061612191843656,0.0061612191843656,1.3067427739903157,hold
2022-05-25,-1,-1,0.0090073873189953,-0.0090073873189953,1.2949724356986865,hold
2022-05-26,0,-1,0.0112738471989222,-0.0112738471989222,1.2803731143318033,hold
2022-05-27,0,-1,0.0188932050929628,-0.0188932050929628,1.256182762487217,hold
2022-05-30,0,-1,-0.0046124339835348,0.0046124339835348,1.2619768225504435,hold
2022-05-31,-1,-1,-0.0037264067061659,0.0037264067061659,1.2666794614450214,hold
2022-06-01,-1,-1,0.0063700049931154,-0.0063700049931154,1.25861070695094,hold
2022-06-02,-1,-1,-0.0026280502014673,0.0026280502014673,1.2619183990729113,hold
2022-06-03,-1,-1,-0.0008893953501298,0.0008893953501298,1.26304074342929,hold
2022-06-06,-1,-1,-0.0092459460064759,0.0092459460064759,1.2747187499470165,hold
2022-06-07,-1,-1,-0.0036609606157923,0.0036609606157923,1.2793854450867845,hold
2022-06-08,-1,-1,0.0074497277416889,-0.0074497277416889,1.2698543718442084,hold
2022-06-09,0,-1,-0.0167676984141,0.0167676984141,1.2911469069811186,hold
2022-06-10,0,-1,-0.0263797491152091,0.0263797491152091,1.3252070384581587,hold
2022-06-13,0,-1,-0.0026816094559853,0.0026816094559853,1.3287607261836265,hold
2022-06-14,-1,-1,-0.002539344381356,0.002539344381356,1.3321349072678272,hold
2022-06-15,-1,-1,-0.0211284478542902,0.0211284478542902,1.3602808501909152,hold
2022-06-16,0,-1,-0.0043682936266399,0.0043682936266399,1.3662229563592443,hold
2022-06-17,0,-1,0.0037042135956451,-0.0037042135956451,1.3611621747096159,hold
2022-06-20,-1,-1,0.018804337854487,-0.018804337854487,1.335566421301628,hold
2022-06-21,0,-1,-0.0144192650853174,0.0144192650853174,1.354824307569425,hold
2022-06-22,0,-1,0.0093004475196092,-0.0093004475196092,1.3422238351985847,hold
2022-06-23,0,-1,0.0091664725885294,-0.0091664725885294,1.329920377205566,hold
2022-06-24,0,-1,0.008458990377725,-0.008458990377725,1.3186705935316438,hold
2022-06-27,0,-1,0.0011464333961117,-0.0011464333961117,1.3171588255247488,hold
2022-06-28,-1,-1,-0.0032239710103227,0.0032239710103227,1.3214053073942313,hold
2022-06-29,-1,-1,-0.0011930812414028,0.0011930812414028,1.3229818512787734,hold
2022-06-30,-1,-1,-0.0017870563085186,0.0017870563085186,1.3253460943421567,hold
2022-07-01,-1,-1,0.0052881882498054,-0.0052881882498054,1.3183374146991311,hold
2022-07-04,0,-1,-0.0015471713984448,0.0015471713984448,1.3203771086406533,hold
2022-07-05,-1,-1,0.0113181897073002,-0.0113181897073002,1.3054328300398819,hold
2022-07-06,0,-1,0.0089494920315105,-0.0089494920315105,1.2937498693297678,hold
2022-07-07,1,1,0.0054360478665673,0.0054360478665673,1.2981952558081502,flip
2022-07-08,-1,-1,-0.0002835659276332,0.0002835659276332,1.2959669892384962,flip
2022-07-11,-1,-1,-0.0097249750439381,0.0097249750439381,1.3085702358666083,hold
2022-07-12,-1,-1,-0.0057072925015229,0.0057072925015229,1.3160386289614858,hold
2022-07-13,-1,-1,-0.0017536552323109,0.0017536552323109,1.3183465069890874,hold
2022-07-14,-1,-1,0.0069359576863876,-0.0069359576863876,1.3092025114006143,hold
2022-07-15,0,-1,0.0142873041582765,-0.0142873041582765,1.2904975369154543,hold
2022-07-18,0,-1,0.0038117642711243,-0.0038117642711243,1.285578464512266,hold
2022-07-19,-1,-1,0.0110338885069691,-0.0110338885069691,1.2713935350678773,hold
2022-07-20,0,-1,0.005108719746296,-0.005108719746296,1.264898341809963,hold
2022-07-21,-1,-1,0.0068772959606149,-0.0068772959606149,1.256199261553245,hold
2022-07-22,0,-1,-0.0052901993117577,0.0052901993117577,1.2628448060221444,hold
2022-07-25,-1,-1,-0.008847958067765,0.008847958067765,1.2740184039119231,hold
2022-07-26,-1,-1,0.0095821774414373,-0.0095821774414373,1.2618105335019822,hold
2022-07-27,0,-1,0.0172937311236929,-0.0172937311236929,1.2399891214065555,hold
2022-07-28,0,-1,0.0135059538264792,-0.0135059538264792,1.223241885587502,hold
2022-07-29,0,-1,0.0105955316684394,-0.0105955316684394,1.2102809874505982,hold
2022-08-01,0,-1,0.0003113276638058,-0.0003113276638058,1.2099041934982266,hold
2022-08-02,-1,-1,0.0024618083588656,-0.0024618083588656,1.2069256412412461,hold
2022-08-03,-1,-1,-0.0003537116074355,0.0003537116074355,1.2073525448498648,hold
2022-08-04,-1,-1,0.0008917270739845,-0.0008917270739845,1.206275915897778,hold
2022-08-05,-1,-1,0.0073343646716481,-0.0073343646716481,1.1974286484359575,hold
2022-08-08,0,-1,0.0005506610997998,-0.0005506610997998,1.196769271059478,hold
2022-08-10,-1,-1,0.0070859293688247,-0.0070859293688247,1.1882890485339708,hold
2022-08-11,0,-1,0.0022170219505635,-0.0022170219505635,1.1856545856297567,hold
2022-08-12,-1,-1,0.0071815193435313,-0.0071815193435313,1.17713978428831,hold
2022-08-16,0,-1,0.0066759231988331,-0.0066759231988331,1.1692812894941103,hold
2022-08-17,0,-1,0.000682669936052,-0.000682669936052,1.1684830563109845,hold
2022-08-18,-1,-1,-0.011029475746944,0.011029475746944,1.1813708118412816,hold
2022-08-19,-1,-1,-0.0150773300473388,0.0150773300473388,1.199182729479705,hold
2022-08-22,0,-1,0.0049626821755044,-0.0049626821755044,1.1932315667229434,hold
2022-08-23,0,-1,0.0015616110795051,-0.0015616110795051,1.1913682030879336,hold
2022-08-24,-1,-1,-0.0046861822192667,0.0046861822192667,1.196951171577844,hold
2022-08-25,-1,-1,0.0020802555293466,-0.0020802555293466,1.1944612072848113,hold
2022-08-26,-1,-1,-0.0140099889245538,0.0140099889245538,1.2111955955696807,hold
2022-08-29,0,-1,0.0257842637890255,-0.0257842637890255,1.1799658088334062,hold
2022-08-30,1,1,-0.0121907952721076,-0.0121907952721076,1.1632211556121643,flip
2022-09-01,-1,-1,-0.0001910505934481,0.0001910505934481,1.1611169473930312,flip
2022-09-02,-1,-1,0.0072038500710118,-0.0072038500710118,1.152752434989101,hold
2022-09-05,1,1,-0.0005774531254664,-0.0005774531254664,1.1497812696226493,flip
2022-09-06,0,1,-0.0017671004916441,-0.0017671004916441,1.1477494905758159,hold
2022-09-07,-1,-1,0.0098925129655895,-0.0098925129655895,1.1340998648778944,flip
2022-09-08,1,1,0.0019439347917691,0.0019439347917691,1.1340362813328153,flip
2022-09-09,0,1,0.005775695663245,0.005775695663245,1.1405861297648718,hold
2022-09-12,0,1,0.0074542019299801,0.0074542019299801,1.1490882890946736,hold
2022-09-13,0,1,-0.0036690976717561,-0.0036690976717561,1.1448721719285142,hold
2022-09-14,-1,-1,-0.0070179606679163,0.0070179606679163,1.1506170954570434,flip
2022-09-15,-1,-1,-0.0193848531485446,0.0193848531485446,1.172921638882683,hold
2022-09-16,0,-1,0.0052136885924867,-0.0052136885924867,1.1668063907141597,hold
2022-09-19,0,-1,0.0110088098852303,-0.0110088098852303,1.1539612409859157,hold
2022-09-20,0,-1,-0.0054950054374517,0.0054950054374517,1.1603022642797418,hold
2022-09-21,0,-1,-0.0049975776569025,0.0049975776569025,1.1661009649509595,hold
2022-09-22,-1,-1,-0.0171556772324205,0.0171556772324205,1.186106216726072,hold
2022-09-23,0,-1,-0.0179513217622564,0.0179513217622564,1.2073983910667345,hold
2022-09-26,0,-1,-0.0005230508522044,0.0005230508522044,1.2080299218241324,hold
2022-09-27,-1,-1,-0.0087491784653945,0.0087491784653945,1.2185991912017085,hold
2022-09-28,0,-1,-0.0024023347691036,0.0024023347691036,1.2215266744083337,hold
2022-09-29,-1,-1,0.016425755966269,-0.016425755966269,1.2014621753482142,hold
2022-09-30,0,-1,-0.0121092644487904,0.0121092644487904,1.2160109985547247,hold
2022-10-03,0,-1,0.0229136709327191,-0.0229136709327191,1.1881477226832746,hold
2022-10-04,0,-1,0.0033286441360573,-0.0033286441360573,1.1841928017333951,hold
2022-10-06,-1,-1,-0.0009895331040011,0.0009895331040011,1.1853645997122302,hold
2022-10-07,-1,-1,-0.0042536458411471,0.0042536458411471,1.190406720912039,hold
2022-10-10,-1,-1,-0.0149323831999303,0.0149323831999303,1.2081823302324701,hold
2022-10-11,-1,-1,0.0082461453396196,-0.0082461453396196,1.1982194831406128,hold
2022-10-12,0,-1,-0.0063800837728176,0.0063800837728176,1.205864223821272,hold
2022-10-13,-1,-1,0.0100708880038873,-0.0100708880038873,1.1937201002752735,hold
2022-10-14,0,-1,0.0073375869608156,-0.0073375869608156,1.1849610752326303,hold
2022-10-17,0,-1,0.010117285874136,-0.010117285874136,1.1729724852847783,hold
2022-10-18,-1,-1,0.0014468379208691,-0.0014468379208691,1.1712753842129322,hold
2022-10-19,-1,-1,0.002952174549244,-0.002952174549244,1.1678175748335027,hold
2022-10-20,-1,-1,0.0007032337856462,-0.0007032337856462,1.1669963260594083,hold
2022-10-21,-1,-1,0.0087873563767617,-0.0087873563767617,1.1567415134519528,hold
2022-10-24,1,1,-0.004196122026705,-0.004196122026705,1.149574201881249,flip
2022-10-25,-1,-1,0.0045649078749665,-0.0045649078749665,1.1420273531504603,flip
2022-10-27,0,-1,0.0028106052447454,-0.0028106052447454,1.138817565082053,hold
2022-10-28,-1,-1,0.0126722303955641,-0.0126722303955641,1.124386206518818,hold
2022-10-31,-1,-1,0.0073950532223929,-0.0073950532223929,1.116071310679087,hold
2022-11-01,0,-1,-0.0034471976315451,0.0034471976315451,1.1199186290578953,hold
2022-11-02,-1,-1,-0.0016673473084335,0.0016673473084335,1.1217859223697195,hold
2022-11-03,-1,-1,0.0035701681556883,-0.0035701681556883,1.1177809579921756,hold
2022-11-04,-1,-1,0.0047275862251119,-0.0047275862251119,1.1124965521324794,hold
2022-11-07,0,-1,-0.0025161392359563,0.0025161392359563,1.1152957483571662,hold
2022-11-09,-1,-1,-0.0070937259046097,0.0070937259046097,1.1232073506985885,hold
2022-11-10,-1,-1,0.0178331732470333,-0.0178331732470333,1.1031769994212393,hold
2022-11-11,0,-1,-0.0011198455015547,0.0011198455015547,1.1044123872214597,hold
2022-11-14,-1,-1,0.0040509242609507,-0.0040509242609507,1.09993849628797,hold
2022-11-15,-1,-1,0.0003396111515991,-0.0003396111515991,1.0995649449085574,hold
2022-11-16,-1,-1,-0.0035714963948192,0.0035714963948192,1.103492037145168,hold
2022-11-17,-1,-1,-0.0019761337135545,0.0019761337135545,1.1056726849624094,hold
2022-11-18,-1,-1,-0.0080677295405768,0.0080677295405768,1.1145929531450895,hold
2022-11-21,-1,-1,0.0046393301536886,-0.0046393301536886,1.1094219884484748,hold
2022-11-22,0,-1,0.0012634580983039,-0.0012634580983039,1.1080202802527332,hold
2022-11-23,-1,-1,0.0118709498898301,-0.0118709498898301,1.0948670270289376,hold
2022-11-24,0,-1,0.0015500019600884,-0.0015500019600884,1.0931699809910065,hold
2022-11-25,-1,-1,0.0027008413120686,-0.0027008413120686,1.0902175023452327,hold
2022-11-28,0,-1,0.0029791265437502,-0.0029791265437502,1.086969606445535,hold
2022-11-29,0,-1,0.0075356346254191,-0.0075356346254191,1.0787786006424258,hold
2022-11-30,0,-1,0.0028867353340049,-0.0028867353340049,1.075664452338383,hold
2022-12-01,-1,-1,-0.006187396179402,0.006187396179402,1.0823200144610998,hold
2022-12-02,-1,-1,0.0002648237856262,-0.0002648237856262,1.0820333903776111,hold
2022-12-05,-1,-1,-0.0031175136590962,0.0031175136590962,1.0854066442517114,hold
2022-12-06,-1,-1,-0.0044119027503989,0.0044119027503989,1.0901953528107866,hold
2022-12-07,-1,-1,0.0026319123609277,-0.0026319123609277,1.087326054185898,hold
2022-12-08,-1,-1,-0.0060587824059793,0.0060587824059793,1.0939139261525623,hold
2022-12-09,0,-1,2.977743269738653e-05,-2.977743269738653e-05,1.0938813522042496,hold
2022-12-12,-1,-1,0.0059927938646799,-0.0059927938646799,1.0873259467480723,hold
2022-12-13,0,-1,0.0028106610731943,-0.0028106610731943,1.0842698420356733,hold
2022-12-14,-1,-1,-0.0131509343553336,0.0131509343553336,1.0985290035517523,hold
2022-12-15,0,-1,-0.0079229530179417,0.0079229530179417,1.107232597235739,hold
2022-12-16,0,-1,0.0082899566889265,-0.0082899566889265,1.0980536869600872,hold
2022-12-19,1,1,-0.0019081205394395,-0.0019081205394395,1.0937623607926712,flip
2022-12-20,-1,-1,-0.0101277196435586,0.0101277196435586,1.1026521546178707,flip
2022-12-21,0,-1,-0.0039425027358517,0.0039425027358517,1.1069993637541444,hold
2022-12-22,-1,-1,-0.0176831602541178,0.0176831602541178,1.1265746109046155,hold
2022-12-23,0,-1,0.0116696328935068,-0.0116696328935068,1.1134278987682134,hold
2022-12-26,0,-1,0.0065336546149905,-0.0065336546149905,1.1061531454389673,hold
2022-12-27,-1,-1,-0.0005405150382313,0.0005405150382313,1.106751037848664,hold
2022-12-28,-1,-1,0.0037798317009243,-0.0037798317009243,1.1025677051907727,hold
2022-12-29,-1,-1,-0.0047110779368918,0.0047110779368918,1.1077619875806264,hold
2022-12-30,-1,-1,0.0050895833553579,-0.0050895833553579,1.1021239406069379,hold
2023-01-02,0,-1,0.0019289276248581,-0.0019289276248581,1.0999980232918838,hold
2023-01-03,-1,-1,-0.0103990694870288,0.0103990694870288,1.1114369791716905,hold
2023-01-04,-1,-1,-0.0028154392892826,0.0028154392892826,1.114566162510412,hold
2023-01-05,-1,-1,-0.0073755037054461,0.0073755037054461,1.1227866493719725,hold
2023-01-06,-1,-1,0.0135362517084902,-0.0135362517084902,1.1075883266711413,hold
2023-01-09,0,-1,-0.0103335047509585,0.0103335047509585,1.1190335959069038,hold
2023-01-10,0,-1,-0.0010299775022909,0.0010299775022909,1.1201861753349955,hold
2023-01-11,-1,-1,-0.0020954755408891,0.0020954755408891,1.1225334980666521,hold
2023-01-12,-1,-1,0.0055100959183882,-0.0055100959183882,1.1163482308207011,hold
2023-01-13,1,1,-0.0034388470725693,-0.0034388470725693,1.110276583513534,flip
2023-01-16,-1,-1,0.0088545685118242,-0.0088545685118242,1.0982250102707123,flip
2023-01-17,1,1,0.00620655632356,0.00620655632356,1.1028447556323584,flip
2023-01-18,1,1,-0.003165367099256,-0.003165367099256,1.0993538471272928,hold
2023-01-19,-1,-1,-0.0044289753051891,0.0044289753051891,1.1020241504736297,flip
2023-01-20,-1,-1,0.0050422760956287,-0.0050422760956287,1.096467440442891,hold
2023-01-23,0,-1,-1.3798013043020418e-05,1.3798013043020418e-05,1.0964825695149354,hold
2023-01-24,-1,-1,-0.0124929796250122,0.0124929796250122,1.1101809039150665,hold
2023-01-25,0,-1,-0.0160742469061787,0.0160742469061787,1.128026225875122,hold
2023-01-27,0,-1,0.0025334426073457,-0.0025334426073457,1.1251684361722865,hold
2023-01-30,-1,-1,0.0007479862801675,-0.0007479862801675,1.124326825619152,hold
2023-01-31,-1,-1,-0.0025959245256645,0.0025959245256645,1.1272454932006395,hold
2023-02-01,-1,-1,-0.0003349392530399,0.0003349392530399,1.1276230519641246,hold
2023-02-02,-1,-1,0.0138355963078902,-0.0138355963078902,1.1120217146296778,hold
2023-02-03,1,1,-0.0050101331608701,-0.0050101331608701,1.1042262943323446,flip
2023-02-06,-1,-1,-0.0024261514654264,0.0024261514654264,1.1046968619858368,flip
2023-02-07,-1,-1,0.0084755364246817,-0.0084755364246817,1.0953339634938444,hold
2023-02-08,1,1,0.0012170079483646,0.0012170079483646,1.0944763257065424,flip
2023-02-09,-1,-1,-0.0020649578680046,0.0020649578680046,1.0945474205552417,flip
2023-02-10,-1,-1,-0.0047937507000251,0.0047937507000251,1.099794408018739,hold
2023-02-13,-1,-1,0.0089443537049958,-0.0089443537049958,1.0899574578306428,hold
2023-02-14,1,1,0.0047964707944361,0.0047964707944361,1.093005492028644,flip
2023-02-15,0,1,0.0011101336008929,0.0011101336008929,1.0942188741513057,hold
2023-02-16,-1,-1,-0.0050815676893513,0.0050815676893513,1.0975907836789687,flip
2023-02-17,-1,-1,-0.0055505184801407,0.0055505184801407,1.103682981607411,hold
2023-02-20,-1,-1,-0.001003126492992,0.001003126492992,1.1047901152461257,hold
2023-02-21,-1,-1,-0.0152803631315826,0.0152803631315826,1.1216717093912694,hold
2023-02-22,0,-1,-0.0024524349779846,0.0024524349779846,1.1244225363251963,hold
2023-02-23,-1,-1,-0.002595429723749,0.002595429723749,1.1273408959980278,hold
2023-02-24,-1,-1,-0.0041854114458053,0.0041854114458053,1.1320592814874624,hold
2023-02-27,-1,-1,-0.0051027157362857,0.0051027157362857,1.1378358581975168,hold
2023-02-28,0,-1,0.008492348770636,-0.008492348770636,1.1281729592459675,hold
2023-03-01,0,-1,-0.0073921687198044,0.0073921687198044,1.1365126041058347,hold
2023-03-02,0,-1,0.0157285986298278,-0.0157285986298278,1.1186368535181137,hold
2023-03-03,1,1,0.0066555236183669,0.0066555236183669,1.123844693810043,flip
2023-03-06,0,1,0.0024250512391459,0.0024250512391459,1.1265700747773746,hold
2023-03-08,-1,-1,-0.0092822498999752,0.0092822498999752,1.1347740395917372,flip
2023-03-09,-1,-1,-0.010045664635585,0.010045664635585,1.1461735990306439,hold
2023-03-10,-1,-1,-0.0148510359316261,0.0148510359316261,1.1631954643337292,hold
2023-03-13,-1,-1,-0.0064706805258611,0.0064706805258611,1.1707221305725635,hold
2023-03-14,-1,-1,-0.0041746837386849,0.0041746837386849,1.1756095252135832,hold
2023-03-15,-1,-1,0.0007924286811309,-0.0007924286811309,1.1746779385079933,hold
2023-03-16,-1,-1,0.0067381296219788,-0.0067381296219788,1.1667628062942474,hold
2023-03-17,-1,-1,-0.0065292432199922,0.0065292432199922,1.1743808844365833,hold
2023-03-20,0,-1,0.007010642946744,-0.007010642946744,1.1661477193723169,hold
2023-03-21,0,-1,0.0025953757489405,-0.0025953757489405,1.1631211278617757,hold
2023-03-22,-1,-1,-0.0043726933046436,0.0043726933046436,1.1682070998300662,hold
2023-03-23,-1,-1,-0.0077209333285906,0.0077209333285906,1.1772267489618402,hold
2023-03-24,0,-1,0.0023988383407489,-0.0023988383407489,1.1744027723006754,hold
2023-03-27,-1,-1,-0.0020016838613549,0.0020016838613549,1.1767535553767199,hold
2023-03-28,-1,-1,0.0076098565893214,-0.0076098565893214,1.167798629579329,hold
2023-03-29,0,-1,0.0163371989446239,-0.0163371989446239,1.1487200710406322,hold
2023-03-31,0,-1,0.0022062979737611,-0.0022062979737611,1.1461856522754765,hold
2023-04-03,-1,-1,0.0091389548173612,-0.0091389548173612,1.1357107133870232,hold
2023-04-05,0,-1,0.0023978747854371,-0.0023978747854371,1.1329874213038418,hold
2023-04-06,-1,-1,0.001414863221935,-0.001414863221935,1.1313843990705241,hold
2023-04-10,-1,-1,0.0055747683219642,-0.0055747683219642,1.1250771931626211,hold
2023-04-11,-1,-1,0.0050839679614469,-0.0050839679614469,1.1193573367584277,hold
2023-04-12,-1,-1,0.0008757724412713,-0.0008757724412713,1.1183770344509598,hold
2023-04-13,-1,-1,-0.0067955121508301,0.0067955121508301,1.1259769791777807,hold
2023-04-17,-1,-1,-0.0026373533282438,0.0026373533282438,1.128946578311341,hold
2023-04-18,-1,-1,-0.0023442830162407,0.0023442830162407,1.1315931486011195,hold
2023-04-19,-1,-1,0.0003234746363958,-0.0003234746363958,1.1312271069188278,hold
2023-04-20,-1,-1,-2.260708945023282e-05,2.260708945023282e-05,1.1312526806712224,hold
2023-04-21,-1,-1,0.0067719737565652,-0.0067719737565652,1.1235918672056728,hold
2023-04-24,0,-1,0.0014568576938982,-0.0014568576938982,1.1219549537491327,hold
2023-04-25,-1,-1,0.0024958627615121,-0.0024958627615121,1.1191547081599762,hold
2023-04-26,-1,-1,0.0056951528101938,-0.0056951528101938,1.1127809510787572,hold
2023-04-27,-1,-1,0.0083700136036979,-0.0083700136036979,1.1034669593802922,hold
2023-04-28,1,1,0.0045751669319125,0.0045751669319125,1.1063085710045464,flip
2023-05-02,-1,-1,-0.0031850283648763,0.0031850283648763,1.1076195780414924,flip
2023-05-03,-1,-1,0.0091737176073036,-0.0091737176073036,1.097458588816219,hold
2023-05-04,0,-1,-0.0102324068655403,0.0102324068655403,1.1086882316150684,hold
2023-05-05,-1,-1,0.0108141231183243,-0.0108141231183243,1.0966987405785458,hold
2023-05-08,0,-1,8.480038171931881e-05,-8.480038171931881e-05,1.0966057401067135,hold
2023-05-09,-1,-1,0.0026908205008338,-0.0026908205008338,1.0936549708999024,hold
2023-05-10,-1,-1,-0.0009882342854272,0.0009882342854272,1.0947357582385737,hold
2023-05-11,-1,-1,0.0009728797753729,-0.0009728797753729,1.093670711960006,hold
2023-05-12,-1,-1,0.0045891205221868,-0.0045891205221868,1.0886517252512355,hold
2023-05-15,0,-1,-0.0061063388070606,0.0061063388070606,1.0952994015285107,hold
2023-05-16,-1,-1,-0.0057282694884204,0.0057282694884204,1.1015735716709716,hold
2023-05-17,-1,-1,-0.0028490536527011,0.0028490536527011,1.1047120138790598,hold
2023-05-18,-1,-1,0.0040513721791914,-0.0040513721791914,1.1002364143600116,hold
2023-05-19,0,-1,0.0060977618257063,-0.0060977618257063,1.093527434753275,hold
2023-05-22,0,-1,0.0018346005688616,-0.0018346005688616,1.0915212486994108,hold
2023-05-23,-1,-1,-0.0034117947119577,0.0034117947119577,1.0952452951237128,hold
2023-05-24,-1,-1,0.0019551116867164,-0.0019551116867164,1.0931039682473953,hold
2023-05-25,-1,-1,0.0097264208278746,-0.0097264208278746,1.0824719790436015,hold
2023-05-26,0,-1,0.0053677985089635,-0.0053677985089635,1.0766614875684966,hold
2023-05-29,0,-1,0.0018925684396833,-0.0018925684396833,1.074623832016902,hold
2023-05-30,0,-1,-0.0053370195013254,0.0053370195013254,1.0803591203649652,hold
2023-05-31,0,-1,-0.0025169624936233,0.0025169624936233,1.0830783437505676,hold
2023-06-01,-1,-1,0.0025070443604549,-0.0025070443604549,1.0803630182969368,hold
2023-06-02,-1,-1,0.0032237875731377,-0.0032237875731377,1.0768801574240736,hold
2023-06-05,-1,-1,0.0002769943144211,-0.0002769943144211,1.0765818677431542,hold
2023-06-06,-1,-1,0.0068498516385289,-0.0068498516385289,1.0692074416723834,hold
2023-06-07,0,-1,-0.0049048192636628,0.0049048192636628,1.0744517109291496,hold
2023-06-08,-1,-1,-0.0038181972541345,0.0038181972541345,1.0785541795015194,hold
2023-06-09,-1,-1,0.0020524046550352,-0.0020524046550352,1.076340549882803,hold
2023-06-12,-1,-1,0.0061635024393194,-0.0061635024393194,1.069706522278062,hold
2023-06-13,0,-1,0.0021238341844009,-0.0021238341844009,1.0674346429987713,hold
2023-06-14,-1,-1,-0.0036149041015322,0.0036149041015322,1.071293316867865,hold
2023-06-15,-1,-1,0.007379048352023,-0.007379048352023,1.063388191683498,hold
2023-06-16,0,-1,-0.0037475183921172,0.0037475183921172,1.0673732584897921,hold
2023-06-19,-1,-1,0.0032657175674986,-0.0032657175674986,1.0638875188884638,hold
2023-06-20,-1,-1,0.002133763746672,-0.002133763746672,1.0616174342701228,hold
2023-06-21,-1,-1,-0.0045394438174043,0.0045394438174043,1.0664365869685688,hold
2023-06-22,-1,-1,-0.0056336152360657,0.0056336152360657,1.0724444803732127,hold
2023-06-23,-1,-1,0.0013768299134766,-0.0013768299134766,1.0709679067320919,hold
2023-06-26,-1,-1,0.0067519034171119,-0.0067519034171119,1.0637368348630103,hold
2023-06-27,0,-1,0.0082210728123248,-0.0082210728123248,1.0549917768904495,hold
2023-06-28,0,-1,0.0114352747635688,-0.0114352747635688,1.0429276560484015,hold
2023-06-30,0,-1,0.0069570924336936,-0.0069570924336936,1.0356719119436175,hold
2023-07-03,0,-1,0.0034389465191355,-0.0034389465191355,1.0321102916270726,hold
2023-07-04,-1,-1,0.0004899685388621,-0.0004899685388621,1.0316045900555395,hold
2023-07-05,-1,-1,0.0050932175812563,-0.0050932175812563,1.026350403420564,hold
2023-07-06,-1,-1,-0.0084883544577184,0.0084883544577184,1.0350624294426198,hold
2023-07-07,-1,-1,0.0012466303397029,-0.0012466303397029,1.03377208921459,hold
2023-07-10,-1,-1,0.0043139300324381,-0.0043139300324381,1.029312468752231,hold
2023-07-11,-1,-1,-0.0028344294714754,0.0028344294714754,1.0322299823490195,hold
2023-07-12,-1,-1,0.0015192303855748,-0.0015192303855748,1.0306617871949335,hold
2023-07-13,-1,-1,0.0077651149314275,-0.0077651149314275,1.0226585799619343,hold
2023-07-14,0,-1,0.0075110132510414,-0.0075110132510414,1.014977377816549,hold
2023-07-17,-1,-1,0.0019177068530324,-0.0019177068530324,1.0130309487434372,hold
2023-07-18,-1,-1,0.0042482823714824,-0.0042482823714824,1.0087273072221243,hold
2023-07-19,-1,-1,0.0073614124394989,-0.0073614124394989,1.0013016494746771,hold
2023-07-20,0,-1,-0.011719737128305,0.011719737128305,1.0130366415926586,hold
2023-07-21,-1,-1,-0.0036794322929856,0.0036794322929856,1.0167640413257124,hold
2023-07-24,-1,-1,0.0004193703428323,-0.0004193703428323,1.016337640641122,hold
2023-07-25,-1,-1,0.0049643391875346,-0.0049643391875346,1.0112921958639207,hold
2023-07-26,0,-1,-0.0059863783008722,0.0059863783008722,1.017346173521082,hold
2023-07-27,-1,-1,-0.0007044597937843,0.0007044597937843,1.0180628529966878,hold
2023-07-28,-1,-1,0.0054845628365591,-0.0054845628365591,1.0124792233078608,hold
2023-07-31,0,-1,-0.0010251191770254,0.0010251191770254,1.0135171351760135,hold
2023-08-01,-1,-1,-0.0104897492749598,0.0104897492749598,1.0241486758098854,hold
2023-08-02,0,-1,-0.0074206854169113,0.0074206854169113,1.0317485609532169,hold
2023-08-03,0,-1,0.0069833892701145,-0.0069833892701145,1.0245434591232,hold
2023-08-04,1,1,0.0041144018676027,0.0041144018676027,1.0267097557266103,flip
2023-08-07,1,1,-0.0013497354646058,-0.0013497354646058,1.0253239691574494,hold
2023-08-08,-1,-1,0.0031527078847637,-0.0031527078847637,1.0200407742571345,flip
2023-08-09,0,-1,-0.0045562684580157,0.0045562684580157,1.024688353862772,hold
2023-08-10,0,-1,-0.0058741361615907,0.0058741361615907,1.0307075127765581,hold
2023-08-11,-1,-1,0.0003216956578122,-0.0003216956578122,1.0303759386452236,hold
2023-08-14,-1,-1,0.0015667570139761,-0.0015667570139761,1.028761589916319,hold
2023-08-16,-1,-1,-0.0051245825841254,0.0051245825841254,1.0340335636432212,hold
2023-08-17,-1,-1,-0.0028452826260957,0.0028452826260957,1.036975681376655,hold
2023-08-18,-1,-1,0.0043215209131937,-0.0043215209131937,1.0324943692831126,hold
2023-08-21,0,-1,0.0001469355577301,-0.0001469355577301,1.0323426591471088,hold
2023-08-22,-1,-1,0.0024515199000461,-0.0024515199000461,1.029811850574543,hold
2023-08-23,-1,-1,-0.0029469646806212,0.0029469646806212,1.0328466697258714,hold
2023-08-24,-1,-1,-0.0062361537740819,0.0062361537740819,1.03928766038333,hold
2023-08-25,-1,-1,0.0020891942389009,-0.0020891942389009,1.0371163865906965,hold
2023-08-28,-1,-1,0.001895758474361,-0.001895758474361,1.0351502644119186,hold
2023-08-29,-1,-1,0.0002480956863764,-0.0002480956863764,1.0348934480965666,hold
2023-08-30,0,-1,-0.0048403506033882,0.0048403506033882,1.0399026952225034,hold
2023-08-31,-1,-1,0.0094267101889176,-0.0094267101889176,1.0300998338899665,hold
2023-09-01,0,-1,0.0048108337016425,-0.0048108337016425,1.0251441948930324,hold
2023-09-04,1,1,0.0023605960187407,0.0023605960187407,1.025513857808346,flip
2023-09-05,-1,-1,0.0018467726478093,-0.0018467726478093,1.0215689391501794,flip
2023-09-06,0,-1,0.0059150323607803,-0.0059150323607803,1.015526325816338,hold
2023-09-07,0,-1,0.004709190366575,-0.004709190366575,1.0107440190258004,hold
2023-09-08,0,-1,0.0089001434200508,-0.0089001434200508,1.0017482522955121,hold
2023-09-11,0,-1,-0.0001575482868895,0.0001575482868895,1.0019060760165557,hold
2023-09-12,-1,-1,0.0038413452699443,-0.0038413452699443,0.9980574088505211,hold
2023-09-13,-1,-1,0.0016492082399102,-0.0016492082399102,0.9964114043479414,hold
2023-09-14,-1,-1,0.0044396138771742,-0.0044396138771742,0.9919877224498237,hold
2023-09-15,-1,-1,-0.0029243168460981,0.0029243168460981,0.9948886088577062,hold
2023-09-18,-1,-1,-0.011518249945432,0.011518249945432,1.0063479845223924,hold
2023-09-20,-1,-1,-0.0079919391664983,0.0079919391664983,1.0143906563950233,hold
2023-09-21,-1,-1,-0.0034494176591149,0.0034494176591149,1.0178897134384335,hold
2023-09-22,-1,-1,1.5288066889551644e-05,-1.5288066889551644e-05,1.0178741518724082,hold
2023-09-25,-1,-1,-0.0005007261720755,0.0005007261720755,1.0183838281001298,hold
2023-09-26,-1,-1,0.0026316191986632,-0.0026316191986632,1.0157038296664935,hold
2023-09-27,-1,-1,-0.0097836296667737,0.0097836296667737,1.0256410997870744,hold
2023-09-28,0,-1,0.0058775169171687,-0.0058775169171687,1.0196128768721324,hold
2023-09-29,0,-1,-0.0055784246544688,0.0055784246544688,1.0253007104824898,hold
2023-10-03,0,-1,-0.0047443072713306,0.0047443072713306,1.0301650520985324,hold
2023-10-04,0,-1,0.0056415841052857,-0.0056415841052857,1.0243532893147924,hold
2023-10-05,0,-1,0.0055127073660514,-0.0055127073660514,1.0187063293913479,hold
2023-10-06,0,-1,-0.0071819467588469,0.0071819467588469,1.026022624011937,hold
2023-10-09,0,-1,0.0090968029762401,-0.0090968029762401,1.0166890983521355,hold
2023-10-10,0,-1,0.0061706921287072,-0.0061706921287072,1.0104154229355915,hold
2023-10-11,0,-1,-0.0008757409120068,0.0008757409120068,1.011300285059579,hold
2023-10-12,-1,-1,-0.002169809980297,0.002169809980297,1.0134946145111783,hold
2023-10-13,-1,-1,-0.0009772027556287,0.0009772027556287,1.0144850042412934,hold
2023-10-16,-1,-1,0.0040417094276989,-0.0040417094276989,1.0103847506353922,hold
2023-10-17,0,-1,-0.0070868127413371,0.0070868127413371,1.0175451581598478,hold
2023-10-18,0,-1,-0.0023588102112444,0.0023588102112444,1.0199453540693175,hold
2023-10-19,-1,-1,-0.0041808960845935,0.0041808960845935,1.0242096396066454,hold
2023-10-20,-1,-1,-0.0133503074255556,0.0133503074255556,1.0378831531636117,hold
2023-10-23,0,-1,-0.008277236732921,0.008277236732921,1.0464739577234574,hold
2023-10-25,0,-1,-0.0138530649123475,0.0138530649123475,1.0609708293888815,hold
2023-10-26,0,-1,0.0100757003274603,-0.0100757003274603,1.0502808052557822,hold
2023-10-27,0,-1,0.0049167407696648,-0.0049167407696648,1.0451168468009848,hold
2023-10-30,-1,-1,-0.0032026069828995,0.0032026069828995,1.0484639453124955,hold
2023-10-31,-1,-1,-0.0047406245729368,0.0047406245729368,1.0534343192554823,hold
2023-11-01,-1,-1,0.0075885232572669,-0.0075885232572669,1.0454403084238089,hold
2023-11-02,0,-1,0.0050879808383312,-0.0050879808383312,1.0401211281669296,hold
2023-11-03,0,-1,0.0094199033989916,-0.0094199033989916,1.030323287616347,hold
2023-11-06,0,-1,-0.0002601919584787,0.0002601919584787,1.030591369450418,hold
2023-11-07,-1,-1,0.0018962926582819,-0.0018962926582819,1.0286370666028406,hold
2023-11-08,-1,-1,-0.002478937369815,0.002478937369815,1.0311869934672193,hold
2023-11-09,-1,-1,0.0015492839458333,-0.0015492839458333,1.0295893920130885,hold
2023-11-10,-1,-1,0.0009369804014345,-0.0009369804014345,1.0286246869312474,hold
2023-11-13,-1,-1,0.0119267535086042,-0.0119267535086042,1.0163565338373532,hold
2023-11-15,0,-1,0.0045615222809993,-0.0045615222809993,1.011720400862815,hold
2023-11-16,-1,-1,-0.0016897597201204,0.0016897597201204,1.013429965244217,hold
2023-11-17,-1,-1,-0.0019157289123818,0.0019157289123818,1.0153714223293095,hold
2023-11-20,-1,-1,0.004539473475424,-0.004539473475424,1.0107621706899421,hold
2023-11-21,-1,-1,0.0014380348265852,-0.0014380348265852,1.009308659487095,hold
2023-11-22,-1,-1,-0.0004971574875239,0.0004971574875239,1.0098104448443816,hold
2023-11-23,-1,-1,-0.0003686890844358,0.0003686890844358,1.010182750932745,hold
2023-11-24,-1,-1,0.0047992646389904,-0.0047992646389904,1.0053346165772754,hold
2023-11-28,0,-1,0.0104023891135545,-0.0104023891135545,0.9948767347063124,hold
2023-11-29,-1,-1,0.0018187545137213,-0.0018187545137213,0.993067298154469,hold
2023-11-30,-1,-1,0.0066929416105065,-0.0066929416105065,0.9864207567126178,hold
2023-12-01,-1,-1,0.0206681690037693,-0.0206681690037693,0.9660332458040554,hold
2023-12-04,0,-1,0.0081355657602475,-0.0081355657602475,0.9581740188062311,hold
2023-12-05,0,-1,0.0039606432442005,-0.0039606432442005,0.9543790333518777,hold
2023-12-06,-1,-1,-0.001745599062397,0.001745599062397,0.9560449964976679,hold
2023-12-07,-1,-1,0.0032653705047074,-0.0032653705047074,0.9529231553649313,hold
2023-12-08,-1,-1,0.0013209351833629,-0.0013209351833629,0.9516644056419686,hold
2023-12-11,-1,-1,-0.0043196070141755,0.0043196070141755,0.9557752218837209,hold
2023-12-12,-1,-1,0.0009542158562574,-0.0009542158562574,0.9548632060119815,hold
2023-12-13,-1,-1,0.0122500872899569,-0.0122500872899569,0.9431660483883666,hold
2023-12-14,0,-1,0.0129327792008919,-0.0129327792008919,0.9309682901347821,hold
2023-12-15,0,-1,-0.0017710126840955,0.0017710126840955,0.9326170467851015,hold
2023-12-18,-1,-1,0.0016083748565725,-0.0016083748565725,0.9311170489762415,hold
2023-12-19,-1,-1,-0.0141214660942333,0.0141214660942333,0.944265786813122,hold
2023-12-20,0,-1,0.0049597940765233,-0.0049597940765233,0.9395824229570228,hold
2023-12-21,0,-1,0.0044389265566107,-0.0044389265566107,0.9354116855876342,hold
2023-12-22,0,-1,0.0043068759341071,-0.0043068759341071,0.9313829835104943,hold
2023-12-26,0,-1,0.0099527499207277,-0.0099527499207277,0.9221131615951931,hold
2023-12-27,0,-1,0.0057238813077962,-0.0057238813077962,0.9168350953058655,hold
2023-12-28,0,-1,-0.0021717930740454,0.0021717930740454,0.9188262714158926,hold
2023-12-29,-1,-1,0.0004831718072126,-0.0004831718072126,0.9183823204658181,hold
2024-01-01,-1,-1,-0.003500136051024,0.003500136051024,0.9215967835343036,hold
2024-01-02,-1,-1,-0.0068518663756694,0.0068518663756694,0.9279114415473274,hold
2024-01-03,-1,-1,0.0065644701863494,-0.0065644701863494,0.9218201945537174,hold
2024-01-04,0,-1,0.0024101822286055,-0.0024101822286055,0.9195984399028344,hold
2024-01-05,-1,-1,-0.009110708685643,0.009110708685643,0.9279766333965609,hold
2024-01-08,-1,-1,0.0014804820050666,-0.0014804820050666,0.926602780689695,hold
2024-01-09,-1,-1,0.0034277152411805,-0.0034277152411805,0.9234266502158047,hold
2024-01-10,-1,-1,0.0013183031833516,-0.0013183031833516,0.9222092939232336,hold
2024-01-11,-1,-1,0.0114264926377058,-0.0114264926377058,0.9116716762157959,hold
2024-01-12,0,-1,0.0092670746948486,-0.0092670746948486,0.9032231466951264,hold
2024-01-15,1,1,-0.0029482333845447,-0.0029482333845447,0.898753787766956,flip
2024-01-16,-1,-1,-0.0208943935120824,0.0208943935120824,0.9157351955034995,flip
2024-01-17,-1,-1,-0.0050852715087356,0.0050852715087356,0.9203919576027397,hold
2024-01-18,-1,-1,0.0074619571864553,-0.0074619571864553,0.9135240322203504,hold
2024-01-19,0,-1,-0.0177408429427344,0.0177408429427344,0.929730718600385,hold
2024-01-23,0,-1,0.0101299710711508,-0.0101299710711508,0.9203125733170029,hold
2024-01-24,0,-1,-0.0047240537554001,0.0047240537554001,0.924660179385123,hold
2024-01-25,-1,-1,0.0180305914522447,-0.0180305914522447,0.9079880094584706,hold
2024-01-29,1,1,-0.0099136981024832,-0.0099136981024832,0.8971705144331077,flip
2024-01-30,0,1,0.0094600254190029,0.0094600254190029,0.9056577703048249,hold
2024-01-31,1,1,-0.0013003033741542,-0.0013003033741542,0.9044801404502685,hold
2024-02-01,-1,-1,0.0072059881750932,-0.0072059881750932,0.8961535069726767,flip
2024-02-02,0,-1,-0.0037568550808078,0.0037568550808078,0.8995202258285308,hold
2024-02-05,-1,-1,0.0072434021015312,-0.0072434021015312,0.8930046391343945,hold
2024-02-06,1,1,5.014315737827957e-05,5.014315737827957e-05,0.8912634079282854,flip
2024-02-07,-1,-1,-0.0096920171108729,0.0096920171108729,0.8981190213123648,flip
2024-02-08,-1,-1,0.0029722318898448,-0.0029722318898448,0.895449603316344,hold
2024-02-09,-1,-1,-0.0076414194307357,0.0076414194307357,0.9022921093143701,hold
2024-02-12,0,-1,0.0058844800115076,-0.0058844800115076,0.8969825894325686,hold
2024-02-13,0,-1,0.0044519922849619,-0.0044519922849619,0.8929892298646697,hold
2024-02-14,0,-1,0.0032371361888359,-0.0032371361888359,0.890098502112434,hold
2024-02-15,-1,-1,0.0059308430222606,-0.0059308430222606,0.8848194676220559,hold
2024-02-16,0,-1,0.0037000088082788,-0.0037000088082788,0.8815456277981177,hold
2024-02-19,-1,-1,0.003376655573009,-0.003376655573009,0.8785689518411515,hold
2024-02-20,-1,-1,-0.00639270001033,0.00639270001033,0.8841853795886621,hold
2024-02-21,-1,-1,0.0073633218581414,-0.0073633218581414,0.8776748380564878,hold
2024-02-22,1,1,-0.0002137959201901,-0.0002137959201901,0.8757318450807449,flip
2024-02-23,-1,-1,-0.0040809285088362,0.0040809285088362,0.877554180443269,flip
2024-02-26,-1,-1,0.0034489943486464,-0.0034489943486464,0.8745275010342891,hold
2024-02-27,-1,-1,-0.0111359278099485,0.0111359278099485,0.8842661761536217,hold
2024-02-28,0,-1,0.0014418556686905,-0.0014418556686905,0.8829911919549033,hold
2024-02-29,-1,-1,0.0161921687000685,-0.0161921687000685,0.868693649614095,hold
2024-03-01,0,-1,0.0029925402887358,-0.0029925402887358,0.8660940488690559,hold
2024-03-04,0,-1,-0.0022002905070378,0.0022002905070378,0.8679997073829844,hold
2024-03-05,-1,-1,0.0052669715420341,-0.0052669715420341,0.8634279776257042,hold
2024-03-06,-1,-1,0.000867667346212,-0.000867667346212,0.8626788093637126,hold
2024-03-07,-1,-1,-0.0071531788017711,0.0071531788017711,0.8688497051355902,hold
2024-03-11,-1,-1,0.000136518866846,-0.000136518866846,0.8687310907583857,hold
2024-03-12,-1,-1,-0.0151327252704165,0.0151327252704165,0.8818773596887016,hold
2024-03-13,0,-1,0.0067712159528048,-0.0067712159528048,0.8759059776423601,hold
2024-03-14,0,-1,-0.0055674686273187,0.0055674686273187,0.8807825566933648,hold
2024-03-15,0,-1,0.0014688778023679,-0.0014688778023679,0.879488794747125,hold
2024-03-18,-1,-1,-0.0108021966402886,0.0108021966402886,0.888989205650914,hold
2024-03-19,0,-1,0.0009923428906801,-0.0009923428906801,0.888107023532795,hold
2024-03-20,-1,-1,0.0079146856998078,-0.0079146856998078,0.8810779355737411,hold
2024-03-21,0,-1,0.0038524885010076,-0.0038524885010076,0.8776835929584518,hold
2024-03-22,0,-1,-0.0041658063402989,0.0041658063402989,0.8813398528347745,hold
2024-03-26,-1,-1,0.0054057167831516,-0.0054057167831516,0.8765755792006451,hold
2024-03-27,1,1,0.0091870010785439,0.0091870010785439,0.8828755288337855,flip
2024-03-28,1,1,0.0060509791780918,0.0060509791780918,0.8882177902756055,hold
2024-04-01,1,1,-0.0003872860275131,-0.0003872860275131,0.8878737959360432,hold
2024-04-02,-1,-1,-0.0008306302403686,0.0008306302403686,0.8868355431687065,flip
2024-04-03,-1,-1,0.0035659124883635,-0.0035659124883635,0.8836731652301966,hold
2024-04-04,-1,-1,-4.224679746289706e-05,4.224679746289706e-05,0.8837104975914315,hold
2024-04-05,-1,-1,0.0067781647528144,-0.0067781647528144,0.8777205622449651,hold
2024-04-08,0,-1,-0.0010390218270411,0.0010390218270411,0.8786325330671804,hold
2024-04-09,-1,-1,0.0049044741142307,-0.0049044741142307,0.8743233025528314,hold
2024-04-10,-1,-1,-0.0103015928142499,0.0103015928142499,0.8833302252037408,hold
2024-04-12,-1,-1,-0.010963897188301,0.010963897188301,0.8930149669761934,hold
2024-04-15,-1,-1,-0.005594325260972,0.005594325260972,0.8980107831643744,hold
2024-04-16,-1,-1,-0.0068652458503182,0.0068652458503182,0.9041758479670347,hold
2024-04-18,-1,-1,0.0068717686886063,-0.0068717686886063,0.8979625606859808,hold
2024-04-19,-1,-1,0.0085519659829773,-0.0085519659829773,0.8902832154130071,hold
2024-04-22,0,-1,0.0014147135985376,-0.0014147135985376,0.8890237196416125,hold
2024-04-23,-1,-1,0.0015379287654238,-0.0015379287654238,0.8876564644900317,hold
2024-04-24,-1,-1,0.0074969296067168,-0.0074969296067168,0.8810017664608029,hold
2024-04-25,1,1,-0.0066636269808832,-0.0066636269808832,0.8733690957866873,flip
2024-04-26,-1,-1,0.0099666225688024,-0.0099666225688024,0.8629178174541517,flip
2024-04-29,1,1,-0.0017025173156396,-0.0017025173156396,0.8597228492930538,flip
2024-04-30,-1,-1,0.001917712797214,-0.001917712797214,0.8563547020843211,flip
2024-05-02,-1,-1,-0.0076098592965534,0.0076098592965534,0.8628714408751247,hold
2024-05-03,0,-1,-0.0014749338156797,0.0014749338156797,0.8641441191418556,hold
2024-05-06,-1,-1,-0.006246985595782,0.006246985595782,0.8695424150068146,hold
2024-05-07,0,-1,0.0,-0.0,0.8695424150068146,hold
2024-05-08,-1,-1,-0.0154691178119045,0.0154691178119045,0.8829934690670029,hold
2024-05-09,0,-1,0.004449469144939,-0.004449469144939,0.8790646168712066,hold
2024-05-10,0,-1,0.0022149680905385,-0.0022149680905385,0.8771175167953155,hold
2024-05-13,-1,-1,0.0051483245877055,-0.0051483245877055,0.872601831117291,hold
2024-05-14,0,-1,-0.0007786004689536,0.0007786004689536,0.8732812393122087,hold
2024-05-15,-1,-1,0.0091573776762647,-0.0091573776762647,0.8652842731862304,hold
2024-05-16,1,1,0.002778540343975,0.002778540343975,0.865957931901913,flip
2024-05-17,0,1,0.0028020516676037,0.0028020516676037,0.8683843907690734,hold
2024-05-21,0,1,0.00305161547495,0.00305161547495,0.8710343660141493,hold
2024-05-22,0,1,0.016366619608483,0.016366619608483,0.8852902541486191,hold
2024-05-23,0,1,-0.0004593757337192,-0.0004593757337192,0.884883573288565,hold
2024-05-24,-1,-1,-0.0010737589261899,0.0010737589261899,0.8840639577774454,flip
2024-05-27,-1,-1,-0.0019317094176221,0.0019317094176221,0.8857717124504644,hold
2024-05-28,-1,-1,-0.008015115627261,0.008015115627261,0.8928712751451118,hold
2024-05-29,-1,-1,-0.0095155996581792,0.0095155996581792,0.9013674807456807,hold
2024-05-30,-1,-1,0.0018697799732139,-0.0018697799732139,0.8996821218816762,hold
2024-05-31,-1,-1,0.0325423176953527,-0.0325423176953527,0.8704043804465736,hold
2024-06-03,0,-1,-0.0592935994164107,0.0592935994164107,0.922013789111062,hold
2024-06-04,-1,-1,0.0336242367600356,-0.0336242367600356,0.8910117791699742,hold
2024-06-05,0,-1,0.0088880492442378,-0.0088880492442378,0.8830924225995155,hold
2024-06-06,0,-1,0.0205399314668071,-0.0205399314668071,0.8649537647604648,hold
2024-06-07,0,-1,-0.0013289382574128,0.0013289382574128,0.8661032349093483,hold
2024-06-10,-1,-1,0.0002429314342191,-0.0002429314342191,0.86589283120831,hold
2024-06-11,-1,-1,0.0024973129141392,-0.0024973129141392,0.8637304258586729,hold
2024-06-12,-1,-1,0.003256499474515,-0.003256499474515,0.8609176881807414,hold
2024-06-13,-1,-1,0.0028505279152657,-0.0028505279152657,0.8584636182778362,hold
2024-06-14,-1,-1,0.0039334507869606,-0.0039334507869606,0.8550868938829442,hold
2024-06-18,-1,-1,-0.0017786131162043,0.0017786131162043,0.8566077626478988,hold
2024-06-19,-1,-1,0.0021687361796223,-0.0021687361796223,0.8547500064012991,hold
2024-06-20,-1,-1,-0.0027962995130903,0.0027962995130903,0.857140143428013,hold
2024-06-21,-1,-1,0.001563756616109,-0.001563756616109,0.8557997848577948,hold
2024-06-24,-1,-1,0.0077938798539154,-0.0077938798539154,0.8491297841556065,hold
2024-06-25,0,-1,0.0062180401218379,-0.0062180401218379,0.8438498610890793,hold
2024-06-26,-1,-1,0.0073610408985447,-0.0073610408985447,0.8376382477493713,hold
2024-06-27,0,-1,-0.0014099020825968,0.0014099020825968,0.8388192356593359,hold
2024-06-28,-1,-1,0.0054704843490753,-0.0054704843490753,0.8342304881589583,hold
2024-07-01,0,-1,-0.0007497161563467,0.0007497161563467,0.8348559242340481,hold
2024-07-02,-1,-1,0.0067423066077227,-0.0067423066077227,0.8292270696195885,hold
2024-07-03,0,-1,0.0006444070008029,-0.0006444070008029,0.8286927098906703,hold
2024-07-04,-1,-1,0.0008928929498506,-0.0008928929498506,0.8279527760124163,hold
2024-07-05,-1,-1,-0.0001356211363734,0.0001356211363734,0.8280650639087627,hold
2024-07-08,-1,-1,0.0046318209860134,-0.0046318209860134,0.8242296147679655,hold
2024-07-09,-1,-1,-0.0044509111977667,0.0044509111977667,0.8278981875898671,hold
2024-07-10,-1,-1,-0.0003494426502141,0.0003494426502141,0.8281874905266461,hold
2024-07-11,-1,-1,0.007657573644356,-0.007657573644356,0.8218455838266039,hold
2024-07-12,0,-1,0.0034506697076412,-0.0034506697076412,0.8190096661661347,hold
2024-07-15,-1,-1,0.0010697158254551,-0.0010697158254551,0.8181335585650361,hold
2024-07-16,-1,-1,0.0076321297434283,-0.0076321297434283,0.811889457098615,hold
2024-07-18,0,-1,-0.0108846762510892,0.0108846762510892,0.8207266109908061,hold
2024-07-19,-1,-1,-0.0008825762723847,0.0008825762723847,0.8214509648237813,hold
2024-07-22,-1,-1,-0.0012321559717249,0.0012321559717249,0.8224631205355682,hold
2024-07-23,-1,-1,-0.0026778318259059,0.0026778318259059,0.8246655384553724,hold
2024-07-24,-1,-1,-0.0003031269840456,0.0003031269840456,0.8249155168328908,hold
2024-07-25,-1,-1,0.0175673297602745,-0.0175673297602745,0.8104239539243201,hold
2024-07-26,1,1,5.03324972633834e-05,5.03324972633834e-05,0.8088438966779146,flip
2024-07-29,-1,-1,0.0008536433743,-0.0008536433743,0.8065357446513166,flip
2024-07-30,0,-1,0.0037755350108565,-0.0037755350108565,0.8034906407098784,hold
2024-07-31,-1,-1,0.0023946791656728,-0.0023946791656728,0.8015665384127574,hold
2024-08-01,-1,-1,-0.0117229354919546,0.0117229354919546,0.8109632512350795,hold
2024-08-02,0,-1,-0.0267864578946228,0.0267864578946228,0.8326860842183744,hold
2024-08-05,-1,-1,-0.0026209626510589,0.0026209626510589,0.8348685233451673,hold
2024-08-06,-1,-1,0.0127101624804444,-0.0127101624804444,0.8242572087636415,hold
2024-08-07,-1,-1,-0.007428747813561,0.007428747813561,0.8303804077010564,hold
2024-08-08,-1,-1,0.0103868640378157,-0.0103868640378157,0.8217553593065995,hold
2024-08-09,-1,-1,-0.0008412844977941,0.0008412844977941,0.8224466893513633,hold
2024-08-12,-1,-1,-0.0085431469996303,0.0085431469996303,0.8294729723178512,hold
2024-08-13,-1,-1,0.0001967769998756,-0.0001967769998756,0.8293097511148806,hold
2024-08-14,-1,-1,0.0164597624902924,-0.0164597624902924,0.8156595095806461,hold
2024-08-16,0,-1,0.0012835584110202,-0.0012835584110202,0.8146125629565952,hold
2024-08-19,-1,-1,0.0051357593399101,-0.0051357593399101,0.8104289088779828,hold
2024-08-20,-1,-1,0.0028887826964991,-0.0028887826964991,0.8080877558692735,hold
2024-08-21,-1,-1,0.0016673576536574,-0.0016673576536574,0.806740384564698,hold
2024-08-22,-1,-1,0.0004695560778267,-0.0004695560778267,0.8063615747138974,hold
2024-08-23,-1,-1,0.007551387144671,-0.007551387144671,0.8002724262846462,hold
2024-08-26,-1,-1,0.000285894410237,-0.000285894410237,0.8000436328713046,hold
2024-08-27,-1,-1,0.0013830024432652,-0.0013830024432652,0.7989371705723249,hold
2024-08-28,-1,-1,0.0039756594063229,-0.0039756594063229,0.795760868495078,hold
2024-08-29,-1,-1,0.0033377600735777,-0.0033377600735777,0.7931048096400997,hold
2024-08-30,-1,-1,0.0016959501132323,-0.0016959501132323,0.7917597434483854,hold
2024-09-02,-1,-1,4.550829989491412e-05,-4.550829989491412e-05,0.7917237118085358,hold
2024-09-03,-1,-1,-0.0032100820170585,0.0032100820170585,0.7942652098582912,hold
2024-09-04,-1,-1,-0.0021270784221717,0.0021270784221717,0.7959546742476624,hold
2024-09-05,-1,-1,-0.0116503502989019,0.0116503502989019,0.805227825024696,hold
2024-09-06,-1,-1,0.0033900486950126,-0.0033900486950126,0.8024980634872833,hold
2024-09-09,-1,-1,0.0041986500501236,-0.0041986500501236,0.7991286549527983,hold
2024-09-10,-1,-1,-0.0048979634496194,0.0048979634496194,0.8030427578963005,hold
2024-09-11,-1,-1,0.0188796328272711,-0.0188796328272711,0.7878816054826192,hold
2024-09-12,1,1,-0.0012761636040355,-0.0012761636040355,0.785300376442448,flip
2024-09-13,-1,-1,0.0010746751326089,-0.0010746751326089,0.782885832903372,flip
2024-09-16,-1,-1,0.0013709866056039,-0.0013709866056039,0.7818125069127444,hold
2024-09-17,0,-1,-0.0016129951842196,0.0016129951842196,0.7830735667213573,hold
2024-09-18,-1,-1,0.0015072376499098,-0.0015072376499098,0.7818932887589457,hold
2024-09-19,-1,-1,0.0147604413777415,-0.0147604413777415,0.7703521987065698,hold
2024-09-20,1,1,0.0057423850996662,0.0057423850996662,0.7732351532965044,flip
2024-09-23,-1,-1,5.203002169906768e-05,-5.203002169906768e-05,0.7716484515481069,flip
2024-09-24,-1,-1,0.0024575565157058,-0.0024575565157058,0.7697520818681706,hold
2024-09-25,-1,-1,0.008148714241454,-0.008148714241454,0.7634795921162625,hold
2024-09-26,0,-1,-0.0014152231703233,0.0014152231703233,0.7645600861250944,hold
2024-09-27,-1,-1,-0.0140609008520233,0.0140609008520233,0.7753104896915138,hold
2024-09-30,0,-1,-0.0005404401234794,0.0005404401234794,0.7757294985882977,hold
2024-10-01,-1,-1,-0.0211963752609873,0.0211963752609873,0.7921721521413928,hold
2024-10-03,0,-1,-0.0093266958801446,0.0093266958801446,0.7995605008891352,hold
2024-10-04,-1,-1,-0.0087488751686026,0.0087488751686026,0.8065557559011597,hold
2024-10-07,-1,-1,0.0087676473034692,-0.0087676473034692,0.7994841595028352,hold
2024-10-08,-1,-1,-0.0012473907279866,0.0012473907279866,0.8004814286305713,hold
2024-10-09,-1,-1,0.0006604768849507,-0.0006604768849507,0.7999527291501284,hold
2024-10-10,-1,-1,-0.0013680536120755,0.0013680536120755,0.8010471073707318,hold
2024-10-11,-1,-1,0.0065573457544287,-0.0065573457544287,0.7957943645221169,hold
2024-10-14,0,-1,-0.0028096049048969,0.0028096049048969,0.7980302322719676,hold
2024-10-15,-1,-1,-0.0034340754096676,0.0034340754096676,0.800770728268784,hold
2024-10-16,-1,-1,-0.0088682273228345,0.0088682273228345,0.8078721451205433,hold
2024-10-17,0,-1,0.0042101739412401,-0.0042101739412401,0.804470862867303,hold
2024-10-18,-1,-1,-0.0029351823779982,0.0029351823779982,0.806832131567604,hold
2024-10-21,-1,-1,-0.0124691803378693,0.0124691803378693,0.816892666918508,hold
2024-10-22,0,-1,-0.0014955647434917,0.0014955647434917,0.8181143827903683,hold
2024-10-23,-1,-1,-0.0014773427748562,0.0014773427748562,0.8193230181627896,hold
2024-10-24,-1,-1,-0.0089592205494931,0.0089592205494931,0.8266635137837863,hold
2024-10-25,0,-1,0.0065485676346082,-0.0065485676346082,0.8212500518527104,hold
2024-10-28,-1,-1,0.0052466588480091,-0.0052466588480091,0.8169412330017294,hold
2024-10-29,0,-1,-0.0051498252538292,0.0051498252538292,0.821148337594336,hold
2024-10-30,-1,-1,-0.005566773640794,0.005566773640794,0.825719484515238,hold
2024-10-31,0,-1,0.0040900049616161,-0.0040900049616161,0.8223422877266676,hold
2024-11-01,-1,-1,-0.0127137736646451,0.0127137736646451,0.8327973614476908,hold
2024-11-04,0,-1,0.0090830588186072,-0.0090830588186072,0.8252330140296805,hold
2024-11-05,-1,-1,0.0111818707596305,-0.0111818707596305,0.8160053651202203,hold
2024-11-06,0,-1,-0.0116280257061476,0.0116280257061476,0.8254938964821925,hold
2024-11-07,-1,-1,-0.0021137093124677,0.0021137093124677,0.8272387506185721,hold
2024-11-08,-1,-1,-0.0002856708874028,0.0002856708874028,0.8274750686465553,hold
2024-11-11,-1,-1,-0.0106809307765333,0.0106809307765333,0.8363132725740762,hold
2024-11-12,0,-1,-0.0135825623229214,0.0135825623229214,0.8476725497202998,hold
2024-11-13,0,-1,-0.0011185324376894,0.0011185324376894,0.8486206989637008,hold
2024-11-14,-1,-1,-0.0033527151631265,0.0033527151631265,0.8514658824488595,hold
2024-11-18,-1,-1,0.0027585814066317,-0.0027585814066317,0.8491170444971549,hold
2024-11-19,-1,-1,-0.0071688079331164,0.0071688079331164,0.8552042015018905,hold
2024-11-21,0,-1,0.0238694641112378,-0.0238694641112378,0.8347909355063613,hold
2024-11-22,0,-1,0.0131612958673623,-0.0131612958673623,0.82380400501677,hold
2024-11-25,0,-1,-0.0011312238174179,0.0011312238174179,0.8247359117281292,hold
2024-11-26,-1,-1,0.0033230854378061,-0.0033230854378061,0.8219952438298297,hold
2024-11-27,-1,-1,-0.0148610290544929,0.0148610290544929,0.8342109390310397,hold
2024-11-28,-1,-1,0.0090720019405352,-0.0090720019405352,0.8266429757733345,hold
2024-11-29,0,-1,0.0060068200049485,-0.0060068200049485,0.821677480209509,hold
2024-12-02,0,-1,0.0074600111445999,-0.0074600111445999,0.8155477570498794,hold
2024-12-03,0,-1,0.0004210968146538,-0.0004210968146538,0.8152043324871876,hold
2024-12-04,-1,-1,0.0098478255628851,-0.0098478255628851,0.8071763424227456,hold
2024-12-05,0,-1,-0.0012384293961259,0.0012384293961259,0.8081759733330592,hold
2024-12-06,-1,-1,-0.0023827399277279,0.0023827399277279,0.8101016464933503,hold
2024-12-09,-1,-1,-0.00036350862139,0.00036350862139,0.8103961254260529,hold
2024-12-10,-1,-1,0.0012901233029631,-0.0012901233029631,0.8093506145000098,hold
2024-12-11,-1,-1,-0.0037781963796591,0.0037781963796591,0.8124085000615885,hold
2024-12-12,-1,-1,0.0089455478085889,-0.0089455478085889,0.8051410609841836,hold
2024-12-13,0,-1,-0.0040394689217332,0.0040394689217332,0.8083934032776404,hold
2024-12-16,-1,-1,-0.0134687300477334,0.0134687300477334,0.8192814357987555,hold
2024-12-17,0,-1,-0.0056356998120069,0.0056356998120069,0.8238986600324671,hold
2024-12-18,-1,-1,-0.010213311567061,0.010213311567061,0.8323133937470628,hold
2024-12-19,-1,-1,-0.0152055691508056,0.0152055691508056,0.8449691926108254,hold
2024-12-20,-1,-1,0.0070354729729729,-0.0070354729729729,0.8390244346932172,hold
2024-12-23,-1,-1,-0.0010861087115143,0.0010861087115143,0.8399357064409109,hold
2024-12-24,-1,-1,0.0009503186263191,-0.0009503186263191,0.8391374998941695,hold
2024-12-26,-1,-1,0.002661079652128,-0.002661079652128,0.8369044881678636,hold
2024-12-27,-1,-1,-0.0070758479358679,0.0070758479358679,0.8428262970629847,hold
2024-12-30,-1,-1,-4.212721278373799e-06,4.212721278373799e-06,0.8428298476552605,hold
2024-12-31,-1,-1,0.0041488871182535,-0.0041488871182535,0.839333041757444,hold
2025-01-01,-1,-1,0.0187740331916654,-0.0187740331916654,0.8235753753726284,hold
2025-01-02,0,-1,-0.0076027553276091,0.0076027553276091,0.8298368174454303,hold
2025-01-03,-1,-1,-0.0161925959966257,0.0161925959966257,0.8432740297734497,hold
2025-01-06,-1,-1,0.0038892874268343,-0.0038892874268343,0.839994294692076,hold
2025-01-07,-1,-1,-0.0007993610384197,0.0007993610384197,0.8406657534037476,hold
2025-01-08,-1,-1,-0.0068575949591475,0.0068575949591475,0.846430698636617,hold
2025-01-09,0,-1,-0.0040379997024632,0.0040379997024632,0.8498485855458673,hold
2025-01-10,-1,-1,-0.0147472753024774,0.0147472753024774,0.8623815366023332,hold
2025-01-13,0,-1,0.0039028744993869,-0.0039028744993869,0.8590157696943859,hold
2025-01-14,-1,-1,0.0016028803979861,-0.0016028803979861,0.8576388701555818,hold
2025-01-15,-1,-1,0.0042476507253836,-0.0042476507253836,0.8539959197866483,hold
2025-01-16,-1,-1,-0.0046586517926727,0.0046586517926727,0.8579743894092976,hold
2025-01-17,0,-1,0.0061004855371675,-0.0061004855371675,0.8527403290554461,hold
2025-01-20,-1,-1,-0.0137118456772935,0.0137118456772935,0.8644329728502589,hold
2025-01-21,0,-1,0.0056764909144164,-0.0056764909144164,0.8595260269337525,hold
2025-01-22,-1,-1,0.0021593282262408,-0.0021593282262408,0.8576700281226058,hold
2025-01-23,-1,-1,-0.0048760476583936,0.0048760476583936,0.8618520680549074,hold
2025-01-24,-1,-1,-0.0113912419355629,0.0113912419355629,0.8716696334747861,hold
2025-01-27,0,-1,0.0056112298172781,-0.0056112298172781,0.8667784948366165,hold
2025-01-28,0,-1,0.0089666492883511,-0.0089666492883511,0.8590063960627317,hold
2025-01-29,0,-1,0.0037300875997627,-0.0037300875997627,0.8558022269566612,hold
2025-01-30,-1,-1,0.0111357401503258,-0.0111357401503258,0.8462722357372017,hold
2025-01-31,1,1,-0.0011166221250199,-0.0011166221250199,0.843634724963513,flip
2025-02-01,-1,-1,-0.0051570919766934,0.0051570919766934,0.8462981573849553,flip
2025-02-03,-1,-1,0.0161893068206311,-0.0161893068206311,0.8325971768533155,hold
2025-02-04,1,1,-0.0018092070621439,-0.0018092070621439,0.8294256418073247,flip
2025-02-05,-1,-1,-0.0039226026346081,0.0039226026346081,0.831020297731475,flip
2025-02-06,-1,-1,-0.0018387386257991,0.0018387386257991,0.8325483268517371,hold
2025-02-07,-1,-1,-0.0075700336923079,0.0075700336923079,0.8388507457364793,hold
2025-02-10,-1,-1,-0.0132496849360461,0.0132496849360461,0.8499652538258551,hold
2025-02-11,0,-1,-0.0011507892904301,0.0011507892904301,0.8509433847371956,hold
2025-02-12,-1,-1,-0.0006009745771905,0.0006009745771905,0.851454780078051,hold
2025-02-13,-1,-1,-0.0044352661537063,0.0044352661537063,0.8552312086455427,hold
2025-02-14,-1,-1,0.0013192755977626,-0.0013192755977626,0.8541029229815317,hold
2025-02-17,-1,-1,-0.0006184463402948,0.0006184463402948,0.8546311398084846,hold
2025-02-18,-1,-1,-0.0005404326900405,0.0005404326900405,0.8550930104143636,hold
2025-02-19,-1,-1,-0.0008612081186238,0.0008612081186238,0.855829423457111,hold
2025-02-20,-1,-1,-0.0051171487988824,0.0051171487988824,0.8602088299634028,hold
2025-02-21,0,-1,-0.0106401053300685,0.0106401053300685,0.8693615425200683,hold
2025-02-24,0,-1,-0.0002571160481895,0.0002571160481895,0.8695850693243289,hold
2025-02-25,-1,-1,-0.0001108767876499,0.0001108767876499,0.8696814861234039,hold
2025-02-27,-1,-1,-0.0186449596666951,0.0186449596666951,0.8858966623550463,hold
2025-02-28,0,-1,-0.0002440004922383,0.0002440004922383,0.8861128215767332,hold
2025-03-03,-1,-1,-0.0016569416451024,0.0016569416451024,0.8875810588130629,hold
2025-03-04,-1,-1,0.0115316950692254,-0.0115316950692254,0.8773457446936105,hold
2025-03-05,0,-1,0.009284847776867,-0.009284847776867,0.8691997230064483,hold
2025-03-06,0,-1,0.0003460139864501,-0.0003460139864501,0.8688989677452695,hold
2025-03-07,-1,-1,-0.0040882039130917,0.0040882039130917,0.872451203905287,hold
2025-03-10,-1,-1,0.001674047455606,-0.001674047455606,0.8709906791872489,hold
2025-03-11,-1,-1,-0.0012179087892316,0.0012179087892316,0.8720514663907699,hold
2025-03-12,-1,-1,-0.0032620894617386,0.0032620894617386,0.8748961762893769,hold
2025-03-13,-1,-1,0.0049805683362682,-0.0049805683362682,0.8705386960962278,hold
2025-03-17,-1,-1,0.0144632989948354,-0.0144632989948354,0.8579478346480138,hold
2025-03-18,-1,-1,0.0032100316461272,-0.0032100316461272,0.8551937949480674,hold
2025-03-19,-1,-1,0.01235619558909,-0.01235619558909,0.844626853151113,hold
2025-03-20,0,-1,0.0068885519512889,-0.0068885519512889,0.8388085971937279,hold
2025-03-21,0,-1,0.0131881772302988,-0.0131881772302988,0.8277462407516387,hold
2025-03-24,0,-1,0.0004353972876416,-0.0004353972876416,0.8273858422835599,hold
2025-03-25,-1,-1,-0.0076810793285454,0.0076810793285454,0.8337410585734553,hold
2025-03-26,-1,-1,0.0044748278770025,-0.0044748278770025,0.8300102108423492,hold
2025-03-27,-1,-1,-0.0030773044101545,0.0030773044101545,0.8325644049246476,hold
2025-03-28,-1,-1,-0.0150365718652369,0.0150365718652369,0.8450833194317353,hold
2025-04-01,0,-1,0.0071938424586863,-0.0071938424586863,0.8390039231672798,hold
2025-04-02,0,-1,-0.0035251486188494,0.0035251486188494,0.8419615366882421,hold
2025-04-03,-1,-1,-0.0148666197750665,0.0148666197750665,0.8544786587194169,hold
2025-04-04,0,-1,-0.0324325462830553,0.0324325462830553,0.8821915773662173,hold
2025-04-07,-1,-1,0.0168873189028142,-0.0168873189028142,0.8672937268658573,hold
2025-04-08,-1,-1,-0.0060658560080705,0.0060658560080705,0.8725546057297283,hold
2025-04-09,0,-1,0.0191703874091904,-0.0191703874091904,0.855827395902216,hold
2025-04-11,0,-1,0.0219023977821084,-0.0219023977821084,0.8370827238443397,hold
2025-04-15,1,1,0.004657316201027,0.004657316201027,0.8393071173280111,flip
2025-04-16,0,1,0.0176834769379541,0.0176834769379541,0.8541489853811418,hold
2025-04-17,0,1,0.0114834984640164,0.0114834984640164,0.8639576039428073,hold
2025-04-21,0,1,0.0017284255654137,0.0017284255654137,0.8654508903528957,hold
2025-04-22,-1,-1,0.0066908406521222,-0.0066908406521222,0.8579293945726014,flip
2025-04-23,0,-1,-0.0033807460922566,0.0033807460922566,0.8608298360207348,hold
2025-04-24,-1,-1,-0.0085516633626838,0.0085516633626838,0.8681913629909385,hold
2025-04-25,-1,-1,0.0120282118827472,-0.0120282118827472,0.8577485733221124,hold
2025-04-28,0,-1,0.0003061930965739,-0.0003061930965739,0.8574859366303651,hold
2025-04-29,-1,-1,-7.191007773188485e-05,7.191007773188485e-05,0.8575475985107223,hold
2025-04-30,-1,-1,0.0005136803511647,-0.0005136803511647,0.8571070931591788,hold
2025-05-02,-1,-1,0.0047008906976129,-0.0047008906976129,0.8530779263980888,hold
2025-05-05,-1,-1,-0.0033338898599493,0.0033338898599493,0.8559219942466539,hold
2025-05-06,-1,-1,0.0014274549954715,-0.0014274549954715,0.8547002041202326,hold
2025-05-07,-1,-1,-0.0057588802970967,0.0057588802970967,0.8596223202856652,hold
2025-05-08,-1,-1,-0.0109501096942064,0.0109501096942064,0.8690352789883815,hold
2025-05-09,0,-1,0.0381830730902199,-0.0381830730902199,0.8358528414127885,hold
2025-05-12,0,-1,-0.0138958390765435,0.0138958390765435,0.8474677179887323,hold
2025-05-13,-1,-1,0.0036027960647213,-0.0036027960647213,0.8444144646293842,hold
2025-05-14,-1,-1,0.0160214381414618,-0.0160214381414618,0.8308857305185688,hold
2025-05-15,0,-1,-0.0016877607536591,0.0016877607536591,0.8322880668453135,hold
2025-05-16,-1,-1,-0.0029717088137536,0.0029717088137536,0.8347613846291396,hold
2025-05-19,-1,-1,-0.0104848313546668,0.0104848313546668,0.8435137169683643,hold
2025-05-20,-1,-1,0.0052483127088862,-0.0052483127088862,0.8390866932074794,hold
2025-05-21,0,-1,-0.0082112727740422,0.0082112727740422,0.8459766629264751,hold
2025-05-22,-1,-1,0.0098924887180058,-0.0098924887180058,0.8376078483327787,hold
2025-05-23,0,-1,0.0059549794562796,-0.0059549794562796,0.8326199108035384,hold
2025-05-26,-1,-1,-0.0069977248703164,0.0069977248703164,0.8384463558608889,hold
2025-05-27,-1,-1,-0.0029706520659956,0.0029706520659956,0.8409370882601535,hold
2025-05-28,-1,-1,0.0032784792287758,-0.0032784792287758,0.8381800934835854,hold
2025-05-29,-1,-1,-0.0033382349691143,0.0033382349691143,0.8409781355820677,hold
2025-05-30,-1,-1,-0.0013777230725331,0.0013777230725331,0.842136770562955,hold
2025-06-02,-1,-1,-0.0070438333802584,0.0070438333802584,0.8480686416581894,hold
2025-06-03,-1,-1,0.0031659048079861,-0.0031659048079861,0.8453837370680616,hold
2025-06-04,-1,-1,0.0053086967621067,-0.0053086967621067,0.8408958511603507,hold
2025-06-05,0,-1,0.0101875239545026,-0.0101875239545026,0.8323292045334127,hold
2025-06-06,1,1,0.0040054487100871,0.0040054487100871,0.8339983980630121,flip
2025-06-09,0,1,4.18584595869298e-05,4.18584595869298e-05,0.834033307951253,hold
2025-06-10,-1,-1,0.0014798446727146,-0.0014798446727146,0.8311310015877122,flip
2025-06-11,0,-1,-0.0100710846627866,0.0100710846627866,0.8395013922705686,hold
2025-06-12,-1,-1,-0.0068144588479197,0.0068144588479197,0.8452221399609677,hold
2025-06-13,0,-1,0.0092197937677085,-0.0092197937677085,0.8374293661426263,hold
2025-06-16,0,-1,-0.0037319707924959,0.0037319707924959,0.840554628077849,hold
2025-06-17,-1,-1,-0.0016637405234334,0.0016637405234334,0.8419530928747416,hold
2025-06-18,-1,-1,-0.0007577278241026,0.0007577278241026,0.8425910641598021,hold
2025-06-19,-1,-1,0.0128724709598377,-0.0128724709598377,0.8317448351553863,hold
2025-06-20,0,-1,-0.0055948454872697,0.0055948454872697,0.8363983189929153,hold
2025-06-23,-1,-1,0.0029012296868362,-0.0029012296868362,0.8339717353598332,hold
2025-06-24,-1,-1,0.0080018205204253,-0.0080018205204253,0.8272984432143762,hold
2025-06-25,0,-1,0.0120520108141297,-0.0120520108141297,0.8173278334302438,hold
2025-06-26,0,-1,0.003475704773181,-0.003475704773181,0.8144870431783366,hold
2025-06-27,-1,-1,-0.0047098423546652,0.0047098423546652,0.818323148751624,hold
2025-06-30,-1,-1,0.0009699396772837,-0.0009699396772837,0.8175294246608101,hold
2025-07-01,-1,-1,-0.0034610085397696,0.0034610085397696,0.820358900981074,hold
2025-07-02,-1,-1,-0.0018897125192245,0.0018897125192245,0.8219091434665152,hold
2025-07-03,-1,-1,0.0021924250859925,-0.0021924250859925,0.8201071692419727,hold
2025-07-04,-1,-1,1.1813410706551508e-05,-1.1813410706551508e-05,0.820097480979159,hold
2025-07-07,-1,-1,0.0024036171315751,-0.0024036171315751,0.8181262806243159,hold
2025-07-08,-1,-1,-0.0018180190273288,0.0018180190273288,0.8196136497692486,hold
2025-07-09,-1,-1,-0.004743646446198,0.004743646446198,0.8235016071462319,hold
2025-07-10,-1,-1,-0.008100901810276,0.008100901810276,0.830172712806328,hold
2025-07-11,-1,-1,-0.0026858541571485,0.0026858541571485,0.8324024356381701,hold
2025-07-14,-1,-1,0.0045251032187942,-0.0045251032187942,0.8286357286973317,hold
2025-07-15,0,-1,0.0006449487413033,-0.0006449487413033,0.8281013011271094,hold
2025-07-16,-1,-1,-0.0039902173517283,0.0039902173517283,0.8314056053078557,hold
2025-07-17,-1,-1,-0.0056965580472427,0.0056965580472427,0.8361417555992949,hold
2025-07-18,0,-1,0.0048981443028652,-0.0048981443028652,0.8320462126227186,hold
2025-07-21,0,-1,-0.0011876443882732,0.0011876443882732,0.8330343876379239,hold
2025-07-22,-1,-1,0.0063445445902445,-0.0063445445902445,0.8277491638203481,hold
2025-07-23,0,-1,-0.006256994627491,0.006256994627491,0.8329283858912823,hold
2025-07-24,-1,-1,-0.0089816740370306,0.0089816740370306,0.8404094771495477,hold
2025-07-25,0,-1,-0.0062849623293875,0.0062849623293875,0.8456914190546928,hold
2025-07-28,0,-1,0.0056804742343701,-0.0056804742343701,0.8408874907385248,hold
2025-07-29,0,-1,0.0013678351245234,-0.0013678351245234,0.8397372952929202,hold
2025-07-30,-1,-1,-0.0034882717656889,0.0034882717656889,0.8426665271906866,hold
2025-07-31,-1,-1,-0.0081959437427822,0.0081959437427822,0.849572974641467,hold
2025-08-01,0,-1,0.0064074150430544,-0.0064074150430544,0.8441294079835767,hold
2025-08-04,0,-1,-0.0029608040671041,0.0029608040671041,0.8466287097678966,hold
2025-08-05,0,-1,-0.0030569142281212,0.0030569142281212,0.8492167811167219,hold
2025-08-06,-1,-1,0.0008932609229541,-0.0008932609229541,0.8484582089510335,hold
2025-08-07,-1,-1,-0.0094669127354072,0.0094669127354072,0.8564904887748128,hold
2025-08-08,0,-1,0.0091018044718578,-0.0091018044718578,0.8486948798139785,hold
2025-08-11,0,-1,-0.0039719417907191,0.0039719417907191,0.852065846474681,hold
2025-08-12,0,-1,0.0053884535167121,-0.0053884535167121,0.8474745292677742,hold
2025-08-13,0,-1,0.000485438164071,-0.000485438164071,0.8470631327881896,hold
2025-08-14,-1,-1,0.0099730192766349,-0.0099730192766349,0.8386153558363663,hold
2025-08-18,1,1,0.0041685646806257,0.0041685646806257,0.8404339474776634,flip
2025-08-19,0,1,0.0027981813736617,0.0027981813736617,0.8427856340952884,hold
2025-08-20,-1,-1,0.0013252889742787,-0.0013252889742787,0.8399831283185508,flip
2025-08-21,0,-1,-0.0085174820600987,0.0085174820600987,0.8471376695447896,hold
2025-08-22,-1,-1,0.0039264173509054,-0.0039264173509054,0.8438114535004835,hold
2025-08-25,0,-1,-0.0102411798720348,0.0102411798720348,0.8524530783738651,hold
2025-08-26,0,-1,-0.0085444301039235,0.0085444301039235,0.859736804118905,hold
2025-08-28,0,-1,-0.0030223697933294,0.0030223697933294,0.8623352466658875,hold
2025-08-29,-1,-1,0.0081140701746054,-0.0081140701746054,0.8553381979604048,hold
2025-09-01,0,-1,-0.0018457290617897,0.0018457290617897,0.8569169205300391,hold
2025-09-02,-1,-1,0.005510715147017,-0.005510715147017,0.8521946954763391,hold
2025-09-03,0,-1,0.0007788776228048,-0.0007788776228048,0.8515309400977596,hold
2025-09-04,-1,-1,0.0002708473067116,-0.0002708473067116,0.8513003052360526,hold
2025-09-05,-1,-1,0.0012994782193525,-0.0012994782193525,0.8501940590312702,hold
2025-09-08,-1,-1,0.0038529301782352,-0.0038529301782352,0.8469183206838724,hold
2025-09-09,0,-1,0.0042020862308871,-0.0042020862308871,0.8433594968698407,hold
2025-09-10,0,-1,0.0012974116602184,-0.0012974116602184,0.8422653124248459,hold
2025-09-11,0,-1,0.0043390454100098,-0.0043390454100098,0.8386106849869583,hold
2025-09-12,0,-1,-0.0017838966811339,0.0017838966811339,0.84010667980467,hold
2025-09-15,-1,-1,0.0067772563910986,-0.0067772563910986,0.8344130614397592,hold
2025-09-16,0,-1,0.0036114755294653,-0.0036114755294653,0.8313995990869033,hold
2025-09-17,-1,-1,0.0036853015416349,-0.0036853015416349,0.8283356408626736,hold
2025-09-18,-1,-1,-0.0037976065391384,0.0037976065391384,0.831481333709015,hold
2025-09-19,-1,-1,-0.0049236357186648,0.0049236357186648,0.8355752449030678,hold
2025-09-22,-1,-1,-0.001303434397354,0.001303434397354,0.8366643624188519,hold
2025-09-23,-1,-1,-0.0044736530076083,0.0044736530076083,0.8404073084601458,hold
2025-09-24,-1,-1,-0.0066269482123226,0.0066269482123226,0.8459766441705686,hold
2025-09-25,-1,-1,-0.0094874379272315,0.0094874379272315,0.8540027950700244,hold
2025-09-26,0,-1,-0.0008030448049409,0.0008030448049409,0.8546885975780105,hold
2025-09-29,-1,-1,-0.0009661407544825,0.0009661407544825,0.8555143470645221,hold
2025-09-30,-1,-1,0.0091503904924759,-0.0091503904924759,0.8476860567169662,hold
2025-10-01,0,-1,0.0023332467769816,-0.0023332467769816,0.8457081959572391,hold
2025-10-03,-1,-1,0.0073671787912872,-0.0073671787912872,0.8394777124723651,hold
2025-10-06,0,-1,0.0012222193924698,-0.0012222193924698,0.8384516865326352,hold
2025-10-07,-1,-1,-0.0024752925801897,0.0024752925801897,0.8405270997711569,hold
2025-10-08,-1,-1,0.0054160175719368,-0.0054160175719368,0.8359747902291073,hold
2025-10-09,1,1,0.004112050167679,0.004112050167679,0.8377404109249861,flip
2025-10-10,-1,-1,-0.0022938183927065,0.0022938183927065,0.8379865544660294,flip
2025-10-13,-1,-1,-0.0032444791324643,0.0032444791324643,0.8407053843552802,hold
2025-10-14,-1,-1,0.0070808208725219,-0.0070808208725219,0.8347525001220958,hold
2025-10-15,0,-1,0.0103362282114798,-0.0103362282114798,0.8261243077807304,hold
2025-10-16,1,1,0.0048679837376106,0.0048679837376106,0.8284936188606904,flip
2025-10-17,-1,-1,0.0051848137299641,-0.0051848137299641,0.8225410465327124,flip
2025-10-20,-1,-1,0.0009847568259027,-0.0009847568259027,0.8217310436225542,hold
2025-10-21,-1,-1,0.0008814076368377,-0.0008814076368377,0.8210067636052787,hold
2025-10-23,-1,-1,-0.0037174505259611,0.0037174505259611,0.8240588156304608,hold
2025-10-24,-1,-1,0.0066252915000297,-0.0066252915000297,0.8185991857637398,hold
2025-10-27,0,-1,-0.001149638146805,0.001149638146805,0.8195402786146373,hold
2025-10-28,-1,-1,0.0045381040946781,-0.0045381040946781,0.8158211195205025,hold
2025-10-29,0,-1,-0.00675717564781,0.00675717564781,0.8213337661222955,hold
2025-10-30,-1,-1,-0.0060186608373972,0.0060186608373972,0.8262770954948876,hold
2025-10-31,-1,-1,0.0016036793506921,-0.0016036793506921,0.8249520119788927,hold
2025-11-03,-1,-1,-0.0064315867797603,0.0064315867797603,0.8302577624330727,hold
2025-11-04,-1,-1,-0.0034359080045569,0.0034359080045569,0.8331104517248621,hold
2025-11-06,-1,-1,-0.0006820322478444,0.0006820322478444,0.8336786599189547,hold
2025-11-07,-1,-1,0.0032185728871263,-0.0032185728871263,0.8309954043875638,hold
2025-11-10,-1,-1,0.0047156471705849,-0.0047156471705849,0.8270767232600945,hold
2025-11-11,0,-1,0.0070384090258497,-0.0070384090258497,0.8212554189860305,hold
2025-11-12,1,1,0.0001294494962036,0.0001294494962036,0.8197192192483007,flip
2025-11-13,-1,-1,0.0011940264714482,-0.0011940264714482,0.8171010143628669,flip
2025-11-14,0,-1,0.0039906690408659,-0.0039906690408659,0.8138402346415888,hold
2025-11-17,0,-1,-0.0039748069020186,0.0039748069020186,0.8170750924233827,hold
2025-11-18,-1,-1,0.0055036406751542,-0.0055036406751542,0.812578204710066,hold
2025-11-19,0,-1,0.0053545415882216,-0.0053545415882216,0.8082272209192636,hold
2025-11-20,0,-1,-0.0047342428227803,0.0047342428227803,0.8120535648390763,hold
2025-11-21,-1,-1,-0.004167936312968,0.004167936312968,0.8154381523800442,hold
2025-11-24,-1,-1,-0.002877529180069,0.002877529180069,0.8177845994580593,hold
2025-11-25,-1,-1,0.0123817835303625,-0.0123817835303625,0.8076589675731054,hold
2025-11-26,0,-1,0.0003911422381892,-0.0003911422381892,0.8073430580368354,hold
2025-11-27,-1,-1,-0.0004806903583736,0.0004806903583736,0.8077311400607335,hold
2025-11-28,-1,-1,-0.0010380212747401,0.0010380212747401,0.8085695821683866,hold
2025-12-01,-1,-1,-0.0054841133969418,0.0054841133969418,0.813003869446316,hold
2025-12-02,-1,-1,-0.0017746951904364,0.0017746951904364,0.8144467035032286,hold
2025-12-03,-1,-1,0.0018375278996383,-0.0018375278996383,0.8129501349627729,hold
2025-12-04,-1,-1,0.0058654330916598,-0.0058654330916598,0.808181830339293,hold
2025-12-05,0,-1,-0.0086265394598917,0.0086265394598917,0.8151536427894824,hold
2025-12-08,0,-1,-0.0046570811090926,0.0046570811090926,0.8189498794203254,hold
2025-12-09,-1,-1,-0.0031598875909956,0.0031598875909956,0.8215376689819529,hold
2025-12-10,-1,-1,0.0054565875164998,-0.0054565875164998,0.8170548767930517,hold
2025-12-11,1,1,0.0057299900196514,0.0057299900196514,0.8201024833289973,flip
2025-12-12,1,1,-0.0007543469807149,-0.0007543469807149,0.8194838414968213,hold
2025-12-15,-1,-1,-0.0064240688375742,0.0064240688375742,0.823109294422883,flip
2025-12-16,-1,-1,-0.0016066770334456,0.0016066770334456,0.8244317652222478,hold
2025-12-17,-1,-1,-0.0001161955225689,0.0001161955225689,0.8245275605020301,hold
2025-12-18,-1,-1,0.0058433620360547,-0.0058433620360547,0.8197095474573117,hold
2025-12-19,1,1,0.0079333291061156,0.0079333291061156,0.824573153973801,flip
2025-12-22,0,1,0.0001814888939914,0.0001814888939914,0.8247228048435308,hold
2025-12-23,0,1,-0.0013389838361685,-0.0013389838361685,0.8236185143385257,hold
2025-12-24,-1,-1,-0.003817552133005,0.003817552133005,0.8251154839260442,flip
2025-12-26,-1,-1,-0.0038476313101776,0.0038476313101776,0.8282902240965104,hold
2025-12-29,-1,-1,-0.0001252789885528,0.0001252789885528,0.8283939914580135,hold
2025-12-30,-1,-1,0.007353834224439,-0.007353834224439,0.8223021193723099,hold
2025-12-31,0,-1,0.0006487344669803,-0.0006487344669803,0.8217686636452021,hold
2026-01-01,-1,-1,0.0069607651702385,-0.0069607651702385,0.8160485249533072,hold
2026-01-02,0,-1,-0.002972058760474,0.002972058760474,0.8184738691208665,hold
2026-01-05,-1,-1,-0.0027276473171363,0.0027276473171363,0.8207063771741202,hold
