idx,date,signal,position,return,pnl,equity,action
0,2020-01-01,-1,-1,0.0081838863379848,-0.0081838863379848,0.9908161136620152,enter
1,2020-01-02,0,-1,-0.0045227893866035,0.0045227893866035,0.9952973662649615,hold
2,2020-01-03,-1,-1,-0.0191058530729412,0.0191058530729412,1.0143133715087052,hold
3,2020-01-06,0,-1,0.0049945920012428,-0.0049945920012428,1.0092472900566143,hold
4,2020-01-07,1,1,-0.0022899444111396,-0.0022899444111396,1.004917675285178,flip
5,2020-01-08,-1,-1,0.0158457581226116,-0.0158457581226116,0.9869841575189017,flip
6,2020-01-09,1,1,0.0033480474426501,0.0033480474426501,0.9883146589883812,flip
7,2020-01-10,1,1,0.0059354808073293,0.0059354808073293,0.994180781678409,hold
8,2020-01-13,1,1,0.0026562202609821,0.0026562202609821,0.9968215448137822,hold
9,2020-01-14,1,1,-0.0015369308543056,-0.0015369308543056,0.9952894990253213,hold
10,2020-01-15,0,1,0.0009884063018437,0.0009884063018437,0.9962732494383167,hold
11,2020-01-16,0,1,-0.0002549788049855,-0.0002549788049855,0.9960192208757359,hold
12,2020-01-17,-1,-1,-0.0103461939411514,0.0103461939411514,1.0043321904622793,flip
13,2020-01-20,0,-1,-0.0044746183856623,0.0044746183856623,1.0088261937470344,hold
14,2020-01-21,1,1,-0.0051725551893021,-0.0051725551893021,1.0015903321959703,flip
15,2020-01-22,1,1,0.0060667236352978,0.0060667236352978,1.0076667039371894,hold
16,2020-01-23,1,1,0.0055745847042631,0.0055745847042631,1.013284027331953,hold
17,2020-01-24,1,1,-0.0105525279121506,-0.0105525279121506,1.0025913193505962,hold
18,2020-01-27,0,1,-0.0052149678449129,-0.0052149678449129,0.997362837858594,hold
19,2020-01-28,-1,-1,0.0061132563999481,-0.0061132563999481,0.9892709774312674,flip
20,2020-01-29,1,1,-0.007724984155365,-0.007724984155365,0.9796503328503858,flip
21,2020-01-30,-1,-1,-0.0061234148547233,0.0061234148547233,0.9836898375852958,flip
22,2020-01-31,0,-1,-0.0212503847193161,0.0212503847193161,1.004593625078465,hold
23,2020-02-03,0,-1,0.0232108226866707,-0.0232108226866707,0.981276180574609,hold
24,2020-02-04,1,1,0.0091405004678344,0.0091405004678344,0.9882829836010768,flip
25,2020-02-05,1,1,0.0040366612301674,0.0040366612301674,0.9922723472054135,hold
26,2020-02-06,0,1,-0.0032625431230384,-0.0032625431230384,0.9890350158828572,hold
27,2020-02-07,1,1,-0.0055255147630383,-0.0055255147630383,0.9835700883014347,hold
28,2020-02-10,1,1,0.0063500303889789,0.0063500303889789,0.9898157882518395,hold
29,2020-02-11,1,1,0.0077056964194832,0.0077056964194832,0.9974430082273197,hold
30,2020-02-12,0,1,-0.0021759994314084,-0.0021759994314084,0.9952725728085547,hold
31,2020-02-13,1,1,-0.0050268544351488,-0.0050268544351488,0.9902694824617501,hold
32,2020-02-14,-1,-1,-0.0055847334602637,0.0055847334602637,0.9938193346102087,flip
33,2020-02-17,1,1,-0.0044247626186481,-0.0044247626186481,0.9874342812995153,flip
34,2020-02-18,1,1,0.011123651500938,0.011123651500938,0.9984181561247704,hold
35,2020-02-19,1,1,-0.0037152524595064,-0.0037152524595064,0.9947087806146119,hold
36,2020-02-20,1,1,-0.0208138687990014,-0.0208138687990014,0.9740050425616847,hold
37,2020-02-24,0,1,-0.0026628568617023,-0.0026628568617023,0.9714114065507667,hold
38,2020-02-25,0,1,-0.0101204779385897,-0.0101204779385897,0.9615802588414752,hold
39,2020-02-26,0,1,-0.0038703767874727,-0.0038703767874727,0.9578585809283632,hold
40,2020-02-27,1,1,-0.0370960786649383,-0.0370960786649383,0.9223257836603584,hold
41,2020-02-28,1,1,-0.0061597518244916,-0.0061597518244916,0.9166444857316809,hold
42,2020-03-02,1,1,0.0153196474085468,0.0153196474085468,0.930687156052079,hold
43,2020-03-03,-1,-1,-0.0046269501465237,0.0046269501465237,0.9331320248130377,flip
44,2020-03-04,1,1,0.0015998577904186,0.0015998577904186,0.9327586393027978,flip
45,2020-03-05,-1,-1,-0.0248069753028219,0.0248069753028219,0.9540320425528704,flip
46,2020-03-06,1,1,-0.0489560433359516,-0.0489560433359516,0.90541834444866,flip
47,2020-03-09,1,1,0.0006649981756232,0.0006649981756232,0.9060204459958942,hold
48,2020-03-11,1,1,-0.0830193880106471,-0.0830193880106471,0.8308031830441814,hold
49,2020-03-12,1,1,0.0380650761268936,0.0380650761268936,0.8624277694532237,hold
50,2020-03-13,1,1,-0.0761210010667908,-0.0761210010667908,0.7967789042946449,hold
51,2020-03-16,1,1,-0.0250451840905282,-0.0250451840905282,0.7768234299571362,hold
52,2020-03-17,1,1,-0.055564540272715,-0.055564540272715,0.7336595931984943,hold
53,2020-03-18,1,1,-0.0242477817531284,-0.0242477817531284,0.7158699755015282,hold
54,2020-03-19,1,1,0.0583291468584656,0.0583291468584656,0.7576260604341231,hold
55,2020-03-20,-1,-1,-0.1298046607047124,0.1298046607047124,0.8544542020289541,flip
56,2020-03-23,1,1,0.0250714240251634,0.0250714240251634,0.8741676772340468,flip
57,2020-03-24,1,1,0.0662474689466749,0.0662474689466749,0.9320790732857963,hold
58,2020-03-25,1,1,0.0389043564303894,0.0389043564303894,0.968341009774214,hold
59,2020-03-26,1,1,0.0021755381634551,0.0021755381634551,0.9704476725962166,hold
60,2020-03-27,1,1,-0.0437805364308189,-0.0437805364308189,0.9279609529119145,hold
61,2020-03-30,-1,-1,0.0382377227133605,-0.0382377227133605,0.8906219173998191,flip
62,2020-03-31,-1,-1,-0.0400046750966822,0.0400046750966822,0.926250957839383,hold
63,2020-04-01,1,1,-0.0205965741867707,-0.0205965741867707,0.905320859354998,flip
64,2020-04-03,1,1,0.0876321046711503,0.0876321046711503,0.9846560316629709,hold
65,2020-04-07,1,1,-0.0049419024075071,-0.0049419024075071,0.9797899576495293,hold
66,2020-04-08,-1,-1,0.0415088316188025,-0.0415088316188025,0.9371604413603623,flip
67,2020-04-09,-1,-1,-0.0129556707370791,0.0129556707370791,0.9493019834664428,hold
68,2020-04-13,-1,-1,-0.0076218535626885,0.0076218535626885,0.9565374241711937,hold
69,2020-04-15,-1,-1,0.0075627711647903,-0.0075627711647903,0.949303350521629,hold
70,2020-04-16,-1,-1,0.0304632818768748,-0.0304632818768748,0.9203844549680269,hold
71,2020-04-17,-1,-1,-0.0005288143766692,0.0005288143766692,0.920871167499877,hold
72,2020-04-20,-1,-1,-0.0302746671440956,0.0302746671440956,0.9487502355785304,hold
73,2020-04-21,-1,-1,0.0229194177887257,-0.0229194177887257,0.9270054325521542,hold
74,2020-04-22,-1,-1,0.0137799558770148,-0.0137799558770148,0.9142313385938325,hold
75,2020-04-23,-1,-1,-0.0171249415723349,0.0171249415723349,0.9298874968508495,hold
76,2020-04-24,-1,-1,0.0139713589754586,-0.0139713589754586,0.9168957048255556,hold
77,2020-04-27,-1,-1,0.0106224306488902,-0.0106224306488902,0.9071560437887808,hold
78,2020-04-28,-1,-1,0.0183830135241964,-0.0183830135241964,0.8904797819672552,hold
79,2020-04-29,-1,-1,0.032088303452139,-0.032088303452139,0.8619057965054954,hold
80,2020-04-30,-1,-1,-0.057444839013135,0.057444839013135,0.9114178362302414,hold
81,2020-05-04,-1,-1,-0.0094582655216011,0.0094582655216011,0.9200382681264302,hold
82,2020-05-05,1,1,0.0070935934671216,0.0070935934671216,0.9247245690384609,flip
83,2020-05-06,-1,-1,-0.0077501195040513,0.0077501195040513,0.9300418458187644,flip
84,2020-05-07,1,1,0.0057016970693835,0.0057016970693835,0.9334845789938357,flip
85,2020-05-08,1,1,-0.0013294930214019,-0.0013294930214019,0.9322435177604771,hold
86,2020-05-11,1,1,-0.0046162427183511,-0.0046162427183511,0.9279400554098852,hold
87,2020-05-12,1,1,0.0203337125303977,0.0203337125303977,0.9468085217420311,hold
88,2020-05-13,1,1,-0.0256619093732747,-0.0256619093732747,0.9225116072632429,hold
89,2020-05-14,1,1,-0.0006453627874545,-0.0006453627874545,0.9219162526009204,hold
90,2020-05-15,1,1,-0.0343225097032598,-0.0343225097032598,0.8902737730754323,hold
91,2020-05-18,1,1,0.0063298228402233,0.0063298228402233,0.895909048338297,hold
92,2020-05-19,1,1,0.021111396826158,0.021111396826158,0.9148229397779124,hold
93,2020-05-20,1,1,0.0043787544510012,0.0043787544510012,0.918828724797343,hold
94,2020-05-21,1,1,-0.0073575840768702,-0.0073575840768702,0.9120683652024032,hold
95,2020-05-22,1,1,-0.0011284338094974,-0.0011284338094974,0.9110391564225357,hold
96,2020-05-26,-1,-1,0.0316645047717616,-0.0316645047717616,0.8803694743938876,flip
97,2020-05-27,0,-1,0.0188030435364687,-0.0188030435364687,0.8638158488386812,hold
98,2020-05-28,0,-1,0.0095046626511057,-0.0095046626511057,0.8556055706027911,hold
99,2020-05-29,0,-1,0.0256620973194605,-0.0256620973194605,0.8336489371829098,hold
100,2020-06-01,0,-1,0.0155655279707429,-0.0155655279707429,0.8206727513334091,hold
101,2020-06-02,-1,-1,0.0082622880359908,-0.0082622880359908,0.8138921166786034,hold
102,2020-06-03,-1,-1,-0.0032251686810099,0.0032251686810099,0.816517056043036,hold
103,2020-06-04,-1,-1,0.0112722762414605,-0.0112722762414605,0.8073130502314548,hold
104,2020-06-05,-1,-1,0.0024945207587225,-0.0024945207587225,0.8052991910688649,hold
105,2020-06-08,-1,-1,-0.0118810323499978,0.0118810323499978,0.8148669768093812,hold
106,2020-06-09,-1,-1,0.0069177285262014,-0.0069177285262014,0.8092299482788474,hold
107,2020-06-10,-1,-1,-0.021169158460066,0.021169158460066,0.8263606652845933,hold
108,2020-06-11,-1,-1,0.0071602091117954,-0.0071602091117954,0.8204437501193933,hold
109,2020-06-12,-1,-1,-0.0159632793948444,0.0159632793948444,0.833540722930303,hold
110,2020-06-15,-1,-1,0.010220386061458,-0.010220386061458,0.8250216149440085,hold
111,2020-06-16,-1,-1,-0.0033134566648174,0.0033134566648174,0.8277552883126631,hold
112,2020-06-17,1,1,0.0213031875518985,0.0213031875518985,0.8437336038900383,flip
113,2020-06-18,-1,-1,0.0151362754442923,-0.0151362754442923,0.8292751524521732,flip
114,2020-06-19,-1,-1,0.0065206163504338,-0.0065206163504338,0.8238677673340851,hold
115,2020-06-22,-1,-1,0.0154976919912916,-0.0154976919912916,0.8110997184343883,hold
116,2020-06-23,-1,-1,-0.0158246772335498,0.0158246772335498,0.8239351096828356,hold
117,2020-06-24,1,1,-0.0015913572989929,-0.0015913572989929,0.8209760643127796,flip
118,2020-06-25,1,1,0.0091457401473864,0.0091457401473864,0.8284844980642083,hold
119,2020-06-26,0,1,-0.0067995386087835,-0.0067995386087835,0.8228511857328421,hold
120,2020-06-29,1,1,-0.0009988732845714,-0.0009988732845714,0.8220292616662357,hold
121,2020-06-30,1,1,0.0124198173347171,0.0124198173347171,0.8322387149399227,hold
122,2020-07-01,1,1,0.0116634525148986,0.0116634525148986,0.8419454916726848,hold
123,2020-07-02,0,1,0.0052739760448483,0.0052739760448483,0.8463858920268347,hold
124,2020-07-03,0,1,0.014735139974255,0.014735139974255,0.8588575066180848,hold
125,2020-07-06,1,1,0.0033445902359812,0.0033445902359812,0.8617300330488188,hold
126,2020-07-07,-1,-1,-0.008694762073642,0.008694762073642,0.8674991105917922,flip
127,2020-07-08,-1,-1,0.0100600327219018,-0.0100600327219018,0.8587720411530181,hold
128,2020-07-09,-1,-1,-0.0041985110954393,0.0041985110954393,0.862377605096252,hold
129,2020-07-10,-1,-1,0.0032178891492418,-0.0032178891492418,0.8596025695582636,hold
130,2020-07-13,-1,-1,-0.0180834960154004,0.0180834960154004,0.8751471891996985,hold
131,2020-07-14,-1,-1,0.0010229309240368,-0.0010229309240368,0.8742519740767822,hold
132,2020-07-15,-1,-1,0.0114661616621005,-0.0114661616621005,0.8642276596086074,hold
133,2020-07-16,1,1,0.0150605912558696,0.0150605912558696,0.8755149838227723,flip
134,2020-07-17,1,1,0.0110533217609316,0.0110533217609316,0.8851923326454822,hold
135,2020-07-20,1,1,0.0127061568657644,0.0127061568657644,0.8964397252804477,hold
136,2020-07-21,1,1,-0.0026563094918139,-0.0026563094918139,0.8940585039293462,hold
137,2020-07-22,1,1,0.0074421598588463,0.0074421598588463,0.9007122302387494,hold
138,2020-07-23,1,1,-0.0018991484351116,-0.0018991484351116,0.8990016440162055,hold
139,2020-07-24,1,1,-0.0055699256988469,-0.0055699256988469,0.8939942716558941,hold
140,2020-07-27,1,1,0.0151592736988444,0.0151592736988444,0.9075465755051249,hold
141,2020-07-28,1,1,-0.0086456143286032,-0.0086456143286032,0.8997002778280629,hold
142,2020-07-29,1,1,-0.0089887146807479,-0.0089887146807479,0.8916131287324769,hold
143,2020-07-30,1,1,-0.0025851023723058,-0.0025851023723058,0.8893082175182115,hold
144,2020-07-31,-1,-1,-0.0164222155452939,0.0164222155452939,0.9021340123174604,flip
145,2020-08-03,-1,-1,0.0186979321613793,-0.0186979321613793,0.8852659717546756,hold
146,2020-08-04,-1,-1,0.0005768586219327,-0.0005768586219327,0.8847552984461653,hold
147,2020-08-05,-1,-1,0.0088725546683743,-0.0088725546683743,0.8769052586925679,hold
148,2020-08-06,1,1,0.001241002448872,0.001241002448872,0.876239689748649,flip
149,2020-08-07,-1,-1,0.005002705259437,-0.005002705259437,0.8701036414647186,flip
150,2020-08-10,0,-1,0.0046449787767293,-0.0046449787767293,0.8660620285165601,hold
151,2020-08-11,0,-1,-0.0012452735151247,0.0012452735151247,0.867140512623127,hold
152,2020-08-12,-1,-1,-0.000703034473301,0.000703034473301,0.8677501422966969,hold
153,2020-08-13,-1,-1,-0.0108004373788689,0.0108004373788689,0.8771222233690769,hold
154,2020-08-14,-1,-1,0.0061457110453491,-0.0061457110453491,0.8717316836327964,hold
155,2020-08-17,1,1,0.0122920579350753,0.0122920579350753,0.880703596624586,flip
156,2020-08-18,1,1,0.0020246002135075,0.0020246002135075,0.882486669314349,hold
157,2020-08-19,1,1,-0.008432399987605,-0.008432399987605,0.8750451887349612,hold
158,2020-08-20,-1,-1,0.0052509160938571,-0.0052509160938571,0.8687003094931106,flip
159,2020-08-21,0,-1,0.0083410064718865,-0.0083410064718865,0.8614544745894988,hold
160,2020-08-24,1,1,0.0005058064691958,0.0005058064691958,0.8601672948864848,flip
161,2020-08-25,-1,-1,0.0067423225064831,-0.0067423225064831,0.852647434985058,flip
162,2020-08-26,0,-1,0.0008355606212675,-0.0008355606212675,0.8519349963645597,hold
163,2020-08-27,0,-1,0.0076431956549949,-0.0076431956549949,0.8454234905020079,hold
164,2020-08-28,0,-1,-0.0223307478019462,0.0223307478019462,0.8643024292542493,hold
165,2020-08-31,-1,-1,0.0072667398463226,-0.0072667398463226,0.8580217683523139,hold
166,2020-09-01,1,1,0.0056450382511279,0.0056450382511279,0.8611492905182585,flip
167,2020-09-02,1,1,-0.0006545127600779,-0.0006545127600779,0.8605856573192823,hold
168,2020-09-03,-1,-1,-0.0167947449485598,0.0167947449485598,0.8733178026257097,flip
169,2020-09-04,1,1,0.0018705202595032,0.0018705202595032,0.8732047256632546,flip
170,2020-09-07,-1,-1,-0.0033201259317187,0.0033201259317187,0.8743574658653018,flip
171,2020-09-08,1,1,-0.0034769279675166,-0.0034769279675166,0.8695686730068972,flip
172,2020-09-09,1,1,0.0151844298634509,0.0151844298634509,0.8827725775336246,hold
173,2020-09-10,1,1,0.0013276149365679,0.0013276149365679,0.8839445595931509,hold
174,2020-09-11,-1,-1,-0.0021283524468515,0.0021283524468515,0.8840580160402556,flip
175,2020-09-14,-1,-1,0.0071459479106903,-0.0071459479106903,0.8777405835076036,hold
176,2020-09-15,0,-1,0.0071820376506051,-0.0071820376506051,0.871436617589388,hold
177,2020-09-16,1,1,-0.0076220272911209,-0.0076220272911209,0.8630516306724607,flip
178,2020-09-17,-1,-1,-0.0009681588767627,0.0009681588767627,0.8621610985084559,flip
179,2020-09-18,-1,-1,-0.0221122548386738,0.0221122548386738,0.8812254244306659,hold
180,2020-09-21,1,1,-0.0086128603263573,-0.0086128603263573,0.8718731020851482,flip
181,2020-09-22,-1,-1,-0.0019545871070447,0.0019545871070447,0.8718335078052927,flip
182,2020-09-23,-1,-1,-0.0293122720965164,0.0293122720965164,0.8973889288089418,hold
183,2020-09-24,1,1,0.0226457884823545,0.0226457884823545,0.915916230819538,flip
184,2020-09-25,-1,-1,0.0160448681873712,-0.0160448681873712,0.8993886431637256,flip
185,2020-09-28,1,1,-0.0004586409458945,-0.0004586409458945,0.8971773694193707,flip
186,2020-09-29,-1,-1,0.0022410013176423,-0.0022410013176423,0.8933724390135043,flip
187,2020-09-30,-1,-1,0.0150610927327836,-0.0150610927327836,0.8799172738646088,hold
188,2020-10-01,0,-1,0.0075676439490797,-0.0075676439490797,0.8732583732313566,hold
189,2020-10-05,0,-1,0.0138264754746197,-0.0138264754746197,0.861184287750867,hold
190,2020-10-06,0,-1,0.0065551872847253,-0.0065551872847253,0.8555390634579974,hold
191,2020-10-07,-1,-1,0.0081566766068399,-0.0081566766068399,0.8485607079928518,hold
192,2020-10-08,1,1,0.0067260903253916,0.0067260903253916,0.8525710825454043,flip
193,2020-10-09,0,1,0.0014058853909966,0.0014058853909966,0.853769699775141,hold
194,2020-10-12,-1,-1,0.0002975290843887,-0.0002975290843887,0.8518081390585378,flip
195,2020-10-13,-1,-1,0.0030625333853533,-0.0030625333853533,0.8491994481947553,hold
196,2020-10-14,-1,-1,-0.0242836008583533,0.0242836008583533,0.8698210686438507,hold
197,2020-10-15,-1,-1,0.007028949362235,-0.007028949362235,0.8637071403981479,hold
198,2020-10-16,-1,-1,0.0094027696218492,-0.0094027696218492,0.855585901136238,hold
199,2020-10-19,1,1,0.0020003285078973,0.0020003285078973,0.8555861822029633,flip
200,2020-10-20,1,1,0.0034337457642519,0.0034337457642519,0.8585240476320553,hold
201,2020-10-21,-1,-1,-0.0034512817819539,0.0034512817819539,0.859770007941753,flip
202,2020-10-22,1,1,0.0028495402835257,0.0028495402835257,0.8605004171980668,flip
203,2020-10-23,-1,-1,-0.0136290733045432,0.0136290733045432,0.8705072396282532,flip
204,2020-10-26,0,-1,0.0103376083469652,-0.0103376083469652,0.8615082767217785,hold
205,2020-10-27,1,1,-0.0134406089457635,-0.0134406089457635,0.848206064317379,flip
206,2020-10-28,0,1,-0.0050129421843609,-0.0050129421843609,0.8439540563565316,hold
207,2020-10-29,1,1,-0.0024333734223676,-0.0024333734223676,0.8419004009860943,hold
208,2020-10-30,0,1,0.0022976361491175,0.0022976361491175,0.8438347817813565,hold
209,2020-11-02,1,1,0.0123701901631991,0.0123701901631991,0.8542731784983135,hold
210,2020-11-03,-1,-1,0.008041647267956,-0.008041647267956,0.8456948685693578,flip
211,2020-11-04,0,-1,0.0177855989156905,-0.0177855989156905,0.8306536788319256,hold
212,2020-11-05,0,-1,0.0118190145712895,-0.0118190145712895,0.8208361708981159,hold
213,2020-11-06,0,-1,0.0161046355374614,-0.0161046355374614,0.8076169035298363,hold
214,2020-11-09,0,-1,0.0136465071043638,-0.0136465071043638,0.7965957537182121,hold
215,2020-11-10,-1,-1,0.0093460415087203,-0.0093460415087203,0.7891507367382914,hold
216,2020-11-11,-1,-1,-0.0045768215253314,0.0045768215253314,0.7927625388169264,hold
217,2020-11-12,-1,-1,0.0022969703307613,-0.0022969703307613,0.790941586785925,hold
218,2020-11-13,-1,-1,0.0121266198083733,-0.0121266198083733,0.7813501388723406,hold
219,2020-11-17,-1,-1,0.0049750511655721,-0.0049750511655721,0.7774628819532239,hold
220,2020-11-18,0,-1,-0.0128726686134137,0.0128726686134137,0.7874709039918374,hold
221,2020-11-19,0,-1,0.0068393094137191,-0.0068393094137191,0.7820851468251361,hold
222,2020-11-20,-1,-1,0.005241475198302,-0.005241475198302,0.7779858669250918,hold
223,2020-11-23,-1,-1,0.0099563448098976,-0.0099563448098976,0.7702399713767585,hold
224,2020-11-24,-1,-1,-0.0150706804680923,0.0150706804680923,0.7818480118691301,hold
225,2020-11-25,0,-1,0.0100012136399767,-0.0100012136399767,0.7740285828684359,hold
226,2020-11-26,-1,-1,-0.0013898363507738,0.0013898363507738,0.7751043559294444,hold
227,2020-11-27,-1,-1,0.0108026946873185,-0.0108026946873185,0.7667311402215279,hold
228,2020-12-01,-1,-1,0.0003585458429504,-0.0003585458429504,0.7664562319585408,hold
229,2020-12-02,-1,-1,0.00153658492994,-0.00153658492994,0.7652785068630548,hold
230,2020-12-03,-1,-1,0.0094906623588735,-0.0094906623588735,0.7580155069439146,hold
231,2020-12-04,-1,-1,0.0073311332494399,-0.0073311332494399,0.752458394257367,hold
232,2020-12-07,0,-1,0.0027853318093331,-0.0027853318093331,0.7503625479566424,hold
233,2020-12-08,0,-1,0.0101657522858669,-0.0101657522858669,0.7427345481695232,hold
234,2020-12-09,0,-1,-0.0037548548058806,0.0037548548058806,0.7455234085572111,hold
235,2020-12-10,1,1,0.0026375585350264,0.0026375585350264,0.7459987233693988,flip
236,2020-12-11,0,1,0.0032781762806703,0.0032781762806703,0.7484442386897587,hold
237,2020-12-14,-1,-1,0.0007153791977927,-0.0007153791977927,0.7464119287733127,flip
238,2020-12-15,-1,-1,0.008464907059269,-0.008464907059269,0.7400936211683169,hold
239,2020-12-16,-1,-1,0.0042389293905504,-0.0042389293905504,0.7369564165657877,hold
240,2020-12-17,0,-1,0.0014445849987885,-0.0014445849987885,0.7358918203816558,hold
241,2020-12-18,-1,-1,-0.0314049525779333,0.0314049525779333,0.7590024681032306,hold
242,2020-12-21,0,-1,0.0103462838766079,-0.0103462838766079,0.7511496131051886,hold
243,2020-12-22,-1,-1,0.0100101591857162,-0.0100101591857162,0.7436304859057165,hold
244,2020-12-23,1,1,0.0108925303747413,0.0108925303747413,0.7502432425892167,flip
245,2020-12-24,-1,-1,0.0090150513891666,-0.0090150513891666,0.7419792747177215,flip
246,2020-12-28,0,-1,0.0042815942411449,-0.0042815942411449,0.7388024205280412,hold
247,2020-12-29,-1,-1,0.0035420946069744,-0.0035420946069744,0.7361855124586693,hold
248,2020-12-30,-1,-1,-1.4318125132972703e-05,1.4318125132972703e-05,0.7361960532549578,hold
249,2020-12-31,-1,-1,0.0026284263414808,-0.0026284263414808,0.7342610161560884,hold
250,2021-01-01,-1,-1,0.0081606727271106,-0.0081606727271106,0.7282689523069629,hold
251,2021-01-04,0,-1,0.0047123808655142,-0.0047123808655142,0.7248370716311635,hold
252,2021-01-05,0,-1,-0.0037501320469031,0.0037501320469031,0.727555306362271,hold
253,2021-01-06,1,1,-0.000629169612088,-0.000629169612088,0.7256424400596698,flip
254,2021-01-07,-1,-1,0.014847223590326,-0.014847223590326,0.7134173796253549,flip
255,2021-01-08,-1,-1,0.0095837181341371,-0.0095837181341371,0.7065801885470309,hold
256,2021-01-11,0,-1,0.0054333140242324,-0.0054333140242324,0.7027411164993534,hold
257,2021-01-12,0,-1,9.609083312889231e-05,-9.609083312889231e-05,0.7026735895199951,hold
258,2021-01-13,-1,-1,0.002111247340323,-0.002111247340323,0.7011900717730059,hold
259,2021-01-14,-1,-1,-0.0110923441582015,0.0110923441582015,0.7089679133694261,hold
260,2021-01-15,0,-1,-0.0105586501425666,0.0105586501425666,0.7164536575289993,hold
261,2021-01-18,0,-1,0.0167947308170628,-0.0167947308170628,0.7044210112078996,hold
262,2021-01-19,-1,-1,0.008508265623863,-0.008508265623863,0.6984276101335126,hold
263,2021-01-20,-1,-1,-0.0037112802046228,0.0037112802046228,0.7010196706973632,hold
264,2021-01-21,1,1,-0.0149721716475961,-0.0149721716475961,0.6891218445179462,flip
265,2021-01-22,0,1,-0.0092541693433081,-0.0092541693433081,0.6827445942706043,hold
266,2021-01-25,0,1,-0.0190604880418779,-0.0190604880418779,0.6697311490958526,hold
267,2021-01-27,0,1,-0.0107356502819043,-0.0107356502819043,0.6625411496962617,hold
268,2021-01-28,0,1,-0.0132404223540728,-0.0132404223540728,0.6537688250473302,hold
269,2021-01-29,0,1,0.0474235111013383,0.0474235111013383,0.6847728381796713,hold
270,2021-02-01,-1,-1,0.0256735714819573,-0.0256735714819573,0.6658227280934034,flip
271,2021-02-02,-1,-1,0.0097011226717231,-0.0097011226717231,0.6593635001305479,hold
272,2021-02-03,-1,-1,0.0071467580293813,-0.0071467580293813,0.654651188741709,hold
273,2021-02-04,0,-1,0.0019199973566108,-0.0019199973566108,0.6533942601898228,hold
274,2021-02-05,-1,-1,0.0128348027329681,-0.0128348027329681,0.6450080737534328,hold
275,2021-02-08,-1,-1,-0.0004300136336804,0.0004300136336804,0.6452854360189807,hold
276,2021-02-09,-1,-1,-0.0001853034041081,0.0001853034041081,0.6454050096068964,hold
277,2021-02-10,-1,-1,0.0044219246475027,-0.0044219246475027,0.642551077287294,hold
278,2021-02-11,0,-1,-0.0006590524229219,0.0006590524229219,0.6429745521316313,hold
279,2021-02-12,-1,-1,0.0099846598415338,-0.0099846598415338,0.6365546699418344,hold
280,2021-02-15,-1,-1,-8.162092525865194e-05,8.162092525865194e-05,0.6366066261229727,hold
281,2021-02-16,-1,-1,-0.0068273186874309,0.0068273186874309,0.6409529424380443,hold
282,2021-02-17,-1,-1,-0.0059143128695843,0.0059143128695843,0.6447437386743036,hold
283,2021-02-18,-1,-1,-0.0090747170630297,0.0090747170630297,0.6505946056809327,hold
284,2021-02-19,0,-1,-0.0204281745915864,0.0204281745915864,0.6638850658741272,hold
285,2021-02-22,0,-1,0.0021872625461001,-0.0021872625461001,0.6624329749346255,hold
286,2021-02-23,-1,-1,0.0186431824578623,-0.0186431824578623,0.6500831161168147,hold
287,2021-02-24,-1,-1,0.0076992130139501,-0.0076992130139501,0.6450779877290589,hold
288,2021-02-25,1,1,-0.0376356932475859,-0.0376356932475859,0.61950987448666,flip
289,2021-02-26,0,1,0.0159953891187234,0.0159953891187234,0.6294191759919656,hold
290,2021-03-01,1,1,0.0106729853417877,0.0106729853417877,0.636136957631168,hold
291,2021-03-02,0,1,0.0218846987116321,0.0218846987116321,0.6500586232882604,hold
292,2021-03-03,0,1,-0.0108129305241382,-0.0108129305241382,0.6430295845580275,hold
293,2021-03-04,0,1,-0.0094591045289524,-0.0094591045289524,0.6369471005024843,hold
294,2021-03-05,0,1,0.0012117060677612,0.0012117060677612,0.6377188931690061,hold
295,2021-03-08,-1,-1,0.0095077756017913,-0.0095077756017913,0.6303801672493945,flip
296,2021-03-09,0,-1,0.0050600998838219,-0.0050600998838219,0.6271903806383322,hold
297,2021-03-10,0,-1,-0.0094795062357636,0.0094795062357636,0.6331358357626042,hold
298,2021-03-12,0,-1,-0.006749419963093,0.006749419963093,0.63740913541185,hold
299,2021-03-15,-1,-1,-0.0012759841044576,0.0012759841044576,0.6382224593366715,hold
300,2021-03-16,-1,-1,-0.0126857598628687,0.0126857598628687,0.6463187961949061,hold
301,2021-03-17,1,1,-0.0111029730717429,-0.0111029730717429,0.6378500984126029,flip
302,2021-03-18,0,1,0.0127869428260285,0.0127869428260285,0.6460062511525815,hold
303,2021-03-19,0,1,-0.0005154374236977,-0.0005154374236977,0.6456732753547948,hold
304,2021-03-22,-1,-1,0.0053167399974314,-0.0053167399974314,0.6409490518757338,flip
305,2021-03-23,0,-1,-0.0179111769942118,0.0179111769942118,0.6524292037881523,hold
306,2021-03-24,0,-1,-0.0154301891468089,0.0154301891468089,0.6624963098075054,hold
307,2021-03-25,0,-1,0.0127330319296232,-0.0127330319296232,0.6540607231414689,hold
308,2021-03-26,-1,-1,0.0232848158675504,-0.0232848158675504,0.638831039636923,hold
309,2021-03-30,-1,-1,-0.0104006990943323,0.0104006990943323,0.6454753290523062,hold
310,2021-03-31,0,-1,0.0120245741669184,-0.0120245741669184,0.6377137630852007,hold
311,2021-04-01,1,1,-0.015439860548026,-0.015439860548026,0.6265921239874378,flip
312,2021-04-05,0,1,0.0031220672452334,0.0031220672452334,0.6285483867338603,hold
313,2021-04-06,-1,-1,0.0092314369658119,-0.0092314369658119,0.6214888851482961,flip
314,2021-04-07,1,1,0.0036945688638336,0.0036945688638336,0.6225420408622871,flip
315,2021-04-08,-1,-1,-0.0026187118170183,0.0026187118170183,0.6229272149795593,flip
316,2021-04-09,-1,-1,-0.0353255893040076,0.0353255893040076,0.6449324859422164,hold
317,2021-04-12,0,-1,0.0135561955060299,-0.0135561955060299,0.6361896550745938,hold
318,2021-04-13,-1,-1,0.0052844845607746,-0.0052844845607746,0.6328277206646276,hold
319,2021-04-15,0,-1,0.0024962821650071,-0.0024962821650071,0.6312480041120103,hold
320,2021-04-16,0,-1,-0.0176769785548196,0.0176769785548196,0.642406561543471,hold
321,2021-04-19,0,-1,-0.004390823034999,0.004390823034999,0.6452272550717305,hold
322,2021-04-20,-1,-1,0.0076767575754221,-0.0076767575754221,0.6402740018534898,hold
323,2021-04-22,0,-1,-0.0044981330537942,0.0044981330537942,0.6431540395047121,hold
324,2021-04-23,0,-1,0.0100165182871698,-0.0100165182871698,0.636711875306546,hold
325,2021-04-26,-1,-1,0.011601643402658,-0.011601643402658,0.6293249711790019,hold
326,2021-04-27,0,-1,0.014433855260107,-0.014433855260107,0.6202413856334331,hold
327,2021-04-28,0,-1,0.0020418099664161,-0.0020418099664161,0.618974970590663,hold
328,2021-04-29,0,-1,-0.0177108120451774,0.0177108120451774,0.6299375199554634,hold
329,2021-04-30,0,-1,0.0002085134632017,-0.0002085134632017,0.6298061695015769,hold
330,2021-05-03,-1,-1,-0.0094061074234402,0.0094061074234402,0.635730193987854,hold
331,2021-05-04,0,-1,0.0083709591539336,-0.0083709591539336,0.6304085225010594,hold
332,2021-05-05,0,-1,0.0073164109749706,-0.0073164109749706,0.6257961946683176,hold
333,2021-05-06,1,1,0.0066792477481554,0.0066792477481554,0.6287244501030236,flip
334,2021-05-07,0,1,0.0080414227481215,0.0080414227481215,0.6337802891983823,hold
335,2021-05-10,0,1,-0.0061302011912188,-0.0061302011912188,0.6298950885145673,hold
336,2021-05-11,0,1,-0.0103866808073666,-0.0103866808073666,0.6233525692880386,hold
337,2021-05-12,0,1,-0.0012724250884564,-0.0012724250884564,0.6225593998399228,hold
338,2021-05-14,-1,-1,0.0167157604819725,-0.0167157604819725,0.6109077272267183,flip
339,2021-05-17,0,-1,0.012393443335275,-0.012393443335275,0.6033364769262523,hold
340,2021-05-18,-1,-1,-0.0051594324081388,0.0051594324081388,0.6064493506983178,hold
341,2021-05-19,-1,-1,-0.0082567760609306,0.0082567760609306,0.6114566671793307,hold
342,2021-05-20,-1,-1,0.0180631356749747,-0.0180631356749747,0.6004118424407026,hold
343,2021-05-21,0,-1,0.0014761086049899,-0.0014761086049899,0.599525569353538,hold
344,2021-05-24,0,-1,0.0007073438653115,-0.0007073438653115,0.5991014986199583,hold
345,2021-05-25,-1,-1,0.0061150215048646,-0.0061150215048646,0.5954379800723006,hold
346,2021-05-26,0,-1,0.0023788211965458,-0.0023788211965458,0.5940215395840762,hold
347,2021-05-27,1,1,0.006376433707514,0.006376433707514,0.5966212354729014,flip
348,2021-05-28,0,1,0.0095330880357249,0.0095330880357249,0.6023088782346475,hold
349,2021-05-31,0,1,-0.0005101904286871,-0.0005101904286871,0.602001586009859,hold
350,2021-06-01,-1,-1,8.67158252806366e-05,-8.67158252806366e-05,0.6007453797734882,flip
351,2021-06-02,-1,-1,0.0073284506253876,-0.0073284506253876,0.5963428469193884,hold
352,2021-06-03,0,-1,-0.0012810173052479,0.0012810173052479,0.5971067724261531,hold
353,2021-06-04,-1,-1,0.0051945814919991,-0.0051945814919991,0.5940050526373608,hold
354,2021-06-07,-1,-1,-0.0007333060957773,0.0007333060957773,0.5944406401633823,hold
355,2021-06-08,-1,-1,-0.0066549769442125,0.0066549769442125,0.5983966289183725,hold
356,2021-06-09,-1,-1,0.006549286916079,-0.006549286916079,0.5944775577059717,hold
357,2021-06-10,-1,-1,0.0039141306333496,-0.0039141306333496,0.5921506948865158,hold
358,2021-06-11,-1,-1,0.0007911718082738,-0.0007911718082738,0.5916822019504718,hold
359,2021-06-14,-1,-1,0.0036302135450976,-0.0036302135450976,0.589534269206558,hold
360,2021-06-15,-1,-1,-0.0064086327528081,0.0064086327528081,0.593312377833098,hold
361,2021-06-16,1,1,-0.0048295020472909,-0.0048295020472909,0.5892603497340038,flip
362,2021-06-17,-1,-1,-0.0005130696464038,0.0005130696464038,0.5883841606338135,flip
363,2021-06-18,-1,-1,0.0040265882096546,-0.0040265882096546,0.5860149799098578,hold
364,2021-06-21,0,-1,0.0016670371193598,-0.0016670371193598,0.5850380711858473,hold
365,2021-06-22,0,-1,-0.0054397492312691,0.0054397492312691,0.5882205315838436,hold
366,2021-06-23,1,1,0.0065978407983298,0.0065978407983298,0.590925075942375,flip
367,2021-06-24,0,1,0.0044266891189239,0.0044266891189239,0.5935409175461485,hold
368,2021-06-25,-1,-1,-0.0028782098242977,0.0028782098242977,0.5940621710110602,flip
369,2021-06-28,1,1,-0.0041891404314852,-0.0041891404314852,0.5903854368096397,flip
370,2021-06-29,1,1,-0.0017112919035373,-0.0017112919035373,0.5893751149916611,hold
371,2021-06-30,-1,-1,-0.002639697229908,0.002639697229908,0.589752136620098,flip
372,2021-07-01,1,1,0.0026913389867666,0.0026913389867666,0.5901598552646724,flip
373,2021-07-02,1,1,0.007133188273225,0.007133188273225,0.5943695766235746,hold
374,2021-07-05,1,1,-0.0010167521731027,-0.0010167521731027,0.5937652500649164,hold
375,2021-07-06,-1,-1,0.0038816171589777,-0.0038816171589777,0.5902729501817299,flip
376,2021-07-07,0,-1,-0.0095562557277451,0.0095562557277451,0.595913749442837,hold
377,2021-07-08,0,-1,-0.0024224839292732,0.0024224839292732,0.5973573409240953,hold
378,2021-07-09,1,1,0.0001784474449868,0.0001784474449868,0.5962692231334792,flip
379,2021-07-12,1,1,0.0076309854951284,0.0076309854951284,0.6008193449264022,hold
380,2021-07-13,1,1,0.0026308921169333,0.0026308921169333,0.6024000358046702,hold
381,2021-07-14,1,1,0.0044310723280038,0.0044310723280038,0.6050693139337128,hold
382,2021-07-15,1,1,-5.0225736783704455e-05,-5.0225736783704455e-05,0.6050389238816153,hold
383,2021-07-16,1,1,-0.0107389122803617,-0.0107389122803617,0.5985414639518462,hold
384,2021-07-19,0,1,-0.0076369809214345,-0.0076369809214345,0.5939704142109584,hold
385,2021-07-20,-1,-1,0.0122792331234495,-0.0122792331234495,0.5854889721980083,flip
386,2021-07-22,1,1,0.0020222383267853,0.0020222383267853,0.5855019924931013,flip
387,2021-07-23,-1,-1,-0.0019929055322251,0.0019929055322251,0.5854978386680835,flip
388,2021-07-26,1,1,-0.0049290812026508,-0.0049290812026508,0.5814408765999758,flip
389,2021-07-27,1,1,-0.0023528988583426,-0.0023528988583426,0.58007280502523,hold
390,2021-07-28,-1,-1,0.0043954449546468,-0.0043954449546468,0.5763629813310035,flip
391,2021-07-29,1,1,-0.0009760394990868,-0.0009760394990868,0.574647702332751,flip
392,2021-07-30,-1,-1,0.0077460001364197,-0.0077460001364197,0.5690471857474227,flip
393,2021-08-02,1,1,0.0154609558824161,0.0154609558824161,0.5767071048097818,flip
394,2021-08-03,0,1,0.0079382424678022,0.0079382424678022,0.5812851456406661,hold
395,2021-08-04,0,1,0.0022018725316477,0.0022018725316477,0.5825650614359071,hold
396,2021-08-05,0,1,-0.0034612335015614,-0.0034612335015614,0.5805486677284261,hold
397,2021-08-06,0,1,0.0012347307242392,0.0012347307242392,0.5812654890053865,hold
398,2021-08-09,0,1,0.0013439090538649,0.0013439090538649,0.5820466569587601,hold
399,2021-08-10,-1,-1,0.0001320870680521,-0.0001320870680521,0.5808056828084553,flip
400,2021-08-11,-1,-1,0.0050453954843463,-0.0050453954843463,0.5778752884391308,hold
401,2021-08-12,-1,-1,0.0100644823408473,-0.0100644823408473,0.5720592728034232,hold
402,2021-08-13,0,-1,0.0020540242770237,-0.0020540242770237,0.5708842491691885,hold
403,2021-08-16,-1,-1,0.0031122785775283,-0.0031122785775283,0.5691074983502509,hold
404,2021-08-17,-1,-1,-0.0027536023181795,0.0027536023181795,0.5706745940770015,hold
405,2021-08-18,-1,-1,-0.0071428984006249,0.0071428984006249,0.5747508647223114,hold
406,2021-08-20,-1,-1,0.0027931806783987,-0.0027931806783987,0.5731454817120761,hold
407,2021-08-23,-1,-1,0.0077683620836017,-0.0077683620836017,0.5686930800835565,hold
408,2021-08-24,-1,-1,0.0006045728309951,-0.0006045728309951,0.568349263698163,hold
409,2021-08-25,-1,-1,0.0001352598309651,-0.0001352598309651,0.568272388872826,hold
410,2021-08-26,-1,-1,0.00410526158848,-0.00410526158848,0.5659394820629927,hold
411,2021-08-27,0,-1,0.0135198365217041,-0.0135198365217041,0.5582880727843231,hold
412,2021-08-30,0,-1,0.0118804461754233,-0.0118804461754233,0.5516553613852282,hold
413,2021-08-31,1,1,-0.0032657347743637,-0.0032657347743637,0.5487504905653179,flip
414,2021-09-01,1,1,0.009246783727399,0.009246783727399,0.5538246676718795,hold
415,2021-09-02,-1,-1,0.0051902308336972,-0.0051902308336972,0.5498425404699231,flip
416,2021-09-03,-1,-1,0.0031287476677577,-0.0031287476677577,0.5481222219037938,hold
417,2021-09-06,-1,-1,-0.0009035189246697,0.0009035189246697,0.5486174607043159,hold
418,2021-09-07,-1,-1,-0.0004953092983268,0.0004953092983268,0.5488891960338272,hold
419,2021-09-08,-1,-1,0.0009075978909154,-0.0009075978909154,0.5483910253571607,hold
420,2021-09-09,-1,-1,-0.0008030985074197,0.0008030985074197,0.5488314373711073,hold
421,2021-09-13,-1,-1,0.001423151293159,-0.001423151293159,0.5480503672012863,hold
422,2021-09-14,-1,-1,0.0080235453826236,-0.0080235453826236,0.5436530602080832,hold
423,2021-09-15,-1,-1,0.0062816347635072,-0.0062816347635072,0.5402380302457931,hold
424,2021-09-16,0,-1,-0.0025156476006126,0.0025156476006126,0.5415970787503406,hold
425,2021-09-17,-1,-1,-0.010705054879733,0.010705054879733,0.547394905201066,hold
426,2021-09-20,-1,-1,0.0094901738624639,-0.0094901738624639,0.542200032379281,hold
427,2021-09-21,-1,-1,-0.0008740239935656,0.0008740239935656,0.5426739282168926,hold
428,2021-09-22,-1,-1,0.0157465283671818,-0.0157465283671818,0.5341286978120954,hold
429,2021-09-23,-1,-1,0.0016972499684944,-0.0016972499684944,0.5332221478965619,hold
430,2021-09-24,-1,-1,0.0001064453827974,-0.0001064453827974,0.533165388860913,hold
431,2021-09-27,1,1,-0.0059646824901542,-0.0059646824901542,0.5289188958238962,flip
432,2021-09-28,-1,-1,-0.0021015082285871,0.0021015082285871,0.5289725854440775,flip
433,2021-09-29,-1,-1,-0.0052593760207388,0.0052593760207388,0.5317546511755904,hold
434,2021-09-30,-1,-1,-0.0048869834497958,0.0048869834497958,0.5343533273552374,hold
435,2021-10-01,0,-1,0.0090804675811375,-0.0090804675811375,0.5295011492893152,hold
436,2021-10-04,0,-1,0.0074076609199462,-0.0074076609199462,0.5255787843186582,hold
437,2021-10-05,0,-1,-0.0098921448702895,0.0098921448702895,0.5307778857938891,hold
438,2021-10-06,0,-1,0.0081803020160375,-0.0081803020160375,0.5264359623846612,hold
439,2021-10-07,0,-1,0.0058936227604964,-0.0058936227604964,0.5233333474148071,hold
440,2021-10-08,0,-1,0.0028359561343596,-0.0028359561343596,0.5218491969978911,hold
441,2021-10-11,0,-1,0.0025632525445875,-0.0025632525445875,0.5205115657157954,hold
442,2021-10-12,-1,-1,0.0094375978492116,-0.0094375978492116,0.5155991868827062,hold
443,2021-10-13,0,-1,0.0097347877407187,-0.0097347877407187,0.510579938239116,hold
444,2021-10-14,0,-1,0.0075523961327199,-0.0075523961327199,0.5067238362881146,hold
445,2021-10-18,-1,-1,-0.0031553077349963,0.0031553077349963,0.5083227059282615,hold
446,2021-10-19,-1,-1,-0.00826062521208,0.00826062521208,0.5125217692887252,hold
447,2021-10-20,0,-1,-0.0048449082967022,0.0048449082967022,0.5150048902609926,hold
448,2021-10-21,-1,-1,-0.0034766680845673,0.0034766680845673,0.5167953913263591,hold
449,2021-10-22,-1,-1,0.0005796333280105,-0.0005796333280105,0.5164958394937841,hold
450,2021-10-25,-1,-1,0.0078894808897,-0.0078894808897,0.5124209554384883,hold
451,2021-10-26,-1,-1,-0.0031448386638428,0.0031448386638428,0.5140324366713146,hold
452,2021-10-27,-1,-1,-0.0194223384240636,0.0194223384240636,0.5240161486172908,hold
453,2021-10-28,0,-1,-0.0103935157639054,0.0103935157639054,0.5294625187184857,hold
454,2021-10-29,0,-1,0.0145996550575078,-0.0145996550575078,0.5217325485793165,hold
455,2021-11-01,-1,-1,-0.0022700482713416,0.0022700482713416,0.5229169066493217,hold
456,2021-11-02,-1,-1,-0.0033400508475575,0.0033400508475575,0.5246634757065778,hold
457,2021-11-03,1,1,0.0049133761659847,0.0049133761659847,0.5261920177718641,flip
458,2021-11-04,1,1,0.0084697040421863,0.0084697040421863,0.5306487084317526,hold
459,2021-11-08,0,1,-0.0013449214352717,-0.0013449214352717,0.5299350276091835,hold
460,2021-11-09,-1,-1,-0.0014991358050348,0.0014991358050348,0.5296696021281961,flip
461,2021-11-10,-1,-1,-0.007970140510272,0.007970140510272,0.5338911432811777,hold
462,2021-11-11,-1,-1,0.0128206066843303,-0.0128206066843303,0.5270463349209223,hold
463,2021-11-12,-1,-1,0.0003700663573213,-0.0003700663573213,0.5268512928036186,hold
464,2021-11-15,-1,-1,-0.0060879819517564,0.0060879819517564,0.5300587539654665,hold
465,2021-11-16,1,1,-0.005586294529162,-0.005586294529162,0.5260375721401239,flip
466,2021-11-17,1,1,-0.0074781956434608,-0.0074781956434608,0.522103760259849,hold
467,2021-11-18,1,1,-0.0196033721001568,-0.0196033721001568,0.511868765972584,hold
468,2021-11-22,0,1,0.0049836979327988,0.0049836979327988,0.5144197652834259,hold
469,2021-11-23,-1,-1,-0.0050446817378146,0.0050446817378146,0.5159860097483553,flip
470,2021-11-24,0,-1,0.006959452503032,-0.006959452503032,0.5123950296212826,hold
471,2021-11-25,-1,-1,-0.0290712541877539,0.0290712541877539,0.5272909957719445,hold
472,2021-11-26,1,1,0.0016151341742889,0.0016151341742889,0.5270880594874667,flip
473,2021-11-29,-1,-1,-0.004148599194972,0.004148599194972,0.5282205604677608,flip
474,2021-11-30,1,1,0.0108166411704213,0.0108166411704213,0.5328776916082438,flip
475,2021-12-01,-1,-1,0.0136745711024337,-0.0136745711024337,0.5245250623422296,flip
476,2021-12-02,-1,-1,-0.0117776858673942,0.0117776858673942,0.5307027537560717,hold
477,2021-12-03,-1,-1,-0.0165409195759996,0.0165409195759996,0.5394810653247124,hold
478,2021-12-06,-1,-1,0.0156365485816494,-0.0156365485816494,0.5310454434378825,hold
479,2021-12-07,-1,-1,0.0170609485278816,-0.0170609485278816,0.5219853044614227,hold
480,2021-12-08,-1,-1,0.0026960665936832,-0.0026960665936832,0.5205779973196707,hold
481,2021-12-09,-1,-1,-0.0003167708948091,0.0003167708948091,0.5207429012776995,hold
482,2021-12-10,-1,-1,-0.0081690551168631,0.0081690551168631,0.5249968787399523,hold
483,2021-12-13,0,-1,-0.0024959111813221,0.0024959111813221,0.5263072243197585,hold
484,2021-12-14,1,1,-0.0059740603216401,-0.0059740603216401,0.5221104187653178,flip
485,2021-12-15,0,1,0.0015678167505297,0.0015678167505297,0.5229289922254842,hold
486,2021-12-16,-1,-1,-0.01525945397337,0.01525945397337,0.5298627451292387,flip
487,2021-12-17,0,-1,-0.0218425462793778,0.0218425462793778,0.5414362966614423,hold
488,2021-12-20,0,-1,0.009428705444209,-0.009428705444209,0.5363312533034182,hold
489,2021-12-21,-1,-1,0.0110071709945933,-0.0110071709945933,0.530427763488563,hold
490,2021-12-22,-1,-1,0.0069093062126275,-0.0069093062126275,0.5267628756469414,hold
491,2021-12-23,-1,-1,-0.0040327548791804,0.0040327548791804,0.5288871812038776,hold
492,2021-12-24,-1,-1,0.0048518709108285,-0.0048518709108285,0.5263210888742844,hold
493,2021-12-27,0,-1,0.0086034091740434,-0.0086034091740434,0.5217929331897708,hold
494,2021-12-28,0,-1,-0.0011402602889762,0.0011402602889762,0.5223879129505555,hold
495,2021-12-29,-1,-1,-0.0005606259494814,0.0005606259494814,0.5226807771702511,hold
496,2021-12-30,-1,-1,0.0087248317576065,-0.0087248317576065,0.5181204753265056,hold
497,2021-12-31,0,-1,0.0156533158122078,-0.0156533158122078,0.5100101718974487,hold
498,2022-01-03,0,-1,0.0101868742352642,-0.0101868742352642,0.5048147624176239,hold
499,2022-01-04,-1,-1,0.006739585234692,-0.006739585234692,0.5014125202985795,hold
500,2022-01-05,-1,-1,-0.0100054174627969,0.0100054174627969,0.5064293618852399,hold
501,2022-01-06,-1,-1,0.0037641836511315,-0.0037641836511315,0.5045230687607786,hold
502,2022-01-07,-1,-1,0.0107003189218717,-0.0107003189218717,0.49912451102159683,hold
503,2022-01-10,-1,-1,0.0029133112526023,-0.0029133112526023,0.497670405967188,hold
504,2022-01-11,-1,-1,0.0086731157318304,-0.0086731157318304,0.49335405293992757,hold
505,2022-01-12,0,-1,0.0024956237305924,-0.0024956237305924,0.4921228268578267,hold
506,2022-01-13,-1,-1,-0.0001123235637506,0.0001123235637506,0.4921781038475424,hold
507,2022-01-14,-1,-1,0.0028675682661627,-0.0028675682661627,0.490766749535649,hold
508,2022-01-17,-1,-1,-0.0106536905679234,0.0106536905679234,0.49599522662622736,hold
509,2022-01-18,0,-1,-0.0096422404339412,0.0096422404339412,0.5007777318554446,hold
510,2022-01-19,0,-1,-0.010112406160797,0.010112406160797,0.5058417996762495,hold
511,2022-01-20,-1,-1,-0.0078757453046686,0.0078757453046686,0.5098256808549548,hold
512,2022-01-21,-1,-1,-0.0265679051873833,0.0265679051873833,0.5233706812060024,hold
513,2022-01-24,0,-1,0.0075134912216943,-0.0075134912216943,0.5194383401870689,hold
514,2022-01-25,-1,-1,-0.0097117329146276,0.0097117329146276,0.5244829866125832,hold
515,2022-01-27,1,1,-0.0004793161771092,-0.0004793161771092,0.523182627459256,flip
516,2022-01-28,-1,-1,0.0139107178709299,-0.0139107178709299,0.51485841627878,flip
517,2022-01-31,-1,-1,0.0136679386118703,-0.0136679386118703,0.5078213630512769,hold
518,2022-02-01,-1,-1,0.0115578385853996,-0.0115578385853996,0.5019520457069127,hold
519,2022-02-02,-1,-1,-0.0123622486642295,0.0123622486642295,0.5081573017134602,hold
520,2022-02-03,0,-1,-0.0024998826581151,0.0024998826581151,0.5094276353396082,hold
521,2022-02-04,-1,-1,-0.0172811129276234,0.0172811129276234,0.5182311118343641,hold
522,2022-02-07,-1,-1,0.0030876976246183,-0.0030876976246183,0.5166309708613499,hold
523,2022-02-08,-1,-1,0.0114121523303458,-0.0114121523303458,0.5107350995233058,hold
524,2022-02-09,-1,-1,0.008133901085124,-0.008133901085124,0.5065808307430822,hold
525,2022-02-10,-1,-1,-0.0131262969128136,0.0131262969128136,0.5132303611377558,hold
526,2022-02-11,-1,-1,-0.0306162228952934,0.0306162228952934,0.5289435362709812,hold
527,2022-02-14,0,-1,0.0302591263839775,-0.0302591263839775,0.5129381669569696,hold
528,2022-02-15,-1,-1,-0.0017432697608654,0.0017432697608654,0.5138323565526194,hold
529,2022-02-16,-1,-1,-0.0010160147191904,0.0010160147191904,0.5143544177900732,hold
530,2022-02-17,-1,-1,-0.0016353356196504,0.0016353356196504,0.5151955598906098,hold
531,2022-02-18,1,1,-0.004031556958107,-0.004031556958107,0.5120881285265658,flip
532,2022-02-21,1,1,-0.0066515660675804,-0.0066515660675804,0.5086819405072478,hold
533,2022-02-22,0,1,-0.0016937094155936,-0.0016937094155936,0.5078203811150683,hold
534,2022-02-23,-1,-1,-0.0477810384708364,0.0477810384708364,0.5310689255191721,flip
535,2022-02-24,0,-1,0.0252616601096495,-0.0252616601096495,0.51765324282791,hold
536,2022-02-25,-1,-1,0.0081340342903666,-0.0081340342903666,0.5134426336002283,hold
537,2022-02-28,-1,-1,-0.0111916331229355,0.0111916331229355,0.519188895185156,hold
538,2022-03-02,1,1,-0.006497577228417,-0.006497577228417,0.5147770474521836,flip
539,2022-03-03,1,1,-0.0153170320073322,-0.0153170320073322,0.5068921909397185,hold
540,2022-03-04,-1,-1,-0.0235266847399477,0.0235266847399477,0.5178038993312192,flip
541,2022-03-07,1,1,0.0094747765094835,0.0094747765094835,0.5216743677544592,flip
542,2022-03-08,-1,-1,0.0207262900882942,-0.0207262900882942,0.5098186447412438,flip
543,2022-03-09,-1,-1,0.0152673871904744,-0.0152673871904744,0.5020350460950563,hold
544,2022-03-10,1,1,0.0021421537513466,0.0021421537513466,0.5021064122601663,flip
545,2022-03-11,-1,-1,0.014482565042708,-0.014482565042708,0.49383041066172734,flip
546,2022-03-14,-1,-1,-0.0123464565033122,0.0123464565033122,0.49992746634697516,hold
547,2022-03-15,-1,-1,0.0187451004846066,-0.0187451004846066,0.4905562757552863,hold
548,2022-03-16,-1,-1,0.0183619883565082,-0.0183619883565082,0.4815486871316558,hold
549,2022-03-17,-1,-1,-0.0098022024704637,0.0098022024704637,0.48626892486230616,hold
550,2022-03-21,0,-1,0.0115612232521558,-0.0115612232521558,0.4806470612613873,hold
551,2022-03-22,-1,-1,-0.004033935455228,0.004033935455228,0.4825859604832607,hold
552,2022-03-23,-1,-1,-0.0013278937068936,0.0013278937068936,0.48322678334322167,hold
553,2022-03-24,-1,-1,-0.0040498758909001,0.0040498758909001,0.48518379184292054,hold
554,2022-03-25,-1,-1,0.0040226199498629,-0.0040226199498629,0.4832320818425031,hold
555,2022-03-28,-1,-1,0.005998187274997,-0.005998187274997,0.4803335653183251,hold
556,2022-03-29,-1,-1,0.0099824655821947,-0.0099824655821947,0.475538652034562,hold
557,2022-03-30,-1,-1,-0.0019144771620018,0.0019144771620018,0.47644905992353137,hold
558,2022-03-31,-1,-1,0.0117779652585923,-0.0117779652585923,0.47083745944826305,hold
559,2022-04-01,-1,-1,0.0216718413399843,-0.0216718413399843,0.460633544730179,hold
560,2022-04-04,-1,-1,-0.005317557796472,0.005317557796472,0.46308299022727545,hold
561,2022-04-05,-1,-1,-0.0083391803235717,0.0083391803235717,0.4669447227875595,hold
562,2022-04-06,-1,-1,-0.0094397411049521,0.0094397411049521,0.4713525600809977,hold
563,2022-04-07,-1,-1,0.0082087593907955,-0.0082087593907955,0.4674833403270573,hold
564,2022-04-08,-1,-1,-0.006151497975913,0.006151497975913,0.47035906314885223,hold
565,2022-04-11,-1,-1,-0.0081838106412522,0.0081838106412522,0.4742083926550592,hold
566,2022-04-12,-1,-1,-0.0031174816283502,0.0031174816283502,0.4756867286071708,hold
567,2022-04-13,-1,-1,-0.0172811880101475,0.0172811880101475,0.4839071603981634,hold
568,2022-04-18,0,-1,-0.0125191788064678,0.0125191788064678,0.4899652806649181,hold
569,2022-04-19,0,-1,0.010490244596548,-0.010490244596548,0.4848254250269268,hold
570,2022-04-20,-1,-1,0.014941678252146,-0.014941678252146,0.47758131951771454,hold
571,2022-04-21,-1,-1,-0.0126864526051679,0.0126864526051679,0.4836401322928896,hold
572,2022-04-22,0,-1,-0.0126951225643019,0.0126951225643019,0.48978000304936303,hold
573,2022-04-25,-1,-1,0.0145601216162072,-0.0145601216162072,0.48264874663977797,hold
574,2022-04-26,-1,-1,-0.0094414436101153,0.0094414436101153,0.4872056475646703,hold
575,2022-04-27,0,-1,0.0121285088909346,-0.0121285088909346,0.4812965695364686,hold
576,2022-04-28,-1,-1,-0.0082632403816946,0.0082632403816946,0.48527363878543345,hold
577,2022-04-29,1,1,-0.0019559171203674,-0.0019559171203674,0.4833539364896992,flip
578,2022-05-02,-1,-1,-0.0229361834519363,0.0229361834519363,0.49347352317626314,flip
579,2022-05-04,-1,-1,0.0003028482136697,-0.0003028482136697,0.49332407560127595,hold
580,2022-05-05,-1,-1,-0.0162684216398562,0.0162684216398562,0.5013496796682497,hold
581,2022-05-06,1,1,-0.0066661826871809,-0.0066661826871809,0.4970048917540851,flip
582,2022-05-09,1,1,-0.0037909688880922,-0.0037909688880922,0.49512076167221575,hold
583,2022-05-10,1,1,-0.0044919933245182,-0.0044919933245182,0.49289668251595375,hold
584,2022-05-11,1,1,-0.0222117521417858,-0.0222117521417858,0.4819485835724009,hold
585,2022-05-12,1,1,-0.0016352232651188,-0.0016352232651188,0.48116049003595224,hold
586,2022-05-13,-1,-1,0.0038112305721171,-0.0038112305721171,0.47836435548616046,flip
587,2022-05-16,-1,-1,0.0263219359020472,-0.0263219359020472,0.4657728795832296,hold
588,2022-05-17,1,1,-0.0011685620062508,-0.0011685620062508,0.4642970493334401,flip
589,2022-05-18,-1,-1,-0.0265327253341793,0.0265327253341793,0.47568752131820735,flip
590,2022-05-19,-1,-1,0.0288910387942893,-0.0288910387942893,0.4619444146858437,hold
591,2022-05-20,-1,-1,-0.0031630222318707,0.0031630222318707,0.4634055551393835,hold
592,2022-05-23,1,1,-0.0055227542667355,-0.0055227542667355,0.45991946902222974,flip
593,2022-05-24,-1,-1,-0.0061612191843656,0.0061612191843656,0.4618332947399883,flip
594,2022-05-25,-1,-1,0.0090073873189953,-0.0090073873189953,0.4576733833774575,hold
595,2022-05-26,0,-1,0.0112738471989222,-0.0112738471989222,0.4525136435862463,hold
596,2022-05-27,-1,-1,0.0188932050929628,-0.0188932050929628,0.44396421051060747,hold
597,2022-05-30,1,1,-0.0046124339835348,-0.0046124339835348,0.4410285264775539,flip
598,2022-05-31,0,1,-0.0037264067061659,-0.0037264067061659,0.4393850748188775,hold
599,2022-06-01,-1,-1,0.0063700049931154,-0.0063700049931154,0.43570741954874315,flip
600,2022-06-02,0,-1,-0.0026280502014673,0.0026280502014673,0.436852480520469,hold
601,2022-06-03,-1,-1,-0.0008893953501298,0.0008893953501298,0.4372410150853366,hold
602,2022-06-06,-1,-1,-0.0092459460064759,0.0092459460064759,0.4412837219026324,hold
603,2022-06-07,-1,-1,-0.0036609606157923,0.0036609606157923,0.44289924422890814,hold
604,2022-06-08,-1,-1,0.0074497277416889,-0.0074497277416889,0.439599765442403,hold
605,2022-06-09,-1,-1,-0.0167676984141,0.0167676984141,0.4469708417322503,hold
606,2022-06-10,0,-1,-0.0263797491152091,0.0263797491152091,0.4587618203989609,hold
607,2022-06-13,0,-1,-0.0026816094559853,0.0026816094559853,0.45999204043458786,hold
608,2022-06-14,1,1,-0.002539344381356,-0.002539344381356,0.45790397815037265,flip
609,2022-06-15,-1,-1,-0.0211284478542902,0.0211284478542902,0.46666297051869404,flip
610,2022-06-16,1,1,-0.0043682936266399,-0.0043682936266399,0.463691123697751,flip
611,2022-06-17,1,1,0.0037042135956451,0.0037042135956451,0.4654087346623322,hold
612,2022-06-20,-1,-1,0.018804337854487,-0.018804337854487,0.45572621410598774,flip
613,2022-06-21,1,1,-0.0144192650853174,-0.0144192650853174,0.4482435245902534,flip
614,2022-06-22,-1,-1,0.0093004475196092,-0.0093004475196092,0.4431781721646166,flip
615,2022-06-23,-1,-1,0.0091664725885294,-0.0091664725885294,0.43911579159763503,hold
616,2022-06-24,-1,-1,0.008458990377725,-0.008458990377725,0.43540131534180354,hold
617,2022-06-27,-1,-1,0.0011464333961117,-0.0011464333961117,0.4349021567331848,hold
618,2022-06-28,-1,-1,-0.0032239710103227,0.0032239710103227,0.43630426867881944,hold
619,2022-06-29,-1,-1,-0.0011930812414028,0.0011930812414028,0.4368248151173241,hold
620,2022-06-30,-1,-1,-0.0017870563085186,0.0017870563085186,0.4376054456588969,hold
621,2022-07-01,-1,-1,0.0052881882498054,-0.0052881882498054,0.4352913056831127,hold
622,2022-07-04,1,1,-0.0015471713984448,-0.0015471713984448,0.4337472528136018,flip
623,2022-07-05,-1,-1,0.0113181897073002,-0.0113181897073002,0.42797052461560997,flip
624,2022-07-06,-1,-1,0.0089494920315105,-0.0089494920315105,0.42414040581584117,hold
625,2022-07-07,0,-1,0.0054360478665673,-0.0054360478665673,0.421834758267681,hold
626,2022-07-08,0,-1,-0.0002835659276332,0.0002835659276332,0.42195437623221715,hold
627,2022-07-11,1,1,-0.0097249750439381,-0.0097249750439381,0.4170069717012139,flip
628,2022-07-12,0,1,-0.0057072925015229,-0.0057072925015229,0.41462699093854083,hold
629,2022-07-13,0,1,-0.0017536552323109,-0.0017536552323109,0.41389987814642415,hold
630,2022-07-14,-1,-1,0.0069359576863876,-0.0069359576863876,0.41020128634890674,flip
631,2022-07-15,-1,-1,0.0142873041582765,-0.0142873041582765,0.40434061580472364,hold
632,2022-07-18,0,-1,0.0038117642711243,-0.0038117642711243,0.4027993646920348,hold
633,2022-07-19,-1,-1,0.0110338885069691,-0.0110338885069691,0.39835492141134493,hold
634,2022-07-20,-1,-1,0.005108719746296,-0.005108719746296,0.3963198377582966,hold
635,2022-07-21,-1,-1,0.0068772959606149,-0.0068772959606149,0.3935942289389699,hold
636,2022-07-22,0,-1,-0.0052901993117577,0.0052901993117577,0.3956764208580147,hold
637,2022-07-25,-1,-1,-0.008847958067765,0.008847958067765,0.3991773492381697,hold
638,2022-07-26,-1,-1,0.0095821774414373,-0.0095821774414373,0.395352361047167,hold
639,2022-07-27,-1,-1,0.0172937311236929,-0.0172937311236929,0.3885152436161001,hold
640,2022-07-28,-1,-1,0.0135059538264792,-0.0135059538264792,0.38326797467493773,hold
641,2022-07-29,-1,-1,0.0105955316684394,-0.0105955316684394,0.3792070467117708,hold
642,2022-08-01,-1,-1,0.0003113276638058,-0.0003113276638058,0.37908898906781935,hold
643,2022-08-02,-1,-1,0.0024618083588656,-0.0024618083588656,0.3781557446257783,hold
644,2022-08-03,-1,-1,-0.0003537116074355,0.0003537116074355,0.37828950270207085,hold
645,2022-08-04,-1,-1,0.0008917270739845,-0.0008917270739845,0.3779521717107073,hold
646,2022-08-05,-1,-1,0.0073343646716481,-0.0073343646716481,0.3751801326549396,hold
647,2022-08-08,-1,-1,0.0005506610997998,-0.0005506610997998,0.3749735355504688,hold
648,2022-08-10,-1,-1,0.0070859293688247,-0.0070859293688247,0.3723164995623797,hold
649,2022-08-11,0,-1,0.0022170219505635,-0.0022170219505635,0.37149106571029294,hold
650,2022-08-12,-1,-1,0.0071815193435313,-0.0071815193435313,0.36882319543594544,hold
651,2022-08-16,0,-1,0.0066759231988331,-0.0066759231988331,0.36636096010926683,hold
652,2022-08-17,0,-1,0.000682669936052,-0.000682669936052,0.36611085649605707,hold
653,2022-08-18,-1,-1,-0.011029475746944,0.011029475746944,0.37014886730847324,hold
654,2022-08-19,-1,-1,-0.0150773300473388,0.0150773300473388,0.3757297239475317,hold
655,2022-08-22,-1,-1,0.0049626821755044,-0.0049626821755044,0.37386509674369006,hold
656,2022-08-23,-1,-1,0.0015616110795051,-0.0015616110795051,0.37328126486637486,hold
657,2022-08-24,-1,-1,-0.0046861822192667,0.0046861822192667,0.3750305288925771,hold
658,2022-08-25,-1,-1,0.0020802555293466,-0.0020802555293466,0.3742503695611745,hold
659,2022-08-26,1,1,-0.0140099889245538,-0.0140099889245538,0.36825862528948994,flip
660,2022-08-29,0,1,0.0257842637890255,0.0257842637890255,0.37775390282653803,hold
661,2022-08-30,0,1,-0.0121907952721076,-0.0121907952721076,0.37314878233394005,hold
662,2022-09-01,0,1,-0.0001910505934481,-0.0001910505934481,0.3730774920376307,hold
663,2022-09-02,-1,-1,0.0072038500710118,-0.0072038500710118,0.3696437427360473,flip
664,2022-09-05,0,-1,-0.0005774531254664,0.0005774531254664,0.3698571946705993,hold
665,2022-09-06,1,1,-0.0017671004916441,-0.0017671004916441,0.3684639054507176,flip
666,2022-09-07,-1,-1,0.0098925129655895,-0.0098925129655895,0.36408194367779323,flip
667,2022-09-08,0,-1,0.0019439347917691,-0.0019439347917691,0.36337419212042305,hold
668,2022-09-09,1,1,0.005775695663245,0.005775695663245,0.36474618248174734,flip
669,2022-09-12,0,1,0.0074542019299801,0.0074542019299801,0.3674650741791557,hold
670,2022-09-13,0,1,-0.0036690976717561,-0.0036690976717561,0.36611680893103327,hold
671,2022-09-14,0,1,-0.0070179606679163,-0.0070179606679163,0.36354741556609227,hold
672,2022-09-15,-1,-1,-0.0193848531485446,0.0193848531485446,0.3698676339982417,flip
673,2022-09-16,0,-1,0.0052136885924867,-0.0052136885924867,0.367939259334135,hold
674,2022-09-19,-1,-1,0.0110088098852303,-0.0110088098852303,0.3638886859788131,hold
675,2022-09-20,-1,-1,-0.0054950054374517,0.0054950054374517,0.36588825628689375,hold
676,2022-09-21,0,-1,-0.0049975776569025,0.0049975776569025,0.3677168112614361,hold
677,2022-09-22,0,-1,-0.0171556772324205,0.0171556772324205,0.3740252421883722,hold
678,2022-09-23,0,-1,-0.0179513217622564,0.0179513217622564,0.38073948965810156,hold
679,2022-09-26,0,-1,-0.0005230508522044,0.0005230508522044,0.38093863577263515,hold
680,2022-09-27,-1,-1,-0.0087491784653945,0.0087491784653945,0.38427153588137386,hold
681,2022-09-28,1,1,-0.0024023347691036,-0.0024023347691036,0.38257984393818645,flip
682,2022-09-29,1,1,0.016425755966269,0.016425755966269,0.3888640070923284,hold
683,2022-09-30,-1,-1,-0.0121092644487904,0.0121092644487904,0.392795136174641,flip
684,2022-10-03,-1,-1,0.0229136709327191,-0.0229136709327191,0.3837947576803627,hold
685,2022-10-04,1,1,0.0033286441360573,0.0033286441360573,0.3843046843346043,flip
686,2022-10-06,-1,-1,-0.0009895331040011,0.0009895331040011,0.38391635717310685,flip
687,2022-10-07,-1,-1,-0.0042536458411471,0.0042536458411471,0.38554940138914456,hold
688,2022-10-10,1,1,-0.0149323831999303,-0.0149323831999303,0.37902113118231984,flip
689,2022-10-11,-1,-1,0.0082461453396196,-0.0082461453396196,0.3751376255854387,flip
690,2022-10-12,-1,-1,-0.0063800837728176,0.0063800837728176,0.3775310350630097,hold
691,2022-10-13,0,-1,0.0100708880038873,-0.0100708880038873,0.37372896229089847,hold
692,2022-10-14,-1,-1,0.0073375869608156,-0.0073375869608156,0.37098669353031366,hold
693,2022-10-17,-1,-1,0.010117285874136,-0.010117285874136,0.36723331509636703,hold
694,2022-10-18,0,-1,0.0014468379208691,-0.0014468379208691,0.36670198801027915,hold
695,2022-10-19,0,-1,0.002952174549244,-0.002952174549244,0.365619419734118,hold
696,2022-10-20,-1,-1,0.0007032337856462,-0.0007032337856462,0.3653623038054726,hold
697,2022-10-21,-1,-1,0.0087873563767617,-0.0087873563767617,0.36215173503529924,hold
698,2022-10-24,0,-1,-0.004196122026705,0.004196122026705,0.36367136790769033,hold
699,2022-10-25,-1,-1,0.0045649078749665,-0.0045649078749665,0.36201124161642867,hold
700,2022-10-27,-1,-1,0.0028106052447454,-0.0028106052447454,0.36099377092208473,hold
701,2022-10-28,-1,-1,0.0126722303955641,-0.0126722303955641,0.3564191746855966,hold
702,2022-10-31,-1,-1,0.0073950532223929,-0.0073950532223929,0.35378343591931527,hold
703,2022-11-01,0,-1,-0.0034471976315451,0.0034471976315451,0.3550029973416962,hold
704,2022-11-02,-1,-1,-0.0016673473084335,0.0016673473084335,0.35559491063379967,hold
705,2022-11-03,-1,-1,0.0035701681556883,-0.0035701681556883,0.35432537700753003,hold
706,2022-11-04,-1,-1,0.0047275862251119,-0.0047275862251119,0.35265027323598164,hold
707,2022-11-07,-1,-1,-0.0025161392359563,0.0025161392359563,0.3535375904250414,hold
708,2022-11-09,-1,-1,-0.0070937259046097,0.0070937259046097,0.3560454891884928,hold
709,2022-11-10,0,-1,0.0178331732470333,-0.0178331732470333,0.3496960682959697,hold
710,2022-11-11,-1,-1,-0.0011198455015547,0.0011198455015547,0.3500876738649623,hold
711,2022-11-14,-1,-1,0.0040509242609507,-0.0040509242609507,0.3486694952134429,hold
712,2022-11-15,-1,-1,0.0003396111515991,-0.0003396111515991,0.348551083164646,hold
713,2022-11-16,-1,-1,-0.0035714963948192,0.0035714963948192,0.3497959321015789,hold
714,2022-11-17,-1,-1,-0.0019761337135545,0.0019761337135545,0.350487175635869,hold
715,2022-11-18,-1,-1,-0.0080677295405768,0.0080677295405768,0.35331481137633985,hold
716,2022-11-21,0,-1,0.0046393301536886,-0.0046393301536886,0.3516756673181768,hold
717,2022-11-22,-1,-1,0.0012634580983039,-0.0012634580983039,0.3512313398483272,hold
718,2022-11-23,-1,-1,0.0118709498898301,-0.0118709498898301,0.34706189021324985,hold
719,2022-11-24,0,-1,0.0015500019600884,-0.0015500019600884,0.3465239436031473,hold
720,2022-11-25,0,-1,0.0027008413120686,-0.0027008413120686,0.345588037420643,hold
721,2022-11-28,0,-1,0.0029791265437502,-0.0029791265437502,0.3445584869251606,hold
722,2022-11-29,0,-1,0.0075356346254191,-0.0075356346254191,0.3419620200606054,hold
723,2022-11-30,0,-1,0.0028867353340049,-0.0028867353340049,0.34097486621440876,hold
724,2022-12-01,-1,-1,-0.006187396179402,0.006187396179402,0.34308461279889585,hold
725,2022-12-02,-1,-1,0.0002648237856262,-0.0002648237856262,0.34299375583294434,hold
726,2022-12-05,-1,-1,-0.0031175136590962,0.0031175136590962,0.3440630435517382,hold
727,2022-12-06,-1,-1,-0.0044119027503989,0.0044119027503989,0.34558101623989473,hold
728,2022-12-07,-1,-1,0.0026319123609277,-0.0026319123609277,0.344671477291551,hold
729,2022-12-08,-1,-1,-0.0060587824059793,0.0060587824059793,0.34675976677400794,hold
730,2022-12-09,0,-1,2.977743269738653e-05,-2.977743269738653e-05,0.3467494411583907,hold
731,2022-12-12,1,1,0.0059927938646799,0.0059927938646799,0.3481339401996291,flip
732,2022-12-13,1,1,0.0028106610731943,0.0028106610731943,0.349112426713606,hold
733,2022-12-14,-1,-1,-0.0131509343553336,0.0131509343553336,0.3530053564665206,flip
734,2022-12-15,0,-1,-0.0079229530179417,0.0079229530179417,0.3558022013208866,hold
735,2022-12-16,0,-1,0.0082899566889265,-0.0082899566889265,0.3528526164821117,hold
736,2022-12-19,1,1,-0.0019081205394395,-0.0019081205394395,0.35147362592424297,flip
737,2022-12-20,1,1,-0.0101277196435586,-0.0101277196435586,0.3479139995787772,hold
738,2022-12-21,0,1,-0.0039425027358517,-0.0039425027358517,0.34654234768359676,hold
739,2022-12-22,1,1,-0.0176831602541178,-0.0176831602541178,0.34041438381466954,hold
740,2022-12-23,0,1,0.0116696328935068,0.0116696328935068,0.3443868947054561,hold
741,2022-12-26,-1,-1,0.0065336546149905,-0.0065336546149905,0.34144801589211066,flip
742,2022-12-27,-1,-1,-0.0005405150382313,0.0005405150382313,0.3416325736794746,hold
743,2022-12-28,-1,-1,0.0037798317009243,-0.0037798317009243,0.34034126004741255,hold
744,2022-12-29,-1,-1,-0.0047110779368918,0.0047110779368918,0.34194463424863586,hold
745,2022-12-30,1,1,0.0050895833553579,0.0050895833553579,0.3430011006990644,flip
746,2023-01-02,-1,-1,0.0019289276248581,-0.0019289276248581,0.34165347419917114,flip
747,2023-01-03,-1,-1,-0.0103990694870288,0.0103990694870288,0.34520635241785314,hold
748,2023-01-04,0,-1,-0.0028154392892826,0.0028154392892826,0.3461782599453603,hold
749,2023-01-05,1,1,-0.0073755037054461,-0.0073755037054461,0.34293266438649767,flip
750,2023-01-06,0,1,0.0135362517084902,0.0135362517084902,0.3475746872506965,hold
751,2023-01-09,-1,-1,-0.0103335047509585,0.0103335047509585,0.3504712025582131,flip
752,2023-01-10,0,-1,-0.0010299775022909,0.0010299775022909,0.3508321800120489,hold
753,2023-01-11,-1,-1,-0.0020954755408891,0.0020954755408891,0.35156734026422093,hold
754,2023-01-12,-1,-1,0.0055100959183882,-0.0055100959183882,0.34963017049759243,hold
755,2023-01-13,1,1,-0.0034388470725693,-0.0034388470725693,0.3477285854682997,flip
756,2023-01-16,1,1,0.0088545685118242,0.0088545685118242,0.3508075720518485,hold
757,2023-01-17,1,1,0.00620655632356,0.00620655632356,0.35298487900651965,hold
758,2023-01-18,1,1,-0.003165367099256,-0.003165367099256,0.35186755228397754,hold
759,2023-01-19,1,1,-0.0044289753051891,-0.0044289753051891,0.35030913958421445,hold
760,2023-01-20,1,1,0.0050422760956287,0.0050422760956287,0.3520754949848202,hold
761,2023-01-23,1,1,-1.3798013043020418e-05,-1.3798013043020418e-05,0.35207063704254826,hold
762,2023-01-24,1,1,-0.0124929796250122,-0.0124929796250122,0.34767222574741063,hold
763,2023-01-25,0,1,-0.0160742469061787,-0.0160742469061787,0.34208365654832606,hold
764,2023-01-27,0,1,0.0025334426073457,0.0025334426073457,0.34295030585910224,hold
765,2023-01-30,-1,-1,0.0007479862801675,-0.0007479862801675,0.3420078831238222,flip
766,2023-01-31,-1,-1,-0.0025959245256645,0.0025959245256645,0.34289570977559397,hold
767,2023-02-01,1,1,-0.0003349392530399,-0.0003349392530399,0.34209506912313997,flip
768,2023-02-02,-1,-1,0.0138355963078902,-0.0138355963078902,0.3366777897095861,flip
769,2023-02-03,0,-1,-0.0050101331608701,0.0050101331608701,0.33836459026833854,hold
770,2023-02-06,-1,-1,-0.0024261514654264,0.0024261514654264,0.3391855140148665,hold
771,2023-02-07,-1,-1,0.0084755364246817,-0.0084755364246817,0.3363107348361091,hold
772,2023-02-08,0,-1,0.0012170079483646,-0.0012170079483646,0.33590144199869326,hold
773,2023-02-09,0,-1,-0.0020649578680046,0.0020649578680046,0.33659506432422254,hold
774,2023-02-10,1,1,-0.0047937507000251,-0.0047937507000251,0.3343083213703449,flip
775,2023-02-13,1,1,0.0089443537049958,0.0089443537049958,0.33729849324320466,hold
776,2023-02-14,0,1,0.0047964707944361,0.0047964707944361,0.338916335615053,hold
777,2023-02-15,0,1,0.0011101336008929,0.0011101336008929,0.3392925780271108,hold
778,2023-02-16,-1,-1,-0.0050815676893513,0.0050815676893513,0.3403381310727958,flip
779,2023-02-17,0,-1,-0.0055505184801407,0.0055505184801407,0.3422271841588119,hold
780,2023-02-20,-1,-1,-0.001003126492992,0.001003126492992,0.34257048131386364,hold
781,2023-02-21,-1,-1,-0.0152803631315826,0.0152803631315826,0.3478050826665005,hold
782,2023-02-22,0,-1,-0.0024524349779846,0.0024524349779846,0.34865805201675265,hold
783,2023-02-23,-1,-1,-0.002595429723749,0.002595429723749,0.34956296948838134,hold
784,2023-02-24,1,1,-0.0041854114458053,-0.0041854114458053,0.3474007786958782,flip
785,2023-02-27,1,1,-0.0051027157362857,-0.0051027157362857,0.3456280912756288,hold
786,2023-02-28,0,1,0.008492348770636,0.008492348770636,0.3485632855716707,hold
787,2023-03-01,1,1,-0.0073921687198044,-0.0073921687198044,0.34598664695519554,hold
788,2023-03-02,1,1,0.0157285986298278,0.0157285986298278,0.35142853205643376,hold
789,2023-03-03,1,1,0.0066555236183669,0.0066555236183669,0.3537674729517034,hold
790,2023-03-06,0,1,0.0024250512391459,0.0024250512391459,0.3546253772003545,hold
791,2023-03-08,-1,-1,-0.0092822498999752,0.0092822498999752,0.3572078478180004,flip
792,2023-03-09,0,-1,-0.010045664635585,0.010045664635585,0.36079623806237915,hold
793,2023-03-10,0,-1,-0.0148510359316261,0.0148510359316261,0.36615443595783903,hold
794,2023-03-13,0,-1,-0.0064706805258611,0.0064706805258611,0.3685237043360491,hold
795,2023-03-14,1,1,-0.0041746837386849,-0.0041746837386849,0.36624818701156536,flip
796,2023-03-15,1,1,0.0007924286811309,0.0007924286811309,0.36653841257936554,hold
797,2023-03-16,-1,-1,0.0067381296219788,-0.0067381296219788,0.36333555241881266,flip
798,2023-03-17,-1,-1,-0.0065292432199922,0.0065292432199922,0.3657078586110253,hold
799,2023-03-20,-1,-1,0.007010642946744,-0.007010642946744,0.36314401139148506,hold
800,2023-03-21,-1,-1,0.0025953757489405,-0.0025953757489405,0.3622015162309466,hold
801,2023-03-22,-1,-1,-0.0043726933046436,0.0043726933046436,0.3637853123759014,hold
802,2023-03-23,-1,-1,-0.0077209333285906,0.0077209333285906,0.3665940745186762,hold
803,2023-03-24,-1,-1,0.0023988383407489,-0.0023988383407489,0.36571467459722945,hold
804,2023-03-27,-1,-1,-0.0020016838613549,0.0020016838613549,0.3664467197592313,hold
805,2023-03-28,-1,-1,0.0076098565893214,-0.0076098565893214,0.3636581127742363,hold
806,2023-03-29,1,1,0.0163371989446239,0.0163371989446239,0.36887195148490703,flip
807,2023-03-31,1,1,0.0022062979737611,0.0022062979737611,0.3696857929240455,hold
808,2023-04-03,-1,-1,0.0091389548173612,-0.0091389548173612,0.3655678795800442,flip
809,2023-04-05,0,-1,0.0023978747854371,-0.0023978747854371,0.3646912935792335,hold
810,2023-04-06,-1,-1,0.001414863221935,-0.001414863221935,0.3641753052805884,hold
811,2023-04-10,-1,-1,0.0055747683219642,-0.0055747683219642,0.3621451123250685,hold
812,2023-04-11,0,-1,0.0050839679614469,-0.0050839679614469,0.36030397817661325,hold
813,2023-04-12,0,-1,0.0008757724412713,-0.0008757724412713,0.3599884338820457,hold
814,2023-04-13,-1,-1,-0.0067955121508301,0.0067955121508301,0.3624347396586494,hold
815,2023-04-17,-1,-1,-0.0026373533282438,0.0026373533282438,0.36339060812555934,hold
816,2023-04-18,-1,-1,-0.0023442830162407,0.0023442830162407,0.3642424985564495,hold
817,2023-04-19,-1,-1,0.0003234746363958,-0.0003234746363958,0.3641246753466691,hold
818,2023-04-20,-1,-1,-2.260708945023282e-05,2.260708945023282e-05,0.3641329071457757,hold
819,2023-04-21,-1,-1,0.0067719737565652,-0.0067719737565652,0.36166700865468265,hold
820,2023-04-24,-1,-1,0.0014568576938982,-0.0014568576938982,0.3611401112904949,hold
821,2023-04-25,-1,-1,0.0024958627615121,-0.0024958627615121,0.3602387551350366,hold
822,2023-04-26,-1,-1,0.0056951528101938,-0.0056951528101938,0.3581871403763886,hold
823,2023-04-27,-1,-1,0.0083700136036979,-0.0083700136036979,0.35518910913876856,hold
824,2023-04-28,0,-1,0.0045751669319125,-0.0045751669319125,0.3535640596720614,hold
825,2023-05-02,0,-1,-0.0031850283648763,0.0031850283648763,0.3546901712309177,hold
826,2023-05-03,1,1,0.0091737176073036,0.0091737176073036,0.35723461835741444,flip
827,2023-05-04,0,1,-0.0102324068655403,-0.0102324068655403,0.35357924839592536,hold
828,2023-05-05,0,1,0.0108141231183243,0.0108141231183243,0.35740289792016344,hold
829,2023-05-08,0,1,8.480038171931881e-05,8.480038171931881e-05,0.3574332058223347,hold
830,2023-05-09,-1,-1,0.0026908205008338,-0.0026908205008338,0.3557565508127845,flip
831,2023-05-10,-1,-1,-0.0009882342854272,0.0009882342854272,0.35610812163356304,hold
832,2023-05-11,-1,-1,0.0009728797753729,-0.0009728797753729,0.35576167124417973,hold
833,2023-05-12,-1,-1,0.0045891205221868,-0.0045891205221868,0.3541290380576656,hold
834,2023-05-15,-1,-1,-0.0061063388070606,0.0061063388070606,0.3562914699454642,hold
835,2023-05-16,0,-1,-0.0057282694884204,0.0057282694884204,0.35833240350173723,hold
836,2023-05-17,-1,-1,-0.0028490536527011,0.0028490536527011,0.359353311744815,hold
837,2023-05-18,-1,-1,0.0040513721791914,-0.0040513721791914,0.3578974377351118,hold
838,2023-05-19,-1,-1,0.0060977618257063,-0.0060977618257063,0.35571506440177253,hold
839,2023-05-22,0,-1,0.0018346005688616,-0.0018346005688616,0.35506246934226837,hold
840,2023-05-23,-1,-1,-0.0034117947119577,0.0034117947119577,0.35627386959758495,hold
841,2023-05-24,-1,-1,0.0019551116867164,-0.0019551116867164,0.35557731439146306,hold
842,2023-05-25,0,-1,0.0097264208278746,-0.0097264208278746,0.3521188197948462,hold
843,2023-05-26,0,-1,0.0053677985089635,-0.0053677985089635,0.35022871691897345,hold
844,2023-05-29,0,-1,0.0018925684396833,-0.0018925684396833,0.3495658851026618,hold
845,2023-05-30,-1,-1,-0.0053370195013254,0.0053370195013254,0.35143152504845276,hold
846,2023-05-31,0,-1,-0.0025169624936233,0.0025169624936233,0.35231606501607654,hold
847,2023-06-01,-1,-1,0.0025070443604549,-0.0025070443604549,0.35143279301218033,hold
848,2023-06-02,-1,-1,0.0032237875731377,-0.0032237875731377,0.3502998483412746,hold
849,2023-06-05,-1,-1,0.0002769943144211,-0.0002769943144211,0.3502028172749415,hold
850,2023-06-06,-1,-1,0.0068498516385289,-0.0068498516385289,0.3478039799332133,hold
851,2023-06-07,0,-1,-0.0049048192636628,0.0049048192636628,0.34950989559396833,hold
852,2023-06-08,1,1,-0.0038181972541345,-0.0038181972541345,0.3474763780791307,flip
853,2023-06-09,1,1,0.0020524046550352,0.0020524046550352,0.3481895402150151,hold
854,2023-06-12,-1,-1,0.0061635024393194,-0.0061635024393194,0.3453470940541243,flip
855,2023-06-13,0,-1,0.0021238341844009,-0.0021238341844009,0.3446136340902886,hold
856,2023-06-14,-1,-1,-0.0036149041015322,0.0036149041015322,0.3458593793296055,hold
857,2023-06-15,-1,-1,0.007379048352023,-0.007379048352023,0.3433072662465317,hold
858,2023-06-16,0,-1,-0.0037475183921172,0.0037475183921172,0.344593816540938,hold
859,2023-06-19,0,-1,0.0032657175674986,-0.0032657175674986,0.34346847046060885,hold
860,2023-06-20,-1,-1,0.002133763746672,-0.002133763746672,0.34273558989021513,hold
861,2023-06-21,-1,-1,-0.0045394438174043,0.0045394438174043,0.3442914188447467,hold
862,2023-06-22,1,1,-0.0056336152360657,-0.0056336152360657,0.3416632306242068,flip
863,2023-06-23,0,1,0.0013768299134766,0.0013768299134766,0.34213364278046526,hold
864,2023-06-26,0,1,0.0067519034171119,0.0067519034171119,0.34444369609226366,hold
865,2023-06-27,1,1,0.0082210728123248,0.0082210728123248,0.34727539279758446,hold
866,2023-06-28,0,1,0.0114352747635688,0.0114352747635688,0.35124658233285116,hold
867,2023-06-30,0,1,0.0069570924336936,0.0069570924336936,0.3536902372731598,hold
868,2023-07-03,0,1,0.0034389465191355,0.0034389465191355,0.35490655908348256,hold
869,2023-07-04,-1,-1,0.0004899685388621,-0.0004899685388621,0.35402285291712887,flip
870,2023-07-05,-1,-1,0.0050932175812563,-0.0050932175812563,0.35221973749848484,hold
871,2023-07-06,-1,-1,-0.0084883544577184,0.0084883544577184,0.3552095034773765,hold
872,2023-07-07,-1,-1,0.0012466303397029,-0.0012466303397029,0.35476668853339083,hold
873,2023-07-10,-1,-1,0.0043139300324381,-0.0043139300324381,0.35323624986121804,hold
874,2023-07-11,-1,-1,-0.0028344294714754,0.0028344294714754,0.3542374730982182,hold
875,2023-07-12,-1,-1,0.0015192303855748,-0.0015192303855748,0.35369930476537814,hold
876,2023-07-13,-1,-1,0.0077651149314275,-0.0077651149314275,0.350952789012709,hold
877,2023-07-14,-1,-1,0.0075110132510414,-0.0075110132510414,0.3483167779639446,hold
878,2023-07-17,0,-1,0.0019177068530324,-0.0019177068530324,0.347648808491817,hold
879,2023-07-18,-1,-1,0.0042482823714824,-0.0042482823714824,0.3461718981872343,hold
880,2023-07-19,-1,-1,0.0073614124394989,-0.0073614124394989,0.3436235840697138,hold
881,2023-07-20,-1,-1,-0.011719737128305,0.011719737128305,0.3476507621460969,hold
882,2023-07-21,-1,-1,-0.0036794322929856,0.0036794322929856,0.3489299195870183,hold
883,2023-07-24,-1,-1,0.0004193703428323,-0.0004193703428323,0.34878358872701665,hold
884,2023-07-25,-1,-1,0.0049643391875346,-0.0049643391875346,0.3470521086895302,hold
885,2023-07-26,0,-1,-0.0059863783008722,0.0059863783008722,0.3491296939022611,hold
886,2023-07-27,-1,-1,-0.0007044597937843,0.0007044597937843,0.3493756417344314,hold
887,2023-07-28,-1,-1,0.0054845628365591,-0.0054845628365591,0.3474594690737758,hold
888,2023-07-31,0,-1,-0.0010251191770254,0.0010251191770254,0.3478156564387624,hold
889,2023-08-01,-1,-1,-0.0104897492749598,0.0104897492749598,0.35146415546871057,hold
890,2023-08-02,0,-1,-0.0074206854169113,0.0074206854169113,0.35407226040176426,hold
891,2023-08-03,0,-1,0.0069833892701145,-0.0069833892701145,0.3515996359776294,hold
892,2023-08-04,1,1,0.0041144018676027,0.0041144018676027,0.3523430589045889,flip
893,2023-08-07,1,1,-0.0013497354646058,-0.0013497354646058,0.35186748898227765,hold
894,2023-08-08,-1,-1,0.0031527078847637,-0.0031527078847637,0.35005441859740666,flip
895,2023-08-09,-1,-1,-0.0045562684580157,0.0045562684580157,0.351649360503451,hold
896,2023-08-10,-1,-1,-0.0058741361615907,0.0058741361615907,0.35371499672818457,hold
897,2023-08-11,1,1,0.0003216956578122,0.0003216956578122,0.35312135531327876,flip
898,2023-08-14,-1,-1,0.0015667570139761,-0.0015667570139761,0.35186185724243035,flip
899,2023-08-16,1,1,-0.0051245825841254,-0.0051245825841254,0.3493549883823029,flip
900,2023-08-17,1,1,-0.0028452826260957,-0.0028452826260957,0.34836097470351884,hold
901,2023-08-18,1,1,0.0043215209131937,0.0043215209131937,0.34986642394104067,hold
902,2023-08-21,1,1,0.0001469355577301,0.0001469355577301,0.3499178317591735,hold
903,2023-08-22,1,1,0.0024515199000461,0.0024515199000461,0.3507756622871121,hold
904,2023-08-23,-1,-1,-0.0029469646806212,0.0029469646806212,0.3511078344501195,flip
905,2023-08-24,-1,-1,-0.0062361537740819,0.0062361537740819,0.3532973968970353,hold
906,2023-08-25,-1,-1,0.0020891942389009,-0.0020891942389009,0.35255929001081937,hold
907,2023-08-28,1,1,0.001895758474361,0.001895758474361,0.35252253869255046,flip
908,2023-08-29,1,1,0.0002480956863764,0.0002480956863764,0.35260999801375054,hold
909,2023-08-30,1,1,-0.0048403506033882,-0.0048403506033882,0.350903241997104,hold
910,2023-08-31,1,1,0.0094267101889176,0.0094267101889176,0.3542111051637623,hold
911,2023-09-01,0,1,0.0048108337016425,0.0048108337016425,0.3559151558859802,hold
912,2023-09-04,1,1,0.0023605960187407,0.0023605960187407,0.35675532778597413,hold
913,2023-09-05,1,1,0.0018467726478093,0.0018467726478093,0.3574141737672895,hold
914,2023-09-06,1,1,0.0059150323607803,0.0059150323607803,0.3595282901713246,hold
915,2023-09-07,0,1,0.004709190366575,0.004709190366575,0.36122137733191056,hold
916,2023-09-08,0,1,0.0089001434200508,0.0089001434200508,0.36443629939655287,hold
917,2023-09-11,0,1,-0.0001575482868895,-0.0001575482868895,0.3643788830819026,hold
918,2023-09-12,1,1,0.0038413452699443,0.0038413452699443,0.36577858818089687,hold
919,2023-09-13,-1,-1,0.0016492082399102,-0.0016492082399102,0.3644437859429244,flip
920,2023-09-14,-1,-1,0.0044396138771742,-0.0044396138771742,0.36282579625340233,hold
921,2023-09-15,-1,-1,-0.0029243168460981,0.0029243168460981,0.36388681384158517,hold
922,2023-09-18,-1,-1,-0.011518249945432,0.011518249945432,0.36807815311525943,hold
923,2023-09-20,0,-1,-0.0079919391664983,0.0079919391664983,0.3710198113234736,hold
924,2023-09-21,-1,-1,-0.0034494176591149,0.0034494176591149,0.3722996136125343,hold
925,2023-09-22,-1,-1,1.5288066889551644e-05,-1.5288066889551644e-05,0.3722939218711384,hold
926,2023-09-25,-1,-1,-0.0005007261720755,0.0005007261720755,0.37248033918152396,hold
927,2023-09-26,-1,-1,0.0026316191986632,-0.0026316191986632,0.37150011276980927,hold
928,2023-09-27,-1,-1,-0.0097836296667737,0.0097836296667737,0.37513473229431377,hold
929,2023-09-28,0,-1,0.0058775169171687,-0.0058775169171687,0.3729298715590364,hold
930,2023-09-29,-1,-1,-0.0055784246544688,0.0055784246544688,0.3750102327489292,hold
931,2023-10-03,-1,-1,-0.0047443072713306,0.0047443072713306,0.3767893965229834,hold
932,2023-10-04,1,1,0.0056415841052857,0.0056415841052857,0.37816150680040167,flip
933,2023-10-05,-1,-1,0.0055127073660514,-0.0055127073660514,0.37532049006270524,flip
934,2023-10-06,-1,-1,-0.0071819467588469,0.0071819467588469,0.37801602183983996,hold
935,2023-10-09,-1,-1,0.0090968029762401,-0.0090968029762401,0.3745772845673009,hold
936,2023-10-10,0,-1,0.0061706921287072,-0.0061706921287072,0.3722658834658289,hold
937,2023-10-11,0,-1,-0.0008757409120068,0.0008757409120068,0.37259189193012426,hold
938,2023-10-12,-1,-1,-0.002169809980297,0.002169809980297,0.373400345535812,hold
939,2023-10-13,-1,-1,-0.0009772027556287,0.0009772027556287,0.3737652333824223,hold
940,2023-10-16,-1,-1,0.0040417094276989,-0.0040417094276989,0.3722545829149145,hold
941,2023-10-17,0,-1,-0.0070868127413371,0.0070868127413371,0.374892681436137,hold
942,2023-10-18,0,-1,-0.0023588102112444,0.0023588102112444,0.3757769821212294,hold
943,2023-10-19,-1,-1,-0.0041808960845935,0.0041808960845935,0.3773480666344604,hold
944,2023-10-20,1,1,-0.0133503074255556,-0.0133503074255556,0.3715556578051824,flip
945,2023-10-23,0,1,-0.008277236732921,-0.008277236732921,0.3684802036660727,hold
946,2023-10-25,0,1,-0.0138530649123475,-0.0138530649123475,0.36337562348577157,hold
947,2023-10-26,0,1,0.0100757003274603,0.0100757003274603,0.3670368873743183,hold
948,2023-10-27,-1,-1,0.0049167407696648,-0.0049167407696648,0.3644981883714455,flip
949,2023-10-30,-1,-1,-0.0032026069828995,0.0032026069828995,0.3656655328147781,hold
950,2023-10-31,1,1,-0.0047406245729368,-0.0047406245729368,0.36320071873881077,flip
951,2023-11-01,-1,-1,0.0075885232572669,-0.0075885232572669,0.35971816020012765,flip
952,2023-11-02,-1,-1,0.0050879808383312,-0.0050879808383312,0.35788792109382966,hold
953,2023-11-03,-1,-1,0.0094199033989916,-0.0094199033989916,0.3545166514494599,hold
954,2023-11-06,-1,-1,-0.0002601919584787,0.0002601919584787,0.3546088938313138,hold
955,2023-11-07,-1,-1,0.0018962926582819,-0.0018962926582819,0.35393645158938,hold
956,2023-11-08,-1,-1,-0.002478937369815,0.002478937369815,0.35481383788576465,hold
957,2023-11-09,1,1,0.0015492839458333,0.0015492839458333,0.354653917592789,flip
958,2023-11-10,-1,-1,0.0009369804014345,-0.0009369804014345,0.353612305987527,flip
959,2023-11-13,-1,-1,0.0119267535086042,-0.0119267535086042,0.34939485917640467,hold
960,2023-11-15,0,-1,0.0045615222809993,-0.0045615222809993,0.3478010867414049,hold
961,2023-11-16,0,-1,-0.0016897597201204,0.0016897597201204,0.34838878700839465,hold
962,2023-11-17,1,1,-0.0019157289123818,-0.0019157289123818,0.34702459096235627,flip
963,2023-11-20,1,1,0.004539473475424,0.004539473475424,0.3485998998883498,hold
964,2023-11-21,0,1,0.0014380348265852,0.0014380348265852,0.34910119868493333,hold
965,2023-11-22,-1,-1,-0.0004971574875239,0.0004971574875239,0.3485765545623932,flip
966,2023-11-23,-1,-1,-0.0003686890844358,0.0003686890844358,0.3487050709331507,hold
967,2023-11-24,-1,-1,0.0047992646389904,-0.0047992646389904,0.34703154301678457,hold
968,2023-11-28,-1,-1,0.0104023891135545,-0.0104023891135545,0.34342158587164673,hold
969,2023-11-29,-1,-1,0.0018187545137213,-0.0018187545137213,0.3427969863122334,hold
970,2023-11-30,-1,-1,0.0066929416105065,-0.0066929416105065,0.340502666098588,hold
971,2023-12-01,-1,-1,0.0206681690037693,-0.0206681690037693,0.3334650994494283,hold
972,2023-12-04,-1,-1,0.0081355657602475,-0.0081355657602475,0.33075217220411,hold
973,2023-12-05,-1,-1,0.0039606432442005,-0.0039606432442005,0.32944218084776516,hold
974,2023-12-06,-1,-1,-0.001745599062397,0.001745599062397,0.330017254809767,hold
975,2023-12-07,-1,-1,0.0032653705047074,-0.0032653705047074,0.32893962619986666,hold
976,2023-12-08,-1,-1,0.0013209351833629,-0.0013209351833629,0.32850511827441703,hold
977,2023-12-11,-1,-1,-0.0043196070141755,0.0043196070141755,0.32992413128750775,hold
978,2023-12-12,-1,-1,0.0009542158562574,-0.0009542158562574,0.32960931245007125,hold
979,2023-12-13,-1,-1,0.0122500872899569,-0.0122500872899569,0.32557156960097516,hold
980,2023-12-14,-1,-1,0.0129327792008919,-0.0129327792008919,0.32136102437723796,hold
981,2023-12-15,-1,-1,-0.0017710126840955,0.0017710126840955,0.32193015882758397,hold
982,2023-12-18,-1,-1,0.0016083748565725,-0.0016083748565725,0.3214123744545533,hold
983,2023-12-19,-1,-1,-0.0141214660942333,0.0141214660942333,0.3259511884026803,hold
984,2023-12-20,-1,-1,0.0049597940765233,-0.0049597940765233,0.32433453762920494,hold
985,2023-12-21,-1,-1,0.0044389265566107,-0.0044389265566107,0.3228948404368966,hold
986,2023-12-22,-1,-1,0.0043068759341071,-0.0043068759341071,0.32150417241937157,hold
987,2023-12-26,-1,-1,0.0099527499207277,-0.0099527499207277,0.31830432179281104,hold
988,2023-12-27,-1,-1,0.0057238813077962,-0.0057238813077962,0.31648238563511044,hold
989,2023-12-28,-1,-1,-0.0021717930740454,0.0021717930740454,0.3171697198882902,hold
990,2023-12-29,-1,-1,0.0004831718072126,-0.0004831718072126,0.31701647242153863,hold
991,2024-01-01,-1,-1,-0.003500136051024,0.003500136051024,0.31812607320542974,hold
992,2024-01-02,-1,-1,-0.0068518663756694,0.0068518663756694,0.32030583054964973,hold
993,2024-01-03,-1,-1,0.0065644701863494,-0.0065644701863494,0.31820319247449264,hold
994,2024-01-04,-1,-1,0.0024101822286055,-0.0024101822286055,0.3174362647949051,hold
995,2024-01-05,-1,-1,-0.009110708685643,0.009110708685643,0.3203283341297101,hold
996,2024-01-08,0,-1,0.0014804820050666,-0.0014804820050666,0.31985409379531815,hold
997,2024-01-09,-1,-1,0.0034277152411805,-0.0034277152411805,0.318757725043062,hold
998,2024-01-10,-1,-1,0.0013183031833516,-0.0013183031833516,0.3183375057194198,hold
999,2024-01-11,-1,-1,0.0114264926377058,-0.0114264926377058,0.31470002455401125,hold
1000,2024-01-12,0,-1,0.0092670746948486,-0.0092670746948486,0.31178367591999856,hold
1001,2024-01-15,0,-1,-0.0029482333845447,0.0029482333845447,0.31270288696210197,hold
1002,2024-01-16,1,1,-0.0208943935120824,-0.0208943935120824,0.3055437440156274,flip
1003,2024-01-17,0,1,-0.0050852715087356,-0.0050852715087356,0.3039899711195123,hold
1004,2024-01-18,-1,-1,0.0074619571864553,-0.0074619571864553,0.3011136310276677,flip
1005,2024-01-19,0,-1,-0.0177408429427344,0.0177408429427344,0.306455640663646,hold
1006,2024-01-23,0,-1,0.0101299710711508,-0.0101299710711508,0.3033512538891323,hold
1007,2024-01-24,0,-1,-0.0047240537554001,0.0047240537554001,0.3047843015192726,hold
1008,2024-01-25,-1,-1,0.0180305914522447,-0.0180305914522447,0.29928886029752083,hold
1009,2024-01-29,0,-1,-0.0099136981024832,0.0099136981024832,0.3022559197039467,hold
1010,2024-01-30,0,-1,0.0094600254190029,-0.0094600254190029,0.29939657102050327,hold
1011,2024-01-31,0,-1,-0.0013003033741542,0.0013003033741542,0.2997858773920114,hold
1012,2024-02-01,-1,-1,0.0072059881750932,-0.0072059881750932,0.2976256239044646,hold
1013,2024-02-02,0,-1,-0.0037568550808078,0.0037568550808078,0.2987437602418087,hold
1014,2024-02-05,-1,-1,0.0072434021015312,-0.0072434021015312,0.29657983906105384,hold
1015,2024-02-06,0,-1,5.014315737827957e-05,-5.014315737827957e-05,0.2965649676115086,hold
1016,2024-02-07,-1,-1,-0.0096920171108729,0.0096920171108729,0.29943928035208484,hold
1017,2024-02-08,0,-1,0.0029722318898448,-0.0029722318898448,0.2985492773739502,hold
1018,2024-02-09,-1,-1,-0.0076414194307357,0.0076414194307357,0.3008306176231076,hold
1019,2024-02-12,-1,-1,0.0058844800115076,-0.0058844800115076,0.2990603858668549,hold
1020,2024-02-13,-1,-1,0.0044519922849619,-0.0044519922849619,0.29772897133623794,hold
1021,2024-02-14,0,-1,0.0032371361888359,-0.0032371361888359,0.2967651821086605,hold
1022,2024-02-15,0,-1,0.0059308430222606,-0.0059308430222606,0.29500511439910143,hold
1023,2024-02-16,0,-1,0.0037000088082788,-0.0037000088082788,0.2939135928773375,hold
1024,2024-02-19,-1,-1,0.003376655573009,-0.003376655573009,0.29292114790596513,hold
1025,2024-02-20,-1,-1,-0.00639270001033,0.00639270001033,0.2947937049312095,hold
1026,2024-02-21,-1,-1,0.0073633218581414,-0.0073633218581414,0.292623044000047,hold
1027,2024-02-22,0,-1,-0.0002137959201901,0.0002137959201901,0.2926856056130078,hold
1028,2024-02-23,-1,-1,-0.0040809285088362,0.0040809285088362,0.2938800346450799,hold
1029,2024-02-26,1,1,0.0034489943486464,0.0034489943486464,0.2943058651544606,flip
1030,2024-02-27,-1,-1,-0.0111359278099485,0.0111359278099485,0.2969946222925562,flip
1031,2024-02-28,0,-1,0.0014418556686905,-0.0014418556686905,0.2965663989128331,hold
1032,2024-02-29,-1,-1,0.0161921687000685,-0.0161921687000685,0.2917643457508647,hold
1033,2024-03-01,1,1,0.0029925402887358,0.0029925402887358,0.2920539336188391,flip
1034,2024-03-04,-1,-1,-0.0022002905070378,0.0022002905070378,0.292112429249286,flip
1035,2024-03-05,-1,-1,0.0052669715420341,-0.0052669715420341,0.2905738813973555,hold
1036,2024-03-06,0,-1,0.000867667346212,-0.000867667346212,0.29032175992880493,hold
1037,2024-03-07,-1,-1,-0.0071531788017711,0.0071531788017711,0.29239848338762053,hold
1038,2024-03-11,0,-1,0.000136518866846,-0.000136518866846,0.292358565478001,hold
1039,2024-03-12,-1,-1,-0.0151327252704165,0.0151327252704165,0.2967827473298327,hold
1040,2024-03-13,0,-1,0.0067712159528048,-0.0067712159528048,0.2947731672565957,hold
1041,2024-03-14,0,-1,-0.0055674686273187,0.0055674686273187,0.2964143076174721,hold
1042,2024-03-15,0,-1,0.0014688778023679,-0.0014688778023679,0.2959789112207086,hold
1043,2024-03-18,0,-1,-0.0108021966402886,0.0108021966402886,0.29917613362109324,hold
1044,2024-03-19,0,-1,0.0009923428906801,-0.0009923428906801,0.2988792483118332,hold
1045,2024-03-20,-1,-1,0.0079146856998078,-0.0079146856998078,0.2965137129992502,hold
1046,2024-03-21,-1,-1,0.0038524885010076,-0.0038524885010076,0.29537139732952955,hold
1047,2024-03-22,-1,-1,-0.0041658063402989,0.0041658063402989,0.29660185736926786,hold
1048,2024-03-26,1,1,0.0054057167831516,0.0054057167831516,0.29761199929282434,flip
1049,2024-03-27,0,1,0.0091870010785439,0.0091870010785439,0.3003461610513151,hold
1050,2024-03-28,0,1,0.0060509791780918,0.0060509791780918,0.30216354941805645,hold
1051,2024-04-01,0,1,-0.0003872860275131,-0.0003872860275131,0.3020465256973431,hold
1052,2024-04-02,1,1,-0.0008306302403686,-0.0008306302403686,0.3017956367191006,hold
1053,2024-04-03,-1,-1,0.0035659124883635,-0.0035659124883635,0.3001158686157521,flip
1054,2024-04-04,-1,-1,-4.224679746289706e-05,4.224679746289706e-05,0.30012854755006896,hold
1055,2024-04-05,-1,-1,0.0067781647528144,-0.0067781647528144,0.29809422680775166,hold
1056,2024-04-08,0,-1,-0.0010390218270411,0.0010390218270411,0.29840395321591984,hold
1057,2024-04-09,-1,-1,0.0049044741142307,-0.0049044741142307,0.29694043875178827,hold
1058,2024-04-10,0,-1,-0.0103015928142499,0.0103015928142499,0.29999939824189387,hold
1059,2024-04-12,0,-1,-0.010963897188301,0.010963897188301,0.30328856080077016,hold
1060,2024-04-15,0,-1,-0.005594325260972,0.005594325260972,0.30498525565782175,hold
1061,2024-04-16,-1,-1,-0.0068652458503182,0.0068652458503182,0.30707905441863487,hold
1062,2024-04-18,1,1,0.0068717686886063,0.0068717686886063,0.3085750725408784,flip
1063,2024-04-19,-1,-1,0.0085519659829773,-0.0085519659829773,0.3053189988722323,flip
1064,2024-04-22,-1,-1,0.0014147135985376,-0.0014147135985376,0.3048870599326359,hold
1065,2024-04-23,-1,-1,0.0015379287654238,-0.0015379287654238,0.30441816535295996,hold
1066,2024-04-24,-1,-1,0.0074969296067168,-0.0074969296067168,0.302135963796303,hold
1067,2024-04-25,0,-1,-0.0066636269808832,0.0066636269808832,0.3041492851565512,hold
1068,2024-04-26,0,-1,0.0099666225688024,-0.0099666225688024,0.3011179440268248,hold
1069,2024-04-29,0,-1,-0.0017025173156396,0.0017025173156396,0.3016306025405802,hold
1070,2024-04-30,-1,-1,0.001917712797214,-0.001917712797214,0.3010521616740568,hold
1071,2024-05-02,-1,-1,-0.0076098592965534,0.0076098592965534,0.3033431262653196,hold
1072,2024-05-03,0,-1,-0.0014749338156797,0.0014749338156797,0.30379053730000233,hold
1073,2024-05-06,-1,-1,-0.006246985595782,0.006246985595782,0.30568831241065036,hold
1074,2024-05-07,0,-1,0.0,-0.0,0.30568831241065036,hold
1075,2024-05-08,-1,-1,-0.0154691178119045,0.0154691178119045,0.310417040929053,hold
1076,2024-05-09,0,-1,0.004449469144939,-0.004449469144939,0.3090358498833759,hold
1077,2024-05-10,-1,-1,0.0022149680905385,-0.0022149680905385,0.3083513453370518,hold
1078,2024-05-13,-1,-1,0.0051483245877055,-0.0051483245877055,0.30676385252420096,hold
1079,2024-05-14,-1,-1,-0.0007786004689536,0.0007786004689536,0.3070026990036343,hold
1080,2024-05-15,-1,-1,0.0091573776762647,-0.0091573776762647,0.30419135934122543,hold
1081,2024-05-16,0,-1,0.002778540343975,-0.002778540343975,0.30334615137700727,hold
1082,2024-05-17,0,-1,0.0028020516676037,-0.0028020516676037,0.30249615978768013,hold
1083,2024-05-21,0,-1,0.00305161547495,-0.00305161547495,0.3015730578253591,hold
1084,2024-05-22,0,-1,0.016366619608483,-0.016366619608483,0.2966373263037644,hold
1085,2024-05-23,1,1,-0.0004593757337192,-0.0004593757337192,0.29590778366173753,flip
1086,2024-05-24,-1,-1,-0.0010737589261899,0.0010737589261899,0.29563370171844994,flip
1087,2024-05-27,-1,-1,-0.0019317094176221,0.0019317094176221,0.29620478012422596,hold
1088,2024-05-28,-1,-1,-0.008015115627261,0.008015115627261,0.29857889568626905,hold
1089,2024-05-29,-1,-1,-0.0095155996581792,0.0095155996581792,0.30142005292400087,hold
1090,2024-05-30,0,-1,0.0018697799732139,-0.0018697799732139,0.3008564637455185,hold
1091,2024-05-31,-1,-1,0.0325423176953527,-0.0325423176953527,0.29106589712161146,hold
1092,2024-06-03,-1,-1,-0.0592935994164107,0.0592935994164107,0.3083242418293185,hold
1093,2024-06-04,0,-1,0.0336242367600356,-0.0336242367600356,0.29795707452319103,hold
1094,2024-06-05,-1,-1,0.0088880492442378,-0.0088880492442378,0.29530881737215986,hold
1095,2024-06-06,1,1,0.0205399314668071,0.0205399314668071,0.3007838226077836,flip
1096,2024-06-07,-1,-1,-0.0013289382574128,0.0013289382574128,0.3005819780916424,flip
1097,2024-06-10,-1,-1,0.0002429314342191,-0.0002429314342191,0.30050895728060417,hold
1098,2024-06-11,-1,-1,0.0024973129141392,-0.0024973129141392,0.2997584923807728,hold
1099,2024-06-12,-1,-1,0.003256499474515,-0.003256499474515,0.2987823290078534,hold
1100,2024-06-13,-1,-1,0.0028505279152657,-0.0028505279152657,0.2979306416384284,hold
1101,2024-06-14,-1,-1,0.0039334507869606,-0.0039334507869606,0.29675874612161607,hold
1102,2024-06-18,-1,-1,-0.0017786131162043,0.0017786131162043,0.2972865651198163,hold
1103,2024-06-19,-1,-1,0.0021687361796223,-0.0021687361796223,0.2966418289903253,hold
1104,2024-06-20,-1,-1,-0.0027962995130903,0.0027962995130903,0.2974713283922932,hold
1105,2024-06-21,-1,-1,0.001563756616109,-0.001563756616109,0.297006155634417,hold
1106,2024-06-24,-1,-1,0.0077938798539154,-0.0077938798539154,0.29469132534152903,hold
1107,2024-06-25,-1,-1,0.0062180401218379,-0.0062180401218379,0.2928589228569978,hold
1108,2024-06-26,-1,-1,0.0073610408985447,-0.0073610408985447,0.2907031763483437,hold
1109,2024-06-27,0,-1,-0.0014099020825968,0.0014099020825968,0.29111303936209476,hold
1110,2024-06-28,-1,-1,0.0054704843490753,-0.0054704843490753,0.2895205100364527,hold
1111,2024-07-01,-1,-1,-0.0007497161563467,0.0007497161563467,0.2897375682404208,hold
1112,2024-07-02,-1,-1,0.0067423066077227,-0.0067423066077227,0.2877840687195679,hold
1113,2024-07-03,0,-1,0.0006444070008029,-0.0006444070008029,0.2875986186509655,hold
1114,2024-07-04,-1,-1,0.0008928929498506,-0.0008928929498506,0.28734182387198526,hold
1115,2024-07-05,-1,-1,-0.0001356211363734,0.0001356211363734,0.2873807934966664,hold
1116,2024-07-08,-1,-1,0.0046318209860134,-0.0046318209860134,0.28604969710637135,hold
1117,2024-07-09,0,-1,-0.0044509111977667,0.0044509111977667,0.28732287890633984,hold
1118,2024-07-10,-1,-1,-0.0003494426502141,0.0003494426502141,0.287423281774612,hold
1119,2024-07-11,-1,-1,0.007657573644356,-0.007657573644356,0.2852223168273204,hold
1120,2024-07-12,-1,-1,0.0034506697076412,-0.0034506697076412,0.28423810881870115,hold
1121,2024-07-15,-1,-1,0.0010697158254551,-0.0010697158254551,0.2839340548155003,hold
1122,2024-07-16,-1,-1,0.0076321297434283,-0.0076321297434283,0.28176703327057073,hold
1123,2024-07-18,0,-1,-0.0108846762510892,0.0108846762510892,0.2848339762059508,hold
1124,2024-07-19,-1,-1,-0.0008825762723847,0.0008825762723847,0.2850853639149192,hold
1125,2024-07-22,-1,-1,-0.0012321559717249,0.0012321559717249,0.28543663354851834,hold
1126,2024-07-23,-1,-1,-0.0026778318259059,0.0026778318259059,0.286200984850114,hold
1127,2024-07-24,-1,-1,-0.0003031269840456,0.0003031269840456,0.28628774009148256,hold
1128,2024-07-25,-1,-1,0.0175673297602745,-0.0175673297602745,0.2812584289549717,hold
1129,2024-07-26,0,-1,5.03324972633834e-05,-5.03324972633834e-05,0.28124427251586603,hold
1130,2024-07-29,0,-1,0.0008536433743,-0.0008536433743,0.28100419020607303,hold
1131,2024-07-30,-1,-1,0.0037755350108565,-0.0037755350108565,0.27994324904775264,hold
1132,2024-07-31,-1,-1,0.0023946791656728,-0.0023946791656728,0.2792728747816872,hold
1133,2024-08-01,-1,-1,-0.0117229354919546,0.0117229354919546,0.28254677267740563,hold
1134,2024-08-02,0,-1,-0.0267864578946228,0.0267864578946228,0.29011519990699053,hold
1135,2024-08-05,0,-1,-0.0026209626510589,0.0026209626510589,0.29087558101045125,hold
1136,2024-08-06,1,1,0.0127101624804444,0.0127101624804444,0.29399090574466685,flip
1137,2024-08-07,-1,-1,-0.007428747813561,0.007428747813561,0.2955869082314351,flip
1138,2024-08-08,1,1,0.0103868640378157,0.0103868640378157,0.29806595544213044,flip
1139,2024-08-09,-1,-1,-0.0008412844977941,0.0008412844977941,0.29772058179887984,flip
1140,2024-08-12,-1,-1,-0.0085431469996303,0.0085431469996303,0.3002640524940031,hold
1141,2024-08-13,-1,-1,0.0001967769998756,-0.0001967769998756,0.30020496743458286,hold
1142,2024-08-14,-1,-1,0.0164597624902924,-0.0164597624902924,0.2952636649722037,hold
1143,2024-08-16,-1,-1,0.0012835584110202,-0.0012835584110202,0.29488467681155994,hold
1144,2024-08-19,-1,-1,0.0051357593399101,-0.0051357593399101,0.2933702200784286,hold
1145,2024-08-20,-1,-1,0.0028887826964991,-0.0028887826964991,0.29252273726299793,hold
1146,2024-08-21,-1,-1,0.0016673576536574,-0.0016673576536574,0.2920349972381536,hold
1147,2024-08-22,-1,-1,0.0004695560778267,-0.0004695560778267,0.29189787043026233,hold
1148,2024-08-23,-1,-1,0.007551387144671,-0.007551387144671,0.28969363660393843,hold
1149,2024-08-26,0,-1,0.000285894410237,-0.000285894410237,0.28961081481255213,hold
1150,2024-08-27,-1,-1,0.0013830024432652,-0.0013830024432652,0.28921028234807034,hold
1151,2024-08-28,-1,-1,0.0039756594063229,-0.0039756594063229,0.28806048076864793,hold
1152,2024-08-29,-1,-1,0.0033377600735777,-0.0033377600735777,0.28709900399716276,hold
1153,2024-08-30,-1,-1,0.0016959501132323,-0.0016959501132323,0.2866120984088249,hold
1154,2024-09-02,-1,-1,4.550829989491412e-05,-4.550829989491412e-05,0.286599055179497,hold
1155,2024-09-03,-1,-1,-0.0032100820170585,0.0032100820170585,0.28751906165263463,hold
1156,2024-09-04,-1,-1,-0.0021270784221717,0.0021270784221717,0.288130637244639,hold
1157,2024-09-05,-1,-1,-0.0116503502989019,0.0116503502989019,0.29148746010038484,hold
1158,2024-09-06,-1,-1,0.0033900486950126,-0.0033900486950126,0.290499303416659,hold
1159,2024-09-09,-1,-1,0.0041986500501236,-0.0041986500501236,0.2892795985018078,hold
1160,2024-09-10,-1,-1,-0.0048979634496194,0.0048979634496194,0.2906964794019902,hold
1161,2024-09-11,1,1,0.0188796328272711,0.0188796328272711,0.2956033292384762,flip
1162,2024-09-12,1,1,-0.0012761636040355,-0.0012761636040355,0.29522609102847036,hold
1163,2024-09-13,-1,-1,0.0010746751326089,-0.0010746751326089,0.2943183667078878,flip
1164,2024-09-16,-1,-1,0.0013709866056039,-0.0013709866056039,0.2939148601693481,hold
1165,2024-09-17,-1,-1,-0.0016129951842196,0.0016129951842196,0.29438894342337185,hold
1166,2024-09-18,0,-1,0.0015072376499098,-0.0015072376499098,0.293945229324127,hold
1167,2024-09-19,-1,-1,0.0147604413777415,-0.0147604413777415,0.28960646799842144,hold
1168,2024-09-20,1,1,0.0057423850996662,0.0057423850996662,0.2906902869290257,flip
1169,2024-09-23,-1,-1,5.203002169906768e-05,-5.203002169906768e-05,0.290093781733231,flip
1170,2024-09-24,-1,-1,0.0024575565157058,-0.0024575565157058,0.2893808598697668,hold
1171,2024-09-25,-1,-1,0.008148714241454,-0.008148714241454,0.2870227779357418,hold
1172,2024-09-26,-1,-1,-0.0014152231703233,0.0014152231703233,0.287428979221487,hold
1173,2024-09-27,-1,-1,-0.0140609008520233,0.0140609008520233,0.2914704896003186,hold
1174,2024-09-30,-1,-1,-0.0005404401234794,0.0005404401234794,0.2916280119477088,hold
1175,2024-10-01,-1,-1,-0.0211963752609873,0.0211963752609873,0.2978094687255682,hold
1176,2024-10-03,0,-1,-0.0093266958801446,0.0093266958801446,0.30058704707059897,hold
1177,2024-10-04,0,-1,-0.0087488751686026,0.0087488751686026,0.30321684562271856,hold
1178,2024-10-07,0,-1,0.0087676473034692,-0.0087676473034692,0.3005583472638281,hold
1179,2024-10-08,-1,-1,-0.0012473907279866,0.0012473907279866,0.30093326095942396,hold
1180,2024-10-09,-1,-1,0.0006604768849507,-0.0006604768849507,0.30073450149664743,hold
1181,2024-10-10,-1,-1,-0.0013680536120755,0.0013680536120755,0.30114592241769567,hold
1182,2024-10-11,-1,-1,0.0065573457544287,-0.0065573457544287,0.29917120448186646,hold
1183,2024-10-14,-1,-1,-0.0028096049048969,0.0028096049048969,0.3000117573653826,hold
1184,2024-10-15,1,1,-0.0034340754096676,-0.0034340754096676,0.29838147085207223,flip
1185,2024-10-16,1,1,-0.0088682273228345,-0.0088682273228345,0.2957353561396343,hold
1186,2024-10-17,-1,-1,0.0042101739412401,-0.0042101739412401,0.2938987881374326,flip
1187,2024-10-18,-1,-1,-0.0029351823779982,0.0029351823779982,0.29476143468128857,hold
1188,2024-10-21,1,1,-0.0124691803378693,-0.0124691803378693,0.29049647832623593,flip
1189,2024-10-22,1,1,-0.0014955647434917,-0.0014955647434917,0.2900620220351427,hold
1190,2024-10-23,-1,-1,-0.0014773427748562,0.0014773427748562,0.2899104190235862,flip
1191,2024-10-24,-1,-1,-0.0089592205494931,0.0089592205494931,0.2925077904072145,hold
1192,2024-10-25,1,1,0.0065485676346082,0.0065485676346082,0.2938382818755315,flip
1193,2024-10-28,-1,-1,0.0052466588480091,-0.0052466588480091,0.2917089360902944,flip
1194,2024-10-29,-1,-1,-0.0051498252538292,0.0051498252538292,0.29321118613613983,hold
1195,2024-10-30,1,1,-0.005566773640794,-0.005566773640794,0.2909925234616989,flip
1196,2024-10-31,1,1,0.0040900049616161,0.0040900049616161,0.29218268432645045,hold
1197,2024-11-01,-1,-1,-0.0127137736646451,0.0127137736646451,0.29531306347505243,flip
1198,2024-11-04,1,1,0.0090830588186072,0.0090830588186072,0.2974047832735493,flip
1199,2024-11-05,-1,-1,0.0111818707596305,-0.0111818707596305,0.29348443185714146,flip
1200,2024-11-06,-1,-1,-0.0116280257061476,0.0116280257061476,0.2968970763751304,hold
1201,2024-11-07,-1,-1,-0.0021137093124677,0.0021137093124677,0.29752463049030897,hold
1202,2024-11-08,-1,-1,-0.0002856708874028,0.0002856708874028,0.2976096246155253,hold
1203,2024-11-11,-1,-1,-0.0106809307765333,0.0106809307765333,0.30078837241447376,hold
1204,2024-11-12,0,-1,-0.0135825623229214,0.0135825623229214,0.3048738492288034,hold
1205,2024-11-13,1,1,-0.0011185324376894,-0.0011185324376894,0.3039230902405801,flip
1206,2024-11-14,-1,-1,-0.0033527151631265,0.0033527151631265,0.3043342116131728,flip
1207,2024-11-18,1,1,0.0027585814066317,0.0027585814066317,0.3045650738875045,flip
1208,2024-11-19,-1,-1,-0.0071688079331164,0.0071688079331164,0.3061393122575644,flip
1209,2024-11-21,1,1,0.0238694641112378,0.0238694641112378,0.31283441496002024,flip
1210,2024-11-22,1,1,0.0131612958673623,0.0131612958673623,0.3169517212528023,hold
1211,2024-11-25,-1,-1,-0.0011312238174179,0.0011312238174179,0.31667636114634945,flip
1212,2024-11-26,-1,-1,0.0033230854378061,-0.0033230854378061,0.31562401854212657,hold
1213,2024-11-27,-1,-1,-0.0148610290544929,0.0148610290544929,0.3203145162519769,hold
1214,2024-11-28,0,-1,0.0090720019405352,-0.0090720019405352,0.3174086223389574,hold
1215,2024-11-29,-1,-1,0.0060068200049485,-0.0060068200049485,0.3155020058765486,hold
1216,2024-12-02,-1,-1,0.0074600111445999,-0.0074600111445999,0.3131483573965659,hold
1217,2024-12-03,0,-1,0.0004210968146538,-0.0004210968146538,0.3130164916207521,hold
1218,2024-12-04,-1,-1,0.0098478255628851,-0.0098478255628851,0.3099339598129647,hold
1219,2024-12-05,-1,-1,-0.0012384293961259,0.0012384293961259,0.31031779113965474,hold
1220,2024-12-06,-1,-1,-0.0023827399277279,0.0023827399277279,0.3110571977308875,hold
1221,2024-12-09,-1,-1,-0.00036350862139,0.00036350862139,0.31117026970400813,hold
1222,2024-12-10,-1,-1,0.0012901233029631,-0.0012901233029631,0.3107688216878737,hold
1223,2024-12-11,-1,-1,-0.0037781963796591,0.0037781963796591,0.3119429673248857,hold
1224,2024-12-12,-1,-1,0.0089455478085889,-0.0089455478085889,0.30915246659712786,hold
1225,2024-12-13,-1,-1,-0.0040394689217332,0.0040394689217332,0.3104012783780241,hold
1226,2024-12-16,-1,-1,-0.0134687300477334,0.0134687300477334,0.31458198940296905,hold
1227,2024-12-17,0,-1,-0.0056356998120069,0.0056356998120069,0.3163548790615081,hold
1228,2024-12-18,-1,-1,-0.010213311567061,0.010213311567061,0.3195859100071232,hold
1229,2024-12-19,0,-1,-0.0152055691508056,0.0152055691508056,0.32444539566135966,hold
1230,2024-12-20,0,-1,0.0070354729729729,-0.0070354729729729,0.32216276884897865,hold
1231,2024-12-23,-1,-1,-0.0010861087115143,0.0010861087115143,0.3225126726387511,hold
1232,2024-12-24,-1,-1,0.0009503186263191,-0.0009503186263191,0.32220618283871855,hold
1233,2024-12-26,-1,-1,0.002661079652128,-0.002661079652128,0.3213487665217766,hold
1234,2024-12-27,-1,-1,-0.0070758479358679,0.0070758479358679,0.3236225815280634,hold
1235,2024-12-30,1,1,-4.212721278373799e-06,-4.212721278373799e-06,0.3229739730332719,flip
1236,2024-12-31,-1,-1,0.0041488871182535,-0.0041488871182535,0.3209880425309565,flip
1237,2025-01-01,-1,-1,0.0187740331916654,-0.0187740331916654,0.31496180236635263,hold
1238,2025-01-02,1,1,-0.0076027553276091,-0.0076027553276091,0.31193730124068575,flip
1239,2025-01-03,-1,-1,-0.0161925959966257,0.0161925959966257,0.3163645013334725,flip
1240,2025-01-06,-1,-1,0.0038892874268343,-0.0038892874268343,0.31513406885613954,hold
1241,2025-01-07,-1,-1,-0.0007993610384197,0.0007993610384197,0.3153859747526618,hold
1242,2025-01-08,-1,-1,-0.0068575949591475,0.0068575949591475,0.31754876402331145,hold
1243,2025-01-09,1,1,-0.0040379997024632,-0.0040379997024632,0.3156314046806211,flip
1244,2025-01-10,1,1,-0.0147472753024774,-0.0147472753024774,0.3109767014616883,hold
1245,2025-01-13,1,1,0.0039028744993869,0.0039028744993869,0.3121904044997266,hold
1246,2025-01-14,-1,-1,0.0016028803979861,-0.0016028803979861,0.31106561981091524,flip
1247,2025-01-15,-1,-1,0.0042476507253836,-0.0042476507253836,0.3097443217052835,hold
1248,2025-01-16,-1,-1,-0.0046586517926727,0.0046586517926727,0.31118731264486604,hold
1249,2025-01-17,1,1,0.0061004855371675,0.0061004855371675,0.31246333171971635,flip
1250,2025-01-20,-1,-1,-0.0137118456772935,0.0137118456772935,0.3161228540406307,flip
1251,2025-01-21,-1,-1,0.0056764909144164,-0.0056764909144164,0.3143283855318297,hold
1252,2025-01-22,-1,-1,0.0021593282262408,-0.0021593282262408,0.31364964737664214,hold
1253,2025-01-23,-1,-1,-0.0048760476583936,0.0048760476583936,0.31517901800528897,hold
1254,2025-01-24,1,1,-0.0113912419355629,-0.0113912419355629,0.31095837952216704,flip
1255,2025-01-27,1,1,0.0056112298172781,0.0056112298172781,0.3127032384532743,hold
1256,2025-01-28,-1,-1,0.0089666492883511,-0.0089666492883511,0.3092739317058256,flip
1257,2025-01-29,1,1,0.0037300875997627,0.0037300875997627,0.3098090026999998,flip
1258,2025-01-30,-1,-1,0.0111357401503258,-0.0111357401503258,0.305739432144301,flip
1259,2025-01-31,0,-1,-0.0011166221250199,0.0011166221250199,0.30608082755872434,hold
1260,2025-02-01,-1,-1,-0.0051570919766934,0.0051570919766934,0.3076593145387471,hold
1261,2025-02-03,0,-1,0.0161893068206311,-0.0161893068206311,0.3026785234994543,hold
1262,2025-02-04,-1,-1,-0.0018092070621439,0.0018092070621439,0.3032261316217288,hold
1263,2025-02-05,-1,-1,-0.0039226026346081,0.0039226026346081,0.30441556724451024,hold
1264,2025-02-06,-1,-1,-0.0018387386257991,0.0018387386257991,0.3049753079062973,hold
1265,2025-02-07,-1,-1,-0.0075700336923079,0.0075700336923079,0.3072839812624699,hold
1266,2025-02-10,0,-1,-0.0132496849360461,0.0132496849360461,0.31135539720009153,hold
1267,2025-02-11,0,-1,-0.0011507892904301,0.0011507892904301,0.31171370165670703,hold
1268,2025-02-12,-1,-1,-0.0006009745771905,0.0006009745771905,0.31190103366676464,hold
1269,2025-02-13,-1,-1,-0.0044352661537063,0.0044352661537063,0.31328439776469286,hold
1270,2025-02-14,1,1,0.0013192755977626,0.0013192755977626,0.3130711374302942,flip
1271,2025-02-17,-1,-1,-0.0006184463402948,0.0006184463402948,0.3126386128546293,flip
1272,2025-02-18,-1,-1,-0.0005404326900405,0.0005404326900405,0.31280757298118483,hold
1273,2025-02-19,-1,-1,-0.0008612081186238,0.0008612081186238,0.31307696540260327,hold
1274,2025-02-20,-1,-1,-0.0051171487988824,0.0051171487988824,0.31467902682007093,hold
1275,2025-02-21,-1,-1,-0.0106401053300685,0.0106401053300685,0.3180272448105999,hold
1276,2025-02-24,1,1,-0.0002571160481895,-0.0002571160481895,0.3173094204125764,flip
1277,2025-02-25,-1,-1,-0.0001108767876499,0.0001108767876499,0.31670998382097765,flip
1278,2025-02-27,-1,-1,-0.0186449596666951,0.0186449596666951,0.3226150286953594,hold
1279,2025-02-28,1,1,-0.0002440004922383,-0.0002440004922383,0.3218910804121636,flip
1280,2025-03-03,-1,-1,-0.0016569416451024,0.0016569416451024,0.3217806529876612,flip
1281,2025-03-04,-1,-1,0.0115316950692254,-0.0115316950692254,0.3180699766182312,hold
1282,2025-03-05,-1,-1,0.009284847776867,-0.009284847776867,0.3151167453029393,hold
1283,2025-03-06,1,1,0.0003460139864501,0.0003460139864501,0.3145955466135729,flip
1284,2025-03-07,-1,-1,-0.0040882039130917,0.0040882039130917,0.3152524862650526,flip
1285,2025-03-10,1,1,0.001674047455606,0.001674047455606,0.31514972891502796,flip
1286,2025-03-11,-1,-1,-0.0012179087892316,0.0012179087892316,0.3149032530819675,flip
1287,2025-03-12,-1,-1,-0.0032620894617386,0.0032620894617386,0.31593049566531334,hold
1288,2025-03-13,-1,-1,0.0049805683362682,-0.0049805683362682,0.31435698224214115,hold
1289,2025-03-17,1,1,0.0144632989948354,0.0144632989948354,0.3182749073029391,flip
1290,2025-03-18,-1,-1,0.0032100316461272,-0.0032100316461272,0.3166166849637226,flip
1291,2025-03-19,1,1,0.01235619558909,0.01235619558909,0.3198956292799762,flip
1292,2025-03-20,-1,-1,0.0068885519512889,-0.0068885519512889,0.3170522203601309,flip
1293,2025-03-21,-1,-1,0.0131881772302988,-0.0131881772302988,0.3128708794867618,hold
1294,2025-03-24,-1,-1,0.0004353972876416,-0.0004353972876416,0.3127346563544512,hold
1295,2025-03-25,-1,-1,-0.0076810793285454,0.0076810793285454,0.3151367960586951,hold
1296,2025-03-26,-1,-1,0.0044748278770025,-0.0044748278770025,0.3137266131386224,hold
1297,2025-03-27,-1,-1,-0.0030773044101545,0.0030773044101545,0.3146920454288167,hold
1298,2025-03-28,-1,-1,-0.0150365718652369,0.0150365718652369,0.3194239349853255,hold
1299,2025-04-01,0,-1,0.0071938424586863,-0.0071938424586863,0.31712604951950746,hold
1300,2025-04-02,-1,-1,-0.0035251486188494,0.0035251486188494,0.31824396597497234,hold
1301,2025-04-03,-1,-1,-0.0148666197750665,0.0148666197750665,0.32297517801283143,hold
1302,2025-04-04,0,-1,-0.0324325462830553,0.0324325462830553,0.3334500854220106,hold
1303,2025-04-07,0,-1,0.0168873189028142,-0.0168873189028142,0.3278190074913184,hold
1304,2025-04-08,-1,-1,-0.0060658560080705,0.0060658560080705,0.3298075103874693,hold
1305,2025-04-09,1,1,0.0191703874091904,0.0191703874091904,0.3354704331112827,flip
1306,2025-04-11,-1,-1,0.0219023977821084,-0.0219023977821084,0.32745188537492065,flip
1307,2025-04-15,-1,-1,0.004657316201027,-0.004657316201027,0.3259268384041072,hold
1308,2025-04-16,-1,-1,0.0176834769379541,-0.0176834769379541,0.3201633186737279,hold
1309,2025-04-17,-1,-1,0.0114834984640164,-0.0114834984640164,0.31648672369550374,hold
1310,2025-04-21,-1,-1,0.0017284255654137,-0.0017284255654137,0.3159396999511544,hold
1311,2025-04-22,-1,-1,0.0066908406521222,-0.0066908406521222,0.31382579776310193,hold
1312,2025-04-23,-1,-1,-0.0033807460922566,0.0033807460922566,0.3148867631025388,hold
1313,2025-04-24,-1,-1,-0.0085516633626838,0.0085516633626838,0.31757956869795695,hold
1314,2025-04-25,-1,-1,0.0120282118827472,-0.0120282118827472,0.3137596543560265,hold
1315,2025-04-28,-1,-1,0.0003061930965739,-0.0003061930965739,0.3136635833158793,hold
1316,2025-04-29,-1,-1,-7.191007773188485e-05,7.191007773188485e-05,0.31368613888853725,hold
1317,2025-04-30,-1,-1,0.0005136803511647,-0.0005136803511647,0.3135250044825575,hold
1318,2025-05-02,-1,-1,0.0047008906976129,-0.0047008906976129,0.3120511577055164,hold
1319,2025-05-05,0,-1,-0.0033338898599493,0.0033338898599493,0.31309150189597623,hold
1320,2025-05-06,-1,-1,0.0014274549954715,-0.0014274549954715,0.3126445778675552,hold
1321,2025-05-07,-1,-1,-0.0057588802970967,0.0057588802970967,0.31444506056703075,hold
1322,2025-05-08,0,-1,-0.0109501096942064,0.0109501096942064,0.31788826847304114,hold
1323,2025-05-09,-1,-1,0.0381830730902199,-0.0381830730902199,0.3057503174834115,hold
1324,2025-05-12,-1,-1,-0.0138958390765435,0.0138958390765435,0.3099989746927631,hold
1325,2025-05-13,-1,-1,0.0036027960647213,-0.0036027960647213,0.3088821116066724,hold
1326,2025-05-14,-1,-1,0.0160214381414618,-0.0160214381414618,0.303933375962562,hold
1327,2025-05-15,-1,-1,-0.0016877607536591,0.0016877607536591,0.3044463427862387,hold
1328,2025-05-16,-1,-1,-0.0029717088137536,0.0029717088137536,0.3053510686664116,hold
1329,2025-05-19,-1,-1,-0.0104848313546668,0.0104848313546668,0.3085526231253462,hold
1330,2025-05-20,-1,-1,0.0052483127088862,-0.0052483127088862,0.3069332424720373,hold
1331,2025-05-21,-1,-1,-0.0082112727740422,0.0082112727740422,0.3094535550493964,hold
1332,2025-05-22,-1,-1,0.0098924887180058,-0.0098924887180058,0.3063922892473235,hold
1333,2025-05-23,-1,-1,0.0059549794562796,-0.0059549794562796,0.30456772945929317,hold
1334,2025-05-26,-1,-1,-0.0069977248703164,0.0069977248703164,0.30669901063442623,hold
1335,2025-05-27,-1,-1,-0.0029706520659956,0.0029706520659956,0.3076101066840062,hold
1336,2025-05-28,1,1,0.0032784792287758,0.0032784792287758,0.3080033798159632,flip
1337,2025-05-29,-1,-1,-0.0033382349691143,0.0033382349691143,0.3084155607094383,flip
1338,2025-05-30,1,1,-0.0013777230725331,-0.0013777230725331,0.3073738183541018,flip
1339,2025-06-02,-1,-1,-0.0070438333802584,0.0070438333802584,0.30892416067933376,flip
1340,2025-06-03,1,1,0.0031659048079861,0.0031659048079861,0.30928433684357287,flip
1341,2025-06-04,-1,-1,0.0053086967621067,-0.0053086967621067,0.30702387141231396,flip
1342,2025-06-05,0,-1,0.0101875239545026,-0.0101875239545026,0.3038960583676969,hold
1343,2025-06-06,0,-1,0.0040054487100871,-0.0040054487100871,0.30267881829270743,hold
1344,2025-06-09,0,-1,4.18584595869298e-05,-4.18584595869298e-05,0.3026661486236241,hold
1345,2025-06-10,0,-1,0.0014798446727146,-0.0014798446727146,0.30221824973597244,hold
1346,2025-06-11,0,-1,-0.0100710846627866,0.0100710846627866,0.30526191531570257,hold
1347,2025-06-12,0,-1,-0.0068144588479197,0.0068144588479197,0.3073421100754586,hold
1348,2025-06-13,0,-1,0.0092197937677085,-0.0092197937677085,0.30450847920443047,hold
1349,2025-06-16,0,-1,-0.0037319707924959,0.0037319707924959,0.30564489595488875,hold
1350,2025-06-17,1,1,-0.0016637405234334,-0.0016637405234334,0.3045250923637982,flip
1351,2025-06-18,-1,-1,-0.0007577278241026,0.0007577278241026,0.3041467893146921,flip
1352,2025-06-19,-1,-1,0.0128724709598377,-0.0128724709598377,0.30023166860171085,hold
1353,2025-06-20,0,-1,-0.0055948454872697,0.0055948454872697,0.30191141839792257,hold
1354,2025-06-23,1,1,0.0029012296868362,0.0029012296868362,0.30218350993097765,flip
1355,2025-06-24,-1,-1,0.0080018205204253,-0.0080018205204253,0.29916112470041584,flip
1356,2025-06-25,0,-1,0.0120520108141297,-0.0120520108141297,0.29555563159035925,hold
1357,2025-06-26,-1,-1,0.003475704773181,-0.003475704773181,0.2945283674709001,hold
1358,2025-06-27,-1,-1,-0.0047098423546652,0.0047098423546652,0.29591554965066497,hold
1359,2025-06-30,-1,-1,0.0009699396772837,-0.0009699396772837,0.2956285294179336,hold
1360,2025-07-01,-1,-1,-0.0034610085397696,0.0034610085397696,0.2966517022828486,hold
1361,2025-07-02,-1,-1,-0.0018897125192245,0.0018897125192245,0.29721228871850175,hold
1362,2025-07-03,-1,-1,0.0021924250859925,-0.0021924250859925,0.29656067304085004,hold
1363,2025-07-04,-1,-1,1.1813410706551508e-05,-1.1813410706551508e-05,0.29655716964782,hold
1364,2025-07-07,-1,-1,0.0024036171315751,-0.0024036171315751,0.2958443597543631,hold
1365,2025-07-08,-1,-1,-0.0018180190273288,0.0018180190273288,0.2963822104295244,hold
1366,2025-07-09,-1,-1,-0.004743646446198,0.004743646446198,0.2977881428487447,hold
1367,2025-07-10,-1,-1,-0.008100901810276,0.008100901810276,0.3002004953542268,hold
1368,2025-07-11,0,-1,-0.0026858541571485,0.0026858541571485,0.30100679010265197,hold
1369,2025-07-14,-1,-1,0.0045251032187942,-0.0045251032187942,0.29964470330787957,hold
1370,2025-07-15,-1,-1,0.0006449487413033,-0.0006449487413033,0.29945144783364297,hold
1371,2025-07-16,-1,-1,-0.0039902173517283,0.0039902173517283,0.30064632419678894,hold
1372,2025-07-17,-1,-1,-0.0056965580472427,0.0056965580472427,0.3023589734342661,hold
1373,2025-07-18,1,1,0.0048981443028652,0.0048981443028652,0.3032352533705448,flip
1374,2025-07-21,1,1,-0.0011876443882732,-0.0011876443882732,0.30287511772355263,hold
1375,2025-07-22,-1,-1,0.0063445445902445,-0.0063445445902445,0.3003477627984329,flip
1376,2025-07-23,-1,-1,-0.006256994627491,0.006256994627491,0.3022270371366417,hold
1377,2025-07-24,1,1,-0.0089816740370306,-0.0089816740370306,0.2989080783296295,flip
1378,2025-07-25,-1,-1,-0.0062849623293875,0.0062849623293875,0.30018888818522155,flip
1379,2025-07-28,0,-1,0.0056804742343701,-0.0056804742343701,0.2984836729404412,hold
1380,2025-07-29,-1,-1,0.0013678351245234,-0.0013678351245234,0.2980753964884965,hold
1381,2025-07-30,-1,-1,-0.0034882717656889,0.0034882717656889,0.29911516447811387,hold
1382,2025-07-31,1,1,-0.0081959437427822,-0.0081959437427822,0.29606540308848195,flip
1383,2025-08-01,1,1,0.0064074150430544,0.0064074150430544,0.29796241700595905,hold
1384,2025-08-04,-1,-1,-0.0029608040671041,0.0029608040671041,0.2982487005080625,flip
1385,2025-08-05,1,1,-0.0030569142281212,-0.0030569142281212,0.29674048241094464,flip
1386,2025-08-06,1,1,0.0008932609229541,0.0008932609229541,0.2970055490881409,hold
1387,2025-08-07,-1,-1,-0.0094669127354072,0.0094669127354072,0.29922326360511375,flip
1388,2025-08-08,0,-1,0.0091018044718578,-0.0091018044718578,0.29649979196634885,hold
1389,2025-08-11,-1,-1,-0.0039719417907191,0.0039719417907191,0.2976774718809995,hold
1390,2025-08-12,-1,-1,0.0053884535167121,-0.0053884535167121,0.2960734506607964,hold
1391,2025-08-13,-1,-1,0.000485438164071,-0.000485438164071,0.29592972530847744,hold
1392,2025-08-14,-1,-1,0.0099730192766349,-0.0099730192766349,0.29297841245344675,hold
1393,2025-08-18,0,-1,0.0041685646806257,-0.0041685646806257,0.2917571129911075,hold
1394,2025-08-19,0,-1,0.0027981813736617,-0.0027981813736617,0.2909407236719025,hold
1395,2025-08-20,-1,-1,0.0013252889742787,-0.0013252889742787,0.29055514313865144,hold
1396,2025-08-21,-1,-1,-0.0085174820600987,0.0085174820600987,0.2930299413578043,hold
1397,2025-08-22,-1,-1,0.0039264173509054,-0.0039264173509054,0.2918793835117222,hold
1398,2025-08-25,-1,-1,-0.0102411798720348,0.0102411798720348,0.29486857277920436,hold
1399,2025-08-26,0,-1,-0.0085444301039235,0.0085444301039235,0.29738805668915996,hold
1400,2025-08-28,0,-1,-0.0030223697933294,0.0030223697933294,0.2982868733685942,hold
1401,2025-08-29,-1,-1,0.0081140701746054,-0.0081140701746054,0.29586655274591783,hold
1402,2025-09-01,0,-1,-0.0018457290617897,0.0018457290617897,0.2964126422407325,hold
1403,2025-09-02,-1,-1,0.005510715147017,-0.005510715147017,0.29477919660336915,hold
1404,2025-09-03,-1,-1,0.0007788776228048,-0.0007788776228048,0.2945495996834664,hold
1405,2025-09-04,-1,-1,0.0002708473067116,-0.0002708473067116,0.29446982171769914,hold
1406,2025-09-05,-1,-1,0.0012994782193525,-0.0012994782193525,0.2940871645981204,hold
1407,2025-09-08,0,-1,0.0038529301782352,-0.0038529301782352,0.29295406728660867,hold
1408,2025-09-09,0,-1,0.0042020862308871,-0.0042020862308871,0.2917230490341812,hold
1409,2025-09-10,0,-1,0.0012974116602184,-0.0012974116602184,0.2913445641488098,hold
1410,2025-09-11,0,-1,0.0043390454100098,-0.0043390454100098,0.29008040685500863,hold
1411,2025-09-12,0,-1,-0.0017838966811339,0.0017838966811339,0.29059788033005923,hold
1412,2025-09-15,-1,-1,0.0067772563910986,-0.0067772563910986,0.28862842398835264,hold
1413,2025-09-16,0,-1,0.0036114755294653,-0.0036114755294653,0.2875860494980106,hold
1414,2025-09-17,-1,-1,0.0036853015416349,-0.0036853015416349,0.28652620818644287,hold
1415,2025-09-18,-1,-1,-0.0037976065391384,0.0037976065391384,0.2876143219882862,hold
1416,2025-09-19,-1,-1,-0.0049236357186648,0.0049236357186648,0.2890304301372273,hold
1417,2025-09-22,-1,-1,-0.001303434397354,0.001303434397354,0.2894071623417501,hold
1418,2025-09-23,-1,-1,-0.0044736530076083,0.0044736530076083,0.2907018695639837,hold
1419,2025-09-24,-1,-1,-0.0066269482123226,0.0066269482123226,0.2926283357988096,hold
1420,2025-09-25,-1,-1,-0.0094874379272315,0.0094874379272315,0.29540462897044983,hold
1421,2025-09-26,0,-1,-0.0008030448049409,0.0008030448049409,0.29564185212310007,hold
1422,2025-09-29,-1,-1,-0.0009661407544825,0.0009661407544825,0.2959274837651669,hold
1423,2025-09-30,-1,-1,0.0091503904924759,-0.0091503904924759,0.2932196317312598,hold
1424,2025-10-01,-1,-1,0.0023332467769816,-0.0023332467769816,0.2925354779705751,hold
1425,2025-10-03,-1,-1,0.0073671787912872,-0.0073671787912872,0.2903803168015712,hold
1426,2025-10-06,0,-1,0.0012222193924698,-0.0012222193924698,0.2900254083471848,hold
1427,2025-10-07,-1,-1,-0.0024752925801897,0.0024752925801897,0.2907433060885331,hold
1428,2025-10-08,1,1,0.0054160175719368,0.0054160175719368,0.29173649033105453,flip
1429,2025-10-09,1,1,0.004112050167679,0.004112050167679,0.29293612541503844,hold
1430,2025-10-10,0,1,-0.0022938183927065,-0.0022938183927065,0.2922641831426733,hold
1431,2025-10-13,-1,-1,-0.0032444791324643,0.0032444791324643,0.29262789981976106,flip
1432,2025-10-14,-1,-1,0.0070808208725219,-0.0070808208725219,0.29055585407883505,hold
1433,2025-10-15,0,-1,0.0103362282114798,-0.0103362282114798,0.28755260246289477,hold
1434,2025-10-16,1,1,0.0048679837376106,0.0048679837376106,0.28837729865046596,flip
1435,2025-10-17,0,1,0.0051848137299641,0.0051848137299641,0.28987248122791887,hold
1436,2025-10-20,-1,-1,0.0009847568259027,-0.0009847568259027,0.2890072823609325,flip
1437,2025-10-21,-1,-1,0.0008814076368377,-0.0008814076368377,0.28875254913515785,hold
1438,2025-10-23,-1,-1,-0.0037174505259611,0.0037174505259611,0.289825972450813,hold
1439,2025-10-24,-1,-1,0.0066252915000297,-0.0066252915000297,0.2879057908990468,hold
1440,2025-10-27,0,-1,-0.001149638146805,0.001149638146805,0.2882367783789504,hold
1441,2025-10-28,-1,-1,0.0045381040946781,-0.0045381040946781,0.28692872987475204,hold
1442,2025-10-29,-1,-1,-0.00675717564781,0.00675717564781,0.28886755770091876,hold
1443,2025-10-30,-1,-1,-0.0060186608373972,0.0060186608373972,0.29060615355764785,hold
1444,2025-10-31,-1,-1,0.0016036793506921,-0.0016036793506921,0.29014011447000343,hold
1445,2025-11-03,-1,-1,-0.0064315867797603,0.0064315867797603,0.29200617579450683,hold
1446,2025-11-04,-1,-1,-0.0034359080045569,0.0034359080045569,0.29300948215129924,hold
1447,2025-11-06,-1,-1,-0.0006820322478444,0.0006820322478444,0.29320932406705064,hold
1448,2025-11-07,-1,-1,0.0032185728871263,-0.0032185728871263,0.2922656084863558,hold
1449,2025-11-10,-1,-1,0.0047156471705849,-0.0047156471705849,0.29088738699663785,hold
1450,2025-11-11,1,1,0.0070384090258497,0.0070384090258497,0.2923529966327876,flip
1451,2025-11-12,0,1,0.0001294494962036,0.0001294494962036,0.29239084158091533,hold
1452,2025-11-13,0,1,0.0011940264714482,0.0011940264714482,0.29273996398577196,hold
1453,2025-11-14,0,1,0.0039906690408659,0.0039906690408659,0.2939081922970742,hold
1454,2025-11-17,0,1,-0.0039748069020186,-0.0039748069020186,0.292739963985772,hold
1455,2025-11-18,0,1,0.0055036406751542,0.0055036406751542,0.2943510995588073,hold
1456,2025-11-19,0,1,0.0053545415882216,0.0053545415882216,0.2959272147629337,hold
1457,2025-11-20,0,1,-0.0047342428227803,-0.0047342428227803,0.29452622347037694,hold
1458,2025-11-21,-1,-1,-0.004167936312968,0.004167936312968,0.2951647375653597,flip
1459,2025-11-24,-1,-1,-0.002877529180069,0.002877529180069,0.2960140827106314,hold
1460,2025-11-25,-1,-1,0.0123817835303625,-0.0123817835303625,0.2923489004165696,hold
1461,2025-11-26,0,-1,0.0003911422381892,-0.0003911422381892,0.2922345504133285,hold
1462,2025-11-27,-1,-1,-0.0004806903583736,0.0004806903583736,0.2923750247440959,hold
1463,2025-11-28,-1,-1,-0.0010380212747401,0.0010380212747401,0.2926785162399829,hold
1464,2025-12-01,-1,-1,-0.0054841133969418,0.0054841133969418,0.29428359841189167,hold
1465,2025-12-02,-1,-1,-0.0017746951904364,0.0017746951904364,0.2948058620986176,hold
1466,2025-12-03,-1,-1,0.0018375278996383,-0.0018375278996383,0.29426414810203444,hold
1467,2025-12-04,-1,-1,0.0058654330916598,-0.0058654330916598,0.2925381614300677,hold
1468,2025-12-05,1,1,-0.0086265394598917,-0.0086265394598917,0.28942949311410693,flip
1469,2025-12-08,0,1,-0.0046570811090926,-0.0046570811090926,0.288081596489311,hold
1470,2025-12-09,1,1,-0.0031598875909956,-0.0031598875909956,0.2871712910273702,hold
1471,2025-12-10,1,1,0.0054565875164998,0.0054565875164998,0.2887382663090873,hold
1472,2025-12-11,1,1,0.0057299900196514,0.0057299900196514,0.2903927336933298,hold
1473,2025-12-12,1,1,-0.0007543469807149,-0.0007543469807149,0.2901736768114467,hold
1474,2025-12-15,-1,-1,-0.0064240688375742,0.0064240688375742,0.29145742513251255,flip
1475,2025-12-16,-1,-1,-0.0016066770334456,0.0016066770334456,0.29192570308370014,hold
1476,2025-12-17,-1,-1,-0.0001161955225689,0.0001161955225689,0.2919596235433212,hold
1477,2025-12-18,1,1,0.0058433620360547,0.0058433620360547,0.29308173007650845,flip
1478,2025-12-19,1,1,0.0079333291061156,0.0079333291061156,0.29540684389619515,hold
1479,2025-12-22,0,1,0.0001814888939914,0.0001814888939914,0.2954604569575714,hold
1480,2025-12-23,1,1,-0.0013389838361685,-0.0013389838361685,0.29506484018147827,hold
1481,2025-12-24,1,1,-0.003817552133005,-0.003817552133005,0.29393841477146865,hold
1482,2025-12-26,0,1,-0.0038476313101776,-0.0038476313101776,0.29280744812353,hold
1483,2025-12-29,-1,-1,-0.0001252789885528,0.0001252789885528,0.2922585158482246,flip
1484,2025-12-30,-1,-1,0.007353834224439,-0.007353834224439,0.2901092951719962,hold
1485,2025-12-31,1,1,0.0006487344669803,0.0006487344669803,0.2897172804806216,flip
1486,2026-01-01,-1,-1,0.0069607651702385,-0.0069607651702385,0.28712119196447466,flip
1487,2026-01-02,0,-1,-0.002972058760474,0.002972058760474,0.28797453301837045,hold
1488,2026-01-05,1,1,-0.0027276473171363,-0.0027276473171363,0.2866130909899426,flip
