idx,date,signal,position,return,pnl,equity,action
0,2020-01-01,-1,-1,0.0081838863379848,-0.0081838863379848,0.9915661136620152,enter
1,2020-01-02,0,-1,-0.0045227893866035,0.0045227893866035,0.9960507583570015,hold
2,2020-01-03,-1,-1,-0.0191058530729412,0.0191058530729412,1.015081157799362,hold
3,2020-01-06,0,-1,0.0049945920012428,-0.0049945920012428,1.010011241568005,hold
4,2020-01-07,1,1,-0.0022899444111396,-0.0022899444111396,1.0071933663494042,flip
5,2020-01-08,-1,-1,0.0158457581226116,-0.0158457581226116,0.990730027200358,flip
6,2020-01-09,1,1,0.0033480474426501,0.0033480474426501,0.9935516733206827,flip
7,2020-01-10,1,1,0.0059354808073293,0.0059354808073293,0.9994488802087675,hold
8,2020-01-13,1,1,0.0026562202609821,0.0026562202609821,1.002103636574194,hold
9,2020-01-14,1,1,-0.0015369308543056,-0.0015369308543056,1.0005634725759311,hold
10,2020-01-15,0,1,0.0009884063018437,0.0009884063018437,1.0015524358176198,hold
11,2020-01-16,0,1,-0.0002549788049855,-0.0002549788049855,1.0012970611744048,hold
12,2020-01-17,-1,-1,-0.0103461939411514,0.0103461939411514,1.011156026231433,flip
13,2020-01-20,0,-1,-0.0044746183856623,0.0044746183856623,1.0156805635771813,hold
14,2020-01-21,1,1,-0.0051725551893021,-0.0051725551893021,1.0099190595255882,flip
15,2020-01-22,1,1,0.0060667236352978,0.0060667236352978,1.0160459593537499,hold
16,2020-01-23,1,1,0.0055745847042631,0.0055745847042631,1.0217099936175917,hold
17,2020-01-24,1,1,-0.0105525279121506,-0.0105525279121506,1.010928370391819,hold
18,2020-01-27,0,1,-0.0052149678449129,-0.0052149678449129,1.0056564114467155,hold
19,2020-01-28,-1,-1,0.0061132563999481,-0.0061132563999481,0.9990057477475667,flip
20,2020-01-29,1,1,-0.007724984155365,-0.007724984155365,0.9907889413012244,flip
21,2020-01-30,-1,-1,-0.0061234148547233,0.0061234148547233,0.9963605585516334,flip
22,2020-01-31,0,-1,-0.0212503847193161,0.0212503847193161,1.0175336037400085,hold
23,2020-02-03,0,-1,0.0232108226866707,-0.0232108226866707,0.9939158116858701,hold
24,2020-02-04,1,1,0.0091405004678344,0.0091405004678344,1.00250374172173,flip
25,2020-02-05,1,1,0.0040366612301674,0.0040366612301674,1.006550509709036,hold
26,2020-02-06,0,1,-0.0032625431230384,-0.0032625431230384,1.003266595265594,hold
27,2020-02-07,1,1,-0.0055255147630383,-0.0055255147630383,0.9977230308821907,hold
28,2020-02-10,1,1,0.0063500303889789,0.0063500303889789,1.0040586024480769,hold
29,2020-02-11,1,1,0.0077056964194832,0.0077056964194832,1.0117955732259123,hold
30,2020-02-12,0,1,-0.0021759994314084,-0.0021759994314084,1.009593906633871,hold
31,2020-02-13,1,1,-0.0050268544351488,-0.0050268544351488,1.0045188250266093,hold
32,2020-02-14,-1,-1,-0.0055847334602637,0.0055847334602637,1.0096265355076868,flip
33,2020-02-17,1,1,-0.0044247626186481,-0.0044247626186481,1.0046543644868233,flip
34,2020-02-18,1,1,0.011123651500938,0.011123651500938,1.0158297895162711,hold
35,2020-02-19,1,1,-0.0037152524595064,-0.0037152524595064,1.0120557253923308,hold
36,2020-02-20,1,1,-0.0208138687990014,-0.0208138687990014,0.9909909303067367,hold
37,2020-02-24,0,1,-0.0026628568617023,-0.0026628568617023,0.9883520633080847,hold
38,2020-02-25,0,1,-0.0101204779385897,-0.0101204779385897,0.9783494680558156,hold
39,2020-02-26,0,1,-0.0038703767874727,-0.0038703767874727,0.9745628869846161,hold
40,2020-02-27,1,1,-0.0370960786649383,-0.0370960786649383,0.9384104254651053,hold
41,2020-02-28,1,1,-0.0061597518244916,-0.0061597518244916,0.9326300501347248,hold
42,2020-03-02,1,1,0.0153196474085468,0.0153196474085468,0.9469176136654042,hold
43,2020-03-03,-1,-1,-0.0046269501465237,0.0046269501465237,0.9508254954498665,flip
44,2020-03-04,1,1,0.0015998577904186,0.0015998577904186,0.9518712682783658,flip
45,2020-03-05,-1,-1,-0.0248069753028219,0.0248069753028219,0.9750083796878739,flip
46,2020-03-06,1,1,-0.0489560433359516,-0.0489560433359516,0.9267883230091145,flip
47,2020-03-09,1,1,0.0006649981756232,0.0006649981756232,0.9274046355531045,hold
48,2020-03-11,1,1,-0.0830193880106471,-0.0830193880106471,0.8504120702712485,hold
49,2020-03-12,1,1,0.0380650761268936,0.0380650761268936,0.8827830704653529,hold
50,2020-03-13,1,1,-0.0761210010667908,-0.0761210010667908,0.8155847394167149,hold
51,2020-03-16,1,1,-0.0250451840905282,-0.0250451840905282,0.7951582694765978,hold
52,2020-03-17,1,1,-0.055564540272715,-0.055564540272715,0.7509756657890831,hold
53,2020-03-18,1,1,-0.0242477817531284,-0.0242477817531284,0.7327661717431192,hold
54,2020-03-19,1,1,0.0583291468584656,0.0583291468584656,0.7755077973876393,hold
55,2020-03-20,-1,-1,-0.1298046607047124,0.1298046607047124,0.8757845700027068,flip
56,2020-03-23,1,1,0.0250714240251634,0.0250714240251634,0.8973038440269389,flip
57,2020-03-24,1,1,0.0662474689466749,0.0662474689466749,0.9567479525698456,hold
58,2020-03-25,1,1,0.0389043564303894,0.0389043564303894,0.9939696159306682,hold
59,2020-03-26,1,1,0.0021755381634551,0.0021755381634551,0.9961320347634403,hold
60,2020-03-27,1,1,-0.0437805364308189,-0.0437805364308189,0.9525208399255737,hold
61,2020-03-30,-1,-1,0.0382377227133605,-0.0382377227133605,0.9156223517498396,flip
62,2020-03-31,-1,-1,-0.0400046750966822,0.0400046750966822,0.952251526442852,hold
63,2020-04-01,1,1,-0.0205965741867707,-0.0205965741867707,0.9321622814707848,flip
64,2020-04-03,1,1,0.0876321046711503,0.0876321046711503,1.013849624091131,hold
65,2020-04-07,1,1,-0.0049419024075071,-0.0049419024075071,1.008839278192985,hold
66,2020-04-08,-1,-1,0.0415088316188025,-0.0415088316188025,0.9664591188249416,flip
67,2020-04-09,-1,-1,-0.0129556707370791,0.0129556707370791,0.9789802449492851,hold
68,2020-04-13,-1,-1,-0.0076218535626885,0.0076218535626885,0.9864418890170534,hold
69,2020-04-15,-1,-1,0.0075627711647903,-0.0075627711647903,0.978981654743054,hold
70,2020-04-16,-1,-1,0.0304632818768748,-0.0304632818768748,0.949158660642327,hold
71,2020-04-17,-1,-1,-0.0005288143766692,0.0005288143766692,0.9496605893878148,hold
72,2020-04-20,-1,-1,-0.0302746671440956,0.0302746671440956,0.9784112476313966,hold
73,2020-04-21,-1,-1,0.0229194177887257,-0.0229194177887257,0.9559866314777442,hold
74,2020-04-22,-1,-1,0.0137799558770148,-0.0137799558770148,0.942813177876965,hold
75,2020-04-23,-1,-1,-0.0171249415723349,0.0171249415723349,0.9589587984617354,hold
76,2020-04-24,-1,-1,0.0139713589754586,-0.0139713589754586,0.945560840845752,hold
77,2020-04-27,-1,-1,0.0106224306488902,-0.0106224306488902,0.9355166863895616,hold
78,2020-04-28,-1,-1,0.0183830135241964,-0.0183830135241964,0.9183190704915509,hold
79,2020-04-29,-1,-1,0.032088303452139,-0.032088303452139,0.8888517694917318,hold
80,2020-04-30,-1,-1,-0.057444839013135,0.057444839013135,0.9399117162967245,hold
81,2020-05-04,-1,-1,-0.0094582655216011,0.0094582655216011,0.9488016508763227,hold
82,2020-05-05,1,1,0.0070935934671216,0.0070935934671216,0.9550576632431351,flip
83,2020-05-06,-1,-1,-0.0077501195040513,0.0077501195040513,0.9619819454349078,flip
84,2020-05-07,1,1,0.0057016970693835,0.0057016970693835,0.9669858841012764,flip
85,2020-05-08,1,1,-0.0013294930214019,-0.0013294930214019,0.9657002831165695,hold
86,2020-05-11,1,1,-0.0046162427183511,-0.0046162427183511,0.961242376216523,hold
87,2020-05-12,1,1,0.0203337125303977,0.0203337125303977,0.9807880023665462,hold
88,2020-05-13,1,1,-0.0256619093732747,-0.0256619093732747,0.9556191095354207,hold
89,2020-05-14,1,1,-0.0006453627874545,-0.0006453627874545,0.9550023885231461,hold
90,2020-05-15,1,1,-0.0343225097032598,-0.0343225097032598,0.9222243097764241,hold
91,2020-05-18,1,1,0.0063298228402233,0.0063298228402233,0.9280618262762561,hold
92,2020-05-19,1,1,0.021111396826158,0.021111396826158,0.9476545077699831,hold
93,2020-05-20,1,1,0.0043787544510012,0.0043787544510012,0.9518040541638922,hold
94,2020-05-21,1,1,-0.0073575840768702,-0.0073575840768702,0.9448010758106755,hold
95,2020-05-22,1,1,-0.0011284338094974,-0.0011284338094974,0.9437349303334812,hold
96,2020-05-26,-1,-1,0.0316645047717616,-0.0316645047717616,0.9133801636634918,flip
97,2020-05-27,0,-1,0.0188030435364687,-0.0188030435364687,0.8962058366807804,hold
98,2020-05-28,0,-1,0.0095046626511057,-0.0095046626511057,0.8876877025371775,hold
99,2020-05-29,0,-1,0.0256620973194605,-0.0256620973194605,0.8649077743253802,hold
100,2020-06-01,0,-1,0.0155655279707429,-0.0155655279707429,0.8514450281720055,hold
101,2020-06-02,-1,-1,0.0082622880359908,-0.0082622880359908,0.8444101441024361,hold
102,2020-06-03,-1,-1,-0.0032251686810099,0.0032251686810099,0.8471335092531223,hold
103,2020-06-04,-1,-1,0.0112722762414605,-0.0112722762414605,0.8375843863234231,hold
104,2020-06-05,-1,-1,0.0024945207587225,-0.0024945207587225,0.8354950146845576,hold
105,2020-06-08,-1,-1,-0.0118810323499978,0.0118810323499978,0.8454215579822867,hold
106,2020-06-09,-1,-1,0.0069177285262014,-0.0069177285262014,0.839573161153967,hold
107,2020-06-10,-1,-1,-0.021169158460066,0.021169158460066,0.8573462184412538,hold
108,2020-06-11,-1,-1,0.0071602091117954,-0.0071602091117954,0.8512074402360075,hold
109,2020-06-12,-1,-1,-0.0159632793948444,0.0159632793948444,0.8647955024274651,hold
110,2020-06-15,-1,-1,0.010220386061458,-0.010220386061458,0.8559569585284438,hold
111,2020-06-16,-1,-1,-0.0033134566648174,0.0033134566648174,0.8587931348174767,hold
112,2020-06-17,1,1,0.0213031875518985,0.0213031875518985,0.8766587694693675,flip
113,2020-06-18,-1,-1,0.0151362754442923,-0.0151362754442923,0.8629510914792902,flip
114,2020-06-19,-1,-1,0.0065206163504338,-0.0065206163504338,0.8573241184825656,hold
115,2020-06-22,-1,-1,0.0154976919912916,-0.0154976919912916,0.8440375733576172,hold
116,2020-06-23,-1,-1,-0.0158246772335498,0.0158246772335498,0.8573941955289901,hold
117,2020-06-24,1,1,-0.0015913572989929,-0.0015913572989929,0.8556010779200565,flip
118,2020-06-25,1,1,0.0091457401473864,0.0091457401473864,0.863426183048537,hold
119,2020-06-26,0,1,-0.0067995386087835,-0.0067995386087835,0.8575552833810639,hold
120,2020-06-29,1,1,-0.0009988732845714,-0.0009988732845714,0.8566986943184515,hold
121,2020-06-30,1,1,0.0124198173347171,0.0124198173347171,0.8673387356127774,hold
122,2020-07-01,1,1,0.0116634525148986,0.0116634525148986,0.8774548997699293,hold
123,2020-07-02,0,1,0.0052739760448483,0.0052739760448483,0.8820825758917508,hold
124,2020-07-03,0,1,0.014735139974255,0.014735139974255,0.8950801861163671,hold
125,2020-07-06,1,1,0.0033445902359812,0.0033445902359812,0.8980738625672722,hold
126,2020-07-07,-1,-1,-0.008694762073642,0.008694762073642,0.9054333641955676,flip
127,2020-07-08,-1,-1,0.0100600327219018,-0.0100600327219018,0.8963246749242586,hold
128,2020-07-09,-1,-1,-0.0041985110954393,0.0041985110954393,0.9000879040170441,hold
129,2020-07-10,-1,-1,0.0032178891492418,-0.0032178891492418,0.8971915209173438,hold
130,2020-07-13,-1,-1,-0.0180834960154004,0.0180834960154004,0.9134158802109036,hold
131,2020-07-14,-1,-1,0.0010229309240368,-0.0010229309240368,0.9124815188605295,hold
132,2020-07-15,-1,-1,0.0114661616621005,-0.0114661616621005,0.9020188582515958,hold
133,2020-07-16,1,1,0.0150605912558696,0.0150605912558696,0.9151527861516836,flip
134,2020-07-17,1,1,0.0110533217609316,0.0110533217609316,0.9252682643574313,hold
135,2020-07-20,1,1,0.0127061568657644,0.0127061568657644,0.9370248680672704,hold
136,2020-07-21,1,1,-0.0026563094918139,-0.0026563094918139,0.9345358400161575,hold
137,2020-07-22,1,1,0.0074421598588463,0.0074421598588463,0.9414908051313791,hold
138,2020-07-23,1,1,-0.0018991484351116,-0.0018991484351116,0.9397027743421418,hold
139,2020-07-24,1,1,-0.0055699256988469,-0.0055699256988469,0.9344686997100558,hold
140,2020-07-27,1,1,0.0151592736988444,0.0151592736988444,0.9486345664919638,hold
141,2020-07-28,1,1,-0.0086456143286032,-0.0086456143286032,0.9404330378912925,hold
142,2020-07-29,1,1,-0.0089887146807479,-0.0089887146807479,0.9319797536373386,hold
143,2020-07-30,1,1,-0.0025851023723058,-0.0025851023723058,0.9295704905652697,hold
144,2020-07-31,-1,-1,-0.0164222155452939,0.0164222155452939,0.9443713122805947,flip
145,2020-08-03,-1,-1,0.0186979321613793,-0.0186979321613793,0.9267135215484194,hold
146,2020-08-04,-1,-1,0.0005768586219327,-0.0005768586219327,0.9261789388634526,hold
147,2020-08-05,-1,-1,0.0088725546683743,-0.0088725546683743,0.9179613655956896,hold
148,2020-08-06,1,1,0.001241002448872,0.001241002448872,0.918641577215566,flip
149,2020-08-07,-1,-1,0.005002705259437,-0.005002705259437,0.9135865633770844,flip
150,2020-08-10,0,-1,0.0046449787767293,-0.0046449787767293,0.9093429731794929,hold
151,2020-08-11,0,-1,-0.0012452735151247,0.0012452735151247,0.9104753539001581,hold
152,2020-08-12,-1,-1,-0.000703034473301,0.000703034473301,0.9111154494610408,hold
153,2020-08-13,-1,-1,-0.0108004373788689,0.0108004373788689,0.9209558948178648,hold
154,2020-08-14,-1,-1,0.0061457110453491,-0.0061457110453491,0.9152959660028033,hold
155,2020-08-17,1,1,0.0122920579350753,0.0122920579350753,0.9260891890616492,flip
156,2020-08-18,1,1,0.0020246002135075,0.0020246002135075,0.9279641494315505,hold
157,2020-08-19,1,1,-0.008432399987605,-0.008432399987605,0.9201391845493859,hold
158,2020-08-20,-1,-1,0.0052509160938571,-0.0052509160938571,0.9148475413043724,flip
159,2020-08-21,0,-1,0.0083410064718865,-0.0083410064718865,0.9072167920415631,hold
160,2020-08-24,1,1,0.0005058064691958,0.0005058064691958,0.9072220597679201,flip
161,2020-08-25,-1,-1,0.0067423225064831,-0.0067423225064831,0.9006516650260851,flip
162,2020-08-26,0,-1,0.0008355606212675,-0.0008355606212675,0.8998991159613102,hold
163,2020-08-27,0,-1,0.0076431956549949,-0.0076431956549949,0.8930210109482609,hold
164,2020-08-28,0,-1,-0.0223307478019462,0.0223307478019462,0.9129628379255855,hold
165,2020-08-31,-1,-1,0.0072667398463226,-0.0072667398463226,0.9063285744930198,hold
166,2020-09-01,1,1,0.0056450382511279,0.0056450382511279,0.9109916696768767,flip
167,2020-09-02,1,1,-0.0006545127600779,-0.0006545127600779,0.9103954140047485,hold
168,2020-09-03,-1,-1,-0.0167947449485598,0.0167947449485598,0.9252300750782944,flip
169,2020-09-04,1,1,0.0018705202595032,0.0018705202595032,0.926498121640891,flip
170,2020-09-07,-1,-1,-0.0033201259317187,0.0033201259317187,0.9291109630194191,flip
171,2020-09-08,1,1,-0.0034769279675166,-0.0034769279675166,0.9254159556456609,flip
172,2020-09-09,1,1,0.0151844298634509,0.0151844298634509,0.9394678693186809,hold
173,2020-09-10,1,1,0.0013276149365679,0.0013276149365679,0.940715120894414,hold
174,2020-09-11,-1,-1,-0.0021283524468515,0.0021283524468515,0.9422469366633126,flip
175,2020-09-14,-1,-1,0.0071459479106903,-0.0071459479106903,0.9355136891349091,hold
176,2020-09-15,0,-1,0.0071820376506051,-0.0071820376506051,0.9287947945968856,hold
177,2020-09-16,1,1,-0.0076220272911209,-0.0076220272911209,0.9212510979273187,flip
178,2020-09-17,-1,-1,-0.0009681588767627,0.0009681588767627,0.9216823898065408,flip
179,2020-09-18,-1,-1,-0.0221122548386738,0.0221122548386738,0.942062865690261,hold
180,2020-09-21,1,1,-0.0086128603263573,-0.0086128603263573,0.9334779783765778,flip
181,2020-09-22,-1,-1,-0.0019545871070447,0.0019545871070447,0.9348358034086346,flip
182,2020-09-23,-1,-1,-0.0293122720965164,0.0293122720965164,0.962237964843714,hold
183,2020-09-24,1,1,0.0226457884823545,0.0226457884823545,0.9835474832828343,flip
184,2020-09-25,-1,-1,0.0160448681873712,-0.0160448681873712,0.9672748198158991,flip
185,2020-09-28,1,1,-0.0004586409458945,-0.0004586409458945,0.966347550567691,flip
186,2020-09-29,-1,-1,0.0022410013176423,-0.0022410013176423,0.9636987906582846,flip
187,2020-09-30,-1,-1,0.0150610927327836,-0.0150610927327836,0.9491844338057088,hold
188,2020-10-01,0,-1,0.0075676439490797,-0.0075676439490797,0.9420013439686584,hold
189,2020-10-05,0,-1,0.0138264754746197,-0.0138264754746197,0.928976785489217,hold
190,2020-10-06,0,-1,0.0065551872847253,-0.0065551872847253,0.9228871686771731,hold
191,2020-10-07,-1,-1,0.0081566766068399,-0.0081566766068399,0.9153594764976712,hold
192,2020-10-08,1,1,0.0067260903253916,0.0067260903253916,0.921058587278549,flip
193,2020-10-09,0,1,0.0014058853909966,0.0014058853909966,0.9223534900906558,hold
194,2020-10-12,-1,-1,0.0002975290843887,-0.0002975290843887,0.9216178863562211,flip
195,2020-10-13,-1,-1,0.0030625333853533,-0.0030625333853533,0.9187954008107164,hold
196,2020-10-14,-1,-1,-0.0242836008583533,0.0242836008583533,0.9411070615944946,hold
197,2020-10-15,-1,-1,0.007028949362235,-0.007028949362235,0.9344920677141052,hold
198,2020-10-16,-1,-1,0.0094027696218492,-0.0094027696218492,0.925705254087944,hold
199,2020-10-19,1,1,0.0020003285078973,0.0020003285078973,0.9270941160705626,flip
200,2020-10-20,1,1,0.0034337457642519,0.0034337457642519,0.9302775215646828,hold
201,2020-10-21,-1,-1,-0.0034512817819539,0.0034512817819539,0.9330230326662379,flip
202,2020-10-22,1,1,0.0028495402835257,0.0028495402835257,0.9352152078669447,flip
203,2020-10-23,-1,-1,-0.0136290733045432,0.0136290733045432,0.9474937168865535,flip
204,2020-10-26,0,-1,0.0103376083469652,-0.0103376083469652,0.93769889793017,hold
205,2020-10-27,1,1,-0.0134406089457635,-0.0134406089457635,0.9246268042852522,flip
206,2020-10-28,0,1,-0.0050129421843609,-0.0050129421843609,0.9199917035732599,hold
207,2020-10-29,1,1,-0.0024333734223676,-0.0024333734223676,0.917753020212986,hold
208,2020-10-30,0,1,0.0022976361491175,0.0022976361491175,0.9198616827281892,hold
209,2020-11-02,1,1,0.0123701901631991,0.0123701901631991,0.9312405466673773,hold
210,2020-11-03,-1,-1,0.008041647267956,-0.008041647267956,0.9232862183961261,flip
211,2020-11-04,0,-1,0.0177855989156905,-0.0177855989156905,0.906865020031348,hold
212,2020-11-05,0,-1,0.0118190145712895,-0.0118190145712895,0.8961467691454047,hold
213,2020-11-06,0,-1,0.0161046355374614,-0.0161046355374614,0.8817146520402444,hold
214,2020-11-09,0,-1,0.0136465071043638,-0.0136465071043638,0.8696823267771555,hold
215,2020-11-10,-1,-1,0.0093460415087203,-0.0093460415087203,0.8615542396516958,hold
216,2020-11-11,-1,-1,-0.0045768215253314,0.0045768215253314,0.8654974196409742,hold
217,2020-11-12,-1,-1,0.0022969703307613,-0.0022969703307613,0.8635093977467084,hold
218,2020-11-13,-1,-1,0.0121266198083733,-0.0121266198083733,0.8530379475792768,hold
219,2020-11-17,-1,-1,0.0049750511655721,-0.0049750511655721,0.8487940401438953,hold
220,2020-11-18,0,-1,-0.0128726686134137,0.0128726686134137,0.8597202845437082,hold
221,2020-11-19,0,-1,0.0068393094137191,-0.0068393094137191,0.8538403915084631,hold
222,2020-11-20,-1,-1,0.005241475198302,-0.005241475198302,0.849365008273063,hold
223,2020-11-23,-1,-1,0.0099563448098976,-0.0099563448098976,0.8409084373812349,hold
224,2020-11-24,-1,-1,-0.0150706804680923,0.0150706804680923,0.8535814997439303,hold
225,2020-11-25,0,-1,0.0100012136399767,-0.0100012136399767,0.8450446488058595,hold
226,2020-11-26,-1,-1,-0.0013898363507738,0.0013898363507738,0.8462191225767968,hold
227,2020-11-27,-1,-1,0.0108026946873185,-0.0108026946873185,0.8370776757570291,hold
228,2020-12-01,-1,-1,0.0003585458429504,-0.0003585458429504,0.8367775450361599,hold
229,2020-12-02,-1,-1,0.00153658492994,-0.00153658492994,0.8354917652707451,hold
230,2020-12-03,-1,-1,0.0094906623588735,-0.0094906623588735,0.8275623950229413,hold
231,2020-12-04,-1,-1,0.0073311332494399,-0.0073311332494399,0.8214954248328025,hold
232,2020-12-07,0,-1,0.0027853318093331,-0.0027853318093331,0.8192072874947941,hold
233,2020-12-08,0,-1,0.0101657522858669,-0.0101657522858669,0.8108794291393451,hold
234,2020-12-09,0,-1,-0.0037548548058806,0.0037548548058806,0.8139241636608386,hold
235,2020-12-10,1,1,0.0026375585350264,0.0026375585350264,0.8156639742037362,flip
236,2020-12-11,0,1,0.0032781762806703,0.0032781762806703,0.8183378644969682,hold
237,2020-12-14,-1,-1,0.0007153791977927,-0.0007153791977927,0.8173432736796925,flip
238,2020-12-15,-1,-1,0.008464907059269,-0.008464907059269,0.8104245388324752,hold
239,2020-12-16,-1,-1,0.0042389293905504,-0.0042389293905504,0.806989206435995,hold
240,2020-12-17,0,-1,0.0014445849987885,-0.0014445849987885,0.8058234419341933,hold
241,2020-12-18,-1,-1,-0.0314049525779333,0.0314049525779333,0.8311302889143235,hold
242,2020-12-21,0,-1,0.0103462838766079,-0.0103462838766079,0.8225311790067688,hold
243,2020-12-22,-1,-1,0.0100101591857162,-0.0100101591857162,0.8142975109696962,hold
244,2020-12-23,1,1,0.0108925303747413,0.0108925303747413,0.8227601225865251,flip
245,2020-12-24,-1,-1,0.0090150513891666,-0.0090150513891666,0.8149315177391574,flip
246,2020-12-28,0,-1,0.0042815942411449,-0.0042815942411449,0.8114423116458779,hold
247,2020-12-29,-1,-1,0.0035420946069744,-0.0035420946069744,0.8085681062099261,hold
248,2020-12-30,-1,-1,-1.4318125132972703e-05,1.4318125132972703e-05,0.8085796833892495,hold
249,2020-12-31,-1,-1,0.0026284263414808,-0.0026284263414808,0.806454391250243,hold
250,2021-01-01,-1,-1,0.0081606727271106,-0.0081606727271106,0.7998731808939086,hold
251,2021-01-04,0,-1,0.0047123808655142,-0.0047123808655142,0.7961038738214261,hold
252,2021-01-05,0,-1,-0.0037501320469031,0.0037501320469031,0.7990893684713075,hold
253,2021-01-06,1,1,-0.000629169612088,-0.000629169612088,0.7981870610390871,flip
254,2021-01-07,-1,-1,0.014847223590326,-0.014847223590326,0.7859371057464151,flip
255,2021-01-08,-1,-1,0.0095837181341371,-0.0095837181341371,0.778404906053782,hold
256,2021-01-11,0,-1,0.0054333140242324,-0.0054333140242324,0.7741755877611887,hold
257,2021-01-12,0,-1,9.609083312889231e-05,-9.609083312889231e-05,0.7741011965839727,hold
258,2021-01-13,-1,-1,0.002111247340323,-0.002111247340323,0.772466877491544,hold
259,2021-01-14,-1,-1,-0.0110923441582015,0.0110923441582015,0.7810353459474916,hold
260,2021-01-15,0,-1,-0.0105586501425666,0.0105586501425666,0.7892820249143295,hold
261,2021-01-18,0,-1,0.0167947308170628,-0.0167947308170628,0.7760262457671471,hold
262,2021-01-19,-1,-1,0.008508265623863,-0.008508265623863,0.769423608337071,hold
263,2021-01-20,-1,-1,-0.0037112802046228,0.0037112802046228,0.7722791549436618,hold
264,2021-01-21,1,1,-0.0149721716475961,-0.0149721716475961,0.760330319298513,flip
265,2021-01-22,0,1,-0.0092541693433081,-0.0092541693433081,0.7532940937668731,hold
266,2021-01-25,0,1,-0.0190604880418779,-0.0190604880418779,0.7389359407006123,hold
267,2021-01-27,0,1,-0.0107356502819043,-0.0107356502819043,0.7310029828605206,hold
268,2021-01-28,0,1,-0.0132404223540728,-0.0132404223540728,0.7213241946253602,hold
269,2021-01-29,0,1,0.0474235111013383,0.0474235111013383,0.7555319205768399,hold
270,2021-02-01,-1,-1,0.0256735714819573,-0.0256735714819573,0.7357569518467216,flip
271,2021-02-02,-1,-1,0.0097011226717231,-0.0097011226717231,0.7286192834002836,hold
272,2021-02-03,-1,-1,0.0071467580293813,-0.0071467580293813,0.7234120176862806,hold
273,2021-02-04,0,-1,0.0019199973566108,-0.0019199973566108,0.7220230685245825,hold
274,2021-02-05,-1,-1,0.0128348027329681,-0.0128348027329681,0.7127560448714172,hold
275,2021-02-08,-1,-1,-0.0004300136336804,0.0004300136336804,0.7130625396882,hold
276,2021-02-09,-1,-1,-0.0001853034041081,0.0001853034041081,0.7131946726041463,hold
277,2021-02-10,-1,-1,0.0044219246475027,-0.0044219246475027,0.7100409795028904,hold
278,2021-02-11,0,-1,-0.0006590524229219,0.0006590524229219,0.7105089337308056,hold
279,2021-02-12,-1,-1,0.0099846598415338,-0.0099846598415338,0.7034147437131326,hold
280,2021-02-15,-1,-1,-8.162092525865194e-05,8.162092525865194e-05,0.7034721570753549,hold
281,2021-02-16,-1,-1,-0.0068273186874309,0.0068273186874309,0.7082749856794428,hold
282,2021-02-17,-1,-1,-0.0059143128695843,0.0059143128695843,0.7124639455424513,hold
283,2021-02-18,-1,-1,-0.0090747170630297,0.0090747170630297,0.7189293542658588,hold
284,2021-02-19,0,-1,-0.0204281745915864,0.0204281745915864,0.7336157686338183,hold
285,2021-02-22,0,-1,0.0021872625461001,-0.0021872625461001,0.7320111583398571,hold
286,2021-02-23,-1,-1,0.0186431824578623,-0.0186431824578623,0.718364140753736,hold
287,2021-02-24,-1,-1,0.0076992130139501,-0.0076992130139501,0.7128333022124898,hold
288,2021-02-25,1,1,-0.0376356932475859,-0.0376356932475859,0.6856489100626506,flip
289,2021-02-26,0,1,0.0159953891187234,0.0159953891187234,0.6966161311779313,hold
290,2021-03-01,1,1,0.0106729853417877,0.0106729853417877,0.7040511049348462,hold
291,2021-03-02,0,1,0.0218846987116321,0.0218846987116321,0.719459051243937,hold
292,2021-03-03,0,1,-0.0108129305241382,-0.0108129305241382,0.711679590507874,hold
293,2021-03-04,0,1,-0.0094591045289524,-0.0094591045289524,0.704947738870138,hold
294,2021-03-05,0,1,0.0012117060677612,0.0012117060677612,0.7058019283227814,hold
295,2021-03-08,-1,-1,0.0095077756017913,-0.0095077756017913,0.6987384210048155,flip
296,2021-03-09,0,-1,0.0050600998838219,-0.0050600998838219,0.6952027348018671,hold
297,2021-03-10,0,-1,-0.0094795062357636,0.0094795062357636,0.7017929134615413,hold
298,2021-03-12,0,-1,-0.006749419963093,0.006749419963093,0.7065296085616158,hold
299,2021-03-15,-1,-1,-0.0012759841044576,0.0012759841044576,0.7074311291114691,hold
300,2021-03-16,-1,-1,-0.0126857598628687,0.0126857598628687,0.7164054305348952,hold
301,2021-03-17,1,1,-0.0111029730717429,-0.0111029730717429,0.7080929976159486,flip
302,2021-03-18,0,1,0.0127869428260285,0.0127869428260285,0.7171473422919749,hold
303,2021-03-19,0,1,-0.0005154374236977,-0.0005154374236977,0.7167776977134522,hold
304,2021-03-22,-1,-1,0.0053167399974314,-0.0053167399974314,0.7126083882098956,flip
305,2021-03-23,0,-1,-0.0179111769942118,0.0179111769942118,0.725372043178683,hold
306,2021-03-24,0,-1,-0.0154301891468089,0.0154301891468089,0.7365646710067373,hold
307,2021-03-25,0,-1,0.0127330319296232,-0.0127330319296232,0.7271859695325761,hold
308,2021-03-26,-1,-1,0.0232848158675504,-0.0232848158675504,0.7102535781305439,hold
309,2021-03-30,-1,-1,-0.0104006990943323,0.0104006990943323,0.7176407118773526,hold
310,2021-03-31,0,-1,0.0120245741669184,-0.0120245741669184,0.7090113879121832,hold
311,2021-04-01,1,1,-0.015439860548026,-0.015439860548026,0.6977098452619006,flip
312,2021-04-05,0,1,0.0031220672452334,0.0031220672452334,0.6998881423164697,hold
313,2021-04-06,-1,-1,0.0092314369658119,-0.0092314369658119,0.6930772249763978,flip
314,2021-04-07,1,1,0.0036945688638336,0.0036945688638336,0.6952913078995396,flip
315,2021-04-08,-1,-1,-0.0026187118170183,0.0026187118170183,0.6967644298098565,flip
316,2021-04-09,-1,-1,-0.0353255893040076,0.0353255893040076,0.7213780438989605,hold
317,2021-04-12,0,-1,0.0135561955060299,-0.0135561955060299,0.7115989021021087,hold
318,2021-04-13,-1,-1,0.0052844845607746,-0.0052844845607746,0.7078384686904861,hold
319,2021-04-15,0,-1,0.0024962821650071,-0.0024962821650071,0.7060715041453881,hold
320,2021-04-16,0,-1,-0.0176769785548196,0.0176769785548196,0.7185527149823354,hold
321,2021-04-19,0,-1,-0.004390823034999,0.004390823034999,0.7217077527951409,hold
322,2021-04-20,-1,-1,0.0076767575754221,-0.0076767575754221,0.7161673773366299,hold
323,2021-04-22,0,-1,-0.0044981330537942,0.0044981330537942,0.7193887934886769,hold
324,2021-04-23,0,-1,0.0100165182871698,-0.0100165182871698,0.7121830224831126,hold
325,2021-04-26,-1,-1,0.011601643402658,-0.011601643402658,0.7039205290188364,hold
326,2021-04-27,0,-1,0.014433855260107,-0.014433855260107,0.6937602419883606,hold
327,2021-04-28,0,-1,0.0020418099664161,-0.0020418099664161,0.6923437154119655,hold
328,2021-04-29,0,-1,-0.0177108120451774,0.0177108120451774,0.7046056848262866,hold
329,2021-04-30,0,-1,0.0002085134632017,-0.0002085134632017,0.7044587650547518,hold
330,2021-05-03,-1,-1,-0.0094061074234402,0.0094061074234402,0.7110849798742408,hold
331,2021-05-04,0,-1,0.0083709591539336,-0.0083709591539336,0.7051325165527378,hold
332,2021-05-05,0,-1,0.0073164109749706,-0.0073164109749706,0.6999734772698227,hold
333,2021-05-06,1,1,0.0066792477481554,0.0066792477481554,0.7042987868030108,flip
334,2021-05-07,0,1,0.0080414227481215,0.0080414227481215,0.709962351088683,hold
335,2021-05-10,0,1,-0.0061302011912188,-0.0061302011912188,0.7056101390383187,hold
336,2021-05-11,0,1,-0.0103866808073666,-0.0103866808073666,0.6982811917496862,hold
337,2021-05-12,0,1,-0.0012724250884564,-0.0012724250884564,0.6973926812425066,hold
338,2021-05-14,-1,-1,0.0167157604819725,-0.0167157604819725,0.685386535880355,flip
339,2021-05-17,0,-1,0.012393443335275,-0.012393443335275,0.6768922366851614,hold
340,2021-05-18,-1,-1,-0.0051594324081388,0.0051594324081388,0.6803846164279324,hold
341,2021-05-19,-1,-1,-0.0082567760609306,0.0082567760609306,0.68600239984108,hold
342,2021-05-20,-1,-1,0.0180631356749747,-0.0180631356749747,0.6736110454193923,hold
343,2021-05-21,0,-1,0.0014761086049899,-0.0014761086049899,0.6726167223588325,hold
344,2021-05-24,0,-1,0.0007073438653115,-0.0007073438653115,0.6721409510465661,hold
345,2021-05-25,-1,-1,0.0061150215048646,-0.0061150215048646,0.6680307946766162,hold
346,2021-05-26,0,-1,0.0023788211965458,-0.0023788211965458,0.6664416688622942,hold
347,2021-05-27,1,1,0.006376433707514,0.006376433707514,0.6703579691492885,flip
348,2021-05-28,0,1,0.0095330880357249,0.0095330880357249,0.6767485506846385,hold
349,2021-05-31,0,1,-0.0005101904286871,-0.0005101904286871,0.6764032800514513,hold
350,2021-06-01,-1,-1,8.67158252806366e-05,-8.67158252806366e-05,0.6760064235427734,flip
351,2021-06-02,-1,-1,0.0073284506253876,-0.0073284506253876,0.6710523438453954,hold
352,2021-06-03,0,-1,-0.0012810173052479,0.0012810173052479,0.6719119735105885,hold
353,2021-06-04,-1,-1,0.0051945814919991,-0.0051945814919991,0.6684216720087378,hold
354,2021-06-07,-1,-1,-0.0007333060957773,0.0007333060957773,0.6689118296953714,hold
355,2021-06-08,-1,-1,-0.0066549769442125,0.0066549769442125,0.6733634224997052,hold
356,2021-06-09,-1,-1,0.006549286916079,-0.006549286916079,0.6689533722469616,hold
357,2021-06-10,-1,-1,0.0039141306333496,-0.0039141306333496,0.6663350013603673,hold
358,2021-06-11,-1,-1,0.0007911718082738,-0.0007911718082738,0.6658078158924249,hold
359,2021-06-14,-1,-1,0.0036302135450976,-0.0036302135450976,0.6633907913407403,hold
360,2021-06-15,-1,-1,-0.0064086327528081,0.0064086327528081,0.6676422192940379,hold
361,2021-06-16,1,1,-0.0048295020472909,-0.0048295020472909,0.6640840187194524,flip
362,2021-06-17,-1,-1,-0.0005130696464038,0.0005130696464038,0.6640926980627595,flip
363,2021-06-18,-1,-1,0.0040265882096546,-0.0040265882096546,0.6614186702346223,hold
364,2021-06-21,0,-1,0.0016670371193598,-0.0016670371193598,0.6603160607599036,hold
365,2021-06-22,0,-1,-0.0054397492312691,0.0054397492312691,0.6639080145438169,hold
366,2021-06-23,1,1,0.0065978407983298,0.0065978407983298,0.6679564199212403,flip
367,2021-06-24,0,1,0.0044266891189239,0.0044266891189239,0.6709132553372211,hold
368,2021-06-25,-1,-1,-0.0028782098242977,0.0028782098242977,0.6725088278323157,flip
369,2021-06-28,1,1,-0.0041891404314852,-0.0041891404314852,0.6693553394971965,flip
370,2021-06-29,1,1,-0.0017112919035373,-0.0017112919035373,0.6682098771241255,hold
371,2021-06-30,-1,-1,-0.002639697229908,0.002639697229908,0.6696396439472052,flip
372,2021-07-01,1,1,0.0026913389867666,0.0026913389867666,0.6711070514060713,flip
373,2021-07-02,1,1,0.007133188273225,0.007133188273225,0.6758941843552397,hold
374,2021-07-05,1,1,-0.0010167521731027,-0.0010167521731027,0.675206967474509,hold
375,2021-07-06,-1,-1,0.0038816171589777,-0.0038816171589777,0.6722484690399615,flip
376,2021-07-07,0,-1,-0.0095562557277451,0.0095562557277451,0.6786726473226925,hold
377,2021-07-08,0,-1,-0.0024224839292732,0.0024224839292732,0.680316720904069,hold
378,2021-07-09,1,1,0.0001784474449868,0.0001784474449868,0.6800979633242442,flip
379,2021-07-12,1,1,0.0076309854951284,0.0076309854951284,0.6852877810176379,hold
380,2021-07-13,1,1,0.0026308921169333,0.0026308921169333,0.6870906992385479,hold
381,2021-07-14,1,1,0.0044310723280038,0.0044310723280038,0.6901352478227727,hold
382,2021-07-15,1,1,-5.0225736783704455e-05,-5.0225736783704455e-05,0.6901005852714703,hold
383,2021-07-16,1,1,-0.0107389122803617,-0.0107389122803617,0.6826896556216138,hold
384,2021-07-19,0,1,-0.0076369809214345,-0.0076369809214345,0.6774759677463709,hold
385,2021-07-20,-1,-1,0.0122792331234495,-0.0122792331234495,0.6688183444190055,flip
386,2021-07-22,1,1,0.0020222383267853,0.0020222383267853,0.6698364453365373,flip
387,2021-07-23,-1,-1,-0.0019929055322251,0.0019929055322251,0.6708364478714663,flip
388,2021-07-26,1,1,-0.0049290812026508,-0.0049290812026508,0.6671944223222743,flip
389,2021-07-27,1,1,-0.0023528988583426,-0.0023528988583426,0.6656245813276997,hold
390,2021-07-28,-1,-1,0.0043954449546468,-0.0043954449546468,0.6623660528293502,flip
391,2021-07-29,1,1,-0.0009760394990868,-0.0009760394990868,0.66138837437252,flip
392,2021-07-30,-1,-1,0.0077460001364197,-0.0077460001364197,0.6559345657472178,flip
393,2021-08-02,1,1,0.0154609558824161,0.0154609558824161,0.6657479738471137,flip
394,2021-08-03,0,1,0.0079382424678022,0.0079382424678022,0.6710328426859602,hold
395,2021-08-04,0,1,0.0022018725316477,0.0022018725316477,0.672510371470104,hold
396,2021-08-05,0,1,-0.0034612335015614,-0.0034612335015614,0.6701826560422242,hold
397,2021-08-06,0,1,0.0012347307242392,0.0012347307242392,0.6710101511584918,hold
398,2021-08-09,0,1,0.0013439090538649,0.0013439090538649,0.6719119277758691,hold
399,2021-08-10,-1,-1,0.0001320870680521,-0.0001320870680521,0.671487220935452,flip
400,2021-08-11,-1,-1,0.0050453954843463,-0.0050453954843463,0.668099302343148,hold
401,2021-08-12,-1,-1,0.0100644823408473,-0.0100644823408473,0.6613752287127829,hold
402,2021-08-13,0,-1,0.0020540242770237,-0.0020540242770237,0.6600167479367847,hold
403,2021-08-16,-1,-1,0.0031122785775283,-0.0031122785775283,0.6579625919513711,hold
404,2021-08-17,-1,-1,-0.0027536023181795,0.0027536023181795,0.6597743592698438,hold
405,2021-08-18,-1,-1,-0.0071428984006249,0.0071428984006249,0.6644870604854458,hold
406,2021-08-20,-1,-1,0.0027931806783987,-0.0027931806783987,0.6626310280670519,hold
407,2021-08-23,-1,-1,0.0077683620836017,-0.0077683620836017,0.6574834703131978,hold
408,2021-08-24,-1,-1,0.0006045728309951,-0.0006045728309951,0.657085973670218,hold
409,2021-08-25,-1,-1,0.0001352598309651,-0.0001352598309651,0.6569970963324899,hold
410,2021-08-26,-1,-1,0.00410526158848,-0.00410526158848,0.6542999513891733,hold
411,2021-08-27,0,-1,0.0135198365217041,-0.0135198365217041,0.6454539230102327,hold
412,2021-08-30,0,-1,0.0118804461754233,-0.0118804461754233,0.6377856424191939,hold
413,2021-08-31,1,1,-0.0032657347743637,-0.0032657347743637,0.6353839108469461,flip
414,2021-09-01,1,1,0.009246783727399,0.009246783727399,0.6412591684544169,hold
415,2021-09-02,-1,-1,0.0051902308336972,-0.0051902308336972,0.6376102557616866,flip
416,2021-09-03,-1,-1,0.0031287476677577,-0.0031287476677577,0.6356153341610339,hold
417,2021-09-06,-1,-1,-0.0009035189246697,0.0009035189246697,0.6361896246442587,hold
418,2021-09-07,-1,-1,-0.0004953092983268,0.0004953092983268,0.6365047352808441,hold
419,2021-09-08,-1,-1,0.0009075978909154,-0.0009075978909154,0.6359270449255455,hold
420,2021-09-09,-1,-1,-0.0008030985074197,0.0008030985074197,0.636437756986153,hold
421,2021-09-13,-1,-1,0.001423151293159,-0.001423151293159,0.635532009769283,hold
422,2021-09-14,-1,-1,0.0080235453826236,-0.0080235453826236,0.6304327898467892,hold
423,2021-09-15,-1,-1,0.0062816347635072,-0.0062816347635072,0.6264726413180328,hold
424,2021-09-16,0,-1,-0.0025156476006126,0.0025156476006126,0.628048625715014,hold
425,2021-09-17,-1,-1,-0.010705054879733,0.010705054879733,0.6347719207204341,hold
426,2021-09-20,-1,-1,0.0094901738624639,-0.0094901738624639,0.6287478248297871,hold
427,2021-09-21,-1,-1,-0.0008740239935656,0.0008740239935656,0.6292973655145905,hold
428,2021-09-22,-1,-1,0.0157465283671818,-0.0157465283671818,0.6193881166971222,hold
429,2021-09-23,-1,-1,0.0016972499684944,-0.0016972499684944,0.6183368602355722,hold
430,2021-09-24,-1,-1,0.0001064453827974,-0.0001064453827974,0.6182710411317868,hold
431,2021-09-27,1,1,-0.0059646824901542,-0.0059646824901542,0.6142741151580127,flip
432,2021-09-28,-1,-1,-0.0021015082285871,0.0021015082285871,0.6152578802080463,flip
433,2021-09-29,-1,-1,-0.0052593760207388,0.0052593760207388,0.6184937527497831,hold
434,2021-09-30,-1,-1,-0.0048869834497958,0.0048869834497958,0.6215163214832734,hold
435,2021-10-01,0,-1,0.0090804675811375,-0.0090804675811375,0.6158726626748967,hold
436,2021-10-04,0,-1,0.0074076609199462,-0.0074076609199462,0.6113104868199367,hold
437,2021-10-05,0,-1,-0.0098921448702895,0.0098921448702895,0.6173576587162868,hold
438,2021-10-06,0,-1,0.0081803020160375,-0.0081803020160375,0.6123074866160738,hold
439,2021-10-07,0,-1,0.0058936227604964,-0.0058936227604964,0.608698777276531,hold
440,2021-10-08,0,-1,0.0028359561343596,-0.0028359561343596,0.6069725342451364,hold
441,2021-10-11,0,-1,0.0025632525445875,-0.0025632525445875,0.6054167103522379,hold
442,2021-10-12,-1,-1,0.0094375978492116,-0.0094375978492116,0.5997030309087408,hold
443,2021-10-13,0,-1,0.0097347877407187,-0.0097347877407187,0.5938650491953785,hold
444,2021-10-14,0,-1,0.0075523961327199,-0.0075523961327199,0.5893799450944779,hold
445,2021-10-18,-1,-1,-0.0031553077349963,0.0031553077349963,0.5912396201940863,hold
446,2021-10-19,-1,-1,-0.00826062521208,0.00826062521208,0.5961236291070422,hold
447,2021-10-20,0,-1,-0.0048449082967022,0.0048449082967022,0.5990117934235631,hold
448,2021-10-21,-1,-1,-0.0034766680845673,0.0034766680845673,0.6010943586080383,hold
449,2021-10-22,-1,-1,0.0005796333280105,-0.0005796333280105,0.60074594428451,hold
450,2021-10-25,-1,-1,0.0078894808897,-0.0078894808897,0.5960063706375126,hold
451,2021-10-26,-1,-1,-0.0031448386638428,0.0031448386638428,0.5978807145157901,hold
452,2021-10-27,-1,-1,-0.0194223384240636,0.0194223384240636,0.6094929560903366,hold
453,2021-10-28,0,-1,-0.0103935157639054,0.0103935157639054,0.6158277307374509,hold
454,2021-10-29,0,-1,0.0145996550575078,-0.0145996550575078,0.6068368582938363,hold
455,2021-11-01,-1,-1,-0.0022700482713416,0.0022700482713416,0.6082144072549925,hold
456,2021-11-02,-1,-1,-0.0033400508475575,0.0033400508475575,0.6102458743014412,hold
457,2021-11-03,1,1,0.0049133761659847,0.0049133761659847,0.6129391188984737,flip
458,2021-11-04,1,1,0.0084697040421863,0.0084697040421863,0.6181305318314223,hold
459,2021-11-08,0,1,-0.0013449214352717,-0.0013449214352717,0.6172991948293663,hold
460,2021-11-09,-1,-1,-0.0014991358050348,0.0014991358050348,0.6179159605573394,flip
461,2021-11-10,-1,-1,-0.007970140510272,0.007970140510272,0.6228408375865211,hold
462,2021-11-11,-1,-1,0.0128206066843303,-0.0128206066843303,0.6148556401808855,hold
463,2021-11-12,-1,-1,0.0003700663573213,-0.0003700663573213,0.6146281027938453,hold
464,2021-11-15,-1,-1,-0.0060879819517564,0.0060879819517564,0.6183699475906964,hold
465,2021-11-16,1,1,-0.005586294529162,-0.005586294529162,0.614606365961677,flip
466,2021-11-17,1,1,-0.0074781956434608,-0.0074781956434608,0.6100102193132991,hold
467,2021-11-18,1,1,-0.0196033721001568,-0.0196033721001568,0.5980519619992023,hold
468,2021-11-22,0,1,0.0049836979327988,0.0049836979327988,0.601032472325924,hold
469,2021-11-23,-1,-1,-0.0050446817378146,0.0050446817378146,0.6037639736267373,flip
470,2021-11-24,0,-1,0.006959452503032,-0.006959452503032,0.5995621069292402,hold
471,2021-11-25,-1,-1,-0.0290712541877539,0.0290712541877539,0.6169921293411254,hold
472,2021-11-26,1,1,0.0016151341742889,0.0016151341742889,0.6176801583498209,flip
473,2021-11-29,-1,-1,-0.004148599194972,0.004148599194972,0.6199338256783262,flip
474,2021-11-30,1,1,0.0108166411704213,0.0108166411704213,0.6263294605072561,flip
475,2021-12-01,-1,-1,0.0136745711024337,-0.0136745711024337,0.6174515090357471,flip
476,2021-12-02,-1,-1,-0.0117776858673942,0.0117776858673942,0.6247236589475186,hold
477,2021-12-03,-1,-1,-0.0165409195759996,0.0165409195759996,0.6350571627473937,hold
478,2021-12-06,-1,-1,0.0156365485816494,-0.0156365485816494,0.6251270605699696,hold
479,2021-12-07,-1,-1,0.0170609485278816,-0.0170609485278816,0.6144617999661994,hold
480,2021-12-08,-1,-1,0.0026960665936832,-0.0026960665936832,0.6128051700342161,hold
481,2021-12-09,-1,-1,-0.0003167708948091,0.0003167708948091,0.6129992888762714,hold
482,2021-12-10,-1,-1,-0.0081690551168631,0.0081690551168631,0.6180069138536997,hold
483,2021-12-13,0,-1,-0.0024959111813221,0.0024959111813221,0.6195494042201215,hold
484,2021-12-14,1,1,-0.0059740603216401,-0.0059740603216401,0.6155384040049643,flip
485,2021-12-15,0,1,0.0015678167505297,0.0015678167505297,0.6165034554253577,hold
486,2021-12-16,-1,-1,-0.01525945397337,0.01525945397337,0.6256027098001318,flip
487,2021-12-17,0,-1,-0.0218425462793778,0.0218425462793778,0.6392674659414453,hold
488,2021-12-20,0,-1,0.009428705444209,-0.009428705444209,0.6332400013050176,hold
489,2021-12-21,-1,-1,0.0110071709945933,-0.0110071709945933,0.6262698203300368,hold
490,2021-12-22,-1,-1,0.0069093062126275,-0.0069093062126275,0.6219427303696493,hold
491,2021-12-23,-1,-1,-0.0040327548791804,0.0040327548791804,0.6244508729501183,hold
492,2021-12-24,-1,-1,0.0048518709108285,-0.0048518709108285,0.6214211179244101,hold
493,2021-12-27,0,-1,0.0086034091740434,-0.0086034091740434,0.616074777777515,hold
494,2021-12-28,0,-1,-0.0011402602889762,0.0011402602889762,0.6167772633816545,hold
495,2021-12-29,-1,-1,-0.0005606259494814,0.0005606259494814,0.6171230447205565,hold
496,2021-12-30,-1,-1,0.0087248317576065,-0.0087248317576065,0.6117387499816277,hold
497,2021-12-31,0,-1,0.0156533158122078,-0.0156533158122078,0.6021630101336001,hold
498,2022-01-03,0,-1,0.0101868742352642,-0.0101868742352642,0.596028851280241,hold
499,2022-01-04,-1,-1,0.006739585234692,-0.006739585234692,0.5920118640347022,hold
500,2022-01-05,-1,-1,-0.0100054174627969,0.0100054174627969,0.5979351898772979,hold
501,2022-01-06,-1,-1,0.0037641836511315,-0.0037641836511315,0.5956844520111255,hold
502,2022-01-07,-1,-1,0.0107003189218717,-0.0107003189218717,0.5893104383978061,hold
503,2022-01-10,-1,-1,0.0029133112526023,-0.0029133112526023,0.5875935936663458,hold
504,2022-01-11,-1,-1,0.0086731157318304,-0.0086731157318304,0.5824973264251955,hold
505,2022-01-12,0,-1,0.0024956237305924,-0.0024956237305924,0.5810436322743621,hold
506,2022-01-13,-1,-1,-0.0001123235637506,0.0001123235637506,0.5811088971658337,hold
507,2022-01-14,-1,-1,0.0028675682661627,-0.0028675682661627,0.5794425277331361,hold
508,2022-01-17,-1,-1,-0.0106536905679234,0.0106536905679234,0.5856157291255002,hold
509,2022-01-18,0,-1,-0.0096422404339412,0.0096422404339412,0.591262376787626,hold
510,2022-01-19,0,-1,-0.010112406160797,0.010112406160797,0.5972414620893006,hold
511,2022-01-20,-1,-1,-0.0078757453046686,0.0078757453046686,0.6019451837301038,hold
512,2022-01-21,-1,-1,-0.0265679051873833,0.0265679051873833,0.6179376062994472,hold
513,2022-01-24,0,-1,0.0075134912216943,-0.0075134912216943,0.6132947375189615,hold
514,2022-01-25,-1,-1,-0.0097117329146276,0.0097117329146276,0.6192508922076924,hold
515,2022-01-27,1,1,-0.0004793161771092,-0.0004793161771092,0.6186444497912641,flip
516,2022-01-28,-1,-1,0.0139107178709299,-0.0139107178709299,0.6097293391629056,flip
517,2022-01-31,-1,-1,0.0136679386118703,-0.0136679386118703,0.6013955959853707,hold
518,2022-02-01,-1,-1,0.0115578385853996,-0.0115578385853996,0.5944447627610017,hold
519,2022-02-02,-1,-1,-0.0123622486642295,0.0123622486642295,0.601793436735402,hold
520,2022-02-03,0,-1,-0.0024998826581151,0.0024998826581151,0.6032978497116642,hold
521,2022-02-04,-1,-1,-0.0172811129276234,0.0172811129276234,0.6137235079815239,hold
522,2022-02-07,-1,-1,0.0030876976246183,-0.0030876976246183,0.6118285153637569,hold
523,2022-02-08,-1,-1,0.0114121523303458,-0.0114121523303458,0.6048462351463765,hold
524,2022-02-09,-1,-1,0.008133901085124,-0.008133901085124,0.5999264756979862,hold
525,2022-02-10,-1,-1,-0.0131262969128136,0.0131262969128136,0.6078012887438559,hold
526,2022-02-11,-1,-1,-0.0306162228952934,0.0306162228952934,0.6264098684760843,hold
527,2022-02-14,0,-1,0.0302591263839775,-0.0302591263839775,0.6074552530976957,hold
528,2022-02-15,-1,-1,-0.0017432697608654,0.0017432697608654,0.6085142114714998,hold
529,2022-02-16,-1,-1,-0.0010160147191904,0.0010160147191904,0.6091324708671914,hold
530,2022-02-17,-1,-1,-0.0016353356196504,0.0016353356196504,0.6101286068938861,hold
531,2022-02-18,1,1,-0.004031556958107,-0.004031556958107,0.6073637743599761,flip
532,2022-02-21,1,1,-0.0066515660675804,-0.0066515660675804,0.6033238540877657,hold
533,2022-02-22,0,1,-0.0016937094155936,-0.0016937094155936,0.602301998795445,hold
534,2022-02-23,-1,-1,-0.0477810384708364,0.0477810384708364,0.6307794627715541,flip
535,2022-02-24,0,-1,0.0252616601096495,-0.0252616601096495,0.6148449263788718,hold
536,2022-02-25,-1,-1,0.0081340342903666,-0.0081340342903666,0.6098437566644481,hold
537,2022-02-28,-1,-1,-0.0111916331229355,0.0111916331229355,0.6166689042513495,hold
538,2022-03-02,1,1,-0.006497577228417,-0.006497577228417,0.6123537159694874,flip
539,2022-03-03,1,1,-0.0153170320073322,-0.0153170320073322,0.6029742745021739,hold
540,2022-03-04,-1,-1,-0.0235266847399477,0.0235266847399477,0.6168587730274342,flip
541,2022-03-07,1,1,0.0094747765094835,0.0094747765094835,0.6223949426532697,flip
542,2022-03-08,-1,-1,0.0207262900882942,-0.0207262900882942,0.6091838070510242,flip
543,2022-03-09,-1,-1,0.0152673871904744,-0.0152673871904744,0.5998831619986089,hold
544,2022-03-10,1,1,0.0021421537513466,0.0021421537513466,0.6008682623834547,flip
545,2022-03-11,-1,-1,0.014482565042708,-0.014482565042708,0.5918657145601958,flip
546,2022-03-14,-1,-1,-0.0123464565033122,0.0123464565033122,0.599173158860815,hold
547,2022-03-15,-1,-1,0.0187451004846066,-0.0187451004846066,0.5879415977902899,hold
548,2022-03-16,-1,-1,0.0183619883565082,-0.0183619883565082,0.5771458210173578,hold
549,2022-03-17,-1,-1,-0.0098022024704637,0.0098022024704637,0.5828031212099519,hold
550,2022-03-21,0,-1,0.0115612232521558,-0.0115612232521558,0.5760652042135904,hold
551,2022-03-22,-1,-1,-0.004033935455228,0.004033935455228,0.5783890140653907,hold
552,2022-03-23,-1,-1,-0.0013278937068936,0.0013278937068936,0.5791570531973046,hold
553,2022-03-24,-1,-1,-0.0040498758909001,0.0040498758909001,0.581502567384093,hold
554,2022-03-25,-1,-1,0.0040226199498629,-0.0040226199498629,0.5791634035556373,hold
555,2022-03-28,-1,-1,0.005998187274997,-0.005998187274997,0.575689472998286,hold
556,2022-03-29,-1,-1,0.0099824655821947,-0.0099824655821947,0.5699426726480488,hold
557,2022-03-30,-1,-1,-0.0019144771620018,0.0019144771620018,0.5710338148784838,hold
558,2022-03-31,-1,-1,0.0117779652585923,-0.0117779652585923,0.5643081984453636,hold
559,2022-04-01,-1,-1,0.0216718413399843,-0.0216718413399843,0.5520786007018033,hold
560,2022-04-04,-1,-1,-0.005317557796472,0.005317557796472,0.5550143105692305,hold
561,2022-04-05,-1,-1,-0.0083391803235717,0.0083391803235717,0.5596426749872301,hold
562,2022-04-06,-1,-1,-0.0094397411049521,0.0094397411049521,0.5649255569503924,hold
563,2022-04-07,-1,-1,0.0082087593907955,-0.0082087593907955,0.5602882189796755,hold
564,2022-04-08,-1,-1,-0.006151497975913,0.006151497975913,0.5637348308246569,hold
565,2022-04-11,-1,-1,-0.0081838106412522,0.0081838106412522,0.5683483299320042,hold
566,2022-04-12,-1,-1,-0.0031174816283502,0.0031174816283502,0.5701201454090707,hold
567,2022-04-13,-1,-1,-0.0172811880101475,0.0172811880101475,0.5799724988302576,hold
568,2022-04-18,0,-1,-0.0125191788064678,0.0125191788064678,0.5872332782459475,hold
569,2022-04-19,0,-1,0.010490244596548,-0.010490244596548,0.5810730575219147,hold
570,2022-04-20,-1,-1,0.014941678252146,-0.014941678252146,0.5723908508554316,hold
571,2022-04-21,-1,-1,-0.0126864526051679,0.0126864526051679,0.5796524602564408,hold
572,2022-04-22,0,-1,-0.0126951225643019,0.0126951225643019,0.5870112192840955,hold
573,2022-04-25,-1,-1,0.0145601216162072,-0.0145601216162072,0.578464264541241,hold
574,2022-04-26,-1,-1,-0.0094414436101153,0.0094414436101153,0.5839258022753739,hold
575,2022-04-27,0,-1,0.0121285088909346,-0.0121285088909346,0.576843652990831,hold
576,2022-04-28,-1,-1,-0.0082632403816946,0.0082632403816946,0.5816102507581491,hold
577,2022-04-29,1,1,-0.0019559171203674,-0.0019559171203674,0.580181864185931,flip
578,2022-05-02,-1,-1,-0.0229361834519363,0.0229361834519363,0.5931989309262929,flip
579,2022-05-04,-1,-1,0.0003028482136697,-0.0003028482136697,0.5930192816897112,hold
580,2022-05-05,-1,-1,-0.0162684216398562,0.0162684216398562,0.602666769404804,hold
581,2022-05-06,1,1,-0.0066661826871809,-0.0066661826871809,0.5983479492357561,flip
582,2022-05-09,1,1,-0.0037909688880922,-0.0037909688880922,0.5960796307759496,hold
583,2022-05-10,1,1,-0.0044919933245182,-0.0044919933245182,0.5934020450536227,hold
584,2022-05-11,1,1,-0.0222117521417858,-0.0222117521417858,0.5802215459084628,hold
585,2022-05-12,1,1,-0.0016352232651188,-0.0016352232651188,0.5792727541376701,hold
586,2022-05-13,-1,-1,0.0038112305721171,-0.0038112305721171,0.5767753757304374,flip
587,2022-05-16,-1,-1,0.0263219359020472,-0.0263219359020472,0.5615935312605815,hold
588,2022-05-17,1,1,-0.0011685620062508,-0.0011685620062508,0.560656477631364,flip
589,2022-05-18,-1,-1,-0.0265327253341793,0.0265327253341793,0.5752518937203698,flip
590,2022-05-19,-1,-1,0.0288910387942893,-0.0288910387942893,0.5586322689424061,hold
591,2022-05-20,-1,-1,-0.0031630222318707,0.0031630222318707,0.5603992352285113,hold
592,2022-05-23,1,1,-0.0055227542667355,-0.0055227542667355,0.5570240883434635,flip
593,2022-05-24,-1,-1,-0.0061612191843656,0.0061612191843656,0.5601775237985473,flip
594,2022-05-25,-1,-1,0.0090073873189953,-0.0090073873189953,0.5551317878742982,hold
595,2022-05-26,0,-1,0.0112738471989222,-0.0112738471989222,0.5488733169225388,hold
596,2022-05-27,-1,-1,0.0188932050929628,-0.0188932050929628,0.5385033407758666,hold
597,2022-05-30,1,1,-0.0046124339835348,-0.0046124339835348,0.5357502779962371,flip
598,2022-05-31,0,1,-0.0037264067061659,-0.0037264067061659,0.5337538545674817,hold
599,2022-06-01,-1,-1,0.0063700049931154,-0.0063700049931154,0.5300869629215086,flip
600,2022-06-02,0,-1,-0.0026280502014673,0.0026280502014673,0.5314800580712097,hold
601,2022-06-03,-1,-1,-0.0008893953501298,0.0008893953501298,0.531952753963545,hold
602,2022-06-06,-1,-1,-0.0092459460064759,0.0092459460064759,0.5368711604046882,hold
603,2022-06-07,-1,-1,-0.0036609606157923,0.0036609606157923,0.5388366245786844,hold
604,2022-06-08,-1,-1,0.0074497277416889,-0.0074497277416889,0.5348224384283226,hold
605,2022-06-09,-1,-1,-0.0167676984141,0.0167676984141,0.5437901797809823,hold
606,2022-06-10,0,-1,-0.0263797491152091,0.0263797491152091,0.5581352282949191,hold
607,2022-06-13,0,-1,-0.0026816094559853,0.0026816094559853,0.5596319290008334,hold
608,2022-06-14,1,1,-0.002539344381356,-0.002539344381356,0.5579310148417973,flip
609,2022-06-15,-1,-1,-0.0211284478542902,0.0211284478542902,0.5694402656877525,flip
610,2022-06-16,1,1,-0.0043682936266399,-0.0043682936266399,0.5666680632715527,flip
611,2022-06-17,1,1,0.0037042135956451,0.0037042135956451,0.568767122815741,hold
612,2022-06-20,-1,-1,0.018804337854487,-0.018804337854487,0.5577874501163815,flip
613,2022-06-21,1,1,-0.0144192650853174,-0.0144192650853174,0.549465671286832,flip
614,2022-06-22,-1,-1,0.0093004475196092,-0.0093004475196092,0.5440806618115586,flip
615,2022-06-23,-1,-1,0.0091664725885294,-0.0091664725885294,0.539093361339114,hold
616,2022-06-24,-1,-1,0.008458990377725,-0.008458990377725,0.534533175782851,hold
617,2022-06-27,-1,-1,0.0011464333961117,-0.0011464333961117,0.5339203690988039,hold
618,2022-06-28,-1,-1,-0.0032239710103227,0.0032239710103227,0.5356417128905993,hold
619,2022-06-29,-1,-1,-0.0011930812414028,0.0011930812414028,0.5362807769703618,hold
620,2022-06-30,-1,-1,-0.0017870563085186,0.0017870563085186,0.5372391409159839,hold
621,2022-07-01,-1,-1,0.0052881882498054,-0.0052881882498054,0.5343981192036564,hold
622,2022-07-04,1,1,-0.0015471713984448,-0.0015471713984448,0.53330411465864,flip
623,2022-07-05,-1,-1,0.0113181897073002,-0.0113181897073002,0.5270014254599205,flip
624,2022-07-06,-1,-1,0.0089494920315105,-0.0089494920315105,0.5222850304021722,hold
625,2022-07-07,0,-1,0.0054360478665673,-0.0054360478665673,0.5194458639769145,hold
626,2022-07-08,0,-1,-0.0002835659276332,0.0002835659276332,0.5195931611251884,hold
627,2022-07-11,1,1,-0.0097249750439381,-0.0097249750439381,0.5142803340196824,flip
628,2022-07-12,0,1,-0.0057072925015229,-0.0057072925015229,0.5113451857256512,hold
629,2022-07-13,0,1,-0.0017536552323109,-0.0017536552323109,0.5104484625651865,hold
630,2022-07-14,-1,-1,0.0069359576863876,-0.0069359576863876,0.5066527893964702,flip
631,2022-07-15,-1,-1,0.0142873041582765,-0.0142873041582765,0.4994140868917236,hold
632,2022-07-18,0,-1,0.0038117642711243,-0.0038117642711243,0.49751043811881357,hold
633,2022-07-19,-1,-1,0.0110338885069691,-0.0110338885069691,0.4920209634135572,hold
634,2022-07-20,-1,-1,0.005108719746296,-0.005108719746296,0.4895073662021748,hold
635,2022-07-21,-1,-1,0.0068772959606149,-0.0068772959606149,0.4861408791699013,hold
636,2022-07-22,0,-1,-0.0052901993117577,0.0052901993117577,0.48871266131430324,hold
637,2022-07-25,-1,-1,-0.008847958067765,0.008847958067765,0.493036770448798,hold
638,2022-07-26,-1,-1,0.0095821774414373,-0.0095821774414373,0.48831240462920444,hold
639,2022-07-27,-1,-1,0.0172937311236929,-0.0172937311236929,0.47986766119918306,hold
640,2022-07-28,-1,-1,0.0135059538264792,-0.0135059538264792,0.4733865907242063,hold
641,2022-07-29,-1,-1,0.0105955316684394,-0.0105955316684394,0.4683708081107734,hold
642,2022-08-01,-1,-1,0.0003113276638058,-0.0003113276638058,0.4682249913212895,hold
643,2022-08-02,-1,-1,0.0024618083588656,-0.0024618083588656,0.46707231112382497,hold
644,2022-08-03,-1,-1,-0.0003537116074355,0.0003537116074355,0.46723752002178115,hold
645,2022-08-04,-1,-1,0.0008917270739845,-0.0008917270739845,0.4668208716751963,hold
646,2022-08-05,-1,-1,0.0073343646716481,-0.0073343646716481,0.4633970371659938,hold
647,2022-08-08,-1,-1,0.0005506610997998,-0.0005506610997998,0.46314186244386396,hold
648,2022-08-10,-1,-1,0.0070859293688247,-0.0070859293688247,0.4598600719188408,hold
649,2022-08-11,0,-1,0.0022170219505635,-0.0022170219505635,0.458840552045209,hold
650,2022-08-12,-1,-1,0.0071815193435313,-0.0071815193435313,0.4555453797450998,hold
651,2022-08-16,0,-1,0.0066759231988331,-0.0066759231988331,0.4525041937763382,hold
652,2022-08-17,0,-1,0.000682669936052,-0.000682669936052,0.45219528276730964,hold
653,2022-08-18,-1,-1,-0.011029475746944,0.011029475746944,0.45718275967147415,hold
654,2022-08-19,-1,-1,-0.0150773300473388,0.0150773300473388,0.46407585503099413,hold
655,2022-08-22,-1,-1,0.0049626821755044,-0.0049626821755044,0.4617727940571498,hold
656,2022-08-23,-1,-1,0.0015616110795051,-0.0015616110795051,0.46105168454573614,hold
657,2022-08-24,-1,-1,-0.0046861822192667,0.0046861822192667,0.4632122567520173,hold
658,2022-08-25,-1,-1,0.0020802555293466,-0.0020802555293466,0.4622486568936478,hold
659,2022-08-26,1,1,-0.0140099889245538,-0.0140099889245538,0.4555414340017311,flip
660,2022-08-29,0,1,0.0257842637890255,0.0257842637890255,0.4672872345028627,hold
661,2022-08-30,0,1,-0.0121907952721076,-0.0121907952721076,0.46159063149376894,hold
662,2022-09-01,0,1,-0.0001910505934481,-0.0001910505934481,0.46150244432969195,hold
663,2022-09-02,-1,-1,0.0072038500710118,-0.0072038500710118,0.45794709869117056,flip
664,2022-09-05,0,-1,-0.0005774531254664,0.0005774531254664,0.458211541674608,hold
665,2022-09-06,1,1,-0.0017671004916441,-0.0017671004916441,0.4571727300632005,flip
666,2022-09-07,-1,-1,0.0098925129655895,-0.0098925129655895,0.4524215565385048,flip
667,2022-09-08,0,-1,0.0019439347917691,-0.0019439347917691,0.45154207853420325,hold
668,2022-09-09,1,1,0.005775695663245,0.005775695663245,0.45392427711969885,flip
669,2022-09-12,0,1,0.0074542019299801,0.0074542019299801,0.45730792034226936,hold
670,2022-09-13,0,1,-0.0036690976717561,-0.0036690976717561,0.45563001291646593,hold
671,2022-09-14,0,1,-0.0070179606679163,-0.0070179606679163,0.452432419406696,hold
672,2022-09-15,-1,-1,-0.0193848531485446,0.0193848531485446,0.4609765392068322,flip
673,2022-09-16,0,-1,0.0052136885924867,-0.0052136885924867,0.45857315108296554,hold
674,2022-09-19,-1,-1,0.0110088098852303,-0.0110088098852303,0.45352480644422216,hold
675,2022-09-20,-1,-1,-0.0054950054374517,0.0054950054374517,0.45601692772165237,hold
676,2022-09-21,0,-1,-0.0049975776569025,0.0049975776569025,0.4582959077308034,hold
677,2022-09-22,0,-1,-0.0171556772324205,0.0171556772324205,0.4661582844007722,hold
678,2022-09-23,0,-1,-0.0179513217622564,0.0179513217622564,0.47452644175619196,hold
679,2022-09-26,0,-1,-0.0005230508522044,0.0005230508522044,0.4747746432159461,hold
680,2022-09-27,-1,-1,-0.0087491784653945,0.0087491784653945,0.47892853130028645,hold
681,2022-09-28,1,1,-0.0024023347691036,-0.0024023347691036,0.47753852037197797,flip
682,2022-09-29,1,1,0.016425755966269,0.016425755966269,0.4853824515721013,hold
683,2022-09-30,-1,-1,-0.0121092644487904,0.0121092644487904,0.49101738481120405,flip
684,2022-10-03,-1,-1,0.0229136709327191,-0.0229136709327191,0.4797663740333958,hold
685,2022-10-04,1,1,0.0033286441360573,0.0033286441360573,0.4811234623739829,flip
686,2022-10-06,-1,-1,-0.0009895331040011,0.0009895331040011,0.4813589882359266,flip
687,2022-10-07,-1,-1,-0.0042536458411471,0.0042536458411471,0.4834065188943351,hold
688,2022-10-10,1,1,-0.0149323831999303,-0.0149323831999303,0.47594640425341345,flip
689,2022-10-11,-1,-1,0.0082461453396196,-0.0082461453396196,0.47178370782794377,flip
690,2022-10-12,-1,-1,-0.0063800837728176,0.0063800837728176,0.4747937274065366,hold
691,2022-10-13,0,-1,0.0100708880038873,-0.0100708880038873,0.47001213295287714,hold
692,2022-10-14,-1,-1,0.0073375869608156,-0.0073375869608156,0.466563378054697,hold
693,2022-10-17,-1,-1,0.010117285874136,-0.010117285874136,0.46184302298051505,hold
694,2022-10-18,0,-1,0.0014468379208691,-0.0014468379208691,0.461174810981378,hold
695,2022-10-19,0,-1,0.002952174549244,-0.002952174549244,0.4598133424416464,hold
696,2022-10-20,-1,-1,0.0007032337856462,-0.0007032337856462,0.45948998616415054,hold
697,2022-10-21,-1,-1,0.0087873563767617,-0.0087873563767617,0.45545228390417286,hold
698,2022-10-24,0,-1,-0.004196122026705,0.004196122026705,0.4573634172647763,hold
699,2022-10-25,-1,-1,0.0045649078749665,-0.0045649078749665,0.45527559539958273,hold
700,2022-10-27,-1,-1,0.0028106052447454,-0.0028106052447454,0.45399599542334806,hold
701,2022-10-28,-1,-1,0.0126722303955641,-0.0126722303955641,0.44824285357067994,hold
702,2022-10-31,-1,-1,0.0073950532223929,-0.0073950532223929,0.44492807381196753,hold
703,2022-11-01,0,-1,-0.0034471976315451,0.0034471976315451,0.4464618288142201,hold
704,2022-11-02,-1,-1,-0.0016673473084335,0.0016673473084335,0.44720623574281176,hold
705,2022-11-03,-1,-1,0.0035701681556883,-0.0035701681556883,0.4456096342809375,hold
706,2022-11-04,-1,-1,0.0047275862251119,-0.0047275862251119,0.4435029763121338,hold
707,2022-11-07,-1,-1,-0.0025161392359563,0.0025161392359563,0.44461889155209616,hold
708,2022-11-09,-1,-1,-0.0070937259046097,0.0070937259046097,0.44777289610077814,hold
709,2022-11-10,0,-1,0.0178331732470333,-0.0178331732470333,0.4397876844692871,hold
710,2022-11-11,-1,-1,-0.0011198455015547,0.0011198455015547,0.4402801787293792,hold
711,2022-11-14,-1,-1,0.0040509242609507,-0.0040509242609507,0.43849663707174863,hold
712,2022-11-15,-1,-1,0.0003396111515991,-0.0003396111515991,0.43834771872386036,hold
713,2022-11-16,-1,-1,-0.0035714963948192,0.0035714963948192,0.43991327602095986,hold
714,2022-11-17,-1,-1,-0.0019761337135545,0.0019761337135545,0.4407826034767451,hold
715,2022-11-18,-1,-1,-0.0080677295405768,0.0080677295405768,0.4443387183077868,hold
716,2022-11-21,0,-1,0.0046393301536886,-0.0046393301536886,0.44227728429349017,hold
717,2022-11-22,-1,-1,0.0012634580983039,-0.0012634580983039,0.44171848547695375,hold
718,2022-11-23,-1,-1,0.0118709498898301,-0.0118709498898301,0.4364748674704452,hold
719,2022-11-24,0,-1,0.0015500019600884,-0.0015500019600884,0.43579833057033673,hold
720,2022-11-25,0,-1,0.0027008413120686,-0.0027008413120686,0.43462130843540187,hold
721,2022-11-28,0,-1,0.0029791265437502,-0.0029791265437502,0.43332651655896254,hold
722,2022-11-29,0,-1,0.0075356346254191,-0.0075356346254191,0.4300611262566686,hold
723,2022-11-30,0,-1,0.0028867353340049,-0.0028867353340049,0.42881965360772156,hold
724,2022-12-01,-1,-1,-0.006187396179402,0.006187396179402,0.4314729306941064,hold
725,2022-12-02,-1,-1,0.0002648237856262,-0.0002648237856262,0.4313586663992048,hold
726,2022-12-05,-1,-1,-0.0031175136590962,0.0031175136590962,0.4327034329336738,hold
727,2022-12-06,-1,-1,-0.0044119027503989,0.0044119027503989,0.43461247839954087,hold
728,2022-12-07,-1,-1,0.0026319123609277,-0.0026319123609277,0.43346861644542767,hold
729,2022-12-08,-1,-1,-0.0060587824059793,0.0060587824059793,0.4360949084722914,hold
730,2022-12-09,0,-1,2.977743269738653e-05,-2.977743269738653e-05,0.43608192268550466,hold
731,2022-12-12,1,1,0.0059927938646799,0.0059927938646799,0.4384772307949295,flip
732,2022-12-13,1,1,0.0028106610731943,0.0028106610731943,0.4397096416790069,hold
733,2022-12-14,-1,-1,-0.0131509343553336,0.0131509343553336,0.4452723794912953,flip
734,2022-12-15,0,-1,-0.0079229530179417,0.0079229530179417,0.4488002516341919,hold
735,2022-12-16,0,-1,0.0082899566889265,-0.0082899566889265,0.4450797169861651,hold
736,2022-12-19,1,1,-0.0019081205394395,-0.0019081205394395,0.44400791137800283,flip
737,2022-12-20,1,1,-0.0101277196435586,-0.0101277196435586,0.4395111237320444,hold
738,2022-12-21,0,1,-0.0039425027358517,-0.0039425027358517,0.43777834992429354,hold
739,2022-12-22,1,1,-0.0176831602541178,-0.0176831602541178,0.43003704520679903,hold
740,2022-12-23,0,1,0.0116696328935068,0.0116696328935068,0.4350554196549708,hold
741,2022-12-26,-1,-1,0.0065336546149905,-0.0065336546149905,0.43199539009473803,flip
742,2022-12-27,-1,-1,-0.0005405150382313,0.0005405150382313,0.43222889009953086,hold
743,2022-12-28,-1,-1,0.0037798317009243,-0.0037798317009243,0.4305951376386773,hold
744,2022-12-29,-1,-1,-0.0047110779368918,0.0047110779368918,0.4326237048913397,hold
745,2022-12-30,1,1,0.0050895833553579,0.0050895833553579,0.4346092674464423,flip
746,2023-01-02,-1,-1,0.0019289276248581,-0.0019289276248581,0.4335536329907223,flip
747,2023-01-03,-1,-1,-0.0103990694870288,0.0103990694870288,0.4380621873465466,hold
748,2023-01-04,0,-1,-0.0028154392892826,0.0028154392892826,0.4392955248399511,hold
749,2023-01-05,1,1,-0.0073755037054461,-0.0073755037054461,0.43583585130628816,flip
750,2023-01-06,0,1,0.0135362517084902,0.0135362517084902,0.4417354350931542,hold
751,2023-01-09,-1,-1,-0.0103335047509585,0.0103335047509585,0.4460792425928095,flip
752,2023-01-10,0,-1,-0.0010299775022909,0.0010299775022909,0.44653869417691905,hold
753,2023-01-11,-1,-1,-0.0020954755408891,0.0020954755408891,0.44747440508862735,hold
754,2023-01-12,-1,-1,0.0055100959183882,-0.0055100959183882,0.4450087781955653,hold
755,2023-01-13,1,1,-0.0034388470725693,-0.0034388470725693,0.4432559566723021,flip
756,2023-01-16,1,1,0.0088545685118242,0.0088545685118242,0.4471807969089312,hold
757,2023-01-17,1,1,0.00620655632356,0.00620655632356,0.44995624971176096,hold
758,2023-01-18,1,1,-0.003165367099256,-0.003165367099256,0.4485319730028188,hold
759,2023-01-19,1,1,-0.0044289753051891,-0.0044289753051891,0.44654543597080154,hold
760,2023-01-20,1,1,0.0050422760956287,0.0050422760956287,0.44879704134820925,hold
761,2023-01-23,1,1,-1.3798013043020418e-05,-1.3798013043020418e-05,0.4487908488407791,hold
762,2023-01-24,1,1,-0.0124929796250122,-0.0124929796250122,0.4431841139103193,hold
763,2023-01-25,0,1,-0.0160742469061787,-0.0160742469061787,0.4360602630384288,hold
764,2023-01-27,0,1,0.0025334426073457,0.0025334426073457,0.43716499668818076,hold
765,2023-01-30,-1,-1,0.0007479862801675,-0.0007479862801675,0.4366194207701445,flip
766,2023-01-31,-1,-1,-0.0025959245256645,0.0025959245256645,0.4377528518329032,hold
767,2023-02-01,1,1,-0.0003349392530399,-0.0003349392530399,0.43738735479377777,flip
768,2023-02-02,-1,-1,0.0138355963078902,-0.0138355963078902,0.43111714624527825,flip
769,2023-02-03,0,-1,-0.0050101331608701,0.0050101331608701,0.4332771005559014,hold
770,2023-02-06,-1,-1,-0.0024261514654264,0.0024261514654264,0.43432829642835086,hold
771,2023-02-07,-1,-1,0.0084755364246817,-0.0084755364246817,0.43064713113170244,hold
772,2023-02-08,0,-1,0.0012170079483646,-0.0012170079483646,0.4301230301501748,hold
773,2023-02-09,0,-1,-0.0020649578680046,0.0020649578680046,0.4310112160854933,hold
774,2023-02-10,1,1,-0.0047937507000251,-0.0047937507000251,0.4287295501586221,flip
775,2023-02-13,1,1,0.0089443537049958,0.0089443537049958,0.43256425889902456,hold
776,2023-02-14,0,1,0.0047964707944361,0.0047964707944361,0.43463904073355064,hold
777,2023-02-15,0,1,0.0011101336008929,0.0011101336008929,0.4351215481369288,hold
778,2023-02-16,-1,-1,-0.0050815676893513,0.0050815676893513,0.4371150869628135,flip
779,2023-02-17,0,-1,-0.0055505184801407,0.0055505184801407,0.4395413023309489,hold
780,2023-02-20,-1,-1,-0.001003126492992,0.001003126492992,0.43998221785608127,hold
781,2023-02-21,-1,-1,-0.0152803631315826,0.0152803631315826,0.44670530591636126,hold
782,2023-02-22,0,-1,-0.0024524349779846,0.0024524349779846,0.44780082163344187,hold
783,2023-02-23,-1,-1,-0.002595429723749,0.002595429723749,0.4489630571962285,hold
784,2023-02-24,1,1,-0.0041854114458053,-0.0041854114458053,0.4468594805492975,flip
785,2023-02-27,1,1,-0.0051027157362857,-0.0051027157362857,0.44457928364599014,hold
786,2023-02-28,0,1,0.008492348770636,0.008492348770636,0.4483548059789114,hold
787,2023-03-01,1,1,-0.0073921687198044,-0.0073921687198044,0.4450404916067801,hold
788,2023-03-02,1,1,0.0157285986298278,0.0157285986298278,0.4520403548732844,hold
789,2023-03-03,1,1,0.0066555236183669,0.0066555236183669,0.45504892013159853,hold
790,2023-03-06,0,1,0.0024250512391459,0.0024250512391459,0.4561524370792357,hold
791,2023-03-08,-1,-1,-0.0092822498999752,0.0092822498999752,0.46015848177414825,flip
792,2023-03-09,0,-1,-0.010045664635585,0.010045664635585,0.46478107956127135,hold
793,2023-03-10,0,-1,-0.0148510359316261,0.0148510359316261,0.4716835600741757,hold
794,2023-03-13,0,-1,-0.0064706805258611,0.0064706805258611,0.47473567370071657,hold
795,2023-03-14,1,1,-0.0041746837386849,-0.0041746837386849,0.47251643456669423,flip
796,2023-03-15,1,1,0.0007924286811309,0.0007924286811309,0.47289087014175063,hold
797,2023-03-16,-1,-1,0.0067381296219788,-0.0067381296219788,0.4694680247266143,flip
798,2023-03-17,-1,-1,-0.0065292432199922,0.0065292432199922,0.47253329564406366,hold
799,2023-03-20,-1,-1,0.007010642946744,-0.007010642946744,0.4692205334278549,hold
800,2023-03-21,-1,-1,0.0025953757489405,-0.0025953757489405,0.4680027298344913,hold
801,2023-03-22,-1,-1,-0.0043726933046436,0.0043726933046436,0.47004916223779347,hold
802,2023-03-23,-1,-1,-0.0077209333285906,0.0077209333285906,0.47367838048059135,hold
803,2023-03-24,-1,-1,0.0023988383407489,-0.0023988383407489,0.47254210262031066,hold
804,2023-03-27,-1,-1,-0.0020016838613549,0.0020016838613549,0.4734879825209364,hold
805,2023-03-28,-1,-1,0.0076098565893214,-0.0076098565893214,0.4698848068771849,hold
806,2023-03-29,1,1,0.0163371989446239,0.0163371989446239,0.47732646604475515,flip
807,2023-03-31,1,1,0.0022062979737611,0.0022062979737611,0.47837959045961226,hold
808,2023-04-03,-1,-1,0.0091389548173612,-0.0091389548173612,0.47376851120162433,flip
809,2023-04-05,0,-1,0.0023978747854371,-0.0023978747854371,0.4726324736344799,hold
810,2023-04-06,-1,-1,0.001414863221935,-0.001414863221935,0.47196376333004236,hold
811,2023-04-10,-1,-1,0.0055747683219642,-0.0055747683219642,0.469332674693115,hold
812,2023-04-11,0,-1,0.0050839679614469,-0.0050839679614469,0.46694660241171504,hold
813,2023-04-12,0,-1,0.0008757724412713,-0.0008757724412713,0.4665376634457776,hold
814,2023-04-13,-1,-1,-0.0067955121508301,0.0067955121508301,0.46970802580654325,hold
815,2023-04-17,-1,-1,-0.0026373533282438,0.0026373533282438,0.47094681183170695,hold
816,2023-04-18,-1,-1,-0.0023442830162407,0.0023442830162407,0.4720508444442368,hold
817,2023-04-19,-1,-1,0.0003234746363958,-0.0003234746363958,0.47189814796896984,hold
818,2023-04-20,-1,-1,-2.260708945023282e-05,2.260708945023282e-05,0.4719088162126124,hold
819,2023-04-21,-1,-1,0.0067719737565652,-0.0067719737565652,0.4687130620937288,hold
820,2023-04-24,-1,-1,0.0014568576938982,-0.0014568576938982,0.46803021386298693,hold
821,2023-04-25,-1,-1,0.0024958627615121,-0.0024958627615121,0.46686207468094376,hold
822,2023-04-26,-1,-1,0.0056951528101938,-0.0056951528101938,0.46420322382435164,hold
823,2023-04-27,-1,-1,0.0083700136036979,-0.0083700136036979,0.4603178365260614,hold
824,2023-04-28,0,-1,0.0045751669319125,-0.0045751669319125,0.45821180558221786,hold
825,2023-05-02,0,-1,-0.0031850283648763,0.0031850283648763,0.4596712231801184,hold
826,2023-05-03,1,1,0.0091737176073036,0.0091737176073036,0.46365828156218664,flip
827,2023-05-04,0,1,-0.0102324068655403,-0.0102324068655403,0.4589139413786651,hold
828,2023-05-05,0,1,0.0108141231183243,0.0108141231183243,0.4638766932414494,hold
829,2023-05-08,0,1,8.480038171931881e-05,8.480038171931881e-05,0.463916030162107,hold
830,2023-05-09,-1,-1,0.0026908205008338,-0.0026908205008338,0.46243575738240034,flip
831,2023-05-10,-1,-1,-0.0009882342854272,0.0009882342854272,0.46289275225265314,hold
832,2023-05-11,-1,-1,0.0009728797753729,-0.0009728797753729,0.46244241325581986,hold
833,2023-05-12,-1,-1,0.0045891205221868,-0.0045891205221868,0.46032020928681794,hold
834,2023-05-15,-1,-1,-0.0061063388070606,0.0061063388070606,0.4631310804444603,hold
835,2023-05-16,0,-1,-0.0057282694884204,0.0057282694884204,0.46578402008170944,hold
836,2023-05-17,-1,-1,-0.0028490536527011,0.0028490536527011,0.467111063745493,hold
837,2023-05-18,-1,-1,0.0040513721791914,-0.0040513721791914,0.46521862297724204,hold
838,2023-05-19,-1,-1,0.0060977618257063,-0.0060977618257063,0.46238183061744376,hold
839,2023-05-22,0,-1,0.0018346005688616,-0.0018346005688616,0.4615335446479617,hold
840,2023-05-23,-1,-1,-0.0034117947119577,0.0034117947119577,0.4631082023549827,hold
841,2023-05-24,-1,-1,0.0019551116867164,-0.0019551116867164,0.46220277409634425,hold
842,2023-05-25,0,-1,0.0097264208278746,-0.0097264208278746,0.4577071954076722,hold
843,2023-05-26,0,-1,0.0053677985089635,-0.0053677985089635,0.45525031540662103,hold
844,2023-05-29,0,-1,0.0018925684396833,-0.0018925684396833,0.4543887230275266,hold
845,2023-05-30,-1,-1,-0.0053370195013254,0.0053370195013254,0.45681380450350684,hold
846,2023-05-31,0,-1,-0.0025169624936233,0.0025169624936233,0.4579635877160115,hold
847,2023-06-01,-1,-1,0.0025070443604549,-0.0025070443604549,0.4568154526861344,hold
848,2023-06-02,-1,-1,0.0032237875731377,-0.0032237875731377,0.45534277670654755,hold
849,2023-06-05,-1,-1,0.0002769943144211,-0.0002769943144211,0.45521664934628714,hold
850,2023-06-06,-1,-1,0.0068498516385289,-0.0068498516385289,0.45209848283487686,hold
851,2023-06-07,0,-1,-0.0049048192636628,0.0049048192636628,0.45431594418255805,hold
852,2023-06-08,1,1,-0.0038181972541345,-0.0038181972541345,0.45235411831987943,flip
853,2023-06-09,1,1,0.0020524046550352,0.0020524046550352,0.45328253201804347,hold
854,2023-06-12,-1,-1,0.0061635024393194,-0.0061635024393194,0.4502620827602404,flip
855,2023-06-13,0,-1,0.0021238341844009,-0.0021238341844009,0.44930580075693466,hold
856,2023-06-14,-1,-1,-0.0036149041015322,0.0036149041015322,0.4509299981389331,hold
857,2023-06-15,-1,-1,0.007379048352023,-0.007379048352023,0.44760256387928826,hold
858,2023-06-16,0,-1,-0.0037475183921172,0.0037475183921172,0.4492799627197847,hold
859,2023-06-19,0,-1,0.0032657175674986,-0.0032657175674986,0.44781274125280557,hold
860,2023-06-20,-1,-1,0.002133763746672,-0.002133763746672,0.44685721466022255,hold
861,2023-06-21,-1,-1,-0.0045394438174043,0.0045394438174043,0.44888569788057436,hold
862,2023-06-22,1,1,-0.0056336152360657,-0.0056336152360657,0.4461324057248021,flip
863,2023-06-23,0,1,0.0013768299134766,0.0013768299134766,0.4467466541663753,hold
864,2023-06-26,0,1,0.0067519034171119,0.0067519034171119,0.4497630444272246,hold
865,2023-06-27,1,1,0.0082210728123248,0.0082210728123248,0.4534605791637537,hold
866,2023-06-28,0,1,0.0114352747635688,0.0114352747635688,0.4586460254809383,hold
867,2023-06-30,0,1,0.0069570924336936,0.0069570924336936,0.46183686827455545,hold
868,2023-07-03,0,1,0.0034389465191355,0.0034389465191355,0.4634251005651167,hold
869,2023-07-04,-1,-1,0.0004899685388621,-0.0004899685388621,0.46296632429543827,flip
870,2023-07-05,-1,-1,0.0050932175812563,-0.0050932175812563,0.46060833607300716,hold
871,2023-07-06,-1,-1,-0.0084883544577184,0.0084883544577184,0.4645181428957747,hold
872,2023-07-07,-1,-1,0.0012466303397029,-0.0012466303397029,0.4639390604854984,hold
873,2023-07-10,-1,-1,0.0043139300324381,-0.0043139300324381,0.4619376598392489,hold
874,2023-07-11,-1,-1,-0.0028344294714754,0.0028344294714754,0.4632469895562817,hold
875,2023-07-12,-1,-1,0.0015192303855748,-0.0015192303855748,0.4625432106537217,hold
876,2023-07-13,-1,-1,0.0077651149314275,-0.0077651149314275,0.4589515094622441,hold
877,2023-07-14,-1,-1,0.0075110132510414,-0.0075110132510414,0.4555043185930877,hold
878,2023-07-17,0,-1,0.0019177068530324,-0.0019177068530324,0.4546307948397359,hold
879,2023-07-18,-1,-1,0.0042482823714824,-0.0042482823714824,0.4526993948484852,hold
880,2023-07-19,-1,-1,0.0073614124394989,-0.0073614124394989,0.44936688789189394,hold
881,2023-07-20,-1,-1,-0.011719737128305,0.011719737128305,0.45463334969215147,hold
882,2023-07-21,-1,-1,-0.0036794322929856,0.0036794322929856,0.456306142320477,hold
883,2023-07-24,-1,-1,0.0004193703428323,-0.0004193703428323,0.45611478105713554,hold
884,2023-07-25,-1,-1,0.0049643391875346,-0.0049643391875346,0.45385047257551986,hold
885,2023-07-26,0,-1,-0.0059863783008722,0.0059863783008722,0.45656739319638656,hold
886,2023-07-27,-1,-1,-0.0007044597937843,0.0007044597937843,0.45688902656804625,hold
887,2023-07-28,-1,-1,0.0054845628365591,-0.0054845628365591,0.4543831899924995,hold
888,2023-07-31,0,-1,-0.0010251191770254,0.0010251191770254,0.4548489869142788,hold
889,2023-08-01,-1,-1,-0.0104897492749598,0.0104897492749598,0.45962023874497904,hold
890,2023-08-02,0,-1,-0.0074206854169113,0.0074206854169113,0.46303093594795114,hold
891,2023-08-03,0,-1,0.0069833892701145,-0.0069833892701145,0.45979741067812113,hold
892,2023-08-04,1,1,0.0041144018676027,0.0041144018676027,0.46145930329799506,flip
893,2023-08-07,1,1,-0.0013497354646058,-0.0013497354646058,0.4608364553108615,hold
894,2023-08-08,-1,-1,0.0031527078847637,-0.0031527078847637,0.45915315435696097,flip
895,2023-08-09,-1,-1,-0.0045562684580157,0.0045562684580157,0.46124517939155596,hold
896,2023-08-10,-1,-1,-0.0058741361615907,0.0058741361615907,0.46395459637917924,hold
897,2023-08-11,1,1,0.0003216956578122,0.0003216956578122,0.4638718712600669,flip
898,2023-08-14,-1,-1,0.0015667570139761,-0.0015667570139761,0.462913160816554,flip
899,2023-08-16,1,1,-0.0051245825841254,-0.0051245825841254,0.46030946751426277,flip
900,2023-08-17,1,1,-0.0028452826260957,-0.0028452826260957,0.45899975698371703,hold
901,2023-08-18,1,1,0.0043215209131937,0.0043215209131937,0.460983334032673,hold
902,2023-08-21,1,1,0.0001469355577301,0.0001469355577301,0.4610510688759634,hold
903,2023-08-22,1,1,0.0024515199000461,0.0024515199000461,0.4621813447462504,hold
904,2023-08-23,-1,-1,-0.0029469646806212,0.0029469646806212,0.46331228617288656,flip
905,2023-08-24,-1,-1,-0.0062361537740819,0.0062361537740819,0.46620157283488206,hold
906,2023-08-25,-1,-1,0.0020891942389009,-0.0020891942389009,0.4652275871947489,hold
907,2023-08-28,1,1,0.001895758474361,0.001895758474361,0.4658769325420825,flip
908,2023-08-29,1,1,0.0002480956863764,0.0002480956863764,0.4659925145994285,hold
909,2023-08-30,1,1,-0.0048403506033882,-0.0048403506033882,0.46373694745021277,hold
910,2023-08-31,1,1,0.0094267101889176,0.0094267101889176,0.4681084612577192,hold
911,2023-09-01,0,1,0.0048108337016425,0.0048108337016425,0.4703604532191619,hold
912,2023-09-04,1,1,0.0023605960187407,0.0023605960187407,0.4714707842324042,hold
913,2023-09-05,1,1,0.0018467726478093,0.0018467726478093,0.4723414835809658,hold
914,2023-09-06,1,1,0.0059150323607803,0.0059150323607803,0.4751353987416862,hold
915,2023-09-07,0,1,0.004709190366575,0.004709190366575,0.47737290178425934,hold
916,2023-09-08,0,1,0.0089001434200508,0.0089001434200508,0.4816215890749851,hold
917,2023-09-11,0,1,-0.0001575482868895,-0.0001575482868895,0.4815457104186973,hold
918,2023-09-12,1,1,0.0038413452699443,0.0038413452699443,0.4833954937556762,hold
919,2023-09-13,-1,-1,0.0016492082399102,-0.0016492082399102,0.48235657617736105,flip
920,2023-09-14,-1,-1,0.0044396138771742,-0.0044396138771742,0.4802150992280178,hold
921,2023-09-15,-1,-1,-0.0029243168460981,0.0029243168460981,0.481619400332441,hold
922,2023-09-18,-1,-1,-0.011518249945432,0.011518249945432,0.48716681296403913,hold
923,2023-09-20,0,-1,-0.0079919391664983,0.0079919391664983,0.49106022049718456,hold
924,2023-09-21,-1,-1,-0.0034494176591149,0.0034494176591149,0.4927540922934564,hold
925,2023-09-22,-1,-1,1.5288066889551644e-05,-1.5288066889551644e-05,0.49274655903593334,hold
926,2023-09-25,-1,-1,-0.0005007261720755,0.0005007261720755,0.4929932901342428,hold
927,2023-09-26,-1,-1,0.0026316191986632,-0.0026316191986632,0.4916959195271134,hold
928,2023-09-27,-1,-1,-0.0097836296667737,0.0097836296667737,0.49650649031243044,hold
929,2023-09-28,0,-1,0.0058775169171687,-0.0058775169171687,0.4935882650161351,hold
930,2023-09-29,-1,-1,-0.0055784246544688,0.0055784246544688,0.4963417099628576,hold
931,2023-10-03,-1,-1,-0.0047443072713306,0.0047443072713306,0.4986965075464991,hold
932,2023-10-04,1,1,0.0056415841052857,0.0056415841052857,0.5012605975830616,flip
933,2023-10-05,-1,-1,0.0055127073660514,-0.0055127073660514,0.49824666429566267,flip
934,2023-10-06,-1,-1,-0.0071819467588469,0.0071819467588469,0.5018250453114073,hold
935,2023-10-09,-1,-1,0.0090968029762401,-0.0090968029762401,0.4972600417456666,hold
936,2023-10-10,0,-1,0.0061706921287072,-0.0061706921287072,0.494191603120146,hold
937,2023-10-11,0,-1,-0.0008757409120068,0.0008757409120068,0.49462438692536853,hold
938,2023-10-12,-1,-1,-0.002169809980297,0.002169809980297,0.4956976278566174,hold
939,2023-10-13,-1,-1,-0.0009772027556287,0.0009772027556287,0.4961820249445175,hold
940,2023-10-16,-1,-1,0.0040417094276989,-0.0040417094276989,0.49417660137644454,hold
941,2023-10-17,0,-1,-0.0070868127413371,0.0070868127413371,0.49767873841154975,hold
942,2023-10-18,0,-1,-0.0023588102112444,0.0023588102112444,0.49885266810163414,hold
943,2023-10-19,-1,-1,-0.0041808960845935,0.0041808960845935,0.5009383192684893,hold
944,2023-10-20,1,1,-0.0133503074255556,-0.0133503074255556,0.4940001695453796,flip
945,2023-10-23,0,1,-0.008277236732921,-0.008277236732921,0.4899112131959494,hold
946,2023-10-25,0,1,-0.0138530649123475,-0.0138530649123475,0.483124441358259,hold
947,2023-10-26,0,1,0.0100757003274603,0.0100757003274603,0.48799225845025646,hold
948,2023-10-27,-1,-1,0.0049167407696648,-0.0049167407696648,0.4853489308886282,flip
949,2023-10-30,-1,-1,-0.0032026069828995,0.0032026069828995,0.48690331276383486,hold
950,2023-10-31,1,1,-0.0047406245729368,-0.0047406245729368,0.4843516352983204,flip
951,2023-11-01,-1,-1,0.0075885232572669,-0.0075885232572669,0.4804339458315147,flip
952,2023-11-02,-1,-1,0.0050879808383312,-0.0050879808383312,0.47798950712104016,hold
953,2023-11-03,-1,-1,0.0094199033989916,-0.0094199033989916,0.47348689213822837,hold
954,2023-11-06,-1,-1,-0.0002601919584787,0.0002601919584787,0.4736100896200078,hold
955,2023-11-07,-1,-1,0.0018962926582819,-0.0018962926582819,0.4727119862841731,hold
956,2023-11-08,-1,-1,-0.002478937369815,0.002478937369815,0.47388380969213245,hold
957,2023-11-09,1,1,0.0015492839458333,0.0015492839458333,0.4743810483658328,flip
958,2023-11-10,-1,-1,0.0009369804014345,-0.0009369804014345,0.47369937209651913,flip
959,2023-11-13,-1,-1,0.0119267535086042,-0.0119267535086042,0.4680496764483434,hold
960,2023-11-15,0,-1,0.0045615222809993,-0.0045615222809993,0.4659146574206098,hold
961,2023-11-16,0,-1,-0.0016897597201204,0.0016897597201204,0.4667019412417328,hold
962,2023-11-17,1,1,-0.0019157289123818,-0.0019157289123818,0.4655745158688105,flip
963,2023-11-20,1,1,0.004539473475424,0.004539473475424,0.4676879790344303,hold
964,2023-11-21,0,1,0.0014380348265852,0.0014380348265852,0.4683605306362571,hold
965,2023-11-22,-1,-1,-0.0004971574875239,0.0004971574875239,0.4683591993156055,flip
966,2023-11-23,-1,-1,-0.0003686890844358,0.0003686890844358,0.46853187823998826,hold
967,2023-11-24,-1,-1,0.0047992646389904,-0.0047992646389904,0.46628326976451134,hold
968,2023-11-28,-1,-1,0.0104023891135545,-0.0104023891135545,0.4614328097552804,hold
969,2023-11-29,-1,-1,0.0018187545137213,-0.0018187545137213,0.46059357674975887,hold
970,2023-11-30,-1,-1,0.0066929416105065,-0.0066929416105065,0.4575108508343984,hold
971,2023-12-01,-1,-1,0.0206681690037693,-0.0206681690037693,0.44805493924829476,hold
972,2023-12-04,-1,-1,0.0081355657602475,-0.0081355657602475,0.44440975882583655,hold
973,2023-12-05,-1,-1,0.0039606432442005,-0.0039606432442005,0.4426496103168862,hold
974,2023-12-06,-1,-1,-0.001745599062397,0.001745599062397,0.4434222990616257,hold
975,2023-12-07,-1,-1,0.0032653705047074,-0.0032653705047074,0.4419743609651403,hold
976,2023-12-08,-1,-1,0.0013209351833629,-0.0013209351833629,0.4413905414815971,hold
977,2023-12-11,-1,-1,-0.0043196070141755,0.0043196070141755,0.44329717516057177,hold
978,2023-12-12,-1,-1,0.0009542158562574,-0.0009542158562574,0.4428741739669994,hold
979,2023-12-13,-1,-1,0.0122500872899569,-0.0122500872899569,0.4374489266774361,hold
980,2023-12-14,-1,-1,0.0129327792008919,-0.0129327792008919,0.4317914962970497,hold
981,2023-12-15,-1,-1,-0.0017710126840955,0.0017710126840955,0.4325562045138764,hold
982,2023-12-18,-1,-1,0.0016083748565725,-0.0016083748565725,0.4318604919904818,hold
983,2023-12-19,-1,-1,-0.0141214660942333,0.0141214660942333,0.4379589952855643,hold
984,2023-12-20,-1,-1,0.0049597940765233,-0.0049597940765233,0.4357868088549869,hold
985,2023-12-21,-1,-1,0.0044389265566107,-0.0044389265566107,0.43385238321613984,hold
986,2023-12-22,-1,-1,0.0043068759341071,-0.0043068759341071,0.43198383482791125,hold
987,2023-12-26,-1,-1,0.0099527499207277,-0.0099527499207277,0.4276844077500721,hold
988,2023-12-27,-1,-1,0.0057238813077962,-0.0057238813077962,0.42523639296291554,hold
989,2023-12-28,-1,-1,-0.0021717930740454,0.0021717930740454,0.4261599184159845,hold
990,2023-12-29,-1,-1,0.0004831718072126,-0.0004831718072126,0.4259540099580419,hold
991,2024-01-01,-1,-1,-0.003500136051024,0.003500136051024,0.4274449069443743,hold
992,2024-01-02,-1,-1,-0.0068518663756694,0.0068518663756694,0.4303737023297176,hold
993,2024-01-03,-1,-1,0.0065644701863494,-0.0065644701863494,0.42754852699178536,hold
994,2024-01-04,-1,-1,0.0024101822286055,-0.0024101822286055,0.42651805713016333,hold
995,2024-01-05,-1,-1,-0.009110708685643,0.009110708685643,0.4304039388978427,hold
996,2024-01-08,0,-1,0.0014804820050666,-0.0014804820050666,0.42976673361139467,hold
997,2024-01-09,-1,-1,0.0034277152411805,-0.0034277152411805,0.42829361562844254,hold
998,2024-01-10,-1,-1,0.0013183031833516,-0.0013183031833516,0.4277289947915504,hold
999,2024-01-11,-1,-1,0.0114264926377058,-0.0114264926377058,0.4228415525816315,hold
1000,2024-01-12,0,-1,0.0092670746948486,-0.0092670746948486,0.4189230483297718,hold
1001,2024-01-15,0,-1,-0.0029482333845447,0.0029482333845447,0.4201581312464129,hold
1002,2024-01-16,1,1,-0.0208943935120824,-0.0208943935120824,0.411169102849226,flip
1003,2024-01-17,0,1,-0.0050852715087356,-0.0050852715087356,0.4090781963252344,hold
1004,2024-01-18,-1,-1,0.0074619571864553,-0.0074619571864553,0.40582113324018054,flip
1005,2024-01-19,0,-1,-0.0177408429427344,0.0177408429427344,0.4130207422278371,hold
1006,2024-01-23,0,-1,0.0101299710711508,-0.0101299710711508,0.40883685405728387,hold
1007,2024-01-24,0,-1,-0.0047240537554001,0.0047240537554001,0.41076822133303914,hold
1008,2024-01-25,-1,-1,0.0180305914522447,-0.0180305914522447,0.4033618273526179,hold
1009,2024-01-29,0,-1,-0.0099136981024832,0.0099136981024832,0.4073606347350577,hold
1010,2024-01-30,0,-1,0.0094600254190029,-0.0094600254190029,0.40350699277576285,hold
1011,2024-01-31,0,-1,-0.0013003033741542,0.0013003033741542,0.40403167427996395,hold
1012,2024-02-01,-1,-1,0.0072059881750932,-0.0072059881750932,0.4011202268127394,hold
1013,2024-02-02,0,-1,-0.0037568550808078,0.0037568550808078,0.4026271773748556,hold
1014,2024-02-05,-1,-1,0.0072434021015312,-0.0072434021015312,0.399710786832125,hold
1015,2024-02-06,0,-1,5.014315737827957e-05,-5.014315737827957e-05,0.3996907440712351,hold
1016,2024-02-07,-1,-1,-0.0096920171108729,0.0096920171108729,0.4035645536018311,hold
1017,2024-02-08,0,-1,0.0029722318898448,-0.0029722318898448,0.40236506616600476,hold
1018,2024-02-09,-1,-1,-0.0076414194307357,0.0076414194307357,0.4054397064008549,hold
1019,2024-02-12,-1,-1,0.0058844800115076,-0.0058844800115076,0.40305390455266754,hold
1020,2024-02-13,-1,-1,0.0044519922849619,-0.0044519922849619,0.40125951167917534,hold
1021,2024-02-14,0,-1,0.0032371361888359,-0.0032371361888359,0.39996057999280404,hold
1022,2024-02-15,0,-1,0.0059308430222606,-0.0059308430222606,0.39758847657777446,hold
1023,2024-02-16,0,-1,0.0037000088082788,-0.0037000088082788,0.39611739571236654,hold
1024,2024-02-19,-1,-1,0.003376655573009,-0.003376655573009,0.39477984370056857,hold
1025,2024-02-20,-1,-1,-0.00639270001033,0.00639270001033,0.3973035528114713,hold
1026,2024-02-21,-1,-1,0.0073633218581414,-0.0073633218581414,0.39437807887673737,hold
1027,2024-02-22,0,-1,-0.0002137959201901,0.0002137959201901,0.39446239530101357,hold
1028,2024-02-23,-1,-1,-0.0040809285088362,0.0040809285088362,0.39607216813566126,hold
1029,2024-02-26,1,1,0.0034489943486464,0.0034489943486464,0.39724018272114947,flip
1030,2024-02-27,-1,-1,-0.0111359278099485,0.0111359278099485,0.4014652006277824,flip
1031,2024-02-28,0,-1,0.0014418556686905,-0.0014418556686905,0.4008863457524753,hold
1032,2024-02-29,-1,-1,0.0161921687000685,-0.0161921687000685,0.39439512641249724,hold
1033,2024-03-01,1,1,0.0029925402887358,0.0029925402887358,0.3953781721547615,flip
1034,2024-03-04,-1,-1,-0.0022002905070378,0.0022002905070378,0.3960504299075662,flip
1035,2024-03-05,-1,-1,0.0052669715420341,-0.0052669715420341,0.3939644435640327,hold
1036,2024-03-06,0,-1,0.000867667346212,-0.000867667346212,0.3936226134807836,hold
1037,2024-03-07,-1,-1,-0.0071531788017711,0.0071531788017711,0.39643826641543206,hold
1038,2024-03-11,0,-1,0.000136518866846,-0.000136518866846,0.3963841451125267,hold
1039,2024-03-12,-1,-1,-0.0151327252704165,0.0151327252704165,0.40238251748206344,hold
1040,2024-03-13,0,-1,0.0067712159528048,-0.0067712159528048,0.3996578985605591,hold
1041,2024-03-14,0,-1,-0.0055674686273187,0.0055674686273187,0.4018829813724551,hold
1042,2024-03-15,0,-1,0.0014688778023679,-0.0014688778023679,0.40129266438196765,hold
1043,2024-03-18,0,-1,-0.0108021966402886,0.0108021966402886,0.405627506652927,hold
1044,2024-03-19,0,-1,0.0009923428906801,-0.0009923428906801,0.4052249850804357,hold
1045,2024-03-20,-1,-1,0.0079146856998078,-0.0079146856998078,0.40201775668581474,hold
1046,2024-03-21,-1,-1,0.0038524885010076,-0.0038524885010076,0.4004689879009818,hold
1047,2024-03-22,-1,-1,-0.0041658063402989,0.0041658063402989,0.4021372641498728,hold
1048,2024-03-26,1,1,0.0054057167831516,0.0054057167831516,0.4041100356757435,flip
1049,2024-03-27,0,1,0.0091870010785439,0.0091870010785439,0.407822595009347,hold
1050,2024-03-28,0,1,0.0060509791780918,0.0060509791780918,0.41029032104010393,hold
1051,2024-04-01,0,1,-0.0003872860275131,-0.0003872860275131,0.41013142133154123,hold
1052,2024-04-02,1,1,-0.0008306302403686,-0.0008306302403686,0.4097907537704579,hold
1053,2024-04-03,-1,-1,0.0035659124883635,-0.0035659124883635,0.40812458042708677,flip
1054,2024-04-04,-1,-1,-4.224679746289706e-05,4.224679746289706e-05,0.40814182238357577,hold
1055,2024-04-05,-1,-1,0.0067781647528144,-0.0067781647528144,0.40537536986894596,hold
1056,2024-04-08,0,-1,-0.0010390218270411,0.0010390218270411,0.4057965637263846,hold
1057,2024-04-09,-1,-1,0.0049044741142307,-0.0049044741142307,0.4038063449839448,hold
1058,2024-04-10,0,-1,-0.0103015928142499,0.0103015928142499,0.4079661935257799,hold
1059,2024-04-12,0,-1,-0.010963897188301,0.010963897188301,0.4124390929278991,hold
1060,2024-04-15,0,-1,-0.005594325260972,0.005594325260972,0.414746411364078,hold
1061,2024-04-16,-1,-1,-0.0068652458503182,0.0068652458503182,0.41759374744362965,hold
1062,2024-04-18,1,1,0.0068717686886063,0.0068717686886063,0.4202545582081488,flip
1063,2024-04-19,-1,-1,0.0085519659829773,-0.0085519659829773,0.4164504282430575,flip
1064,2024-04-22,-1,-1,0.0014147135985376,-0.0014147135985376,0.41586127015910523,hold
1065,2024-04-23,-1,-1,0.0015379287654238,-0.0015379287654238,0.41522170514930185,hold
1066,2024-04-24,-1,-1,0.0074969296067168,-0.0074969296067168,0.4121088172546166,hold
1067,2024-04-25,0,-1,-0.0066636269808832,0.0066636269808832,0.4148549566883344,hold
1068,2024-04-26,0,-1,0.0099666225688024,-0.0099666225688024,0.4107202539142249,hold
1069,2024-04-29,0,-1,-0.0017025173156396,0.0017025173156396,0.41141951225839773,hold
1070,2024-04-30,-1,-1,0.001917712797214,-0.001917712797214,0.41063052779471626,hold
1071,2024-05-02,-1,-1,-0.0076098592965534,0.0076098592965534,0.41375536833410353,hold
1072,2024-05-03,0,-1,-0.0014749338156797,0.0014749338156797,0.4143656301182785,hold
1073,2024-05-06,-1,-1,-0.006246985595782,0.006246985595782,0.41695416624101456,hold
1074,2024-05-07,0,-1,0.0,-0.0,0.41695416624101456,hold
1075,2024-05-08,-1,-1,-0.0154691178119045,0.0154691178119045,0.4234040793607612,hold
1076,2024-05-09,0,-1,0.004449469144939,-0.004449469144939,0.42152015597380416,hold
1077,2024-05-10,-1,-1,0.0022149680905385,-0.0022149680905385,0.4205865022788034,hold
1078,2024-05-13,-1,-1,0.0051483245877055,-0.0051483245877055,0.41842118644786436,hold
1079,2024-05-14,-1,-1,-0.0007786004689536,0.0007786004689536,0.4187469693798528,hold
1080,2024-05-15,-1,-1,0.0091573776762647,-0.0091573776762647,0.41491234523045023,hold
1081,2024-05-16,0,-1,0.002778540343975,-0.002778540343975,0.41375949454001415,hold
1082,2024-05-17,0,-1,0.0028020516676037,-0.0028020516676037,0.4126001190583514,hold
1083,2024-05-21,0,-1,0.00305161547495,-0.00305161547495,0.41134102215006674,hold
1084,2024-05-22,0,-1,0.016366619608483,-0.016366619608483,0.40460876011117203,hold
1085,2024-05-23,1,1,-0.0004593757337192,-0.0004593757337192,0.4042205882850712,flip
1086,2024-05-24,-1,-1,-0.0010737589261899,0.0010737589261899,0.4044525134557495,flip
1087,2024-05-27,-1,-1,-0.0019317094176221,0.0019317094176221,0.4052337981849729,hold
1088,2024-05-28,-1,-1,-0.008015115627261,0.008015115627261,0.4084817939334996,hold
1089,2024-05-29,-1,-1,-0.0095155996581792,0.0095155996581792,0.41236874315222566,hold
1090,2024-05-30,0,-1,0.0018697799732139,-0.0018697799732139,0.4115977043347002,hold
1091,2024-05-31,-1,-1,0.0325423176953527,-0.0325423176953527,0.3982033610775626,hold
1092,2024-06-03,-1,-1,-0.0592935994164107,0.0592935994164107,0.42181427165556395,hold
1093,2024-06-04,0,-1,0.0336242367600356,-0.0336242367600356,0.4076310887166553,hold
1094,2024-06-05,-1,-1,0.0088880492442378,-0.0088880492442378,0.4040080435266594,hold
1095,2024-06-06,1,1,0.0205399314668071,0.0205399314668071,0.41210433703097255,flip
1096,2024-06-07,-1,-1,-0.0013289382574128,0.0013289382574128,0.4124459460819833,flip
1097,2024-06-10,-1,-1,0.0002429314342191,-0.0002429314342191,0.41234574999676377,hold
1098,2024-06-11,-1,-1,0.0024973129141392,-0.0024973129141392,0.41131599363020643,hold
1099,2024-06-12,-1,-1,0.003256499474515,-0.003256499474515,0.40997654331309,hold
1100,2024-06-13,-1,-1,0.0028505279152657,-0.0028505279152657,0.4088078937317719,hold
1101,2024-06-14,-1,-1,0.0039334507869606,-0.0039334507869606,0.40719986800045693,hold
1102,2024-06-18,-1,-1,-0.0017786131162043,0.0017786131162043,0.4079241190265992,hold
1103,2024-06-19,-1,-1,0.0021687361796223,-0.0021687361796223,0.4070394392311256,hold
1104,2024-06-20,-1,-1,-0.0027962995130903,0.0027962995130903,0.4081776434168562,hold
1105,2024-06-21,-1,-1,0.001563756616109,-0.001563756616109,0.4075393529264153,hold
1106,2024-06-24,-1,-1,0.0077938798539154,-0.0077938798539154,0.40436304017396435,hold
1107,2024-06-25,-1,-1,0.0062180401218379,-0.0062180401218379,0.4018486945663743,hold
1108,2024-06-26,-1,-1,0.0073610408985447,-0.0073610408985447,0.3988906698906444,hold
1109,2024-06-27,0,-1,-0.0014099020825968,0.0014099020825968,0.3994530666768517,hold
1110,2024-06-28,-1,-1,0.0054704843490753,-0.0054704843490753,0.3972678649274059,hold
1111,2024-07-01,-1,-1,-0.0007497161563467,0.0007497161563467,0.39756570306413935,hold
1112,2024-07-02,-1,-1,0.0067423066077227,-0.0067423066077227,0.3948851931973661,hold
1113,2024-07-03,0,-1,0.0006444070008029,-0.0006444070008029,0.3946307264143563,hold
1114,2024-07-04,-1,-1,0.0008928929498506,-0.0008928929498506,0.3942783634209465,hold
1115,2024-07-05,-1,-1,-0.0001356211363734,0.0001356211363734,0.39433183590064114,hold
1116,2024-07-08,-1,-1,0.0046318209860134,-0.0046318209860134,0.39250536142766335,hold
1117,2024-07-09,0,-1,-0.0044509111977667,0.0044509111977667,0.3942523679360252,hold
1118,2024-07-10,-1,-1,-0.0003494426502141,0.0003494426502141,0.39439013652833,hold
1119,2024-07-11,-1,-1,0.007657573644356,-0.007657573644356,0.39137006501325666,hold
1120,2024-07-12,-1,-1,0.0034506697076412,-0.0034506697076412,0.39001957618543787,hold
1121,2024-07-15,-1,-1,0.0010697158254551,-0.0010697158254551,0.389602366072555,hold
1122,2024-07-16,-1,-1,0.0076321297434283,-0.0076321297434283,0.38662887026634263,hold
1123,2024-07-18,0,-1,-0.0108846762510892,0.0108846762510892,0.39083720034851616,hold
1124,2024-07-19,-1,-1,-0.0008825762723847,0.0008825762723847,0.391182143987909,hold
1125,2024-07-22,-1,-1,-0.0012321559717249,0.0012321559717249,0.3916641414026559,hold
1126,2024-07-23,-1,-1,-0.0026778318259059,0.0026778318259059,0.39271295210557006,hold
1127,2024-07-24,-1,-1,-0.0003031269840456,0.0003031269840456,0.3928319939983375,hold
1128,2024-07-25,-1,-1,0.0175673297602745,-0.0175673297602745,0.38593098481938254,hold
1129,2024-07-26,0,-1,5.03324972633834e-05,-5.03324972633834e-05,0.3859115599491453,hold
1130,2024-07-29,0,-1,0.0008536433743,-0.0008536433743,0.3855821291029289,hold
1131,2024-07-30,-1,-1,0.0037755350108565,-0.0037755350108565,0.3841263502749402,hold
1132,2024-07-31,-1,-1,0.0023946791656728,-0.0023946791656728,0.38320649090695086,hold
1133,2024-08-01,-1,-1,-0.0117229354919546,0.0117229354919546,0.3876987958799513,hold
1134,2024-08-02,0,-1,-0.0267864578946228,0.0267864578946228,0.3980838733515856,hold
1135,2024-08-05,0,-1,-0.0026209626510589,0.0026209626510589,0.399127236315629,hold
1136,2024-08-06,1,1,0.0127101624804444,0.0127101624804444,0.4040006447214136,flip
1137,2024-08-07,-1,-1,-0.007428747813561,0.007428747813561,0.4067998633052044,flip
1138,2024-08-08,1,1,0.0103868640378157,0.0103868640378157,0.410821838244305,flip
1139,2024-08-09,-1,-1,-0.0008412844977941,0.0008412844977941,0.41096204536905306,flip
1140,2024-08-12,-1,-1,-0.0085431469996303,0.0085431469996303,0.4144729545339096,hold
1141,2024-08-13,-1,-1,0.0001967769998756,-0.0001967769998756,0.41439139578938683,hold
1142,2024-08-14,-1,-1,0.0164597624902924,-0.0164597624902924,0.4075706118366728,hold
1143,2024-08-16,-1,-1,0.0012835584110202,-0.0012835584110202,0.4070474711497652,hold
1144,2024-08-19,-1,-1,0.0051357593399101,-0.0051357593399101,0.404956973298021,hold
1145,2024-08-20,-1,-1,0.0028887826964991,-0.0028887826964991,0.40378714060073106,hold
1146,2024-08-21,-1,-1,0.0016673576536574,-0.0016673576536574,0.403113883021402,hold
1147,2024-08-22,-1,-1,0.0004695560778267,-0.0004695560778267,0.40292459844757295,hold
1148,2024-08-23,-1,-1,0.007551387144671,-0.007551387144671,0.3998819588145842,hold
1149,2024-08-26,0,-1,0.000285894410237,-0.000285894410237,0.3997676347978045,hold
1150,2024-08-27,-1,-1,0.0013830024432652,-0.0013830024432652,0.39921475518214083,hold
1151,2024-08-28,-1,-1,0.0039756594063229,-0.0039756594063229,0.39762761328555807,hold
1152,2024-08-29,-1,-1,0.0033377600735777,-0.0033377600735777,0.39630042771378154,hold
1153,2024-08-30,-1,-1,0.0016959501132323,-0.0016959501132323,0.3956283219585263,hold
1154,2024-09-02,-1,-1,4.550829989491412e-05,-4.550829989491412e-05,0.3956103175862037,hold
1155,2024-09-03,-1,-1,-0.0032100820170585,0.0032100820170585,0.3968802591524499,hold
1156,2024-09-04,-1,-1,-0.0021270784221717,0.0021270784221717,0.397724454587879,hold
1157,2024-09-05,-1,-1,-0.0116503502989019,0.0116503502989019,0.4023580838062674,hold
1158,2024-09-06,-1,-1,0.0033900486950126,-0.0033900486950126,0.4009940703093322,hold
1159,2024-09-09,-1,-1,0.0041986500501236,-0.0041986500501236,0.3993104365359286,hold
1160,2024-09-10,-1,-1,-0.0048979634496194,0.0048979634496194,0.40126624445913317,hold
1161,2024-09-11,1,1,0.0188796328272711,0.0188796328272711,0.40864137069827006,flip
1162,2024-09-12,1,1,-0.0012761636040355,-0.0012761636040355,0.40811987745388173,hold
1163,2024-09-13,-1,-1,0.0010746751326089,-0.0010746751326089,0.4074772212317317,flip
1164,2024-09-16,-1,-1,0.0013709866056039,-0.0013709866056039,0.4069185754193343,hold
1165,2024-09-17,-1,-1,-0.0016129951842196,0.0016129951842196,0.4075749331218552,hold
1166,2024-09-18,0,-1,0.0015072376499098,-0.0015072376499098,0.4069606208374945,hold
1167,2024-09-19,-1,-1,0.0147604413777415,-0.0147604413777415,0.4009537024505734,hold
1168,2024-09-20,1,1,0.0057423850996662,0.0057423850996662,0.40305565616595634,flip
1169,2024-09-23,-1,-1,5.203002169906768e-05,-5.203002169906768e-05,0.40283315734333713,flip
1170,2024-09-24,-1,-1,0.0024575565157058,-0.0024575565157058,0.4018431720927657,hold
1171,2024-09-25,-1,-1,0.008148714241454,-0.008148714241454,0.39856866691350235,hold
1172,2024-09-26,-1,-1,-0.0014152231703233,0.0014152231703233,0.3991327305258832,hold
1173,2024-09-27,-1,-1,-0.0140609008520233,0.0140609008520233,0.40474489627660504,hold
1174,2024-09-30,-1,-1,-0.0005404401234794,0.0005404401234794,0.4049636366583264,hold
1175,2024-10-01,-1,-1,-0.0211963752609873,0.0211963752609873,0.41354739786799044,hold
1176,2024-10-03,0,-1,-0.0093266958801446,0.0093266958801446,0.41740442867993033,hold
1177,2024-10-04,0,-1,-0.0087488751686026,0.0087488751686026,0.42105624792127294,hold
1178,2024-10-07,0,-1,0.0087676473034692,-0.0087676473034692,0.4173645752445771,hold
1179,2024-10-08,-1,-1,-0.0012473907279866,0.0012473907279866,0.41788519194592727,hold
1180,2024-10-09,-1,-1,0.0006604768849507,-0.0006604768849507,0.4176091884360838,hold
1181,2024-10-10,-1,-1,-0.0013680536120755,0.0013680536120755,0.4181805001947597,hold
1182,2024-10-11,-1,-1,0.0065573457544287,-0.0065573457544287,0.41543834606722274,hold
1183,2024-10-14,-1,-1,-0.0028096049048969,0.0028096049048969,0.41660556368201546,hold
1184,2024-10-15,1,1,-0.0034340754096676,-0.0034340754096676,0.41496660597840335,flip
1185,2024-10-16,1,1,-0.0088682273228345,-0.0088682273228345,0.4112865877852018,hold
1186,2024-10-17,-1,-1,0.0042101739412401,-0.0042101739412401,0.40934935641703435,flip
1187,2024-10-18,-1,-1,-0.0029351823779982,0.0029351823779982,0.41055087143443453,hold
1188,2024-10-21,1,1,-0.0124691803378693,-0.0124691803378693,0.405226363144932,flip
1189,2024-10-22,1,1,-0.0014955647434917,-0.0014955647434917,0.4046203208830791,hold
1190,2024-10-23,-1,-1,-0.0014773427748562,0.0014773427748562,0.4050157736302542,flip
1191,2024-10-24,-1,-1,-0.0089592205494931,0.0089592205494931,0.40864439927223123,hold
1192,2024-10-25,1,1,0.0065485676346082,0.0065485676346082,0.4111161125597332,flip
1193,2024-10-28,-1,-1,0.0052466588480091,-0.0052466588480091,0.4087535685139327,flip
1194,2024-10-29,-1,-1,-0.0051498252538292,0.0051498252538292,0.4108585779636585,hold
1195,2024-10-30,1,1,-0.005566773640794,-0.005566773640794,0.40836599197277446,flip
1196,2024-10-31,1,1,0.0040900049616161,0.0040900049616161,0.41003621090609843,hold
1197,2024-11-01,-1,-1,-0.0127137736646451,0.0127137736646451,0.4150443003804142,flip
1198,2024-11-04,1,1,0.0090830588186072,0.0090830588186072,0.418606650022907,flip
1199,2024-11-05,-1,-1,0.0111818707596305,-0.0111818707596305,0.41371654123821755,flip
1200,2024-11-06,-1,-1,-0.0116280257061476,0.0116280257061476,0.418527247814794,hold
1201,2024-11-07,-1,-1,-0.0021137093124677,0.0021137093124677,0.4194118927560216,hold
1202,2024-11-08,-1,-1,-0.0002856708874028,0.0002856708874028,0.4195317065236125,hold
1203,2024-11-11,-1,-1,-0.0106809307765333,0.0106809307765333,0.424012695639552,hold
1204,2024-11-12,0,-1,-0.0135825623229214,0.0135825623229214,0.4297718745037861,hold
1205,2024-11-13,1,1,-0.0011185324376894,-0.0011185324376894,0.42907627478409516,flip
1206,2024-11-14,-1,-1,-0.0033527151631265,0.0033527151631265,0.4303003071793096,flip
1207,2024-11-18,1,1,0.0027585814066317,0.0027585814066317,0.4312721754523728,flip
1208,2024-11-19,-1,-1,-0.0071688079331164,0.0071688079331164,0.43414824675736197,flip
1209,2024-11-21,1,1,0.0238694641112378,0.0238694641112378,0.44429405862891497,flip
1210,2024-11-22,1,1,0.0131612958673623,0.0131612958673623,0.4501415441866414,hold
1211,2024-11-25,-1,-1,-0.0011312238174179,0.0011312238174179,0.4504256842505413,flip
1212,2024-11-26,-1,-1,0.0033230854378061,-0.0033230854378061,0.44892888121839447,hold
1213,2024-11-27,-1,-1,-0.0148610290544929,0.0148610290544929,0.455600426365582,hold
1214,2024-11-28,0,-1,0.0090720019405352,-0.0090720019405352,0.4514672184134848,hold
1215,2024-11-29,-1,-1,0.0060068200049485,-0.0060068200049485,0.44875533609434026,hold
1216,2024-12-02,-1,-1,0.0074600111445999,-0.0074600111445999,0.44540761628587777,hold
1217,2024-12-03,0,-1,0.0004210968146538,-0.0004210968146538,0.44522005655743724,hold
1218,2024-12-04,-1,-1,0.0098478255628851,-0.0098478255628851,0.4408356071033618,hold
1219,2024-12-05,-1,-1,-0.0012384293961259,0.0012384293961259,0.4413815508780576,hold
1220,2024-12-06,-1,-1,-0.0023827399277279,0.0023827399277279,0.4424332483226972,hold
1221,2024-12-09,-1,-1,-0.00036350862139,0.00036350862139,0.4425940766228521,hold
1222,2024-12-10,-1,-1,0.0012901233029631,-0.0012901233029631,0.44202307569084753,hold
1223,2024-12-11,-1,-1,-0.0037781963796591,0.0037781963796591,0.44369312567514846,hold
1224,2024-12-12,-1,-1,0.0089455478085889,-0.0089455478085889,0.43972404760707917,hold
1225,2024-12-13,-1,-1,-0.0040394689217332,0.0040394689217332,0.44150029923152667,hold
1226,2024-12-16,-1,-1,-0.0134687300477334,0.0134687300477334,0.4474467475778696,hold
1227,2024-12-17,0,-1,-0.0056356998120069,0.0056356998120069,0.4499684231290773,hold
1228,2024-12-18,-1,-1,-0.010213311567061,0.010213311567061,0.45456409082983373,hold
1229,2024-12-19,0,-1,-0.0152055691508056,0.0152055691508056,0.4614759965464198,hold
1230,2024-12-20,0,-1,0.0070354729729729,-0.0070354729729729,0.4582292946450417,hold
1231,2024-12-23,-1,-1,-0.0010861087115143,0.0010861087115143,0.4587269814738268,hold
1232,2024-12-24,-1,-1,0.0009503186263191,-0.0009503186263191,0.45829104467893705,hold
1233,2024-12-26,-1,-1,0.002661079652128,-0.002661079652128,0.45707149570518946,hold
1234,2024-12-27,-1,-1,-0.0070758479358679,0.0070758479358679,0.4603056641046191,hold
1235,2024-12-30,1,1,-4.212721278373799e-06,-4.212721278373799e-06,0.46007357213310107,flip
1236,2024-12-31,-1,-1,0.0041488871182535,-0.0041488871182535,0.45793474203016266,flip
1237,2025-01-01,-1,-1,0.0187740331916654,-0.0187740331916654,0.44933745998367164,hold
1238,2025-01-02,1,1,-0.0076027553276091,-0.0076027553276091,0.4456965884858946,flip
1239,2025-01-03,-1,-1,-0.0161925959966257,0.0161925959966257,0.45269072498607804,flip
1240,2025-01-06,-1,-1,0.0038892874268343,-0.0038892874268343,0.4509300806411452,hold
1241,2025-01-07,-1,-1,-0.0007993610384197,0.0007993610384197,0.45129053657866114,hold
1242,2025-01-08,-1,-1,-0.0068575949591475,0.0068575949591475,0.4543853042874139,hold
1243,2025-01-09,1,1,-0.0040379997024632,-0.0040379997024632,0.452323303911754,flip
1244,2025-01-10,1,1,-0.0147472753024774,-0.0147472753024774,0.4456527676232412,hold
1245,2025-01-13,1,1,0.0039028744993869,0.0039028744993869,0.44739209444557915,hold
1246,2025-01-14,-1,-1,0.0016028803979861,-0.0016028803979861,0.4464512823799556,flip
1247,2025-01-15,-1,-1,0.0042476507253836,-0.0042476507253836,0.444554913266506,hold
1248,2025-01-16,-1,-1,-0.0046586517926727,0.0046586517926727,0.4466259398101365,hold
1249,2025-01-17,1,1,0.0061004855371675,0.0061004855371675,0.44912726192656705,flip
1250,2025-01-20,-1,-1,-0.0137118456772935,0.0137118456772935,0.45506106200060625,flip
1251,2025-01-21,-1,-1,0.0056764909144164,-0.0056764909144164,0.45247791201665516,hold
1252,2025-01-22,-1,-1,0.0021593282262408,-0.0021593282262408,0.4515008636894871,hold
1253,2025-01-23,-1,-1,-0.0048760476583936,0.0048760476583936,0.4537024034186429,hold
1254,2025-01-24,1,1,-0.0113912419355629,-0.0113912419355629,0.4483073183728455,flip
1255,2025-01-27,1,1,0.0056112298172781,0.0056112298172781,0.4508228737650032,hold
1256,2025-01-28,-1,-1,0.0089666492883511,-0.0089666492883511,0.44655509172790336,flip
1257,2025-01-29,1,1,0.0037300875997627,0.0037300875997627,0.44799750379230463,flip
1258,2025-01-30,-1,-1,0.0111357401503258,-0.0111357401503258,0.4427847212501828,flip
1259,2025-01-31,0,-1,-0.0011166221250199,0.0011166221250199,0.44327914446655153,hold
1260,2025-02-01,-1,-1,-0.0051570919766934,0.0051570919766934,0.44556517578591553,hold
1261,2025-02-03,0,-1,0.0161893068206311,-0.0161893068206311,0.4383517844465289,hold
1262,2025-02-04,-1,-1,-0.0018092070621439,0.0018092070621439,0.4391448535906529,hold
1263,2025-02-05,-1,-1,-0.0039226026346081,0.0039226026346081,0.44086744435032227,hold
1264,2025-02-06,-1,-1,-0.0018387386257991,0.0018387386257991,0.4416780843491066,hold
1265,2025-02-07,-1,-1,-0.0075700336923079,0.0075700336923079,0.44502160232878335,hold
1266,2025-02-10,0,-1,-0.0132496849360461,0.0132496849360461,0.4509179983493742,hold
1267,2025-02-11,0,-1,-0.0011507892904301,0.0011507892904301,0.45143690995273683,hold
1268,2025-02-12,-1,-1,-0.0006009745771905,0.0006009745771905,0.45170821205882383,hold
1269,2025-02-13,-1,-1,-0.0044352661537063,0.0044352661537063,0.45371165820311954,hold
1270,2025-02-14,1,1,0.0013192755977626,0.0013192755977626,0.4540833730931058,flip
1271,2025-02-17,-1,-1,-0.0006184463402948,0.0006184463402948,0.4541371576068374,flip
1272,2025-02-18,-1,-1,-0.0005404326900405,0.0005404326900405,0.4543825881725702,hold
1273,2025-02-19,-1,-1,-0.0008612081186238,0.0008612081186238,0.4547739061464658,hold
1274,2025-02-20,-1,-1,-0.0051171487988824,0.0051171487988824,0.45710105189406625,hold
1275,2025-02-21,-1,-1,-0.0106401053300685,0.0106401053300685,0.4619646552327042,hold
1276,2025-02-24,1,1,-0.0002571160481895,-0.0002571160481895,0.4616148943785312,flip
1277,2025-02-25,-1,-1,-0.0001108767876499,0.0001108767876499,0.46143526930796197,flip
1278,2025-02-27,-1,-1,-0.0186449596666951,0.0186449596666951,0.4700387112929995,hold
1279,2025-02-28,1,1,-0.0002440004922383,-0.0002440004922383,0.4696890022604265,flip
1280,2025-03-03,-1,-1,-0.0016569416451024,0.0016569416451024,0.4702324050273882,flip
1281,2025-03-04,-1,-1,0.0115316950692254,-0.0115316950692254,0.4648098283209439,hold
1282,2025-03-05,-1,-1,0.009284847776867,-0.009284847776867,0.46049413981979226,hold
1283,2025-03-06,1,1,0.0003460139864501,0.0003460139864501,0.4604232301629384,flip
1284,2025-03-07,-1,-1,-0.0040882039130917,0.0040882039130917,0.46207532259908735,flip
1285,2025-03-10,1,1,0.001674047455606,0.001674047455606,0.46261782095588316,flip
1286,2025-03-11,-1,-1,-0.0012179087892316,0.0012179087892316,0.4629499383556026,flip
1287,2025-03-12,-1,-1,-0.0032620894617386,0.0032620894617386,0.4644601224708249,hold
1288,2025-03-13,-1,-1,0.0049805683362682,-0.0049805683362682,0.4621468470913874,hold
1289,2025-03-17,1,1,0.0144632989948354,0.0144632989948354,0.468599941696845,flip
1290,2025-03-18,-1,-1,0.0032100316461272,-0.0032100316461272,0.4668614210837764,flip
1291,2025-03-19,1,1,0.01235619558909,0.01235619558909,0.4723966214051462,flip
1292,2025-03-20,-1,-1,0.0068885519512889,-0.0068885519512889,0.46890629442628096,flip
1293,2025-03-21,-1,-1,0.0131881772302988,-0.0131881772302988,0.4627222751109845,hold
1294,2025-03-24,-1,-1,0.0004353972876416,-0.0004353972876416,0.46252080708746984,hold
1295,2025-03-25,-1,-1,-0.0076810793285454,0.0076810793285454,0.46607346609781153,hold
1296,2025-03-26,-1,-1,0.0044748278770025,-0.0044748278770025,0.46398786755898586,hold
1297,2025-03-27,-1,-1,-0.0030773044101545,0.0030773044101545,0.46541569947008327,hold
1298,2025-03-28,-1,-1,-0.0150365718652369,0.0150365718652369,0.47241395608237474,hold
1299,2025-04-01,0,-1,0.0071938424586863,-0.0071938424586863,0.4690154845070334,hold
1300,2025-04-02,-1,-1,-0.0035251486188494,0.0035251486188494,0.4706688337944624,hold
1301,2025-04-03,-1,-1,-0.0148666197750665,0.0148666197750665,0.4776660883864586,hold
1302,2025-04-04,0,-1,-0.0324325462830553,0.0324325462830553,0.49315801590589836,hold
1303,2025-04-07,0,-1,0.0168873189028142,-0.0168873189028142,0.4848298992218163,hold
1304,2025-04-08,-1,-1,-0.0060658560080705,0.0060658560080705,0.4877708075789031,hold
1305,2025-04-09,1,1,0.0191703874091904,0.0191703874091904,0.4968776775232949,flip
1306,2025-04-11,-1,-1,0.0219023977821084,-0.0219023977821084,0.4857464261423679,flip
1307,2025-04-15,-1,-1,0.004657316201027,-0.004657316201027,0.48348415144230406,hold
1308,2025-04-16,-1,-1,0.0176834769379541,-0.0176834769379541,0.4749344706004077,hold
1309,2025-04-17,-1,-1,0.0114834984640164,-0.0114834984640164,0.46948056133675947,hold
1310,2025-04-21,-1,-1,0.0017284255654137,-0.0017284255654137,0.4686690991320802,hold
1311,2025-04-22,-1,-1,0.0066908406521222,-0.0066908406521222,0.4655333088712138,hold
1312,2025-04-23,-1,-1,-0.0033807460922566,0.0033807460922566,0.46710715878599546,hold
1313,2025-04-24,-1,-1,-0.0085516633626838,0.0085516633626838,0.471101701962233,hold
1314,2025-04-25,-1,-1,0.0120282118827472,-0.0120282118827472,0.46543519087270846,hold
1315,2025-04-28,-1,-1,0.0003061930965739,-0.0003061930965739,0.4652926778303607,hold
1316,2025-04-29,-1,-1,-7.191007773188485e-05,7.191007773188485e-05,0.46532613706299164,hold
1317,2025-04-30,-1,-1,0.0005136803511647,-0.0005136803511647,0.465087108169499,hold
1318,2025-05-02,-1,-1,0.0047008906976129,-0.0047008906976129,0.4629007845091253,hold
1319,2025-05-05,0,-1,-0.0033338898599493,0.0033338898599493,0.46444404474076284,hold
1320,2025-05-06,-1,-1,0.0014274549954715,-0.0014274549954715,0.46378107176898065,hold
1321,2025-05-07,-1,-1,-0.0057588802970967,0.0057588802970967,0.4664519314453574,hold
1322,2025-05-08,0,-1,-0.0109501096942064,0.0109501096942064,0.47155963126175854,hold
1323,2025-05-09,-1,-1,0.0381830730902199,-0.0381830730902199,0.45355403539489364,hold
1324,2025-05-12,-1,-1,-0.0138958390765435,0.0138958390765435,0.45985654928325803,hold
1325,2025-05-13,-1,-1,0.0036027960647213,-0.0036027960647213,0.45819977991716404,hold
1326,2025-05-14,-1,-1,0.0160214381414618,-0.0160214381414618,0.45085876048678974,hold
1327,2025-05-15,-1,-1,-0.0016877607536591,0.0016877607536591,0.45161970220818276,hold
1328,2025-05-16,-1,-1,-0.0029717088137536,0.0029717088137536,0.4529617844576996,hold
1329,2025-05-19,-1,-1,-0.0104848313546668,0.0104848313546668,0.4577110123778475,hold
1330,2025-05-20,-1,-1,0.0052483127088862,-0.0052483127088862,0.4553088018545877,hold
1331,2025-05-21,-1,-1,-0.0082112727740422,0.0082112727740422,0.4590474666230381,hold
1332,2025-05-22,-1,-1,0.0098924887180058,-0.0098924887180058,0.4545063447384405,hold
1333,2025-05-23,-1,-1,0.0059549794562796,-0.0059549794562796,0.45179976879277434,hold
1334,2025-05-26,-1,-1,-0.0069977248703164,0.0069977248703164,0.4549613392712587,hold
1335,2025-05-27,-1,-1,-0.0029706520659956,0.0029706520659956,0.456312871113713,hold
1336,2025-05-28,1,1,0.0032784792287758,0.0032784792287758,0.45758072694792556,flip
1337,2025-05-29,-1,-1,-0.0033382349691143,0.0033382349691143,0.4588794485683419,flip
1338,2025-05-30,1,1,-0.0013777230725331,-0.0013777230725331,0.4580178000402539,flip
1339,2025-06-02,-1,-1,-0.0070438333802584,0.0070438333802584,0.4610149922089099,flip
1340,2025-06-03,1,1,0.0031659048079861,0.0031659048079861,0.4622440142931934,flip
1341,2025-06-04,-1,-1,0.0053086967621067,-0.0053086967621067,0.4595589789840654,flip
1342,2025-06-05,0,-1,0.0101875239545026,-0.0101875239545026,0.45487721087715843,hold
1343,2025-06-06,0,-1,0.0040054487100871,-0.0040054487100871,0.4530552235396025,hold
1344,2025-06-09,0,-1,4.18584595869298e-05,-4.18584595869298e-05,0.4530362593458373,hold
1345,2025-06-10,0,-1,0.0014798446727146,-0.0014798446727146,0.4523658360508978,hold
1346,2025-06-11,0,-1,-0.0100710846627866,0.0100710846627866,0.4569216506843186,hold
1347,2025-06-12,0,-1,-0.0068144588479197,0.0068144588479197,0.46003532446963047,hold
1348,2025-06-13,0,-1,0.0092197937677085,-0.0092197937677085,0.4557938936521596,hold
1349,2025-06-16,0,-1,-0.0037319707924959,0.0037319707924959,0.45749490315066743,hold
1350,2025-06-17,1,1,-0.0016637405234334,-0.0016637405234334,0.4565050028894561,flip
1351,2025-06-18,-1,-1,-0.0007577278241026,0.0007577278241026,0.4566226569305428,flip
1352,2025-06-19,-1,-1,0.0128724709598377,-0.0128724709598377,0.45074479503960047,hold
1353,2025-06-20,0,-1,-0.0055948454872697,0.0055948454872697,0.453266642522038,hold
1354,2025-06-23,1,1,0.0029012296868362,0.0029012296868362,0.45435503984011455,flip
1355,2025-06-24,-1,-1,0.0080018205204253,-0.0080018205204253,0.45049219483884323,flip
1356,2025-06-25,0,-1,0.0120520108141297,-0.0120520108141297,0.4450628580349645,hold
1357,2025-06-26,-1,-1,0.003475704773181,-0.003475704773181,0.44351595093492674,hold
1358,2025-06-27,-1,-1,-0.0047098423546652,0.0047098423546652,0.44560484114560966,hold
1359,2025-06-30,-1,-1,0.0009699396772837,-0.0009699396772837,0.44517263132979285,hold
1360,2025-07-01,-1,-1,-0.0034610085397696,0.0034610085397696,0.44671337760849694,hold
1361,2025-07-02,-1,-1,-0.0018897125192245,0.0018897125192245,0.4475575374706688,hold
1362,2025-07-03,-1,-1,0.0021924250859925,-0.0021924250859925,0.44657630109809304,hold
1363,2025-07-04,-1,-1,1.1813410706551508e-05,-1.1813410706551508e-05,0.4465710255088364,hold
1364,2025-07-07,-1,-1,0.0024036171315751,-0.0024036171315751,0.4454976397414583,hold
1365,2025-07-08,-1,-1,-0.0018180190273288,0.0018180190273288,0.4463075629271383,hold
1366,2025-07-09,-1,-1,-0.004743646446198,0.004743646446198,0.44842468821192893,hold
1367,2025-07-10,-1,-1,-0.008100901810276,0.008100901810276,0.4520573325804374,hold
1368,2025-07-11,0,-1,-0.0026858541571485,0.0026858541571485,0.453271492646418,hold
1369,2025-07-14,-1,-1,0.0045251032187942,-0.0045251032187942,0.45122039235605604,hold
1370,2025-07-15,-1,-1,0.0006449487413033,-0.0006449487413033,0.4509293783319556,hold
1371,2025-07-16,-1,-1,-0.0039902173517283,0.0039902173517283,0.45272868456177984,hold
1372,2025-07-17,-1,-1,-0.0056965580472427,0.0056965580472427,0.4553076797930379,hold
1373,2025-07-18,1,1,0.0048981443028652,0.0048981443028652,0.45731018867097045,flip
1374,2025-07-21,1,1,-0.0011876443882732,-0.0011876443882732,0.4567670667916952,hold
1375,2025-07-22,-1,-1,0.0063445445902445,-0.0063445445902445,0.4536407042356843,flip
1376,2025-07-23,-1,-1,-0.006256994627491,0.006256994627491,0.45647913168489823,hold
1377,2025-07-24,1,1,-0.0089816740370306,-0.0089816740370306,0.45215094535355527,flip
1378,2025-07-25,-1,-1,-0.0062849623293875,0.0062849623293875,0.45476662153962255,flip
1379,2025-07-28,0,-1,0.0056804742343701,-0.0056804742343701,0.4521833314633152,hold
1380,2025-07-29,-1,-1,0.0013678351245234,-0.0013678351245234,0.4515648192198156,hold
1381,2025-07-30,-1,-1,-0.0034882717656889,0.0034882717656889,0.45314000002907856,hold
1382,2025-07-31,1,1,-0.0081959437427822,-0.0081959437427822,0.4491995200812214,flip
1383,2025-08-01,1,1,0.0064074150430544,0.0064074150430544,0.4520777278435226,hold
1384,2025-08-04,-1,-1,-0.0029608040671041,0.0029608040671041,0.45319020255484715,flip
1385,2025-08-05,1,1,-0.0030569142281212,-0.0030569142281212,0.45157824387533474,flip
1386,2025-08-06,1,1,0.0008932609229541,0.0008932609229541,0.45198162107424483,hold
1387,2025-08-07,-1,-1,-0.0094669127354072,0.0094669127354072,0.4560345008284255,flip
1388,2025-08-08,0,-1,0.0091018044718578,-0.0091018044718578,0.4518837639694639,hold
1389,2025-08-11,-1,-1,-0.0039719417907191,0.0039719417907191,0.4536786199761217,hold
1390,2025-08-12,-1,-1,0.0053884535167121,-0.0053884535167121,0.4512339938208543,hold
1391,2025-08-13,-1,-1,0.000485438164071,-0.000485438164071,0.4510149476193275,hold
1392,2025-08-14,-1,-1,0.0099730192766349,-0.0099730192766349,0.44651696685266945,hold
1393,2025-08-18,0,-1,0.0041685646806257,-0.0041685646806257,0.4446556319953473,hold
1394,2025-08-19,0,-1,0.0027981813736617,-0.0027981813736617,0.44341140488820413,hold
1395,2025-08-20,-1,-1,0.0013252889742787,-0.0013252889742787,0.44282375664223633,hold
1396,2025-08-21,-1,-1,-0.0085174820600987,0.0085174820600987,0.446595500045222,hold
1397,2025-08-22,-1,-1,0.0039264173509054,-0.0039264173509054,0.4448419797250082,hold
1398,2025-08-25,-1,-1,-0.0102411798720348,0.0102411798720348,0.4493976864540041,hold
1399,2025-08-26,0,-1,-0.0085444301039235,0.0085444301039235,0.45323753357477525,hold
1400,2025-08-28,0,-1,-0.0030223697933294,0.0030223697933294,0.4546073850054548,hold
1401,2025-08-29,-1,-1,0.0081140701746054,-0.0081140701746054,0.4509186687816267,hold
1402,2025-09-01,0,-1,-0.0018457290617897,0.0018457290617897,0.45175094247310044,hold
1403,2025-09-02,-1,-1,0.005510715147017,-0.005510715147017,0.44926147171173475,hold
1404,2025-09-03,-1,-1,0.0007788776228048,-0.0007788776228048,0.4489115520046301,hold
1405,2025-09-04,-1,-1,0.0002708473067116,-0.0002708473067116,0.448789965519818,hold
1406,2025-09-05,-1,-1,0.0012994782193525,-0.0012994782193525,0.448206772734561,hold
1407,2025-09-08,0,-1,0.0038529301782352,-0.0038529301782352,0.44647986333380263,hold
1408,2025-09-09,0,-1,0.0042020862308871,-0.0042020862308871,0.4446037164477193,hold
1409,2025-09-10,0,-1,0.0012974116602184,-0.0012974116602184,0.4440268824018236,hold
1410,2025-09-11,0,-1,0.0043390454100098,-0.0043390454100098,0.44210022959581696,hold
1411,2025-09-12,0,-1,-0.0017838966811339,0.0017838966811339,0.4428888907281215,hold
1412,2025-09-15,-1,-1,0.0067772563910986,-0.0067772563910986,0.43988731916288776,hold
1413,2025-09-16,0,-1,0.0036114755294653,-0.0036114755294653,0.4382986768740089,hold
1414,2025-09-17,-1,-1,0.0036853015416349,-0.0036853015416349,0.43668341408442857,hold
1415,2025-09-18,-1,-1,-0.0037976065391384,0.0037976065391384,0.4383417658732888,hold
1416,2025-09-19,-1,-1,-0.0049236357186648,0.0049236357186648,0.44050000104872516,hold
1417,2025-09-22,-1,-1,-0.001303434397354,0.001303434397354,0.4410741639021265,hold
1418,2025-09-23,-1,-1,-0.0044736530076083,0.0044736530076083,0.4430473766620456,hold
1419,2025-09-24,-1,-1,-0.0066269482123226,0.0066269482123226,0.4459834286827904,hold
1420,2025-09-25,-1,-1,-0.0094874379272315,0.0094874379272315,0.4502146687789922,hold
1421,2025-09-26,0,-1,-0.0008030448049409,0.0008030448049409,0.45057621132986336,hold
1422,2025-09-29,-1,-1,-0.0009661407544825,0.0009661407544825,0.4510115313706295,hold
1423,2025-09-30,-1,-1,0.0091503904924759,-0.0091503904924759,0.4468845997419787,hold
1424,2025-10-01,-1,-1,0.0023332467769816,-0.0023332467769816,0.445841907689948,hold
1425,2025-10-03,-1,-1,0.0073671787912872,-0.0073671787912872,0.4425573106433476,hold
1426,2025-10-06,0,-1,0.0012222193924698,-0.0012222193924698,0.442016408516,hold
1427,2025-10-07,-1,-1,-0.0024752925801897,0.0024752925801897,0.44311052845232174,hold
1428,2025-10-08,1,1,0.0054160175719368,0.0054160175719368,0.4452888675965036,flip
1429,2025-10-09,1,1,0.004112050167679,0.004112050167679,0.4471199177591694,hold
1430,2025-10-10,0,1,-0.0022938183927065,-0.0022938183927065,0.44609430586806803,hold
1431,2025-10-13,-1,-1,-0.0032444791324643,0.0032444791324643,0.4473186023816342,flip
1432,2025-10-14,-1,-1,0.0070808208725219,-0.0070808208725219,0.44415121948522296,hold
1433,2025-10-15,0,-1,0.0103362282114798,-0.0103362282114798,0.4395603711202166,hold
1434,2025-10-16,1,1,0.0048679837376106,0.0048679837376106,0.44148036367296783,flip
1435,2025-10-17,0,1,0.0051848137299641,0.0051848137299641,0.443769357124049,hold
1436,2025-10-20,-1,-1,0.0009847568259027,-0.0009847568259027,0.4431104675419327,flip
1437,2025-10-21,-1,-1,0.0008814076368377,-0.0008814076368377,0.4427199065918785,hold
1438,2025-10-23,-1,-1,-0.0037174505259611,0.0037174505259611,0.44436569594149194,hold
1439,2025-10-24,-1,-1,0.0066252915000297,-0.0066252915000297,0.44142164367326603,hold
1440,2025-10-27,0,-1,-0.001149638146805,0.001149638146805,0.4419291188336582,hold
1441,2025-10-28,-1,-1,0.0045381040946781,-0.0045381040946781,0.4399235984899217,hold
1442,2025-10-29,-1,-1,-0.00675717564781,0.00675717564781,0.44289623951653473,hold
1443,2025-10-30,-1,-1,-0.0060186608373972,0.0060186608373972,0.4455618817683433,hold
1444,2025-10-31,-1,-1,0.0016036793506921,-0.0016036793506921,0.4448473433790959,hold
1445,2025-11-03,-1,-1,-0.0064315867797603,0.0064315867797603,0.4477084176717844,hold
1446,2025-11-04,-1,-1,-0.0034359080045569,0.0034359080045569,0.4492467026077704,hold
1447,2025-11-06,-1,-1,-0.0006820322478444,0.0006820322478444,0.4495531033461867,hold
1448,2025-11-07,-1,-1,0.0032185728871263,-0.0032185728871263,0.44810618391643314,hold
1449,2025-11-10,-1,-1,0.0047156471705849,-0.0047156471705849,0.445993073258126,hold
1450,2025-11-11,1,1,0.0070384090258497,0.0070384090258497,0.4489091583937834,flip
1451,2025-11-12,0,1,0.0001294494962036,0.0001294494962036,0.4489672694581787,hold
1452,2025-11-13,0,1,0.0011940264714482,0.0011940264714482,0.44950334826272564,hold
1453,2025-11-14,0,1,0.0039906690408659,0.0039906690408659,0.4512971673584033,hold
1454,2025-11-17,0,1,-0.0039748069020186,-0.0039748069020186,0.4495033482627257,hold
1455,2025-11-18,0,1,0.0055036406751542,0.0055036406751542,0.45197725317384246,hold
1456,2025-11-19,0,1,0.0053545415882216,0.0053545415882216,0.454397384172892,hold
1457,2025-11-20,0,1,-0.0047342428227803,-0.0047342428227803,0.4522461566181813,hold
1458,2025-11-21,-1,-1,-0.004167936312968,0.004167936312968,0.4539049667184414,flip
1459,2025-11-24,-1,-1,-0.002877529180069,0.002877529180069,0.4552110915051519,hold
1460,2025-11-25,-1,-1,0.0123817835303625,-0.0123817835303625,0.4495747663095151,hold
1461,2025-11-26,0,-1,0.0003911422381892,-0.0003911422381892,0.4493989186291874,hold
1462,2025-11-27,-1,-1,-0.0004806903583736,0.0004806903583736,0.449614940356436,hold
1463,2025-11-28,-1,-1,-0.0010380212747401,0.0010380212747401,0.450081650229967,hold
1464,2025-12-01,-1,-1,-0.0054841133969418,0.0054841133969418,0.45254994903771084,hold
1465,2025-12-02,-1,-1,-0.0017746951904364,0.0017746951904364,0.45335308725570034,hold
1466,2025-12-03,-1,-1,0.0018375278996383,-0.0018375278996383,0.45252003830948084,hold
1467,2025-12-04,-1,-1,0.0058654330916598,-0.0058654330916598,0.4498658123021413,hold
1468,2025-12-05,1,1,-0.0086265394598917,-0.0086265394598917,0.44576009421450963,flip
1469,2025-12-08,0,1,-0.0046570811090926,-0.0046570811090926,0.4436841533005559,hold
1470,2025-12-09,1,1,-0.0031598875909956,-0.0031598875909956,0.4422821612502201,hold
1471,2025-12-10,1,1,0.0054565875164998,0.0054565875164998,0.44469551257006856,hold
1472,2025-12-11,1,1,0.0057299900196514,0.0057299900196514,0.44724361341887886,hold
1473,2025-12-12,1,1,-0.0007543469807149,-0.0007543469807149,0.44690623654945233,hold
1474,2025-12-15,-1,-1,-0.0064240688375742,0.0064240688375742,0.44955373985871255,flip
1475,2025-12-16,-1,-1,-0.0016066770334456,0.0016066770334456,0.45027602752784307,hold
1476,2025-12-17,-1,-1,-0.0001161955225689,0.0001161955225689,0.45032834758616186,hold
1477,2025-12-18,1,1,0.0058433620360547,0.0058433620360547,0.452734614982413,flip
1478,2025-12-19,1,1,0.0079333291061156,0.0079333291061156,0.45632630768079907,hold
1479,2025-12-22,0,1,0.0001814888939914,0.0001814888939914,0.4564091258376793,hold
1480,2025-12-23,1,1,-0.0013389838361685,-0.0013389838361685,0.45579800139550286,hold
1481,2025-12-24,1,1,-0.003817552133005,-0.003817552133005,0.45405796876305604,hold
1482,2025-12-26,0,1,-0.0038476313101776,-0.0038476313101776,0.4523109211058077,hold
1483,2025-12-29,-1,-1,-0.0001252789885528,0.0001252789885528,0.4521414306999623,flip
1484,2025-12-30,-1,-1,0.007353834224439,-0.007353834224439,0.4488164575725941,hold
1485,2025-12-31,1,1,0.0006487344669803,0.0006487344669803,0.4488832120491832,flip
1486,2026-01-01,-1,-1,0.0069607651702385,-0.0069607651702385,0.4455341998152219,flip
1487,2026-01-02,0,-1,-0.002972058760474,0.002972058760474,0.44685835363687354,hold
1488,2026-01-05,1,1,-0.0027276473171363,-0.0027276473171363,0.4454160524706176,flip
