idx,date,signal,position,return,pnl,equity,action
0,2020-01-01,-1,-1,0.0081838863379848,-0.0081838863379848,0.9913161136620152,enter
1,2020-01-02,0,-1,-0.0045227893866035,0.0045227893866035,0.9957996276596549,hold
2,2020-01-03,0,-1,-0.0191058530729412,0.0191058530729412,1.0148252290358097,hold
3,2020-01-06,0,-1,0.0049945920012428,-0.0049945920012428,1.0097565910642081,hold
4,2020-01-07,0,-1,-0.0022899444111396,0.0022899444111396,1.012068877526527,hold
5,2020-01-08,-1,-1,0.0158457581226116,-0.0158457581226116,0.9960318788898186,hold
6,2020-01-09,0,-1,0.0033480474426501,-0.0033480474426501,0.9926971169049036,hold
7,2020-01-10,0,-1,0.0059354808073293,-0.0059354808073293,0.9868049822200234,hold
8,2020-01-13,1,1,0.0026562202609821,0.0026562202609821,0.9884393486252144,flip
9,2020-01-14,0,1,-0.0015369308543056,-0.0015369308543056,0.9869201856927026,hold
10,2020-01-15,0,1,0.0009884063018437,0.0009884063018437,0.987895663823658,hold
11,2020-01-16,0,1,-0.0002549788049855,-0.0002549788049855,0.9876437713678459,hold
12,2020-01-17,-1,-1,-0.0103461939411514,0.0103461939411514,0.99687448159982,flip
13,2020-01-20,0,-1,-0.0044746183856623,0.0044746183856623,1.0013351144833842,hold
14,2020-01-21,1,1,-0.0051725551893021,-0.0051725551893021,0.9951543182262493,flip
15,2020-01-22,1,1,0.0060667236352978,0.0060667236352978,1.0011916444494011,hold
16,2020-01-23,0,1,0.0055745847042631,0.0055745847042631,1.006772872076585,hold
17,2020-01-24,0,1,-0.0105525279121506,-0.0105525279121506,0.9961488732428008,hold
18,2020-01-27,0,1,-0.0052149678449129,-0.0052149678449129,0.9909539889000933,hold
19,2020-01-28,0,1,0.0061132563999481,0.0061132563999481,0.997011944714791,hold
20,2020-01-29,0,1,-0.007724984155365,-0.007724984155365,0.9893100432391596,hold
21,2020-01-30,0,1,-0.0061234148547233,-0.0061234148547233,0.9832520874244619,hold
22,2020-01-31,0,1,-0.0212503847193161,-0.0212503847193161,0.9623576022906215,hold
23,2020-02-03,0,1,0.0232108226866707,0.0232108226866707,0.9846947139585587,hold
24,2020-02-04,0,1,0.0091405004678344,0.0091405004678344,0.993695316452171,hold
25,2020-02-05,0,1,0.0040366612301674,0.0040366612301674,0.9977065278106925,hold
26,2020-02-06,0,1,-0.0032625431230384,-0.0032625431230384,0.9944514672395731,hold
27,2020-02-07,0,1,-0.0055255147630383,-0.0055255147630383,0.9889566109762158,hold
28,2020-02-10,0,1,0.0063500303889789,0.0063500303889789,0.9952365155092964,hold
29,2020-02-11,0,1,0.0077056964194832,0.0077056964194832,1.0029055059633953,hold
30,2020-02-12,0,1,-0.0021759994314084,-0.0021759994314084,1.0007231841526625,hold
31,2020-02-13,0,1,-0.0050268544351488,-0.0050268544351488,0.9956926943760485,hold
32,2020-02-14,0,1,-0.0055847334602637,-0.0055847334602637,0.9901320160696264,hold
33,2020-02-17,1,1,-0.0044247626186481,-0.0044247626186481,0.9857509169373948,hold
34,2020-02-18,0,1,0.011123651500938,0.011123651500938,0.9967160666041366,hold
35,2020-02-19,0,1,-0.0037152524595064,-0.0037152524595064,0.993013014786256,hold
36,2020-02-20,0,1,-0.0208138687990014,-0.0208138687990014,0.9723445721807941,hold
37,2020-02-24,0,1,-0.0026628568617023,-0.0026628568617023,0.9697553577648235,hold
38,2020-02-25,0,1,-0.0101204779385897,-0.0101204779385897,0.9599409700607354,hold
39,2020-02-26,0,1,-0.0038703767874727,-0.0038703767874727,0.9562256368128683,hold
40,2020-02-27,0,1,-0.0370960786649383,-0.0370960786649383,0.9207534153682274,hold
41,2020-02-28,1,1,-0.0061597518244916,-0.0061597518244916,0.9150818028380061,hold
42,2020-03-02,1,1,0.0153196474085468,0.0153196474085468,0.9291005334074618,hold
43,2020-03-03,0,1,-0.0046269501465237,-0.0046269501465237,0.9248016315582769,hold
44,2020-03-04,1,1,0.0015998577904186,0.0015998577904186,0.9262811826531172,hold
45,2020-03-05,0,1,-0.0248069753028219,-0.0248069753028219,0.9033029482315726,hold
46,2020-03-06,0,1,-0.0489560433359516,-0.0489560433359516,0.859080809952455,hold
47,2020-03-09,1,1,0.0006649981756232,0.0006649981756232,0.8596520971237863,hold
48,2020-03-11,0,1,-0.0830193880106471,-0.0830193880106471,0.7882843061185002,hold
49,2020-03-12,1,1,0.0380650761268936,0.0380650761268936,0.8182904082405364,hold
50,2020-03-13,0,1,-0.0761210010667908,-0.0761210010667908,0.7560013232019139,hold
51,2020-03-16,1,1,-0.0250451840905282,-0.0250451840905282,0.737067130889639,hold
52,2020-03-17,1,1,-0.055564540272715,-0.055564540272715,0.6961123346116272,hold
53,2020-03-18,1,1,-0.0242477817531284,-0.0242477817531284,0.6792331546463038,hold
54,2020-03-19,1,1,0.0583291468584656,0.0583291468584656,0.718852245074807,hold
55,2020-03-20,0,1,-0.1298046607047124,-0.1298046607047124,0.6255418733060509,hold
56,2020-03-23,1,1,0.0250714240251634,0.0250714240251634,0.641225098857202,hold
57,2020-03-24,0,1,0.0662474689466749,0.0662474689466749,0.6837046386815732,hold
58,2020-03-25,1,1,0.0389043564303894,0.0389043564303894,0.7103037276379517,hold
59,2020-03-26,0,1,0.0021755381634551,0.0021755381634551,0.7118490205050725,hold
60,2020-03-27,1,1,-0.0437805364308189,-0.0437805364308189,0.6806838885296074,hold
61,2020-03-30,0,1,0.0382377227133605,0.0382377227133605,0.7067116903146545,hold
62,2020-03-31,-1,-1,-0.0400046750966822,0.0400046750966822,0.7342767501824048,flip
63,2020-04-01,0,-1,-0.0205965741867707,0.0205965741867707,0.7494003357411575,hold
64,2020-04-03,1,1,0.0876321046711503,0.0876321046711503,0.8143224640676807,flip
65,2020-04-07,1,1,-0.0049419024075071,-0.0049419024075071,0.8102981619220175,hold
66,2020-04-08,0,1,0.0415088316188025,0.0415088316188025,0.8439326918862637,hold
67,2020-04-09,0,1,-0.0129556707370791,-0.0129556707370791,0.8329989778059285,hold
68,2020-04-13,0,1,-0.0076218535626885,-0.0076218535626885,0.8266499815792224,hold
69,2020-04-15,0,1,0.0075627711647903,0.0075627711647903,0.8329017462232842,hold
70,2020-04-16,-1,-1,0.0304632818768748,-0.0304632818768748,0.8066959238061198,flip
71,2020-04-17,0,-1,-0.0005288143766692,0.0005288143766692,0.807122516208229,hold
72,2020-04-20,-1,-1,-0.0302746671440956,0.0302746671440956,0.831557881730938,hold
73,2020-04-21,-1,-1,0.0229194177887257,-0.0229194177887257,0.8124990592240389,hold
74,2020-04-22,0,-1,0.0137799558770148,-0.0137799558770148,0.8013028580378156,hold
75,2020-04-23,0,-1,-0.0171249415723349,0.0171249415723349,0.8150251226634582,hold
76,2020-04-24,0,-1,0.0139713589754586,-0.0139713589754586,0.8036381141007097,hold
77,2020-04-27,-1,-1,0.0106224306488902,-0.0106224306488902,0.7951015239668701,hold
78,2020-04-28,0,-1,0.0183830135241964,-0.0183830135241964,0.780485161898678,hold
79,2020-04-29,0,-1,0.032088303452139,-0.032088303452139,0.7554407171837814,hold
80,2020-04-30,0,-1,-0.057444839013135,0.057444839013135,0.798836887566371,hold
81,2020-05-04,-1,-1,-0.0094582655216011,0.0094582655216011,0.8063924989574232,hold
82,2020-05-05,0,-1,0.0070935934671216,-0.0070935934671216,0.800672278394883,hold
83,2020-05-06,-1,-1,-0.0077501195040513,0.0077501195040513,0.8068775842360243,hold
84,2020-05-07,1,1,0.0057016970693835,0.0057016970693835,0.8106712782091782,flip
85,2020-05-08,0,1,-0.0013294930214019,-0.0013294930214019,0.8095934964021481,hold
86,2020-05-11,1,1,-0.0046162427183511,-0.0046162427183511,0.8058562163195572,hold
87,2020-05-12,1,1,0.0203337125303977,0.0203337125303977,0.8222422649630331,hold
88,2020-05-13,0,1,-0.0256619093732747,-0.0256619093732747,0.8011419584766756,hold
89,2020-05-14,1,1,-0.0006453627874545,-0.0006453627874545,0.8006249312692063,hold
90,2020-05-15,1,1,-0.0343225097032598,-0.0343225097032598,0.7731454742970473,hold
91,2020-05-18,1,1,0.0063298228402233,0.0063298228402233,0.7780393481790681,hold
92,2020-05-19,0,1,0.021111396826158,0.021111396826158,0.7944648456048417,hold
93,2020-05-20,0,1,0.0043787544510012,0.0043787544510012,0.7979436120836978,hold
94,2020-05-21,1,1,-0.0073575840768702,-0.0073575840768702,0.7920726748691905,hold
95,2020-05-22,1,1,-0.0011284338094974,-0.0011284338094974,0.7911788732832891,hold
96,2020-05-26,0,1,0.0316645047717616,0.0316645047717616,0.8162311604916848,hold
97,2020-05-27,0,1,0.0188030435364687,0.0188030435364687,0.8315787905382324,hold
98,2020-05-28,0,1,0.0095046626511057,0.0095046626511057,0.8394826664101127,hold
99,2020-05-29,0,1,0.0256620973194605,0.0256620973194605,0.8610255522935293,hold
100,2020-06-01,0,1,0.0155655279707429,0.0155655279707429,0.8744278696112786,hold
101,2020-06-02,0,1,0.0082622880359908,0.0082622880359908,0.8816526445367048,hold
102,2020-06-03,-1,-1,-0.0032251686810099,0.0032251686810099,0.8836144703888574,flip
103,2020-06-04,-1,-1,0.0112722762414605,-0.0112722762414605,0.8736541239876824,hold
104,2020-06-05,-1,-1,0.0024945207587225,-0.0024945207587225,0.8714747756394516,hold
105,2020-06-08,0,-1,-0.0118810323499978,0.0118810323499978,0.881828795641031,hold
106,2020-06-09,0,-1,0.0069177285262014,-0.0069177285262014,0.8757285434261992,hold
107,2020-06-10,0,-1,-0.021169158460066,0.021169158460066,0.8942669797299911,hold
108,2020-06-11,-1,-1,0.0071602091117954,-0.0071602091117954,0.8878638411533507,hold
109,2020-06-12,-1,-1,-0.0159632793948444,0.0159632793948444,0.9020370597142613,hold
110,2020-06-15,0,-1,0.010220386061458,-0.010220386061458,0.8928178927222391,hold
111,2020-06-16,-1,-1,-0.0033134566648174,0.0033134566648174,0.8957762061193478,hold
112,2020-06-17,0,-1,0.0213031875518985,-0.0213031875518985,0.8766933175958592,hold
113,2020-06-18,0,-1,0.0151362754442923,-0.0151362754442923,0.8634234460605579,hold
114,2020-06-19,0,-1,0.0065206163504338,-0.0065206163504338,0.8577933930208276,hold
115,2020-06-22,0,-1,0.0154976919912916,-0.0154976919912916,0.8444995752236258,hold
116,2020-06-23,0,-1,-0.0158246772335498,0.0158246772335498,0.8578635084254096,hold
117,2020-06-24,0,-1,-0.0015913572989929,0.0015913572989929,0.8592286757810821,hold
118,2020-06-25,0,-1,0.0091457401473864,-0.0091457401473864,0.8513703935852054,hold
119,2020-06-26,0,-1,-0.0067995386087835,0.0067995386087835,0.8571593194467633,hold
120,2020-06-29,1,1,-0.0009988732845714,-0.0009988732845714,0.8554459665824997,flip
121,2020-06-30,1,1,0.0124198173347171,0.0124198173347171,0.8660704492271749,hold
122,2020-07-01,1,1,0.0116634525148986,0.0116634525148986,0.876171820786293,hold
123,2020-07-02,0,1,0.0052739760448483,0.0052739760448483,0.880792729980291,hold
124,2020-07-03,0,1,0.014735139974255,0.014735139974255,0.8937713341448568,hold
125,2020-07-06,1,1,0.0033445902359812,0.0033445902359812,0.8967606330222375,hold
126,2020-07-07,0,1,-0.008694762073642,-0.008694762073642,0.8889635126811006,hold
127,2020-07-08,-1,-1,0.0100600327219018,-0.0100600327219018,0.8791315471422709,flip
128,2020-07-09,-1,-1,-0.0041985110954393,0.0041985110954393,0.8828225906972984,hold
129,2020-07-10,-1,-1,0.0032178891492418,-0.0032178891492418,0.879981765461988,hold
130,2020-07-13,-1,-1,-0.0180834960154004,0.0180834960154004,0.8958949122113449,hold
131,2020-07-14,-1,-1,0.0010229309240368,-0.0010229309240368,0.8949784736009566,hold
132,2020-07-15,0,-1,0.0114661616621005,-0.0114661616621005,0.8847165057385481,hold
133,2020-07-16,0,-1,0.0150605912558696,-0.0150605912558696,0.8713921520682987,hold
134,2020-07-17,1,1,0.0110533217609316,0.0110533217609316,0.8801525377529921,flip
135,2020-07-20,0,1,0.0127061568657644,0.0127061568657644,0.8913358939634823,hold
136,2020-07-21,1,1,-0.0026563094918139,-0.0026563094918139,0.8889682299679527,hold
137,2020-07-22,1,1,0.0074421598588463,0.0074421598588463,0.8955840736448099,hold
138,2020-07-23,1,1,-0.0018991484351116,-0.0018991484351116,0.8938832265528364,hold
139,2020-07-24,0,1,-0.0055699256988469,-0.0055699256988469,0.8889043633974916,hold
140,2020-07-27,1,1,0.0151592736988444,0.0151592736988444,0.9023795079343312,hold
141,2020-07-28,1,1,-0.0086456143286032,-0.0086456143286032,0.8945778827306962,hold
142,2020-07-29,1,1,-0.0089887146807479,-0.0089887146807479,0.8865367773831224,hold
143,2020-07-30,0,1,-0.0025851023723058,-0.0025851023723058,0.884244989056773,hold
144,2020-07-31,0,1,-0.0164222155452939,-0.0164222155452939,0.8697237272516366,hold
145,2020-08-03,0,1,0.0186979321613793,0.0186979321613793,0.8859857625029297,hold
146,2020-08-04,0,1,0.0005768586219327,0.0005768586219327,0.8864968510289393,hold
147,2020-08-05,0,1,0.0088725546683743,0.0088725546683743,0.8943623428030353,hold
148,2020-08-06,1,1,0.001241002448872,0.001241002448872,0.8954722486606328,hold
149,2020-08-07,0,1,0.005002705259437,0.005002705259437,0.8999520323886873,hold
150,2020-08-10,0,1,0.0046449787767293,0.0046449787767293,0.9041322904792072,hold
151,2020-08-11,0,1,-0.0012452735151247,-0.0012452735151247,0.9030063984837043,hold
152,2020-08-12,0,1,-0.000703034473301,-0.000703034473301,0.9023715538559589,hold
153,2020-08-13,0,1,-0.0108004373788689,-0.0108004373788689,0.892625546396065,hold
154,2020-08-14,0,1,0.0061457110453491,0.0061457110453491,0.898111365075912,hold
155,2020-08-17,0,1,0.0122920579350753,0.0122920579350753,0.9091510020075748,hold
156,2020-08-18,0,1,0.0020246002135075,0.0020246002135075,0.91099166932035,hold
157,2020-08-19,0,1,-0.008432399987605,-0.008432399987605,0.9033098231792648,hold
158,2020-08-20,-1,-1,0.0052509160938571,-0.0052509160938571,0.8976633092678143,flip
159,2020-08-21,0,-1,0.0083410064718865,-0.0083410064718865,0.8901758937956364,hold
160,2020-08-24,0,-1,0.0005058064691958,-0.0005058064691958,0.8897256370698324,hold
161,2020-08-25,0,-1,0.0067423225064831,-0.0067423225064831,0.8837268198824215,hold
162,2020-08-26,0,-1,0.0008355606212675,-0.0008355606212675,0.8829884125517697,hold
163,2020-08-27,0,-1,0.0076431956549949,-0.0076431956549949,0.8762395593535431,hold
164,2020-08-28,0,-1,-0.0223307478019462,0.0223307478019462,0.8958066439675555,hold
165,2020-08-31,0,-1,0.0072667398463226,-0.0072667398463226,0.8892970501332359,hold
166,2020-09-01,1,1,0.0056450382511279,0.0056450382511279,0.8934278689477201,flip
167,2020-09-02,0,1,-0.0006545127600779,-0.0006545127600779,0.8928431090072846,hold
168,2020-09-03,0,1,-0.0167947449485598,-0.0167947449485598,0.8778480367124281,hold
169,2020-09-04,0,1,0.0018705202595032,0.0018705202595032,0.8794900692498638,hold
170,2020-09-07,0,1,-0.0033201259317187,-0.0033201259317187,0.8765700514642583,hold
171,2020-09-08,0,1,-0.0034769279675166,-0.0034769279675166,0.8735222805368347,hold
172,2020-09-09,0,1,0.0151844298634509,0.0151844298634509,0.886786218339808,hold
173,2020-09-10,1,1,0.0013276149365679,0.0013276149365679,0.8879635289688185,hold
174,2020-09-11,0,1,-0.0021283524468515,-0.0021283524468515,0.8860736296192228,hold
175,2020-09-14,0,1,0.0071459479106903,0.0071459479106903,0.892405465621518,hold
176,2020-09-15,0,1,0.0071820376506051,0.0071820376506051,0.8988147552752175,hold
177,2020-09-16,0,1,-0.0076220272911209,-0.0076220272911209,0.8919639646808476,hold
178,2020-09-17,0,1,-0.0009681588767627,-0.0009681588767627,0.8911004018506894,hold
179,2020-09-18,-1,-1,-0.0221122548386738,0.0221122548386738,0.909913540621406,flip
180,2020-09-21,0,-1,-0.0086128603263573,0.0086128603263573,0.9177504988558394,hold
181,2020-09-22,0,-1,-0.0019545871070447,0.0019545871070447,0.9195443221483869,hold
182,2020-09-23,0,-1,-0.0293122720965164,0.0293122720965164,0.9464982555240071,hold
183,2020-09-24,0,-1,0.0226457884823545,-0.0226457884823545,0.9250640562304929,hold
184,2020-09-25,0,-1,0.0160448681873712,-0.0160448681873712,0.9102215253833997,hold
185,2020-09-28,0,-1,-0.0004586409458945,0.0004586409458945,0.910638990244775,hold
186,2020-09-29,-1,-1,0.0022410013176423,-0.0022410013176423,0.9085982470677401,hold
187,2020-09-30,0,-1,0.0150610927327836,-0.0150610927327836,0.8949137646118083,hold
188,2020-10-01,0,-1,0.0075676439490797,-0.0075676439490797,0.8881413758760955,hold
189,2020-10-05,0,-1,0.0138264754746197,-0.0138264754746197,0.8758615109245498,hold
190,2020-10-06,0,-1,0.0065551872847253,-0.0065551872847253,0.8701200746849569,hold
191,2020-10-07,0,-1,0.0081566766068399,-0.0081566766068399,0.8630227866266322,hold
192,2020-10-08,0,-1,0.0067260903253916,-0.0067260903253916,0.8572180174109103,hold
193,2020-10-09,0,-1,0.0014058853909966,-0.0014058853909966,0.8560128671233332,hold
194,2020-10-12,0,-1,0.0002975290843887,-0.0002975290843887,0.855758178398753,hold
195,2020-10-13,-1,-1,0.0030625333853533,-0.0030625333853533,0.8531373904076177,hold
196,2020-10-14,-1,-1,-0.0242836008583533,0.0242836008583533,0.8738546382736134,hold
197,2020-10-15,0,-1,0.007028949362235,-0.007028949362235,0.867712358271234,hold
198,2020-10-16,-1,-1,0.0094027696218492,-0.0094027696218492,0.8595534588683782,hold
199,2020-10-19,0,-1,0.0020003285078973,-0.0020003285078973,0.857834069580542,hold
200,2020-10-20,0,-1,0.0034337457642519,-0.0034337457642519,0.8548884854776888,hold
201,2020-10-21,0,-1,-0.0034512817819539,0.0034512817819539,0.8578389465332201,hold
202,2020-10-22,0,-1,0.0028495402835257,-0.0028495402835257,0.8553944998982965,hold
203,2020-10-23,-1,-1,-0.0136290733045432,0.0136290733045432,0.8670527342417135,hold
204,2020-10-26,0,-1,0.0103376083469652,-0.0103376083469652,0.8580894826589573,hold
205,2020-10-27,0,-1,-0.0134406089457635,0.0134406089457635,0.8696227278358489,hold
206,2020-10-28,0,-1,-0.0050129421843609,0.0050129421843609,0.8739820962926963,hold
207,2020-10-29,0,-1,-0.0024333734223676,0.0024333734223676,0.87610882109744,hold
208,2020-10-30,0,-1,0.0022976361491175,-0.0022976361491175,0.8740958417995258,hold
209,2020-11-02,0,-1,0.0123701901631991,-0.0123701901631991,0.8632831100156041,hold
210,2020-11-03,0,-1,0.008041647267956,-0.008041647267956,0.8563408917524745,hold
211,2020-11-04,0,-1,0.0177855989156905,-0.0177855989156905,0.8411103561166603,hold
212,2020-11-05,0,-1,0.0118190145712895,-0.0118190145712895,0.831169260561655,hold
213,2020-11-06,0,-1,0.0161046355374614,-0.0161046355374614,0.8177835825503682,hold
214,2020-11-09,0,-1,0.0136465071043638,-0.0136465071043638,0.8066236930812626,hold
215,2020-11-10,0,-1,0.0093460415087203,-0.0093460415087203,0.7990849545638078,hold
216,2020-11-11,0,-1,-0.0045768215253314,0.0045768215253314,0.802742223784424,hold
217,2020-11-12,-1,-1,0.0022969703307613,-0.0022969703307613,0.8008983487131418,hold
218,2020-11-13,-1,-1,0.0121266198083733,-0.0121266198083733,0.7911861589331436,hold
219,2020-11-17,0,-1,0.0049750511655721,-0.0049750511655721,0.7872499673109588,hold
220,2020-11-18,0,-1,-0.0128726686134137,0.0128726686134137,0.7973839752560735,hold
221,2020-11-19,0,-1,0.0068393094137191,-0.0068393094137191,0.7919304195277559,hold
222,2020-11-20,0,-1,0.005241475198302,-0.005241475198302,0.7877795358750203,hold
223,2020-11-23,0,-1,0.0099563448098976,-0.0099563448098976,0.7799361311816675,hold
224,2020-11-24,-1,-1,-0.0150706804680923,0.0150706804680923,0.7916902994002265,hold
225,2020-11-25,0,-1,0.0100012136399767,-0.0100012136399767,0.7837724355792277,hold
226,2020-11-26,-1,-1,-0.0013898363507738,0.0013898363507738,0.7848617510009303,hold
227,2020-11-27,-1,-1,0.0108026946873185,-0.0108026946873185,0.776383129133113,hold
228,2020-12-01,-1,-1,0.0003585458429504,-0.0003585458429504,0.7761047601896256,hold
229,2020-12-02,-1,-1,0.00153658492994,-0.00153658492994,0.7749122093110635,hold
230,2020-12-03,0,-1,0.0094906623588735,-0.0094906623588735,0.7675577791747235,hold
231,2020-12-04,0,-1,0.0073311332494399,-0.0073311332494399,0.7619307108189494,hold
232,2020-12-07,0,-1,0.0027853318093331,-0.0027853318093331,0.7598084809735977,hold
233,2020-12-08,0,-1,0.0101657522858669,-0.0101657522858669,0.7520844561713192,hold
234,2020-12-09,0,-1,-0.0037548548058806,0.0037548548058806,0.7549084241060022,hold
235,2020-12-10,0,-1,0.0026375585350264,-0.0026375585350264,0.7529173089488381,hold
236,2020-12-11,0,-1,0.0032781762806703,-0.0032781762806703,0.7504491132853359,hold
237,2020-12-14,-1,-1,0.0007153791977927,-0.0007153791977927,0.7499122576006896,hold
238,2020-12-15,-1,-1,0.008464907059269,-0.008464907059269,0.7435643200374931,hold
239,2020-12-16,0,-1,0.0042389293905504,-0.0042389293905504,0.7404124033875216,hold
240,2020-12-17,0,-1,0.0014445849987885,-0.0014445849987885,0.739342814736671,hold
241,2020-12-18,-1,-1,-0.0314049525779333,0.0314049525779333,0.7625618407723117,hold
242,2020-12-21,0,-1,0.0103462838766079,-0.0103462838766079,0.7546721594942127,hold
243,2020-12-22,0,-1,0.0100101591857162,-0.0100101591857162,0.7471177710446474,hold
244,2020-12-23,0,-1,0.0108925303747413,-0.0108925303747413,0.7389797680300346,hold
245,2020-12-24,0,-1,0.0090150513891666,-0.0090150513891666,0.7323178274456894,hold
246,2020-12-28,0,-1,0.0042815942411449,-0.0042815942411449,0.7291823396530102,hold
247,2020-12-29,0,-1,0.0035420946069744,-0.0035420946069744,0.7265995068202242,hold
248,2020-12-30,0,-1,-1.4318125132972703e-05,1.4318125132972703e-05,0.7266099103628845,hold
249,2020-12-31,0,-1,0.0026284263414808,-0.0026284263414808,0.7247000697345057,hold
250,2021-01-01,0,-1,0.0081606727271106,-0.0081606727271106,0.7187860296400882,hold
251,2021-01-04,0,-1,0.0047123808655142,-0.0047123808655142,0.7153988361076133,hold
252,2021-01-05,0,-1,-0.0037501320469031,0.0037501320469031,0.7180816762092177,hold
253,2021-01-06,0,-1,-0.000629169612088,0.000629169612088,0.7185334713788857,hold
254,2021-01-07,-1,-1,0.014847223590326,-0.014847223590326,0.7078652442721902,hold
255,2021-01-08,0,-1,0.0095837181341371,-0.0095837181341371,0.7010812632941334,hold
256,2021-01-11,0,-1,0.0054333140242324,-0.0054333140242324,0.6972720686341508,hold
257,2021-01-12,0,-1,9.609083312889231e-05,-9.609083312889231e-05,0.6972050671801583,hold
258,2021-01-13,0,-1,0.002111247340323,-0.002111247340323,0.6957330948364144,hold
259,2021-01-14,0,-1,-0.0110923441582015,0.0110923441582015,0.7034504057665907,hold
260,2021-01-15,0,-1,-0.0105586501425666,0.0105586501425666,0.7108778924937266,hold
261,2021-01-18,0,-1,0.0167947308170628,-0.0167947308170628,0.6989388896454934,hold
262,2021-01-19,-1,-1,0.008508265623863,-0.008508265623863,0.6929921319175417,hold
263,2021-01-20,0,-1,-0.0037112802046228,0.0037112802046228,0.6955640198986867,hold
264,2021-01-21,0,-1,-0.0149721716475961,0.0149721716475961,0.7059781237965017,hold
265,2021-01-22,0,-1,-0.0092541693433081,0.0092541693433081,0.7125113649067855,hold
266,2021-01-25,0,-1,-0.0190604880418779,0.0190604880418779,0.7260921792572933,hold
267,2021-01-27,0,-1,-0.0107356502819043,0.0107356502819043,0.7338872509662253,hold
268,2021-01-28,0,-1,-0.0132404223540728,0.0132404223540728,0.7436042281292875,hold
269,2021-01-29,0,-1,0.0474235111013383,-0.0474235111013383,0.7083399047615961,hold
270,2021-02-01,0,-1,0.0256735714819573,-0.0256735714819573,0.6901542895831765,hold
271,2021-02-02,0,-1,0.0097011226717231,-0.0097011226717231,0.6834590181575142,hold
272,2021-02-03,0,-1,0.0071467580293813,-0.0071467580293813,0.678574501931744,hold
273,2021-02-04,0,-1,0.0019199973566108,-0.0019199973566108,0.6772716406817716,hold
274,2021-02-05,-1,-1,0.0128348027329681,-0.0128348027329681,0.6685789927769874,hold
275,2021-02-08,-1,-1,-0.0004300136336804,0.0004300136336804,0.6688664908590738,hold
276,2021-02-09,-1,-1,-0.0001853034041081,0.0001853034041081,0.6689904340967239,hold
277,2021-02-10,0,-1,0.0044219246475027,-0.0044219246475027,0.666032208807248,hold
278,2021-02-11,0,-1,-0.0006590524229219,0.0006590524229219,0.6664711589482065,hold
279,2021-02-12,-1,-1,0.0099846598415338,-0.0099846598415338,0.6598166711319159,hold
280,2021-02-15,-1,-1,-8.162092525865194e-05,8.162092525865194e-05,0.6598705259791147,hold
281,2021-02-16,-1,-1,-0.0068273186874309,0.0068273186874309,0.6643756723524167,hold
282,2021-02-17,-1,-1,-0.0059143128695843,0.0059143128695843,0.6683049979416492,hold
283,2021-02-18,0,-1,-0.0090747170630297,0.0090747170630297,0.6743696767097783,hold
284,2021-02-19,0,-1,-0.0204281745915864,0.0204281745915864,0.6881458182048773,hold
285,2021-02-22,0,-1,0.0021872625461001,-0.0021872625461001,0.6866406626304623,hold
286,2021-02-23,-1,-1,0.0186431824578623,-0.0186431824578623,0.6738394954740551,hold
287,2021-02-24,-1,-1,0.0076992130139501,-0.0076992130139501,0.6686514616611877,hold
288,2021-02-25,0,-1,-0.0376356932475859,0.0376356932475859,0.6938166229618181,hold
289,2021-02-26,0,-1,0.0159953891187234,-0.0159953891187234,0.6827187561005053,hold
290,2021-03-01,0,-1,0.0106729853417877,-0.0106729853417877,0.675432108824081,hold
291,2021-03-02,0,-1,0.0218846987116321,-0.0218846987116321,0.6606504806223037,hold
292,2021-03-03,0,-1,-0.0108129305241382,0.0108129305241382,0.6677940483700112,hold
293,2021-03-04,0,-1,-0.0094591045289524,0.0094591045289524,0.6741107820773555,hold
294,2021-03-05,0,-1,0.0012117060677612,-0.0012117060677612,0.6732939579523691,hold
295,2021-03-08,0,-1,0.0095077756017913,-0.0095077756017913,0.6668924300861161,hold
296,2021-03-09,0,-1,0.0050600998838219,-0.0050600998838219,0.6635178877781156,hold
297,2021-03-10,0,-1,-0.0094795062357636,0.0094795062357636,0.6698077097328489,hold
298,2021-03-12,0,-1,-0.006749419963093,0.006749419963093,0.6743285232603534,hold
299,2021-03-15,0,-1,-0.0012759841044576,0.0012759841044576,0.675188955737216,hold
300,2021-03-16,-1,-1,-0.0126857598628687,0.0126857598628687,0.6837542406917595,hold
301,2021-03-17,0,-1,-0.0111029730717429,0.0111029730717429,0.6913459456138501,hold
302,2021-03-18,0,-1,0.0127869428260285,-0.0127869428260285,0.6825057445342791,hold
303,2021-03-19,0,-1,-0.0005154374236977,0.0005154374236977,0.6828575335369008,hold
304,2021-03-22,-1,-1,0.0053167399974314,-0.0053167399974314,0.6792269575757978,hold
305,2021-03-23,0,-1,-0.0179111769942118,0.0179111769942118,0.6913927118321779,hold
306,2021-03-24,0,-1,-0.0154301891468089,0.0154301891468089,0.7020610321504736,hold
307,2021-03-25,0,-1,0.0127330319296232,-0.0127330319296232,0.6931216666115574,hold
308,2021-03-26,0,-1,0.0232848158675504,-0.0232848158675504,0.6769824562306976,hold
309,2021-03-30,0,-1,-0.0104006990943323,0.0104006990943323,0.6840235470500952,hold
310,2021-03-31,0,-1,0.0120245741669184,-0.0120245741669184,0.6757984551766727,hold
311,2021-04-01,0,-1,-0.015439860548026,0.015439860548026,0.6862326890831719,hold
312,2021-04-05,0,-1,0.0031220672452334,-0.0031220672452334,0.6840902244819769,hold
313,2021-04-06,-1,-1,0.0092314369658119,-0.0092314369658119,0.6777750886957434,hold
314,2021-04-07,1,1,0.0036945688638336,0.0036945688638336,0.6796014003464251,flip
315,2021-04-08,0,1,-0.0026187118170183,-0.0026187118170183,0.6778217201284757,hold
316,2021-04-09,0,1,-0.0353255893040076,-0.0353255893040076,0.6538772684218812,hold
317,2021-04-12,0,1,0.0135561955060299,0.0135561955060299,0.662741356509557,hold
318,2021-04-13,0,1,0.0052844845607746,0.0052844845607746,0.6662436029758186,hold
319,2021-04-15,0,1,0.0024962821650071,0.0024962821650071,0.6679067349994773,hold
320,2021-04-16,0,1,-0.0176769785548196,-0.0176769785548196,0.6561001619682719,hold
321,2021-04-19,0,1,-0.004390823034999,-0.004390823034999,0.653219342263835,hold
322,2021-04-20,0,1,0.0076767575754221,0.0076767575754221,0.6582339487979713,hold
323,2021-04-22,0,1,-0.0044981330537942,-0.0044981330537942,0.6552731249157536,hold
324,2021-04-23,0,1,0.0100165182871698,0.0100165182871698,0.6618366801545632,hold
325,2021-04-26,0,1,0.011601643402658,0.011601643402658,0.6695150733085155,hold
326,2021-04-27,0,1,0.014433855260107,0.014433855260107,0.6791787569711105,hold
327,2021-04-28,0,1,0.0020418099664161,0.0020418099664161,0.6805655109260722,hold
328,2021-04-29,0,1,-0.0177108120451774,-0.0177108120451774,0.6685121430776304,hold
329,2021-04-30,0,1,0.0002085134632017,0.0002085134632017,0.668651536859776,hold
330,2021-05-03,0,1,-0.0094061074234402,-0.0094061074234402,0.6623621286752246,hold
331,2021-05-04,0,1,0.0083709591539336,0.0083709591539336,0.6679067349994774,hold
332,2021-05-05,0,1,0.0073164109749706,0.0073164109749706,0.6727934151656844,hold
333,2021-05-06,0,1,0.0066792477481554,0.0066792477481554,0.6772871690689035,hold
334,2021-05-07,0,1,0.0080414227481215,0.0080414227481215,0.6827335215172651,hold
335,2021-05-10,0,1,-0.0061302011912188,-0.0061302011912188,0.6785482276703749,hold
336,2021-05-11,0,1,-0.0103866808073666,-0.0103866808073666,0.6715003638171584,hold
337,2021-05-12,0,1,-0.0012724250884564,-0.0012724250884564,0.6706459299073299,hold
338,2021-05-14,-1,-1,0.0167157604819725,-0.0167157604819725,0.6587649272448819,flip
339,2021-05-17,0,-1,0.012393443335275,-0.012393443335275,0.6506005614478059,hold
340,2021-05-18,0,-1,-0.0051594324081388,0.0051594324081388,0.6539572910692929,hold
341,2021-05-19,0,-1,-0.0082567760609306,0.0082567760609306,0.6593568699750649,hold
342,2021-05-20,0,-1,0.0180631356749747,-0.0180631356749747,0.6474468173744786,hold
343,2021-05-21,0,-1,0.0014761086049899,-0.0014761086049899,0.6464911155560789,hold
344,2021-05-24,0,-1,0.0007073438653115,-0.0007073438653115,0.6460338240315119,hold
345,2021-05-25,-1,-1,0.0061150215048646,-0.0061150215048646,0.6420833133046893,hold
346,2021-05-26,0,-1,0.0023788211965458,-0.0023788211965458,0.6405559119090517,hold
347,2021-05-27,0,-1,0.006376433707514,-0.006376433707514,0.6364714496008075,hold
348,2021-05-28,0,-1,0.0095330880357249,-0.0095330880357249,0.6304039112395375,hold
349,2021-05-31,0,-1,-0.0005101904286871,0.0005101904286871,0.6307255372812588,hold
350,2021-06-01,-1,-1,8.67158252806366e-05,-8.67158252806366e-05,0.6306708433957678,hold
351,2021-06-02,0,-1,0.0073284506253876,-0.0073284506253876,0.6260490032590704,hold
352,2021-06-03,0,-1,-0.0012810173052479,0.0012810173052479,0.6268509828661786,hold
353,2021-06-04,-1,-1,0.0051945814919991,-0.0051945814919991,0.6235947543523405,hold
354,2021-06-07,-1,-1,-0.0007333060957773,0.0007333060957773,0.6240520401870018,hold
355,2021-06-08,-1,-1,-0.0066549769442125,0.0066549769442125,0.628205092126435,hold
356,2021-06-09,-1,-1,0.006549286916079,-0.006549286916079,0.6240907967359571,hold
357,2021-06-10,0,-1,0.0039141306333496,-0.0039141306333496,0.6216480238304614,hold
358,2021-06-11,-1,-1,0.0007911718082738,-0.0007911718082738,0.6211561934393376,hold
359,2021-06-14,-1,-1,0.0036302135450976,-0.0036302135450976,0.6189012638122928,hold
360,2021-06-15,-1,-1,-0.0064086327528081,0.0064086327528081,0.6228675747223146,hold
361,2021-06-16,0,-1,-0.0048295020472909,0.0048295020472909,0.625875714949627,hold
362,2021-06-17,0,-1,-0.0005130696464038,0.0005130696464038,0.6261968327813889,hold
363,2021-06-18,-1,-1,0.0040265882096546,-0.0040265882096546,0.6236753959975884,hold
364,2021-06-21,0,-1,0.0016670371193598,-0.0016670371193598,0.622635705962029,hold
365,2021-06-22,0,-1,-0.0054397492312691,0.0054397492312691,0.6260226880648966,hold
366,2021-06-23,0,-1,0.0065978407983298,-0.0065978407983298,0.6218922900329019,hold
367,2021-06-24,0,-1,0.0044266891189239,-0.0044266891189239,0.6191393661994706,hold
368,2021-06-25,0,-1,-0.0028782098242977,0.0028782098242977,0.6209213792058754,hold
369,2021-06-28,0,-1,-0.0041891404314852,0.0041891404314852,0.6235225060602803,hold
370,2021-06-29,0,-1,-0.0017112919035373,0.0017112919035373,0.6245895350765746,hold
371,2021-06-30,-1,-1,-0.002639697229908,0.002639697229908,0.6262382623421457,hold
372,2021-07-01,0,-1,0.0026913389867666,-0.0026913389867666,0.6245528428916994,hold
373,2021-07-02,1,1,0.007133188273225,0.007133188273225,0.6283833430637322,flip
374,2021-07-05,1,1,-0.0010167521731027,-0.0010167521731027,0.6277444329341306,hold
375,2021-07-06,0,1,0.0038816171589777,0.0038816171589777,0.6301810964964605,hold
376,2021-07-07,0,1,-0.0095562557277451,-0.0095562557277451,0.6241589247835495,hold
377,2021-07-08,0,1,-0.0024224839292732,-0.0024224839292732,0.6226469098189489,hold
378,2021-07-09,0,1,0.0001784474449868,0.0001784474449868,0.622758019569135,hold
379,2021-07-12,1,1,0.0076309854951284,0.0076309854951284,0.627510276983442,hold
380,2021-07-13,1,1,0.0026308921169333,0.0026308921169333,0.6291611888244524,hold
381,2021-07-14,1,1,0.0044310723280038,0.0044310723280038,0.6319490475581064,hold
382,2021-07-15,1,1,-5.0225736783704455e-05,-5.0225736783704455e-05,0.631917307451583,hold
383,2021-07-16,1,1,-0.0107389122803617,-0.0107389122803617,0.6251312029184181,hold
384,2021-07-19,0,1,-0.0076369809214345,-0.0076369809214345,0.6203570878483367,hold
385,2021-07-20,0,1,0.0122792331234495,0.0122792331234495,0.6279745971498106,hold
386,2021-07-22,0,1,0.0020222383267853,0.0020222383267853,0.6292445114484146,hold
387,2021-07-23,0,1,-0.0019929055322251,-0.0019929055322251,0.6279904865804268,hold
388,2021-07-26,1,1,-0.0049290812026508,-0.0049290812026508,0.6248950704775796,hold
389,2021-07-27,1,1,-0.0023528988583426,-0.0023528988583426,0.623424755579669,hold
390,2021-07-28,0,1,0.0043954449546468,0.0043954449546468,0.6261649847761837,hold
391,2021-07-29,0,1,-0.0009760394990868,-0.0009760394990868,0.625553823018097,hold
392,2021-07-30,0,1,0.0077460001364197,0.0077460001364197,0.6303993630165331,hold
393,2021-08-02,0,1,0.0154609558824161,0.0154609558824161,0.640145939756435,hold
394,2021-08-03,0,1,0.0079382424678022,0.0079382424678022,0.6452275734410007,hold
395,2021-08-04,0,1,0.0022018725316477,0.0022018725316477,0.6466482823116221,hold
396,2021-08-05,0,1,-0.0034612335015614,-0.0034612335015614,0.6444100816131579,hold
397,2021-08-06,0,1,0.0012347307242392,0.0012347307242392,0.6452057545399352,hold
398,2021-08-09,0,1,0.0013439090538649,0.0013439090538649,0.6460728523950672,hold
399,2021-08-10,-1,-1,0.0001320870680521,-0.0001320870680521,0.6453414416738512,flip
400,2021-08-11,-1,-1,0.0050453954843463,-0.0050453954843463,0.6420854388781684,hold
401,2021-08-12,0,-1,0.0100644823408473,-0.0100644823408473,0.6356231813172638,hold
402,2021-08-13,0,-1,0.0020540242770237,-0.0020540242770237,0.6343175958717991,hold
403,2021-08-16,-1,-1,0.0031122785775283,-0.0031122785775283,0.6323434228068181,hold
404,2021-08-17,0,-1,-0.0027536023181795,0.0027536023181795,0.6340846451217446,hold
405,2021-08-18,0,-1,-0.0071428984006249,0.0071428984006249,0.6386138473192455,hold
406,2021-08-20,0,-1,0.0027931806783987,-0.0027931806783987,0.6368300834599555,hold
407,2021-08-23,-1,-1,0.0077683620836017,-0.0077683620836017,0.6318829567859083,hold
408,2021-08-24,-1,-1,0.0006045728309951,-0.0006045728309951,0.6315009375178667,hold
409,2021-08-25,-1,-1,0.0001352598309651,-0.0001352598309651,0.6314155208078038,hold
410,2021-08-26,-1,-1,0.00410526158848,-0.00410526158848,0.6288233949238614,hold
411,2021-08-27,0,-1,0.0135198365217041,-0.0135198365217041,0.6203218054234678,hold
412,2021-08-30,0,-1,0.0118804461754233,-0.0118804461754233,0.6129521056026929,hold
413,2021-08-31,0,-1,-0.0032657347743637,0.0032657347743637,0.614953844608979,hold
414,2021-09-01,0,-1,0.009246783727399,-0.009246783727399,0.6092674994055473,hold
415,2021-09-02,0,-1,0.0051902308336972,-0.0051902308336972,0.606105260444163,hold
416,2021-09-03,0,-1,0.0031287476677577,-0.0031287476677577,0.6042089100241327,hold
417,2021-09-06,0,-1,-0.0009035189246697,0.0009035189246697,0.6047548242087936,hold
418,2021-09-07,-1,-1,-0.0004953092983268,0.0004953092983268,0.6050543648964322,hold
419,2021-09-08,-1,-1,0.0009075978909154,-0.0009075978909154,0.604505218830963,hold
420,2021-09-09,-1,-1,-0.0008030985074197,0.0008030985074197,0.6049906960699335,hold
421,2021-09-13,-1,-1,0.001423151293159,-0.001423151293159,0.6041297027784724,hold
422,2021-09-14,-1,-1,0.0080235453826236,-0.0080235453826236,0.5992824406912385,hold
423,2021-09-15,0,-1,0.0062816347635072,-0.0062816347635072,0.5955179672786329,hold
424,2021-09-16,0,-1,-0.0025156476006126,0.0025156476006126,0.597016080624139,hold
425,2021-09-17,-1,-1,-0.010705054879733,0.010705054879733,0.6034071705313035,hold
426,2021-09-20,0,-1,0.0094901738624639,-0.0094901738624639,0.5976807315731041,hold
427,2021-09-21,0,-1,-0.0008740239935656,0.0008740239935656,0.5982031188729908,hold
428,2021-09-22,-1,-1,0.0157465283671818,-0.0157465283671818,0.5887834964923206,hold
429,2021-09-23,-1,-1,0.0016972499684944,-0.0016972499684944,0.587784183721449,hold
430,2021-09-24,0,-1,0.0001064453827974,-0.0001064453827974,0.5877216168090106,hold
431,2021-09-27,0,-1,-0.0059646824901542,0.0059646824901542,0.5912271896458764,hold
432,2021-09-28,0,-1,-0.0021015082285871,0.0021015082285871,0.5924696584498816,hold
433,2021-09-29,-1,-1,-0.0052593760207388,0.0052593760207388,0.5955856791645483,hold
434,2021-09-30,0,-1,-0.0048869834497958,0.0048869834497958,0.5984962965215608,hold
435,2021-10-01,0,-1,0.0090804675811375,-0.0090804675811375,0.5930616703035659,hold
436,2021-10-04,0,-1,0.0074076609199462,-0.0074076609199462,0.5886684705453402,hold
437,2021-10-05,0,-1,-0.0098921448702895,0.0098921448702895,0.5944916643365465,hold
438,2021-10-06,0,-1,0.0081803020160375,-0.0081803020160375,0.5896285429762568,hold
439,2021-10-07,0,-1,0.0058936227604964,-0.0058936227604964,0.5861534947751336,hold
440,2021-10-08,0,-1,0.0028359561343596,-0.0028359561343596,0.5844911891759497,hold
441,2021-10-11,0,-1,0.0025632525445875,-0.0025632525445875,0.5829929906480055,hold
442,2021-10-12,0,-1,0.0094375978492116,-0.0094375978492116,0.5774909372533604,hold
443,2021-10-13,0,-1,0.0097347877407187,-0.0097347877407187,0.5718691855570103,hold
444,2021-10-14,0,-1,0.0075523961327199,-0.0075523961327199,0.5675502029315879,hold
445,2021-10-18,0,-1,-0.0031553077349963,0.0031553077349963,0.5693409984768967,hold
446,2021-10-19,0,-1,-0.00826062521208,0.00826062521208,0.5740441110831858,hold
447,2021-10-20,0,-1,-0.0048449082967022,0.0048449082967022,0.5768253021596457,hold
448,2021-10-21,-1,-1,-0.0034766680845673,0.0034766680845673,0.5788307322780349,hold
449,2021-10-22,0,-1,0.0005796333280105,-0.0005796333280105,0.5784952226943298,hold
450,2021-10-25,-1,-1,0.0078894808897,-0.0078894808897,0.5739311956901002,hold
451,2021-10-26,-1,-1,-0.0031448386638428,0.0031448386638428,0.5757361167046919,hold
452,2021-10-27,0,-1,-0.0194223384240636,0.0194223384240636,0.5869182584062865,hold
453,2021-10-28,0,-1,-0.0103935157639054,0.0103935157639054,0.5930184025771562,hold
454,2021-10-29,0,-1,0.0145996550575078,-0.0145996550575078,0.5843605384567754,hold
455,2021-11-01,0,-1,-0.0022700482713416,0.0022700482713416,0.5856870650869395,hold
456,2021-11-02,0,-1,-0.0033400508475575,0.0033400508475575,0.5876432896650865,hold
457,2021-11-03,0,-1,0.0049133761659847,-0.0049133761659847,0.5847559771315451,hold
458,2021-11-04,0,-1,0.0084697040421863,-0.0084697040421863,0.5798032670683415,hold
459,2021-11-08,0,-1,-0.0013449214352717,0.0013449214352717,0.5805830569104623,hold
460,2021-11-09,-1,-1,-0.0014991358050348,0.0014991358050348,0.5814534297588733,hold
461,2021-11-10,0,-1,-0.007970140510272,0.007970140510272,0.586087695294231,hold
462,2021-11-11,0,-1,0.0128206066843303,-0.0128206066843303,0.5785736954703381,hold
463,2021-11-12,0,-1,0.0003700663573213,-0.0003700663573213,0.5783595848104135,hold
464,2021-11-15,-1,-1,-0.0060879819517564,0.0060879819517564,0.5818806275243645,hold
465,2021-11-16,0,-1,-0.005586294529162,0.005586294529162,0.5851311840905292,hold
466,2021-11-17,0,-1,-0.0074781956434608,0.0074781956434608,0.5895069095622482,hold
467,2021-11-18,0,-1,-0.0196033721001568,0.0196033721001568,0.6010632328660104,hold
468,2021-11-22,0,-1,0.0049836979327988,-0.0049836979327988,0.5980677152748947,hold
469,2021-11-23,0,-1,-0.0050446817378146,0.0050446817378146,0.6010847765561185,hold
470,2021-11-24,0,-1,0.006959452503032,-0.006959452503032,0.5969015556033805,hold
471,2021-11-25,-1,-1,-0.0290712541877539,0.0290712541877539,0.6142542324513921,hold
472,2021-11-26,0,-1,0.0016151341742889,-0.0016151341742889,0.6132621294488583,hold
473,2021-11-29,-1,-1,-0.004148599194972,0.004148599194972,0.6158063082253966,hold
474,2021-11-30,1,1,0.0108166411704213,0.0108166411704213,0.6218514577837273,flip
475,2021-12-01,-1,-1,0.0136745711024337,-0.0136745711024337,0.6127260543513279,flip
476,2021-12-02,-1,-1,-0.0117776858673942,0.0117776858673942,0.6199425493422457,hold
477,2021-12-03,0,-1,-0.0165409195759996,0.0165409195759996,0.6301969691926559,hold
478,2021-12-06,-1,-1,0.0156365485816494,-0.0156365485816494,0.6203428636678667,hold
479,2021-12-07,0,-1,0.0170609485278816,-0.0170609485278816,0.6097592260011906,hold
480,2021-12-08,0,-1,0.0026960665936832,-0.0026960665936832,0.6081152745217787,hold
481,2021-12-09,-1,-1,-0.0003167708948091,0.0003167708948091,0.6083079077414361,hold
482,2021-12-10,0,-1,-0.0081690551168631,0.0081690551168631,0.6132772085677995,hold
483,2021-12-13,0,-1,-0.0024959111813221,0.0024959111813221,0.6148078940099139,hold
484,2021-12-14,0,-1,-0.0059740603216401,0.0059740603216401,0.6184807934549496,hold
485,2021-12-15,0,-1,0.0015678167505297,-0.0015678167505297,0.6175111289070899,hold
486,2021-12-16,0,-1,-0.01525945397337,0.01525945397337,0.6269340115566914,hold
487,2021-12-17,0,-1,-0.0218425462793778,0.0218425462793778,0.6406278467182345,hold
488,2021-12-20,0,-1,0.009428705444209,-0.009428705444209,0.6345875554521704,hold
489,2021-12-21,0,-1,0.0110071709945933,-0.0110071709945933,0.6276025417182675,hold
490,2021-12-22,0,-1,0.0069093062126275,-0.0069093062126275,0.6232662435777127,hold
491,2021-12-23,-1,-1,-0.0040327548791804,0.0040327548791804,0.6257797235625291,hold
492,2021-12-24,0,-1,0.0048518709108285,-0.0048518709108285,0.6227435211251897,hold
493,2021-12-27,0,-1,0.0086034091740434,-0.0086034091740434,0.6173858038024651,hold
494,2021-12-28,0,-1,-0.0011402602889762,0.0011402602889762,0.6180897843175187,hold
495,2021-12-29,0,-1,-0.0005606259494814,0.0005606259494814,0.6184363014897165,hold
496,2021-12-30,-1,-1,0.0087248317576065,-0.0087248317576065,0.6130405488064223,hold
497,2021-12-31,0,-1,0.0156533158122078,-0.0156533158122078,0.6034444314902663,hold
498,2022-01-03,0,-1,0.0101868742352642,-0.0101868742352642,0.5972972189587045,hold
499,2022-01-04,-1,-1,0.006739585234692,-0.006739585234692,0.5932716834410878,hold
500,2022-01-05,0,-1,-0.0100054174627969,0.0100054174627969,0.5992076143027721,hold
501,2022-01-06,0,-1,0.0037641836511315,-0.0037641836511315,0.5969520867973801,hold
502,2022-01-07,0,-1,0.0107003189218717,-0.0107003189218717,0.5905645090875713,hold
503,2022-01-10,0,-1,0.0029133112526023,-0.0029133112526023,0.5888440108578589,hold
504,2022-01-11,0,-1,0.0086731157318304,-0.0086731157318304,0.5837368986036935,hold
505,2022-01-12,0,-1,0.0024956237305924,-0.0024956237305924,0.5822801109471157,hold
506,2022-01-13,0,-1,-0.0001123235637506,0.0001123235637506,0.5823455147242784,hold
507,2022-01-14,0,-1,0.0028675682661627,-0.0028675682661627,0.5806755992063128,hold
508,2022-01-17,-1,-1,-0.0106536905679234,0.0106536905679234,0.5868619373606003,hold
509,2022-01-18,0,-1,-0.0096422404339412,0.0096422404339412,0.5925206012621598,hold
510,2022-01-19,0,-1,-0.010112406160797,0.010112406160797,0.5985124102407623,hold
511,2022-01-20,0,-1,-0.0078757453046686,0.0078757453046686,0.6032261415455018,hold
512,2022-01-21,0,-1,-0.0265679051873833,0.0265679051873833,0.6192525964806337,hold
513,2022-01-24,0,-1,0.0075134912216943,-0.0075134912216943,0.614599847532965,hold
514,2022-01-25,-1,-1,-0.0097117329146276,0.0097117329146276,0.620568677101576,hold
515,2022-01-27,0,-1,-0.0004793161771092,0.0004793161771092,0.6208661257075181,hold
516,2022-01-28,-1,-1,0.0139107178709299,-0.0139107178709299,0.6122294321971835,hold
517,2022-01-31,-1,-1,0.0136679386118703,-0.0136679386118703,0.6038615179015322,hold
518,2022-02-01,0,-1,0.0115578385853996,-0.0115578385853996,0.596882183949692,hold
519,2022-02-02,-1,-1,-0.0123622486642295,0.0123622486642295,0.6042609899309264,hold
520,2022-02-03,0,-1,-0.0024998826581151,0.0024998826581151,0.6057715715006301,hold
521,2022-02-04,0,-1,-0.0172811129276234,0.0172811129276234,0.6162399784360764,hold
522,2022-02-07,0,-1,0.0030876976246183,-0.0030876976246183,0.6143372157184644,hold
523,2022-02-08,-1,-1,0.0114121523303458,-0.0114121523303458,0.6073263058304849,hold
524,2022-02-09,-1,-1,0.008133901085124,-0.008133901085124,0.602386373732466,hold
525,2022-02-10,0,-1,-0.0131262969128136,0.0131262969128136,0.6102934761303114,hold
526,2022-02-11,0,-1,-0.0306162228952934,0.0306162228952934,0.6289783572270603,hold
527,2022-02-14,0,-1,0.0302591263839775,-0.0302591263839775,0.6099460216229401,hold
528,2022-02-15,0,-1,-0.0017432697608654,0.0017432697608654,0.6110093220781956,hold
529,2022-02-16,0,-1,-0.0010160147191904,0.0010160147191904,0.6116301165429896,hold
530,2022-02-17,-1,-1,-0.0016353356196504,0.0016353356196504,0.6126303370586232,hold
531,2022-02-18,0,-1,-0.004031556958107,0.004031556958107,0.6151001911567394,hold
532,2022-02-21,0,-1,-0.0066515660675804,0.0066515660675804,0.6191915707163997,hold
533,2022-02-22,0,-1,-0.0016937094155936,0.0016937094155936,0.6202403013097783,hold
534,2022-02-23,0,-1,-0.0477810384708364,0.0477810384708364,0.6498760270078239,hold
535,2022-02-24,0,-1,0.0252616601096495,-0.0252616601096495,0.6334590797001428,hold
536,2022-02-25,0,-1,0.0081340342903666,-0.0081340342903666,0.6283065018243178,hold
537,2022-02-28,-1,-1,-0.0111916331229355,0.0111916331229355,0.6353382776814906,hold
538,2022-03-02,0,-1,-0.006497577228417,0.006497577228417,0.6394664372068956,hold
539,2022-03-03,1,1,-0.0153170320073322,-0.0153170320073322,0.6290322428833759,flip
540,2022-03-04,0,1,-0.0235266847399477,-0.0235266847399477,0.6142331996137965,hold
541,2022-03-07,0,1,0.0094747765094835,0.0094747765094835,0.6200529219048423,hold
542,2022-03-08,0,1,0.0207262900882942,0.0207262900882942,0.6329043186343365,hold
543,2022-03-09,0,1,0.0152673871904744,0.0152673871904744,0.6425671139214504,hold
544,2022-03-10,0,1,0.0021421537513466,0.0021421537513466,0.6439435914750292,hold
545,2022-03-11,0,1,0.014482565042708,0.014482565042708,0.6532695464224013,hold
546,2022-03-14,-1,-1,-0.0123464565033122,0.0123464565033122,0.6606818409158217,flip
547,2022-03-15,0,-1,0.0187451004846066,-0.0187451004846066,0.6482972934194997,hold
548,2022-03-16,0,-1,0.0183619883565082,-0.0183619883565082,0.6363932660661751,hold
549,2022-03-17,-1,-1,-0.0098022024704637,0.0098022024704637,0.6426313217109954,hold
550,2022-03-21,0,-1,0.0115612232521558,-0.0115612232521558,0.6352017175318666,hold
551,2022-03-22,0,-1,-0.004033935455228,0.004033935455228,0.63776408026144,hold
552,2022-03-23,-1,-1,-0.0013278937068936,0.0013278937068936,0.638610963170102,hold
553,2022-03-24,-1,-1,-0.0040498758909001,0.0040498758909001,0.641197258313509,hold
554,2022-03-25,-1,-1,0.0040226199498629,-0.0040226199498629,0.6386179654304197,hold
555,2022-03-28,-1,-1,0.005998187274997,-0.005998187274997,0.6347874152765904,hold
556,2022-03-29,0,-1,0.0099824655821947,-0.0099824655821947,0.6284506717515815,hold
557,2022-03-30,0,-1,-0.0019144771620018,0.0019144771620018,0.6296538262100947,hold
558,2022-03-31,-1,-1,0.0117779652585923,-0.0117779652585923,0.6222377853200525,hold
559,2022-04-01,0,-1,0.0216718413399843,-0.0216718413399843,0.608752746760853,hold
560,2022-04-04,-1,-1,-0.005317557796472,0.005317557796472,0.6119898246755149,hold
561,2022-04-05,-1,-1,-0.0083391803235717,0.0083391803235717,0.617093318179675,hold
562,2022-04-06,0,-1,-0.0094397411049521,0.0094397411049521,0.6229185193408869,hold
563,2022-04-07,-1,-1,0.0082087593907955,-0.0082087593907955,0.617805131095547,hold
564,2022-04-08,0,-1,-0.006151497975913,0.006151497975913,0.6216055581089899,hold
565,2022-04-11,0,-1,-0.0081838106412522,0.0081838106412522,0.6266926602901037,hold
566,2022-04-12,0,-1,-0.0031174816283502,0.0031174816283502,0.62864636314518,hold
567,2022-04-13,-1,-1,-0.0172811880101475,0.0172811880101475,0.6395101191385874,hold
568,2022-04-18,0,-1,-0.0125191788064678,0.0125191788064678,0.6475162606686289,hold
569,2022-04-19,0,-1,0.010490244596548,-0.010490244596548,0.6407236567139728,hold
570,2022-04-20,-1,-1,0.014941678252146,-0.014941678252146,0.6311501699868142,hold
571,2022-04-21,-1,-1,-0.0126864526051679,0.0126864526051679,0.6391572267050956,hold
572,2022-04-22,0,-1,-0.0126951225643019,0.0126951225643019,0.6472714060359761,hold
573,2022-04-25,0,-1,0.0145601216162072,-0.0145601216162072,0.6378470556453988,hold
574,2022-04-26,0,-1,-0.0094414436101153,0.0094414436101153,0.6438692526531529,hold
575,2022-04-27,0,-1,0.0121285088909346,-0.0121285088909346,0.6360600786977496,hold
576,2022-04-28,-1,-1,-0.0082632403816946,0.0082632403816946,0.6413159960252287,hold
577,2022-04-29,0,-1,-0.0019559171203674,0.0019559171203674,0.6425703569614198,hold
578,2022-05-02,0,-1,-0.0229361834519363,0.0229361834519363,0.6573084685494632,hold
579,2022-05-04,0,-1,0.0003028482136697,-0.0003028482136697,0.6571094038539331,hold
580,2022-05-05,-1,-1,-0.0162684216398562,0.0162684216398562,0.6677995366993433,hold
581,2022-05-06,0,-1,-0.0066661826871809,0.0066661826871809,0.672251210409396,hold
582,2022-05-09,1,1,-0.0037909688880922,-0.0037909688880922,0.6690304757753422,flip
583,2022-05-10,1,1,-0.0044919933245182,-0.0044919933245182,0.6660251953442602,hold
584,2022-05-11,1,1,-0.0222117521417858,-0.0222117521417858,0.651231608785089,hold
585,2022-05-12,0,1,-0.0016352232651188,-0.0016352232651188,0.6501666997074229,hold
586,2022-05-13,0,1,0.0038112305721171,0.0038112305721171,0.6526446349103204,hold
587,2022-05-16,-1,-1,0.0263219359020472,-0.0263219359020472,0.6348131200284857,flip
588,2022-05-17,0,-1,-0.0011685620062508,0.0011685620062508,0.6355549385216204,hold
589,2022-05-18,-1,-1,-0.0265327253341793,0.0265327253341793,0.6524179431401957,hold
590,2022-05-19,-1,-1,0.0288910387942893,-0.0288910387942893,0.6335689110348419,hold
591,2022-05-20,0,-1,-0.0031630222318707,0.0031630222318707,0.6355729035858672,hold
592,2022-05-23,0,-1,-0.0055227542667355,0.0055227542667355,0.6390830165509676,hold
593,2022-05-24,0,-1,-0.0061612191843656,0.0061612191843656,0.6430205470929437,hold
594,2022-05-25,0,-1,0.0090073873189953,-0.0090073873189953,0.6372286119712053,hold
595,2022-05-26,0,-1,0.0112738471989222,-0.0112738471989222,0.6300445939690607,hold
596,2022-05-27,0,-1,0.0188932050929628,-0.0188932050929628,0.6181410322374907,hold
597,2022-05-30,0,-1,-0.0046124339835348,0.0046124339835348,0.6209921669412002,hold
598,2022-05-31,0,-1,-0.0037264067061659,0.0037264067061659,0.6233062363165665,hold
599,2022-06-01,0,-1,0.0063700049931154,-0.0063700049931154,0.61933577247899,hold
600,2022-06-02,0,-1,-0.0026280502014673,0.0026280502014673,0.6209634179806293,hold
601,2022-06-03,-1,-1,-0.0008893953501298,0.0008893953501298,0.621515699957182,hold
602,2022-06-06,-1,-1,-0.0092459460064759,0.0092459460064759,0.6272622005611632,hold
603,2022-06-07,0,-1,-0.0036609606157923,0.0036609606157923,0.6295585827731928,hold
604,2022-06-08,-1,-1,0.0074497277416889,-0.0074497277416889,0.624868542734089,hold
605,2022-06-09,0,-1,-0.0167676984141,0.0167676984141,0.6353461500071124,hold
606,2022-06-10,0,-1,-0.0263797491152091,0.0263797491152091,0.652106422045614,hold
607,2022-06-13,0,-1,-0.0026816094559853,0.0026816094559853,0.6538551167932803,hold
608,2022-06-14,0,-1,-0.002539344381356,0.002539344381356,0.6555154801103302,hold
609,2022-06-15,0,-1,-0.0211284478542902,0.0211284478542902,0.6693655047495213,hold
610,2022-06-16,0,-1,-0.0043682936266399,0.0043682936266399,0.6722894898178111,hold
611,2022-06-17,1,1,0.0037042135956451,0.0037042135956451,0.6741075041963859,flip
612,2022-06-20,-1,-1,0.018804337854487,-0.018804337854487,0.6607572514330357,flip
613,2022-06-21,1,1,-0.0144192650853174,-0.0144192650853174,0.6505688602161439,flip
614,2022-06-22,0,1,0.0093004475196092,0.0093004475196092,0.6566194417584762,hold
615,2022-06-23,0,1,0.0091664725885294,0.0091664725885294,0.6626383258724508,hold
616,2022-06-24,0,1,0.008458990377725,0.008458990377725,0.6682435770949177,hold
617,2022-06-27,0,1,0.0011464333961117,0.0011464333961117,0.6690096738484365,hold
618,2022-06-28,-1,-1,-0.0032239710103227,0.0032239710103227,0.670497531968701,flip
619,2022-06-29,0,-1,-0.0011930812414028,0.0011930812414028,0.6712974899964996,hold
620,2022-06-30,-1,-1,-0.0017870563085186,0.0017870563085186,0.6724971364108905,hold
621,2022-07-01,0,-1,0.0052881882498054,-0.0052881882498054,0.6689408449560946,hold
622,2022-07-04,1,1,-0.0015471713984448,-0.0015471713984448,0.667236937968571,flip
623,2022-07-05,0,1,0.0113181897073002,0.0113181897073002,0.6747888522122174,hold
624,2022-07-06,0,1,0.0089494920315105,0.0089494920315105,0.6808278696680428,hold
625,2022-07-07,0,1,0.0054360478665673,0.0054360478665673,0.6845288825564514,hold
626,2022-07-08,0,1,-0.0002835659276332,-0.0002835659276332,0.6843347734888775,hold
627,2022-07-11,0,1,-0.0097249750439381,-0.0097249750439381,0.6776796348949992,hold
628,2022-07-12,0,1,-0.0057072925015229,-0.0057072925015229,0.6738119189963282,hold
629,2022-07-13,0,1,-0.0017536552323109,-0.0017536552323109,0.6726302851989868,hold
630,2022-07-14,0,1,0.0069359576863876,0.0069359576863876,0.6772956203957099,hold
631,2022-07-15,0,1,0.0142873041582765,0.0142873041582765,0.686972348929372,hold
632,2022-07-18,0,1,0.0038117642711243,0.0038117642711243,0.6895909255842714,hold
633,2022-07-19,0,1,0.0110338885069691,0.0110338885069691,0.6971997949725859,hold
634,2022-07-20,0,1,0.005108719746296,0.005108719746296,0.7007615933322758,hold
635,2022-07-21,0,1,0.0068772959606149,0.0068772959606149,0.7055809382074539,hold
636,2022-07-22,0,1,-0.0052901993117577,-0.0052901993117577,0.7018482744137595,hold
637,2022-07-25,0,1,-0.008847958067765,-0.008847958067765,0.6956383503118134,hold
638,2022-07-26,0,1,0.0095821774414373,0.0095821774414373,0.7023040804195699,hold
639,2022-07-27,0,1,0.0172937311236929,0.0172937311236929,0.7144495383534184,hold
640,2022-07-28,0,1,0.0135059538264792,0.0135059538264792,0.724098860829769,hold
641,2022-07-29,0,1,0.0105955316684394,0.0105955316684394,0.7317710732407717,hold
642,2022-08-01,0,1,0.0003113276638058,0.0003113276638058,0.7319988938194445,hold
643,2022-08-02,-1,-1,0.0024618083588656,-0.0024618083588656,0.72946485393014,flip
644,2022-08-03,-1,-1,-0.0003537116074355,0.0003537116074355,0.7297228741161913,hold
645,2022-08-04,-1,-1,0.0008917270739845,-0.0008917270739845,0.7290721604728361,hold
646,2022-08-05,-1,-1,0.0073343646716481,-0.0073343646716481,0.723724879375982,hold
647,2022-08-08,-1,-1,0.0005506610997998,-0.0005506610997998,0.7233263522379523,hold
648,2022-08-10,-1,-1,0.0070859293688247,-0.0070859293688247,0.7182009127953846,hold
649,2022-08-11,0,-1,0.0022170219505635,-0.0022170219505635,0.7166086456068025,hold
650,2022-08-12,0,-1,0.0071815193435313,-0.0071815193435313,0.7114623067566355,hold
651,2022-08-16,0,-1,0.0066759231988331,-0.0066759231988331,0.7067126390378635,hold
652,2022-08-17,0,-1,0.000682669936052,-0.000682669936052,0.7062301875657644,hold
653,2022-08-18,-1,-1,-0.011029475746944,0.011029475746944,0.7140195362912807,hold
654,2022-08-19,0,-1,-0.0150773300473388,0.0150773300473388,0.7247850445001921,hold
655,2022-08-22,0,-1,0.0049626821755044,-0.0049626821755044,0.7211881666787788,hold
656,2022-08-23,0,-1,0.0015616110795051,-0.0015616110795051,0.7200619512472852,hold
657,2022-08-24,-1,-1,-0.0046861822192667,0.0046861822192667,0.7234362927599908,hold
658,2022-08-25,0,-1,0.0020802555293466,-0.0020802555293466,0.7219313604118468,hold
659,2022-08-26,0,-1,-0.0140099889245538,0.0140099889245538,0.7320456107755048,hold
660,2022-08-29,0,-1,0.0257842637890255,-0.0257842637890255,0.7131703536416708,hold
661,2022-08-30,0,-1,-0.0121907952721076,0.0121907952721076,0.721864467417053,hold
662,2022-09-01,0,-1,-0.0001910505934481,0.0001910505934481,0.7220023800519422,hold
663,2022-09-02,0,-1,0.0072038500710118,-0.0072038500710118,0.7168011831551343,hold
664,2022-09-05,0,-1,-0.0005774531254664,0.0005774531254664,0.7172151022386852,hold
665,2022-09-06,1,1,-0.0017671004916441,-0.0017671004916441,0.715230495976666,flip
666,2022-09-07,0,1,0.0098925129655895,0.0098925129655895,0.7223059229315002,hold
667,2022-09-08,0,1,0.0019439347917691,0.0019439347917691,0.7237100385453876,hold
668,2022-09-09,0,1,0.005775695663245,0.005775695663245,0.7278899674764612,hold
669,2022-09-12,0,1,0.0074542019299801,0.0074542019299801,0.7333158062768373,hold
670,2022-09-13,0,1,-0.0036690976717561,-0.0036690976717561,0.7306251989593651,hold
671,2022-09-14,0,1,-0.0070179606679163,-0.0070179606679163,0.7254977000500797,hold
672,2022-09-15,0,1,-0.0193848531485446,-0.0193848531485446,0.7114340336750021,hold
673,2022-09-16,0,1,0.0052136885924867,0.0052136885924867,0.7151432291806803,hold
674,2022-09-19,0,1,0.0110088098852303,0.0110088098852303,0.7230161050314401,hold
675,2022-09-20,0,1,-0.0054950054374517,-0.0054950054374517,0.7190431276029271,hold
676,2022-09-21,0,1,-0.0049975776569025,-0.0049975776569025,0.7154496537340694,hold
677,2022-09-22,0,1,-0.0171556772324205,-0.0171556772324205,0.7031756303985607,hold
678,2022-09-23,0,1,-0.0179513217622564,-0.0179513217622564,0.6905526984018986,hold
679,2022-09-26,0,1,-0.0005230508522044,-0.0005230508522044,0.6901915042245075,hold
680,2022-09-27,-1,-1,-0.0087491784653945,0.0087491784653945,0.6955399213660424,flip
681,2022-09-28,0,-1,-0.0024023347691036,0.0024023347691036,0.6972108411024396,hold
682,2022-09-29,0,-1,0.016425755966269,-0.016425755966269,0.6857586259694537,hold
683,2022-09-30,-1,-1,-0.0121092644487904,0.0121092644487904,0.6940626585193569,hold
684,2022-10-03,-1,-1,0.0229136709327191,-0.0229136709327191,0.6781591351553562,hold
685,2022-10-04,0,-1,0.0033286441360573,-0.0033286441360573,0.6759017847268076,hold
686,2022-10-06,-1,-1,-0.0009895331040011,0.0009895331040011,0.6765706119178482,hold
687,2022-10-07,-1,-1,-0.0042536458411471,0.0042536458411471,0.6794485036874749,hold
688,2022-10-10,0,-1,-0.0149323831999303,0.0149323831999303,0.6895942891091555,hold
689,2022-10-11,0,-1,0.0082461453396196,-0.0082461453396196,0.6839077943757897,hold
690,2022-10-12,-1,-1,-0.0063800837728176,0.0063800837728176,0.6882711833967902,hold
691,2022-10-13,0,-1,0.0100708880038873,-0.0100708880038873,0.6813396813924981,hold
692,2022-10-14,-1,-1,0.0073375869608156,-0.0073375869608156,0.6763402922304264,hold
693,2022-10-17,0,-1,0.010117285874136,-0.010117285874136,0.6694975641457345,hold
694,2022-10-18,0,-1,0.0014468379208691,-0.0014468379208691,0.668528909681999,hold
695,2022-10-19,0,-1,0.002952174549244,-0.002952174549244,0.666555295649402,hold
696,2022-10-20,-1,-1,0.0007032337856462,-0.0007032337856462,0.6660865514454999,hold
697,2022-10-21,0,-1,0.0087873563767617,-0.0087873563767617,0.6602334115401801,hold
698,2022-10-24,0,-1,-0.004196122026705,0.004196122026705,0.6630038315011105,hold
699,2022-10-25,-1,-1,0.0045649078749665,-0.0045649078749665,0.6599772800895581,hold
700,2022-10-27,0,-1,0.0028106052447454,-0.0028106052447454,0.6581223444847256,hold
701,2022-10-28,-1,-1,0.0126722303955641,-0.0126722303955641,0.6497824665069464,hold
702,2022-10-31,0,-1,0.0073950532223929,-0.0073950532223929,0.6449772905841498,hold
703,2022-11-01,0,-1,-0.0034471976315451,0.0034471976315451,0.6472006547726519,hold
704,2022-11-02,-1,-1,-0.0016673473084335,0.0016673473084335,0.6482797630424034,hold
705,2022-11-03,0,-1,0.0035701681556883,-0.0035701681556883,0.6459652952764122,hold
706,2022-11-04,0,-1,0.0047275862251119,-0.0047275862251119,0.6429114386445631,hold
707,2022-11-07,0,-1,-0.0025161392359563,0.0025161392359563,0.6445290933405818,hold
708,2022-11-09,-1,-1,-0.0070937259046097,0.0070937259046097,0.6491012060662865,hold
709,2022-11-10,0,-1,0.0178331732470333,-0.0178331732470333,0.6375256718036482,hold
710,2022-11-11,0,-1,-0.0011198455015547,0.0011198455015547,0.638239602059343,hold
711,2022-11-14,-1,-1,0.0040509242609507,-0.0040509242609507,0.6356541417710614,hold
712,2022-11-15,-1,-1,0.0003396111515991,-0.0003396111515991,0.6354382665359558,hold
713,2022-11-16,-1,-1,-0.0035714963948192,0.0035714963948192,0.6377077320140192,hold
714,2022-11-17,0,-1,-0.0019761337135545,0.0019761337135545,0.6389679277626464,hold
715,2022-11-18,0,-1,-0.0080677295405768,0.0080677295405768,0.6441229481889383,hold
716,2022-11-21,0,-1,0.0046393301536886,-0.0046393301536886,0.6411346491727227,hold
717,2022-11-22,0,-1,0.0012634580983039,-0.0012634580983039,0.6403246024081222,hold
718,2022-11-23,-1,-1,0.0118709498898301,-0.0118709498898301,0.63272334113971,hold
719,2022-11-24,0,-1,0.0015500019600884,-0.0015500019600884,0.6317426187207498,hold
720,2022-11-25,0,-1,0.0027008413120686,-0.0027008413120686,0.6300363821575143,hold
721,2022-11-28,0,-1,0.0029791265437502,-0.0029791265437502,0.6281594240479005,hold
722,2022-11-29,0,-1,0.0075356346254191,-0.0075356346254191,0.6234258441417618,hold
723,2022-11-30,0,-1,0.0028867353340049,-0.0028867353340049,0.621626178729346,hold
724,2022-12-01,0,-1,-0.006187396179402,0.006187396179402,0.6254724261726321,hold
725,2022-12-02,0,-1,0.0002648237856262,-0.0002648237856262,0.6253067861969283,hold
726,2022-12-05,-1,-1,-0.0031175136590962,0.0031175136590962,0.6272561886440227,hold
727,2022-12-06,0,-1,-0.0044119027503989,0.0044119027503989,0.6300235819479059,hold
728,2022-12-07,0,-1,0.0026319123609277,-0.0026319123609277,0.6283654150949012,hold
729,2022-12-08,-1,-1,-0.0060587824059793,0.0060587824059793,0.632172544416404,hold
730,2022-12-09,0,-1,2.977743269738653e-05,-2.977743269738653e-05,0.6321537199410096,hold
731,2022-12-12,0,-1,0.0059927938646799,-0.0059927938646799,0.6283653530066126,hold
732,2022-12-13,0,-1,0.0028106610731943,-0.0028106610731943,0.6265992309691729,hold
733,2022-12-14,0,-1,-0.0131509343553336,0.0131509343553336,0.634839596322751,hold
734,2022-12-15,0,-1,-0.0079229530179417,0.0079229530179417,0.6398694006183452,hold
735,2022-12-16,0,-1,0.0082899566889265,-0.0082899566889265,0.6345649110006497,hold
736,2022-12-19,0,-1,-0.0019081205394395,0.0019081205394395,0.6357757373409377,hold
737,2022-12-20,0,-1,-0.0101277196435586,0.0101277196435586,0.6422146957649034,hold
738,2022-12-21,0,-1,-0.0039425027358517,0.0039425027358517,0.6447466289599607,hold
739,2022-12-22,0,-1,-0.0176831602541178,0.0176831602541178,0.656147786923162,hold
740,2022-12-23,0,-1,0.0116696328935068,-0.0116696328935068,0.6484907831258818,hold
741,2022-12-26,-1,-1,0.0065336546149905,-0.0065336546149905,0.6442537683279327,hold
742,2022-12-27,-1,-1,-0.0005405150382313,0.0005405150382313,0.6446019971781511,hold
743,2022-12-28,-1,-1,0.0037798317009243,-0.0037798317009243,0.642165510114738,hold
744,2022-12-29,-1,-1,-0.0047110779368918,0.0047110779368918,0.6451908018812723,hold
745,2022-12-30,0,-1,0.0050895833553579,-0.0050895833553579,0.6419070495149873,hold
746,2023-01-02,0,-1,0.0019289276248581,-0.0019289276248581,0.6406688572745868,hold
747,2023-01-03,-1,-1,-0.0103990694870288,0.0103990694870288,0.6473312172395606,hold
748,2023-01-04,0,-1,-0.0028154392892826,0.0028154392892826,0.6491537389817559,hold
749,2023-01-05,0,-1,-0.0073755037054461,0.0073755037054461,0.65394157478902,hold
750,2023-01-06,0,-1,0.0135362517084902,-0.0135362517084902,0.6450896570300294,hold
751,2023-01-09,0,-1,-0.0103335047509585,0.0103335047509585,0.6517556940657434,hold
752,2023-01-10,0,-1,-0.0010299775022909,0.0010299775022909,0.6524269877676211,hold
753,2023-01-11,-1,-1,-0.0020954755408891,0.0020954755408891,0.653794132562704,hold
754,2023-01-12,0,-1,0.0055100959183882,-0.0055100959183882,0.6501916641814041,hold
755,2023-01-13,0,-1,-0.0034388470725693,0.0034388470725693,0.6524275738823833,hold
756,2023-01-16,0,-1,0.0088545685118242,-0.0088545685118242,0.6466506092304385,hold
757,2023-01-17,0,-1,0.00620655632356,-0.00620655632356,0.6426371358025853,hold
758,2023-01-18,0,-1,-0.003165367099256,0.003165367099256,0.6446713182490149,hold
759,2023-01-19,0,-1,-0.0044289753051891,0.0044289753051891,0.6475265515975035,hold
760,2023-01-20,0,-1,0.0050422760956287,-0.0050422760956287,0.6442615439450985,hold
761,2023-01-23,0,-1,-1.3798013043020418e-05,1.3798013043020418e-05,0.6442704334742849,hold
762,2023-01-24,0,-1,-0.0124929796250122,0.0124929796250122,0.6523192908726769,hold
763,2023-01-25,0,-1,-0.0160742469061787,0.0160742469061787,0.6628048322158278,hold
764,2023-01-27,0,-1,0.0025334426073457,-0.0025334426073457,0.6611256542135375,hold
765,2023-01-30,0,-1,0.0007479862801675,-0.0007479862801675,0.660631141294719,hold
766,2023-01-31,0,-1,-0.0025959245256645,0.0025959245256645,0.6623460898768238,hold
767,2023-02-01,0,-1,-0.0003349392530399,0.0003349392530399,0.6625679355814209,hold
768,2023-02-02,0,-1,0.0138355963078902,-0.0138355963078902,0.6534009130981642,hold
769,2023-02-03,0,-1,-0.0050101331608701,0.0050101331608701,0.6566745386802201,hold
770,2023-02-06,0,-1,-0.0024261514654264,0.0024261514654264,0.6582677305745473,hold
771,2023-02-07,0,-1,0.0084755364246817,-0.0084755364246817,0.6526885584468702,hold
772,2023-02-08,0,-1,0.0012170079483646,-0.0012170079483646,0.6518942312834338,hold
773,2023-02-09,0,-1,-0.0020649578680046,0.0020649578680046,0.6532403654054293,hold
774,2023-02-10,0,-1,-0.0047937507000251,0.0047937507000251,0.6563718368643762,hold
775,2023-02-13,0,-1,0.0089443537049958,-0.0089443537049958,0.6505010149934634,hold
776,2023-02-14,0,-1,0.0047964707944361,-0.0047964707944361,0.6473809058732961,hold
777,2023-02-15,0,-1,0.0011101336008929,-0.0011101336008929,0.6466622265771097,hold
778,2023-02-16,0,-1,-0.0050815676893513,0.0050815676893513,0.6499482844536079,hold
779,2023-02-17,0,-1,-0.0055505184801407,0.0055505184801407,0.6535558344176033,hold
780,2023-02-20,0,-1,-0.001003126492992,0.001003126492992,0.6542114335897571,hold
781,2023-02-21,0,-1,-0.0152803631315826,0.0152803631315826,0.6642080218598417,hold
782,2023-02-22,0,-1,-0.0024524349779846,0.0024524349779846,0.6658369488453088,hold
783,2023-02-23,0,-1,-0.002595429723749,0.002595429723749,0.6675650818535122,hold
784,2023-02-24,0,-1,-0.0041854114458053,0.0041854114458053,0.6703591163879218,hold
785,2023-02-27,0,-1,-0.0051027157362857,0.0051027157362857,0.673779768400077,hold
786,2023-02-28,0,-1,0.008492348770636,-0.008492348770636,0.6680577956122252,hold
787,2023-03-01,0,-1,-0.0073921687198044,0.0073921687198044,0.6729961915519714,hold
788,2023-03-02,0,-1,0.0157285986298278,-0.0157285986298278,0.6624109045756478,hold
789,2023-03-03,0,-1,0.0066555236183669,-0.0066555236183669,0.6580022131551808,hold
790,2023-03-06,0,-1,0.0024250512391459,-0.0024250512391459,0.6564065240728081,hold
791,2023-03-08,0,-1,-0.0092822498999752,0.0092822498999752,0.662499453465226,hold
792,2023-03-09,0,-1,-0.010045664635585,0.010045664635585,0.669154700795996,hold
793,2023-03-10,0,-1,-0.0148510359316261,0.0148510359316261,0.6790923413013339,hold
794,2023-03-13,0,-1,-0.0064706805258611,0.0064706805258611,0.6834865308894539,hold
795,2023-03-14,0,-1,-0.0041746837386849,0.0041746837386849,0.6863398709955683,hold
796,2023-03-15,1,1,0.0007924286811309,0.0007924286811309,0.6861974065233533,flip
797,2023-03-16,-1,-1,0.0067381296219788,-0.0067381296219788,0.6808875220454098,flip
798,2023-03-17,-1,-1,-0.0065292432199922,0.0065292432199922,0.6853332022823021,hold
799,2023-03-20,0,-1,0.007010642946744,-0.007010642946744,0.6805285759015521,hold
800,2023-03-21,-1,-1,0.0025953757489405,-0.0025953757489405,0.6787623485391963,hold
801,2023-03-22,0,-1,-0.0043726933046436,0.0043726933046436,0.6817303681160977,hold
802,2023-03-23,0,-1,-0.0077209333285906,0.0077209333285906,0.6869939628363976,hold
803,2023-03-24,0,-1,0.0023988383407489,-0.0023988383407489,0.6853459753784825,hold
804,2023-03-27,0,-1,-0.0020016838613549,0.0020016838613549,0.6867178213568421,hold
805,2023-03-28,0,-1,0.0076098565893214,-0.0076098565893214,0.6814919972189852,hold
806,2023-03-29,0,-1,0.0163371989446239,-0.0163371989446239,0.6703583268812495,hold
807,2023-03-31,0,-1,0.0022062979737611,-0.0022062979737611,0.6688793166629575,hold
808,2023-04-03,0,-1,0.0091389548173612,-0.0091389548173612,0.6627664588097073,hold
809,2023-04-05,0,-1,0.0023978747854371,-0.0023978747854371,0.6611772278294941,hold
810,2023-04-06,-1,-1,0.001414863221935,-0.001414863221935,0.6602417524866572,hold
811,2023-04-10,-1,-1,0.0055747683219642,-0.0055747683219642,0.6565610576800563,hold
812,2023-04-11,0,-1,0.0050839679614469,-0.0050839679614469,0.6532231222980772,hold
813,2023-04-12,0,-1,0.0008757724412713,-0.0008757724412713,0.6526510474895674,hold
814,2023-04-13,-1,-1,-0.0067955121508301,0.0067955121508301,0.6570861456130347,hold
815,2023-04-17,-1,-1,-0.0026373533282438,0.0026373533282438,0.6588191139461101,hold
816,2023-04-18,-1,-1,-0.0023442830162407,0.0023442830162407,0.6603635724057089,hold
817,2023-04-19,0,-1,0.0003234746363958,-0.0003234746363958,0.6601499615392359,hold
818,2023-04-20,-1,-1,-2.260708945023282e-05,2.260708945023282e-05,0.660164885608467,hold
819,2023-04-21,-1,-1,0.0067719737565652,-0.0067719737565652,0.6556942663281206,hold
820,2023-04-24,0,-1,0.0014568576938982,-0.0014568576938982,0.6547390130913755,hold
821,2023-04-25,-1,-1,0.0024958627615121,-0.0024958627615121,0.6531048743700916,hold
822,2023-04-26,-1,-1,0.0056951528101938,-0.0056951528101938,0.6493853423094714,hold
823,2023-04-27,0,-1,0.0083700136036979,-0.0083700136036979,0.6439499781602991,hold
824,2023-04-28,0,-1,0.0045751669319125,-0.0045751669319125,0.6410037995144143,hold
825,2023-05-02,0,-1,-0.0031850283648763,0.0031850283648763,0.6430454147978611,hold
826,2023-05-03,0,-1,0.0091737176073036,-0.0091737176073036,0.6371462977538341,hold
827,2023-05-04,0,-1,-0.0102324068655403,0.0102324068655403,0.6436658379053241,hold
828,2023-05-05,0,-1,0.0108141231183243,-0.0108141231183243,0.6367051562871565,hold
829,2023-05-08,0,-1,8.480038171931881e-05,-8.480038171931881e-05,0.6366511634468607,hold
830,2023-05-09,-1,-1,0.0026908205008338,-0.0026908205008338,0.6349380494443781,hold
831,2023-05-10,0,-1,-0.0009882342854272,0.0009882342854272,0.6355655169939614,hold
832,2023-05-11,-1,-1,0.0009728797753729,-0.0009728797753729,0.6349471881565535,hold
833,2023-05-12,-1,-1,0.0045891205221868,-0.0045891205221868,0.6320333389848795,hold
834,2023-05-15,0,-1,-0.0061063388070606,0.0061063388070606,0.635892748690079,hold
835,2023-05-16,0,-1,-0.0057282694884204,0.0057282694884204,0.6395353137203081,hold
836,2023-05-17,0,-1,-0.0028490536527011,0.0028490536527011,0.6413573841418942,hold
837,2023-05-18,0,-1,0.0040513721791914,-0.0040513721791914,0.6387590066788629,hold
838,2023-05-19,0,-1,0.0060977618257063,-0.0060977618257063,0.6348640063921104,hold
839,2023-05-22,0,-1,0.0018346005688616,-0.0018346005688616,0.6336992845248336,hold
840,2023-05-23,0,-1,-0.0034117947119577,0.0034117947119577,0.6358613363927468,hold
841,2023-05-24,0,-1,0.0019551116867164,-0.0019551116867164,0.6346181564628343,hold
842,2023-05-25,0,-1,0.0097264208278746,-0.0097264208278746,0.6284455932080668,hold
843,2023-05-26,0,-1,0.0053677985089635,-0.0053677985089635,0.6250722238898798,hold
844,2023-05-29,0,-1,0.0018925684396833,-0.0018925684396833,0.6238892319264232,hold
845,2023-05-30,0,-1,-0.0053370195013254,0.0053370195013254,0.6272189409238814,hold
846,2023-05-31,0,-1,-0.0025169624936233,0.0025169624936233,0.6287976274734769,hold
847,2023-06-01,-1,-1,0.0025070443604549,-0.0025070443604549,0.6272212039276521,hold
848,2023-06-02,-1,-1,0.0032237875731377,-0.0032237875731377,0.6251991760048217,hold
849,2023-06-05,-1,-1,0.0002769943144211,-0.0002769943144211,0.6250259993876875,hold
850,2023-06-06,0,-1,0.0068498516385289,-0.0068498516385289,0.6207446640216586,hold
851,2023-06-07,0,-1,-0.0049048192636628,0.0049048192636628,0.6237893044075679,hold
852,2023-06-08,0,-1,-0.0038181972541345,0.0038181972541345,0.6261710550168152,hold
853,2023-06-09,0,-1,0.0020524046550352,-0.0020524046550352,0.6248858986286504,hold
854,2023-06-12,0,-1,0.0061635024393194,-0.0061635024393194,0.6210344128681564,hold
855,2023-06-13,0,-1,0.0021238341844009,-0.0021238341844009,0.6197154387524177,hold
856,2023-06-14,-1,-1,-0.0036149041015322,0.0036149041015322,0.6219556506337466,hold
857,2023-06-15,0,-1,0.007379048352023,-0.007379048352023,0.6173662098149063,hold
858,2023-06-16,0,-1,-0.0037475183921172,0.0037475183921172,0.6196798010408593,hold
859,2023-06-19,0,-1,0.0032657175674986,-0.0032657175674986,0.6176561018283762,hold
860,2023-06-20,0,-1,0.002133763746672,-0.002133763746672,0.616338169630384,hold
861,2023-06-21,0,-1,-0.0045394438174043,0.0045394438174043,0.6191360021239429,hold
862,2023-06-22,0,-1,-0.0056336152360657,0.0056336152360657,0.6226239761387051,hold
863,2023-06-23,0,-1,0.0013768299134766,-0.0013768299134766,0.6217667288235096,hold
864,2023-06-26,0,-1,0.0067519034171119,-0.0067519034171119,0.6175686199225197,hold
865,2023-06-27,0,-1,0.0082210728123248,-0.0082210728123248,0.6124915433315297,hold
866,2023-06-28,0,-1,0.0114352747635688,-0.0114352747635688,0.6054875342431714,hold
867,2023-06-30,0,-1,0.0069570924336936,-0.0069570924336936,0.6012751014999924,hold
868,2023-07-03,0,-1,0.0034389465191355,-0.0034389465191355,0.5992073485826462,hold
869,2023-07-04,0,-1,0.0004899685388621,-0.0004899685388621,0.5989137558335857,hold
870,2023-07-05,0,-1,0.0050932175812563,-0.0050932175812563,0.5958633577627179,hold
871,2023-07-06,0,-1,-0.0084883544577184,0.0084883544577184,0.6009212571517741,hold
872,2023-07-07,0,-1,0.0012466303397029,-0.0012466303397029,0.6001721304808364,hold
873,2023-07-10,-1,-1,0.0043139300324381,-0.0043139300324381,0.5975830299025228,hold
874,2023-07-11,-1,-1,-0.0028344294714754,0.0028344294714754,0.5992768368541321,hold
875,2023-07-12,0,-1,0.0015192303855748,-0.0015192303855748,0.5983663972742121,hold
876,2023-07-13,0,-1,0.0077651149314275,-0.0077651149314275,0.5937200134282736,hold
877,2023-07-14,0,-1,0.0075110132510414,-0.0075110132510414,0.5892605745400054,hold
878,2023-07-17,0,-1,0.0019177068530324,-0.0019177068530324,0.5881305454979882,hold
879,2023-07-18,-1,-1,0.0042482823714824,-0.0042482823714824,0.5856320008694187,hold
880,2023-07-19,0,-1,0.0073614124394989,-0.0073614124394989,0.5813209221732499,hold
881,2023-07-20,0,-1,-0.011719737128305,0.011719737128305,0.5881338505683044,hold
882,2023-07-21,-1,-1,-0.0036794322929856,0.0036794322929856,0.5902978492506834,hold
883,2023-07-24,0,-1,0.0004193703428323,-0.0004193703428323,0.5900502958392699,hold
884,2023-07-25,-1,-1,0.0049643391875346,-0.0049643391875346,0.5871210860330187,hold
885,2023-07-26,0,-1,-0.0059863783008722,0.0059863783008722,0.5906358149624313,hold
886,2023-07-27,0,-1,-0.0007044597937843,0.0007044597937843,0.5910518941468413,hold
887,2023-07-28,-1,-1,0.0054845628365591,-0.0054845628365591,0.5878102328937257,hold
888,2023-07-31,0,-1,-0.0010251191770254,0.0010251191770254,0.5884128084359168,hold
889,2023-08-01,-1,-1,-0.0104897492749598,0.0104897492749598,0.5945851112665845,hold
890,2023-08-02,0,-1,-0.0074206854169113,0.0074206854169113,0.598997340330873,hold
891,2023-08-03,0,-1,0.0069833892701145,-0.0069833892701145,0.5948143087315793,hold
892,2023-08-04,0,-1,0.0041144018676027,-0.0041144018676027,0.5923670036288572,hold
893,2023-08-07,0,-1,-0.0013497354646058,0.0013497354646058,0.5931665423817173,hold
894,2023-08-08,0,-1,0.0031527078847637,-0.0031527078847637,0.5912964615465724,hold
895,2023-08-09,0,-1,-0.0045562684580157,0.0045562684580157,0.5939905669636534,hold
896,2023-08-10,0,-1,-0.0058741361615907,0.0058741361615907,0.5974797484326982,hold
897,2023-08-11,0,-1,0.0003216956578122,-0.0003216956578122,0.5972875417919967,hold
898,2023-08-14,-1,-1,0.0015667570139761,-0.0015667570139761,0.5963517373465336,hold
899,2023-08-16,1,1,-0.0051245825841254,-0.0051245825841254,0.5926993318819681,flip
900,2023-08-17,0,1,-0.0028452826260957,-0.0028452826260957,0.5910129347704658,hold
901,2023-08-18,1,1,0.0043215209131937,0.0043215209131937,0.5935670095280443,hold
902,2023-08-21,0,1,0.0001469355577301,0.0001469355577301,0.5936542256276396,hold
903,2023-08-22,0,1,0.0024515199000461,0.0024515199000461,0.5951095807755122,hold
904,2023-08-23,0,1,-0.0029469646806212,-0.0029469646806212,0.5933558138598676,hold
905,2023-08-24,0,1,-0.0062361537740819,-0.0062361537740819,0.5896555557618919,hold
906,2023-08-25,0,1,0.0020891942389009,0.0020891942389009,0.5908874607519256,hold
907,2023-08-28,0,1,0.001895758474361,0.001895758474361,0.5920076406630397,hold
908,2023-08-29,0,1,0.0002480956863764,0.0002480956863764,0.5921545152049901,hold
909,2023-08-30,0,1,-0.0048403506033882,-0.0048403506033882,0.5892882797400185,hold
910,2023-08-31,0,1,0.0094267101889176,0.0094267101889176,0.5948433295708535,hold
911,2023-09-01,0,1,0.0048108337016425,0.0048108337016425,0.5977050219079503,hold
912,2023-09-04,0,1,0.0023605960187407,0.0023605960187407,0.5991159620030475,hold
913,2023-09-05,0,1,0.0018467726478093,0.0018467726478093,0.6002223929745407,hold
914,2023-09-06,0,1,0.0059150323607803,0.0059150323607803,0.6037727278526501,hold
915,2023-09-07,0,1,0.004709190366575,0.004709190366575,0.6066160085662545,hold
916,2023-09-08,0,1,0.0089001434200508,0.0089001434200508,0.612014978043393,hold
917,2023-09-11,0,1,-0.0001575482868895,-0.0001575482868895,0.6119185561320515,hold
918,2023-09-12,0,1,0.0038413452699443,0.0038413452699443,0.6142691465832405,hold
919,2023-09-13,0,1,0.0016492082399102,0.0016492082399102,0.6152822043213082,hold
920,2023-09-14,0,1,0.0044396138771742,0.0044396138771742,0.6180138197339915,hold
921,2023-09-15,0,1,-0.0029243168460981,-0.0029243168460981,0.616206551509822,hold
922,2023-09-18,-1,-1,-0.011518249945432,0.011518249945432,0.622687966036615,flip
923,2023-09-20,0,-1,-0.0079919391664983,0.0079919391664983,0.6276644503808901,hold
924,2023-09-21,0,-1,-0.0034494176591149,0.0034494176591149,0.6298295272200326,hold
925,2023-09-22,-1,-1,1.5288066889551644e-05,-1.5288066889551644e-05,0.6298198983440915,hold
926,2023-09-25,-1,-1,-0.0005007261720755,0.0005007261720755,0.6301352656508863,hold
927,2023-09-26,-1,-1,0.0026316191986632,-0.0026316191986632,0.6284769895880447,hold
928,2023-09-27,0,-1,-0.0097836296667737,0.0097836296667737,0.6346257757082628,hold
929,2023-09-28,0,-1,0.0058775169171687,-0.0058775169171687,0.6308957519754662,hold
930,2023-09-29,0,-1,-0.0055784246544688,0.0055784246544688,0.6344151563926858,hold
931,2023-10-03,0,-1,-0.0047443072713306,0.0047443072713306,0.637425016832202,hold
932,2023-10-04,0,-1,0.0056415841052857,-0.0056415841052857,0.6338289299889299,hold
933,2023-10-05,-1,-1,0.0055127073660514,-0.0055127073660514,0.6303348165777635,hold
934,2023-10-06,0,-1,-0.0071819467588469,0.0071819467588469,0.6348618476706726,hold
935,2023-10-09,0,-1,0.0090968029762401,-0.0090968029762401,0.6290866345252807,hold
936,2023-10-10,0,-1,0.0061706921287072,-0.0061706921287072,0.6252047345813406,hold
937,2023-10-11,0,-1,-0.0008757409120068,0.0008757409120068,0.6257522519457939,hold
938,2023-10-12,-1,-1,-0.002169809980297,0.002169809980297,0.6271100154272591,hold
939,2023-10-13,0,-1,-0.0009772027556287,0.0009772027556287,0.6277228290624169,hold
940,2023-10-16,-1,-1,0.0040417094276989,-0.0040417094276989,0.6251857557862136,hold
941,2023-10-17,0,-1,-0.0070868127413371,0.0070868127413371,0.6296163301660218,hold
942,2023-10-18,0,-1,-0.0023588102112444,0.0023588102112444,0.6311014755947837,hold
943,2023-10-19,0,-1,-0.0041808960845935,0.0041808960845935,0.6337400452830791,hold
944,2023-10-20,1,1,-0.0133503074255556,-0.0133503074255556,0.6246456808053814,flip
945,2023-10-23,0,1,-0.008277236732921,-0.008277236732921,0.6194753406311586,hold
946,2023-10-25,0,1,-0.0138530649123475,-0.0138530649123475,0.6108937085257966,hold
947,2023-10-26,0,1,0.0100757003274603,0.0100757003274603,0.6170488904648335,hold
948,2023-10-27,-1,-1,0.0049167407696648,-0.0049167407696648,0.6133979721377438,flip
949,2023-10-30,-1,-1,-0.0032026069828995,0.0032026069828995,0.6153624447666085,hold
950,2023-10-31,1,1,-0.0047406245729368,-0.0047406245729368,0.6118298799949189,flip
951,2023-11-01,0,1,0.0075885232572669,0.0075885232572669,0.6164727652687512,hold
952,2023-11-02,0,1,0.0050879808383312,0.0050879808383312,0.6196093668857917,hold
953,2023-11-03,-1,-1,0.0094199033989916,-0.0094199033989916,0.6131530971377315,flip
954,2023-11-06,0,-1,-0.0002601919584787,0.0002601919584787,0.613312634642923,hold
955,2023-11-07,0,-1,0.0018962926582819,-0.0018962926582819,0.6121496143966181,hold
956,2023-11-08,0,-1,-0.002478937369815,0.002478937369815,0.6136670949516637,hold
957,2023-11-09,0,-1,0.0015492839458333,-0.0015492839458333,0.6127163503733689,hold
958,2023-11-10,0,-1,0.0009369804014345,-0.0009369804014345,0.6121422471614306,hold
959,2023-11-13,0,-1,0.0119267535086042,-0.0119267535086042,0.6048413774673331,hold
960,2023-11-15,0,-1,0.0045615222809993,-0.0045615222809993,0.6020823800475456,hold
961,2023-11-16,0,-1,-0.0016897597201204,0.0016897597201204,0.6030997546015441,hold
962,2023-11-17,0,-1,-0.0019157289123818,0.0019157289123818,0.6042551302384847,hold
963,2023-11-20,0,-1,0.004539473475424,-0.004539473475424,0.6015121301023781,hold
964,2023-11-21,0,-1,0.0014380348265852,-0.0014380348265852,0.6006471347106774,hold
965,2023-11-22,-1,-1,-0.0004971574875239,0.0004971574875239,0.6009457509310586,hold
966,2023-11-23,-1,-1,-0.0003686890844358,0.0003686890844358,0.601167313069765,hold
967,2023-11-24,-1,-1,0.0047992646389904,-0.0047992646389904,0.5982821520420324,hold
968,2023-11-28,0,-1,0.0104023891135545,-0.0104023891135545,0.5920585882967964,hold
969,2023-11-29,0,-1,0.0018187545137213,-0.0018187545137213,0.5909817790669442,hold
970,2023-11-30,0,-1,0.0066929416105065,-0.0066929416105065,0.5870263725267758,hold
971,2023-12-01,0,-1,0.0206681690037693,-0.0206681690037693,0.5748936122497228,hold
972,2023-12-04,-1,-1,0.0081355657602475,-0.0081355657602475,0.5702165274621189,hold
973,2023-12-05,0,-1,0.0039606432442005,-0.0039606432442005,0.5679581032248946,hold
974,2023-12-06,-1,-1,-0.001745599062397,0.001745599062397,0.5689495303573647,hold
975,2023-12-07,-1,-1,0.0032653705047074,-0.0032653705047074,0.5670916993422687,hold
976,2023-12-08,-1,-1,0.0013209351833629,-0.0013209351833629,0.5663426079644144,hold
977,2023-12-11,0,-1,-0.0043196070141755,0.0043196070141755,0.5687889854662039,hold
978,2023-12-12,-1,-1,0.0009542158562574,-0.0009542158562574,0.5682462379974075,hold
979,2023-12-13,-1,-1,0.0122500872899569,-0.0122500872899569,0.5612851719797496,hold
980,2023-12-14,0,-1,0.0129327792008919,-0.0129327792008919,0.5540261947818008,hold
981,2023-12-15,0,-1,-0.0017710126840955,0.0017710126840955,0.5550073822000806,hold
982,2023-12-18,0,-1,0.0016083748565725,-0.0016083748565725,0.5541147222813378,hold
983,2023-12-19,-1,-1,-0.0141214660942333,0.0141214660942333,0.5619396345443493,hold
984,2023-12-20,-1,-1,0.0049597940765233,-0.0049597940765233,0.5591525296735725,hold
985,2023-12-21,-1,-1,0.0044389265566107,-0.0044389265566107,0.5566704926604085,hold
986,2023-12-22,0,-1,0.0043068759341071,-0.0043068759341071,0.5542729819123419,hold
987,2023-12-26,0,-1,0.0099527499207277,-0.0099527499207277,0.5487564415355523,hold
988,2023-12-27,-1,-1,0.0057238813077962,-0.0057238813077962,0.5456154247973142,hold
989,2023-12-28,0,-1,-0.0021717930740454,0.0021717930740454,0.5468003885979814,hold
990,2023-12-29,-1,-1,0.0004831718072126,-0.0004831718072126,0.5465361900660379,hold
991,2024-01-01,-1,-1,-0.003500136051024,0.003500136051024,0.5484491410880774,hold
992,2024-01-02,-1,-1,-0.0068518663756694,0.0068518663756694,0.5522070413166635,hold
993,2024-01-03,0,-1,0.0065644701863494,-0.0065644701863494,0.548582094657248,hold
994,2024-01-04,0,-1,0.0024101822286055,-0.0024101822286055,0.547259911841774,hold
995,2024-01-05,-1,-1,-0.009110708685643,0.009110708685643,0.5522458374738951,hold
996,2024-01-08,0,-1,0.0014804820050666,-0.0014804820050666,0.5514282474491421,hold
997,2024-01-09,-1,-1,0.0034277152411805,-0.0034277152411805,0.5495381084409432,hold
998,2024-01-10,0,-1,0.0013183031833516,-0.0013183031833516,0.5488136506032125,hold
999,2024-01-11,-1,-1,0.0114264926377058,-0.0114264926377058,0.5425426354651225,hold
1000,2024-01-12,0,-1,0.0092670746948486,-0.0092670746948486,0.5375148523371273,hold
1001,2024-01-15,0,-1,-0.0029482333845447,0.0029482333845447,0.5390995715694762,hold
1002,2024-01-16,0,-1,-0.0208943935120824,0.0208943935120824,0.5503637301600439,hold
1003,2024-01-17,0,-1,-0.0050852715087356,0.0050852715087356,0.5531624791564682,hold
1004,2024-01-18,0,-1,0.0074619571864553,-0.0074619571864553,0.5490348044198492,hold
1005,2024-01-19,0,-1,-0.0177408429427344,0.0177408429427344,0.5587751446551567,hold
1006,2024-01-23,0,-1,0.0101299710711508,-0.0101299710711508,0.5531147686045218,hold
1007,2024-01-24,0,-1,-0.0047240537554001,0.0047240537554001,0.5557277125043152,hold
1008,2024-01-25,0,-1,0.0180305914522447,-0.0180305914522447,0.5457076131614593,hold
1009,2024-01-29,0,-1,-0.0099136981024832,0.0099136981024832,0.5511175936905687,hold
1010,2024-01-30,0,-1,0.0094600254190029,-0.0094600254190029,0.5459040072453961,hold
1011,2024-01-31,0,-1,-0.0013003033741542,0.0013003033741542,0.5466138480679815,hold
1012,2024-02-01,-1,-1,0.0072059881750932,-0.0072059881750932,0.5426749551424614,hold
1013,2024-02-02,0,-1,-0.0037568550808078,0.0037568550808078,0.5447137063049156,hold
1014,2024-02-05,0,-1,0.0072434021015312,-0.0072434021015312,0.5407681258999337,hold
1015,2024-02-06,0,-1,5.014315737827957e-05,-5.014315737827957e-05,0.5407410100786916,hold
1016,2024-02-07,-1,-1,-0.0096920171108729,0.0096920171108729,0.545981881200925,hold
1017,2024-02-08,0,-1,0.0029722318898448,-0.0029722318898448,0.5443590964423421,hold
1018,2024-02-09,0,-1,-0.0076414194307357,0.0076414194307357,0.5485187726191944,hold
1019,2024-02-12,0,-1,0.0058844800115076,-0.0058844800115076,0.54529102486578,hold
1020,2024-02-13,0,-1,0.0044519922849619,-0.0044519922849619,0.5428633934300185,hold
1021,2024-02-14,0,-1,0.0032371361888359,-0.0032371361888359,0.541106070693552,hold
1022,2024-02-15,0,-1,0.0059308430222606,-0.0059308430222606,0.5378968555298763,hold
1023,2024-02-16,0,-1,0.0037000088082788,-0.0037000088082788,0.5359066324264703,hold
1024,2024-02-19,0,-1,0.003376655573009,-0.003376655573009,0.5340970603094749,hold
1025,2024-02-20,0,-1,-0.00639270001033,0.00639270001033,0.5375113825924326,hold
1026,2024-02-21,0,-1,0.0073633218581414,-0.0073633218581414,0.5335535132799899,hold
1027,2024-02-22,0,-1,-0.0002137959201901,0.0002137959201901,0.5336675848443322,hold
1028,2024-02-23,-1,-1,-0.0040809285088362,0.0040809285088362,0.5358454441055651,hold
1029,2024-02-26,0,-1,0.0034489943486464,-0.0034489943486464,0.5339973161970971,hold
1030,2024-02-27,-1,-1,-0.0111359278099485,0.0111359278099485,0.5399438717609742,hold
1031,2024-02-28,0,-1,0.0014418556686905,-0.0014418556686905,0.539165350628701,hold
1032,2024-02-29,0,-1,0.0161921687000685,-0.0161921687000685,0.5304350943140895,hold
1033,2024-03-01,0,-1,0.0029925402887358,-0.0029925402887358,0.5288477459237952,hold
1034,2024-03-04,0,-1,-0.0022002905070378,0.0022002905070378,0.5300113645988197,hold
1035,2024-03-05,-1,-1,0.0052669715420341,-0.0052669715420341,0.527219809824523,hold
1036,2024-03-06,0,-1,0.000867667346212,-0.000867667346212,0.5267623584112622,hold
1037,2024-03-07,0,-1,-0.0071531788017711,0.0071531788017711,0.5305303837470206,hold
1038,2024-03-11,0,-1,0.000136518866846,-0.000136518866846,0.5304579563402041,hold
1039,2024-03-12,-1,-1,-0.0151327252704165,0.0151327252704165,0.538485230861007,hold
1040,2024-03-13,0,-1,0.0067712159528048,-0.0067712159528048,0.5348390310754512,hold
1041,2024-03-14,0,-1,-0.0055674686273187,0.0055674686273187,0.5378167306016293,hold
1042,2024-03-15,0,-1,0.0014688778023679,-0.0014688778023679,0.5370267435443065,hold
1043,2024-03-18,0,-1,-0.0108021966402886,0.0108021966402886,0.542827812029166,hold
1044,2024-03-19,0,-1,0.0009923428906801,-0.0009923428906801,0.5422891407090354,hold
1045,2024-03-20,-1,-1,0.0079146856998078,-0.0079146856998078,0.5379970926019045,hold
1046,2024-03-21,0,-1,0.0038524885010076,-0.0038524885010076,0.5359244649890802,hold
1047,2024-03-22,-1,-1,-0.0041658063402989,0.0041658063402989,0.538157022523253,hold
1048,2024-03-26,0,-1,0.0054057167831516,-0.0054057167831516,0.5352478980746281,hold
1049,2024-03-27,0,-1,0.0091870010785439,-0.0091870010785439,0.5303305750577282,hold
1050,2024-03-28,0,-1,0.0060509791780918,-0.0060509791780918,0.5271215557905484,hold
1051,2024-04-01,0,-1,-0.0003872860275131,0.0003872860275131,0.5273257026039071,hold
1052,2024-04-02,0,-1,-0.0008306302403686,0.0008306302403686,0.5277637152790136,hold
1053,2024-04-03,-1,-1,0.0035659124883635,-0.0035659124883635,0.525881756055795,hold
1054,2024-04-04,0,-1,-4.224679746289706e-05,4.224679746289706e-05,0.5259039728758326,hold
1055,2024-04-05,-1,-1,0.0067781647528144,-0.0067781647528144,0.5223393091035206,hold
1056,2024-04-08,0,-1,-0.0010390218270411,0.0010390218270411,0.5228820310468006,hold
1057,2024-04-09,-1,-1,0.0049044741142307,-0.0049044741142307,0.5203175696607353,hold
1058,2024-04-10,0,-1,-0.0103015928142499,0.0103015928142499,0.5256776693974803,hold
1059,2024-04-12,0,-1,-0.010963897188301,0.010963897188301,0.5314411453189399,hold
1060,2024-04-15,0,-1,-0.005594325260972,0.005594325260972,0.5344141999429176,hold
1061,2024-04-16,0,-1,-0.0068652458503182,0.0068652458503182,0.5380830848114269,hold
1062,2024-04-18,0,-1,0.0068717686886063,-0.0068717686886063,0.534385502317351,hold
1063,2024-04-19,0,-1,0.0085519659829773,-0.0085519659829773,0.5298154556797369,hold
1064,2024-04-22,0,-1,0.0014147135985376,-0.0014147135985376,0.5290659185498713,hold
1065,2024-04-23,-1,-1,0.0015379287654238,-0.0015379287654238,0.528252252854928,hold
1066,2024-04-24,0,-1,0.0074969296067168,-0.0074969296067168,0.5242919829006851,hold
1067,2024-04-25,0,-1,-0.0066636269808832,0.0066636269808832,0.527785669103803,hold
1068,2024-04-26,0,-1,0.0099666225688024,-0.0099666225688024,0.5225254285426225,hold
1069,2024-04-29,0,-1,-0.0017025173156396,0.0017025173156396,0.5234150371325783,hold
1070,2024-04-30,-1,-1,0.001917712797214,-0.001917712797214,0.522411277417615,hold
1071,2024-05-02,0,-1,-0.0076098592965534,0.0076098592965534,0.5263867537336957,hold
1072,2024-05-03,0,-1,-0.0014749338156797,0.0014749338156797,0.5271631393569034,hold
1073,2024-05-06,-1,-1,-0.006246985595782,0.006246985595782,0.5304563198950932,hold
1074,2024-05-07,0,-1,0.0,-0.0,0.5304563198950932,hold
1075,2024-05-08,-1,-1,-0.0154691178119045,0.0154691178119045,0.5386620112016197,hold
1076,2024-05-09,0,-1,0.004449469144939,-0.004449469144939,0.5362652512032273,hold
1077,2024-05-10,0,-1,0.0022149680905385,-0.0022149680905385,0.5350774407837476,hold
1078,2024-05-13,-1,-1,0.0051483245877055,-0.0051483245877055,0.5323226884390341,hold
1079,2024-05-14,0,-1,-0.0007786004689536,0.0007786004689536,0.5327371551338873,hold
1080,2024-05-15,-1,-1,0.0091573776762647,-0.0091573776762647,0.5278586798021475,hold
1081,2024-05-16,0,-1,0.002778540343975,-0.002778540343975,0.5263920031643999,hold
1082,2024-05-17,0,-1,0.0028020516676037,-0.0028020516676037,0.5249170255741199,hold
1083,2024-05-21,0,-1,0.00305161547495,-0.00305161547495,0.5233151806558132,hold
1084,2024-05-22,0,-1,0.016366619608483,-0.016366619608483,0.514750280158675,hold
1085,2024-05-23,0,-1,-0.0004593757337192,0.0004593757337192,0.5149867439463051,hold
1086,2024-05-24,-1,-1,-0.0010737589261899,0.0010737589261899,0.515539715559487,hold
1087,2024-05-27,-1,-1,-0.0019317094176221,0.0019317094176221,0.5165355884831915,hold
1088,2024-05-28,0,-1,-0.008015115627261,0.008015115627261,0.5206756809504796,hold
1089,2024-05-29,-1,-1,-0.0095155996581792,0.0095155996581792,0.5256302222821542,hold
1090,2024-05-30,0,-1,0.0018697799732139,-0.0018697799732139,0.5246474094192151,hold
1091,2024-05-31,-1,-1,0.0325423176953527,-0.0325423176953527,0.5075741667438513,hold
1092,2024-06-03,0,-1,-0.0592935994164107,0.0592935994164107,0.5376700660608796,hold
1093,2024-06-04,0,-1,0.0336242367600356,-0.0336242367600356,0.5195913204608646,hold
1094,2024-06-05,0,-1,0.0088880492442378,-0.0088880492442378,0.5149731672177299,hold
1095,2024-06-06,0,-1,0.0205399314668071,-0.0205399314668071,0.5043956536558332,hold
1096,2024-06-07,-1,-1,-0.0013289382574128,0.0013289382574128,0.5050659643368491,hold
1097,2024-06-10,-1,-1,0.0002429314342191,-0.0002429314342191,0.5049432679377576,hold
1098,2024-06-11,-1,-1,0.0024973129141392,-0.0024973129141392,0.503682266593829,hold
1099,2024-06-12,-1,-1,0.003256499474515,-0.003256499474515,0.5020420255573437,hold
1100,2024-06-13,-1,-1,0.0028505279152657,-0.0028505279152657,0.5006109407488559,hold
1101,2024-06-14,-1,-1,0.0039334507869606,-0.0039334507869606,0.49864181225000626,hold
1102,2024-06-18,0,-1,-0.0017786131162043,0.0017786131162043,0.499528703117562,hold
1103,2024-06-19,0,-1,0.0021687361796223,-0.0021687361796223,0.49844535714635113,hold
1104,2024-06-20,-1,-1,-0.0027962995130903,0.0027962995130903,0.49983915965584164,hold
1105,2024-06-21,-1,-1,0.001563756616109,-0.001563756616109,0.49905753286293947,hold
1106,2024-06-24,-1,-1,0.0077938798539154,-0.0077938798539154,0.4951679384116143,hold
1107,2024-06-25,-1,-1,0.0062180401218379,-0.0062180401218379,0.4920889643035231,hold
1108,2024-06-26,0,-1,0.0073610408985447,-0.0073610408985447,0.48846667731156235,hold
1109,2024-06-27,0,-1,-0.0014099020825968,0.0014099020825968,0.4891553674971831,hold
1110,2024-06-28,-1,-1,0.0054704843490753,-0.0054704843490753,0.4864794507150236,hold
1111,2024-07-01,0,-1,-0.0007497161563467,0.0007497161563467,0.4868441722189553,hold
1112,2024-07-02,-1,-1,0.0067423066077227,-0.0067423066077227,0.4835617195396722,hold
1113,2024-07-03,0,-1,0.0006444070008029,-0.0006444070008029,0.48325010898228055,hold
1114,2024-07-04,-1,-1,0.0008928929498506,-0.0008928929498506,0.4828186183669557,hold
1115,2024-07-05,0,-1,-0.0001356211363734,0.0001356211363734,0.4828840987766409,hold
1116,2024-07-08,-1,-1,0.0046318209860134,-0.0046318209860134,0.48064746607411507,hold
1117,2024-07-09,0,-1,-0.0044509111977667,0.0044509111977667,0.48278678526304253,hold
1118,2024-07-10,-1,-1,-0.0003494426502141,0.0003494426502141,0.48295549155677325,hold
1119,2024-07-11,-1,-1,0.007657573644356,-0.007657573644356,0.4792572243132311,hold
1120,2024-07-12,0,-1,0.0034506697076412,-0.0034506697076412,0.4776034659271252,hold
1121,2024-07-15,0,-1,0.0010697158254551,-0.0010697158254551,0.47709256594133076,hold
1122,2024-07-16,-1,-1,0.0076321297434283,-0.0076321297434283,0.4734513335784414,hold
1123,2024-07-18,0,-1,-0.0108846762510892,0.0108846762510892,0.47860469806508915,hold
1124,2024-07-19,-1,-1,-0.0008825762723847,0.0008825762723847,0.4790271032154533,hold
1125,2024-07-22,-1,-1,-0.0012321559717249,0.0012321559717249,0.4796173393212983,hold
1126,2024-07-23,-1,-1,-0.0026778318259059,0.0026778318259059,0.48090167389678923,hold
1127,2024-07-24,0,-1,-0.0003031269840456,0.0003031269840456,0.48104744817082007,hold
1128,2024-07-25,-1,-1,0.0175673297602745,-0.0175673297602745,0.4725967290184647,hold
1129,2024-07-26,0,-1,5.03324972633834e-05,-5.03324972633834e-05,0.4725729420448947,hold
1130,2024-07-29,0,-1,0.0008536433743,-0.0008536433743,0.4721695332840446,hold
1131,2024-07-30,0,-1,0.0037755350108565,-0.0037755350108565,0.4703868406800709,hold
1132,2024-07-31,-1,-1,0.0023946791656728,-0.0023946791656728,0.4692604151128877,hold
1133,2024-08-01,-1,-1,-0.0117229354919546,0.0117229354919546,0.4747615246881839,hold
1134,2024-08-02,0,-1,-0.0267864578946228,0.0267864578946228,0.4874787042792309,hold
1135,2024-08-05,0,-1,-0.0026209626510589,0.0026209626510589,0.48875636775633335,hold
1136,2024-08-06,0,-1,0.0127101624804444,-0.0127101624804444,0.4825441949087985,hold
1137,2024-08-07,-1,-1,-0.007428747813561,0.007428747813561,0.48612889404167386,hold
1138,2024-08-08,0,-1,0.0103868640378157,-0.0103868640378157,0.4810795393144093,hold
1139,2024-08-09,-1,-1,-0.0008412844977941,0.0008412844977941,0.4814842640730404,hold
1140,2024-08-12,-1,-1,-0.0085431469996303,0.0085431469996303,0.4855976549190252,hold
1141,2024-08-13,0,-1,0.0001967769998756,-0.0001967769998756,0.48550210046934356,hold
1142,2024-08-14,-1,-1,0.0164597624902924,-0.0164597624902924,0.4775108512070801,hold
1143,2024-08-16,0,-1,0.0012835584110202,-0.0012835584110202,0.4768979381376598,hold
1144,2024-08-19,-1,-1,0.0051357593399101,-0.0051357593399101,0.47444870509768544,hold
1145,2024-08-20,0,-1,0.0028887826964991,-0.0028887826964991,0.47307812588802284,hold
1146,2024-08-21,-1,-1,0.0016673576536574,-0.0016673576536574,0.4722893354540455,hold
1147,2024-08-22,-1,-1,0.0004695560778267,-0.0004695560778267,0.4720675691260903,hold
1148,2024-08-23,-1,-1,0.007551387144671,-0.007551387144671,0.4685028041531755,hold
1149,2024-08-26,0,-1,0.000285894410237,-0.000285894410237,0.4683688618202878,hold
1150,2024-08-27,0,-1,0.0013830024432652,-0.0013830024432652,0.467721106540041,hold
1151,2024-08-28,0,-1,0.0039756594063229,-0.0039756594063229,0.4658616067232893,hold
1152,2024-08-29,0,-1,0.0033377600735777,-0.0033377600735777,0.4643066724525556,hold
1153,2024-08-30,0,-1,0.0016959501132323,-0.0016959501132323,0.46351923149883517,hold
1154,2024-09-02,0,-1,4.550829989491412e-05,-4.550829989491412e-05,0.46349813752664104,hold
1155,2024-09-03,0,-1,-0.0032100820170585,0.0032100820170585,0.4649860045628554,hold
1156,2024-09-04,-1,-1,-0.0021270784221717,0.0021270784221717,0.4659750662597728,hold
1157,2024-09-05,0,-1,-0.0116503502989019,0.0116503502989019,0.47140383901225313,hold
1158,2024-09-06,0,-1,0.0033900486950126,-0.0033900486950126,0.4698057570429857,hold
1159,2024-09-09,-1,-1,0.0041986500501236,-0.0041986500501236,0.4678332070776288,hold
1160,2024-09-10,-1,-1,-0.0048979634496194,0.0048979634496194,0.4701246370264133,hold
1161,2024-09-11,0,-1,0.0188796328272711,-0.0188796328272711,0.4612488564963005,hold
1162,2024-09-12,0,-1,-0.0012761636040355,0.0012761636040355,0.46183748549936404,hold
1163,2024-09-13,-1,-1,0.0010746751326089,-0.0010746751326089,0.4613411602383912,hold
1164,2024-09-16,0,-1,0.0013709866056039,-0.0013709866056039,0.4607086676870906,hold
1165,2024-09-17,0,-1,-0.0016129951842196,0.0016129951842196,0.46145178854939817,hold
1166,2024-09-18,0,-1,0.0015072376499098,-0.0015072376499098,0.4607562710400783,hold
1167,2024-09-19,-1,-1,0.0147604413777415,-0.0147604413777415,0.45395530511196447,hold
1168,2024-09-20,0,-1,0.0057423850996662,-0.0057423850996662,0.4513485189319751,hold
1169,2024-09-23,0,-1,5.203002169906768e-05,-5.203002169906768e-05,0.45132503525874124,hold
1170,2024-09-24,0,-1,0.0024575565157058,-0.0024575565157058,0.45021587847764,hold
1171,2024-09-25,-1,-1,0.008148714241454,-0.008148714241454,0.4465471979369605,hold
1172,2024-09-26,0,-1,-0.0014152231703233,0.0014152231703233,0.44717916187812384,hold
1173,2024-09-27,-1,-1,-0.0140609008520233,0.0140609008520233,0.45346690373638304,hold
1174,2024-09-30,0,-1,-0.0005404401234794,0.0005404401234794,0.45371197544583214,hold
1175,2024-10-01,-1,-1,-0.0211963752609873,0.0211963752609873,0.46332902473778587,hold
1176,2024-10-03,0,-1,-0.0093266958801446,0.0093266958801446,0.4676503536439592,hold
1177,2024-10-04,0,-1,-0.0087488751686026,0.0087488751686026,0.4717417682105431,hold
1178,2024-10-07,0,-1,0.0087676473034692,-0.0087676473034692,0.4676057027685581,hold
1179,2024-10-08,-1,-1,-0.0012473907279866,0.0012473907279866,0.4681889897865453,hold
1180,2024-10-09,-1,-1,0.0006604768849507,-0.0006604768849507,0.4678797617810028,hold
1181,2024-10-10,-1,-1,-0.0013680536120755,0.0013680536120755,0.46851984637912436,hold
1182,2024-10-11,0,-1,0.0065573457544287,-0.0065573457544287,0.4654475997536046,hold
1183,2024-10-14,0,-1,-0.0028096049048969,0.0028096049048969,0.46675532361284483,hold
1184,2024-10-15,1,1,-0.0034340754096676,-0.0034340754096676,0.4646856953100817,flip
1185,2024-10-16,0,1,-0.0088682273228345,-0.0088682273228345,0.46056475693040244,hold
1186,2024-10-17,0,1,0.0042101739412401,0.0042101739412401,0.46250381466828444,hold
1187,2024-10-18,0,1,-0.0029351823779982,-0.0029351823779982,0.46114628162171317,hold
1188,2024-10-21,0,1,-0.0124691803378693,-0.0124691803378693,0.45539616547403416,hold
1189,2024-10-22,0,1,-0.0014955647434917,-0.0014955647434917,0.4547150910246299,hold
1190,2024-10-23,-1,-1,-0.0014773427748562,0.0014773427748562,0.4549321459879487,flip
1191,2024-10-24,-1,-1,-0.0089592205494931,0.0089592205494931,0.45900798341890886,hold
1192,2024-10-25,0,-1,0.0065485676346082,-0.0065485676346082,0.45600213859466504,hold
1193,2024-10-28,-1,-1,0.0052466588480091,-0.0052466588480091,0.45360965093949623,hold
1194,2024-10-29,0,-1,-0.0051498252538292,0.0051498252538292,0.4559456613752851,hold
1195,2024-10-30,1,1,-0.005566773640794,-0.005566773640794,0.45295156942453146,flip
1196,2024-10-31,1,1,0.0040900049616161,0.0040900049616161,0.45480414359084964,hold
1197,2024-11-01,0,1,-0.0127137736646451,-0.0127137736646451,0.44902186664749283,hold
1198,2024-11-04,0,1,0.0090830588186072,0.0090830588186072,0.45310035867309284,hold
1199,2024-11-05,0,1,0.0111818707596305,0.0111818707596305,0.4581668683249176,hold
1200,2024-11-06,0,1,-0.0116280257061476,-0.0116280257061476,0.4528392922023303,hold
1201,2024-11-07,0,1,-0.0021137093124677,-0.0021137093124677,0.451882121573351,hold
1202,2024-11-08,0,1,-0.0002856708874028,-0.0002856708874028,0.45175303200667966,hold
1203,2024-11-11,0,1,-0.0106809307765333,-0.0106809307765333,0.4469278891437273,hold
1204,2024-11-12,0,1,-0.0135825623229214,-0.0135825623229214,0.4408574632355809,hold
1205,2024-11-13,0,1,-0.0011185324376894,-0.0011185324376894,0.4403643498625544,hold
1206,2024-11-14,-1,-1,-0.0033527151631265,0.0033527151631265,0.44140040174577644,flip
1207,2024-11-18,1,1,0.0027585814066317,0.0027585814066317,0.4421766402851664,flip
1208,2024-11-19,-1,-1,-0.0071688079331164,0.0071688079331164,0.4449043430515964,flip
1209,2024-11-21,1,1,0.0238694641112378,0.0238694641112378,0.45507906695794875,flip
1210,2024-11-22,0,1,0.0131612958673623,0.0131612958673623,0.4610684972012255,hold
1211,2024-11-25,-1,-1,-0.0011312238174179,0.0011312238174179,0.4611290003695194,flip
1212,2024-11-26,-1,-1,0.0033230854378061,-0.0033230854378061,0.45959662930344136,hold
1213,2024-11-27,-1,-1,-0.0148610290544929,0.0148610290544929,0.46642670816486675,hold
1214,2024-11-28,0,-1,0.0090720019405352,-0.0090720019405352,0.46219528416327765,hold
1215,2024-11-29,0,-1,0.0060068200049485,-0.0060068200049485,0.45941896028417284,hold
1216,2024-12-02,0,-1,0.0074600111445999,-0.0074600111445999,0.4559916897204124,hold
1217,2024-12-03,0,-1,0.0004210968146538,-0.0004210968146538,0.45579967307236247,hold
1218,2024-12-04,-1,-1,0.0098478255628851,-0.0098478255628851,0.4513110374003258,hold
1219,2024-12-05,0,-1,-0.0012384293961259,0.0012384293961259,0.4518699542558384,hold
1220,2024-12-06,-1,-1,-0.0023827399277279,0.0023827399277279,0.45294664283798436,hold
1221,2024-12-09,0,-1,-0.00036350862139,0.00036350862139,0.45311129284768564,hold
1222,2024-12-10,-1,-1,0.0012901233029631,-0.0012901233029631,0.4525267234099471,hold
1223,2024-12-11,-1,-1,-0.0037781963796591,0.0037781963796591,0.45423645823803355,hold
1224,2024-12-12,-1,-1,0.0089455478085889,-0.0089455478085889,0.45017306428446113,hold
1225,2024-12-13,0,-1,-0.0040394689217332,0.0040394689217332,0.4519915243870396,hold
1226,2024-12-16,-1,-1,-0.0134687300477334,0.0134687300477334,0.45807927621287214,hold
1227,2024-12-17,0,-1,-0.0056356998120069,0.0056356998120069,0.46066087350370927,hold
1228,2024-12-18,0,-1,-0.010213311567061,0.010213311567061,0.46536574653155716,hold
1229,2024-12-19,0,-1,-0.0152055691508056,0.0152055691508056,0.47244189757085897,hold
1230,2024-12-20,0,-1,0.0070354729729729,-0.0070354729729729,0.46911804536919915,hold
1231,2024-12-23,-1,-1,-0.0010861087115143,0.0010861087115143,0.4696275585650032,hold
1232,2024-12-24,-1,-1,0.0009503186263191,-0.0009503186263191,0.4691812627486661,hold
1233,2024-12-26,-1,-1,0.002661079652128,-0.002661079652128,0.4679327340372059,hold
1234,2024-12-27,-1,-1,-0.0070758479358679,0.0070758479358679,0.4712437549074681,hold
1235,2024-12-30,0,-1,-4.212721278373799e-06,4.212721278373799e-06,0.47124574012606174,hold
1236,2024-12-31,0,-1,0.0041488871182535,-0.0041488871182535,0.4692905947453209,hold
1237,2025-01-01,-1,-1,0.0187740331916654,-0.0187740331916654,0.46048011754303586,hold
1238,2025-01-02,0,-1,-0.0076027553276091,0.0076027553276091,0.4639810352099442,hold
1239,2025-01-03,-1,-1,-0.0161925959966257,0.0161925959966257,0.471494092663195,hold
1240,2025-01-06,0,-1,0.0038892874268343,-0.0038892874268343,0.4696603166167734,hold
1241,2025-01-07,-1,-1,-0.0007993610384197,0.0007993610384197,0.47003574477516863,hold
1242,2025-01-08,-1,-1,-0.0068575949591475,0.0068575949591475,0.4732590595291579,hold
1243,2025-01-09,0,-1,-0.0040379997024632,0.0040379997024632,0.47517007947072465,hold
1244,2025-01-10,0,-1,-0.0147472753024774,0.0147472753024774,0.4821775434481795,hold
1245,2025-01-13,0,-1,0.0039028744993869,-0.0039028744993869,0.4802956650096786,hold
1246,2025-01-14,-1,-1,0.0016028803979861,-0.0016028803979861,0.47952580850299686,hold
1247,2025-01-15,-1,-1,0.0042476507253836,-0.0042476507253836,0.477488950354669,hold
1248,2025-01-16,-1,-1,-0.0046586517926727,0.0046586517926727,0.4797134051092202,hold
1249,2025-01-17,1,1,0.0061004855371675,0.0061004855371675,0.48216017639396525,flip
1250,2025-01-20,0,1,-0.0137118456772935,-0.0137118456772935,0.4755488704635146,hold
1251,2025-01-21,-1,-1,0.0056764909144164,-0.0056764909144164,0.47237387275050396,flip
1252,2025-01-22,0,-1,0.0021593282262408,-0.0021593282262408,0.4713538625137351,hold
1253,2025-01-23,0,-1,-0.0048760476583936,0.0048760476583936,0.47365220641132,hold
1254,2025-01-24,0,-1,-0.0113912419355629,0.0113912419355629,0.4790476932878645,hold
1255,2025-01-27,0,-1,0.0056112298172781,-0.0056112298172781,0.47635964658738933,hold
1256,2025-01-28,0,-1,0.0089666492883511,-0.0089666492883511,0.4720882967013173,hold
1257,2025-01-29,0,-1,0.0037300875997627,-0.0037300875997627,0.47032736599979863,hold
1258,2025-01-30,-1,-1,0.0111357401503258,-0.0111357401503258,0.46508992266643767,hold
1259,2025-01-31,0,-1,-0.0011166221250199,0.0011166221250199,0.4656092523642108,hold
1260,2025-02-01,-1,-1,-0.0051570919766934,0.0051570919766934,0.4680104421038525,hold
1261,2025-02-03,0,-1,0.0161893068206311,-0.0161893068206311,0.46043367746137404,hold
1262,2025-02-04,0,-1,-0.0018092070621439,0.0018092070621439,0.461266697322286,hold
1263,2025-02-05,0,-1,-0.0039226026346081,0.0039226026346081,0.4630760632844594,hold
1264,2025-02-06,0,-1,-0.0018387386257991,0.0018387386257991,0.46392753912870355,hold
1265,2025-02-07,0,-1,-0.0075700336923079,0.0075700336923079,0.4674394862306973,hold
1266,2025-02-10,0,-1,-0.0132496849360461,0.0132496849360461,0.4736329121499213,hold
1267,2025-02-11,0,-1,-0.0011507892904301,0.0011507892904301,0.4741779638328187,hold
1268,2025-02-12,-1,-1,-0.0006009745771905,0.0006009745771905,0.47446293273414614,hold
1269,2025-02-13,-1,-1,-0.0044352661537063,0.0044352661537063,0.47656730212089016,hold
1270,2025-02-14,0,-1,0.0013192755977626,-0.0013192755977626,0.4759385785085105,hold
1271,2025-02-17,-1,-1,-0.0006184463402948,0.0006184463402948,0.47623292098059417,hold
1272,2025-02-18,-1,-1,-0.0005404326900405,0.0005404326900405,0.47649029281916555,hold
1273,2025-02-19,-1,-1,-0.0008612081186238,0.0008612081186238,0.4769006501277869,hold
1274,2025-02-20,-1,-1,-0.0051171487988824,0.0051171487988824,0.4793410217167745,hold
1275,2025-02-21,0,-1,-0.0106401053300685,0.0106401053300685,0.4844412606768636,hold
1276,2025-02-24,0,-1,-0.0002571160481895,0.0002571160481895,0.4845658182993888,hold
1277,2025-02-25,-1,-1,-0.0001108767876499,0.0001108767876499,0.4846195454007267,hold
1278,2025-02-27,-1,-1,-0.0186449596666951,0.0186449596666951,0.49365525727841536,hold
1279,2025-02-28,1,1,-0.0002440004922383,-0.0002440004922383,0.493041149895365,flip
1280,2025-03-03,-1,-1,-0.0016569416451024,0.0016569416451024,0.49336504915948054,flip
1281,2025-03-04,0,-1,0.0115316950692254,-0.0115316950692254,0.48767571385476005,hold
1282,2025-03-05,-1,-1,0.009284847776867,-0.009284847776867,0.48314771908714366,hold
1283,2025-03-06,1,1,0.0003460139864501,0.0003460139864501,0.48283174723638217,flip
1284,2025-03-07,-1,-1,-0.0040882039130917,0.0040882039130917,0.4843228301275625,flip
1285,2025-03-10,0,-1,0.001674047455606,-0.001674047455606,0.4835120507260956,hold
1286,2025-03-11,0,-1,-0.0012179087892316,0.0012179087892316,0.48410092430237434,hold
1287,2025-03-12,-1,-1,-0.0032620894617386,0.0032620894617386,0.485680104825959,hold
1288,2025-03-13,0,-1,0.0049805683362682,-0.0049805683362682,0.4832611418743074,hold
1289,2025-03-17,0,-1,0.0144632989948354,-0.0144632989948354,0.4762715914867937,hold
1290,2025-03-18,0,-1,0.0032100316461272,-0.0032100316461272,0.4747427446059697,hold
1291,2025-03-19,0,-1,0.01235619558909,-0.01235619558909,0.468876730399117,hold
1292,2025-03-20,-1,-1,0.0068885519512889,-0.0068885519512889,0.4656468486830122,hold
1293,2025-03-21,0,-1,0.0131881772302988,-0.0131881772302988,0.4595058155158505,hold
1294,2025-03-24,-1,-1,0.0004353972876416,-0.0004353972876416,0.45930574793011936,hold
1295,2025-03-25,-1,-1,-0.0076810793285454,0.0076810793285454,0.46283371181602745,hold
1296,2025-03-26,-1,-1,0.0044748278770025,-0.0044748278770025,0.46076261061997653,hold
1297,2025-03-27,0,-1,-0.0030773044101545,0.0030773044101545,0.46218051743367167,hold
1298,2025-03-28,-1,-1,-0.0150365718652369,0.0150365718652369,0.4691301279987755,hold
1299,2025-04-01,0,-1,0.0071938424586863,-0.0071938424586863,0.465755279765329,hold
1300,2025-04-02,-1,-1,-0.0035251486188494,0.0035251486188494,0.4673971363465156,hold
1301,2025-04-03,-1,-1,-0.0148666197750665,0.0148666197750665,0.4743457518565341,hold
1302,2025-04-04,0,-1,-0.0324325462830553,0.0324325462830553,0.4897299924077918,hold
1303,2025-04-07,0,-1,0.0168873189028142,-0.0168873189028142,0.4814597658497286,hold
1304,2025-04-08,-1,-1,-0.0060658560080705,0.0060658560080705,0.48438023146305237,hold
1305,2025-04-09,0,-1,0.0191703874091904,-0.0191703874091904,0.47509447477255234,hold
1306,2025-04-11,-1,-1,0.0219023977821084,-0.0219023977821084,0.46468876660200203,hold
1307,2025-04-15,0,-1,0.004657316201027,-0.004657316201027,0.4625245640808712,hold
1308,2025-04-16,0,-1,0.0176834769379541,-0.0176834769379541,0.45434552161870984,hold
1309,2025-04-17,0,-1,0.0114834984640164,-0.0114834984640164,0.44912804551906865,hold
1310,2025-04-21,-1,-1,0.0017284255654137,-0.0017284255654137,0.4483517611230492,hold
1311,2025-04-22,-1,-1,0.0066908406521222,-0.0066908406521222,0.44535191093327653,hold
1312,2025-04-23,0,-1,-0.0033807460922566,0.0033807460922566,0.4468575326658432,hold
1313,2025-04-24,-1,-1,-0.0085516633626838,0.0085516633626838,0.450678907856281,hold
1314,2025-04-25,-1,-1,0.0120282118827472,-0.0120282118827472,0.4452580464615006,hold
1315,2025-04-28,-1,-1,0.0003061930965739,-0.0003061930965739,0.4451217115214801,hold
1316,2025-04-29,-1,-1,-7.191007773188485e-05,7.191007773188485e-05,0.4451537202583558,hold
1317,2025-04-30,-1,-1,0.0005136803511647,-0.0005136803511647,0.44492505353901124,hold
1318,2025-05-02,-1,-1,0.0047008906976129,-0.0047008906976129,0.44283350949369477,hold
1319,2025-05-05,0,-1,-0.0033338898599493,0.0033338898599493,0.44430986764064156,hold
1320,2025-05-06,-1,-1,0.0014274549954715,-0.0014274549954715,0.44367563530054066,hold
1321,2025-05-07,-1,-1,-0.0057588802970967,0.0057588802970967,0.4462307101749748,hold
1322,2025-05-08,0,-1,-0.0109501096942064,0.0109501096942064,0.45111698540031436,hold
1323,2025-05-09,0,-1,0.0381830730902199,-0.0381830730902199,0.43389195257453445,hold
1324,2025-05-12,0,-1,-0.0138958390765435,0.0138958390765435,0.43992124532411747,hold
1325,2025-05-13,0,-1,0.0036027960647213,-0.0036027960647213,0.4383362987926765,hold
1326,2025-05-14,0,-1,0.0160214381414618,-0.0160214381414618,0.4313135208964123,hold
1327,2025-05-15,-1,-1,-0.0016877607536591,0.0016877607536591,0.4320414749295038,hold
1328,2025-05-16,-1,-1,-0.0029717088137536,0.0029717088137536,0.43332537638845886,hold
1329,2025-05-19,-1,-1,-0.0104848313546668,0.0104848313546668,0.4378687198815894,hold
1330,2025-05-20,0,-1,0.0052483127088862,-0.0052483127088862,0.43557064791421113,hold
1331,2025-05-21,0,-1,-0.0082112727740422,0.0082112727740422,0.439147237316601,hold
1332,2025-05-22,0,-1,0.0098924887180058,-0.0098924887180058,0.4348029782259031,hold
1333,2025-05-23,-1,-1,0.0059549794562796,-0.0059549794562796,0.4322137354230386,hold
1334,2025-05-26,0,-1,-0.0069977248703164,0.0069977248703164,0.4352382482287007,hold
1335,2025-05-27,0,-1,-0.0029706520659956,0.0029706520659956,0.4365311896300016,hold
1336,2025-05-28,0,-1,0.0032784792287758,-0.0032784792287758,0.43510003119208684,hold
1337,2025-05-29,-1,-1,-0.0033382349691143,0.0033382349691143,0.43655249733127494,hold
1338,2025-05-30,0,-1,-0.0013777230725331,0.0013777230725331,0.4371539457792202,hold
1339,2025-06-02,0,-1,-0.0070438333802584,0.0070438333802584,0.44023318533481154,hold
1340,2025-06-03,0,-1,0.0031659048079861,-0.0031659048079861,0.43883944897672506,hold
1341,2025-06-04,-1,-1,0.0053086967621067,-0.0053086967621067,0.43650978341485763,hold
1342,2025-06-05,0,-1,0.0101875239545026,-0.0101875239545026,0.432062829539944,hold
1343,2025-06-06,0,-1,0.0040054487100871,-0.0040054487100871,0.43033222403668664,hold
1344,2025-06-09,0,-1,4.18584595869298e-05,-4.18584595869298e-05,0.43031421099267786,hold
1345,2025-06-10,0,-1,0.0014798446727146,-0.0014798446727146,0.429677412799947,hold
1346,2025-06-11,0,-1,-0.0100710846627866,0.0100710846627866,0.4340047304019423,hold
1347,2025-06-12,0,-1,-0.0068144588479197,0.0068144588479197,0.4369622377770689,hold
1348,2025-06-13,0,-1,0.0092197937677085,-0.0092197937677085,0.4329335360604879,hold
1349,2025-06-16,0,-1,-0.0037319707924959,0.0037319707924959,0.4345492313721576,hold
1350,2025-06-17,0,-1,-0.0016637405234334,0.0016637405234334,0.43527220853781834,hold
1351,2025-06-18,0,-1,-0.0007577278241026,0.0007577278241026,0.43560202640128604,hold
1352,2025-06-19,0,-1,0.0128724709598377,-0.0128724709598377,0.42999475196638903,hold
1353,2025-06-20,0,-1,-0.0055948454872697,0.0055948454872697,0.4324005061639778,hold
1354,2025-06-23,0,-1,0.0029012296868362,-0.0029012296868362,0.4311460129788919,hold
1355,2025-06-24,0,-1,0.0080018205204253,-0.0080018205204253,0.4276960599649378,hold
1356,2025-06-25,0,-1,0.0120520108141297,-0.0120520108141297,0.42254146242507973,hold
1357,2025-06-26,0,-1,0.003475704773181,-0.003475704773181,0.421072833047262,hold
1358,2025-06-27,-1,-1,-0.0047098423546652,0.0047098423546652,0.42305601971074686,hold
1359,2025-06-30,-1,-1,0.0009699396772837,-0.0009699396772837,0.4226456808915157,hold
1360,2025-07-01,-1,-1,-0.0034610085397696,0.0034610085397696,0.42410846120237794,hold
1361,2025-07-02,-1,-1,-0.0018897125192245,0.0018897125192245,0.42490990427102115,hold
1362,2025-07-03,-1,-1,0.0021924250859925,-0.0021924250859925,0.4239783211376107,hold
1363,2025-07-04,-1,-1,1.1813410706551508e-05,-1.1813410706551508e-05,0.4239733125075724,hold
1364,2025-07-07,0,-1,0.0024036171315751,-0.0024036171315751,0.42295424299029855,hold
1365,2025-07-08,0,-1,-0.0018180190273288,0.0018180190273288,0.4237231818517443,hold
1366,2025-07-09,-1,-1,-0.004743646446198,0.004743646446198,0.42573317481750705,hold
1367,2025-07-10,0,-1,-0.008100901810276,0.008100901810276,0.42918199746408076,hold
1368,2025-07-11,0,-1,-0.0026858541571485,0.0026858541571485,0.4303347177161429,hold
1369,2025-07-14,0,-1,0.0045251032187942,-0.0045251032187942,0.4283874086998467,hold
1370,2025-07-15,0,-1,0.0006449487413033,-0.0006449487413033,0.42811112077981556,hold
1371,2025-07-16,-1,-1,-0.0039902173517283,0.0039902173517283,0.42981937720241903,hold
1372,2025-07-17,0,-1,-0.0056965580472427,0.0056965580472427,0.4322678682344824,hold
1373,2025-07-18,0,-1,0.0048981443028652,-0.0048981443028652,0.43015055783837797,hold
1374,2025-07-21,0,-1,-0.0011876443882732,0.0011876443882732,0.43066142373450733,hold
1375,2025-07-22,-1,-1,0.0063445445902445,-0.0063445445902445,0.42792907312832557,hold
1376,2025-07-23,0,-1,-0.006256994627491,0.006256994627491,0.4306066230398367,hold
1377,2025-07-24,0,-1,-0.0089816740370306,0.0089816740370306,0.434474191366167,hold
1378,2025-07-25,0,-1,-0.0062849623293875,0.0062849623293875,0.43720484529199444,hold
1379,2025-07-28,0,-1,0.0056804742343701,-0.0056804742343701,0.43472131443317147,hold
1380,2025-07-29,0,-1,0.0013678351245234,-0.0013678351245234,0.4341266873499108,hold
1381,2025-07-30,-1,-1,-0.0034882717656889,0.0034882717656889,0.43564103921612557,hold
1382,2025-07-31,1,1,-0.0081959437427822,-0.0081959437427822,0.4316349087274469,flip
1383,2025-08-01,0,1,0.0064074150430544,0.0064074150430544,0.4344005727347346,hold
1384,2025-08-04,0,1,-0.0029608040671041,-0.0029608040671041,0.43311439775222926,hold
1385,2025-08-05,0,1,-0.0030569142281212,-0.0030569142281212,0.43179040418733633,hold
1386,2025-08-06,0,1,0.0008932609229541,0.0008932609229541,0.43217610568230347,hold
1387,2025-08-07,-1,-1,-0.0094669127354072,0.0094669127354072,0.4358353030554437,flip
1388,2025-08-08,0,-1,0.0091018044718578,-0.0091018044718578,0.4318684153451002,hold
1389,2025-08-11,0,-1,-0.0039719417907191,0.0039719417907191,0.43358377155210104,hold
1390,2025-08-12,0,-1,0.0053884535167121,-0.0053884535167121,0.4312474255534918,hold
1391,2025-08-13,0,-1,0.000485438164071,-0.000485438164071,0.4310380815949708,hold
1392,2025-08-14,-1,-1,0.0099730192766349,-0.0099730192766349,0.42673933049826046,hold
1393,2025-08-18,0,-1,0.0041685646806257,-0.0041685646806257,0.4249604399973116,hold
1394,2025-08-19,0,-1,0.0027981813736617,-0.0027981813736617,0.42377132360956804,hold
1395,2025-08-20,-1,-1,0.0013252889742787,-0.0013252889742787,0.4232097041467728,hold
1396,2025-08-21,0,-1,-0.0085174820600987,0.0085174820600987,0.42681438520950254,hold
1397,2025-08-22,0,-1,0.0039264173509054,-0.0039264173509054,0.42513853380179994,hold
1398,2025-08-25,0,-1,-0.0102411798720348,0.0102411798720348,0.4294924539969973,hold
1399,2025-08-26,0,-1,-0.0085444301039235,0.0085444301039235,0.43316222225033724,hold
1400,2025-08-28,0,-1,-0.0030223697933294,0.0030223697933294,0.4344713986664781,hold
1401,2025-08-29,0,-1,0.0081140701746054,-0.0081140701746054,0.4309460672488393,hold
1402,2025-09-01,0,-1,-0.0018457290617897,0.0018457290617897,0.4317414769292245,hold
1403,2025-09-02,0,-1,0.005510715147017,-0.005510715147017,0.42936227263271515,hold
1404,2025-09-03,0,-1,0.0007788776228048,-0.0007788776228048,0.4290278519664849,hold
1405,2025-09-04,-1,-1,0.0002708473067116,-0.0002708473067116,0.42891165092827555,hold
1406,2025-09-05,0,-1,0.0012994782193525,-0.0012994782193525,0.4283542895798677,hold
1407,2025-09-08,0,-1,0.0038529301782352,-0.0038529301782352,0.42670387041056895,hold
1408,2025-09-09,0,-1,0.0042020862308871,-0.0042020862308871,0.42491082395205043,hold
1409,2025-09-10,0,-1,0.0012974116602184,-0.0012974116602184,0.4243595396945021,hold
1410,2025-09-11,0,-1,0.0043390454100098,-0.0043390454100098,0.42251822438159675,hold
1411,2025-09-12,0,-1,-0.0017838966811339,0.0017838966811339,0.42327195323978967,hold
1412,2025-09-15,0,-1,0.0067772563910986,-0.0067772563910986,0.4204033306895225,hold
1413,2025-09-16,0,-1,0.0036114755294653,-0.0036114755294653,0.4188850543482316,hold
1414,2025-09-17,0,-1,0.0036853015416349,-0.0036853015416349,0.4173413366116742,hold
1415,2025-09-18,0,-1,-0.0037976065391384,0.0037976065391384,0.41892623480064345,hold
1416,2025-09-19,-1,-1,-0.0049236357186648,0.0049236357186648,0.42098887497379367,hold
1417,2025-09-22,-1,-1,-0.001303434397354,0.001303434397354,0.42153760635433785,hold
1418,2025-09-23,-1,-1,-0.0044736530076083,0.0044736530076083,0.42342341933482497,hold
1419,2025-09-24,-1,-1,-0.0066269482123226,0.0066269482123226,0.42622942440664147,hold
1420,2025-09-25,0,-1,-0.0094874379272315,0.0094874379272315,0.43027324961345903,hold
1421,2025-09-26,0,-1,-0.0008030448049409,0.0008030448049409,0.4306187783112662,hold
1422,2025-09-29,-1,-1,-0.0009661407544825,0.0009661407544825,0.4310348166626382,hold
1423,2025-09-30,-1,-1,0.0091503904924759,-0.0091503904924759,0.4270906797743223,hold
1424,2025-10-01,0,-1,0.0023332467769816,-0.0023332467769816,0.42609417182226,hold
1425,2025-10-03,-1,-1,0.0073671787912872,-0.0073671787912872,0.42295505987651993,hold
1426,2025-10-06,0,-1,0.0012222193924698,-0.0012222193924698,0.42243811600019565,hold
1427,2025-10-07,0,-1,-0.0024752925801897,0.0024752925801897,0.42348377393432024,hold
1428,2025-10-08,0,-1,0.0054160175719368,-0.0054160175719368,0.42119017837326184,hold
1429,2025-10-09,0,-1,0.004112050167679,-0.004112050167679,0.4194582232296573,hold
1430,2025-10-10,0,-1,-0.0022938183927065,0.0022938183927065,0.4204203842170735,hold
1431,2025-10-13,0,-1,-0.0032444791324643,0.0032444791324643,0.42178442938052846,hold
1432,2025-10-14,0,-1,0.0070808208725219,-0.0070808208725219,0.41879784938926606,hold
1433,2025-10-15,0,-1,0.0103362282114798,-0.0103362282114798,0.41446905924350164,hold
1434,2025-10-16,0,-1,0.0048679837376106,-0.0048679837376106,0.41245143060336154,hold
1435,2025-10-17,0,-1,0.0051848137299641,-0.0051848137299641,0.4103129467630259,hold
1436,2025-10-20,0,-1,0.0009847568259027,-0.0009847568259027,0.40990888828794475,hold
1437,2025-10-21,-1,-1,0.0008814076368377,-0.0008814076368377,0.4095475914634001,hold
1438,2025-10-23,-1,-1,-0.0037174505259611,0.0037174505259611,0.41107006437269183,hold
1439,2025-10-24,-1,-1,0.0066252915000297,-0.0066252915000297,0.4083466053692868,hold
1440,2025-10-27,0,-1,-0.001149638146805,0.001149638146805,0.4088160562039377,hold
1441,2025-10-28,-1,-1,0.0045381040946781,-0.0045381040946781,0.4069608063853084,hold
1442,2025-10-29,0,-1,-0.00675717564781,0.00675717564781,0.4097107120358283,hold
1443,2025-10-30,0,-1,-0.0060186608373972,0.0060186608373972,0.41217662185302045,hold
1444,2025-10-31,0,-1,0.0016036793506921,-0.0016036793506921,0.41151562271571673,hold
1445,2025-11-03,-1,-1,-0.0064315867797603,0.0064315867797603,0.4141623211544399,hold
1446,2025-11-04,0,-1,-0.0034359080045569,0.0034359080045569,0.4155853447888803,hold
1447,2025-11-06,0,-1,-0.0006820322478444,0.0006820322478444,0.4158687873957579,hold
1448,2025-11-07,-1,-1,0.0032185728871263,-0.0032185728871263,0.4145302833920438,hold
1449,2025-11-10,-1,-1,0.0047156471705849,-0.0047156471705849,0.4125755048340443,hold
1450,2025-11-11,0,-1,0.0070384090258497,-0.0070384090258497,0.40967162967697585,hold
1451,2025-11-12,0,-1,0.0001294494962036,-0.0001294494962036,0.4096185978909052,hold
1452,2025-11-13,0,-1,0.0011940264714482,-0.0011940264714482,0.409129502441826,hold
1453,2025-11-14,0,-1,0.0039906690408659,-0.0039906690408659,0.40749680200272653,hold
1454,2025-11-17,0,-1,-0.0039748069020186,0.0039748069020186,0.4091165231038775,hold
1455,2025-11-18,0,-1,0.0055036406751542,-0.0055036406751542,0.4068648927664454,hold
1456,2025-11-19,0,-1,0.0053545415882216,-0.0053545415882216,0.40468631777734015,hold
1457,2025-11-20,0,-1,-0.0047342428227803,0.0047342428227803,0.4066022010727549,hold
1458,2025-11-21,0,-1,-0.004167936312968,0.004167936312968,0.4082968931515388,hold
1459,2025-11-24,0,-1,-0.002877529180069,0.002877529180069,0.4094717793757138,hold
1460,2025-11-25,-1,-1,0.0123817835303625,-0.0123817835303625,0.40440178844169133,hold
1461,2025-11-26,0,-1,0.0003911422381892,-0.0003911422381892,0.4042436098210326,hold
1462,2025-11-27,-1,-1,-0.0004806903583736,0.0004806903583736,0.4044379258267077,hold
1463,2025-11-28,-1,-1,-0.0010380212747401,0.0010380212747401,0.40485774099802757,hold
1464,2025-12-01,-1,-1,-0.0054841133969418,0.0054841133969418,0.4070780267592905,hold
1465,2025-12-02,0,-1,-0.0017746951904364,0.0017746951904364,0.4078004661755126,hold
1466,2025-12-03,-1,-1,0.0018375278996383,-0.0018375278996383,0.4070511214414296,hold
1467,2025-12-04,-1,-1,0.0058654330916598,-0.0058654330916598,0.4046635903237298,hold
1468,2025-12-05,0,-1,-0.0086265394598917,0.0086265394598917,0.4081544367536389,hold
1469,2025-12-08,0,-1,-0.0046570811090926,0.0046570811090926,0.4100552450706366,hold
1470,2025-12-09,0,-1,-0.0031598875909956,0.0031598875909956,0.41135097355115796,hold
1471,2025-12-10,0,-1,0.0054565875164998,-0.0054565875164998,0.40910640096397866,hold
1472,2025-12-11,1,1,0.0057299900196514,0.0057299900196514,0.41104147015751386,flip
1473,2025-12-12,0,1,-0.0007543469807149,-0.0007543469807149,0.41073140226555194,hold
1474,2025-12-15,0,1,-0.0064240688375742,-0.0064240688375742,0.40809283546364467,hold
1475,2025-12-16,0,1,-0.0016066770334456,-0.0016066770334456,0.4074371620773915,hold
1476,2025-12-17,0,1,-0.0001161955225689,-0.0001161955225689,0.4073898197034299,hold
1477,2025-12-18,0,1,0.0058433620360547,0.0058433620360547,0.40977034590976014,hold
1478,2025-12-19,0,1,0.0079333291061156,0.0079333291061156,0.41302118892178913,hold
1479,2025-12-22,0,1,0.0001814888939914,0.0001814888939914,0.4130961476805616,hold
1480,2025-12-23,1,1,-0.0013389838361685,-0.0013389838361685,0.4125430186160338,hold
1481,2025-12-24,0,1,-0.003817552133005,-0.003817552133005,0.41096811413535983,hold
1482,2025-12-26,0,1,-0.0038476313101776,-0.0038476313101776,0.40938686035192795,hold
1483,2025-12-29,0,1,-0.0001252789885528,-0.0001252789885528,0.40933557278013627,hold
1484,2025-12-30,0,1,0.007353834224439,0.007353834224439,0.41234575872452717,hold
1485,2025-12-31,0,1,0.0006487344669803,0.0006487344669803,0.4126132616305249,hold
1486,2026-01-01,-1,-1,0.0069607651702385,-0.0069607651702385,0.40932854434855814,flip
1487,2026-01-02,0,-1,-0.002972058760474,0.002972058760474,0.41054509283470136,hold
1488,2026-01-05,0,-1,-0.0027276473171363,0.0027276473171363,0.4116649150557354,hold
