date,signal,position,market_return,pnl,equity,action
2020-01-01,0,0,0.0081838863379848,0.0,1.0,hold
2020-01-02,0,0,-0.0045227893866035,-0.0,1.0,hold
2020-01-03,0,0,-0.0191058530729412,-0.0,1.0,hold
2020-01-06,0,0,0.0049945920012428,0.0,1.0,hold
2020-01-07,1,1,-0.0022899444111396,-0.0022899444111396,0.9967100555888604,enter
2020-01-08,-1,-1,0.0158457581226116,-0.0158457581226116,0.9789230090184469,flip
2020-01-09,1,1,0.0033480474426501,0.0033480474426501,0.9802426436773056,flip
2020-01-10,0,1,0.0059354808073293,0.0059354808073293,0.986060855075378,hold
2020-01-13,1,1,0.0026562202609821,0.0026562202609821,0.9886800498971906,hold
2020-01-14,1,1,-0.0015369308543056,-0.0015369308543056,0.9871605170234672,hold
2020-01-15,0,1,0.0009884063018437,0.0009884063018437,0.9881362326994245,hold
2020-01-16,0,1,-0.0002549788049855,-0.0002549788049855,0.9878842789036479,hold
2020-01-17,0,1,-0.0103461939411514,-0.0103461939411514,0.9776634365626963,hold
2020-01-20,0,1,-0.0044746183856623,-0.0044746183856623,0.973288765774463,hold
2020-01-21,1,1,-0.0051725551893021,-0.0051725551893021,0.9682543759183668,hold
2020-01-22,1,1,0.0060667236352978,0.0060667236352978,0.9741285076257313,hold
2020-01-23,1,1,0.0055745847042631,0.0055745847042631,0.9795588695043285,hold
2020-01-24,1,1,-0.0105525279121506,-0.0105525279121506,0.9692220471922894,hold
2020-01-27,0,1,-0.0052149678449129,-0.0052149678449129,0.964167585381601,hold
2020-01-28,0,1,0.0061132563999481,0.0061132563999481,0.9700617890435577,hold
2020-01-29,1,1,-0.007724984155365,-0.007724984155365,0.9625680770934711,hold
2020-01-30,0,1,-0.0061234148547233,-0.0061234148547233,0.9566738734315144,hold
2020-01-31,0,1,-0.0212503847193161,-0.0212503847193161,0.9363441855701765,hold
2020-02-03,0,1,0.0232108226866707,0.0232108226866707,0.9580775044351411,hold
2020-02-04,1,1,0.0091405004678344,0.0091405004678344,0.9668348123126521,hold
2020-02-05,1,1,0.0040366612301674,0.0040366612301674,0.9707375969154908,hold
2020-02-06,0,1,-0.0032625431230384,-0.0032625431230384,0.9675705236443993,hold
2020-02-07,1,1,-0.0055255147630383,-0.0055255147630383,0.9622241984317215,hold
2020-02-10,1,1,0.0063500303889789,0.0063500303889789,0.9683343513327738,hold
2020-02-11,1,1,0.0077056964194832,0.0077056964194832,0.9757960418767014,hold
2020-02-12,0,1,-0.0021759994314084,-0.0021759994314084,0.9736727102444072,hold
2020-02-13,1,1,-0.0050268544351488,-0.0050268544351488,0.9687781992625317,hold
2020-02-14,0,1,-0.0055847334602637,-0.0055847334602637,0.9633678312375363,hold
2020-02-17,0,1,-0.0044247626186481,-0.0044247626186481,0.9591051572698683,hold
2020-02-18,1,1,0.011123651500938,0.011123651500938,0.9697739087920908,hold
2020-02-19,1,1,-0.0037152524595064,-0.0037152524595064,0.9661709538922858,hold
2020-02-20,1,1,-0.0208138687990014,-0.0208138687990014,0.9460611984205658,hold
2020-02-24,0,1,-0.0026628568617023,-0.0026628568617023,0.9435419728667613,hold
2020-02-25,0,1,-0.0101204779385897,-0.0101204779385897,0.9339928771462298,hold
2020-02-26,0,1,-0.0038703767874727,-0.0038703767874727,0.9303779727948582,hold
2020-02-27,1,1,-0.0370960786649383,-0.0370960786649383,0.8958645983279343,hold
2020-02-28,0,1,-0.0061597518244916,-0.0061597518244916,0.8903462947338864,hold
2020-03-02,1,1,0.0153196474085468,0.0153196474085468,0.9039860860407156,hold
2020-03-03,-1,-1,-0.0046269501465237,0.0046269501465237,0.9063608124218957,flip
2020-03-04,1,1,0.0015998577904186,0.0015998577904186,0.9059981392037352,flip
2020-03-05,-1,-1,-0.0248069753028219,0.0248069753028219,0.9266612163889574,flip
2020-03-06,0,-1,-0.0489560433359516,0.0489560433359516,0.9720268830562407,hold
2020-03-09,0,-1,0.0006649981756232,-0.0006649981756232,0.9713804869523517,hold
2020-03-11,0,-1,-0.0830193880106471,0.0830193880106471,1.0520239005046204,hold
2020-03-12,0,-1,0.0380650761268936,-0.0380650761268936,1.0119785306446005,hold
2020-03-13,0,-1,-0.0761210010667908,0.0761210010667908,1.0890113494553675,hold
2020-03-16,0,-1,-0.0250451840905282,0.0250451840905282,1.1162858391791517,hold
2020-03-17,0,-1,-0.055564540272715,0.055564540272715,1.178311748646083,hold
2020-03-18,0,-1,-0.0242477817531284,0.0242477817531284,1.2068831947644003,hold
2020-03-19,0,-1,0.0583291468584656,-0.0583291468584656,1.1364867276559736,hold
2020-03-20,-1,-1,-0.1298046607047124,0.1298046607047124,1.284008001734766,hold
2020-03-23,0,-1,0.0250714240251634,-0.0250714240251634,1.251816092671571,hold
2020-03-24,0,-1,0.0662474689466749,-0.0662474689466749,1.168886444945363,hold
2020-03-25,0,-1,0.0389043564303894,-0.0389043564303894,1.123411670064558,hold
2020-03-26,1,1,0.0021755381634551,0.0021755381634551,1.1236088716859252,flip
2020-03-27,1,1,-0.0437805364308189,-0.0437805364308189,1.074416672545088,hold
2020-03-30,-1,-1,0.0382377227133605,-0.0382377227133605,1.0311845923966074,flip
2020-03-31,-1,-1,-0.0400046750966822,0.0400046750966822,1.0724367969801385,hold
2020-04-01,0,-1,-0.0205965741867707,0.0205965741867707,1.0945253210297625,hold
2020-04-03,1,1,0.0876321046711503,0.0876321046711503,1.1882518278854075,flip
2020-04-07,1,1,-0.0049419024075071,-0.0049419024075071,1.1823796033164558,hold
2020-04-08,-1,-1,0.0415088316188025,-0.0415088316188025,1.1309356482462536,flip
2020-04-09,-1,-1,-0.0129556707370791,0.0129556707370791,1.1455876781297571,hold
2020-04-13,-1,-1,-0.0076218535626885,0.0076218535626885,1.1543191796556824,hold
2020-04-15,-1,-1,0.0075627711647903,-0.0075627711647903,1.145589327848818,hold
2020-04-16,-1,-1,0.0304632818768748,-0.0304632818768748,1.11069091723942,hold
2020-04-17,-1,-1,-0.0005288143766692,0.0005288143766692,1.1112782665644922,hold
2020-04-20,-1,-1,-0.0302746671440956,0.0302746671440956,1.1449218461892,hold
2020-04-21,-1,-1,0.0229194177887257,-0.0229194177887257,1.1186809040609504,hold
2020-04-22,-1,-1,0.0137799558770148,-0.0137799558770148,1.1032655305625316,hold
2020-04-23,-1,-1,-0.0171249415723349,0.0171249415723349,1.122158888312186,hold
2020-04-24,-1,-1,0.0139713589754586,-0.0139713589754586,1.106480803656075,hold
2020-04-27,-1,-1,0.0106224306488902,-0.0106224306488902,1.09472728805491,hold
2020-04-28,-1,-1,0.0183830135241964,-0.0183830135241964,1.0746029015132896,hold
2020-04-29,-1,-1,0.032088303452139,-0.032088303452139,1.0401207175189822,hold
2020-04-30,-1,-1,-0.057444839013135,0.057444839013135,1.0998702846910866,hold
2020-05-04,-1,-1,-0.0094582655216011,0.0094582655216011,1.1102731498830138,hold
2020-05-05,0,-1,0.0070935934671216,-0.0070935934671216,1.1023973235202833,hold
2020-05-06,-1,-1,-0.0077501195040513,0.0077501195040513,1.1109410345185118,hold
2020-05-07,1,1,0.0057016970693835,0.0057016970693835,1.115053401690247,flip
2020-05-08,0,1,-0.0013294930214019,-0.0013294930214019,1.1135709459742091,hold
2020-05-11,1,1,-0.0046162427183511,-0.0046162427183511,1.1084304322034884,hold
2020-05-12,1,1,0.0203337125303977,0.0203337125303977,1.1309689379718586,hold
2020-05-13,1,1,-0.0256619093732747,-0.0256619093732747,1.101946115581636,hold
2020-05-14,0,1,-0.0006453627874545,-0.0006453627874545,1.1012349605648595,hold
2020-05-15,1,1,-0.0343225097032598,-0.0343225097032598,1.0634378129453033,hold
2020-05-18,0,1,0.0063298228402233,0.0063298228402233,1.0701691859028415,hold
2020-05-19,0,1,0.021111396826158,0.021111396826158,1.092761952257563,hold
2020-05-20,0,1,0.0043787544510012,0.0043787544510012,1.0975468885198956,hold
2020-05-21,0,1,-0.0073575840768702,-0.0073575840768702,1.0894715950093032,hold
2020-05-22,1,1,-0.0011284338094974,-0.0011284338094974,1.0882421984270076,hold
2020-05-26,-1,-1,0.0316645047717616,-0.0316645047717616,1.0516070637452293,flip
2020-05-27,0,-1,0.0188030435364687,-0.0188030435364687,1.0318336503423697,hold
2020-05-28,0,-1,0.0095046626511057,-0.0095046626511057,1.0220264195838065,hold
2020-05-29,0,-1,0.0256620973194605,-0.0256620973194605,0.9957990781413871,hold
2020-06-01,0,-1,0.0155655279707429,-0.0155655279707429,0.9802989397373373,hold
2020-06-02,-1,-1,0.0082622880359908,-0.0082622880359908,0.972199427535851,hold
2020-06-03,-1,-1,-0.0032251686810099,0.0032251686810099,0.9753349346812353,hold
2020-06-04,-1,-1,0.0112722762414605,-0.0112722762414605,0.9643406898695616,hold
2020-06-05,-1,-1,0.0024945207587225,-0.0024945207587225,0.9619351220002011,hold
2020-06-08,-1,-1,-0.0118810323499978,0.0118810323499978,0.9733639043032847,hold
2020-06-09,-1,-1,0.0069177285262014,-0.0069177285262014,0.9666304370561111,hold
2020-06-10,-1,-1,-0.021169158460066,0.021169158460066,0.9870931899504747,hold
2020-06-11,-1,-1,0.0071602091117954,-0.0071602091117954,0.9800253962976001,hold
2020-06-12,-1,-1,-0.0159632793948444,0.0159632793948444,0.9956698155127417,hold
2020-06-15,-1,-1,0.010220386061458,-0.010220386061458,0.9854936856084607,hold
2020-06-16,-1,-1,-0.0033134566648174,0.0033134566648174,0.9887590762291756,hold
2020-06-17,0,-1,0.0213031875518985,-0.0213031875518985,0.9676953561846235,hold
2020-06-18,-1,-1,0.0151362754442923,-0.0151362754442923,0.9530480527272506,hold
2020-06-19,-1,-1,0.0065206163504338,-0.0065206163504338,0.9468335920118882,hold
2020-06-22,-1,-1,0.0154976919912916,-0.0154976919912916,0.9321598566358797,hold
2020-06-23,-1,-1,-0.0158246772335498,0.0158246772335498,0.9469109854972145,hold
2020-06-24,0,-1,-0.0015913572989929,0.0015913572989929,0.9484178592054822,hold
2020-06-25,0,-1,0.0091457401473864,-0.0091457401473864,0.9397438759140483,hold
2020-06-26,0,-1,-0.0067995386087835,0.0067995386087835,0.9461337006806938,hold
2020-06-29,1,1,-0.0009988732845714,-0.0009988732845714,0.9432963656020898,flip
2020-06-30,1,1,0.0124198173347171,0.0124198173347171,0.9550119341553704,hold
2020-07-01,1,1,0.0116634525148986,0.0116634525148986,0.9661506705005531,hold
2020-07-02,0,1,0.0052739760448483,0.0052739760448483,0.9712461259924873,hold
2020-07-03,0,1,0.014735139974255,0.014735139974255,0.9855575736084395,hold
2020-07-06,1,1,0.0033445902359812,0.0033445902359812,0.9888538598461276,hold
2020-07-07,-1,-1,-0.008694762073642,0.008694762073642,0.9954740011633999,flip
2020-07-08,-1,-1,0.0100600327219018,-0.0100600327219018,0.9854595001378936,hold
2020-07-09,-1,-1,-0.0041985110954393,0.0041985110954393,0.9895969627833285,hold
2020-07-10,-1,-1,0.0032178891492418,-0.0032178891492418,0.9864125494546654,hold
2020-07-13,-1,-1,-0.0180834960154004,0.0180834960154004,1.0042503368622697,hold
2020-07-14,-1,-1,0.0010229309240368,-0.0010229309240368,1.003223058137219,hold
2020-07-15,-1,-1,0.0114661616621005,-0.0114661616621005,0.9917199403694709,hold
2020-07-16,0,-1,0.0150605912558696,-0.0150605912558696,0.9767840517072709,hold
2020-07-17,1,1,0.0110533217609316,0.0110533217609316,0.9856271920183233,flip
2020-07-20,1,1,0.0127061568657644,0.0127061568657644,0.9981507257312711,hold
2020-07-21,1,1,-0.0026563094918139,-0.0026563094918139,0.9954993284842502,hold
2020-07-22,1,1,0.0074421598588463,0.0074421598588463,1.0029079936262042,hold
2020-07-23,0,1,-0.0018991484351116,-0.0018991484351116,1.001003322479548,hold
2020-07-24,0,1,-0.0055699256988469,-0.0055699256988469,0.9954278083490381,hold
2020-07-27,1,1,0.0151592736988444,0.0151592736988444,1.010517770943242,hold
2020-07-28,1,1,-0.0086456143286032,-0.0086456143286032,1.001781224023467,hold
2020-07-29,1,1,-0.0089887146807479,-0.0089887146807479,0.9927764984281896,hold
2020-07-30,1,1,-0.0025851023723058,-0.0025851023723058,0.9902100695469335,hold
2020-07-31,0,1,-0.0164222155452939,-0.0164222155452939,0.9739486263497132,hold
2020-08-03,0,1,0.0186979321613793,0.0186979321613793,0.9921594516938688,hold
2020-08-04,0,1,0.0005768586219327,0.0005768586219327,0.9927317874279105,hold
2020-08-05,-1,-1,0.0088725546683743,-0.0088725546683743,0.9819382567980676,flip
2020-08-06,0,-1,0.001241002448872,-0.001241002448872,0.98071966901674,hold
2020-08-07,-1,-1,0.005002705259437,-0.005002705259437,0.9758134175705167,hold
2020-08-10,0,-1,0.0046449787767293,-0.0046449787767293,0.9712807849558539,hold
2020-08-11,0,-1,-0.0012452735151247,0.0012452735151247,0.9724902951931089,hold
2020-08-12,-1,-1,-0.000703034473301,0.000703034473301,0.9731739893955803,hold
2020-08-13,-1,-1,-0.0108004373788689,0.0108004373788689,0.9836846941267913,hold
2020-08-14,0,-1,0.0061457110453491,-0.0061457110453491,0.9776392522369554,hold
2020-08-17,0,-1,0.0122920579350753,-0.0122920579350753,0.965622053908855,hold
2020-08-18,1,1,0.0020246002135075,0.0020246002135075,0.9656458084175488,flip
2020-08-19,0,1,-0.008432399987605,-0.008432399987605,0.9575030967146178,hold
2020-08-20,-1,-1,0.0052509160938571,-0.0052509160938571,0.9505603221007317,flip
2020-08-21,0,-1,0.0083410064718865,-0.0083410064718865,0.942631692302171,hold
2020-08-24,1,1,0.0005058064691958,0.0005058064691958,0.9412232181256022,flip
2020-08-25,0,1,0.0067423225064831,0.0067423225064831,0.9475692486127949,hold
2020-08-26,0,1,0.0008355606212675,0.0008355606212675,0.9483610001628598,hold
2020-08-27,0,1,0.0076431956549949,0.0076431956549949,0.9556095088386712,hold
2020-08-28,0,1,-0.0223307478019462,-0.0223307478019462,0.9342700338996531,hold
2020-08-31,-1,-1,0.0072667398463226,-0.0072667398463226,0.92561239654929,flip
2020-09-01,1,1,0.0056450382511279,0.0056450382511279,0.9289862891404304,flip
2020-09-02,1,1,-0.0006545127600779,-0.0006545127600779,0.9283782557602506,hold
2020-09-03,-1,-1,-0.0167947449485598,0.0167947449485598,0.9421133752700122,flip
2020-09-04,0,-1,0.0018705202595032,-0.0018705202595032,0.9403511331148207,hold
2020-09-07,-1,-1,-0.0033201259317187,0.0033201259317187,0.9434732172967961,hold
2020-09-08,1,1,-0.0034769279675166,-0.0034769279675166,0.9383058824463804,flip
2020-09-09,0,1,0.0151844298634509,0.0151844298634509,0.9525535223088508,hold
2020-09-10,1,1,0.0013276149365679,0.0013276149365679,0.9538181465929485,hold
2020-09-11,-1,-1,-0.0021283524468515,0.0021283524468515,0.9539405714859149,flip
2020-09-14,0,-1,0.0071459479106903,-0.0071459479106903,0.9471237618521824,hold
2020-09-15,0,-1,0.0071820376506051,-0.0071820376506051,0.9403214833347773,hold
2020-09-16,0,-1,-0.0076220272911209,0.0076220272911209,0.9474886393431823,hold
2020-09-17,-1,-1,-0.0009681588767627,0.0009681588767627,0.9484059588799942,hold
2020-09-18,-1,-1,-0.0221122548386738,0.0221122548386738,0.9693773531332655,hold
2020-09-21,0,-1,-0.0086128603263573,0.0086128603263573,0.9777264648793362,hold
2020-09-22,0,-1,-0.0019545871070447,0.0019545871070447,0.9796375164218059,hold
2020-09-23,-1,-1,-0.0293122720965164,0.0293122720965164,1.0083529178591175,hold
2020-09-24,0,-1,0.0226457884823545,-0.0226457884823545,0.9855179709657149,hold
2020-09-25,0,-1,0.0160448681873712,-0.0160448681873712,0.9697054650252845,hold
2020-09-28,1,1,-0.0004586409458945,-0.0004586409458945,0.9673213074635156,flip
2020-09-29,-1,-1,0.0022410013176423,-0.0022410013176423,0.9632188965239794,flip
2020-09-30,-1,-1,0.0150610927327836,-0.0150610927327836,0.9487117674014623,hold
2020-10-01,0,-1,0.0075676439490797,-0.0075676439490797,0.941532254535466,hold
2020-10-05,0,-1,0.0138264754746197,-0.0138264754746197,0.9285141819095679,hold
2020-10-06,0,-1,0.0065551872847253,-0.0065551872847253,0.9224275975506272,hold
2020-10-07,0,-1,0.0081566766068399,-0.0081566766068399,0.9149036539441824,hold
2020-10-08,1,1,0.0067260903253916,0.0067260903253916,0.9192275712517535,flip
2020-10-09,0,1,0.0014058853909966,0.0014058853909966,0.9205198998651776,hold
2020-10-12,-1,-1,0.0002975290843887,-0.0002975290843887,0.9184049786224787,flip
2020-10-13,-1,-1,0.0030625333853533,-0.0030625333853533,0.9155923327141726,hold
2020-10-14,-1,-1,-0.0242836008583533,0.0242836008583533,0.9378262114707723,hold
2020-10-15,-1,-1,0.007028949362235,-0.007028949362235,0.9312342785197676,hold
2020-10-16,-1,-1,0.0094027696218492,-0.0094027696218492,0.9224780971348773,hold
2020-10-19,0,-1,0.0020003285078973,-0.0020003285078973,0.9206328378992675,hold
2020-10-20,0,-1,0.0034337457642519,-0.0034337457642519,0.9174716187916997,hold
2020-10-21,-1,-1,-0.0034512817819539,0.0034512817819539,0.9206380718750952,hold
2020-10-22,0,-1,0.0028495402835257,-0.0028495402835257,0.9180146766027396,hold
2020-10-23,-1,-1,-0.0136290733045432,0.0136290733045432,0.9305263659248049,hold
2020-10-26,0,-1,0.0103376083469652,-0.0103376083469652,0.9209069487973495,hold
2020-10-27,1,1,-0.0134406089457635,-0.0134406089457635,0.9066875847255333,flip
2020-10-28,0,1,-0.0050129421843609,-0.0050129421843609,0.9021424122840265,hold
2020-10-29,1,1,-0.0024333734223676,-0.0024333734223676,0.8999471629147839,hold
2020-10-30,0,1,0.0022976361491175,0.0022976361491175,0.9020149140485928,hold
2020-11-02,1,1,0.0123701901631991,0.0123701901631991,0.9131730100654156,hold
2020-11-03,-1,-1,0.008041647267956,-0.008041647267956,0.9040032488037211,flip
2020-11-04,0,-1,0.0177855989156905,-0.0177855989156905,0.8879250096020169,hold
2020-11-05,0,-1,0.0118190145712895,-0.0118190145712895,0.8774306109753183,hold
2020-11-06,0,-1,0.0161046355374614,-0.0161046355374614,0.8632999107761486,hold
2020-11-09,0,-1,0.0136465071043638,-0.0136465071043638,0.8515188824105453,hold
2020-11-10,0,-1,0.0093460415087203,-0.0093460415087203,0.8435605515900773,hold
2020-11-11,-1,-1,-0.0045768215253314,0.0045768215253314,0.8474213776805152,hold
2020-11-12,-1,-1,0.0022969703307613,-0.0022969703307613,0.8454748759183301,hold
2020-11-13,-1,-1,0.0121266198083733,-0.0121266198083733,0.835222123540537,hold
2020-11-17,-1,-1,0.0049750511655721,-0.0049750511655721,0.8310668507413052,hold
2020-11-18,0,-1,-0.0128726686134137,0.0128726686134137,0.8417648989064913,hold
2020-11-19,0,-1,0.0068393094137191,-0.0068393094137191,0.8360078083092618,hold
2020-11-20,-1,-1,0.005241475198302,-0.005241475198302,0.831625894116422,hold
2020-11-23,-1,-1,0.0099563448098976,-0.0099563448098976,0.8233459399617594,hold
2020-11-24,-1,-1,-0.0150706804680923,0.0150706804680923,0.8357543235376241,hold
2020-11-25,0,-1,0.0100012136399767,-0.0100012136399767,0.8273957659973901,hold
2020-11-26,-1,-1,-0.0013898363507738,0.0013898363507738,0.8285457107094496,hold
2020-11-27,-1,-1,0.0108026946873185,-0.0108026946873185,0.819595184362168,hold
2020-12-01,-1,-1,0.0003585458429504,-0.0003585458429504,0.8193013219159129,hold
2020-12-02,-1,-1,0.00153658492994,-0.00153658492994,0.8180423958515769,hold
2020-12-03,-1,-1,0.0094906623588735,-0.0094906623588735,0.8102786316773056,hold
2020-12-04,-1,-1,0.0073311332494399,-0.0073311332494399,0.8043383710593055,hold
2020-12-07,0,-1,0.0027853318093331,-0.0027853318093331,0.8020980218089269,hold
2020-12-08,0,-1,0.0101657522858669,-0.0101657522858669,0.7939440920102334,hold
2020-12-09,0,-1,-0.0037548548058806,0.0037548548058806,0.7969252367997185,hold
2020-12-10,1,1,0.0026375585350264,0.0026375585350264,0.7974333232862181,flip
2020-12-11,0,1,0.0032781762806703,0.0032781762806703,0.8000474502920312,hold
2020-12-14,-1,-1,0.0007153791977927,-0.0007153791977927,0.7978750180882611,flip
2020-12-15,-1,-1,0.008464907059269,-0.008464907059269,0.7911210802152314,hold
2020-12-16,-1,-1,0.0042389293905504,-0.0042389293905504,0.7877675738168232,hold
2020-12-17,0,-1,0.0014445849987885,-0.0014445849987885,0.7866295765971554,hold
2020-12-18,-1,-1,-0.0314049525779333,0.0314049525779333,0.8113336411465887,hold
2020-12-21,0,-1,0.0103462838766079,-0.0103462838766079,0.8029393529766442,hold
2020-12-22,-1,-1,0.0100101591857162,-0.0100101591857162,0.794901802236872,hold
2020-12-23,1,1,0.0108925303747413,0.0108925303747413,0.8019704906582,flip
2020-12-24,0,1,0.0090150513891666,0.0090150513891666,0.8092002958440789,hold
2020-12-28,0,1,0.0042815942411449,0.0042815942411449,0.8126649631706977,hold
2020-12-29,0,1,0.0035420946069744,0.0035420946069744,0.8155434993540217,hold
2020-12-30,-1,-1,-1.4318125132972703e-05,1.4318125132972703e-05,0.8139240894091889,flip
2020-12-31,0,-1,0.0026284263414808,-0.0026284263414808,0.8117847498926201,hold
2021-01-01,-1,-1,0.0081606727271106,-0.0081606727271106,0.805160040223887,hold
2021-01-04,0,-1,0.0047123808655142,-0.0047123808655142,0.8013658194566593,hold
2021-01-05,0,-1,-0.0037501320469031,0.0037501320469031,0.8043710470974965,hold
2021-01-06,1,1,-0.000629169612088,-0.000629169612088,0.8022562191836243,flip
2021-01-07,-1,-1,0.014847223590326,-0.014847223590326,0.7887404292823083,flip
2021-01-08,-1,-1,0.0095837181341371,-0.0095837181341371,0.7811813633270683,hold
2021-01-11,0,-1,0.0054333140242324,-0.0054333140242324,0.7769369596702344,hold
2021-01-12,0,-1,9.609083312889231e-05,-9.609083312889231e-05,0.776862303150491,hold
2021-01-13,-1,-1,0.002111247340323,-0.002111247340323,0.7752221546791673,hold
2021-01-14,-1,-1,-0.0110923441582015,0.0110923441582015,0.7838211856179312,hold
2021-01-15,0,-1,-0.0105586501425666,0.0105586501425666,0.7920972792912027,hold
2021-01-18,0,-1,0.0167947308170628,-0.0167947308170628,0.7787942187045791,hold
2021-01-19,-1,-1,0.008508265623863,-0.008508265623863,0.7721680306255118,hold
2021-01-20,-1,-1,-0.0037112802046228,0.0037112802046228,0.7750337625522148,hold
2021-01-21,0,-1,-0.0149721716475961,0.0149721716475961,0.7866377010778288,hold
2021-01-22,0,-1,-0.0092541693433081,0.0092541693433081,0.7939173795754336,hold
2021-01-25,0,-1,-0.0190604880418779,0.0190604880418779,0.8090498322950702,hold
2021-01-27,0,-1,-0.0107356502819043,0.0107356502819043,0.8177355083552234,hold
2021-01-28,0,-1,-0.0132404223540728,0.0132404223540728,0.8285626718597688,hold
2021-01-29,0,-1,0.0474235111013383,-0.0474235111013383,0.7892693207926725,hold
2021-02-01,-1,-1,0.0256735714819573,-0.0256735714819573,0.769005958466786,hold
2021-02-02,-1,-1,0.0097011226717231,-0.0097011226717231,0.7615457373284137,hold
2021-02-03,-1,-1,0.0071467580293813,-0.0071467580293813,0.7561031542154207,hold
2021-02-04,0,-1,0.0019199973566108,-0.0019199973566108,0.7546514381580021,hold
2021-02-05,-1,-1,0.0128348027329681,-0.0128348027329681,0.7449656358170934,hold
2021-02-08,-1,-1,-0.0004300136336804,0.0004300136336804,0.7452859811971181,hold
2021-02-09,-1,-1,-0.0001853034041081,0.0001853034041081,0.745424085226468,hold
2021-02-10,-1,-1,0.0044219246475027,-0.0044219246475027,0.7421278760911629,hold
2021-02-11,0,-1,-0.0006590524229219,0.0006590524229219,0.7426169772660187,hold
2021-02-12,-1,-1,0.0099846598415338,-0.0099846598415338,0.7352021993554695,hold
2021-02-15,-1,-1,-8.162092525865194e-05,8.162092525865194e-05,0.735262207239233,hold
2021-02-16,-1,-1,-0.0068273186874309,0.0068273186874309,0.740282076646879,hold
2021-02-17,0,-1,-0.0059143128695843,0.0059143128695843,0.7446603364599141,hold
2021-02-18,-1,-1,-0.0090747170630297,0.0090747170630297,0.7514179183213483,hold
2021-02-19,0,-1,-0.0204281745915864,0.0204281745915864,0.7667680147480632,hold
2021-02-22,0,-1,0.0021872625461001,-0.0021872625461001,0.7650908917878573,hold
2021-02-23,-1,-1,0.0186431824578623,-0.0186431824578623,0.7508271626954076,hold
2021-02-24,0,-1,0.0076992130139501,-0.0076992130139501,0.745046384433156,hold
2021-02-25,1,1,-0.0376356932475859,-0.0376356932475859,0.7155159544845404,flip
2021-02-26,0,1,0.0159953891187234,0.0159953891187234,0.7269609105971755,hold
2021-03-01,1,1,0.0106729853417877,0.0106729853417877,0.7347197537400318,hold
2021-03-02,0,1,0.0218846987116321,0.0218846987116321,0.750798874188117,hold
2021-03-03,0,1,-0.0108129305241382,-0.0108129305241382,0.7426805381239197,hold
2021-03-04,0,1,-0.0094591045289524,-0.0094591045289524,0.7356554452821868,hold
2021-03-05,0,1,0.0012117060677612,0.0012117060677612,0.7365468434490169,hold
2021-03-08,-1,-1,0.0095077756017913,-0.0095077756017913,0.7280708276543979,flip
2021-03-09,0,-1,0.0050600998838219,-0.0050600998838219,0.7243867165439697,hold
2021-03-10,0,-1,-0.0094795062357636,0.0094795062357636,0.7312535449405525,hold
2021-03-12,0,-1,-0.006749419963093,0.006749419963093,0.7361890822148569,hold
2021-03-15,0,-1,-0.0012759841044576,0.0012759841044576,0.7371284477816383,hold
2021-03-16,-1,-1,-0.0126857598628687,0.0126857598628687,0.7464794822582853,hold
2021-03-17,1,1,-0.0111029730717429,-0.0111029730717429,0.7366983817036464,flip
2021-03-18,0,1,0.0127869428260285,0.0127869428260285,0.7461185017905188,hold
2021-03-19,0,1,-0.0005154374236977,-0.0005154374236977,0.7457339243921827,hold
2021-03-22,-1,-1,0.0053167399974314,-0.0053167399974314,0.7402775831601409,flip
2021-03-23,0,-1,-0.0179111769942118,0.0179111769942118,0.7535368259769695,hold
2021-03-24,0,-1,-0.0154301891468089,0.0154301891468089,0.7651640417308802,hold
2021-03-25,0,-1,0.0127330319296232,-0.0127330319296232,0.7554211835561213,hold
2021-03-26,-1,-1,0.0232848158675504,-0.0232848158675504,0.7378313403945701,hold
2021-03-30,0,-1,-0.0104006990943323,0.0104006990943323,0.745505302148382,hold
2021-03-31,0,-1,0.0120245741669184,-0.0120245741669184,0.7365409183508679,hold
2021-04-01,1,1,-0.015439860548026,-0.015439860548026,0.7236957474469137,flip
2021-04-05,0,1,0.0031220672452334,0.0031220672452334,0.7259551742355325,hold
2021-04-06,-1,-1,0.0092314369658119,-0.0092314369658119,0.7178016544561011,flip
2021-04-07,0,-1,0.0036945688638336,-0.0036945688638336,0.7151496868131394,hold
2021-04-08,-1,-1,-0.0026187118170183,0.0026187118170183,0.7170224577489338,hold
2021-04-09,0,-1,-0.0353255893040076,0.0353255893040076,0.7423516986131228,hold
2021-04-12,0,-1,0.0135561955060299,-0.0135561955060299,0.7322882338524899,hold
2021-04-13,0,-1,0.0052844845607746,-0.0052844845607746,0.7284184679866595,hold
2021-04-15,0,-1,0.0024962821650071,-0.0024962821650071,0.7266001299563627,hold
2021-04-16,0,-1,-0.0176769785548196,0.0176769785548196,0.7394442248715305,hold
2021-04-19,0,-1,-0.004390823034999,0.004390823034999,0.7426909936071934,hold
2021-04-20,0,-1,0.0076767575754221,-0.0076767575754221,0.7369895348958216,hold
2021-04-22,0,-1,-0.0044981330537942,0.0044981330537942,0.7403046118830369,hold
2021-04-23,0,-1,0.0100165182871698,-0.0100165182871698,0.7328893372000344,hold
2021-04-26,0,-1,0.011601643402658,-0.011601643402658,0.7243866164562291,hold
2021-04-27,0,-1,0.014433855260107,-0.014433855260107,0.7139309248819413,hold
2021-04-28,0,-1,0.0020418099664161,-0.0020418099664161,0.7124732136041847,hold
2021-04-29,0,-1,-0.0177108120451774,0.0177108120451774,0.7250916927775519,hold
2021-04-30,0,-1,0.0002085134632017,-0.0002085134632017,0.7249405013975521,hold
2021-05-03,-1,-1,-0.0094061074234402,0.0094061074234402,0.7317593696293,hold
2021-05-04,0,-1,0.0083709591539336,-0.0083709591539336,0.725633841835625,hold
2021-05-05,0,-1,0.0073164109749706,-0.0073164109749706,0.7203248064314087,hold
2021-05-06,1,1,0.0066792477481554,0.0066792477481554,0.7236953846598434,flip
2021-05-07,0,1,0.0080414227481215,0.0080414227481215,0.7295149251887577,hold
2021-05-10,0,1,-0.0061302011912188,-0.0061302011912188,0.7250428519253537,hold
2021-05-11,0,1,-0.0103866808073666,-0.0103866808073666,0.7175120632507422,hold
2021-05-12,0,1,-0.0012724250884564,-0.0012724250884564,0.7165990829001919,hold
2021-05-14,-1,-1,0.0167157604819725,-0.0167157604819725,0.7031873861030308,flip
2021-05-17,0,-1,0.012393443335275,-0.012393443335275,0.6944724730792827,hold
2021-05-18,0,-1,-0.0051594324081388,0.0051594324081388,0.6980555568634482,hold
2021-05-19,0,-1,-0.0082567760609306,0.0082567760609306,0.703819245274558,hold
2021-05-20,0,-1,0.0180631356749747,-0.0180631356749747,0.6911060627565053,hold
2021-05-21,0,-1,0.0014761086049899,-0.0014761086049899,0.6900859151503097,hold
2021-05-24,0,-1,0.0007073438653115,-0.0007073438653115,0.6895977871116903,hold
2021-05-25,-1,-1,0.0061150215048646,-0.0061150215048646,0.6853808818137952,hold
2021-05-26,0,-1,0.0023788211965458,-0.0023788211965458,0.6837504832444293,hold
2021-05-27,1,1,0.006376433707514,0.006376433707514,0.6867428719068293,flip
2021-05-28,0,1,0.0095330880357249,0.0095330880357249,0.6932896521626236,hold
2021-05-31,0,1,-0.0005101904286871,-0.0005101904286871,0.6929359424177824,hold
2021-06-01,-1,-1,8.67158252806366e-05,-8.67158252806366e-05,0.6914899820208336,flip
2021-06-02,-1,-1,0.0073284506253876,-0.0073284506253876,0.6864224318296438,hold
2021-06-03,0,-1,-0.0012810173052479,0.0012810173052479,0.687301750843528,hold
2021-06-04,-1,-1,0.0051945814919991,-0.0051945814919991,0.6837315058891775,hold
2021-06-07,0,-1,-0.0007333060957773,0.0007333060957773,0.684232890370321,hold
2021-06-08,-1,-1,-0.0066549769442125,0.0066549769442125,0.6887864444802074,hold
2021-06-09,0,-1,0.006549286916079,-0.006549286916079,0.6842753844314006,hold
2021-06-10,0,-1,0.0039141306333496,-0.0039141306333496,0.6815970411875506,hold
2021-06-11,-1,-1,0.0007911718082738,-0.0007911718082738,0.6810577808239602,hold
2021-06-14,-1,-1,0.0036302135450976,-0.0036302135450976,0.6785853956430189,hold
2021-06-15,-1,-1,-0.0064086327528081,0.0064086327528081,0.682934200235114,hold
2021-06-16,1,1,-0.0048295020472909,-0.0048295020472909,0.6782700997164433,flip
2021-06-17,0,1,-0.0005130696464038,-0.0005130696464038,0.6779220999162154,hold
2021-06-18,-1,-1,0.0040265882096546,-0.0040265882096546,0.673836542581796,flip
2021-06-21,0,-1,0.0016670371193598,-0.0016670371193598,0.6727132320529311,hold
2021-06-22,0,-1,-0.0054397492312691,0.0054397492312691,0.6763726233398555,hold
2021-06-23,0,-1,0.0065978407983298,-0.0065978407983298,0.6719100244507105,hold
2021-06-24,0,-1,0.0044266891189239,-0.0044266891189239,0.6689356876565786,hold
2021-06-25,0,-1,-0.0028782098242977,0.0028782098242977,0.6708610249246151,hold
2021-06-28,1,1,-0.0041891404314852,-0.0041891404314852,0.6667089718313466,flip
2021-06-29,0,1,-0.0017112919035373,-0.0017112919035373,0.665568038165836,hold
2021-06-30,-1,-1,-0.002639697229908,0.002639697229908,0.665993800196166,flip
2021-07-01,1,1,0.0026913389867666,0.0026913389867666,0.6664542276751866,flip
2021-07-02,1,1,0.007133188273225,0.007133188273225,0.6712081711566805,hold
2021-07-05,1,1,-0.0010167521731027,-0.0010167521731027,0.6705257187900526,hold
2021-07-06,0,1,0.0038816171589777,0.0038816171589777,0.673128442925644,hold
2021-07-07,0,1,-0.0095562557277451,-0.0095562557277451,0.6666958553874277,hold
2021-07-08,0,1,-0.0024224839292732,-0.0024224839292732,0.6650807953920386,hold
2021-07-09,0,1,0.0001784474449868,0.0001784474449868,0.6651994773606861,hold
2021-07-12,1,1,0.0076309854951284,0.0076309854951284,0.6702756049237925,hold
2021-07-13,1,1,0.0026308921169333,0.0026308921169333,0.6720390277289592,hold
2021-07-14,1,1,0.0044310723280038,0.0044310723280038,0.6750168812680676,hold
2021-07-15,1,1,-5.0225736783704455e-05,-5.0225736783704455e-05,0.6749829780478644,hold
2021-07-16,1,1,-0.0107389122803617,-0.0107389122803617,0.6677343950558711,hold
2021-07-19,0,1,-0.0076369809214345,-0.0076369809214345,0.6626349202202437,hold
2021-07-20,0,1,0.0122792331234495,0.0122792331234495,0.6707715688813665,hold
2021-07-22,0,1,0.0020222383267853,0.0020222383267853,0.6721280288564764,hold
2021-07-23,0,1,-0.0019929055322251,-0.0019929055322251,0.6707885411894048,hold
2021-07-26,1,1,-0.0049290812026508,-0.0049290812026508,0.6674821700000746,hold
2021-07-27,1,1,-0.0023528988583426,-0.0023528988583426,0.6659116519643175,hold
2021-07-28,0,1,0.0043954449546468,0.0043954449546468,0.6688386299751845,hold
2021-07-29,1,1,-0.0009760394990868,-0.0009760394990868,0.6681858170538136,hold
2021-07-30,-1,-1,0.0077460001364197,-0.0077460001364197,0.6616736779896535,flip
2021-08-02,1,1,0.0154609558824161,0.0154609558824161,0.6705804381776282,flip
2021-08-03,0,1,0.0079382424678022,0.0079382424678022,0.6759036682900473,hold
2021-08-04,0,1,0.0022018725316477,0.0022018725316477,0.6773919220112952,hold
2021-08-05,0,1,-0.0034612335015614,-0.0034612335015614,0.6750473103971426,hold
2021-08-06,0,1,0.0012347307242392,0.0012347307242392,0.6758808120516051,hold
2021-08-09,0,1,0.0013439090538649,0.0013439090538649,0.6767891343942548,hold
2021-08-10,-1,-1,0.0001320870680521,-0.0001320870680521,0.6753461610330146,flip
2021-08-11,0,-1,0.0050453954843463,-0.0050453954843463,0.6719387725617679,hold
2021-08-12,0,-1,0.0100644823408473,-0.0100644823408473,0.6651760566511894,hold
2021-08-13,0,-1,0.0020540242770237,-0.0020540242770237,0.6638097688823329,hold
2021-08-16,-1,-1,0.0031122785775283,-0.0031122785775283,0.6617438079590864,hold
2021-08-17,-1,-1,-0.0027536023181795,0.0027536023181795,0.6635659872427235,hold
2021-08-18,-1,-1,-0.0071428984006249,0.0071428984006249,0.6683057716717087,hold
2021-08-20,0,-1,0.0027931806783987,-0.0027931806783987,0.666439072903013,hold
2021-08-23,-1,-1,0.0077683620836017,-0.0077683620836017,0.6612619328780426,hold
2021-08-24,-1,-1,0.0006045728309951,-0.0006045728309951,0.6608621518792532,hold
2021-08-25,-1,-1,0.0001352598309651,-0.0001352598309651,0.6607727637762988,hold
2021-08-26,-1,-1,0.00410526158848,-0.00410526158848,0.6580601187304542,hold
2021-08-27,0,-1,0.0135198365217041,-0.0135198365217041,0.6491632535037654,hold
2021-08-30,0,-1,0.0118804461754233,-0.0118804461754233,0.6414509044114513,hold
2021-08-31,1,1,-0.0032657347743637,-0.0032657347743637,0.6380731940780449,flip
2021-09-01,1,1,0.009246783727399,0.009246783727399,0.6439733189059352,hold
2021-09-02,-1,-1,0.0051902308336972,-0.0051902308336972,0.6393430020922595,flip
2021-09-03,-1,-1,0.0031287476677577,-0.0031287476677577,0.6373426591655661,hold
2021-09-06,-1,-1,-0.0009035189246697,0.0009035189246697,0.6379185103196215,hold
2021-09-07,-1,-1,-0.0004953092983268,0.0004953092983268,0.6382344772893577,hold
2021-09-08,-1,-1,0.0009075978909154,-0.0009075978909154,0.6376552170238603,hold
2021-09-09,-1,-1,-0.0008030985074197,0.0008030985074197,0.6381673169769005,hold
2021-09-13,-1,-1,0.001423151293159,-0.001423151293159,0.6372591083344931,hold
2021-09-14,-1,-1,0.0080235453826236,-0.0080235453826236,0.632146030958281,hold
2021-09-15,0,-1,0.0062816347635072,-0.0062816347635072,0.6281751204746004,hold
2021-09-16,0,-1,-0.0025156476006126,0.0025156476006126,0.6297553877091868,hold
2021-09-17,-1,-1,-0.010705054879733,0.010705054879733,0.6364969536954211,hold
2021-09-20,0,-1,0.0094901738624639,-0.0094901738624639,0.630456486941923,hold
2021-09-21,0,-1,-0.0008740239935656,0.0008740239935656,0.6310075210384094,hold
2021-09-22,-1,-1,0.0157465283671818,-0.0157465283671818,0.621071343208473,hold
2021-09-23,0,-1,0.0016972499684944,-0.0016972499684944,0.6200172298907797,hold
2021-09-24,-1,-1,0.0001064453827974,-0.0001064453827974,0.619951231919403,hold
2021-09-27,1,1,-0.0059646824901542,-0.0059646824901542,0.615013517197785,flip
2021-09-28,0,1,-0.0021015082285871,-0.0021015082285871,0.6137210612307015,hold
2021-09-29,0,1,-0.0052593760207388,-0.0052593760207388,0.6104932713978424,hold
2021-09-30,0,1,-0.0048869834497958,-0.0048869834497958,0.6075098008843094,hold
2021-10-01,0,1,0.0090804675811375,0.0090804675811375,0.6130262739364627,hold
2021-10-04,0,1,0.0074076609199462,0.0074076609199462,0.6175673647088021,hold
2021-10-05,0,1,-0.0098921448702895,-0.0098921448702895,0.6114582988699397,hold
2021-10-06,0,1,0.0081803020160375,0.0081803020160375,0.6164602124249084,hold
2021-10-07,0,1,0.0058936227604964,0.0058936227604964,0.6200933963637963,hold
2021-10-08,0,1,0.0028359561343596,0.0028359561343596,0.6218519540350901,hold
2021-10-11,0,1,0.0025632525445875,0.0025632525445875,0.6234459176386272,hold
2021-10-12,0,1,0.0094375978492116,0.0094375978492116,0.6293297494900333,hold
2021-10-13,0,1,0.0097347877407187,0.0097347877407187,0.6354561410202385,hold
2021-10-14,0,1,0.0075523961327199,0.0075523961327199,0.6402553575221929,hold
2021-10-18,0,1,-0.0031553077349963,-0.0031553077349963,0.6382351548402303,hold
2021-10-19,-1,-1,-0.00826062521208,0.00826062521208,0.6422309059418588,flip
2021-10-20,0,-1,-0.0048449082967022,0.0048449082967022,0.6453424557864551,hold
2021-10-21,0,-1,-0.0034766680845673,0.0034766680845673,0.6475860973061042,hold
2021-10-22,0,-1,0.0005796333280105,-0.0005796333280105,0.6472107348213493,hold
2021-10-25,-1,-1,0.0078894808897,-0.0078894808897,0.6421045780973675,hold
2021-10-26,0,-1,-0.0031448386638428,0.0031448386638428,0.6441238934007987,hold
2021-10-27,0,-1,-0.0194223384240636,0.0194223384240636,0.6566342856454543,hold
2021-10-28,0,-1,-0.0103935157639054,0.0103935157639054,0.6634590244444312,hold
2021-10-29,0,-1,0.0145996550575078,-0.0145996550575078,0.6537727515427518,hold
2021-11-01,0,-1,-0.0022700482713416,0.0022700482713416,0.6552568472472416,hold
2021-11-02,0,-1,-0.0033400508475575,0.0033400508475575,0.6574454384352576,hold
2021-11-03,1,1,0.0049133761659847,0.0049133761659847,0.6593608243060303,flip
2021-11-04,0,1,0.0084697040421863,0.0084697040421863,0.6649454153449144,hold
2021-11-08,0,1,-0.0013449214352717,-0.0013449214352717,0.6640511160025314,hold
2021-11-09,-1,-1,-0.0014991358050348,0.0014991358050348,0.663718516574899,flip
2021-11-10,-1,-1,-0.007970140510272,0.007970140510272,0.6690084464112702,hold
2021-11-11,0,-1,0.0128206066843303,-0.0128206066843303,0.6604313522513364,hold
2021-11-12,0,-1,0.0003700663573213,-0.0003700663573213,0.660186948826548,hold
2021-11-15,-1,-1,-0.0060879819517564,0.0060879819517564,0.6642061550557892,hold
2021-11-16,1,1,-0.005586294529162,-0.005586294529162,0.6591672915354537,flip
2021-11-17,1,1,-0.0074781956434608,-0.0074781956434608,0.6542379095675814,hold
2021-11-18,1,1,-0.0196033721001568,-0.0196033721001568,0.6414126403842993,hold
2021-11-22,0,1,0.0049836979327988,0.0049836979327988,0.6446092472342536,hold
2021-11-23,-1,-1,-0.0050446817378146,0.0050446817378146,0.6465718772373342,flip
2021-11-24,0,-1,0.006959452503032,-0.006959452503032,0.6420720909679047,hold
2021-11-25,-1,-1,-0.0290712541877539,0.0290712541877539,0.6607379319312953,hold
2021-11-26,1,1,0.0016151341742889,0.0016151341742889,0.660483636481544,flip
2021-11-29,-1,-1,-0.004148599194972,0.004148599194972,0.6619027510911804,flip
2021-11-30,1,1,0.0108166411704213,0.0108166411704213,0.667738510137266,flip
2021-12-01,-1,-1,0.0136745711024337,-0.0136745711024337,0.6572719953822863,flip
2021-12-02,-1,-1,-0.0117776858673942,0.0117776858673942,0.6650131384733342,hold
2021-12-03,0,-1,-0.0165409195759996,0.0165409195759996,0.6760130673138047,hold
2021-12-06,0,-1,0.0156365485816494,-0.0156365485816494,0.6654425561449225,hold
2021-12-07,0,-1,0.0170609485278816,-0.0170609485278816,0.654089474946272,hold
2021-12-08,-1,-1,0.0026960665936832,-0.0026960665936832,0.6523260061635896,hold
2021-12-09,-1,-1,-0.0003167708948091,0.0003167708948091,0.6525326440562693,hold
2021-12-10,-1,-1,-0.0081690551168631,0.0081690551168631,0.6578632191911175,hold
2021-12-13,0,-1,-0.0024959111813221,0.0024959111813221,0.6595051873556771,hold
2021-12-14,1,1,-0.0059740603216401,-0.0059740603216401,0.6542462532092684,flip
2021-12-15,0,1,0.0015678167505297,0.0015678167505297,0.6552719914440213,hold
2021-12-16,-1,-1,-0.01525945397337,0.01525945397337,0.6639605402546117,flip
2021-12-17,0,-1,-0.0218425462793778,0.0218425462793778,0.6784631290828038,hold
2021-12-20,0,-1,0.009428705444209,-0.009428705444209,0.6720661000839256,hold
2021-12-21,0,-1,0.0110071709945933,-0.0110071709945933,0.6646685536006325,hold
2021-12-22,-1,-1,0.0069093062126275,-0.0069093062126275,0.6600761550339015,hold
2021-12-23,-1,-1,-0.0040327548791804,0.0040327548791804,0.662738080368745,hold
2021-12-24,0,-1,0.0048518709108285,-0.0048518709108285,0.6595225607551056,hold
2021-12-27,0,-1,0.0086034091740434,-0.0086034091740434,0.6538484183054165,hold
2021-12-28,0,-1,-0.0011402602889762,0.0011402602889762,0.6545939756918201,hold
2021-12-29,-1,-1,-0.0005606259494814,0.0005606259494814,0.6549609580609672,hold
2021-12-30,-1,-1,0.0087248317576065,-0.0087248317576065,0.6492465338940845,hold
2021-12-31,0,-1,0.0156533158122078,-0.0156533158122078,0.6390836728590591,hold
2022-01-03,0,-1,0.0101868742352642,-0.0101868742352642,0.6325734078578331,hold
2022-01-04,-1,-1,0.006739585234692,-0.006739585234692,0.6283101254583757,hold
2022-01-05,-1,-1,-0.0100054174627969,0.0100054174627969,0.6345966305596891,hold
2022-01-06,-1,-1,0.0037641836511315,-0.0037641836511315,0.6322078922978731,hold
2022-01-07,-1,-1,0.0107003189218717,-0.0107003189218717,0.6254430662253615,hold
2022-01-10,-1,-1,0.0029133112526023,-0.0029133112526023,0.6236209559026651,hold
2022-01-11,-1,-1,0.0086731157318304,-0.0086731157318304,0.6182122191793266,hold
2022-01-12,0,-1,0.0024956237305924,-0.0024956237305924,0.6166693940946004,hold
2022-01-13,-1,-1,-0.0001123235637506,0.0001123235637506,0.616738660598601,hold
2022-01-14,-1,-1,0.0028675682661627,-0.0028675682661627,0.6149701203869528,hold
2022-01-17,-1,-1,-0.0106536905679234,0.0106536905679234,0.6215218217580739,hold
2022-01-18,0,-1,-0.0096422404339412,0.0096422404339412,0.6275146845984063,hold
2022-01-19,0,-1,-0.010112406160797,0.010112406160797,0.6338603679609297,hold
2022-01-20,0,-1,-0.0078757453046686,0.0078757453046686,0.6388524907777134,hold
2022-01-21,0,-1,-0.0265679051873833,0.0265679051873833,0.6558254631814194,hold
2022-01-24,0,-1,0.0075134912216943,-0.0075134912216943,0.6508979243208423,hold
2022-01-25,-1,-1,-0.0097117329146276,0.0097117329146276,0.6572192711165318,hold
2022-01-27,1,1,-0.0004793161771092,-0.0004793161771092,0.6555898167457447,flip
2022-01-28,-1,-1,0.0139107178709299,-0.0139107178709299,0.6451589121324485,flip
2022-01-31,-1,-1,0.0136679386118703,-0.0136679386118703,0.6363409197265211,hold
2022-02-01,-1,-1,0.0115578385853996,-0.0115578385853996,0.6289861940910372,hold
2022-02-02,-1,-1,-0.0123622486642295,0.0123622486642295,0.6367618778287578,hold
2022-02-03,0,-1,-0.0024998826581151,0.0024998826581151,0.6383537078044907,hold
2022-02-04,-1,-1,-0.0172811129276234,0.0172811129276234,0.6493851703168272,hold
2022-02-07,-1,-1,0.0030876976246183,-0.0030876976246183,0.6473800652689776,hold
2022-02-08,-1,-1,0.0114121523303458,-0.0114121523303458,0.6399920653484988,hold
2022-02-09,-1,-1,0.008133901085124,-0.008133901085124,0.6347864331936899,hold
2022-02-10,0,-1,-0.0131262969128136,0.0131262969128136,0.6431188283920162,hold
2022-02-11,-1,-1,-0.0306162228952934,0.0306162228952934,0.662808697790226,hold
2022-02-14,0,-1,0.0302591263839775,-0.0302591263839775,0.642752685635392,hold
2022-02-15,0,-1,-0.0017432697608654,0.0017432697608654,0.6438731769559752,hold
2022-02-16,0,-1,-0.0010160147191904,0.0010160147191904,0.6445273615810544,hold
2022-02-17,-1,-1,-0.0016353356196504,0.0016353356196504,0.6455813801332871,hold
2022-02-18,1,1,-0.004031556958107,-0.004031556958107,0.6416875192679199,flip
2022-02-21,0,1,-0.0066515660675804,-0.0066515660675804,0.6374192923387675,hold
2022-02-22,0,1,-0.0016937094155936,-0.0016937094155936,0.6363396892816523,hold
2022-02-23,0,1,-0.0477810384708364,-0.0477810384708364,0.6059347181075656,hold
2022-02-24,0,1,0.0252616601096495,0.0252616601096495,0.6212416350050353,hold
2022-02-25,0,1,0.0081340342903666,0.0081340342903666,0.6262948357667697,hold
2022-02-28,-1,-1,-0.0111916331229355,0.0111916331229355,0.6320515081239271,flip
2022-03-02,1,1,-0.006497577228417,-0.006497577228417,0.6266806016213066,flip
2022-03-03,1,1,-0.0153170320073322,-0.0153170320073322,0.6170817147878987,hold
2022-03-04,0,1,-0.0235266847399477,-0.0235266847399477,0.6025638278252975,hold
2022-03-07,1,1,0.0094747765094835,0.0094747765094835,0.6082729854266411,hold
2022-03-08,-1,-1,0.0207262900882942,-0.0207262900882942,0.5944491971069625,flip
2022-03-09,0,-1,0.0152673871904744,-0.0152673871904744,0.585373511049664,hold
2022-03-10,1,1,0.0021421537513466,0.0021421537513466,0.5854567240901986,flip
2022-03-11,-1,-1,0.014482565042708,-0.014482565042708,0.5758068955556911,flip
2022-03-14,-1,-1,-0.0123464565033122,0.0123464565033122,0.5829160703459767,hold
2022-03-15,-1,-1,0.0187451004846066,-0.0187451004846066,0.5719892500332493,hold
2022-03-16,0,-1,0.0183619883565082,-0.0183619883565082,0.561486390084091,hold
2022-03-17,0,-1,-0.0098022024704637,0.0098022024704637,0.5669901933641049,hold
2022-03-21,0,-1,0.0115612232521558,-0.0115612232521558,0.5604350931568396,hold
2022-03-22,-1,-1,-0.004033935455228,0.004033935455228,0.5626958521494789,hold
2022-03-23,-1,-1,-0.0013278937068936,0.0013278937068936,0.5634430524304433,hold
2022-03-24,-1,-1,-0.0040498758909001,0.0040498758909001,0.5657249268643765,hold
2022-03-25,-1,-1,0.0040226199498629,-0.0040226199498629,0.5634492304874371,hold
2022-03-28,0,-1,0.005998187274997,-0.005998187274997,0.5600695564830205,hold
2022-03-29,0,-1,0.0099824655821947,-0.0099824655821947,0.5544786814117937,hold
2022-03-30,-1,-1,-0.0019144771620018,0.0019144771620018,0.5555402181841734,hold
2022-03-31,-1,-1,0.0117779652585923,-0.0117779652585923,0.5489970847946495,hold
2022-04-01,-1,-1,0.0216718413399843,-0.0216718413399843,0.5370993070768659,hold
2022-04-04,0,-1,-0.005317557796472,0.005317557796472,0.5399553636846922,hold
2022-04-05,-1,-1,-0.0083391803235717,0.0083391803235717,0.5444581488291386,hold
2022-04-06,-1,-1,-0.0094397411049521,0.0094397411049521,0.5495976927965671,hold
2022-04-07,-1,-1,0.0082087593907955,-0.0082087593907955,0.5450861775746638,hold
2022-04-08,-1,-1,-0.006151497975913,0.006151497975913,0.5484392740927125,hold
2022-04-11,0,-1,-0.0081838106412522,0.0081838106412522,0.5529275972601131,hold
2022-04-12,0,-1,-0.0031174816283502,0.0031174816283502,0.5546513388863793,hold
2022-04-13,0,-1,-0.0172811880101475,0.0172811880101475,0.5642363729537548,hold
2022-04-18,0,-1,-0.0125191788064678,0.0125191788064678,0.5713001489958758,hold
2022-04-19,0,-1,0.010490244596548,-0.010490244596548,0.5653070706948647,hold
2022-04-20,-1,-1,0.014941678252146,-0.014941678252146,0.556860434330879,hold
2022-04-21,-1,-1,-0.0126864526051679,0.0126864526051679,0.5639250178387109,hold
2022-04-22,0,-1,-0.0126951225643019,0.0126951225643019,0.5710841150572494,hold
2022-04-25,0,-1,0.0145601216162072,-0.0145601216162072,0.5627690608889317,hold
2022-04-26,-1,-1,-0.0094414436101153,0.0094414436101153,0.5680824132428322,hold
2022-04-27,0,-1,0.0121285088909346,-0.0121285088909346,0.5611924206430329,hold
2022-04-28,-1,-1,-0.0082632403816946,0.0082632403816946,0.5658296885151913,hold
2022-04-29,1,1,-0.0019559171203674,-0.0019559171203674,0.563591313163182,flip
2022-05-02,0,1,-0.0229361834519363,-0.0229361834519363,0.5506646794125536,hold
2022-05-04,0,1,0.0003028482136697,0.0003028482136697,0.5508314472270447,hold
2022-05-05,-1,-1,-0.0162684216398562,0.0162684216398562,0.5586909425685723,flip
2022-05-06,1,1,-0.0066661826871809,-0.0066661826871809,0.5538492247945997,flip
2022-05-09,1,1,-0.0037909688880922,-0.0037909688880922,0.5517495996147095,hold
2022-05-10,1,1,-0.0044919933245182,-0.0044919933245182,0.5492711440964346,hold
2022-05-11,1,1,-0.0222117521417858,-0.0222117521417858,0.5370708695851295,hold
2022-05-12,0,1,-0.0016352232651188,-0.0016352232651188,0.5361926388041663,hold
2022-05-13,0,1,0.0038112305721171,0.0038112305721171,0.538236192581721,hold
2022-05-16,-1,-1,0.0263219359020472,-0.0263219359020472,0.5229923016352594,flip
2022-05-17,1,1,-0.0011685620062508,-0.0011685620062508,0.5213351680987363,flip
2022-05-18,-1,-1,-0.0265327253341793,0.0265327253341793,0.5341249405847508,flip
2022-05-19,-1,-1,0.0288910387942893,-0.0288910387942893,0.5186935162053192,hold
2022-05-20,0,-1,-0.0031630222318707,0.0031630222318707,0.5203341553286038,hold
2022-05-23,1,1,-0.0055227542667355,-0.0055227542667355,0.5164198093414774,flip
2022-05-24,0,1,-0.0061612191843656,-0.0061612191843656,0.5132380337049762,hold
2022-05-25,0,1,0.0090073873189953,0.0090073873189953,0.5178609674613965,hold
2022-05-26,0,1,0.0112738471989222,0.0112738471989222,0.5236992528788423,hold
2022-05-27,-1,-1,0.0188932050929628,-0.0188932050929628,0.5127574969814133,flip
2022-05-30,1,1,-0.0046124339835348,-0.0046124339835348,0.5093669218830611,flip
2022-05-31,0,1,-0.0037264067061659,-0.0037264067061659,0.507468813569457,hold
2022-06-01,0,1,0.0063700049931154,0.0063700049931154,0.5107013924457448,hold
2022-06-02,0,1,-0.0026280502014673,-0.0026280502014673,0.5093592435484381,hold
2022-06-03,-1,-1,-0.0008893953501298,0.0008893953501298,0.5087935468040988,flip
2022-06-06,-1,-1,-0.0092459460064759,0.0092459460064759,0.513497824466293,hold
2022-06-07,0,-1,-0.0036609606157923,0.0036609606157923,0.5153777197779591,hold
2022-06-08,0,-1,0.0074497277416889,-0.0074497277416889,0.5115382960814808,hold
2022-06-09,-1,-1,-0.0167676984141,0.0167676984141,0.5201156159574377,hold
2022-06-10,0,-1,-0.0263797491152091,0.0263797491152091,0.5338361354172974,hold
2022-06-13,0,-1,-0.0026816094559853,0.0026816094559853,0.5352676754459791,hold
2022-06-14,1,1,-0.002539344381356,-0.002539344381356,0.5328379111309219,flip
2022-06-15,0,1,-0.0211284478542902,-0.0211284478542902,0.5215798731108033,hold
2022-06-16,1,1,-0.0043682936266399,-0.0043682936266399,0.5193014590753098,hold
2022-06-17,1,1,0.0037042135956451,0.0037042135956451,0.5212250626002549,hold
2022-06-20,-1,-1,0.018804337854487,-0.018804337854487,0.5103813202996931,flip
2022-06-21,1,1,-0.0144192650853174,-0.0144192650853174,0.5020012341070981,flip
2022-06-22,0,1,0.0093004475196092,0.0093004475196092,0.5066700702396902,hold
2022-06-23,0,1,0.0091664725885294,0.0091664725885294,0.5113144475499707,hold
2022-06-24,-1,-1,0.008458990377725,-0.008458990377725,0.5059666146630537,flip
2022-06-27,-1,-1,0.0011464333961117,-0.0011464333961117,0.5053865576386865,hold
2022-06-28,-1,-1,-0.0032239710103227,0.0032239710103227,0.5070159092495204,hold
2022-06-29,-1,-1,-0.0011930812414028,0.0011930812414028,0.5076208204199388,hold
2022-06-30,-1,-1,-0.0017870563085186,0.0017870563085186,0.5085279674094056,hold
2022-07-01,0,-1,0.0052881882498054,-0.0052881882498054,0.5058387757874538,hold
2022-07-04,1,1,-0.0015471713984448,-0.0015471713984448,0.5040444789497562,flip
2022-07-05,-1,-1,0.0113181897073002,-0.0113181897073002,0.49733151895818606,flip
2022-07-06,-1,-1,0.0089494920315105,-0.0089494920315105,0.49288065449225077,hold
2022-07-07,0,-1,0.0054360478665673,-0.0054360478665673,0.4902013316619259,hold
2022-07-08,0,-1,-0.0002835659276332,0.0002835659276332,0.4903403360572657,hold
2022-07-11,1,1,-0.0097249750439381,-0.0097249750439381,0.48459110785395804,flip
2022-07-12,0,1,-0.0057072925015229,-0.0057072925015229,0.48182540465779844,hold
2022-07-13,0,1,-0.0017536552323109,-0.0017536552323109,0.48098044901586,hold
2022-07-14,0,1,0.0069359576863876,0.0069359576863876,0.4843165090582138,hold
2022-07-15,0,1,0.0142873041582765,0.0142873041582765,0.49123608633200316,hold
2022-07-18,0,1,0.0038117642711243,0.0038117642711243,0.49310856249457047,hold
2022-07-19,-1,-1,0.0110338885069691,-0.0110338885069691,0.48668144046918443,flip
2022-07-20,0,-1,0.005108719746296,-0.005108719746296,0.4841951213841037,hold
2022-07-21,0,-1,0.0068772959606149,-0.0068772959606149,0.48086516823165937,hold
2022-07-22,0,-1,-0.0052901993117577,0.0052901993117577,0.4834090408136868,hold
2022-07-25,-1,-1,-0.008847958067765,0.008847958067765,0.48768622373638476,hold
2022-07-26,-1,-1,0.0095821774414373,-0.0095821774414373,0.4830131278047982,hold
2022-07-27,-1,-1,0.0172937311236929,-0.0172937311236929,0.4746600286433281,hold
2022-07-28,-1,-1,0.0135059538264792,-0.0135059538264792,0.468249292213196,hold
2022-07-29,-1,-1,0.0105955316684394,-0.0105955316684394,0.4632879420088267,hold
2022-08-01,-1,-1,0.0003113276638058,-0.0003113276638058,0.4631437076561717,hold
2022-08-02,-1,-1,0.0024618083588656,-0.0024618083588656,0.46200353660530774,hold
2022-08-03,-1,-1,-0.0003537116074355,0.0003537116074355,0.4621669526188813,hold
2022-08-04,-1,-1,0.0008917270739845,-0.0008917270739845,0.4617548258345301,hold
2022-08-05,-1,-1,0.0073343646716481,-0.0073343646716481,0.4583681475529663,hold
2022-08-08,-1,-1,0.0005506610997998,-0.0005506610997998,0.45811574204472155,hold
2022-08-10,-1,-1,0.0070859293688247,-0.0070859293688247,0.45486956625384595,hold
2022-08-11,0,-1,0.0022170219505635,-0.0022170219505635,0.4538611104408179,hold
2022-08-12,-1,-1,0.0071815193435313,-0.0071815193435313,0.4506016980969106,hold
2022-08-16,0,-1,0.0066759231988331,-0.0066759231988331,0.4475935157671518,hold
2022-08-17,0,-1,0.000682669936052,-0.000682669936052,0.44728795713036573,hold
2022-08-18,-1,-1,-0.011029475746944,0.011029475746944,0.45222130880543526,hold
2022-08-19,-1,-1,-0.0150773300473388,0.0150773300473388,0.4590395987327343,hold
2022-08-22,-1,-1,0.0049626821755044,-0.0049626821755044,0.4567615310982527,hold
2022-08-23,-1,-1,0.0015616110795051,-0.0015616110795051,0.4560482472305979,hold
2022-08-24,-1,-1,-0.0046861822192667,0.0046861822192667,0.4581853724178977,hold
2022-08-25,0,-1,0.0020802555293466,-0.0020802555293466,0.4572322297634596,hold
2022-08-26,1,1,-0.0140099889245538,-0.0140099889245538,0.44991194682899754,flip
2022-08-29,0,1,0.0257842637890255,0.0257842637890255,0.46151259514787046,hold
2022-08-30,0,1,-0.0121907952721076,-0.0121907952721076,0.45588638958492367,hold
2022-09-01,0,1,-0.0001910505934481,-0.0001910505934481,0.45579929221964854,hold
2022-09-02,0,1,0.0072038500710118,0.0072038500710118,0.4590828019832722,hold
2022-09-05,0,1,-0.0005774531254664,-0.0005774531254664,0.4588177031844191,hold
2022-09-06,1,1,-0.0017671004916441,-0.0017671004916441,0.4580069261955469,hold
2022-09-07,0,1,0.0098925129655895,0.0098925129655895,0.46253776565126614,hold
2022-09-08,0,1,0.0019439347917691,0.0019439347917691,0.4634369089064228,hold
2022-09-09,1,1,0.005775695663245,0.005775695663245,0.4661135794513813,hold
2022-09-12,0,1,0.0074542019299801,0.0074542019299801,0.46958808419491777,hold
2022-09-13,0,1,-0.0036690976717561,-0.0036690976717561,0.4678651196485138,hold
2022-09-14,0,1,-0.0070179606679163,-0.0070179606679163,0.4645816606409306,hold
2022-09-15,0,1,-0.0193848531485446,-0.0193848531485446,0.4555758133738992,hold
2022-09-16,0,1,0.0052136885924867,0.0052136885924867,0.45795104379509954,hold
2022-09-19,0,1,0.0110088098852303,0.0110088098852303,0.4629925397729826,hold
2022-09-20,-1,-1,-0.0054950054374517,0.0054950054374517,0.4646107012169887,flip
2022-09-21,0,-1,-0.0049975776569025,0.0049975776569025,0.46693262927654855,hold
2022-09-22,0,-1,-0.0171556772324205,0.0171556772324205,0.4749431747537024,hold
2022-09-23,0,-1,-0.0179513217622564,0.0179513217622564,0.4834690325024937,hold
2022-09-26,0,-1,-0.0005230508522044,0.0005230508522044,0.4837219113919586,hold
2022-09-27,-1,-1,-0.0087491784653945,0.0087491784653945,0.48795408072234864,hold
2022-09-28,1,1,-0.0024023347691036,-0.0024023347691036,0.4858059435070587,flip
2022-09-29,1,1,0.016425755966269,0.016425755966269,0.49378567338206875,hold
2022-09-30,-1,-1,-0.0121092644487904,0.0121092644487904,0.4987774833353121,flip
2022-10-03,0,-1,0.0229136709327191,-0.0229136709327191,0.4873486602135169,hold
2022-10-04,1,1,0.0033286441360573,0.0033286441360573,0.48799617315312505,flip
2022-10-06,-1,-1,-0.0009895331040011,0.0009895331040011,0.48750306917477965,flip
2022-10-07,-1,-1,-0.0042536458411471,0.0042536458411471,0.4895767345775214,hold
2022-10-10,1,1,-0.0149323831999303,-0.0149323831999303,0.48128703370188425,flip
2022-10-11,-1,-1,0.0082461453396196,-0.0082461453396196,0.4763556968045003,flip
2022-10-12,-1,-1,-0.0063800837728176,0.0063800837728176,0.4793948860557719,hold
2022-10-13,0,-1,0.0100708880038873,-0.0100708880038873,0.47456695384866787,hold
2022-10-14,-1,-1,0.0073375869608156,-0.0073375869608156,0.4710847775560739,hold
2022-10-17,-1,-1,0.010117285874136,-0.010117285874136,0.46631867819058537,hold
2022-10-18,0,-1,0.0014468379208691,-0.0014468379208691,0.46564399064376966,hold
2022-10-19,0,-1,0.002952174549244,-0.002952174549244,0.4642693283055827,hold
2022-10-20,-1,-1,0.0007032337856462,-0.0007032337856462,0.46394283842827894,hold
2022-10-21,-1,-1,0.0087873563767617,-0.0087873563767617,0.4598660073685633,hold
2022-10-24,0,-1,-0.004196122026705,0.004196122026705,0.46179566125141547,hold
2022-10-25,0,-1,0.0045649078749665,-0.0045649078749665,0.4596876066007435,hold
2022-10-27,0,-1,0.0028106052447454,-0.0028106052447454,0.458395606202687,hold
2022-10-28,-1,-1,0.0126722303955641,-0.0126722303955641,0.45258671146857227,hold
2022-10-31,-1,-1,0.0073950532223929,-0.0073950532223929,0.4492398086495144,hold
2022-11-01,0,-1,-0.0034471976315451,0.0034471976315451,0.4507884270538868,hold
2022-11-02,-1,-1,-0.0016673473084335,0.0016673473084335,0.451540047924408,hold
2022-11-03,-1,-1,0.0035701681556883,-0.0035701681556883,0.4499279740242903,hold
2022-11-04,-1,-1,0.0047275862251119,-0.0047275862251119,0.4478009007320005,hold
2022-11-07,0,-1,-0.0025161392359563,0.0025161392359563,0.4489276301482289,hold
2022-11-09,0,-1,-0.0070937259046097,0.0070937259046097,0.45211219970750643,hold
2022-11-10,0,-1,0.0178331732470333,-0.0178331732470333,0.44404960452302517,hold
2022-11-11,-1,-1,-0.0011198455015547,0.0011198455015547,0.4445468714751174,hold
2022-11-14,-1,-1,0.0040509242609507,-0.0040509242609507,0.44274604576832916,hold
2022-11-15,-1,-1,0.0003396111515991,-0.0003396111515991,0.4425956842738598,hold
2022-11-16,-1,-1,-0.0035714963948192,0.0035714963948192,0.44417641316460643,hold
2022-11-17,-1,-1,-0.0019761337135545,0.0019761337135545,0.4450541651494267,hold
2022-11-18,0,-1,-0.0080677295405768,0.0080677295405768,0.4486447417847595,hold
2022-11-21,0,-1,0.0046393301536886,-0.0046393301536886,0.44656333070590365,hold
2022-11-22,0,-1,0.0012634580983039,-0.0012634580983039,0.44599911664931774,hold
2022-11-23,-1,-1,0.0118709498898301,-0.0118709498898301,0.44070468348466524,hold
2022-11-24,0,-1,0.0015500019600884,-0.0015500019600884,0.4400215903614439,hold
2022-11-25,0,-1,0.0027008413120686,-0.0027008413120686,0.43883316187199356,hold
2022-11-28,0,-1,0.0029791265437502,-0.0029791265437502,0.43752582235118287,hold
2022-11-29,0,-1,0.0075356346254191,-0.0075356346254191,0.43422878761475836,hold
2022-11-30,0,-1,0.0028867353340049,-0.0028867353340049,0.4329752840305087,hold
2022-12-01,-1,-1,-0.006187396179402,0.006187396179402,0.4356542736486945,hold
2022-12-02,0,-1,0.0002648237856262,-0.0002648237856262,0.4355389020347226,hold
2022-12-05,-1,-1,-0.0031175136590962,0.0031175136590962,0.43689670051088364,hold
2022-12-06,0,-1,-0.0044119027503989,0.0044119027503989,0.43882424626550776,hold
2022-12-07,0,-1,0.0026319123609277,-0.0026319123609277,0.43766929930748677,hold
2022-12-08,0,-1,-0.0060587824059793,0.0060587824059793,0.44032104235776826,hold
2022-12-09,0,-1,2.977743269738653e-05,-2.977743269738653e-05,0.4403079307275642,hold
2022-12-12,1,1,0.0059927938646799,0.0059927938646799,0.44206598953194315,flip
2022-12-13,1,1,0.0028106610731943,0.0028106610731943,0.44330848720050375,hold
2022-12-14,0,1,-0.0131509343553336,-0.0131509343553336,0.43747856638616767,hold
2022-12-15,0,1,-0.0079229530179417,-0.0079229530179417,0.4340124442583336,hold
2022-12-16,0,1,0.0082899566889265,0.0082899566889265,0.4376103886236903,hold
2022-12-19,1,1,-0.0019081205394395,-0.0019081205394395,0.43677537525288535,hold
2022-12-20,1,1,-0.0101277196435586,-0.0101277196435586,0.432351836705114,hold
2022-12-21,0,1,-0.0039425027358517,-0.0039425027358517,0.4306472884060536,hold
2022-12-22,1,1,-0.0176831602541178,-0.0176831602541178,0.4230320833921681,hold
2022-12-23,0,1,0.0116696328935068,0.0116696328935068,0.42796871250753005,hold
2022-12-26,-1,-1,0.0065336546149905,-0.0065336546149905,0.42431657532896866,flip
2022-12-27,-1,-1,-0.0005405150382313,0.0005405150382313,0.4245459248189048,hold
2022-12-28,-1,-1,0.0037798317009243,-0.0037798317009243,0.42294121267377605,hold
2022-12-29,-1,-1,-0.0047110779368918,0.0047110779368918,0.4249337216894057,hold
2022-12-30,1,1,0.0050895833553579,0.0050895833553579,0.42624658984306757,flip
2023-01-02,0,1,0.0019289276248581,0.0019289276248581,0.42706878866521747,hold
2023-01-03,-1,-1,-0.0103990694870288,0.0103990694870288,0.43065576909695785,flip
2023-01-04,0,-1,-0.0028154392892826,0.0028154392892826,0.4318682542694296,hold
2023-01-05,1,1,-0.0073755037054461,-0.0073755037054461,0.427819271851262,flip
2023-01-06,0,1,0.0135362517084902,0.0135362517084902,0.43361034120078373,hold
2023-01-09,0,1,-0.0103335047509585,-0.0103335047509585,0.4291296266799207,hold
2023-01-10,0,1,-0.0010299775022909,-0.0010299775022909,0.4286876328188739,hold
2023-01-11,-1,-1,-0.0020954755408891,0.0020954755408891,0.4287285620024897,flip
2023-01-12,0,-1,0.0055100959183882,-0.0055100959183882,0.42636622650290334,hold
2023-01-13,1,1,-0.0034388470725693,-0.0034388470725693,0.42404728580004564,flip
2023-01-16,0,1,0.0088545685118242,0.0088545685118242,0.42780204154441526,hold
2023-01-17,1,1,0.00620655632356,0.00620655632356,0.43045721901059464,hold
2023-01-18,1,1,-0.003165367099256,-0.003165367099256,0.42909466389190126,hold
2023-01-19,1,1,-0.0044289753051891,-0.0044289753051891,0.4271942142219356,hold
2023-01-20,1,1,0.0050422760956287,0.0050422760956287,0.4293482453964978,hold
2023-01-23,0,1,-1.3798013043020418e-05,-1.3798013043020418e-05,0.42934232124380783,hold
2023-01-24,1,1,-0.0124929796250122,-0.0124929796250122,0.4239785563723535,hold
2023-01-25,0,1,-0.0160742469061787,-0.0160742469061787,0.4171634203742991,hold
2023-01-27,0,1,0.0025334426073457,0.0025334426073457,0.41822027995770145,hold
2023-01-30,0,1,0.0007479862801675,0.0007479862801675,0.41853310298919766,hold
2023-01-31,0,1,-0.0025959245256645,-0.0025959245256645,0.41744662264234556,hold
2023-02-01,1,1,-0.0003349392530399,-0.0003349392530399,0.41730680338237375,hold
2023-02-02,-1,-1,0.0138355963078902,-0.0138355963078902,0.4106985013074744,flip
2023-02-03,0,-1,-0.0050101331608701,0.0050101331608701,0.4127561554879946,hold
2023-02-06,0,-1,-0.0024261514654264,0.0024261514654264,0.4137575644394956,hold
2023-02-07,0,-1,0.0084755364246817,-0.0084755364246817,0.41025074713110105,hold
2023-02-08,0,-1,0.0012170079483646,-0.0012170079483646,0.40975146871102003,hold
2023-02-09,0,-1,-0.0020649578680046,0.0020649578680046,0.41059758823026127,hold
2023-02-10,1,1,-0.0047937507000251,-0.0047937507000251,0.4078080905777933,flip
2023-02-13,1,1,0.0089443537049958,0.0089443537049958,0.4114556703836801,hold
2023-02-14,0,1,0.0047964707944361,0.0047964707944361,0.41342920548988055,hold
2023-02-15,0,1,0.0011101336008929,0.0011101336008929,0.41388816714248533,hold
2023-02-16,0,1,-0.0050815676893513,-0.0050815676893513,0.41178496640532924,hold
2023-02-17,0,1,-0.0055505184801407,-0.0055505184801407,0.40949934633945234,hold
2023-02-20,0,1,-0.001003126492992,-0.001003126492992,0.40908856669627636,hold
2023-02-21,-1,-1,-0.0152803631315826,0.0152803631315826,0.41452141141498156,flip
2023-02-22,0,-1,-0.0024524349779846,0.0024524349779846,0.4155379982234592,hold
2023-02-23,0,-1,-0.002595429723749,0.002595429723749,0.4166164978953955,hold
2023-02-24,1,1,-0.0041854114458053,-0.0041854114458053,0.414039553440802,flip
2023-02-27,1,1,-0.0051027157362857,-0.0051027157362857,0.41192682729601493,hold
2023-02-28,0,1,0.008492348770636,0.008492348770636,0.41542505358139425,hold
2023-03-01,1,1,-0.0073921687198044,-0.0073921687198044,0.4123541614948868,hold
2023-03-02,1,1,0.0157285986298278,0.0157285986298278,0.4188399145943791,hold
2023-03-03,1,1,0.0066555236183669,0.0066555236183669,0.42162751353827677,hold
2023-03-06,0,1,0.0024250512391459,0.0024250512391459,0.4226499818624408,hold
2023-03-08,-1,-1,-0.0092822498999752,0.0092822498999752,0.42572782465058306,flip
2023-03-09,0,-1,-0.010045664635585,0.010045664635585,0.43000454360306,hold
2023-03-10,0,-1,-0.0148510359316261,0.0148510359316261,0.4363905565308715,hold
2023-03-13,0,-1,-0.0064706805258611,0.0064706805258611,0.4392143004066855,hold
2023-03-14,1,1,-0.0041746837386849,-0.0041746837386849,0.4365022910081665,flip
2023-03-15,1,1,0.0007924286811309,0.0007924286811309,0.4368481879429407,hold
2023-03-16,-1,-1,0.0067381296219788,-0.0067381296219788,0.43303095185156876,flip
2023-03-17,-1,-1,-0.0065292432199922,0.0065292432199922,0.4358583162579924,hold
2023-03-20,0,-1,0.007010642946744,-0.007010642946744,0.43280266922733857,hold
2023-03-21,-1,-1,0.0025953757489405,-0.0025953757489405,0.4316793836755492,hold
2023-03-22,-1,-1,-0.0043726933046436,0.0043726933046436,0.43356698522629994,hold
2023-03-23,0,-1,-0.0077209333285906,0.0077209333285906,0.4369145270127102,hold
2023-03-24,0,-1,0.0023988383407489,-0.0023988383407489,0.43586643969368194,hold
2023-03-27,0,-1,-0.0020016838613549,0.0020016838613549,0.436738906511723,hold
2023-03-28,0,-1,0.0076098565893214,-0.0076098565893214,0.4334153860661917,hold
2023-03-29,1,1,0.0163371989446239,0.0163371989446239,0.43962934868188364,flip
2023-03-31,1,1,0.0022062979737611,0.0022062979737611,0.4405993020230864,hold
2023-04-03,-1,-1,0.0091389548173612,-0.0091389548173612,0.43569148630529037,flip
2023-04-05,0,-1,0.0023978747854371,-0.0023978747854371,0.4346467526760493,hold
2023-04-06,0,-1,0.001414863221935,-0.001414863221935,0.4340317869711545,hold
2023-04-10,0,-1,0.0055747683219642,-0.0055747683219642,0.4316121603144222,hold
2023-04-11,0,-1,0.0050839679614469,-0.0050839679614469,0.42941785791961273,hold
2023-04-12,0,-1,0.0008757724412713,-0.0008757724412713,0.429041785593857,hold
2023-04-13,-1,-1,-0.0067955121508301,0.0067955121508301,0.43195734426107385,hold
2023-04-17,-1,-1,-0.0026373533282438,0.0026373533282438,0.4330965684006201,hold
2023-04-18,-1,-1,-0.0023442830162407,0.0023442830162407,0.43411186933031387,hold
2023-04-19,0,-1,0.0003234746363958,-0.0003234746363958,0.43397144515122715,hold
2023-04-20,-1,-1,-2.260708945023282e-05,2.260708945023282e-05,0.43398125598250653,hold
2023-04-21,-1,-1,0.0067719737565652,-0.0067719737565652,0.4310423463061518,hold
2023-04-24,0,-1,0.0014568576938982,-0.0014568576938982,0.4304143789475397,hold
2023-04-25,-1,-1,0.0024958627615121,-0.0024958627615121,0.42934012372710517,hold
2023-04-26,-1,-1,0.0056951528101938,-0.0056951528101938,0.4268949661149318,hold
2023-04-27,-1,-1,0.0083700136036979,-0.0083700136036979,0.4233218494411996,hold
2023-04-28,0,-1,0.0045751669319125,-0.0045751669319125,0.4213850813140802,hold
2023-05-02,0,-1,-0.0031850283648763,0.0031850283648763,0.4227272047506012,hold
2023-05-03,1,1,0.0091737176073036,0.0091737176073036,0.4257597303424069,flip
2023-05-04,0,1,-0.0102324068655403,-0.0102324068655403,0.4214031835545807,hold
2023-05-05,0,1,0.0108141231183243,0.0108141231183243,0.4259602894639937,hold
2023-05-08,0,1,8.480038171931881e-05,8.480038171931881e-05,0.42599641105913755,hold
2023-05-09,0,1,0.0026908205008338,0.0026908205008338,0.4271426909352971,hold
2023-05-10,0,1,-0.0009882342854272,-0.0009882342854272,0.4267205738833452,hold
2023-05-11,-1,-1,0.0009728797753729,-0.0009728797753729,0.4254519849195119,flip
2023-05-12,0,-1,0.0045891205221868,-0.0045891205221868,0.42349953448431266,hold
2023-05-15,-1,-1,-0.0061063388070606,0.0061063388070606,0.4260855661265063,hold
2023-05-16,0,-1,-0.0057282694884204,0.0057282694884204,0.4285262990744051,hold
2023-05-17,0,-1,-0.0028490536527011,0.0028490536527011,0.4297471934920615,hold
2023-05-18,0,-1,0.0040513721791914,-0.0040513721791914,0.4280061276682622,hold
2023-05-19,0,-1,0.0060977618257063,-0.0060977618257063,0.4253962482417983,hold
2023-05-22,0,-1,0.0018346005688616,-0.0018346005688616,0.42461581604278226,hold
2023-05-23,0,-1,-0.0034117947119577,0.0034117947119577,0.4260645180385706,hold
2023-05-24,-1,-1,0.0019551116867164,-0.0019551116867164,0.42523151432005823,hold
2023-05-25,0,-1,0.0097264208278746,-0.0097264208278746,0.42109553366250696,hold
2023-05-26,0,-1,0.0053677985089635,-0.0053677985089635,0.4188351776847822,hold
2023-05-29,0,-1,0.0018925684396833,-0.0018925684396833,0.4180425034460668,hold
2023-05-30,-1,-1,-0.0053370195013254,0.0053370195013254,0.42027360443934136,hold
2023-05-31,0,-1,-0.0025169624936233,0.0025169624936233,0.42133141733877505,hold
2023-06-01,-1,-1,0.0025070443604549,-0.0025070443604549,0.4202751207850534,hold
2023-06-02,0,-1,0.0032237875731377,-0.0032237875731377,0.4189202430733676,hold
2023-06-05,0,-1,0.0002769943144211,-0.0002769943144211,0.4188042045478404,hold
2023-06-06,0,-1,0.0068498516385289,-0.0068498516385289,0.4159354578810956,hold
2023-06-07,0,-1,-0.0049048192636628,0.0049048192636628,0.41797554612735116,hold
2023-06-08,1,1,-0.0038181972541345,-0.0038181972541345,0.4155436819525777,flip
2023-06-09,1,1,0.0020524046550352,0.0020524046550352,0.4163965457397876,hold
2023-06-12,0,1,0.0061635024393194,0.0061635024393194,0.41896300686517896,hold
2023-06-13,0,1,0.0021238341844009,0.0021238341844009,0.41985281482115866,hold
2023-06-14,0,1,-0.0036149041015322,-0.0036149041015322,0.41833508715882184,hold
2023-06-15,0,1,0.007379048352023,0.007379048352023,0.42142200199431457,hold
2023-06-16,0,1,-0.0037475183921172,-0.0037475183921172,0.41984271529099804,hold
2023-06-19,0,1,0.0032657175674986,0.0032657175674986,0.42121380302191014,hold
2023-06-20,0,1,0.002133763746672,0.002133763746672,0.42211257376439615,hold
2023-06-21,0,1,-0.0045394438174043,-0.0045394438174043,0.4201964174511727,hold
2023-06-22,1,1,-0.0056336152360657,-0.0056336152360657,0.41782919251167955,hold
2023-06-23,0,1,0.0013768299134766,0.0013768299134766,0.4184044722426534,hold
2023-06-26,0,1,0.0067519034171119,0.0067519034171119,0.4212294988285235,hold
2023-06-27,1,1,0.0082210728123248,0.0082210728123248,0.42469245720909193,hold
2023-06-28,0,1,0.0114352747635688,0.0114352747635688,0.4295489321472931,hold
2023-06-30,0,1,0.0069570924336936,0.0069570924336936,0.43253734377303626,hold
2023-07-03,0,1,0.0034389465191355,0.0034389465191355,0.43402481656580066,hold
2023-07-04,0,1,0.0004899685388621,0.0004899685388621,0.43423747507100335,hold
2023-07-05,0,1,0.0050932175812563,0.0050932175812563,0.4364491410134754,hold
2023-07-06,-1,-1,-0.0084883544577184,0.0084883544577184,0.4392809777431375,flip
2023-07-07,-1,-1,0.0012466303397029,-0.0012466303397029,0.43873335674862857,hold
2023-07-10,-1,-1,0.0043139300324381,-0.0043139300324381,0.4368406917447183,hold
2023-07-11,0,-1,-0.0028344294714754,0.0028344294714754,0.4380788858757393,hold
2023-07-12,0,-1,0.0015192303855748,-0.0015192303855748,0.43741334312103813,hold
2023-07-13,-1,-1,0.0077651149314275,-0.0077651149314275,0.43401677823916335,hold
2023-07-14,-1,-1,0.0075110132510414,-0.0075110132510414,0.4307568724666347,hold
2023-07-17,0,-1,0.0019177068530324,-0.0019177068530324,0.4299308070603146,hold
2023-07-18,-1,-1,0.0042482823714824,-0.0042482823714824,0.42810433959172306,hold
2023-07-19,-1,-1,0.0073614124394989,-0.0073614124394989,0.42495288698084904,hold
2023-07-20,-1,-1,-0.011719737128305,0.011719737128305,0.42993322310817894,hold
2023-07-21,-1,-1,-0.0036794322929856,0.0036794322929856,0.4315151332931106,hold
2023-07-24,0,-1,0.0004193703428323,-0.0004193703428323,0.4313341686437241,hold
2023-07-25,-1,-1,0.0049643391875346,-0.0049643391875346,0.4291928795274034,hold
2023-07-26,0,-1,-0.0059863783008722,0.0059863783008722,0.43176219046829517,hold
2023-07-27,0,-1,-0.0007044597937843,0.0007044597937843,0.4320663495719563,hold
2023-07-28,-1,-1,0.0054845628365591,-0.0054845628365591,0.4296966545281662,hold
2023-07-31,0,-1,-0.0010251191770254,0.0010251191770254,0.43013714480902665,hold
2023-08-01,-1,-1,-0.0104897492749598,0.0104897492749598,0.4346491756119204,hold
2023-08-02,0,-1,-0.0074206854169113,0.0074206854169113,0.43787457041085626,hold
2023-08-03,0,-1,0.0069833892701145,-0.0069833892701145,0.43481672183419307,hold
2023-08-04,1,1,0.0041144018676027,0.0041144018676027,0.4357360991229042,flip
2023-08-07,1,1,-0.0013497354646058,-0.0013497354646058,0.435147970656709,hold
2023-08-08,-1,-1,0.0031527078847637,-0.0031527078847637,0.4329057802772672,flip
2023-08-09,0,-1,-0.0045562684580157,0.0045562684580157,0.4348782152292372,hold
2023-08-10,0,-1,-0.0058741361615907,0.0058741361615907,0.43743274907920326,hold
2023-08-11,1,1,0.0003216956578122,0.0003216956578122,0.43669860379700853,flip
2023-08-14,-1,-1,0.0015667570139761,-0.0015667570139761,0.43514100598892197,flip
2023-08-16,1,1,-0.0051245825841254,-0.0051245825841254,0.43204080795601446,flip
2023-08-17,1,1,-0.0028452826260957,-0.0028452826260957,0.4308115297513728,hold
2023-08-18,1,1,0.0043215209131937,0.0043215209131937,0.43267329078683836,hold
2023-08-21,1,1,0.0001469355577301,0.0001469355577301,0.4327368658781351,hold
2023-08-22,1,1,0.0024515199000461,0.0024515199000461,0.4337977289163189,hold
2023-08-23,0,1,-0.0029469646806212,-0.0029469646806212,0.43251934233066885,hold
2023-08-24,0,1,-0.0062361537740819,-0.0062361537740819,0.42982208520163,hold
2023-08-25,0,1,0.0020891942389009,0.0020891942389009,0.43072006702578564,hold
2023-08-28,1,1,0.001895758474361,0.001895758474361,0.43153660824292717,hold
2023-08-29,1,1,0.0002480956863764,0.0002480956863764,0.43164367061394576,hold
2023-08-30,1,1,-0.0048403506033882,-0.0048403506033882,0.42955436391244084,hold
2023-08-31,1,1,0.0094267101889176,0.0094267101889176,0.4336036484114283,hold
2023-09-01,0,1,0.0048108337016425,0.0048108337016425,0.4356896434563612,hold
2023-09-04,1,1,0.0023605960187407,0.0023605960187407,0.43671813069411086,hold
2023-09-05,1,1,0.0018467726478093,0.0018467726478093,0.43752464979267913,hold
2023-09-06,1,1,0.0059150323607803,0.0059150323607803,0.44011262225484193,hold
2023-09-07,0,1,0.004709190366575,0.004709190366575,0.4421851963757725,hold
2023-09-08,0,1,0.0089001434200508,0.0089001434200508,0.44612070804174025,hold
2023-09-11,0,1,-0.0001575482868895,-0.0001575482868895,0.44605042248844234,hold
2023-09-12,1,1,0.0038413452699443,0.0038413452699443,0.44776385616902503,hold
2023-09-13,0,1,0.0016492082399102,0.0016492082399102,0.44850231201015295,hold
2023-09-14,-1,-1,0.0044396138771742,-0.0044396138771742,0.4456141302977877,flip
2023-09-15,-1,-1,-0.0029243168460981,0.0029243168460981,0.4469172472058769,hold
2023-09-18,-1,-1,-0.011518249945432,0.011518249945432,0.4520649517641186,hold
2023-09-20,0,-1,-0.0079919391664983,0.0079919391664983,0.4556778273579234,hold
2023-09-21,-1,-1,-0.0034494176591149,0.0034494176591149,0.4572496505024789,hold
2023-09-22,0,-1,1.5288066889551644e-05,-1.5288066889551644e-05,0.4572426600392368,hold
2023-09-25,-1,-1,-0.0005007261720755,0.0005007261720755,0.45747161340610787,hold
2023-09-26,-1,-1,0.0026316191986632,-0.0026316191986632,0.45626772232542495,hold
2023-09-27,-1,-1,-0.0097836296667737,0.0097836296667737,0.4607316767495592,hold
2023-09-28,0,-1,0.0058775169171687,-0.0058775169171687,0.4580237185251882,hold
2023-09-29,0,-1,-0.0055784246544688,0.0055784246544688,0.4605787693289406,hold
2023-10-03,0,-1,-0.0047443072713306,0.0047443072713306,0.4627638965332884,hold
2023-10-04,1,1,0.0056415841052857,0.0056415841052857,0.46444909018340413,flip
2023-10-05,-1,-1,0.0055127073660514,-0.0055127073660514,0.4609598200824274,flip
2023-10-06,-1,-1,-0.0071819467588469,0.0071819467588469,0.4642704089682271,hold
2023-10-09,0,-1,0.0090968029762401,-0.0090968029762401,0.46004703253014473,hold
2023-10-10,0,-1,0.0061706921287072,-0.0061706921287072,0.45720822392767585,hold
2023-10-11,0,-1,-0.0008757409120068,0.0008757409120068,0.45760861987467527,hold
2023-10-12,-1,-1,-0.002169809980297,0.002169809980297,0.45860154362514927,hold
2023-10-13,0,-1,-0.0009772027556287,0.0009772027556287,0.45904969031731535,hold
2023-10-16,-1,-1,0.0040417094276989,-0.0040417094276989,0.4571943448561776,hold
2023-10-17,0,-1,-0.0070868127413371,0.0070868127413371,0.4604343955645716,hold
2023-10-18,0,-1,-0.0023588102112444,0.0023588102112444,0.46152047291843745,hold
2023-10-19,0,-1,-0.0041808960845935,0.0041808960845935,0.4634500420566219,hold
2023-10-20,1,1,-0.0133503074255556,-0.0133503074255556,0.45633594143466605,flip
2023-10-23,0,1,-0.008277236732921,-0.008277236732921,0.45255874081767095,hold
2023-10-25,0,1,-0.0138530649123475,-0.0138530649123475,0.4462894152044735,hold
2023-10-26,0,1,0.0100757003274603,0.0100757003274603,0.45078609361139127,hold
2023-10-27,0,1,0.0049167407696648,0.0049167407696648,0.45300249197624837,hold
2023-10-30,-1,-1,-0.0032026069828995,0.0032026069828995,0.45354727593636984,flip
2023-10-31,1,1,-0.0047406245729368,-0.0047406245729368,0.4504900840232046,flip
2023-11-01,0,1,0.0075885232572669,0.0075885232572669,0.45390863850298285,hold
2023-11-02,-1,-1,0.0050879808383312,-0.0050879808383312,0.4506913427709207,flip
2023-11-03,-1,-1,0.0094199033989916,-0.0094199033989916,0.4464458738592568,hold
2023-11-06,-1,-1,-0.0002601919584787,0.0002601919584787,0.446562035485531,hold
2023-11-07,-1,-1,0.0018962926582819,-0.0018962926582819,0.4457152231761723,hold
2023-11-08,-1,-1,-0.002478937369815,0.002478937369815,0.4468201232991992,hold
2023-11-09,1,1,0.0015492839458333,0.0015492839458333,0.4466187342963035,flip
2023-11-10,-1,-1,0.0009369804014345,-0.0009369804014345,0.44530702382676174,flip
2023-11-13,0,-1,0.0119267535086042,-0.0119267535086042,0.43999595671792985,hold
2023-11-15,0,-1,0.0045615222809993,-0.0045615222809993,0.43798890535781143,hold
2023-11-16,0,-1,-0.0016897597201204,0.0016897597201204,0.4387290013679447,hold
2023-11-17,1,1,-0.0019157289123818,-0.0019157289123818,0.43701105753258784,flip
2023-11-20,1,1,0.004539473475424,0.004539473475424,0.438994857636724,hold
2023-11-21,0,1,0.0014380348265852,0.0014380348265852,0.43962614753069745,hold
2023-11-22,-1,-1,-0.0004971574875239,0.0004971574875239,0.4389654586665922,flip
2023-11-23,-1,-1,-0.0003686890844358,0.0003686890844358,0.439127300439647,hold
2023-11-24,-1,-1,0.0047992646389904,-0.0047992646389904,0.43701981231463166,hold
2023-11-28,-1,-1,0.0104023891135545,-0.0104023891135545,0.4324737621766023,hold
2023-11-29,-1,-1,0.0018187545137213,-0.0018187545137213,0.4316871985695776,hold
2023-11-30,-1,-1,0.0066929416105065,-0.0066929416105065,0.4287979413555483,hold
2023-12-01,-1,-1,0.0206681690037693,-0.0206681690037693,0.41993547303514345,hold
2023-12-04,0,-1,0.0081355657602475,-0.0081355657602475,0.4165190603792054,hold
2023-12-05,0,-1,0.0039606432442005,-0.0039606432442005,0.41486937697663373,hold
2023-12-06,-1,-1,-0.001745599062397,0.001745599062397,0.41559357257210133,hold
2023-12-07,-1,-1,0.0032653705047074,-0.0032653705047074,0.4142365055782784,hold
2023-12-08,-1,-1,0.0013209351833629,-0.0013209351833629,0.4136893260038268,hold
2023-12-11,-1,-1,-0.0043196070141755,0.0043196070141755,0.41547630131812247,hold
2023-12-12,0,-1,0.0009542158562574,-0.0009542158562574,0.4150798472435055,hold
2023-12-13,-1,-1,0.0122500872899569,-0.0122500872899569,0.40999508288247055,hold
2023-12-14,-1,-1,0.0129327792008919,-0.0129327792008919,0.4046927070021002,hold
2023-12-15,-1,-1,-0.0017710126840955,0.0017710126840955,0.4054094229193619,hold
2023-12-18,-1,-1,0.0016083748565725,-0.0016083748565725,0.4047573725969208,hold
2023-12-19,-1,-1,-0.0141214660942333,0.0141214660942333,0.41047314011043917,hold
2023-12-20,-1,-1,0.0049597940765233,-0.0049597940765233,0.40843727786154754,hold
2023-12-21,0,-1,0.0044389265566107,-0.0044389265566107,0.40662425478213815,hold
2023-12-22,0,-1,0.0043068759341071,-0.0043068759341071,0.4048729745649927,hold
2023-12-26,0,-1,0.0099527499207277,-0.0099527499207277,0.4008433750994862,hold
2023-12-27,-1,-1,0.0057238813077962,-0.0057238813077962,0.3985489951974003,hold
2023-12-28,-1,-1,-0.0021717930740454,0.0021717930740454,0.39941456114483775,hold
2023-12-29,-1,-1,0.0004831718072126,-0.0004831718072126,0.39922157528950236,hold
2024-01-01,-1,-1,-0.003500136051024,0.003500136051024,0.40061890511751974,hold
2024-01-02,-1,-1,-0.0068518663756694,0.0068518663756694,0.40336389232295194,hold
2024-01-03,0,-1,0.0065644701863494,-0.0065644701863494,0.4007160220775481,hold
2024-01-04,0,-1,0.0024101822286055,-0.0024101822286055,0.3997502234424193,hold
2024-01-05,-1,-1,-0.009110708685643,0.009110708685643,0.4033922312752239,hold
2024-01-08,0,-1,0.0014804820050666,-0.0014804820050666,0.40279501633583725,hold
2024-01-09,0,-1,0.0034277152411805,-0.0034277152411805,0.40141434971927137,hold
2024-01-10,-1,-1,0.0013183031833516,-0.0013183031833516,0.40088516390419343,hold
2024-01-11,-1,-1,0.0114264926377058,-0.0114264926377058,0.3963044525302767,hold
2024-01-12,0,-1,0.0092670746948486,-0.0092670746948486,0.39263186956677754,hold
2024-01-15,0,-1,-0.0029482333845447,0.0029482333845447,0.3937894399524705,hold
2024-01-16,1,1,-0.0208943935120824,-0.0208943935120824,0.38477386955329607,flip
2024-01-17,0,1,-0.0050852715087356,-0.0050852715087356,0.38281718995715075,hold
2024-01-18,0,1,0.0074619571864553,0.0074619571864553,0.3856737554388502,hold
2024-01-19,0,1,-0.0177408429427344,-0.0177408429427344,0.378831577916475,hold
2024-01-23,0,1,0.0101299710711508,0.0101299710711508,0.3826691308416073,hold
2024-01-24,0,1,-0.0047240537554001,-0.0047240537554001,0.38086138129697933,hold
2024-01-25,0,1,0.0180305914522447,0.0180305914522447,0.38772853726308276,hold
2024-01-29,0,1,-0.0099136981024832,-0.0099136981024832,0.38388471359893916,hold
2024-01-30,0,1,0.0094600254190029,0.0094600254190029,0.3875162727475518,hold
2024-01-31,0,1,-0.0013003033741542,-0.0013003033741542,0.3870123840305585,hold
2024-02-01,-1,-1,0.0072059881750932,-0.0072059881750932,0.38344955259955854,flip
2024-02-02,0,-1,-0.0037568550808078,0.0037568550808078,0.3848901169994757,hold
2024-02-05,0,-1,0.0072434021015312,-0.0072434021015312,0.3821022031171431,hold
2024-02-06,0,-1,5.014315737827957e-05,-5.014315737827957e-05,0.3820830433062376,hold
2024-02-07,-1,-1,-0.0096920171108729,0.0096920171108729,0.38578619869973607,hold
2024-02-08,0,-1,0.0029722318898448,-0.0029722318898448,0.3846395526572987,hold
2024-02-09,-1,-1,-0.0076414194307357,0.0076414194307357,0.38757874480880367,hold
2024-02-12,0,-1,0.0058844800115076,-0.0058844800115076,0.385298045432091,hold
2024-02-13,0,-1,0.0044519922849619,-0.0044519922849619,0.38358270150641643,hold
2024-02-14,0,-1,0.0032371361888359,-0.0032371361888359,0.38234099206195854,hold
2024-02-15,0,-1,0.0059308430222606,-0.0059308430222606,0.3800733876570637,hold
2024-02-16,0,-1,0.0037000088082788,-0.0037000088082788,0.3786671127749402,hold
2024-02-19,-1,-1,0.003376655573009,-0.003376655573009,0.37738848435827343,hold
2024-02-20,-1,-1,-0.00639270001033,0.00639270001033,0.379801015726129,hold
2024-02-21,0,-1,0.0073633218581414,-0.0073633218581414,0.3770044186052885,hold
2024-02-22,0,-1,-0.0002137959201901,0.0002137959201901,0.37708502061187993,hold
2024-02-23,0,-1,-0.0040809285088362,0.0040809285088362,0.37862387762275,hold
2024-02-26,0,-1,0.0034489943486464,-0.0034489943486464,0.3773180060085666,hold
2024-02-27,0,-1,-0.0111359278099485,0.0111359278099485,0.3815197920848717,hold
2024-02-28,0,-1,0.0014418556686905,-0.0014418556686905,0.3809696956099365,hold
2024-02-29,0,-1,0.0161921687000685,-0.0161921687000685,0.37480097002900664,hold
2024-03-01,1,1,0.0029925402887358,0.0029925402887358,0.3751729750920177,flip
2024-03-04,-1,-1,-0.0022002905070378,0.0022002905070378,0.37524811867742575,flip
2024-03-05,0,-1,0.0052669715420341,-0.0052669715420341,0.3732716975151499,hold
2024-03-06,0,-1,0.000867667346212,-0.000867667346212,0.37294782185195086,hold
2024-03-07,0,-1,-0.0071531788017711,0.0071531788017711,0.37561558430538894,hold
2024-03-11,0,-1,0.000136518866846,-0.000136518866846,0.3755643056914499,hold
2024-03-12,-1,-1,-0.0151327252704165,0.0151327252704165,0.3812476171508533,hold
2024-03-13,0,-1,0.0067712159528048,-0.0067712159528048,0.37866610720363264,hold
2024-03-14,0,-1,-0.0055674686273187,0.0055674686273187,0.3807743188757177,hold
2024-03-15,0,-1,0.0014688778023679,-0.0014688778023679,0.38021500793100943,hold
2024-03-18,0,-1,-0.0108021966402886,0.0108021966402886,0.38432216521226914,hold
2024-03-19,0,-1,0.0009923428906801,-0.0009923428906801,0.38394078584388996,hold
2024-03-20,-1,-1,0.0079146856998078,-0.0079146856998078,0.3809020151965984,hold
2024-03-21,0,-1,0.0038524885010076,-0.0038524885010076,0.37943459456304285,hold
2024-03-22,-1,-1,-0.0041658063402989,0.0041658063402989,0.3810152456028023,hold
2024-03-26,1,1,0.0054057167831516,0.0054057167831516,0.3823128756193884,flip
2024-03-27,0,1,0.0091870010785439,0.0091870010785439,0.385825184420045,hold
2024-03-28,0,1,0.0060509791780918,0.0060509791780918,0.3881598045773541,hold
2024-04-01,0,1,-0.0003872860275131,-0.0003872860275131,0.38800947570859906,hold
2024-04-02,1,1,-0.0008306302403686,-0.0008306302403686,0.38768718330452595,hold
2024-04-03,-1,-1,0.0035659124883635,-0.0035659124883635,0.38552935036939284,flip
2024-04-04,-1,-1,-4.224679746289706e-05,4.224679746289706e-05,0.38554563774977396,hold
2024-04-05,-1,-1,0.0067781647528144,-0.0067781647528144,0.38293234589737707,hold
2024-04-08,0,-1,-0.0010390218270411,0.0010390218270411,0.3833302209630445,hold
2024-04-09,-1,-1,0.0049044741142307,-0.0049044741142307,0.3814501878171289,hold
2024-04-10,0,-1,-0.0103015928142499,0.0103015928142499,0.3853797323309401,hold
2024-04-12,0,-1,-0.010963897188301,0.010963897188301,0.3896049960946715,hold
2024-04-15,0,-1,-0.005594325260972,0.005594325260972,0.3917845731661248,hold
2024-04-16,0,-1,-0.0068652458503182,0.0068652458503182,0.39447427058127227,hold
2024-04-18,1,1,0.0068717686886063,0.0068717686886063,0.39639605798115096,flip
2024-04-19,-1,-1,0.0085519659829773,-0.0085519659829773,0.3922133002615476,flip
2024-04-22,0,-1,0.0014147135985376,-0.0014147135985376,0.3916584307721403,hold
2024-04-23,-1,-1,0.0015379287654238,-0.0015379287654238,0.39105608800523506,hold
2024-04-24,-1,-1,0.0074969296067168,-0.0074969296067168,0.3881243680411818,hold
2024-04-25,0,-1,-0.0066636269808832,0.0066636269808832,0.39071068405199927,hold
2024-04-26,0,-1,0.0099666225688024,-0.0099666225688024,0.38681661813045437,hold
2024-04-29,0,-1,-0.0017025173156396,0.0017025173156396,0.38747518012079857,hold
2024-04-30,0,-1,0.001917712797214,-0.001917712797214,0.3867321140092781,hold
2024-05-02,-1,-1,-0.0076098592965534,0.0076098592965534,0.38967509098234737,hold
2024-05-03,0,-1,-0.0014749338156797,0.0014749338156797,0.3902498359511653,hold
2024-05-06,-1,-1,-0.006246985595782,0.006246985595782,0.3926877210551086,hold
2024-05-07,0,-1,0.0,-0.0,0.3926877210551086,hold
2024-05-08,-1,-1,-0.0154691178119045,0.0154691178119045,0.3987622536753983,hold
2024-05-09,0,-1,0.004449469144939,-0.004449469144939,0.39698797333150326,hold
2024-05-10,-1,-1,0.0022149680905385,-0.0022149680905385,0.39610865763824643,hold
2024-05-13,-1,-1,0.0051483245877055,-0.0051483245877055,0.3940693616967244,hold
2024-05-14,-1,-1,-0.0007786004689536,0.0007786004689536,0.39437618428654175,hold
2024-05-15,-1,-1,0.0091573776762647,-0.0091573776762647,0.3907647326205057,hold
2024-05-16,0,-1,0.002778540343975,-0.002778540343975,0.38967897704591703,hold
2024-05-17,0,-1,0.0028020516676037,-0.0028020516676037,0.3885870764184554,hold
2024-05-21,0,-1,0.00305161547495,-0.00305161547495,0.38740125808269127,hold
2024-05-22,0,-1,0.016366619608483,-0.016366619608483,0.38106080905580414,hold
2024-05-23,1,1,-0.0004593757337192,-0.0004593757337192,0.3801236373489409,flip
2024-05-24,-1,-1,-0.0010737589261899,0.0010737589261899,0.37977155122290224,flip
2024-05-27,-1,-1,-0.0019317094176221,0.0019317094176221,0.38050515950494446,hold
2024-05-28,-1,-1,-0.008015115627261,0.008015115627261,0.383554952355146,hold
2024-05-29,-1,-1,-0.0095155996581792,0.0095155996581792,0.38720470772866955,hold
2024-05-30,0,-1,0.0018697799732139,-0.0018697799732139,0.38648072012062434,hold
2024-05-31,-1,-1,0.0325423176953527,-0.0325423176953527,0.3739037417433303,hold
2024-06-03,-1,-1,-0.0592935994164107,0.0592935994164107,0.3960738404265564,hold
2024-06-04,0,-1,0.0336242367600356,-0.0336242367600356,0.38275615984159733,hold
2024-06-05,0,-1,0.0088880492442378,-0.0088880492442378,0.37935420424438987,hold
2024-06-06,0,-1,0.0205399314668071,-0.0205399314668071,0.371562294887565,hold
2024-06-07,0,-1,-0.0013289382574128,0.0013289382574128,0.3720560782362532,hold
2024-06-10,-1,-1,0.0002429314342191,-0.0002429314342191,0.3719656941195573,hold
2024-06-11,-1,-1,0.0024973129141392,-0.0024973129141392,0.37103677938801577,hold
2024-06-12,-1,-1,0.003256499474515,-0.003256499474515,0.36982849831091297,hold
2024-06-13,-1,-1,0.0028505279152657,-0.0028505279152657,0.3687742918526169,hold
2024-06-14,-1,-1,0.0039334507869606,-0.0039334507869606,0.36732373632411836,hold
2024-06-18,-1,-1,-0.0017786131162043,0.0017786131162043,0.3679770631394376,hold
2024-06-19,-1,-1,0.0021687361796223,-0.0021687361796223,0.36717901796933594,hold
2024-06-20,-1,-1,-0.0027962995130903,0.0027962995130903,0.36820576047850057,hold
2024-06-21,-1,-1,0.001563756616109,-0.001563756616109,0.36762997628446287,hold
2024-06-24,-1,-1,0.0077938798539154,-0.0077938798539154,0.364764712418604,hold
2024-06-25,-1,-1,0.0062180401218379,-0.0062180401218379,0.36249659080175445,hold
2024-06-26,-1,-1,0.0073610408985447,-0.0073610408985447,0.3598282385712797,hold
2024-06-27,0,-1,-0.0014099020825968,0.0014099020825968,0.3603355611542185,hold
2024-06-28,-1,-1,0.0054704843490753,-0.0054704843490753,0.3583643511065091,hold
2024-07-01,-1,-1,-0.0007497161563467,0.0007497161563467,0.3586330226503924,hold
2024-07-02,-1,-1,0.0067423066077227,-0.0067423066077227,0.35621500885202906,hold
2024-07-03,0,-1,0.0006444070008029,-0.0006444070008029,0.35598546140653375,hold
2024-07-04,-1,-1,0.0008928929498506,-0.0008928929498506,0.35566760449779455,hold
2024-07-05,-1,-1,-0.0001356211363734,0.0001356211363734,0.3557158405424878,hold
2024-07-08,-1,-1,0.0046318209860134,-0.0046318209860134,0.3540682284472057,hold
2024-07-09,0,-1,-0.0044509111977667,0.0044509111977667,0.3556441546899748,hold
2024-07-10,0,-1,-0.0003494426502141,0.0003494426502141,0.35576843192592283,hold
2024-07-11,-1,-1,0.007657573644356,-0.007657573644356,0.353044108958113,hold
2024-07-12,0,-1,0.0034506697076412,-0.0034506697076412,0.35182587034587004,hold
2024-07-15,-1,-1,0.0010697158254551,-0.0010697158254551,0.35144951664455654,hold
2024-07-16,-1,-1,0.0076321297434283,-0.0076321297434283,0.3487672083352601,hold
2024-07-18,0,-1,-0.0108846762510892,0.0108846762510892,0.35256342648498556,hold
2024-07-19,-1,-1,-0.0008825762723847,0.0008825762723847,0.3528745905997119,hold
2024-07-22,-1,-1,-0.0012321559717249,0.0012321559717249,0.35330938713378934,hold
2024-07-23,-1,-1,-0.0026778318259059,0.0026778318259059,0.35425549025504754,hold
2024-07-24,0,-1,-0.0003031269840456,0.0003031269840456,0.35436287465339017,hold
2024-07-25,-1,-1,0.0175673297602745,-0.0175673297602745,0.34813766517955524,hold
2024-07-26,0,-1,5.03324972633834e-05,-5.03324972633834e-05,0.34812014254147533,hold
2024-07-29,0,-1,0.0008536433743,-0.0008536433743,0.3478229720883344,hold
2024-07-30,-1,-1,0.0037755350108565,-0.0037755350108565,0.34650975427963476,hold
2024-07-31,-1,-1,0.0023946791656728,-0.0023946791656728,0.34567997459035893,hold
2024-08-01,0,-1,-0.0117229354919546,0.0117229354919546,0.3497323586333422,hold
2024-08-02,0,-1,-0.0267864578946228,0.0267864578946228,0.35910044973226135,hold
2024-08-05,0,-1,-0.0026209626510589,0.0026209626510589,0.3600416385989881,hold
2024-08-06,1,1,0.0127101624804444,0.0127101624804444,0.3638977430481087,flip
2024-08-07,-1,-1,-0.007428747813561,0.007428747813561,0.3658732521250409,flip
2024-08-08,1,1,0.0103868640378157,0.0103868640378157,0.3689417813456871,flip
2024-08-09,-1,-1,-0.0008412844977941,0.0008412844977941,0.3685142827842304,flip
2024-08-12,-1,-1,-0.0085431469996303,0.0085431469996303,0.37166255447351937,hold
2024-08-13,0,-1,0.0001967769998756,-0.0001967769998756,0.37158941983108396,hold
2024-08-14,0,-1,0.0164597624902924,-0.0164597624902924,0.3654731462367588,hold
2024-08-16,-1,-1,0.0012835584110202,-0.0012835584110202,0.3650040401059046,hold
2024-08-19,-1,-1,0.0051357593399101,-0.0051357593399101,0.3631294671978258,hold
2024-08-20,-1,-1,0.0028887826964991,-0.0028887826964991,0.3620804650763958,hold
2024-08-21,-1,-1,0.0016673576536574,-0.0016673576536574,0.3614767474417108,hold
2024-08-22,-1,-1,0.0004695560778267,-0.0004695560778267,0.36130701383795655,hold
2024-08-23,-1,-1,0.007551387144671,-0.007551387144671,0.35857864469838113,hold
2024-08-26,0,-1,0.000285894410237,-0.000285894410237,0.3584761290682315,hold
2024-08-27,-1,-1,0.0013830024432652,-0.0013830024432652,0.3579803557058779,hold
2024-08-28,-1,-1,0.0039756594063229,-0.0039756594063229,0.35655714773743696,hold
2024-08-29,-1,-1,0.0033377600735777,-0.0033377600735777,0.3553670455257702,hold
2024-08-30,-1,-1,0.0016959501132323,-0.0016959501132323,0.3547643607446717,hold
2024-09-02,-1,-1,4.550829989491412e-05,-4.550829989491412e-05,0.35474821602175094,hold
2024-09-03,-1,-1,-0.0032100820170585,0.0032100820170585,0.3558869868905859,hold
2024-09-04,-1,-1,-0.0021270784221717,0.0021270784221717,0.35664398642113254,hold
2024-09-05,0,-1,-0.0116503502989019,0.0116503502989019,0.3607990137949355,hold
2024-09-06,0,-1,0.0033900486950126,-0.0033900486950126,0.3595758875690582,hold
2024-09-09,-1,-1,0.0041986500501236,-0.0041986500501236,0.3580661542506931,hold
2024-09-10,-1,-1,-0.0048979634496194,0.0048979634496194,0.35981994918675875,hold
2024-09-11,1,1,0.0188796328272711,0.0188796328272711,0.36589357781295856,flip
2024-09-12,1,1,-0.0012761636040355,-0.0012761636040355,0.3654266377460033,hold
2024-09-13,-1,-1,0.0010746751326089,-0.0010746751326089,0.36430306955013275,flip
2024-09-16,-1,-1,0.0013709866056039,-0.0013709866056039,0.3638036149213991,hold
2024-09-17,-1,-1,-0.0016129951842196,0.0016129951842196,0.36439042840026903,hold
2024-09-18,0,-1,0.0015072376499098,-0.0015072376499098,0.3638412054273174,hold
2024-09-19,0,-1,0.0147604413777415,-0.0147604413777415,0.3584707486438007,hold
2024-09-20,1,1,0.0057423850996662,0.0057423850996662,0.35981228423219147,flip
2024-09-23,-1,-1,5.203002169906768e-05,-5.203002169906768e-05,0.35907393862277087,flip
2024-09-24,-1,-1,0.0024575565157058,-0.0024575565157058,0.35819149412528833,hold
2024-09-25,-1,-1,0.008148714241454,-0.008148714241454,0.3552726939959419,hold
2024-09-26,0,-1,-0.0014152231703233,0.0014152231703233,0.35577548414426813,hold
2024-09-27,-1,-1,-0.0140609008520233,0.0140609008520233,0.3607780079524013,hold
2024-09-30,-1,-1,-0.0005404401234794,0.0005404401234794,0.3609729868635677,hold
2024-10-01,-1,-1,-0.0211963752609873,0.0211963752609873,0.36862430575220734,hold
2024-10-03,0,-1,-0.0093266958801446,0.0093266958801446,0.3720623525459876,hold
2024-10-04,0,-1,-0.0087488751686026,0.0087488751686026,0.37531747962334905,hold
2024-10-07,0,-1,0.0087676473034692,-0.0087676473034692,0.3720268283351845,hold
2024-10-08,-1,-1,-0.0012473907279866,0.0012473907279866,0.3724908911514121,hold
2024-10-09,-1,-1,0.0006604768849507,-0.0006604768849507,0.3722448695279519,hold
2024-10-10,-1,-1,-0.0013680536120755,0.0013680536120755,0.37275412046628614,hold
2024-10-11,-1,-1,0.0065573457544287,-0.0065573457544287,0.37030984281700075,hold
2024-10-14,-1,-1,-0.0028096049048969,0.0028096049048969,0.37135026716771097,hold
2024-10-15,1,1,-0.0034340754096676,-0.0034340754096676,0.36933232181252146,flip
2024-10-16,1,1,-0.0088682273228345,-0.0088682273228345,0.36605699882501774,hold
2024-10-17,0,1,0.0042101739412401,0.0042101739412401,0.3675981624624794,hold
2024-10-18,-1,-1,-0.0029351823779982,0.0029351823779982,0.3679419337861988,flip
2024-10-21,1,1,-0.0124691803378693,-0.0124691803378693,0.36261811559238194,flip
2024-10-22,1,1,-0.0014955647434917,-0.0014955647434917,0.3620757967233506,hold
2024-10-23,-1,-1,-0.0014773427748562,0.0014773427748562,0.36188655519214347,flip
2024-10-24,-1,-1,-0.0089592205494931,0.0089592205494931,0.36512877665400617,hold
2024-10-25,1,1,0.0065485676346082,0.0065485676346082,0.36678958958995866,flip
2024-10-28,-1,-1,0.0052466588480091,-0.0052466588480091,0.36413159056519895,flip
2024-10-29,-1,-1,-0.0051498252538292,0.0051498252538292,0.3660068046260086,hold
2024-10-30,1,1,-0.005566773640794,-0.005566773640794,0.3632373139844133,flip
2024-10-31,1,1,0.0040900049616161,0.0040900049616161,0.36472295640085367,hold
2024-11-01,-1,-1,-0.0127137736646451,0.0127137736646451,0.3686305156060326,flip
2024-11-04,1,1,0.0090830588186072,0.0090830588186072,0.37124154723040365,flip
2024-11-05,0,1,0.0111818707596305,0.0111818707596305,0.37539272223213926,hold
2024-11-06,-1,-1,-0.0116280257061476,0.0116280257061476,0.37900701301169104,flip
2024-11-07,0,-1,-0.0021137093124677,0.0021137093124677,0.3798081236645844,hold
2024-11-08,0,-1,-0.0002856708874028,0.0002856708874028,0.3799166237883145,hold
2024-11-11,-1,-1,-0.0106809307765333,0.0106809307765333,0.3839744869478517,hold
2024-11-12,0,-1,-0.0135825623229214,0.0135825623229214,0.38918984434723264,hold
2024-11-13,1,1,-0.0011185324376894,-0.0011185324376894,0.3879761431932165,flip
2024-11-14,-1,-1,-0.0033527151631265,0.0033527151631265,0.3885009644050453,flip
2024-11-18,1,1,0.0027585814066317,0.0027585814066317,0.38879567401310144,flip
2024-11-19,-1,-1,-0.0071688079331164,0.0071688079331164,0.3908052841773017,flip
2024-11-21,1,1,0.0238694641112378,0.0238694641112378,0.3993519863140993,flip
2024-11-22,1,1,0.0131612958673623,0.0131612958673623,0.404607975961198,hold
2024-11-25,-1,-1,-0.0011312238174179,0.0011312238174179,0.40425646218840017,flip
2024-11-26,-1,-1,0.0033230854378061,-0.0033230854378061,0.4029130834257629,hold
2024-11-27,-1,-1,-0.0148610290544929,0.0148610290544929,0.40890078646498845,hold
2024-11-28,0,-1,0.0090720019405352,-0.0090720019405352,0.40519123773669175,hold
2024-11-29,0,-1,0.0060068200049485,-0.0060068200049485,0.40275732690402516,hold
2024-12-02,0,-1,0.0074600111445999,-0.0074600111445999,0.3997527527567519,hold
2024-12-03,0,-1,0.0004210968146538,-0.0004210968146538,0.3995844181459169,hold
2024-12-04,-1,-1,0.0098478255628851,-0.0098478255628851,0.39564938049836895,hold
2024-12-05,-1,-1,-0.0012384293961259,0.0012384293961259,0.39613936432173713,hold
2024-12-06,-1,-1,-0.0023827399277279,0.0023827399277279,0.39708326140205125,hold
2024-12-09,-1,-1,-0.00036350862139,0.00036350862139,0.39722760459098055,hold
2024-12-10,-1,-1,0.0012901233029631,-0.0012901233029631,0.39671513200171754,hold
2024-12-11,-1,-1,-0.0037781963796591,0.0037781963796591,0.3982139996772024,hold
2024-12-12,-1,-1,0.0089455478085889,-0.0089455478085889,0.39465175730504054,hold
2024-12-13,0,-1,-0.0040394689217332,0.0040394689217332,0.3962459408135816,hold
2024-12-16,-1,-1,-0.0134687300477334,0.0134687300477334,0.4015828704229099,hold
2024-12-17,0,-1,-0.0056356998120069,0.0056356998120069,0.4038460709302575,hold
2024-12-18,0,-1,-0.010213311567061,0.010213311567061,0.4079706766778016,hold
2024-12-19,0,-1,-0.0152055691508056,0.0152055691508056,0.41417410301352686,hold
2024-12-20,0,-1,0.0070354729729729,-0.0070354729729729,0.4112601923056699,hold
2024-12-23,-1,-1,-0.0010861087115143,0.0010861087115143,0.41170686558323216,hold
2024-12-24,-1,-1,0.0009503186263191,-0.0009503186263191,0.41131561288028495,hold
2024-12-26,-1,-1,0.002661079652128,-0.002661079652128,0.41022106927224666,hold
2024-12-27,-1,-1,-0.0070758479358679,0.0070758479358679,0.4131237311785062,hold
2024-12-30,1,1,-4.212721278373799e-06,-4.212721278373799e-06,0.41229574334101626,flip
2024-12-31,-1,-1,0.0041488871182535,-0.0041488871182535,0.40976058335587595,flip
2025-01-01,-1,-1,0.0187740331916654,-0.0187740331916654,0.4020677245633166,hold
2025-01-02,1,1,-0.0076027553276091,-0.0076027553276091,0.3982067665792065,flip
2025-01-03,0,1,-0.0161925959966257,-0.0161925959966257,0.3917587652848668,hold
2025-01-06,0,1,0.0038892874268343,0.0038892874268343,0.3932824277250414,hold
2025-01-07,-1,-1,-0.0007993610384197,0.0007993610384197,0.3928102375194098,flip
2025-01-08,-1,-1,-0.0068575949591475,0.0068575949591475,0.3955039710241244,hold
2025-01-09,1,1,-0.0040379997024632,-0.0040379997024632,0.3931159181647577,flip
2025-01-10,1,1,-0.0147472753024774,-0.0147472753024774,0.38731852949379586,hold
2025-01-13,1,1,0.0039028744993869,0.0039028744993869,0.3888301851056973,hold
2025-01-14,-1,-1,0.0016028803979861,-0.0016028803979861,0.3874292764536347,flip
2025-01-15,-1,-1,0.0042476507253836,-0.0042476507253836,0.38578361220647156,hold
2025-01-16,-1,-1,-0.0046586517926727,0.0046586517926727,0.387580843723061,hold
2025-01-17,1,1,0.0061004855371675,0.0061004855371675,0.3891701133672306,flip
2025-01-20,-1,-1,-0.0137118456772935,0.0137118456772935,0.39372801367720245,flip
2025-01-21,-1,-1,0.0056764909144164,-0.0056764909144164,0.39149302018481263,hold
2025-01-22,-1,-1,0.0021593282262408,-0.0021593282262408,0.3906476582559513,hold
2025-01-23,-1,-1,-0.0048760476583936,0.0048760476583936,0.3925524748552472,hold
2025-01-24,1,1,-0.0113912419355629,-0.0113912419355629,0.3872957096920566,flip
2025-01-27,1,1,0.0056112298172781,0.0056112298172781,0.3894689149263846,hold
2025-01-28,-1,-1,0.0089666492883511,-0.0089666492883511,0.38519774592767225,flip
2025-01-29,1,1,0.0037300875997627,0.0037300875997627,0.3858641717713583,flip
2025-01-30,-1,-1,0.0111357401503258,-0.0111357401503258,0.38079556027764905,flip
2025-01-31,0,-1,-0.0011166221250199,0.0011166221250199,0.3812207650253644,hold
2025-02-01,-1,-1,-0.0051570919766934,0.0051570919766934,0.38318675557402565,hold
2025-02-03,0,-1,0.0161893068206311,-0.0161893068206311,0.37698322761843556,hold
2025-02-04,0,-1,-0.0018092070621439,0.0018092070621439,0.3776652683361526,hold
2025-02-05,0,-1,-0.0039226026346081,0.0039226026346081,0.379146699112728,hold
2025-02-06,0,-1,-0.0018387386257991,0.0018387386257991,0.37984385079323085,hold
2025-02-07,0,-1,-0.0075700336923079,0.0075700336923079,0.3827192815415516,hold
2025-02-10,0,-1,-0.0132496849360461,0.0132496849360461,0.38779019144092713,hold
2025-02-11,0,-1,-0.0011507892904301,0.0011507892904301,0.38823645624017117,hold
2025-02-12,-1,-1,-0.0006009745771905,0.0006009745771905,0.38846977648031,hold
2025-02-13,-1,-1,-0.0044352661537063,0.0044352661537063,0.390192743331671,hold
2025-02-14,1,1,0.0013192755977626,0.0013192755977626,0.3899271296097092,flip
2025-02-17,-1,-1,-0.0006184463402948,0.0006184463402948,0.38938842435677856,flip
2025-02-18,-1,-1,-0.0005404326900405,0.0005404326900405,0.3895988625904243,hold
2025-02-19,-1,-1,-0.0008612081186238,0.0008612081186238,0.3899343882938938,hold
2025-02-20,-1,-1,-0.0051171487988824,0.0051171487988824,0.3919297405805948,hold
2025-02-21,0,-1,-0.0106401053300685,0.0106401053300685,0.39609991430235875,hold
2025-02-24,1,1,-0.0002571160481895,-0.0002571160481895,0.3952058708291004,flip
2025-02-25,-1,-1,-0.0001108767876499,0.0001108767876499,0.3944592782448601,flip
2025-02-27,-1,-1,-0.0186449596666951,0.0186449596666951,0.4018139555778892,hold
2025-02-28,1,1,-0.0002440004922383,-0.0002440004922383,0.40091228486378416,flip
2025-03-03,-1,-1,-0.0016569416451024,0.0016569416451024,0.40077474855488054,flip
2025-03-04,0,-1,0.0115316950692254,-0.0115316950692254,0.3961531363631002,hold
2025-03-05,-1,-1,0.009284847776867,-0.009284847776867,0.39247491479564034,hold
2025-03-06,1,1,0.0003460139864501,0.0003460139864501,0.3918257667758992,flip
2025-03-07,-1,-1,-0.0040882039130917,0.0040882039130917,0.39264397887533076,flip
2025-03-10,1,1,0.001674047455606,0.001674047455606,0.3925159955713754,flip
2025-03-11,-1,-1,-0.0012179087892316,0.0012179087892316,0.39220901226115307,flip
2025-03-12,-1,-1,-0.0032620894617386,0.0032620894617386,0.39348843314684906,hold
2025-03-13,0,-1,0.0049805683362682,-0.0049805683362682,0.39152863711603003,hold
2025-03-17,1,1,0.0144632989948354,0.0144632989948354,0.39640837558544756,flip
2025-03-18,-1,-1,0.0032100316461272,-0.0032100316461272,0.3943430754038575,flip
2025-03-19,1,1,0.01235619558909,0.01235619558909,0.3984269694219431,flip
2025-03-20,-1,-1,0.0068885519512889,-0.0068885519512889,0.39488553060544157,flip
2025-03-21,-1,-1,0.0131881772302988,-0.0131881772302988,0.38967771024213643,hold
2025-03-24,-1,-1,0.0004353972876416,-0.0004353972876416,0.3895080456240426,hold
2025-03-25,-1,-1,-0.0076810793285454,0.0076810793285454,0.39249988782158757,hold
2025-03-26,-1,-1,0.0044748278770025,-0.0044748278770025,0.3907435183818432,hold
2025-03-27,-1,-1,-0.0030773044101545,0.0030773044101545,0.3919459551341989,hold
2025-03-28,-1,-1,-0.0150365718652369,0.0150365718652369,0.3978394786558632,hold
2025-04-01,0,-1,0.0071938424586863,-0.0071938424586863,0.39497748412256706,hold
2025-04-02,-1,-1,-0.0035251486188494,0.0035251486188494,0.39636983845519835,hold
2025-04-03,-1,-1,-0.0148666197750665,0.0148666197750665,0.4022625181338163,hold
2025-04-04,0,-1,-0.0324325462830553,0.0324325462830553,0.41530891587112967,hold
2025-04-07,0,-1,0.0168873189028142,-0.0168873189028142,0.40829546176563186,hold
2025-04-08,-1,-1,-0.0060658560080705,0.0060658560080705,0.4107721232454508,hold
2025-04-09,1,1,0.0191703874091904,0.0191703874091904,0.4178252397384709,flip
2025-04-11,0,1,0.0219023977821084,0.0219023977821084,0.42697661434262774,hold
2025-04-15,-1,-1,0.004657316201027,-0.004657316201027,0.4241340960105049,flip
2025-04-16,-1,-1,0.0176834769379541,-0.0176834769379541,0.4166339305051031,hold
2025-04-17,0,-1,0.0114834984640164,-0.0114834984640164,0.41184951540409065,hold
2025-04-21,-1,-1,0.0017284255654137,-0.0017284255654137,0.411137664172563,hold
2025-04-22,-1,-1,0.0066908406521222,-0.0066908406521222,0.4083868075754986,hold
2025-04-23,0,-1,-0.0033807460922566,0.0033807460922566,0.40976745967933864,hold
2025-04-24,-1,-1,-0.0085516633626838,0.0085516633626838,0.4132716530514985,hold
2025-04-25,-1,-1,0.0120282118827472,-0.0120282118827472,0.4083007340434619,hold
2025-04-28,-1,-1,0.0003061930965739,-0.0003061930965739,0.4081757151773717,hold
2025-04-29,-1,-1,-7.191007773188485e-05,7.191007773188485e-05,0.40820506712477844,hold
2025-04-30,-1,-1,0.0005136803511647,-0.0005136803511647,0.40799538020255055,hold
2025-05-02,-1,-1,0.0047008906976129,-0.0047008906976129,0.4060774385150873,hold
2025-05-05,0,-1,-0.0033338898599493,0.0033338898599493,0.407431255969707,hold
2025-05-06,-1,-1,0.0014274549954715,-0.0014274549954715,0.4068496661880618,hold
2025-05-07,-1,-1,-0.0057588802970967,0.0057588802970967,0.40919266471455257,hold
2025-05-08,0,-1,-0.0109501096942064,0.0109501096942064,0.41367336927924153,hold
2025-05-09,-1,-1,0.0381830730902199,-0.0381830730902199,0.3978780487845747,hold
2025-05-12,-1,-1,-0.0138958390765435,0.0138958390765435,0.4034068981225743,hold
2025-05-13,0,-1,0.0036027960647213,-0.0036027960647213,0.4019535053375369,hold
2025-05-14,-1,-1,0.0160214381414618,-0.0160214381414618,0.3955136321160278,hold
2025-05-15,-1,-1,-0.0016877607536591,0.0016877607536591,0.3961811645018504,hold
2025-05-16,-1,-1,-0.0029717088137536,0.0029717088137536,0.3973584995602437,hold
2025-05-19,-1,-1,-0.0104848313546668,0.0104848313546668,0.4015247364154763,hold
2025-05-20,-1,-1,0.0052483127088862,-0.0052483127088862,0.39941740903841483,hold
2025-05-21,-1,-1,-0.0082112727740422,0.0082112727740422,0.4026971343347304,hold
2025-05-22,0,-1,0.0098924887180058,-0.0098924887180058,0.3987134574765508,hold
2025-05-23,-1,-1,0.0059549794562796,-0.0059549794562796,0.3963391270283357,hold
2025-05-26,0,-1,-0.0069977248703164,0.0069977248703164,0.39911259919462133,hold
2025-05-27,-1,-1,-0.0029706520659956,0.0029706520659956,0.4002982238619837,hold
2025-05-28,1,1,0.0032784792287758,0.0032784792287758,0.40080999682650714,flip
2025-05-29,-1,-1,-0.0033382349691143,0.0033382349691143,0.40134637478023094,flip
2025-05-30,0,-1,-0.0013777230725331,0.0013777230725331,0.4018993189408432,hold
2025-06-02,-1,-1,-0.0070438333802584,0.0070438333802584,0.40473023077910186,hold
2025-06-03,1,1,0.0031659048079861,0.0031659048079861,0.4052021077011046,flip
2025-06-04,-1,-1,0.0053086967621067,-0.0053086967621067,0.40224060836855074,flip
2025-06-05,0,-1,0.0101875239545026,-0.0101875239545026,0.39814277253532243,hold
2025-06-06,0,-1,0.0040054487100871,-0.0040054487100871,0.3965480320806403,hold
2025-06-09,0,-1,4.18584595869298e-05,-4.18584595869298e-05,0.3965314331908652,hold
2025-06-10,0,-1,0.0014798446727146,-0.0014798446727146,0.3959446282618938,hold
2025-06-11,0,-1,-0.0100710846627866,0.0100710846627866,0.3999322201348949,hold
2025-06-12,0,-1,-0.0068144588479197,0.0068144588479197,0.4026575417909613,hold
2025-06-13,0,-1,0.0092197937677085,-0.0092197937677085,0.39894512229663615,hold
2025-06-16,0,-1,-0.0037319707924959,0.0037319707924959,0.4004339738408559,hold
2025-06-17,1,1,-0.0016637405234334,-0.0016637405234334,0.3989668876639357,flip
2025-06-18,0,1,-0.0007577278241026,-0.0007577278241026,0.39866457935225713,hold
2025-06-19,-1,-1,0.0128724709598377,-0.0128724709598377,0.39273545197312476,flip
2025-06-20,0,-1,-0.0055948454872697,0.0055948454872697,0.3949327461442874,hold
2025-06-23,1,1,0.0029012296868362,0.0029012296868362,0.3952886712594164,flip
2025-06-24,0,1,0.0080018205204253,0.0080018205204253,0.3984517002605917,hold
2025-06-25,0,1,0.0120520108141297,0.0120520108141297,0.40325384446104073,hold
2025-06-26,0,1,0.003475704773181,0.003475704773181,0.4046554357730376,hold
2025-06-27,-1,-1,-0.0047098423546652,0.0047098423546652,0.40575198821194086,flip
2025-06-30,-1,-1,0.0009699396772837,-0.0009699396772837,0.4053584332594374,hold
2025-07-01,-1,-1,-0.0034610085397696,0.0034610085397696,0.40676138225861586,hold
2025-07-02,-1,-1,-0.0018897125192245,0.0018897125192245,0.40753004433500706,hold
2025-07-03,-1,-1,0.0021924250859925,-0.0021924250859925,0.40663656524251135,hold
2025-07-04,-1,-1,1.1813410706551508e-05,-1.1813410706551508e-05,0.4066317614777578,hold
2025-07-07,0,-1,0.0024036171315751,-0.0024036171315751,0.4056543744096273,hold
2025-07-08,-1,-1,-0.0018180190273288,0.0018180190273288,0.40639186178082315,hold
2025-07-09,0,-1,-0.004743646446198,0.004743646446198,0.4083196410917236,hold
2025-07-10,0,-1,-0.008100901810276,0.008100901810276,0.41162739841141477,hold
2025-07-11,0,-1,-0.0026858541571485,0.0026858541571485,0.41273296957063427,hold
2025-07-14,0,-1,0.0045251032187942,-0.0045251032187942,0.41086531028152773,hold
2025-07-15,0,-1,0.0006449487413033,-0.0006449487413033,0.4106003232168165,hold
2025-07-16,-1,-1,-0.0039902173517283,0.0039902173517283,0.4122387077511415,hold
2025-07-17,0,-1,-0.0056965580472427,0.0056965580472427,0.41458704947916625,hold
2025-07-18,1,1,0.0048981443028652,0.0048981443028652,0.415788582574656,flip
2025-07-21,1,1,-0.0011876443882732,-0.0011876443882732,0.41529477359785316,hold
2025-07-22,-1,-1,0.0063445445902445,-0.0063445445902445,0.4118293278414704,flip
2025-07-23,0,-1,-0.006256994627491,0.006256994627491,0.41440614173321777,hold
2025-07-24,1,1,-0.0089816740370306,-0.0089816740370306,0.40985526856576004,flip
2025-07-25,0,1,-0.0062849623293875,-0.0062849623293875,0.40727934364232327,hold
2025-07-28,0,1,0.0056804742343701,0.0056804742343701,0.40959288346007466,hold
2025-07-29,-1,-1,0.0013678351245234,-0.0013678351245234,0.408213442160403,flip
2025-07-30,-1,-1,-0.0034882717656889,0.0034882717656889,0.40963740158506584,hold
2025-07-31,1,1,-0.0081959437427822,-0.0081959437427822,0.40546076168356504,flip
2025-08-01,1,1,0.0064074150430544,0.0064074150430544,0.40805871706734465,hold
2025-08-04,-1,-1,-0.0029608040671041,0.0029608040671041,0.40845078154232023,flip
2025-08-05,1,1,-0.0030569142281212,-0.0030569142281212,0.4063852809736517,flip
2025-08-06,1,1,0.0008932609229541,0.0008932609229541,0.4067482890648092,hold
2025-08-07,-1,-1,-0.0094669127354072,0.0094669127354072,0.40978544304453235,flip
2025-08-08,0,-1,0.0091018044718578,-0.0091018044718578,0.4060556560665274,hold
2025-08-11,0,-1,-0.0039719417907191,0.0039719417907191,0.40766848549621587,hold
2025-08-12,0,-1,0.0053884535167121,-0.0053884535167121,0.40547178281189106,hold
2025-08-13,0,-1,0.000485438164071,-0.000485438164071,0.4052749513340603,hold
2025-08-14,-1,-1,0.0099730192766349,-0.0099730192766349,0.4012331364320684,hold
2025-08-18,0,-1,0.0041685646806257,-0.0041685646806257,0.39956057015084107,hold
2025-08-19,0,-1,0.0027981813736617,-0.0027981813736617,0.3984425272057953,hold
2025-08-20,-1,-1,0.0013252889742787,-0.0013252889742787,0.39791447571760574,hold
2025-08-21,-1,-1,-0.0085174820600987,0.0085174820600987,0.401303705125984,hold
2025-08-22,0,-1,0.0039264173509054,-0.0039264173509054,0.39972801929519475,hold
2025-08-25,0,-1,-0.0102411798720348,0.0102411798720348,0.403821705840689,hold
2025-08-26,0,-1,-0.0085444301039235,0.0085444301039235,0.4072721321806919,hold
2025-08-28,0,-1,-0.0030223697933294,0.0030223697933294,0.4085030591706597,hold
2025-08-29,0,-1,0.0081140701746054,-0.0081140701746054,0.405188436682008,hold
2025-09-01,0,-1,-0.0018457290617897,0.0018457290617897,0.4059363047550931,hold
2025-09-02,0,-1,0.005510715147017,-0.005510715147017,0.40369930541175514,hold
2025-09-03,0,-1,0.0007788776228048,-0.0007788776228048,0.40338487305642806,hold
2025-09-04,-1,-1,0.0002708473067116,-0.0002708473067116,0.40327561734999257,hold
2025-09-05,-1,-1,0.0012994782193525,-0.0012994782193525,0.4027515694688503,hold
2025-09-08,0,-1,0.0038529301782352,-0.0038529301782352,0.4011997957925122,hold
2025-09-09,0,-1,0.0042020862308871,-0.0042020862308871,0.3995139196547777,hold
2025-09-10,0,-1,0.0012974116602184,-0.0012974116602184,0.3989955856369981,hold
2025-09-11,0,-1,0.0043390454100098,-0.0043390454100098,0.3972643256725257,hold
2025-09-12,0,-1,-0.0017838966811339,0.0017838966811339,0.3979730041846258,hold
2025-09-15,-1,-1,0.0067772563910986,-0.0067772563910986,0.3952758390985308,hold
2025-09-16,0,-1,0.0036114755294653,-0.0036114755294653,0.3938483100782376,hold
2025-09-17,-1,-1,0.0036853015416349,-0.0036853015416349,0.392396860293936,hold
2025-09-18,-1,-1,-0.0037976065391384,0.0037976065391384,0.39388702917652557,hold
2025-09-19,-1,-1,-0.0049236357186648,0.0049236357186648,0.3958263854224979,hold
2025-09-22,-1,-1,-0.001303434397354,0.001303434397354,0.3963423191486378,hold
2025-09-23,-1,-1,-0.0044736530076083,0.0044736530076083,0.3981154171567396,hold
2025-09-24,0,-1,-0.0066269482123226,0.0066269482123226,0.40075370740876454,hold
2025-09-25,0,-1,-0.0094874379272315,0.0094874379272315,0.40455583333191303,hold
2025-09-26,0,-1,-0.0008030448049409,0.0008030448049409,0.4048807097921788,hold
2025-09-29,-1,-1,-0.0009661407544825,0.0009661407544825,0.4052718815466128,hold
2025-09-30,-1,-1,0.0091503904924759,-0.0091503904924759,0.40156348557484084,hold
2025-10-01,0,-1,0.0023332467769816,-0.0023332467769816,0.40062653886636984,hold
2025-10-03,-1,-1,0.0073671787912872,-0.0073671787912872,0.3976750515260067,hold
2025-10-06,0,-1,0.0012222193924698,-0.0012222193924698,0.39718900536613017,hold
2025-10-07,-1,-1,-0.0024752925801897,0.0024752925801897,0.39817216436404584,hold
2025-10-08,1,1,0.0054160175719368,0.0054160175719368,0.39953232747416956,flip
2025-10-09,1,1,0.004112050167679,0.004112050167679,0.4011752244483529,hold
2025-10-10,0,1,-0.0022938183927065,-0.0022938183927065,0.4002550013398151,hold
2025-10-13,0,1,-0.0032444791324643,-0.0032444791324643,0.3989563823403036,hold
2025-10-14,0,1,0.0070808208725219,0.0070808208725219,0.4017813210196047,hold
2025-10-15,0,1,0.0103362282114798,0.0103362282114798,0.4059342244447732,hold
2025-10-16,1,1,0.0048679837376106,0.0048679837376106,0.4079103056479099,hold
2025-10-17,0,1,0.0051848137299641,0.0051848137299641,0.4100252446012271,hold
2025-10-20,-1,-1,0.0009847568259027,-0.0009847568259027,0.40880141895361116,flip
2025-10-21,-1,-1,0.0008814076368377,-0.0008814076368377,0.40844109826099534,hold
2025-10-23,-1,-1,-0.0037174505259611,0.0037174505259611,0.40995945783654986,hold
2025-10-24,-1,-1,0.0066252915000297,-0.0066252915000297,0.4072433569251886,hold
2025-10-27,0,-1,-0.001149638146805,0.001149638146805,0.4077115394233427,hold
2025-10-28,-1,-1,0.0045381040946781,-0.0045381040946781,0.4058613020168381,hold
2025-10-29,0,-1,-0.00675717564781,0.00675717564781,0.40860377812321474,hold
2025-10-30,0,-1,-0.0060186608373972,0.0060186608373972,0.4110630256806174,hold
2025-10-31,0,-1,0.0016036793506921,-0.0016036793506921,0.4104038123945004,hold
2025-11-03,-1,-1,-0.0064315867797603,0.0064315867797603,0.41304336012866005,hold
2025-11-04,0,-1,-0.0034359080045569,0.0034359080045569,0.4144625391159552,hold
2025-11-06,0,-1,-0.0006820322478444,0.0006820322478444,0.4147452159331558,hold
2025-11-07,-1,-1,0.0032185728871263,-0.0032185728871263,0.413410328226088,hold
2025-11-10,-1,-1,0.0047156471705849,-0.0047156471705849,0.41146083098149805,hold
2025-11-11,1,1,0.0070384090258497,0.0070384090258497,0.41353393894609886,flip
2025-11-12,0,1,0.0001294494962036,0.0001294494962036,0.41358747070615853,hold
2025-11-13,0,1,0.0011940264714482,0.0011940264714482,0.414081305094441,hold
2025-11-14,0,1,0.0039906690408659,0.0039906690408659,0.4157337665390828,hold
2025-11-17,0,1,-0.0039748069020186,-0.0039748069020186,0.4140813050944411,hold
2025-11-18,0,1,0.0055036406751542,0.0055036406751542,0.4163602598079798,hold
2025-11-19,0,1,0.0053545415882216,0.0053545415882216,0.4185896781348044,hold
2025-11-20,0,1,-0.0047342428227803,-0.0047342428227803,0.4166079729554048,hold
2025-11-21,0,1,-0.004167936312968,-0.004167936312968,0.414871577456652,hold
2025-11-24,0,1,-0.002877529180069,-0.002877529180069,0.4136777723865392,hold
2025-11-25,0,1,0.0123817835303625,0.0123817835303625,0.4187998410155519,hold
2025-11-26,0,1,0.0003911422381892,0.0003911422381892,0.41896365132272,hold
2025-11-27,-1,-1,-0.0004806903583736,0.0004806903583736,0.41832711580777443,flip
2025-11-28,-1,-1,-0.0010380212747401,0.0010380212747401,0.4187613482537835,hold
2025-12-01,-1,-1,-0.0054841133969418,0.0054841133969418,0.42105788297386354,hold
2025-12-02,0,-1,-0.0017746951904364,0.0017746951904364,0.4218051323736726,hold
2025-12-03,0,-1,0.0018375278996383,-0.0018375278996383,0.42103005367472535,hold
2025-12-04,-1,-1,0.0058654330916598,-0.0058654330916598,0.41856053006531835,hold
2025-12-05,1,1,-0.0086265394598917,-0.0086265394598917,0.4141126800762261,flip
2025-12-08,0,1,-0.0046570811090926,-0.0046570811090926,0.4121841237368074,hold
2025-12-09,1,1,-0.0031598875909956,-0.0031598875909956,0.41088166823900607,hold
2025-12-10,1,1,0.0054565875164998,0.0054565875164998,0.4131236800206776,hold
2025-12-11,1,1,0.0057299900196514,0.0057299900196514,0.4154908745840778,hold
2025-12-12,1,1,-0.0007543469807149,-0.0007543469807149,0.4151774502973207,hold
2025-12-15,-1,-1,-0.0064240688375742,0.0064240688375742,0.41701422391724463,flip
2025-12-16,0,-1,-0.0016066770334456,0.0016066770334456,0.41768423109343256,hold
2025-12-17,-1,-1,-0.0001161955225689,0.0001161955225689,0.4177327641309332,hold
2025-12-18,1,1,0.0058433620360547,0.0058433620360547,0.41933826237781024,flip
2025-12-19,1,1,0.0079333291061156,0.0079333291061156,0.4226650108200401,hold
2025-12-22,0,1,0.0001814888939914,0.0001814888939914,0.4227417198253827,hold
2025-12-23,1,1,-0.0013389838361685,-0.0013389838361685,0.4221756754956625,hold
2025-12-24,1,1,-0.003817552133005,-0.003817552133005,0.4205639978451712,hold
2025-12-26,0,1,-0.0038476313101776,-0.0038476313101776,0.4189458226391286,hold
2025-12-29,0,1,-0.0001252789885528,-0.0001252789885528,0.41889333753020996,hold
2025-12-30,0,1,0.007353834224439,0.007353834224439,0.4219738096921291,hold
2025-12-31,1,1,0.0006487344669803,0.0006487344669803,0.4222475586466394,hold
2026-01-01,0,1,0.0069607651702385,0.0069607651702385,0.42518672474608515,hold
2026-01-02,0,1,-0.002972058760474,-0.002972058760474,0.4239230448159663,hold
2026-01-05,1,1,-0.0027276473171363,-0.0027276473171363,0.4227667322601018,hold
