idx,date,signal,position,return,pnl,equity,action
0,2020-01-01,-1,-1,0.0081838863379848,-0.0081838863379848,0.9913161136620152,enter
1,2020-01-02,0,-1,-0.0045227893866035,0.0045227893866035,0.9957996276596549,hold
2,2020-01-03,0,-1,-0.0191058530729412,0.0191058530729412,1.0148252290358097,hold
3,2020-01-06,0,-1,0.0049945920012428,-0.0049945920012428,1.0097565910642081,hold
4,2020-01-07,0,-1,-0.0022899444111396,0.0022899444111396,1.012068877526527,hold
5,2020-01-08,-1,-1,0.0158457581226116,-0.0158457581226116,0.9960318788898186,hold
6,2020-01-09,0,-1,0.0033480474426501,-0.0033480474426501,0.9926971169049036,hold
7,2020-01-10,0,-1,0.0059354808073293,-0.0059354808073293,0.9868049822200234,hold
8,2020-01-13,1,1,0.0026562202609821,0.0026562202609821,0.9884393486252144,flip
9,2020-01-14,0,1,-0.0015369308543056,-0.0015369308543056,0.9869201856927026,hold
10,2020-01-15,0,1,0.0009884063018437,0.0009884063018437,0.987895663823658,hold
11,2020-01-16,0,1,-0.0002549788049855,-0.0002549788049855,0.9876437713678459,hold
12,2020-01-17,-1,-1,-0.0103461939411514,0.0103461939411514,0.99687448159982,flip
13,2020-01-20,0,-1,-0.0044746183856623,0.0044746183856623,1.0013351144833842,hold
14,2020-01-21,1,1,-0.0051725551893021,-0.0051725551893021,0.9951543182262493,flip
15,2020-01-22,1,1,0.0060667236352978,0.0060667236352978,1.0011916444494011,hold
16,2020-01-23,1,1,0.0055745847042631,0.0055745847042631,1.006772872076585,hold
17,2020-01-24,0,1,-0.0105525279121506,-0.0105525279121506,0.9961488732428008,hold
18,2020-01-27,0,1,-0.0052149678449129,-0.0052149678449129,0.9909539889000933,hold
19,2020-01-28,0,1,0.0061132563999481,0.0061132563999481,0.997011944714791,hold
20,2020-01-29,0,1,-0.007724984155365,-0.007724984155365,0.9893100432391596,hold
21,2020-01-30,0,1,-0.0061234148547233,-0.0061234148547233,0.9832520874244619,hold
22,2020-01-31,0,1,-0.0212503847193161,-0.0212503847193161,0.9623576022906215,hold
23,2020-02-03,0,1,0.0232108226866707,0.0232108226866707,0.9846947139585587,hold
24,2020-02-04,0,1,0.0091405004678344,0.0091405004678344,0.993695316452171,hold
25,2020-02-05,0,1,0.0040366612301674,0.0040366612301674,0.9977065278106925,hold
26,2020-02-06,0,1,-0.0032625431230384,-0.0032625431230384,0.9944514672395731,hold
27,2020-02-07,0,1,-0.0055255147630383,-0.0055255147630383,0.9889566109762158,hold
28,2020-02-10,0,1,0.0063500303889789,0.0063500303889789,0.9952365155092964,hold
29,2020-02-11,0,1,0.0077056964194832,0.0077056964194832,1.0029055059633953,hold
30,2020-02-12,0,1,-0.0021759994314084,-0.0021759994314084,1.0007231841526625,hold
31,2020-02-13,0,1,-0.0050268544351488,-0.0050268544351488,0.9956926943760485,hold
32,2020-02-14,0,1,-0.0055847334602637,-0.0055847334602637,0.9901320160696264,hold
33,2020-02-17,1,1,-0.0044247626186481,-0.0044247626186481,0.9857509169373948,hold
34,2020-02-18,1,1,0.011123651500938,0.011123651500938,0.9967160666041366,hold
35,2020-02-19,0,1,-0.0037152524595064,-0.0037152524595064,0.993013014786256,hold
36,2020-02-20,0,1,-0.0208138687990014,-0.0208138687990014,0.9723445721807941,hold
37,2020-02-24,0,1,-0.0026628568617023,-0.0026628568617023,0.9697553577648235,hold
38,2020-02-25,0,1,-0.0101204779385897,-0.0101204779385897,0.9599409700607354,hold
39,2020-02-26,0,1,-0.0038703767874727,-0.0038703767874727,0.9562256368128683,hold
40,2020-02-27,0,1,-0.0370960786649383,-0.0370960786649383,0.9207534153682274,hold
41,2020-02-28,1,1,-0.0061597518244916,-0.0061597518244916,0.9150818028380061,hold
42,2020-03-02,1,1,0.0153196474085468,0.0153196474085468,0.9291005334074618,hold
43,2020-03-03,-1,-1,-0.0046269501465237,0.0046269501465237,0.9324703347232394,flip
44,2020-03-04,1,1,0.0015998577904186,0.0015998577904186,0.9330296843178575,flip
45,2020-03-05,0,1,-0.0248069753028219,-0.0248069753028219,0.9098840399821846,hold
46,2020-03-06,0,1,-0.0489560433359516,-0.0489560433359516,0.8653397174901261,hold
47,2020-03-09,1,1,0.0006649981756232,0.0006649981756232,0.8659151668235513,hold
48,2020-03-11,0,1,-0.0830193880106471,-0.0830193880106471,0.7940274196047227,hold
49,2020-03-12,1,1,0.0380650761268936,0.0380650761268936,0.8242521337788175,hold
50,2020-03-13,1,1,-0.0761210010667908,-0.0761210010667908,0.7615092362241356,hold
51,2020-03-16,1,1,-0.0250451840905282,-0.0250451840905282,0.7424370972162645,hold
52,2020-03-17,1,1,-0.055564540272715,-0.055564540272715,0.7011839212280337,hold
53,2020-03-18,1,1,-0.0242477817531284,-0.0242477817531284,0.6841817665372937,hold
54,2020-03-19,1,1,0.0583291468584656,0.0583291468584656,0.724089505275532,hold
55,2020-03-20,0,1,-0.1298046607047124,-0.1298046607047124,0.6300993127233985,hold
56,2020-03-23,1,1,0.0250714240251634,0.0250714240251634,0.6458967997706508,hold
57,2020-03-24,1,1,0.0662474689466749,0.0662474689466749,0.6886858279562138,hold
58,2020-03-25,1,1,0.0389043564303894,0.0389043564303894,0.7154787068755802,hold
59,2020-03-26,0,1,0.0021755381634551,0.0021755381634551,0.7170352581075277,hold
60,2020-03-27,1,1,-0.0437805364308189,-0.0437805364308189,0.6856430698677694,hold
61,2020-03-30,-1,-1,0.0382377227133605,-0.0382377227133605,0.6587399972119606,flip
62,2020-03-31,-1,-1,-0.0400046750966822,0.0400046750966822,0.6850926767736145,hold
63,2020-04-01,1,1,-0.0205965741867707,-0.0205965741867707,0.6702970219548599,flip
64,2020-04-03,1,1,0.0876321046711503,0.0876321046711503,0.7290365607435685,hold
65,2020-04-07,1,1,-0.0049419024075071,-0.0049419024075071,0.7254337332088692,hold
66,2020-04-08,0,1,0.0415088316188025,0.0415088316188025,0.7555456398912355,hold
67,2020-04-09,-1,-1,-0.0129556707370791,0.0129556707370791,0.7645786947886108,flip
68,2020-04-13,0,-1,-0.0076218535626885,0.0076218535626885,0.7704062016374411,hold
69,2020-04-15,0,-1,0.0075627711647903,-0.0075627711647903,0.7645797958305218,hold
70,2020-04-16,-1,-1,0.0304632818768748,-0.0304632818768748,0.7412881859927732,hold
71,2020-04-17,0,-1,-0.0005288143766692,0.0005288143766692,0.7416801898427813,hold
72,2020-04-20,-1,-1,-0.0302746671440956,0.0302746671440956,0.7641343107176412,hold
73,2020-04-21,-1,-1,0.0229194177887257,-0.0229194177887257,0.7466207972036035,hold
74,2020-04-22,-1,-1,0.0137799558770148,-0.0137799558770148,0.7363323955612763,hold
75,2020-04-23,-1,-1,-0.0171249415723349,0.0171249415723349,0.7489420448130806,hold
76,2020-04-24,-1,-1,0.0139713589754586,-0.0139713589754586,0.738478306653183,hold
77,2020-04-27,-1,-1,0.0106224306488902,-0.0106224306488902,0.7306338720550497,hold
78,2020-04-28,-1,-1,0.0183830135241964,-0.0183830135241964,0.7172026197038258,hold
79,2020-04-29,0,-1,0.032088303452139,-0.032088303452139,0.6941888044061004,hold
80,2020-04-30,-1,-1,-0.057444839013135,0.057444839013135,0.7340663685199296,hold
81,2020-05-04,-1,-1,-0.0094582655216011,0.0094582655216011,0.7410093631438686,hold
82,2020-05-05,0,-1,0.0070935934671216,-0.0070935934671216,0.7357529439663953,hold
83,2020-05-06,-1,-1,-0.0077501195040513,0.0077501195040513,0.7414551172075924,hold
84,2020-05-07,1,1,0.0057016970693835,0.0057016970693835,0.7449412145592468,flip
85,2020-05-08,0,1,-0.0013294930214019,-0.0013294930214019,0.7439508204131355,hold
86,2020-05-11,1,1,-0.0046162427183511,-0.0046162427183511,0.7405165628555921,hold
87,2020-05-12,1,1,0.0203337125303977,0.0203337125303977,0.7555740137686959,hold
88,2020-05-13,1,1,-0.0256619093732747,-0.0256619093732747,0.7361845419025622,hold
89,2020-05-14,1,1,-0.0006453627874545,-0.0006453627874545,0.7357094357945191,hold
90,2020-05-15,1,1,-0.0343225097032598,-0.0343225097032598,0.7104580415456819,hold
91,2020-05-18,1,1,0.0063298228402233,0.0063298228402233,0.7149551150840782,hold
92,2020-05-19,0,1,0.021111396826158,0.021111396826158,0.7300488162315096,hold
93,2020-05-20,0,1,0.0043787544510012,0.0043787544510012,0.7332455207350316,hold
94,2020-05-21,1,1,-0.0073575840768702,-0.0073575840768702,0.7278506051672351,hold
95,2020-05-22,1,1,-0.0011284338094974,-0.0011284338094974,0.7270292739361012,hold
96,2020-05-26,0,1,0.0316645047717616,0.0316645047717616,0.7500502958498613,hold
97,2020-05-27,0,1,0.0188030435364687,0.0188030435364687,0.7641535242172675,hold
98,2020-05-28,0,1,0.0095046626511057,0.0095046626511057,0.7714165456786062,hold
99,2020-05-29,0,1,0.0256620973194605,0.0256620973194605,0.7912127121476527,hold
100,2020-06-01,0,1,0.0155655279707429,0.0155655279707429,0.8035283557493943,hold
101,2020-06-02,0,1,0.0082622880359908,0.0082622880359908,0.8101673384696819,hold
102,2020-06-03,-1,-1,-0.0032251686810099,0.0032251686810099,0.8119700974576218,flip
103,2020-06-04,-1,-1,0.0112722762414605,-0.0112722762414605,0.8028173462192739,hold
104,2020-06-05,-1,-1,0.0024945207587225,-0.0024945207587225,0.8008147016836674,hold
105,2020-06-08,0,-1,-0.0118810323499978,0.0118810323499978,0.810329207060725,hold
106,2020-06-09,-1,-1,0.0069177285262014,-0.0069177285262014,0.8047235695894268,hold
107,2020-06-10,0,-1,-0.021169158460066,0.021169158460066,0.8217588903506153,hold
108,2020-06-11,-1,-1,0.0071602091117954,-0.0071602091117954,0.815874924856228,hold
109,2020-06-12,-1,-1,-0.0159632793948444,0.0159632793948444,0.8288989642329556,hold
110,2020-06-15,0,-1,0.010220386061458,-0.010220386061458,0.8204272968125521,hold
111,2020-06-16,-1,-1,-0.0033134566648174,0.0033134566648174,0.8231457471071738,hold
112,2020-06-17,0,-1,0.0213031875518985,-0.0213031875518985,0.805610118874002,hold
113,2020-06-18,0,-1,0.0151362754442923,-0.0151362754442923,0.7934161822140161,hold
114,2020-06-19,0,-1,0.0065206163504338,-0.0065206163504338,0.7882426196835727,hold
115,2020-06-22,0,-1,0.0154976919912916,-0.0154976919912916,0.7760266783493078,hold
116,2020-06-23,0,-1,-0.0158246772335498,0.0158246772335498,0.7883070500588093,hold
117,2020-06-24,0,-1,-0.0015913572989929,0.0015913572989929,0.789561528236768,hold
118,2020-06-25,0,-1,0.0091457401473864,-0.0091457401473864,0.7823404036691411,hold
119,2020-06-26,0,-1,-0.0067995386087835,0.0067995386087835,0.7876599574491008,hold
120,2020-06-29,1,1,-0.0009988732845714,-0.0009988732845714,0.7860855250028291,flip
121,2020-06-30,1,1,0.0124198173347171,0.0124198173347171,0.7958485636328295,hold
122,2020-07-01,1,1,0.0116634525148986,0.0116634525148986,0.8051309055638113,hold
123,2020-07-02,0,1,0.0052739760448483,0.0052739760448483,0.8093771466727219,hold
124,2020-07-03,0,1,0.014735139974255,0.014735139974255,0.8213034322209075,hold
125,2020-07-06,1,1,0.0033445902359812,0.0033445902359812,0.8240503556610914,hold
126,2020-07-07,0,1,-0.008694762073642,-0.008694762073642,0.8168854338819183,hold
127,2020-07-08,-1,-1,0.0100600327219018,-0.0100600327219018,0.8078506542531393,flip
128,2020-07-09,-1,-1,-0.0041985110954393,0.0041985110954393,0.8112424241884789,hold
129,2020-07-10,-1,-1,0.0032178891492418,-0.0032178891492418,0.8086319359942782,hold
130,2020-07-13,-1,-1,-0.0180834960154004,0.0180834960154004,0.8232548283867562,hold
131,2020-07-14,-1,-1,0.0010229309240368,-0.0010229309240368,0.8224126955644367,hold
132,2020-07-15,0,-1,0.0114661616621005,-0.0114661616621005,0.8129827786441312,hold
133,2020-07-16,0,-1,0.0150605912558696,-0.0150605912558696,0.8007387773169108,hold
134,2020-07-17,1,1,0.0110533217609316,0.0110533217609316,0.8087888618917328,flip
135,2020-07-20,0,1,0.0127061568657644,0.0127061568657644,0.8190654600422123,hold
136,2020-07-21,1,1,-0.0026563094918139,-0.0026563094918139,0.8168897686862852,hold
137,2020-07-22,1,1,0.0074421598588463,0.0074421598588463,0.8229691929319045,hold
138,2020-07-23,1,1,-0.0018991484351116,-0.0018991484351116,0.8214062522770028,hold
139,2020-07-24,0,1,-0.0055699256988469,-0.0055699256988469,0.8168310804832517,hold
140,2020-07-27,1,1,0.0151592736988444,0.0151592736988444,0.8292136463980201,hold
141,2020-07-28,1,1,-0.0086456143286032,-0.0086456143286032,0.822044585015248,hold
142,2020-07-29,1,1,-0.0089887146807479,-0.0089887146807479,0.8146554607856922,hold
143,2020-07-30,0,1,-0.0025851023723058,-0.0025851023723058,0.8125494930214032,hold
144,2020-07-31,-1,-1,-0.0164222155452939,0.0164222155452939,0.8250808064439987,flip
145,2020-08-03,0,-1,0.0186979321613793,-0.0186979321613793,0.8096535014974527,hold
146,2020-08-04,-1,-1,0.0005768586219327,-0.0005768586219327,0.809186445894336,hold
147,2020-08-05,-1,-1,0.0088725546683743,-0.0088725546683743,0.8020068949162309,hold
148,2020-08-06,1,1,0.001241002448872,0.001241002448872,0.8022001805419181,flip
149,2020-08-07,0,1,0.005002705259437,0.005002705259437,0.8062133516042365,hold
150,2020-08-10,0,1,0.0046449787767293,0.0046449787767293,0.8099581955119539,hold
151,2020-08-11,0,1,-0.0012452735151247,-0.0012452735151247,0.8089495760227247,hold
152,2020-08-12,0,1,-0.000703034473301,-0.000703034473301,0.8083808565836185,hold
153,2020-08-13,0,1,-0.0108004373788689,-0.0108004373788689,0.7996499897638106,hold
154,2020-08-14,0,1,0.0061457110453491,0.0061457110453491,0.8045644075383154,hold
155,2020-08-17,0,1,0.0122920579350753,0.0122920579350753,0.814454159848276,hold
156,2020-08-18,0,1,0.0020246002135075,0.0020246002135075,0.8161031039141969,hold
157,2020-08-19,0,1,-0.008432399987605,-0.008432399987605,0.8092213961108664,hold
158,2020-08-20,-1,-1,0.0052509160938571,-0.0052509160938571,0.8041630210624235,flip
159,2020-08-21,0,-1,0.0083410064718865,-0.0083410064718865,0.79745549209929,hold
160,2020-08-24,0,-1,0.0005058064691958,-0.0005058064691958,0.7970521339524904,hold
161,2020-08-25,0,-1,0.0067423225064831,-0.0067423225064831,0.7916781514109021,hold
162,2020-08-26,0,-1,0.0008355606212675,-0.0008355606212675,0.7910166563228653,hold
163,2020-08-27,0,-1,0.0076431956549949,-0.0076431956549949,0.7849707612522298,hold
164,2020-08-28,0,-1,-0.0223307478019462,0.0223307478019462,0.802499745353655,hold
165,2020-08-31,0,-1,0.0072667398463226,-0.0072667398463226,0.7966681884774298,hold
166,2020-09-01,1,1,0.0056450382511279,0.0056450382511279,0.8003687426863644,flip
167,2020-09-02,0,1,-0.0006545127600779,-0.0006545127600779,0.7998448911315087,hold
168,2020-09-03,-1,-1,-0.0167947449485598,0.0167947449485598,0.8124782371853395,flip
169,2020-09-04,0,-1,0.0018705202595032,-0.0018705202595032,0.8109584801822789,hold
170,2020-09-07,0,-1,-0.0033201259317187,0.0033201259317187,0.8136509644618792,hold
171,2020-09-08,0,-1,-0.0034769279675166,0.0034769279675166,0.8164799702560136,hold
172,2020-09-09,0,-1,0.0151844298634509,-0.0151844298634509,0.8040821874127486,hold
173,2020-09-10,1,1,0.0013276149365679,0.0013276149365679,0.8043456167475733,flip
174,2020-09-11,-1,-1,-0.0021283524468515,0.0021283524468515,0.8052532020923447,flip
175,2020-09-14,0,-1,0.0071459479106903,-0.0071459479106903,0.7994989046552763,hold
176,2020-09-15,0,-1,0.0071820376506051,-0.0071820376506051,0.7937568734204246,hold
177,2020-09-16,0,-1,-0.0076220272911209,0.0076220272911209,0.7998069099721499,hold
178,2020-09-17,0,-1,-0.0009681588767627,0.0009681588767627,0.8005812501317355,hold
179,2020-09-18,-1,-1,-0.0221122548386738,0.0221122548386738,0.8182839067537125,hold
180,2020-09-21,0,-1,-0.0086128603263573,0.0086128603263573,0.8253316717498883,hold
181,2020-09-22,0,-1,-0.0019545871070447,0.0019545871070447,0.8269448543945264,hold
182,2020-09-23,-1,-1,-0.0293122720965164,0.0293122720965164,0.8511844869753529,hold
183,2020-09-24,0,-1,0.0226457884823545,-0.0226457884823545,0.8319087431238475,hold
184,2020-09-25,0,-1,0.0160448681873712,-0.0160448681873712,0.8185608769965038,hold
185,2020-09-28,0,-1,-0.0004586409458945,0.0004586409458945,0.8189363025314017,hold
186,2020-09-29,-1,-1,0.0022410013176423,-0.0022410013176423,0.8171010651983638,hold
187,2020-09-30,0,-1,0.0150610927327836,-0.0150610927327836,0.804794630283355,hold
188,2020-10-01,0,-1,0.0075676439490797,-0.0075676439490797,0.7987042310692393,hold
189,2020-10-05,0,-1,0.0138264754746197,-0.0138264754746197,0.7876609666068854,hold
190,2020-10-06,0,-1,0.0065551872847253,-0.0065551872847253,0.7824977014539096,hold
191,2020-10-07,0,-1,0.0081566766068399,-0.0081566766068399,0.7761151207575545,hold
192,2020-10-08,1,1,0.0067260903253916,0.0067260903253916,0.7805592260419146,flip
193,2020-10-09,0,1,0.0014058853909966,0.0014058853909966,0.7816566028546146,hold
194,2020-10-12,0,1,0.0002975290843887,0.0002975290843887,0.7818891684279683,hold
195,2020-10-13,-1,-1,0.0030625333853533,-0.0030625333853533,0.7787127175775835,flip
196,2020-10-14,-1,-1,-0.0242836008583533,0.0242836008583533,0.7976226663945613,hold
197,2020-10-15,0,-1,0.007028949362235,-0.007028949362235,0.7920162170623031,hold
198,2020-10-16,-1,-1,0.0094027696218492,-0.0094027696218492,0.7845690710364978,hold
199,2020-10-19,0,-1,0.0020003285078973,-0.0020003285078973,0.782999675157289,hold
200,2020-10-20,1,1,0.0034337457642519,0.0034337457642519,0.7849052973001137,flip
201,2020-10-21,0,1,-0.0034512817819539,-0.0034512817819539,0.7821963679469828,hold
202,2020-10-22,0,1,0.0028495402835257,0.0028495402835257,0.7844252680070752,hold
203,2020-10-23,-1,-1,-0.0136290733045432,0.0136290733045432,0.7943318322186727,flip
204,2020-10-26,0,-1,0.0103376083469652,-0.0103376083469652,0.7861203408396688,hold
205,2020-10-27,0,-1,-0.0134406089457635,0.0134406089457635,0.796686276925205,hold
206,2020-10-28,0,-1,-0.0050129421843609,0.0050129421843609,0.8006800191705049,hold
207,2020-10-29,0,-1,-0.0024333734223676,0.0024333734223676,0.8026283726489752,hold
208,2020-10-30,0,-1,0.0022976361491175,-0.0022976361491175,0.8007842246856696,hold
209,2020-11-02,0,-1,0.0123701901631991,-0.0123701901631991,0.7908783715466179,hold
210,2020-11-03,0,-1,0.008041647267956,-0.008041647267956,0.7845184066507845,hold
211,2020-11-04,0,-1,0.0177855989156905,-0.0177855989156905,0.770565276928117,hold
212,2020-11-05,0,-1,0.0118190145712895,-0.0118190145712895,0.7614579546919739,hold
213,2020-11-06,0,-1,0.0161046355374614,-0.0161046355374614,0.7491949518545588,hold
214,2020-11-09,0,-1,0.0136465071043638,-0.0136465071043638,0.738971057621522,hold
215,2020-11-10,0,-1,0.0093460415087203,-0.0093460415087203,0.7320646034432483,hold
216,2020-11-11,0,-1,-0.0045768215253314,0.0045768215253314,0.7354151324782205,hold
217,2020-11-12,-1,-1,0.0022969703307613,-0.0022969703307613,0.7337259057381252,hold
218,2020-11-13,-1,-1,0.0121266198083733,-0.0121266198083733,0.7248282906356847,hold
219,2020-11-17,0,-1,0.0049750511655721,-0.0049750511655721,0.7212222328035179,hold
220,2020-11-18,0,-1,-0.0128726686134137,0.0128726686134137,0.7305062876030239,hold
221,2020-11-19,0,-1,0.0068393094137191,-0.0068393094137191,0.7255101290734396,hold
222,2020-11-20,0,-1,0.005241475198302,-0.005241475198302,0.7217073857257843,hold
223,2020-11-23,0,-1,0.0099563448098976,-0.0099563448098976,0.7145218181416486,hold
224,2020-11-24,-1,-1,-0.0150706804680923,0.0150706804680923,0.7252901481503418,hold
225,2020-11-25,0,-1,0.0100012136399767,-0.0100012136399767,0.7180363664277198,hold
226,2020-11-26,-1,-1,-0.0013898363507738,0.0013898363507738,0.7190343194709586,hold
227,2020-11-27,-1,-1,0.0108026946873185,-0.0108026946873185,0.7112668112480101,hold
228,2020-12-01,-1,-1,0.0003585458429504,-0.0003585458429504,0.7110117894896085,hold
229,2020-12-02,-1,-1,0.00153658492994,-0.00153658492994,0.7099192594888691,hold
230,2020-12-03,0,-1,0.0094906623588735,-0.0094906623588735,0.7031816554949988,hold
231,2020-12-04,0,-1,0.0073311332494399,-0.0073311332494399,0.6980265370800032,hold
232,2020-12-07,0,-1,0.0027853318093331,-0.0027853318093331,0.6960823015625156,hold
233,2020-12-08,0,-1,0.0101657522858669,-0.0101657522858669,0.689006101314255,hold
234,2020-12-09,0,-1,-0.0037548548058806,0.0037548548058806,0.6915932191850559,hold
235,2020-12-10,1,1,0.0026375585350264,0.0026375585350264,0.6927257435638989,flip
236,2020-12-11,0,1,0.0032781762806703,0.0032781762806703,0.6949966206654599,hold
237,2020-12-14,-1,-1,0.0007153791977927,-0.0007153791977927,0.693804437919834,flip
238,2020-12-15,-1,-1,0.008464907059269,-0.008464907059269,0.6879314478355343,hold
239,2020-12-16,0,-1,0.0042389293905504,-0.0042389293905504,0.6850153550026203,hold
240,2020-12-17,0,-1,0.0014445849987885,-0.0014445849987885,0.6840257920968438,hold
241,2020-12-18,-1,-1,-0.0314049525779333,0.0314049525779333,0.7055075896597284,hold
242,2020-12-21,0,-1,0.0103462838766079,-0.0103462838766079,0.6982082078600075,hold
243,2020-12-22,0,-1,0.0100101591857162,-0.0100101591857162,0.6912190325545552,hold
244,2020-12-23,0,-1,0.0108925303747413,-0.0108925303747413,0.6836899082468554,hold
245,2020-12-24,0,-1,0.0090150513891666,-0.0090150513891666,0.6775264085897554,hold
246,2020-12-28,0,-1,0.0042815942411449,-0.0042815942411449,0.674625515420514,hold
247,2020-12-29,0,-1,0.0035420946069744,-0.0035420946069744,0.6722359280206156,hold
248,2020-12-30,0,-1,-1.4318125132972703e-05,1.4318125132972703e-05,0.672245553178752,hold
249,2020-12-31,0,-1,0.0026284263414808,-0.0026284263414808,0.6704786052588336,hold
250,2021-01-01,0,-1,0.0081606727271106,-0.0081606727271106,0.6650070487907866,hold
251,2021-01-04,0,-1,0.0047123808655142,-0.0047123808655142,0.6618732822986328,hold
252,2021-01-05,0,-1,-0.0037501320469031,0.0037501320469031,0.6643553945055699,hold
253,2021-01-06,0,-1,-0.000629169612088,0.000629169612088,0.6647733867314195,hold
254,2021-01-07,-1,-1,0.014847223590326,-0.014847223590326,0.6549033476217199,hold
255,2021-01-08,0,-1,0.0095837181341371,-0.0095837181341371,0.6486269385330106,hold
256,2021-01-11,0,-1,0.0054333140242324,-0.0054333140242324,0.6451027446913842,hold
257,2021-01-12,0,-1,9.609083312889231e-05,-9.609083312889231e-05,0.6450407562311931,hold
258,2021-01-13,0,-1,0.002111247340323,-0.002111247340323,0.6436789156502001,hold
259,2021-01-14,-1,-1,-0.0110923441582015,0.0110923441582015,0.6508188237099701,hold
260,2021-01-15,0,-1,-0.0105586501425666,0.0105586501425666,0.6576905919757203,hold
261,2021-01-18,0,-1,0.0167947308170628,-0.0167947308170628,0.6466448555225734,hold
262,2021-01-19,-1,-1,0.008508265623863,-0.008508265623863,0.6411430293274829,hold
263,2021-01-20,0,-1,-0.0037112802046228,0.0037112802046228,0.6435224907605579,hold
264,2021-01-21,0,-1,-0.0149721716475961,0.0149721716475961,0.6531574199513136,hold
265,2021-01-22,0,-1,-0.0092541693433081,0.0092541693433081,0.6592018493233813,hold
266,2021-01-25,0,-1,-0.0190604880418779,0.0190604880418779,0.6717665582895934,hold
267,2021-01-27,0,-1,-0.0107356502819043,0.0107356502819043,0.6789784091304689,hold
268,2021-01-28,0,-1,-0.0132404223540728,0.0132404223540728,0.6879683700366527,hold
269,2021-01-29,0,-1,0.0474235111013383,-0.0474235111013383,0.6553424944028499,hold
270,2021-02-01,0,-1,0.0256735714819573,-0.0256735714819573,0.6385175120276341,hold
271,2021-02-02,0,-1,0.0097011226717231,-0.0097011226717231,0.6323231753154106,hold
272,2021-02-03,-1,-1,0.0071467580293813,-0.0071467580293813,0.6278041145850614,hold
273,2021-02-04,0,-1,0.0019199973566108,-0.0019199973566108,0.6265987323445887,hold
274,2021-02-05,-1,-1,0.0128348027329681,-0.0128348027329681,0.6185564612222181,hold
275,2021-02-08,-1,-1,-0.0004300136336804,0.0004300136336804,0.6188224489337447,hold
276,2021-02-09,-1,-1,-0.0001853034041081,0.0001853034041081,0.6189371188400707,hold
277,2021-02-10,0,-1,0.0044219246475027,-0.0044219246475027,0.6162002255390175,hold
278,2021-02-11,0,-1,-0.0006590524229219,0.0006590524229219,0.6166063337906641,hold
279,2021-02-12,-1,-1,0.0099846598415338,-0.0099846598415338,0.610449729291629,hold
280,2021-02-15,-1,-1,-8.162092525865194e-05,8.162092525865194e-05,0.6104995547633576,hold
281,2021-02-16,-1,-1,-0.0068273186874309,0.0068273186874309,0.6146676297822616,hold
282,2021-02-17,-1,-1,-0.0059143128695843,0.0059143128695843,0.6183029664555997,hold
283,2021-02-18,0,-1,-0.0090747170630297,0.0090747170630297,0.6239138909354162,hold
284,2021-02-19,0,-1,-0.0204281745915864,0.0204281745915864,0.6366593128295609,hold
285,2021-02-22,0,-1,0.0021872625461001,-0.0021872625461001,0.6352667717599829,hold
286,2021-02-23,-1,-1,0.0186431824578623,-0.0186431824578623,0.6234233774246444,hold
287,2021-02-24,-1,-1,0.0076992130139501,-0.0076992130139501,0.6186235080439758,hold
288,2021-02-25,1,1,-0.0376356932475859,-0.0376356932475859,0.5947225599514433,flip
289,2021-02-26,0,1,0.0159953891187234,0.0159953891187234,0.60423537871555,hold
290,2021-03-01,0,1,0.0106729853417877,0.0106729853417877,0.6106843740555706,hold
291,2021-03-02,0,1,0.0218846987116321,0.0218846987116321,0.6240490175896785,hold
292,2021-03-03,0,1,-0.0108129305241382,-0.0108129305241382,0.6173012189188245,hold
293,2021-03-04,0,1,-0.0094591045289524,-0.0094591045289524,0.6114621021632216,hold
294,2021-03-05,0,1,0.0012117060677612,0.0012117060677612,0.6122030145026188,hold
295,2021-03-08,-1,-1,0.0095077756017913,-0.0095077756017913,0.6057701226034852,flip
296,2021-03-09,0,-1,0.0050600998838219,-0.0050600998838219,0.6027048652764765,hold
297,2021-03-10,0,-1,-0.0094795062357636,0.0094795062357636,0.6084182098051899,hold
298,2021-03-12,0,-1,-0.006749419963093,0.006749419963093,0.6125246798163584,hold
299,2021-03-15,0,-1,-0.0012759841044576,0.0012759841044576,0.6133062515713921,hold
300,2021-03-16,-1,-1,-0.0126857598628687,0.0126857598628687,0.6210865074012228,hold
301,2021-03-17,0,-1,-0.0111029730717429,0.0111029730717429,0.6279824141681215,hold
302,2021-03-18,0,-1,0.0127869428260285,-0.0127869428260285,0.6199524389424024,hold
303,2021-03-19,0,-1,-0.0005154374236977,0.0005154374236977,0.620271985630346,hold
304,2021-03-22,-1,-1,0.0053167399974314,-0.0053167399974314,0.616974160755059,hold
305,2021-03-23,0,-1,-0.0179111769942118,0.0179111769942118,0.628024894149198,hold
306,2021-03-24,0,-1,-0.0154301891468089,0.0154301891468089,0.6377154370548248,hold
307,2021-03-25,0,-1,0.0127330319296232,-0.0127330319296232,0.6295953860327921,hold
308,2021-03-26,0,-1,0.0232848158675504,-0.0232848158675504,0.6149353733979592,hold
309,2021-03-30,0,-1,-0.0104006990943323,0.0104006990943323,0.6213311311791323,hold
310,2021-03-31,0,-1,0.0120245741669184,-0.0120245741669184,0.6138598889100535,hold
311,2021-04-01,0,-1,-0.015439860548026,0.015439860548026,0.6233377999908514,hold
312,2021-04-05,0,-1,0.0031220672452334,-0.0031220672452334,0.6213916974627841,hold
313,2021-04-06,-1,-1,0.0092314369658119,-0.0092314369658119,0.6156553591765775,hold
314,2021-04-07,1,1,0.0036945688638336,0.0036945688638336,0.6173142849382671,flip
315,2021-04-08,-1,-1,-0.0026187118170183,0.0026187118170183,0.618313538866111,flip
316,2021-04-09,0,-1,-0.0353255893040076,0.0353255893040076,0.6401558290012027,hold
317,2021-04-12,0,-1,0.0135561955060299,-0.0135561955060299,0.6314777514289377,hold
318,2021-04-13,0,-1,0.0052844845607746,-0.0052844845607746,0.6281407170010388,hold
319,2021-04-15,0,-1,0.0024962821650071,-0.0024962821650071,0.6265727005320744,hold
320,2021-04-16,0,-1,-0.0176769785548196,0.0176769785548196,0.6376486127224152,hold
321,2021-04-19,0,-1,-0.004390823034999,0.004390823034999,0.640448414939392,hold
322,2021-04-20,-1,-1,0.0076767575754221,-0.0076767575754221,0.6355318477183389,hold
323,2021-04-22,0,-1,-0.0044981330537942,0.0044981330537942,0.6383905545292996,hold
324,2021-04-23,0,-1,0.0100165182871698,-0.0100165182871698,0.6319961038655004,hold
325,2021-04-26,-1,-1,0.011601643402658,-0.011601643402658,0.6246639104365836,hold
326,2021-04-27,0,-1,0.014433855260107,-0.014433855260107,0.6156476019671295,hold
327,2021-04-28,0,-1,0.0020418099664161,-0.0020418099664161,0.6143905665576329,hold
328,2021-04-29,0,-1,-0.0177108120451774,0.0177108120451774,0.6252719224042652,hold
329,2021-04-30,0,-1,0.0002085134632017,-0.0002085134632017,0.6251415447902819,hold
330,2021-05-03,-1,-1,-0.0094061074234402,0.0094061074234402,0.6310216933154347,hold
331,2021-05-04,0,-1,0.0083709591539336,-0.0083709591539336,0.6257394364954452,hold
332,2021-05-05,0,-1,0.0073164109749706,-0.0073164109749706,0.621161269614798,hold
333,2021-05-06,0,-1,0.0066792477481554,-0.0066792477481554,0.617012379603482,hold
334,2021-05-07,0,-1,0.0080414227481215,-0.0080414227481215,0.612050722218266,hold
335,2021-05-10,0,-1,-0.0061302011912188,0.0061302011912188,0.6158027162846946,hold
336,2021-05-11,0,-1,-0.0103866808073666,0.0103866808073666,0.622198862539053,hold
337,2021-05-12,0,-1,-0.0012724250884564,0.0012724250884564,0.6229905639817567,hold
338,2021-05-14,-1,-1,0.0167157604819725,-0.0167157604819725,0.6125768029317087,hold
339,2021-05-17,0,-1,0.012393443335275,-0.012393443335275,0.6049848670360706,hold
340,2021-05-18,0,-1,-0.0051594324081388,0.0051594324081388,0.60810624556549,hold
341,2021-05-19,-1,-1,-0.0082567760609306,0.0082567760609306,0.6131272426563775,hold
342,2021-05-20,0,-1,0.0180631356749747,-0.0180631356749747,0.6020522420862522,hold
343,2021-05-21,0,-1,0.0014761086049899,-0.0014761086049899,0.6011635475910552,hold
344,2021-05-24,0,-1,0.0007073438653115,-0.0007073438653115,0.6007383182436178,hold
345,2021-05-25,-1,-1,0.0061150215048646,-0.0061150215048646,0.5970647905087618,hold
346,2021-05-26,0,-1,0.0023788211965458,-0.0023788211965458,0.5956444801293884,hold
347,2021-05-27,0,-1,0.006376433707514,-0.006376433707514,0.5918463925885967,hold
348,2021-05-28,0,-1,0.0095330880357249,-0.0095330880357249,0.5862042688244234,hold
349,2021-05-31,0,-1,-0.0005101904286871,0.0005101904286871,0.5865033446316331,hold
350,2021-06-01,-1,-1,8.67158252806366e-05,-8.67158252806366e-05,0.5864524855100736,hold
351,2021-06-02,-1,-1,0.0073284506253876,-0.0073284506253876,0.5821546974258772,hold
352,2021-06-03,0,-1,-0.0012810173052479,0.0012810173052479,0.5829004476676112,hold
353,2021-06-04,-1,-1,0.0051945814919991,-0.0051945814919991,0.579872523790479,hold
354,2021-06-07,-1,-1,-0.0007333060957773,0.0007333060957773,0.5802977478469483,hold
355,2021-06-08,-1,-1,-0.0066549769442125,0.0066549769442125,0.5841596159796483,hold
356,2021-06-09,-1,-1,0.006549286916079,-0.006549286916079,0.580333787049811,hold
357,2021-06-10,-1,-1,0.0039141306333496,-0.0039141306333496,0.5780622847963516,hold
358,2021-06-11,-1,-1,0.0007911718082738,-0.0007911718082738,0.5776049382131944,hold
359,2021-06-14,-1,-1,0.0036302135450976,-0.0036302135450976,0.5755081089427776,hold
360,2021-06-15,-1,-1,-0.0064086327528081,0.0064086327528081,0.5791963290592549,hold
361,2021-06-16,0,-1,-0.0048295020472909,0.0048295020472909,0.5819935589162298,hold
362,2021-06-17,0,-1,-0.0005130696464038,0.0005130696464038,0.5822921621457122,hold
363,2021-06-18,-1,-1,0.0040265882096546,-0.0040265882096546,0.579947511391042,hold
364,2021-06-21,0,-1,0.0016670371193598,-0.0016670371193598,0.5789807173622727,hold
365,2021-06-22,0,-1,-0.0054397492312691,0.0054397492312691,0.5821302272744637,hold
366,2021-06-23,0,-1,0.0065978407983298,-0.0065978407983298,0.5782894247110113,hold
367,2021-06-24,0,-1,0.0044266891189239,-0.0044266891189239,0.5757295172070543,hold
368,2021-06-25,0,-1,-0.0028782098242977,0.0028782098242977,0.5773865875596178,hold
369,2021-06-28,0,-1,-0.0041891404314852,0.0041891404314852,0.5798053410581611,hold
370,2021-06-29,0,-1,-0.0017112919035373,0.0017112919035373,0.5807975572439417,hold
371,2021-06-30,-1,-1,-0.002639697229908,0.002639697229908,0.5823306869469359,hold
372,2021-07-01,0,-1,0.0026913389867666,-0.0026913389867666,0.580763437665965,hold
373,2021-07-02,1,1,0.007133188273225,0.007133188273225,0.5843253691713759,flip
374,2021-07-05,1,1,-0.0010167521731027,-0.0010167521731027,0.5837312550824718,hold
375,2021-07-06,0,1,0.0038816171589777,0.0038816171589777,0.5859970763384316,hold
376,2021-07-07,0,1,-0.0095562557277451,-0.0095562557277451,0.5803971384212305,hold
377,2021-07-08,0,1,-0.0024224839292732,-0.0024224839292732,0.578991135680809,hold
378,2021-07-09,0,1,0.0001784474449868,0.0001784474449868,0.5790944551696412,hold
379,2021-07-12,1,1,0.0076309854951284,0.0076309854951284,0.5835135165573501,hold
380,2021-07-13,1,1,0.0026308921169333,0.0026308921169333,0.5850486776681848,hold
381,2021-07-14,1,1,0.0044310723280038,0.0044310723280038,0.5876410706743356,hold
382,2021-07-15,1,1,-5.0225736783704455e-05,-5.0225736783704455e-05,0.5876115559685966,hold
383,2021-07-16,1,1,-0.0107389122803617,-0.0107389122803617,0.581301247014123,hold
384,2021-07-19,0,1,-0.0076369809214345,-0.0076369809214345,0.57686186048107,hold
385,2021-07-20,-1,-1,0.0122792331234495,-0.0122792331234495,0.5692015773557151,flip
386,2021-07-22,0,-1,0.0020222383267853,-0.0020222383267853,0.5680505161103198,hold
387,2021-07-23,0,-1,-0.0019929055322251,0.0019929055322251,0.5691825871264594,hold
388,2021-07-26,1,1,-0.0049290812026508,-0.0049290812026508,0.5658078573482518,flip
389,2021-07-27,1,1,-0.0023528988583426,-0.0023528988583426,0.5644765686866559,hold
390,2021-07-28,0,1,0.0043954449546468,0.0043954449546468,0.566957694372506,hold
391,2021-07-29,0,1,-0.0009760394990868,-0.0009760394990868,0.5664043212684873,hold
392,2021-07-30,0,1,0.0077460001364197,0.0077460001364197,0.5707916892183017,hold
393,2021-08-02,1,1,0.0154609558824161,0.0154609558824161,0.5796166743433556,hold
394,2021-08-03,0,1,0.0079382424678022,0.0079382424678022,0.5842178120426744,hold
395,2021-08-04,0,1,0.0022018725316477,0.0022018725316477,0.5855041851955105,hold
396,2021-08-05,0,1,-0.0034612335015614,-0.0034612335015614,0.5834776184944074,hold
397,2021-08-06,0,1,0.0012347307242392,0.0012347307242392,0.5841980562368684,hold
398,2021-08-09,0,1,0.0013439090538649,0.0013439090538649,0.5849831652938954,hold
399,2021-08-10,-1,-1,0.0001320870680521,-0.0001320870680521,0.584320913417438,flip
400,2021-08-11,-1,-1,0.0050453954843463,-0.0050453954843463,0.5813727833194725,hold
401,2021-08-12,0,-1,0.0100644823408473,-0.0100644823408473,0.5755215672083044,hold
402,2021-08-13,0,-1,0.0020540242770237,-0.0020540242770237,0.5743394319373077,hold
403,2021-08-16,-1,-1,0.0031122785775283,-0.0031122785775283,0.5725519276270595,hold
404,2021-08-17,-1,-1,-0.0027536023181795,0.0027536023181795,0.5741285079422516,hold
405,2021-08-18,-1,-1,-0.0071428984006249,0.0071428984006249,0.5782294495433855,hold
406,2021-08-20,-1,-1,0.0027931806783987,-0.0027931806783987,0.5766143502172398,hold
407,2021-08-23,-1,-1,0.0077683620836017,-0.0077683620836017,0.5721350011621517,hold
408,2021-08-24,-1,-1,0.0006045728309951,-0.0006045728309951,0.5717891038847877,hold
409,2021-08-25,-1,-1,0.0001352598309651,-0.0001352598309651,0.5717117637872485,hold
410,2021-08-26,-1,-1,0.00410526158848,-0.00410526158848,0.5693647374436905,hold
411,2021-08-27,0,-1,0.0135198365217041,-0.0135198365217041,0.5616670192722288,hold
412,2021-08-30,0,-1,0.0118804461754233,-0.0118804461754233,0.5549941644812547,hold
413,2021-08-31,0,-1,-0.0032657347743637,0.0032657347743637,0.55680662822377,hold
414,2021-09-01,1,1,0.009246783727399,0.009246783727399,0.5613984920647138,flip
415,2021-09-02,0,1,0.0051902308336972,0.0051902308336972,0.5643122798282193,hold
416,2021-09-03,-1,-1,0.0031287476677577,-0.0031287476677577,0.5619823768189915,flip
417,2021-09-06,0,-1,-0.0009035189246697,0.0009035189246697,0.5624901385317784,hold
418,2021-09-07,-1,-1,-0.0004953092983268,0.0004953092983268,0.5627687451276104,hold
419,2021-09-08,-1,-1,0.0009075978909154,-0.0009075978909154,0.5622579774014594,hold
420,2021-09-09,-1,-1,-0.0008030985074197,0.0008030985074197,0.5627095259438953,hold
421,2021-09-13,-1,-1,0.001423151293159,-0.001423151293159,0.5619087051543754,hold
422,2021-09-14,-1,-1,0.0080235453826236,-0.0080235453826236,0.557400205157678,hold
423,2021-09-15,0,-1,0.0062816347635072,-0.0062816347635072,0.5538988206517734,hold
424,2021-09-16,0,-1,-0.0025156476006126,0.0025156476006126,0.5552922348909282,hold
425,2021-09-17,-1,-1,-0.010705054879733,0.010705054879733,0.5612366687397251,hold
426,2021-09-20,0,-1,0.0094901738624639,-0.0094901738624639,0.5559104351753951,hold
427,2021-09-21,-1,-1,-0.0008740239935656,0.0008740239935656,0.5563963142340119,hold
428,2021-09-22,-1,-1,0.0157465283671818,-0.0157465283671818,0.5476350038885306,hold
429,2021-09-23,-1,-1,0.0016972499684944,-0.0016972499684944,0.5467055303954343,hold
430,2021-09-24,-1,-1,0.0001064453827974,-0.0001064453827974,0.5466473361159739,hold
431,2021-09-27,0,-1,-0.0059646824901542,0.0059646824901542,0.5499079139099944,hold
432,2021-09-28,-1,-1,-0.0021015082285871,0.0021015082285871,0.5510635499160415,hold
433,2021-09-29,-1,-1,-0.0052593760207388,0.0052593760207388,0.5539618003363731,hold
434,2021-09-30,0,-1,-0.0048869834497958,0.0048869834497958,0.556669002486436,hold
435,2021-10-01,0,-1,0.0090804675811375,-0.0090804675811375,0.5516141876559338,hold
436,2021-10-04,0,-1,0.0074076609199462,-0.0074076609199462,0.5475280167951472,hold
437,2021-10-05,0,-1,-0.0098921448702895,0.0098921448702895,0.5529442432578271,hold
438,2021-10-06,0,-1,0.0081803020160375,-0.0081803020160375,0.5484209923499488,hold
439,2021-10-07,0,-1,0.0058936227604964,-0.0058936227604964,0.5451888059071011,hold
440,2021-10-08,0,-1,0.0028359561343596,-0.0028359561343596,0.5436426743686046,hold
441,2021-10-11,0,-1,0.0025632525445875,-0.0025632525445875,0.5422491809001829,hold
442,2021-10-12,0,-1,0.0094375978492116,-0.0094375978492116,0.5371316511967826,hold
443,2021-10-13,0,-1,0.0097347877407187,-0.0097347877407187,0.5319027885835602,hold
444,2021-10-14,0,-1,0.0075523961327199,-0.0075523961327199,0.5278856480200789,hold
445,2021-10-18,0,-1,-0.0031553077349963,0.0031553077349963,0.5295512896884702,hold
446,2021-10-19,0,-1,-0.00826062521208,0.00826062521208,0.5339257144231603,hold
447,2021-10-20,0,-1,-0.0048449082967022,0.0048449082967022,0.5365125355467917,hold
448,2021-10-21,-1,-1,-0.0034766680845673,0.0034766680845673,0.5383778115560974,hold
449,2021-10-22,-1,-1,0.0005796333280105,-0.0005796333280105,0.5380657498334581,hold
450,2021-10-25,-1,-1,0.0078894808897,-0.0078894808897,0.5338206903827449,hold
451,2021-10-26,-1,-1,-0.0031448386638428,0.0031448386638428,0.5354994703294199,hold
452,2021-10-27,0,-1,-0.0194223384240636,0.0194223384240636,0.5459001222680646,hold
453,2021-10-28,0,-1,-0.0103935157639054,0.0103935157639054,0.5515739437943756,hold
454,2021-10-29,0,-1,0.0145996550575078,-0.0145996550575078,0.5435211544762686,hold
455,2021-11-01,0,-1,-0.0022700482713416,0.0022700482713416,0.5447549737334251,hold
456,2021-11-02,0,-1,-0.0033400508475575,0.0033400508475575,0.5465744830451545,hold
457,2021-11-03,0,-1,0.0049133761659847,-0.0049133761659847,0.5438889570072251,hold
458,2021-11-04,0,-1,0.0084697040421863,-0.0084697040421863,0.5392823785095605,hold
459,2021-11-08,0,-1,-0.0013449214352717,0.0013449214352717,0.5400076709400823,hold
460,2021-11-09,-1,-1,-0.0014991358050348,0.0014991358050348,0.540817215774582,hold
461,2021-11-10,-1,-1,-0.007970140510272,0.007970140510272,0.5451276049746794,hold
462,2021-11-11,0,-1,0.0128206066843303,-0.0128206066843303,0.5381387383585281,hold
463,2021-11-12,0,-1,0.0003700663573213,-0.0003700663573213,0.5379395913158903,hold
464,2021-11-15,-1,-1,-0.0060879819517564,0.0060879819517564,0.5412145578389567,hold
465,2021-11-16,0,-1,-0.005586294529162,0.005586294529162,0.5442379417625153,hold
466,2021-11-17,0,-1,-0.0074781956434608,0.0074781956434608,0.5483078595676099,hold
467,2021-11-18,0,-1,-0.0196033721001568,0.0196033721001568,0.5590565425641542,hold
468,2021-11-22,0,-1,0.0049836979327988,-0.0049836979327988,0.5562703736286595,hold
469,2021-11-23,-1,-1,-0.0050446817378146,0.0050446817378146,0.5590765806237914,hold
470,2021-11-24,0,-1,0.006959452503032,-0.006959452503032,0.5551857137153826,hold
471,2021-11-25,-1,-1,-0.0290712541877539,0.0290712541877539,0.571325658720212,hold
472,2021-11-26,0,-1,0.0016151341742889,-0.0016151341742889,0.5704028911241649,hold
473,2021-11-29,-1,-1,-0.004148599194972,0.004148599194972,0.5727692640990922,hold
474,2021-11-30,1,1,0.0108166411704213,0.0108166411704213,0.5783919344381994,flip
475,2021-12-01,-1,-1,0.0136745711024337,-0.0136745711024337,0.5699042808712118,flip
476,2021-12-02,-1,-1,-0.0117776858673942,0.0117776858673942,0.5766164344657961,hold
477,2021-12-03,0,-1,-0.0165409195759996,0.0165409195759996,0.5861542005344945,hold
478,2021-12-06,-1,-1,0.0156365485816494,-0.0156365485816494,0.576988771901499,hold
479,2021-12-07,0,-1,0.0170609485278816,-0.0170609485278816,0.5671447961629219,hold
480,2021-12-08,0,-1,0.0026960665936832,-0.0026960665936832,0.5656157360242058,hold
481,2021-12-09,-1,-1,-0.0003167708948091,0.0003167708948091,0.5657949066270243,hold
482,2021-12-10,0,-1,-0.0081690551168631,0.0081690551168631,0.5704169164041009,hold
483,2021-12-13,0,-1,-0.0024959111813221,0.0024959111813221,0.5718406263637691,hold
484,2021-12-14,0,-1,-0.0059740603216401,0.0059740603216401,0.5752568367600307,hold
485,2021-12-15,0,-1,0.0015678167505297,-0.0015678167505297,0.5743549394555015,hold
486,2021-12-16,0,-1,-0.01525945397337,0.01525945397337,0.5831192822185004,hold
487,2021-12-17,0,-1,-0.0218425462793778,0.0218425462793778,0.5958560921267556,hold
488,2021-12-20,0,-1,0.009428705444209,-0.009428705444209,0.590237940546955,hold
489,2021-12-21,0,-1,0.0110071709945933,-0.0110071709945933,0.5837410906078581,hold
490,2021-12-22,0,-1,0.0069093062126275,-0.0069093062126275,0.5797078446639552,hold
491,2021-12-23,-1,-1,-0.0040327548791804,0.0040327548791804,0.5820456643030228,hold
492,2021-12-24,0,-1,0.0048518709108285,-0.0048518709108285,0.5792216538756172,hold
493,2021-12-27,0,-1,0.0086034091740434,-0.0086034091740434,0.5742383729848591,hold
494,2021-12-28,0,-1,-0.0011402602889762,0.0011402602889762,0.5748931541979801,hold
495,2021-12-29,-1,-1,-0.0005606259494814,0.0005606259494814,0.5752154542184028,hold
496,2021-12-30,-1,-1,0.0087248317576065,-0.0087248317576065,0.5701967961559721,hold
497,2021-12-31,0,-1,0.0156533158122078,-0.0156533158122078,0.5612713256306336,hold
498,2022-01-03,0,-1,0.0101868742352642,-0.0101868742352642,0.5555537252245744,hold
499,2022-01-04,-1,-1,0.006739585234692,-0.006739585234692,0.5518095235409727,hold
500,2022-01-05,0,-1,-0.0100054174627969,0.0100054174627969,0.5573306081839471,hold
501,2022-01-06,0,-1,0.0037641836511315,-0.0037641836511315,0.5552327134203459,hold
502,2022-01-07,-1,-1,0.0107003189218717,-0.0107003189218717,0.5492915463108919,hold
503,2022-01-10,0,-1,0.0029133112526023,-0.0029133112526023,0.5476912890680651,hold
504,2022-01-11,-1,-1,0.0086731157318304,-0.0086731157318304,0.5429410991326624,hold
505,2022-01-12,0,-1,0.0024956237305924,-0.0024956237305924,0.5415861224413531,hold
506,2022-01-13,-1,-1,-0.0001123235637506,0.0001123235637506,0.5416469553247035,hold
507,2022-01-14,0,-1,0.0028675682661627,-0.0028675682661627,0.5400937457041507,hold
508,2022-01-17,-1,-1,-0.0106536905679234,0.0106536905679234,0.5458477373485534,hold
509,2022-01-18,0,-1,-0.0096422404339412,0.0096422404339412,0.551110932472391,hold
510,2022-01-19,0,-1,-0.010112406160797,0.010112406160797,0.5566839900612073,hold
511,2022-01-20,0,-1,-0.0078757453046686,0.0078757453046686,0.561068291382116,hold
512,2022-01-21,-1,-1,-0.0265679051873833,0.0265679051873833,0.5759747005512031,hold
513,2022-01-24,0,-1,0.0075134912216943,-0.0075134912216943,0.5716471196946936,hold
514,2022-01-25,-1,-1,-0.0097117329146276,0.0097117329146276,0.5771988038425847,hold
515,2022-01-27,0,-1,-0.0004793161771092,0.0004793161771092,0.5774754645666745,hold
516,2022-01-28,-1,-1,0.0139107178709299,-0.0139107178709299,0.5694423663017033,hold
517,2022-01-31,-1,-1,0.0136679386118703,-0.0136679386118703,0.5616592629960935,hold
518,2022-02-01,-1,-1,0.0115578385853996,-0.0115578385853996,0.5551676958943901,hold
519,2022-02-02,-1,-1,-0.0123622486642295,0.0123622486642295,0.5620308170013838,hold
520,2022-02-03,0,-1,-0.0024998826581151,0.0024998826581151,0.5634358280941318,hold
521,2022-02-04,0,-1,-0.0172811129276234,0.0172811129276234,0.5731726262668955,hold
522,2022-02-07,-1,-1,0.0030876976246183,-0.0030876976246183,0.571402842510275,hold
523,2022-02-08,-1,-1,0.0114121523303458,-0.0114121523303458,0.5648819062295551,hold
524,2022-02-09,-1,-1,0.008133901085124,-0.008133901085124,0.5602872126795077,hold
525,2022-02-10,0,-1,-0.0131262969128136,0.0131262969128136,0.5676417089895917,hold
526,2022-02-11,-1,-1,-0.0306162228952934,0.0306162228952934,0.5850207540766822,hold
527,2022-02-14,0,-1,0.0302591263839775,-0.0302591263839775,0.567318537141826,hold
528,2022-02-15,0,-1,-0.0017432697608654,0.0017432697608654,0.5683075263924038,hold
529,2022-02-16,0,-1,-0.0010160147191904,0.0010160147191904,0.5688849352042452,hold
530,2022-02-17,-1,-1,-0.0016353356196504,0.0016353356196504,0.5698152530022672,hold
531,2022-02-18,0,-1,-0.004031556958107,0.004031556958107,0.572112495650344,hold
532,2022-02-21,0,-1,-0.0066515660675804,0.0066515660675804,0.5759179397132506,hold
533,2022-02-22,0,-1,-0.0016937094155936,0.0016937094155936,0.5768933773503522,hold
534,2022-02-23,0,-1,-0.0477810384708364,0.0477810384708364,0.6044579420071001,hold
535,2022-02-24,0,-1,0.0252616601096495,-0.0252616601096495,0.5891883309255386,hold
536,2022-02-25,-1,-1,0.0081340342903666,-0.0081340342903666,0.5843958528383063,hold
537,2022-02-28,-1,-1,-0.0111916331229355,0.0111916331229355,0.5909361968218377,hold
538,2022-03-02,1,1,-0.006497577228417,-0.006497577228417,0.5865056070490989,flip
539,2022-03-03,1,1,-0.0153170320073322,-0.0153170320073322,0.577522081893448,hold
540,2022-03-04,0,1,-0.0235266847399477,-0.0235266847399477,0.5639349019423826,hold
541,2022-03-07,0,1,0.0094747765094835,0.0094747765094835,0.5692780591041843,hold
542,2022-03-08,-1,-1,0.0207262900882942,-0.0207262900882942,0.5569097588511857,flip
543,2022-03-09,0,-1,0.0152673871904744,-0.0152673871904744,0.5484072019326509,hold
544,2022-03-10,0,-1,0.0021421537513466,-0.0021421537513466,0.5472324293877654,hold
545,2022-03-11,0,-1,0.014482565042708,-0.014482565042708,0.539307100135678,hold
546,2022-03-14,-1,-1,-0.0123464565033122,0.0123464565033122,0.5459656317894306,hold
547,2022-03-15,0,-1,0.0187451004846066,-0.0187451004846066,0.535731451160396,hold
548,2022-03-16,0,-1,0.0183619883565082,-0.0183619883565082,0.5258943564919736,hold
549,2022-03-17,-1,-1,-0.0098022024704637,0.0098022024704637,0.5310492794523821,hold
550,2022-03-21,0,-1,0.0115612232521558,-0.0115612232521558,0.5249097001747367,hold
551,2022-03-22,0,-1,-0.004033935455228,0.004033935455228,0.5270271520250647,hold
552,2022-03-23,-1,-1,-0.0013278937068936,0.0013278937068936,0.5277269880636009,hold
553,2022-03-24,-1,-1,-0.0040498758909001,0.0040498758909001,0.5298642168695369,hold
554,2022-03-25,-1,-1,0.0040226199498629,-0.0040226199498629,0.5277327745000391,hold
555,2022-03-28,-1,-1,0.005998187274997,-0.005998187274997,0.5245673344874341,hold
556,2022-03-29,0,-1,0.0099824655821947,-0.0099824655821947,0.5193308591253697,hold
557,2022-03-30,0,-1,-0.0019144771620018,0.0019144771620018,0.5203251061946881,hold
558,2022-03-31,-1,-1,0.0117779652585923,-0.0117779652585923,0.5141967351707537,hold
559,2022-04-01,-1,-1,0.0216718413399843,-0.0216718413399843,0.5030531451085952,hold
560,2022-04-04,-1,-1,-0.005317557796472,0.005317557796472,0.5057281592824071,hold
561,2022-04-05,-1,-1,-0.0083391803235717,0.0083391803235717,0.5099455175973711,hold
562,2022-04-06,0,-1,-0.0094397411049521,0.0094397411049521,0.514759271261121,hold
563,2022-04-07,-1,-1,0.0082087593907955,-0.0082087593907955,0.5105337362591572,hold
564,2022-04-08,-1,-1,-0.006151497975913,0.006151497975913,0.5136742835043907,hold
565,2022-04-11,-1,-1,-0.0081838106412522,0.0081838106412522,0.5178780965718716,hold
566,2022-04-12,0,-1,-0.0031174816283502,0.0031174816283502,0.5194925720236593,hold
567,2022-04-13,-1,-1,-0.0172811880101475,0.0172811880101475,0.5284700208306753,hold
568,2022-04-18,0,-1,-0.0125191788064678,0.0125191788064678,0.5350860315153123,hold
569,2022-04-19,0,-1,0.010490244596548,-0.010490244596548,0.5294728481645204,hold
570,2022-04-20,-1,-1,0.014941678252146,-0.014941678252146,0.5215616352239988,hold
571,2022-04-21,-1,-1,-0.0126864526051679,0.0126864526051679,0.5281784021899419,hold
572,2022-04-22,0,-1,-0.0126951225643019,0.0126951225643019,0.5348836917415605,hold
573,2022-04-25,-1,-1,0.0145601216162072,-0.0145601216162072,0.5270957201392774,hold
574,2022-04-26,-1,-1,-0.0094414436101153,0.0094414436101153,0.5320722646581055,hold
575,2022-04-27,0,-1,0.0121285088909346,-0.0121285088909346,0.5256190214655799,hold
576,2022-04-28,-1,-1,-0.0082632403816946,0.0082632403816946,0.5299623377891411,hold
577,2022-04-29,0,-1,-0.0019559171203674,0.0019559171203674,0.5309989001987728,hold
578,2022-05-02,0,-1,-0.0229361834519363,0.0229361834519363,0.5431779883865083,hold
579,2022-05-04,0,-1,0.0003028482136697,-0.0003028482136697,0.5430134879030208,hold
580,2022-05-05,-1,-1,-0.0162684216398562,0.0162684216398562,0.551847460280356,hold
581,2022-05-06,1,1,-0.0066661826871809,-0.0066661826871809,0.54761689683439,flip
582,2022-05-09,1,1,-0.0037909688880922,-0.0037909688880922,0.5455408982158972,hold
583,2022-05-10,1,1,-0.0044919933245182,-0.0044919933245182,0.5430903321428597,hold
584,2022-05-11,1,1,-0.0222117521417858,-0.0222117521417858,0.5310273442947024,hold
585,2022-05-12,0,1,-0.0016352232651188,-0.0016352232651188,0.5301589960268975,hold
586,2022-05-13,0,1,0.0038112305721171,0.0038112305721171,0.5321795542006382,hold
587,2022-05-16,-1,-1,0.0263219359020472,-0.0263219359020472,0.5176393785323883,flip
588,2022-05-17,1,1,-0.0011685620062508,-0.0011685620062508,0.5165168454431637,flip
589,2022-05-18,-1,-1,-0.0265327253341793,0.0265327253341793,0.5297049281883408,flip
590,2022-05-19,-1,-1,0.0288910387942893,-0.0288910387942893,0.5144012025585252,hold
591,2022-05-20,0,-1,-0.0031630222318707,0.0031630222318707,0.5160282649983188,hold
592,2022-05-23,0,-1,-0.0055227542667355,0.0055227542667355,0.5188781623005944,hold
593,2022-05-24,0,-1,-0.0061612191843656,0.0061612191843656,0.5220750843885091,hold
594,2022-05-25,0,-1,0.0090073873189953,-0.0090073873189953,0.5173725518938247,hold
595,2022-05-26,0,-1,0.0112738471989222,-0.0112738471989222,0.5115397727988572,hold
596,2022-05-27,-1,-1,0.0188932050929628,-0.0188932050929628,0.5018751469581608,hold
597,2022-05-30,0,-1,-0.0046124339835348,0.0046124339835348,0.5041900129414821,hold
598,2022-05-31,0,-1,-0.0037264067061659,0.0037264067061659,0.5060688299868892,hold
599,2022-06-01,0,-1,0.0063700049931154,-0.0063700049931154,0.5028451690130127,hold
600,2022-06-02,0,-1,-0.0026280502014673,0.0026280502014673,0.5041666713607442,hold
601,2022-06-03,-1,-1,-0.0008893953501298,0.0008893953501298,0.504615074853943,hold
602,2022-06-06,-1,-1,-0.0092459460064759,0.0092459460064759,0.5092807185900964,hold
603,2022-06-07,0,-1,-0.0036609606157923,0.0036609606157923,0.5111451752432371,hold
604,2022-06-08,-1,-1,0.0074497277416889,-0.0074497277416889,0.5073372828511971,hold
605,2022-06-09,-1,-1,-0.0167676984141,0.0167676984141,0.5158441614042749,hold
606,2022-06-10,0,-1,-0.0263797491152091,0.0263797491152091,0.5294520009646652,hold
607,2022-06-13,0,-1,-0.0026816094559853,0.0026816094559853,0.5308717844569424,hold
608,2022-06-14,0,-1,-0.002539344381356,0.002539344381356,0.5322198507400235,hold
609,2022-06-15,0,-1,-0.0211284478542902,0.0211284478542902,0.5434648301034022,hold
610,2022-06-16,0,-1,-0.0043682936266399,0.0043682936266399,0.5458388440570457,hold
611,2022-06-17,1,1,0.0037042135956451,0.0037042135956451,0.5473149088801761,flip
612,2022-06-20,-1,-1,0.018804337854487,-0.018804337854487,0.5364756995119153,flip
613,2022-06-21,1,1,-0.0144192650853174,-0.0144192650853174,0.52820363848931,flip
614,2022-06-22,0,1,0.0093004475196092,0.0093004475196092,0.5331161687087465,hold
615,2022-06-23,0,1,0.0091664725885294,0.0091664725885294,0.538002963455717,hold
616,2022-06-24,0,1,0.008458990377725,0.008458990377725,0.5425539253467764,hold
617,2022-06-27,-1,-1,0.0011464333961117,-0.0011464333961117,0.5413893694822206,flip
618,2022-06-28,-1,-1,-0.0032239710103227,0.0032239710103227,0.5431347931147282,hold
619,2022-06-29,0,-1,-0.0011930812414028,0.0011930812414028,0.5437827970479465,hold
620,2022-06-30,-1,-1,-0.0017870563085186,0.0017870563085186,0.5447545675258749,hold
621,2022-07-01,-1,-1,0.0052881882498054,-0.0052881882498054,0.5418738028228568,hold
622,2022-07-04,1,1,-0.0015471713984448,-0.0015471713984448,0.5404935573707399,flip
623,2022-07-05,0,1,0.0113181897073002,0.0113181897073002,0.5466109659886355,hold
624,2022-07-06,-1,-1,0.0089494920315105,-0.0089494920315105,0.5411724645381952,flip
625,2022-07-07,0,-1,0.0054360478665673,-0.0054360478665673,0.5382306251168975,hold
626,2022-07-08,0,-1,-0.0002835659276332,0.0002835659276332,0.5383832489833893,hold
627,2022-07-11,0,-1,-0.0097249750439381,0.0097249750439381,0.5436190126438271,hold
628,2022-07-12,0,-1,-0.0057072925015229,0.0057072925015229,0.5467216053583744,hold
629,2022-07-13,0,-1,-0.0017536552323109,0.0017536552323109,0.5476803665622286,hold
630,2022-07-14,0,-1,0.0069359576863876,-0.0069359576863876,0.5438816787140878,hold
631,2022-07-15,0,-1,0.0142873041582765,-0.0142873041582765,0.5361110757441856,hold
632,2022-07-18,0,-1,0.0038117642711243,-0.0038117642711243,0.5340675467003099,hold
633,2022-07-19,0,-1,0.0110338885069691,-0.0110338885069691,0.5281747049348281,hold
634,2022-07-20,0,-1,0.005108719746296,-0.005108719746296,0.5254764083902335,hold
635,2022-07-21,0,-1,0.0068772959606149,-0.0068772959606149,0.5218625516094129,hold
636,2022-07-22,0,-1,-0.0052901993117577,0.0052901993117577,0.5246233085207691,hold
637,2022-07-25,0,-1,-0.008847958067765,0.008847958067765,0.529265153555933,hold
638,2022-07-26,0,-1,0.0095821774414373,-0.0095821774414373,0.5241936409409904,hold
639,2022-07-27,0,-1,0.0172937311236929,-0.0172937311236929,0.5151283770578073,hold
640,2022-07-28,0,-1,0.0135059538264792,-0.0135059538264792,0.5081710769825554,hold
641,2022-07-29,0,-1,0.0105955316684394,-0.0105955316684394,0.5027867342434017,hold
642,2022-08-01,-1,-1,0.0003113276638058,-0.0003113276638058,0.5026302028240371,hold
643,2022-08-02,-1,-1,0.0024618083588656,-0.0024618083588656,0.5013928235893066,hold
644,2022-08-03,-1,-1,-0.0003537116074355,0.0003537116074355,0.5015701720508949,hold
645,2022-08-04,-1,-1,0.0008917270739845,-0.0008917270739845,0.5011229083489741,hold
646,2022-08-05,-1,-1,0.0073343646716481,-0.0073343646716481,0.4974474901938259,hold
647,2022-08-08,-1,-1,0.0005506610997998,-0.0005506610997998,0.4971735652117831,hold
648,2022-08-10,-1,-1,0.0070859293688247,-0.0070859293688247,0.49365062844464563,hold
649,2022-08-11,0,-1,0.0022170219505635,-0.0022170219505635,0.49255619416547436,hold
650,2022-08-12,0,-1,0.0071815193435313,-0.0071815193435313,0.48901889232929885,hold
651,2022-08-16,0,-1,0.0066759231988331,-0.0066759231988331,0.48575423976133,hold
652,2022-08-17,0,-1,0.000682669936052,-0.000682669936052,0.4854226299455351,hold
653,2022-08-18,-1,-1,-0.011029475746944,0.011029475746944,0.49077658706953714,hold
654,2022-08-19,-1,-1,-0.0150773300473388,0.0150773300473388,0.49817618765229105,hold
655,2022-08-22,0,-1,0.0049626821755044,-0.0049626821755044,0.49570389756556826,hold
656,2022-08-23,-1,-1,0.0015616110795051,-0.0015616110795051,0.49492980086697597,hold
657,2022-08-24,-1,-1,-0.0046861822192667,0.0046861822192667,0.49724913209958405,hold
658,2022-08-25,0,-1,0.0020802555293466,-0.0020802555293466,0.49621472684307105,hold
659,2022-08-26,0,-1,-0.0140099889245538,0.0140099889245538,0.503166689670343,hold
660,2022-08-29,0,-1,0.0257842637890255,-0.0257842637890255,0.49019290701403206,hold
661,2022-08-30,0,-1,-0.0121907952721076,0.0121907952721076,0.4961687483872794,hold
662,2022-09-01,0,-1,-0.0001910505934481,0.0001910505934481,0.49626354172110926,hold
663,2022-09-02,-1,-1,0.0072038500710118,-0.0072038500710118,0.4926885335708411,hold
664,2022-09-05,0,-1,-0.0005774531254664,0.0005774531254664,0.492973038104433,hold
665,2022-09-06,1,1,-0.0017671004916441,-0.0017671004916441,0.49160893216832696,flip
666,2022-09-07,-1,-1,0.0098925129655895,-0.0098925129655895,0.4862540755006839,flip
667,2022-09-08,0,-1,0.0019439347917691,-0.0019439347917691,0.4853088292856786,hold
668,2022-09-09,0,-1,0.005775695663245,-0.005775695663245,0.4825058331850388,hold
669,2022-09-12,0,-1,0.0074542019299801,-0.0074542019299801,0.47890913727208423,hold
670,2022-09-13,0,-1,-0.0036690976717561,0.0036690976717561,0.48066630167263197,hold
671,2022-09-14,0,-1,-0.0070179606679163,0.0070179606679163,0.4840395988721633,hold
672,2022-09-15,0,-1,-0.0193848531485446,0.0193848531485446,0.4934226354143806,hold
673,2022-09-16,0,-1,0.0052136885924867,-0.0052136885924867,0.4908500834488459,hold
674,2022-09-19,0,-1,0.0110088098852303,-0.0110088098852303,0.4854464081980081,hold
675,2022-09-20,0,-1,-0.0054950054374517,0.0054950054374517,0.4881139388506475,hold
676,2022-09-21,0,-1,-0.0049975776569025,0.0049975776569025,0.49055332616547015,hold
677,2022-09-22,0,-1,-0.0171556772324205,0.0171556772324205,0.4989691006944552,hold
678,2022-09-23,0,-1,-0.0179513217622564,0.0179513217622564,0.5079262555704451,hold
679,2022-09-26,0,-1,-0.0005230508522044,0.0005230508522044,0.5081919268312783,hold
680,2022-09-27,-1,-1,-0.0087491784653945,0.0087491784653945,0.512638188693798,hold
681,2022-09-28,0,-1,-0.0024023347691036,0.0024023347691036,0.5138697172384673,hold
682,2022-09-29,1,1,0.016425755966269,0.016425755966269,0.5217965460950437,flip
683,2022-09-30,-1,-1,-0.0121092644487904,0.0121092644487904,0.527593321914079,flip
684,2022-10-03,-1,-1,0.0229136709327191,-0.0229136709327191,0.5155042221494397,hold
685,2022-10-04,0,-1,0.0033286441360573,-0.0033286441360573,0.5137882920432691,hold
686,2022-10-06,-1,-1,-0.0009895331040011,0.0009895331040011,0.5142967025666941,hold
687,2022-10-07,-1,-1,-0.0042536458411471,0.0042536458411471,0.5164843385966826,hold
688,2022-10-10,0,-1,-0.0149323831999303,0.0149323831999303,0.5241966806573709,hold
689,2022-10-11,0,-1,0.0082461453396196,-0.0082461453396196,0.519874078642124,hold
690,2022-10-12,-1,-1,-0.0063800837728176,0.0063800837728176,0.5231909188151771,hold
691,2022-10-13,0,-1,0.0100708880038873,-0.0100708880038873,0.5179219216671386,hold
692,2022-10-14,-1,-1,0.0073375869608156,-0.0073375869608156,0.5141216245279933,hold
693,2022-10-17,0,-1,0.010117285874136,-0.010117285874136,0.5089201090785683,hold
694,2022-10-18,0,-1,0.0014468379208691,-0.0014468379208691,0.5081837841660606,hold
695,2022-10-19,0,-1,0.002952174549244,-0.002952174549244,0.506683536932107,hold
696,2022-10-20,-1,-1,0.0007032337856462,-0.0007032337856462,0.5063272199503056,hold
697,2022-10-21,0,-1,0.0087873563767617,-0.0087873563767617,0.5018779422253473,hold
698,2022-10-24,0,-1,-0.004196122026705,0.004196122026705,0.5039838833134365,hold
699,2022-10-25,-1,-1,0.0045649078749665,-0.0045649078749665,0.5016832433156427,hold
700,2022-10-27,0,-1,0.0028106052447454,-0.0028106052447454,0.5002732097607789,hold
701,2022-10-28,-1,-1,0.0126722303955641,-0.0126722303955641,0.493933632385962,hold
702,2022-10-31,0,-1,0.0073950532223929,-0.0073950532223929,0.490280966886138,hold
703,2022-11-01,0,-1,-0.0034471976315451,0.0034471976315451,0.4919710622739795,hold
704,2022-11-02,-1,-1,-0.0016673473084335,0.0016673473084335,0.4927913489004892,hold
705,2022-11-03,0,-1,0.0035701681556883,-0.0035701681556883,0.491032000919246,hold
706,2022-11-04,-1,-1,0.0047275862251119,-0.0047275862251119,0.488710604795611,hold
707,2022-11-07,0,-1,-0.0025161392359563,0.0025161392359563,0.48994026872336516,hold
708,2022-11-09,-1,-1,-0.0070937259046097,0.0070937259046097,0.4934157706993196,hold
709,2022-11-10,0,-1,0.0178331732470333,-0.0178331732470333,0.48461660177762017,hold
710,2022-11-11,0,-1,-0.0011198455015547,0.0011198455015547,0.48515929749909953,hold
711,2022-11-14,-1,-1,0.0040509242609507,-0.0040509242609507,0.4831939539304346,hold
712,2022-11-15,-1,-1,0.0003396111515991,-0.0003396111515991,0.4830298558752946,hold
713,2022-11-16,-1,-1,-0.0035714963948192,0.0035714963948192,0.4847549952641433,hold
714,2022-11-17,0,-1,-0.0019761337135545,0.0019761337135545,0.48571293595309867,hold
715,2022-11-18,0,-1,-0.0080677295405768,0.0080677295405768,0.4896315365547278,hold
716,2022-11-21,0,-1,0.0046393301536886,-0.0046393301536886,0.4873599742029926,hold
717,2022-11-22,0,-1,0.0012634580983039,-0.0012634580983039,0.4867442152967967,hold
718,2022-11-23,-1,-1,0.0118709498898301,-0.0118709498898301,0.48096609910784377,hold
719,2022-11-24,0,-1,0.0015500019600884,-0.0015500019600884,0.48022060071149053,hold
720,2022-11-25,0,-1,0.0027008413120686,-0.0027008413120686,0.4789236010741825,hold
721,2022-11-28,0,-1,0.0029791265437502,-0.0029791265437502,0.47749682706179397,hold
722,2022-11-29,0,-1,0.0075356346254191,-0.0075356346254191,0.47389858543825936,hold
723,2022-11-30,0,-1,0.0028867353340049,-0.0028867353340049,0.4725305656469398,hold
724,2022-12-01,0,-1,-0.006187396179402,0.006187396179402,0.4754542994634743,hold
725,2022-12-02,0,-1,0.0002648237856262,-0.0002648237856262,0.4753283878559981,hold
726,2022-12-05,-1,-1,-0.0031175136590962,0.0031175136590962,0.47681023059769534,hold
727,2022-12-06,0,-1,-0.0044119027503989,0.0044119027503989,0.4789138709654876,hold
728,2022-12-07,0,-1,0.0026319123609277,-0.0026319123609277,0.47765341162867375,hold
729,2022-12-08,-1,-1,-0.0060587824059793,0.0060587824059793,0.48054740971520554,hold
730,2022-12-09,0,-1,2.977743269738653e-05,-2.977743269738653e-05,0.48053310024705487,hold
731,2022-12-12,1,1,0.0059927938646799,0.0059927938646799,0.48293230296174405,flip
732,2022-12-13,1,1,0.0028106610731943,0.0028106610731943,0.48428966198666673,hold
733,2022-12-14,-1,-1,-0.0131509343553336,0.0131509343553336,0.49017423387843345,flip
734,2022-12-15,0,-1,-0.0079229530179417,0.0079229530179417,0.4940578613040578,hold
735,2022-12-16,0,-1,0.0082899566889265,-0.0082899566889265,0.4899621430320235,hold
736,2022-12-19,0,-1,-0.0019081205394395,0.0019081205394395,0.4908970498606907,hold
737,2022-12-20,0,-1,-0.0101277196435586,0.0101277196435586,0.49586871755552975,hold
738,2022-12-21,0,-1,-0.0039425027358517,0.0039425027358517,0.4978236813311157,hold
739,2022-12-22,0,-1,-0.0176831602541178,0.0176831602541178,0.5066267772663887,hold
740,2022-12-23,0,-1,0.0116696328935068,-0.0116696328935068,0.5007146287616695,hold
741,2022-12-26,-1,-1,0.0065336546149905,-0.0065336546149905,0.4974431323166676,hold
742,2022-12-27,-1,-1,-0.0005405150382313,0.0005405150382313,0.4977120078103497,hold
743,2022-12-28,-1,-1,0.0037798317009243,-0.0037798317009243,0.49583074018529744,hold
744,2022-12-29,-1,-1,-0.0047110779368918,0.0047110779368918,0.4981666374458171,hold
745,2022-12-30,0,-1,0.0050895833553579,-0.0050895833553579,0.4956311768196782,hold
746,2023-01-02,0,-1,0.0019289276248581,-0.0019289276248581,0.4946751401509698,hold
747,2023-01-03,-1,-1,-0.0103990694870288,0.0103990694870288,0.4998193013069055,hold
748,2023-01-04,0,-1,-0.0028154392892826,0.0028154392892826,0.5012265122053466,hold
749,2023-01-05,0,-1,-0.0073755037054461,0.0073755037054461,0.504923310203385,hold
750,2023-01-06,0,-1,0.0135362517084902,-0.0135362517084902,0.4980885411829879,hold
751,2023-01-09,0,-1,-0.0103335047509585,0.0103335047509585,0.5032355414897003,hold
752,2023-01-10,0,-1,-0.0010299775022909,0.0010299775022909,0.5037538627757878,hold
753,2023-01-11,-1,-1,-0.0020954755408891,0.0020954755408891,0.5048094666738628,hold
754,2023-01-12,0,-1,0.0055100959183882,-0.0055100959183882,0.5020279180919794,hold
755,2023-01-13,0,-1,-0.0034388470725693,0.0034388470725693,0.503754315328458,hold
756,2023-01-16,0,-1,0.0088545685118242,-0.0088545685118242,0.4992937882302551,hold
757,2023-01-17,0,-1,0.00620655632356,-0.00620655632356,0.4961948932116004,hold
758,2023-01-18,0,-1,-0.003165367099256,0.003165367099256,0.4977655322013912,hold
759,2023-01-19,0,-1,-0.0044289753051891,0.0044289753051891,0.4999701234512855,hold
760,2023-01-20,0,-1,0.0050422760956287,-0.0050422760956287,0.49744913604927854,hold
761,2023-01-23,0,-1,-1.3798013043020418e-05,1.3798013043020418e-05,0.497455999858946,hold
762,2023-01-24,0,-1,-0.0124929796250122,0.0124929796250122,0.5036707075295239,hold
763,2023-01-25,0,-1,-0.0160742469061787,0.0160742469061787,0.5117668348417632,hold
764,2023-01-27,0,-1,0.0025334426073457,-0.0025334426073457,0.5104703029373486,hold
765,2023-01-30,0,-1,0.0007479862801675,-0.0007479862801675,0.5100884781543186,hold
766,2023-01-31,-1,-1,-0.0025959245256645,0.0025959245256645,0.5114126293450183,hold
767,2023-02-01,0,-1,-0.0003349392530399,0.0003349392530399,0.5115839215090863,hold
768,2023-02-02,0,-1,0.0138355963078902,-0.0138355963078902,0.5045058528934792,hold
769,2023-02-03,0,-1,-0.0050101331608701,0.0050101331608701,0.5070334943969138,hold
770,2023-02-06,0,-1,-0.0024261514654264,0.0024261514654264,0.5082636344523652,hold
771,2023-02-07,-1,-1,0.0084755364246817,-0.0084755364246817,0.503955827505223,hold
772,2023-02-08,0,-1,0.0012170079483646,-0.0012170079483646,0.5033425092575246,hold
773,2023-02-09,0,-1,-0.0020649578680046,0.0020649578680046,0.5043818903323171,hold
774,2023-02-10,0,-1,-0.0047937507000251,0.0047937507000251,0.5067997713721776,hold
775,2023-02-13,0,-1,0.0089443537049958,-0.0089443537049958,0.5022667749594139,hold
776,2023-02-14,0,-1,0.0047964707944361,-0.0047964707944361,0.4998576670423054,hold
777,2023-02-15,0,-1,0.0011101336008929,-0.0011101336008929,0.49930275825045783,hold
778,2023-02-16,0,-1,-0.0050815676893513,0.0050815676893513,0.5018399990139872,hold
779,2023-02-17,0,-1,-0.0055505184801407,0.0055505184801407,0.5046254712025882,hold
780,2023-02-20,0,-1,-0.001003126492992,0.001003126492992,0.5051316743817901,hold
781,2023-02-21,-1,-1,-0.0152803631315826,0.0152803631315826,0.5128502697956081,hold
782,2023-02-22,0,-1,-0.0024524349779846,0.0024524349779846,0.5141080017357237,hold
783,2023-02-23,0,-1,-0.002595429723749,0.002595429723749,0.5154423329246457,hold
784,2023-02-24,0,-1,-0.0041854114458053,0.0041854114458053,0.5175996711645211,hold
785,2023-02-27,0,-1,-0.0051027157362857,0.0051027157362857,0.5202408351516686,hold
786,2023-02-28,0,-1,0.008492348770636,-0.008492348770636,0.5158227685348338,hold
787,2023-03-01,0,-1,-0.0073921687198044,0.0073921687198044,0.5196358174693599,hold
788,2023-03-02,1,1,0.0157285986298278,0.0157285986298278,0.5272893248585487,flip
789,2023-03-03,1,1,0.0066555236183669,0.0066555236183669,0.5307987114138576,hold
790,2023-03-06,0,1,0.0024250512391459,0.0024250512391459,0.5320859254867089,hold
791,2023-03-08,0,1,-0.0092822498999752,-0.0092822498999752,0.5271469709580816,hold
792,2023-03-09,0,1,-0.010045664635585,-0.010045664635585,0.5218514292741723,hold
793,2023-03-10,0,1,-0.0148510359316261,-0.0148510359316261,0.5141013949470511,hold
794,2023-03-13,0,1,-0.0064706805258611,-0.0064706805258611,0.5107748090624492,hold
795,2023-03-14,0,1,-0.0041746837386849,-0.0041746837386849,0.5086424857729264,hold
796,2023-03-15,1,1,0.0007924286811309,0.0007924286811309,0.5090455486670946,hold
797,2023-03-16,-1,-1,0.0067381296219788,-0.0067381296219788,0.5051064882280173,flip
798,2023-03-17,-1,-1,-0.0065292432199922,0.0065292432199922,0.5084044513416541,hold
799,2023-03-20,0,-1,0.007010642946744,-0.007010642946744,0.5048402092607625,hold
800,2023-03-21,-1,-1,0.0025953757489405,-0.0025953757489405,0.503529959224557,hold
801,2023-03-22,-1,-1,-0.0043726933046436,0.0043726933046436,0.5057317413059457,hold
802,2023-03-23,0,-1,-0.0077209333285906,0.0077209333285906,0.5096364623627209,hold
803,2023-03-24,0,-1,0.0023988383407489,-0.0023988383407489,0.5084139268769615,hold
804,2023-03-27,0,-1,-0.0020016838613549,0.0020016838613549,0.5094316108292791,hold
805,2023-03-28,0,-1,0.0076098565893214,-0.0076098565893214,0.5055549093288013,hold
806,2023-03-29,0,-1,0.0163371989446239,-0.0163371989446239,0.49729555819766535,hold
807,2023-03-31,0,-1,0.0022062979737611,-0.0022062979737611,0.4961983760152534,hold
808,2023-04-03,0,-1,0.0091389548173612,-0.0091389548173612,0.491663641476402,hold
809,2023-04-05,0,-1,0.0023978747854371,-0.0023978747854371,0.49048469362758956,hold
810,2023-04-06,-1,-1,0.001414863221935,-0.001414863221935,0.4897907248736538,hold
811,2023-04-10,-1,-1,0.0055747683219642,-0.0055747683219642,0.4870602550562363,hold
812,2023-04-11,0,-1,0.0050839679614469,-0.0050839679614469,0.48458405632423623,hold
813,2023-04-12,0,-1,0.0008757724412713,-0.0008757724412713,0.484159670962228,hold
814,2023-04-13,-1,-1,-0.0067955121508301,0.0067955121508301,0.48744978388919374,hold
815,2023-04-17,-1,-1,-0.0026373533282438,0.0026373533282438,0.4887353611990856,hold
816,2023-04-18,-1,-1,-0.0023442830162407,0.0023442830162407,0.48988109520578094,hold
817,2023-04-19,0,-1,0.0003234746363958,-0.0003234746363958,0.48972263109663206,hold
818,2023-04-20,-1,-1,-2.260708945023282e-05,2.260708945023282e-05,0.48973370229995905,hold
819,2023-04-21,-1,-1,0.0067719737565652,-0.0067719737565652,0.4864172385202782,hold
820,2023-04-24,0,-1,0.0014568576938982,-0.0014568576938982,0.4857085978238952,hold
821,2023-04-25,-1,-1,0.0024958627615121,-0.0024958627615121,0.48449633582164026,hold
822,2023-04-26,-1,-1,0.0056951528101938,-0.0056951528101938,0.481737055153157,hold
823,2023-04-27,0,-1,0.0083700136036979,-0.0083700136036979,0.4777049094481197,hold
824,2023-04-28,0,-1,0.0045751669319125,-0.0045751669319125,0.47551932974320044,hold
825,2023-05-02,0,-1,-0.0031850283648763,0.0031850283648763,0.4770338722964795,hold
826,2023-05-03,0,-1,0.0091737176073036,-0.0091737176073036,0.47265769826291304,hold
827,2023-05-04,0,-1,-0.0102324068655403,0.0102324068655403,0.47749412413966896,hold
828,2023-05-05,0,-1,0.0108141231183243,-0.0108141231183243,0.47233044389294615,hold
829,2023-05-08,0,-1,8.480038171931881e-05,-8.480038171931881e-05,0.4722903900910064,hold
830,2023-05-09,-1,-1,0.0026908205008338,-0.0026908205008338,0.4710195414270027,hold
831,2023-05-10,-1,-1,-0.0009882342854272,0.0009882342854272,0.47148501908694707,hold
832,2023-05-11,-1,-1,0.0009728797753729,-0.0009728797753729,0.4710263208474861,hold
833,2023-05-12,-1,-1,0.0045891205221868,-0.0045891205221868,0.4688647242919947,hold
834,2023-05-15,0,-1,-0.0061063388070606,0.0061063388070606,0.4717277711532007,hold
835,2023-05-16,0,-1,-0.0057282694884204,0.0057282694884204,0.47442995495153817,hold
836,2023-05-17,0,-1,-0.0028490536527011,0.0028490536527011,0.4757816313476436,hold
837,2023-05-18,-1,-1,0.0040513721791914,-0.0040513721791914,0.4738540628830315,hold
838,2023-05-19,0,-1,0.0060977618257063,-0.0060977618257063,0.47096461366742753,hold
839,2023-05-22,0,-1,0.0018346005688616,-0.0018346005688616,0.47010058171927954,hold
840,2023-05-23,0,-1,-0.0034117947119577,0.0034117947119577,0.47170446839807756,hold
841,2023-05-24,-1,-1,0.0019551116867164,-0.0019551116867164,0.47078223347923615,hold
842,2023-05-25,0,-1,0.0097264208278746,-0.0097264208278746,0.4662032073581304,hold
843,2023-05-26,0,-1,0.0053677985089635,-0.0053677985089635,0.46370072247679944,hold
844,2023-05-29,0,-1,0.0018925684396833,-0.0018925684396833,0.4628231371239815,hold
845,2023-05-30,0,-1,-0.0053370195013254,0.0053370195013254,0.4652932332324768,hold
846,2023-05-31,0,-1,-0.0025169624936233,0.0025169624936233,0.4664643588490596,hold
847,2023-06-01,-1,-1,0.0025070443604549,-0.0025070443604549,0.46529491200885387,hold
848,2023-06-02,-1,-1,0.0032237875731377,-0.0032237875731377,0.4637949000536755,hold
849,2023-06-05,-1,-1,0.0002769943144211,-0.0002769943144211,0.46366643150330317,hold
850,2023-06-06,0,-1,0.0068498516385289,-0.0068498516385289,0.4604903852377394,hold
851,2023-06-07,0,-1,-0.0049048192636628,0.0049048192636628,0.4627490073499849,hold
852,2023-06-08,0,-1,-0.0038181972541345,0.0038181972541345,0.4645158743392021,hold
853,2023-06-09,0,-1,0.0020524046550352,-0.0020524046550352,0.4635624997963706,hold
854,2023-06-12,0,-1,0.0061635024393194,-0.0061635024393194,0.46070533119809864,hold
855,2023-06-13,0,-1,0.0021238341844009,-0.0021238341844009,0.4597268694667644,hold
856,2023-06-14,-1,-1,-0.0036149041015322,0.0036149041015322,0.4613887380127843,hold
857,2023-06-15,0,-1,0.007379048352023,-0.007379048352023,0.4579841282059091,hold
858,2023-06-16,0,-1,-0.0037475183921172,0.0037475183921172,0.4597004321496585,hold
859,2023-06-19,0,-1,0.0032657175674986,-0.0032657175674986,0.45819918037260066,hold
860,2023-06-20,0,-1,0.002133763746672,-0.002133763746672,0.4572214915727668,hold
861,2023-06-21,0,-1,-0.0045394438174043,0.0045394438174043,0.45929702284587115,hold
862,2023-06-22,0,-1,-0.0056336152360657,0.0056336152360657,0.46188452555165527,hold
863,2023-06-23,0,-1,0.0013768299134766,-0.0013768299134766,0.46124858912030375,hold
864,2023-06-26,0,-1,0.0067519034171119,-0.0067519034171119,0.4581342831952844,hold
865,2023-06-27,0,-1,0.0082210728123248,-0.0082210728123248,0.4543679278953137,hold
866,2023-06-28,0,-1,0.0114352747635688,-0.0114352747635688,0.4491721057960774,hold
867,2023-06-30,0,-1,0.0069570924336936,-0.0069570924336936,0.44604717393741733,hold
868,2023-07-03,0,-1,0.0034389465191355,-0.0034389465191355,0.44451324156123506,hold
869,2023-07-04,0,-1,0.0004899685388621,-0.0004899685388621,0.44429544405776245,hold
870,2023-07-05,-1,-1,0.0050932175812563,-0.0050932175812563,0.4420325506908154,hold
871,2023-07-06,-1,-1,-0.0084883544577184,0.0084883544577184,0.44578467966292834,hold
872,2023-07-07,0,-1,0.0012466303397029,-0.0012466303397029,0.44522895095628584,hold
873,2023-07-10,-1,-1,0.0043139300324381,-0.0043139300324381,0.4433082644134446,hold
874,2023-07-11,-1,-1,-0.0028344294714754,0.0028344294714754,0.44456479042304675,hold
875,2023-07-12,-1,-1,0.0015192303855748,-0.0015192303855748,0.4438893940850794,hold
876,2023-07-13,-1,-1,0.0077651149314275,-0.0077651149314275,0.440442541923167,hold
877,2023-07-14,-1,-1,0.0075110132510414,-0.0075110132510414,0.4371343721544597,hold
878,2023-07-17,0,-1,0.0019177068530324,-0.0019177068530324,0.4362960765732831,hold
879,2023-07-18,-1,-1,0.0042482823714824,-0.0042482823714824,0.4344425676424299,hold
880,2023-07-19,0,-1,0.0073614124394989,-0.0073614124394989,0.431244456720739,hold
881,2023-07-20,0,-1,-0.011719737128305,0.011719737128305,0.4362985283915448,hold
882,2023-07-21,-1,-1,-0.0036794322929856,0.0036794322929856,0.4379038592862908,hold
883,2023-07-24,-1,-1,0.0004193703428323,-0.0004193703428323,0.4377202153946943,hold
884,2023-07-25,-1,-1,0.0049643391875346,-0.0049643391875346,0.43554722377623434,hold
885,2023-07-26,0,-1,-0.0059863783008722,0.0059863783008722,0.4381545742256535,hold
886,2023-07-27,0,-1,-0.0007044597937843,0.0007044597937843,0.43846323650665814,hold
887,2023-07-28,-1,-1,0.0054845628365591,-0.0054845628365591,0.4360584573345163,hold
888,2023-07-31,0,-1,-0.0010251191770254,0.0010251191770254,0.436505469221434,hold
889,2023-08-01,-1,-1,-0.0104897492749598,0.0104897492749598,0.44108430215071553,hold
890,2023-08-02,0,-1,-0.0074206854169113,0.0074206854169113,0.4443574499993138,hold
891,2023-08-03,0,-1,0.0069833892701145,-0.0069833892701145,0.44125432895089317,hold
892,2023-08-04,1,1,0.0041144018676027,0.0041144018676027,0.44262857225706564,flip
893,2023-08-07,0,1,-0.0013497354646058,-0.0013497354646058,0.4420311407754424,hold
894,2023-08-08,0,1,0.0031527078847637,0.0031527078847637,0.4434247358382763,hold
895,2023-08-09,0,1,-0.0045562684580157,-0.0045562684580157,0.44140437370087243,hold
896,2023-08-10,0,1,-0.0058741361615907,-0.0058741361615907,0.4388115043074318,hold
897,2023-08-11,0,1,0.0003216956578122,0.0003216956578122,0.43895266806296557,hold
898,2023-08-14,-1,-1,0.0015667570139761,-0.0015667570139761,0.43782598322341143,flip
899,2023-08-16,1,1,-0.0051245825841254,-0.0051245825841254,0.43514448183168375,flip
900,2023-08-17,0,1,-0.0028452826260957,-0.0028452826260957,0.4339063727976866,hold
901,2023-08-18,1,1,0.0043215209131937,0.0043215209131937,0.4357815082620998,hold
902,2023-08-21,0,1,0.0001469355577301,0.0001469355577301,0.4358455400610648,hold
903,2023-08-22,0,1,0.0024515199000461,0.0024515199000461,0.4369140240758708,hold
904,2023-08-23,0,1,-0.0029469646806212,-0.0029469646806212,0.43562645387845117,hold
905,2023-08-24,0,1,-0.0062361537740819,-0.0062361537740819,0.43290982032400716,hold
906,2023-08-25,0,1,0.0020891942389009,0.0020891942389009,0.4338142530265917,hold
907,2023-08-28,0,1,0.001895758474361,0.001895758474361,0.4346366600730655,hold
908,2023-08-29,0,1,0.0002480956863764,0.0002480956863764,0.4347444915535707,hold
909,2023-08-30,1,1,-0.0048403506033882,-0.0048403506033882,0.43264017579155967,hold
910,2023-08-31,0,1,0.0094267101889176,0.0094267101889176,0.43671854934482907,hold
911,2023-09-01,0,1,0.0048108337016425,0.0048108337016425,0.43881952966014964,hold
912,2023-09-04,0,1,0.0023605960187407,0.0023605960187407,0.4398554052948111,hold
913,2023-09-05,0,1,0.0018467726478093,0.0018467726478093,0.44066771822630063,hold
914,2023-09-06,0,1,0.0059150323607803,0.0059150323607803,0.44327428203996044,hold
915,2023-09-07,0,1,0.004709190366575,0.004709190366575,0.44536174501869347,hold
916,2023-09-08,0,1,0.0089001434200508,0.0089001434200508,0.449325528423164,hold
917,2023-09-11,0,1,-0.0001575482868895,-0.0001575482868895,0.4492547379559052,hold
918,2023-09-12,0,1,0.0038413452699443,0.0038413452699443,0.4509804805185522,hold
919,2023-09-13,0,1,0.0016492082399102,0.0016492082399102,0.4517242412430621,hold
920,2023-09-14,-1,-1,0.0044396138771742,-0.0044396138771742,0.4492670357917404,flip
921,2023-09-15,0,-1,-0.0029243168460981,0.0029243168460981,0.45058083495290274,hold
922,2023-09-18,-1,-1,-0.011518249945432,0.011518249945432,0.45577073763051174,hold
923,2023-09-20,0,-1,-0.0079919391664983,0.0079919391664983,0.4594132296395248,hold
924,2023-09-21,0,-1,-0.0034494176591149,0.0034494176591149,0.46099793774667436,hold
925,2023-09-22,-1,-1,1.5288066889551644e-05,-1.5288066889551644e-05,0.46099088997936616,hold
926,2023-09-25,-1,-1,-0.0005007261720755,0.0005007261720755,0.46122172018306723,hold
927,2023-09-26,-1,-1,0.0026316191986632,-0.0026316191986632,0.460007960249393,hold
928,2023-09-27,-1,-1,-0.0097836296667737,0.0097836296667737,0.46450850777624103,hold
929,2023-09-28,0,-1,0.0058775169171687,-0.0058775169171687,0.46177835116361743,hold
930,2023-09-29,0,-1,-0.0055784246544688,0.0055784246544688,0.4643543469026485,hold
931,2023-10-03,0,-1,-0.0047443072713306,0.0047443072713306,0.46655738660713275,hold
932,2023-10-04,0,-1,0.0056415841052857,-0.0056415841052857,0.4639252638706463,hold
933,2023-10-05,-1,-1,0.0055127073660514,-0.0055127073660514,0.4613677796512093,hold
934,2023-10-06,0,-1,-0.0071819467588469,0.0071819467588469,0.4646812984809117,hold
935,2023-10-09,0,-1,0.0090968029762401,-0.0090968029762401,0.46045418426188744,hold
936,2023-10-10,0,-1,0.0061706921287072,-0.0061706921287072,0.4576128632514323,hold
937,2023-10-11,0,-1,-0.0008757409120068,0.0008757409120068,0.45801361355764214,hold
938,2023-10-12,-1,-1,-0.002169809980297,0.002169809980297,0.4590074160674514,hold
939,2023-10-13,0,-1,-0.0009772027556287,0.0009772027556287,0.4594559593792865,hold
940,2023-10-16,-1,-1,0.0040417094276989,-0.0040417094276989,0.45759897189665083,hold
941,2023-10-17,0,-1,-0.0070868127413371,0.0070868127413371,0.46084189012111076,hold
942,2023-10-18,0,-1,-0.0023588102112444,0.0023588102112444,0.4619289286772976,hold
943,2023-10-19,0,-1,-0.0041808960845935,0.0041808960845935,0.463860205526565,hold
944,2023-10-20,1,1,-0.0133503074255556,-0.0133503074255556,0.4572036689747773,flip
945,2023-10-23,0,1,-0.008277236732921,-0.008277236732921,0.45341928597151304,hold
946,2023-10-25,0,1,-0.0138530649123475,-0.0138530649123475,0.4471380391704394,hold
947,2023-10-26,0,1,0.0100757003274603,0.0100757003274603,0.451643268058129,hold
948,2023-10-27,-1,-1,0.0049167407696648,-0.0049167407696648,0.44897101192066485,flip
949,2023-10-30,-1,-1,-0.0032026069828995,0.0032026069828995,0.4504088896185614,hold
950,2023-10-31,1,1,-0.0047406245729368,-0.0047406245729368,0.4478232612789479,flip
951,2023-11-01,-1,-1,0.0075885232572669,-0.0075885232572669,0.44397712078430857,flip
952,2023-11-02,-1,-1,0.0050879808383312,-0.0050879808383312,0.44171817370110056,hold
953,2023-11-03,-1,-1,0.0094199033989916,-0.0094199033989916,0.4375572311752572,hold
954,2023-11-06,0,-1,-0.0002601919584787,0.0002601919584787,0.43767108004818317,hold
955,2023-11-07,0,-1,0.0018962926582819,-0.0018962926582819,0.43684112759234545,hold
956,2023-11-08,-1,-1,-0.002478937369815,0.002478937369815,0.4379240293882063,hold
957,2023-11-09,0,-1,0.0015492839458333,-0.0015492839458333,0.4372455607199805,hold
958,2023-11-10,-1,-1,0.0009369804014345,-0.0009369804014345,0.43683587019897163,hold
959,2023-11-13,0,-1,0.0119267535086042,-0.0119267535086042,0.4316258364513919,hold
960,2023-11-15,0,-1,0.0045615222809993,-0.0045615222809993,0.42965696558136396,hold
961,2023-11-16,0,-1,-0.0016897597201204,0.0016897597201204,0.4303829826152725,hold
962,2023-11-17,0,-1,-0.0019157289123818,0.0019157289123818,0.43120747973846574,hold
963,2023-11-20,0,-1,0.004539473475424,-0.004539473475424,0.42925002482178853,hold
964,2023-11-21,0,-1,0.0014380348265852,-0.0014380348265852,0.4286327483367822,hold
965,2023-11-22,-1,-1,-0.0004971574875239,0.0004971574875239,0.4288458463170158,hold
966,2023-11-23,-1,-1,-0.0003686890844358,0.0003686890844358,0.42900395709945854,hold
967,2023-11-24,-1,-1,0.0047992646389904,-0.0047992646389904,0.42694505357816415,hold
968,2023-11-28,0,-1,0.0104023891135545,-0.0104023891135545,0.4225038050007367,hold
969,2023-11-29,0,-1,0.0018187545137213,-0.0018187545137213,0.4217353742983272,hold
970,2023-11-30,-1,-1,0.0066929416105065,-0.0066929416105065,0.4189127240630634,hold
971,2023-12-01,0,-1,0.0206681690037693,-0.0206681690037693,0.41025456508429864,hold
972,2023-12-04,-1,-1,0.0081355657602475,-0.0081355657602475,0.40691691209161357,hold
973,2023-12-05,0,-1,0.0039606432442005,-0.0039606432442005,0.405305259372787,hold
974,2023-12-06,-1,-1,-0.001745599062397,0.001745599062397,0.4060127598535327,hold
975,2023-12-07,-1,-1,0.0032653705047074,-0.0032653705047074,0.4046869777629721,hold
976,2023-12-08,-1,-1,0.0013209351833629,-0.0013209351833629,0.4041524124957962,hold
977,2023-12-11,0,-1,-0.0043196070141755,0.0043196070141755,0.405898192091609,hold
978,2023-12-12,-1,-1,0.0009542158562574,-0.0009542158562574,0.40551087760068893,hold
979,2023-12-13,-1,-1,0.0122500872899569,-0.0122500872899569,0.40054333395305347,hold
980,2023-12-14,0,-1,0.0129327792008919,-0.0129327792008919,0.39536319545464954,hold
981,2023-12-15,0,-1,-0.0017710126840955,0.0017710126840955,0.3960633886886243,hold
982,2023-12-18,-1,-1,0.0016083748565725,-0.0016083748565725,0.3954263702926486,hold
983,2023-12-19,-1,-1,-0.0141214660942333,0.0141214660942333,0.40101037037350196,hold
984,2023-12-20,-1,-1,0.0049597940765233,-0.0049597940765233,0.39902144151389907,hold
985,2023-12-21,-1,-1,0.0044389265566107,-0.0044389265566107,0.3972502146405059,hold
986,2023-12-22,0,-1,0.0043068759341071,-0.0043068759341071,0.39553930725125186,hold
987,2023-12-26,0,-1,0.0099527499207277,-0.0099527499207277,0.39160260344236225,hold
988,2023-12-27,-1,-1,0.0057238813077962,-0.0057238813077962,0.38936111662043416,hold
989,2023-12-28,0,-1,-0.0021717930740454,0.0021717930740454,0.39020672839681303,hold
990,2023-12-29,-1,-1,0.0004831718072126,-0.0004831718072126,0.39001819150666706,hold
991,2024-01-01,-1,-1,-0.003500136051024,0.003500136051024,0.3913833082393147,hold
992,2024-01-02,-1,-1,-0.0068518663756694,0.0068518663756694,0.3940650143690379,hold
993,2024-01-03,-1,-1,0.0065644701863494,-0.0065644701863494,0.391478186330729,hold
994,2024-01-04,0,-1,0.0024101822286055,-0.0024101822286055,0.390534652563148,hold
995,2024-01-05,-1,-1,-0.009110708685643,0.009110708685643,0.39409270001429964,hold
996,2024-01-08,0,-1,0.0014804820050666,-0.0014804820050666,0.3935092528636004,hold
997,2024-01-09,-1,-1,0.0034277152411805,-0.0034277152411805,0.39216041520001427,hold
998,2024-01-10,0,-1,0.0013183031833516,-0.0013183031833516,0.3916434288762716,hold
999,2024-01-11,-1,-1,0.0114264926377058,-0.0114264926377058,0.38716831811961105,hold
1000,2024-01-12,0,-1,0.0092670746948486,-0.0092670746948486,0.38358040039611774,hold
1001,2024-01-15,0,-1,-0.0029482333845447,0.0029482333845447,0.3847112849382226,hold
1002,2024-01-16,0,-1,-0.0208943935120824,0.0208943935120824,0.3927495939142607,hold
1003,2024-01-17,0,-1,-0.0050852715087356,0.0050852715087356,0.3947468322342603,hold
1004,2024-01-18,0,-1,0.0074619571864553,-0.0074619571864553,0.39180124827263946,hold
1005,2024-01-19,0,-1,-0.0177408429427344,0.0177408429427344,0.39875213268301163,hold
1006,2024-01-23,0,-1,0.0101299710711508,-0.0101299710711508,0.394712785114373,hold
1007,2024-01-24,0,-1,-0.0047240537554001,0.0047240537554001,0.396577429529197,hold
1008,2024-01-25,0,-1,0.0180305914522447,-0.0180305914522447,0.3894269039181747,hold
1009,2024-01-29,0,-1,-0.0099136981024832,0.0099136981024832,0.3932875646766042,hold
1010,2024-01-30,0,-1,0.0094600254190029,-0.0094600254190029,0.38956705431778577,hold
1011,2024-01-31,0,-1,-0.0013003033741542,0.0013003033741542,0.39007360967297444,hold
1012,2024-02-01,-1,-1,0.0072059881750932,-0.0072059881750932,0.3872627438542551,hold
1013,2024-02-02,0,-1,-0.0037568550808078,0.0037568550808078,0.3887176338611115,hold
1014,2024-02-05,0,-1,0.0072434021015312,-0.0072434021015312,0.3859019957350997,hold
1015,2024-02-06,0,-1,5.014315737827957e-05,-5.014315737827957e-05,0.38588264539059497,hold
1016,2024-02-07,-1,-1,-0.0096920171108729,0.0096920171108729,0.38962262659250957,hold
1017,2024-02-08,0,-1,0.0029722318898448,-0.0029722318898448,0.38846457779674626,hold
1018,2024-02-09,-1,-1,-0.0076414194307357,0.0076414194307357,0.39143299856967484,hold
1019,2024-02-12,0,-1,0.0058844800115076,-0.0058844800115076,0.3891296189137471,hold
1020,2024-02-13,0,-1,0.0044519922849619,-0.0044519922849619,0.38739721685249295,hold
1021,2024-02-14,0,-1,0.0032371361888359,-0.0032371361888359,0.3861431593023654,hold
1022,2024-02-15,0,-1,0.0059308430222606,-0.0059308430222606,0.38385300484042334,hold
1023,2024-02-16,0,-1,0.0037000088082788,-0.0037000088082788,0.38243274534142946,hold
1024,2024-02-19,-1,-1,0.003376655573009,-0.003376655573009,0.3811414016805712,hold
1025,2024-02-20,0,-1,-0.00639270001033,0.00639270001033,0.38357792432303184,hold
1026,2024-02-21,-1,-1,0.0073633218581414,-0.0073633218581414,0.38075351660856355,hold
1027,2024-02-22,0,-1,-0.0002137959201901,0.0002137959201901,0.3808349201570124,hold
1028,2024-02-23,-1,-1,-0.0040809285088362,0.0040809285088362,0.38238908023984153,hold
1029,2024-02-26,0,-1,0.0034489943486464,-0.0034489943486464,0.38107022246311023,hold
1030,2024-02-27,-1,-1,-0.0111359278099485,0.0111359278099485,0.38531379295098045,hold
1031,2024-02-28,0,-1,0.0014418556686905,-0.0014418556686905,0.3847582260743894,hold
1032,2024-02-29,0,-1,0.0161921687000685,-0.0161921687000685,0.3785281559690538,hold
1033,2024-03-01,0,-1,0.0029925402887358,-0.0029925402887358,0.3773953952118956,hold
1034,2024-03-04,0,-1,-0.0022002905070378,0.0022002905070378,0.37822577471738006,hold
1035,2024-03-05,-1,-1,0.0052669715420341,-0.0052669715420341,0.3762336703254798,hold
1036,2024-03-06,0,-1,0.000867667346212,-0.000867667346212,0.3759072246551929,hold
1037,2024-03-07,0,-1,-0.0071531788017711,0.0071531788017711,0.37859615624602905,hold
1038,2024-03-11,0,-1,0.000136518866846,-0.000136518866846,0.37854447072778613,hold
1039,2024-03-12,-1,-1,-0.0151327252704165,0.0151327252704165,0.38427288020594497,hold
1040,2024-03-13,0,-1,0.0067712159528048,-0.0067712159528048,0.3816708855492642,hold
1041,2024-03-14,0,-1,-0.0055674686273187,0.0055674686273187,0.38379582623052066,hold
1042,2024-03-15,0,-1,0.0014688778023679,-0.0014688778023679,0.3832320770607292,hold
1043,2024-03-18,0,-1,-0.0108021966402886,0.0108021966402886,0.38737182531600545,hold
1044,2024-03-19,0,-1,0.0009923428906801,-0.0009923428906801,0.3869874196391033,hold
1045,2024-03-20,-1,-1,0.0079146856998078,-0.0079146856998078,0.3839245358428802,hold
1046,2024-03-21,-1,-1,0.0038524885010076,-0.0038524885010076,0.38244547098329085,hold
1047,2024-03-22,-1,-1,-0.0041658063402989,0.0041658063402989,0.38403866475113163,hold
1048,2024-03-26,0,-1,0.0054057167831516,-0.0054057167831516,0.3819626604957073,hold
1049,2024-03-27,0,-1,0.0091870010785439,-0.0091870010785439,0.37845356912176975,hold
1050,2024-03-28,0,-1,0.0060509791780918,-0.0060509791780918,0.3761635544551394,hold
1051,2024-04-01,0,-1,-0.0003872860275131,0.0003872860275131,0.37630923734383953,hold
1052,2024-04-02,0,-1,-0.0008306302403686,0.0008306302403686,0.3766218111761074,hold
1053,2024-04-03,-1,-1,0.0035659124883635,-0.0035659124883635,0.3752788107562444,hold
1054,2024-04-04,0,-1,-4.224679746289706e-05,4.224679746289706e-05,0.3752946650841546,hold
1055,2024-04-05,-1,-1,0.0067781647528144,-0.0067781647528144,0.3727508560133619,hold
1056,2024-04-08,0,-1,-0.0010390218270411,0.0010390218270411,0.37313815228880803,hold
1057,2024-04-09,-1,-1,0.0049044741142307,-0.0049044741142307,0.3713081058798757,hold
1058,2024-04-10,0,-1,-0.0103015928142499,0.0103015928142499,0.3751331707952806,hold
1059,2024-04-12,0,-1,-0.010963897188301,0.010963897188301,0.3792460923118014,hold
1060,2024-04-15,0,-1,-0.005594325260972,0.005594325260972,0.38136771830614624,hold
1061,2024-04-16,0,-1,-0.0068652458503182,0.0068652458503182,0.38398590145169287,hold
1062,2024-04-18,0,-1,0.0068717686886063,-0.0068717686886063,0.38134723915723084,hold
1063,2024-04-19,0,-1,0.0085519659829773,-0.0085519659829773,0.3780859705402559,hold
1064,2024-04-22,0,-1,0.0014147135985376,-0.0014147135985376,0.3775510871763163,hold
1065,2024-04-23,-1,-1,0.0015379287654238,-0.0015379287654238,0.3769704404989308,hold
1066,2024-04-24,0,-1,0.0074969296067168,-0.0074969296067168,0.3741443196426973,hold
1067,2024-04-25,0,-1,-0.0066636269808832,0.0066636269808832,0.3766374778258126,hold
1068,2024-04-26,0,-1,0.0099666225688024,-0.0099666225688024,0.372883674239057,hold
1069,2024-04-29,0,-1,-0.0017025173156396,0.0017025173156396,0.3735185151511683,hold
1070,2024-04-30,-1,-1,0.001917712797214,-0.001917712797214,0.37280221391466656,hold
1071,2024-05-02,0,-1,-0.0076098592965534,0.0076098592965534,0.3756391863080008,hold
1072,2024-05-03,0,-1,-0.0014749338156797,0.0014749338156797,0.3761932292463809,hold
1073,2024-05-06,-1,-1,-0.006246985595782,0.006246985595782,0.37854330293071375,hold
1074,2024-05-07,0,-1,0.0,-0.0,0.37854330293071375,hold
1075,2024-05-08,-1,-1,-0.0154691178119045,0.0154691178119045,0.3843990338806564,hold
1076,2024-05-09,0,-1,0.004449469144939,-0.004449469144939,0.38268866224006004,hold
1077,2024-05-10,0,-1,0.0022149680905385,-0.0022149680905385,0.38184101906458745,hold
1078,2024-05-13,-1,-1,0.0051483245877055,-0.0051483245877055,0.3798751775575427,hold
1079,2024-05-14,0,-1,-0.0007786004689536,0.0007786004689536,0.38017094854893285,hold
1080,2024-05-15,-1,-1,0.0091573776762647,-0.0091573776762647,0.3766895795915265,hold
1081,2024-05-16,0,-1,0.002778540343975,-0.002778540343975,0.3756429323974765,hold
1082,2024-05-17,0,-1,0.0028020516676037,-0.0028020516676037,0.3745903614923286,hold
1083,2024-05-21,0,-1,0.00305161547495,-0.00305161547495,0.37344725574843146,hold
1084,2024-05-22,0,-1,0.016366619608483,-0.016366619608483,0.36733518656976505,hold
1085,2024-05-23,0,-1,-0.0004593757337192,0.0004593757337192,0.36750393144061644,hold
1086,2024-05-24,-1,-1,-0.0010737589261899,0.0010737589261899,0.36789854206741074,hold
1087,2024-05-27,-1,-1,-0.0019317094176221,0.0019317094176221,0.3686092151458518,hold
1088,2024-05-28,0,-1,-0.008015115627261,0.008015115627261,0.37156366062651974,hold
1089,2024-05-29,-1,-1,-0.0095155996581792,0.0095155996581792,0.3750993116685693,hold
1090,2024-05-30,0,-1,0.0018697799732139,-0.0018697799732139,0.37439795848764507,hold
1091,2024-05-31,-1,-1,0.0325423176953527,-0.0325423176953527,0.36221418117804866,hold
1092,2024-06-03,0,-1,-0.0592935994164107,0.0592935994164107,0.3836911637397631,hold
1093,2024-06-04,0,-1,0.0336242367600356,-0.0336242367600356,0.37078984120744374,hold
1094,2024-06-05,0,-1,0.0088880492442378,-0.0088880492442378,0.36749424283952886,hold
1095,2024-06-06,0,-1,0.0205399314668071,-0.0205399314668071,0.35994593627715876,hold
1096,2024-06-07,-1,-1,-0.0013289382574128,0.0013289382574128,0.3604242822024778,hold
1097,2024-06-10,-1,-1,0.0002429314342191,-0.0002429314342191,0.36033672381467496,hold
1098,2024-06-11,-1,-1,0.0024973129141392,-0.0024973129141392,0.359436850260854,hold
1099,2024-06-12,-1,-1,0.003256499474515,-0.003256499474515,0.35826634434685817,hold
1100,2024-06-13,-1,-1,0.0028505279152657,-0.0028505279152657,0.35724509613119726,hold
1101,2024-06-14,-1,-1,0.0039334507869606,-0.0039334507869606,0.35583989012668216,hold
1102,2024-06-18,-1,-1,-0.0017786131162043,0.0017786131162043,0.35647279162253015,hold
1103,2024-06-19,-1,-1,0.0021687361796223,-0.0021687361796223,0.3556996961822874,hold
1104,2024-06-20,-1,-1,-0.0027962995130903,0.0027962995130903,0.35669433906952835,hold
1105,2024-06-21,-1,-1,0.001563756616109,-0.001563756616109,0.35613655593687976,hold
1106,2024-06-24,-1,-1,0.0077938798539154,-0.0077938798539154,0.3533608704083205,hold
1107,2024-06-25,-1,-1,0.0062180401218379,-0.0062180401218379,0.351163658338634,hold
1108,2024-06-26,0,-1,0.0073610408985447,-0.0073610408985447,0.34857872828752073,hold
1109,2024-06-27,0,-1,-0.0014099020825968,0.0014099020825968,0.34907019016248225,hold
1110,2024-06-28,-1,-1,0.0054704843490753,-0.0054704843490753,0.34716060715046965,hold
1111,2024-07-01,0,-1,-0.0007497161563467,0.0007497161563467,0.3474208790664975,hold
1112,2024-07-02,-1,-1,0.0067423066077227,-0.0067423066077227,0.3450784609779066,hold
1113,2024-07-03,0,-1,0.0006444070008029,-0.0006444070008029,0.34485609000182615,hold
1114,2024-07-04,-1,-1,0.0008928929498506,-0.0008928929498506,0.34454817043035046,hold
1115,2024-07-05,-1,-1,-0.0001356211363734,0.0001356211363734,0.3445948984447596,hold
1116,2024-07-08,-1,-1,0.0046318209860134,-0.0046318209860134,0.34299879656247,hold
1117,2024-07-09,0,-1,-0.0044509111977667,0.0044509111977667,0.3445254537469104,hold
1118,2024-07-10,-1,-1,-0.0003494426502141,0.0003494426502141,0.344645845634534,hold
1119,2024-07-11,-1,-1,0.007657573644356,-0.007657573644356,0.34200669469036615,hold
1120,2024-07-12,0,-1,0.0034506697076412,-0.0034506697076412,0.3408265425491876,hold
1121,2024-07-15,0,-1,0.0010697158254551,-0.0010697158254551,0.34046195500288756,hold
1122,2024-07-16,-1,-1,0.0076321297434283,-0.0076321297434283,0.3378635051896043,hold
1123,2024-07-18,0,-1,-0.0108846762510892,0.0108846762510892,0.34154104006065134,hold
1124,2024-07-19,-1,-1,-0.0008825762723847,0.0008825762723847,0.3418424760786545,hold
1125,2024-07-22,-1,-1,-0.0012321559717249,0.0012321559717249,0.34226367932694407,hold
1126,2024-07-23,-1,-1,-0.0026778318259059,0.0026778318259059,0.34318020390029746,hold
1127,2024-07-24,-1,-1,-0.0003031269840456,0.0003031269840456,0.34328423108048994,hold
1128,2024-07-25,-1,-1,0.0175673297602745,-0.0175673297602745,0.33725364379159667,hold
1129,2024-07-26,0,-1,5.03324972633834e-05,-5.03324972633834e-05,0.33723666897349347,hold
1130,2024-07-29,0,-1,0.0008536433743,-0.0008536433743,0.33694878912545323,hold
1131,2024-07-30,-1,-1,0.0037755350108565,-0.0037755350108565,0.3356766271752444,hold
1132,2024-07-31,-1,-1,0.0023946791656728,-0.0023946791656728,0.3348727893497445,hold
1133,2024-08-01,-1,-1,-0.0117229354919546,0.0117229354919546,0.33879848145730246,hold
1134,2024-08-02,0,-1,-0.0267864578946228,0.0267864578946228,0.34787369271562063,hold
1135,2024-08-05,0,-1,-0.0026209626510589,0.0026209626510589,0.3487854566715142,hold
1136,2024-08-06,0,-1,0.0127101624804444,-0.0127101624804444,0.34435233684640326,hold
1137,2024-08-07,-1,-1,-0.007428747813561,0.007428747813561,0.3469104435158456,hold
1138,2024-08-08,1,1,0.0103868640378157,0.0103868640378157,0.35016684468242726,flip
1139,2024-08-09,-1,-1,-0.0008412844977941,0.0008412844977941,0.35011126777581764,flip
1140,2024-08-12,-1,-1,-0.0085431469996303,0.0085431469996303,0.35310231980265333,hold
1141,2024-08-13,0,-1,0.0001967769998756,-0.0001967769998756,0.35303283738751345,hold
1142,2024-08-14,-1,-1,0.0164597624902924,-0.0164597624902924,0.347222000732841,hold
1143,2024-08-16,0,-1,0.0012835584110202,-0.0012835584110202,0.3467763210133091,hold
1144,2024-08-19,-1,-1,0.0051357593399101,-0.0051357593399101,0.3449953612838053,hold
1145,2024-08-20,0,-1,0.0028887826964991,-0.0028887826964991,0.34399874465375624,hold
1146,2024-08-21,-1,-1,0.0016673576536574,-0.0016673576536574,0.34342517571400927,hold
1147,2024-08-22,-1,-1,0.0004695560778267,-0.0004695560778267,0.34326391833547404,hold
1148,2024-08-23,-1,-1,0.007551387144671,-0.007551387144671,0.3406717995953262,hold
1149,2024-08-26,0,-1,0.000285894410237,-0.000285894410237,0.3405744034320965,hold
1150,2024-08-27,-1,-1,0.0013830024432652,-0.0013830024432652,0.3401033882000363,hold
1151,2024-08-28,0,-1,0.0039756594063229,-0.0039756594063229,0.33875125296561653,hold
1152,2024-08-29,0,-1,0.0033377600735777,-0.0033377600735777,0.3376205825585935,hold
1153,2024-08-30,0,-1,0.0016959501132323,-0.0016959501132323,0.3370479948933737,hold
1154,2024-09-02,0,-1,4.550829989491412e-05,-4.550829989491412e-05,0.33703265641214314,hold
1155,2024-09-03,0,-1,-0.0032100820170585,0.0032100820170585,0.3381145588816532,hold
1156,2024-09-04,-1,-1,-0.0021270784221717,0.0021270784221717,0.33883375506407243,hold
1157,2024-09-05,0,-1,-0.0116503502989019,0.0116503502989019,0.3427812870036612,hold
1158,2024-09-06,0,-1,0.0033900486950126,-0.0033900486950126,0.3416192417489797,hold
1159,2024-09-09,-1,-1,0.0041986500501236,-0.0041986500501236,0.34018490210248714,hold
1160,2024-09-10,-1,-1,-0.0048979634496194,0.0048979634496194,0.34185111531909745,hold
1161,2024-09-11,0,-1,0.0188796328272711,-0.0188796328272711,0.33539709178027977,hold
1162,2024-09-12,0,-1,-0.0012761636040355,0.0012761636040355,0.3358251133417091,hold
1163,2024-09-13,-1,-1,0.0010746751326089,-0.0010746751326089,0.33546421044349517,hold
1164,2024-09-16,0,-1,0.0013709866056039,-0.0013709866056039,0.33500429350431765,hold
1165,2024-09-17,0,-1,-0.0016129951842196,0.0016129951842196,0.335544653816433,hold
1166,2024-09-18,0,-1,0.0015072376499098,-0.0015072376499098,0.33503890828097493,hold
1167,2024-09-19,-1,-1,0.0147604413777415,-0.0147604413777415,0.3300935861160311,hold
1168,2024-09-20,0,-1,0.0057423850996662,-0.0057423850996662,0.32819806162562304,hold
1169,2024-09-23,0,-1,5.203002169906768e-05,-5.203002169906768e-05,0.32818098547335506,hold
1170,2024-09-24,-1,-1,0.0024575565157058,-0.0024575565157058,0.32737446215417426,hold
1171,2024-09-25,-1,-1,0.008148714241454,-0.008148714241454,0.3247067812121302,hold
1172,2024-09-26,0,-1,-0.0014152231703233,0.0014152231703233,0.3251663137724627,hold
1173,2024-09-27,-1,-1,-0.0140609008520233,0.0140609008520233,0.3297384450708352,hold
1174,2024-09-30,-1,-1,-0.0005404401234794,0.0005404401234794,0.3299166489568052,hold
1175,2024-10-01,-1,-1,-0.0211963752609873,0.0211963752609873,0.33690968605294114,hold
1176,2024-10-03,0,-1,-0.0093266958801446,0.0093266958801446,0.3400519402338319,hold
1177,2024-10-04,0,-1,-0.0087488751686026,0.0087488751686026,0.3430270122097788,hold
1178,2024-10-07,0,-1,0.0087676473034692,-0.0087676473034692,0.34001947235116065,hold
1179,2024-10-08,-1,-1,-0.0012473907279866,0.0012473907279866,0.3404436094883064,hold
1180,2024-10-09,-1,-1,0.0006604768849507,-0.0006604768849507,0.34021875435361015,hold
1181,2024-10-10,-1,-1,-0.0013680536120755,0.0013680536120755,0.3406841918493994,hold
1182,2024-10-11,0,-1,0.0065573457544287,-0.0065573457544287,0.33845020781037477,hold
1183,2024-10-14,-1,-1,-0.0028096049048969,0.0028096049048969,0.33940111917430216,hold
1184,2024-10-15,1,1,-0.0034340754096676,-0.0034340754096676,0.33789618901775775,flip
1185,2024-10-16,1,1,-0.0088682273228345,-0.0088682273228345,0.3348996488020288,hold
1186,2024-10-17,0,1,0.0042101739412401,0.0042101739412401,0.3363096345763456,hold
1187,2024-10-18,-1,-1,-0.0029351823779982,0.0029351823779982,0.33696045505472877,flip
1188,2024-10-21,1,1,-0.0124691803378693,-0.0124691803378693,0.33242187391886613,flip
1189,2024-10-22,0,1,-0.0014955647434917,-0.0014955647434917,0.33192471548426766,hold
1190,2024-10-23,-1,-1,-0.0014773427748562,0.0014773427748562,0.33208315734900035,flip
1191,2024-10-24,-1,-1,-0.0089592205494931,0.0089592205494931,0.33505836359646207,hold
1192,2024-10-25,0,-1,0.0065485676346082,-0.0065485676346082,0.3328642112409095,hold
1193,2024-10-28,-1,-1,0.0052466588480091,-0.0052466588480091,0.33111778628181676,hold
1194,2024-10-29,0,-1,-0.0051498252538292,0.0051498252538292,0.33282298501960283,hold
1195,2024-10-30,1,1,-0.005566773640794,-0.005566773640794,0.3306374118145257,flip
1196,2024-10-31,1,1,0.0040900049616161,0.0040900049616161,0.33198972046934305,hold
1197,2024-11-01,-1,-1,-0.0127137736646451,0.0127137736646451,0.3358785729139097,flip
1198,2024-11-04,0,-1,0.0090830588186072,-0.0090830588186072,0.33282776808022285,hold
1199,2024-11-05,-1,-1,0.0111818707596305,-0.0111818707596305,0.32910613099233355,hold
1200,2024-11-06,0,-1,-0.0116280257061476,0.0116280257061476,0.3329329855435632,hold
1201,2024-11-07,0,-1,-0.0021137093124677,0.0021137093124677,0.33363670909553433,hold
1202,2024-11-08,0,-1,-0.0002856708874028,0.0002856708874028,0.3337320193902918,hold
1203,2024-11-11,0,-1,-0.0106809307765333,0.0106809307765333,0.33729658798731216,hold
1204,2024-11-12,0,-1,-0.0135825623229214,0.0135825623229214,0.3418779399149585,hold
1205,2024-11-13,0,-1,-0.0011185324376894,0.0011185324376894,0.34226034148048384,hold
1206,2024-11-14,-1,-1,-0.0033527151631265,0.0033527151631265,0.3434078429171023,hold
1207,2024-11-18,1,1,0.0027585814066317,0.0027585814066317,0.3440117535645479,flip
1208,2024-11-19,-1,-1,-0.0071688079331164,0.0071688079331164,0.3461338959990222,flip
1209,2024-11-21,1,1,0.0238694641112378,0.0238694641112378,0.3540497927112548,flip
1210,2024-11-22,1,1,0.0131612958673623,0.0131612958673623,0.35870954678490596,hold
1211,2024-11-25,-1,-1,-0.0011312238174179,0.0011312238174179,0.35875661802097936,flip
1212,2024-11-26,-1,-1,0.0033230854378061,-0.0033230854378061,0.35756443912791724,hold
1213,2024-11-27,-1,-1,-0.0148610290544929,0.0148610290544929,0.36287821464665065,hold
1214,2024-11-28,0,-1,0.0090720019405352,-0.0090720019405352,0.3595861827791983,hold
1215,2024-11-29,-1,-1,0.0060068200049485,-0.0060068200049485,0.35742621330297714,hold
1216,2024-12-02,0,-1,0.0074600111445999,-0.0074600111445999,0.3547598097683648,hold
1217,2024-12-03,0,-1,0.0004210968146538,-0.0004210968146538,0.3546104215425041,hold
1218,2024-12-04,-1,-1,0.0098478255628851,-0.0098478255628851,0.35111827996837236,hold
1219,2024-12-05,0,-1,-0.0012384293961259,0.0012384293961259,0.35155311516780235,hold
1220,2024-12-06,-1,-1,-0.0023827399277279,0.0023827399277279,0.3523907748120298,hold
1221,2024-12-09,-1,-1,-0.00036350862139,0.00036350862139,0.3525188718967723,hold
1222,2024-12-10,-1,-1,0.0012901233029631,-0.0012901233029631,0.352064079085404,hold
1223,2024-12-11,-1,-1,-0.0037781963796591,0.0037781963796591,0.35339424631441246,hold
1224,2024-12-12,-1,-1,0.0089455478085889,-0.0089455478085889,0.35023294118872667,hold
1225,2024-12-13,-1,-1,-0.0040394689217332,0.0040394689217332,0.35164769627002573,hold
1226,2024-12-16,-1,-1,-0.0134687300477334,0.0134687300477334,0.35638394416299407,hold
1227,2024-12-17,0,-1,-0.0056356998120069,0.0056356998120069,0.3583924170901157,hold
1228,2024-12-18,-1,-1,-0.010213311567061,0.010213311567061,0.36205279050912914,hold
1229,2024-12-19,0,-1,-0.0152055691508056,0.0152055691508056,0.3675580092514578,hold
1230,2024-12-20,0,-1,0.0070354729729729,-0.0070354729729729,0.36497206481136946,hold
1231,2024-12-23,-1,-1,-0.0010861087115143,0.0010861087115143,0.36536846415042046,hold
1232,2024-12-24,-1,-1,0.0009503186263191,-0.0009503186263191,0.3650212476934687,hold
1233,2024-12-26,-1,-1,0.002661079652128,-0.002661079652128,0.3640498970786372,hold
1234,2024-12-27,-1,-1,-0.0070758479358679,0.0070758479358679,0.366625858791434,hold
1235,2024-12-30,1,1,-4.212721278373799e-06,-4.212721278373799e-06,0.36625768844008605,flip
1236,2024-12-31,-1,-1,0.0041488871182535,-0.0041488871182535,0.3643718689461156,flip
1237,2025-01-01,-1,-1,0.0187740331916654,-0.0187740331916654,0.3575311393844121,hold
1238,2025-01-02,0,-1,-0.0076027553276091,0.0076027553276091,0.36024936115915307,hold
1239,2025-01-03,-1,-1,-0.0161925959966257,0.0161925959966257,0.3660827335224457,hold
1240,2025-01-06,0,-1,0.0038892874268343,-0.0038892874268343,0.3646589325497757,hold
1241,2025-01-07,-1,-1,-0.0007993610384197,0.0007993610384197,0.36495042669276767,hold
1242,2025-01-08,-1,-1,-0.0068575949591475,0.0068575949591475,0.3674531088991947,hold
1243,2025-01-09,0,-1,-0.0040379997024632,0.0040379997024632,0.3689368844435988,hold
1244,2025-01-10,0,-1,-0.0147472753024774,0.0147472753024774,0.3743776982477268,hold
1245,2025-01-13,0,-1,0.0039028744993869,-0.0039028744993869,0.3729165490760966,hold
1246,2025-01-14,-1,-1,0.0016028803979861,-0.0016028803979861,0.37231880844949794,hold
1247,2025-01-15,-1,-1,0.0042476507253836,-0.0042476507253836,0.3707373281927135,hold
1248,2025-01-16,-1,-1,-0.0046586517926727,0.0046586517926727,0.3724644643113092,hold
1249,2025-01-17,1,1,0.0061004855371675,0.0061004855371675,0.3743642139246379,flip
1250,2025-01-20,-1,-1,-0.0137118456772935,0.0137118456772935,0.3791230740391493,flip
1251,2025-01-21,-1,-1,0.0056764909144164,-0.0056764909144164,0.3769709853539205,hold
1252,2025-01-22,-1,-1,0.0021593282262408,-0.0021593282262408,0.376156981264772,hold
1253,2025-01-23,-1,-1,-0.0048760476583936,0.0048760476583936,0.3779911406324565,hold
1254,2025-01-24,0,-1,-0.0113912419355629,0.0113912419355629,0.38229692916490016,hold
1255,2025-01-27,0,-1,0.0056112298172781,-0.0056112298172781,0.3801517732369162,hold
1256,2025-01-28,0,-1,0.0089666492883511,-0.0089666492883511,0.37674308560995595,hold
1257,2025-01-29,0,-1,0.0037300875997627,-0.0037300875997627,0.37533780089802593,hold
1258,2025-01-30,-1,-1,0.0111357401503258,-0.0111357401503258,0.3711581366786308,hold
1259,2025-01-31,0,-1,-0.0011166221250199,0.0011166221250199,0.3715725800659273,hold
1260,2025-02-01,-1,-1,-0.0051570919766934,0.0051570919766934,0.3734888140373446,hold
1261,2025-02-03,0,-1,0.0161893068206311,-0.0161893068206311,0.36744228903282034,hold
1262,2025-02-04,0,-1,-0.0018092070621439,0.0018092070621439,0.3681070682170688,hold
1263,2025-02-05,0,-1,-0.0039226026346081,0.0039226026346081,0.369551005972675,hold
1264,2025-02-06,0,-1,-0.0018387386257991,0.0018387386257991,0.3702305136815599,hold
1265,2025-02-07,-1,-1,-0.0075700336923079,0.0075700336923079,0.37303317114404977,hold
1266,2025-02-10,0,-1,-0.0132496849360461,0.0132496849360461,0.3779757431324026,hold
1267,2025-02-11,0,-1,-0.0011507892904301,0.0011507892904301,0.37841071356964173,hold
1268,2025-02-12,-1,-1,-0.0006009745771905,0.0006009745771905,0.37863812878823355,hold
1269,2025-02-13,-1,-1,-0.0044352661537063,0.0044352661537063,0.3803174896653507,hold
1270,2025-02-14,0,-1,0.0013192755977626,-0.0013192755977626,0.37981574608183294,hold
1271,2025-02-17,-1,-1,-0.0006184463402948,0.0006184463402948,0.38005064173998354,hold
1272,2025-02-18,-1,-1,-0.0005404326900405,0.0005404326900405,0.3802560335306507,hold
1273,2025-02-19,-1,-1,-0.0008612081186238,0.0008612081186238,0.380583513113883,hold
1274,2025-02-20,-1,-1,-0.0051171487988824,0.0051171487988824,0.38253101558088815,hold
1275,2025-02-21,-1,-1,-0.0106401053300685,0.0106401053300685,0.38660118587868686,hold
1276,2025-02-24,0,-1,-0.0002571160481895,0.0002571160481895,0.38670058724782536,hold
1277,2025-02-25,-1,-1,-0.0001108767876499,0.0001108767876499,0.3867434633667217,hold
1278,2025-02-27,-1,-1,-0.0186449596666951,0.0186449596666951,0.3939542796425522,hold
1279,2025-02-28,1,1,-0.0002440004922383,-0.0002440004922383,0.3934642003247575,flip
1280,2025-03-03,-1,-1,-0.0016569416451024,0.0016569416451024,0.3937226833438078,flip
1281,2025-03-04,0,-1,0.0115316950692254,-0.0115316950692254,0.3891823934176498,hold
1282,2025-03-05,-1,-1,0.009284847776867,-0.009284847776867,0.3855688941373302,hold
1283,2025-03-06,1,1,0.0003460139864501,0.0003460139864501,0.3853167374733045,flip
1284,2025-03-07,-1,-1,-0.0040882039130917,0.0040882039130917,0.3865066741297493,flip
1285,2025-03-10,1,1,0.001674047455606,0.001674047455606,0.3867671979700213,flip
1286,2025-03-11,0,1,-0.0012179087892316,-0.0012179087892316,0.38629615080022717,hold
1287,2025-03-12,-1,-1,-0.0032620894617386,0.0032620894617386,0.3871699872520626,flip
1288,2025-03-13,-1,-1,0.0049805683362682,-0.0049805683362682,0.3852416606728016,hold
1289,2025-03-17,0,-1,0.0144632989948354,-0.0144632989948354,0.3796697953492239,hold
1290,2025-03-18,0,-1,0.0032100316461272,-0.0032100316461272,0.37845104329107426,hold
1291,2025-03-19,0,-1,0.01235619558909,-0.01235619558909,0.3737748281792746,hold
1292,2025-03-20,-1,-1,0.0068885519512889,-0.0068885519512889,0.3712000608572776,hold
1293,2025-03-21,0,-1,0.0131881772302988,-0.0131881772302988,0.3663046086667941,hold
1294,2025-03-24,-1,-1,0.0004353972876416,-0.0004353972876416,0.36614512063372995,hold
1295,2025-03-25,-1,-1,-0.0076810793285454,0.0076810793285454,0.36895751035107743,hold
1296,2025-03-26,-1,-1,0.0044748278770025,-0.0044748278770025,0.367306488998329,hold
1297,2025-03-27,0,-1,-0.0030773044101545,0.0030773044101545,0.3684368028768019,hold
1298,2025-03-28,-1,-1,-0.0150365718652369,0.0150365718652369,0.3739768293410571,hold
1299,2025-04-01,0,-1,0.0071938424586863,-0.0071938424586863,0.37128649894757854,hold
1300,2025-04-02,-1,-1,-0.0035251486188494,0.0035251486188494,0.372595339036541,hold
1301,2025-04-03,-1,-1,-0.0148666197750665,0.0148666197750665,0.37813457227195924,hold
1302,2025-04-04,0,-1,-0.0324325462830553,0.0324325462830553,0.39039843928839285,hold
1303,2025-04-07,0,-1,0.0168873189028142,-0.0168873189028142,0.38380565634496877,hold
1304,2025-04-08,-1,-1,-0.0060658560080705,0.0060658560080705,0.3861337661914403,hold
1305,2025-04-09,1,1,0.0191703874091904,0.0191703874091904,0.39314996631490856,flip
1306,2025-04-11,-1,-1,0.0219023977821084,-0.0219023977821084,0.384145889398342,flip
1307,2025-04-15,0,-1,0.004657316201027,-0.004657316201027,0.38235680052408916,hold
1308,2025-04-16,0,-1,0.0176834769379541,-0.0176834769379541,0.3755954028599515,hold
1309,2025-04-17,0,-1,0.0114834984640164,-0.0114834984640164,0.3712822536281176,hold
1310,2025-04-21,-1,-1,0.0017284255654137,-0.0017284255654137,0.37064051988896235,hold
1311,2025-04-22,-1,-1,0.0066908406521222,-0.0066908406521222,0.36816062323116555,hold
1312,2025-04-23,0,-1,-0.0033807460922566,0.0033807460922566,0.36940528081947704,hold
1313,2025-04-24,-1,-1,-0.0085516633626838,0.0085516633626838,0.3725643104254429,hold
1314,2025-04-25,-1,-1,0.0120282118827472,-0.0120282118827472,0.3680830279596961,hold
1315,2025-04-28,-1,-1,0.0003061930965739,-0.0003061930965739,0.36797032347756886,hold
1316,2025-04-29,-1,-1,-7.191007773188485e-05,7.191007773188485e-05,0.3679967842521332,hold
1317,2025-04-30,-1,-1,0.0005136803511647,-0.0005136803511647,0.3678077515347711,hold
1318,2025-05-02,-1,-1,0.0047008906976129,-0.0047008906976129,0.3660787274970713,hold
1319,2025-05-05,0,-1,-0.0033338898599493,0.0033338898599493,0.36729919365461694,hold
1320,2025-05-06,-1,-1,0.0014274549954715,-0.0014274549954715,0.36677489058580204,hold
1321,2025-05-07,-1,-1,-0.0057588802970967,0.0057588802970967,0.3688871032766664,hold
1322,2025-05-08,0,-1,-0.0109501096942064,0.0109501096942064,0.37292645752232395,hold
1323,2025-05-09,-1,-1,0.0381830730902199,-0.0381830730902199,0.35868697933747223,hold
1324,2025-05-12,0,-1,-0.0138958390765435,0.0138958390765435,0.36367123588119726,hold
1325,2025-05-13,-1,-1,0.0036027960647213,-0.0036027960647213,0.3623610025837122,hold
1326,2025-05-14,0,-1,0.0160214381414618,-0.0160214381414618,0.35655545819593915,hold
1327,2025-05-15,-1,-1,-0.0016877607536591,0.0016877607536591,0.3571572385047852,hold
1328,2025-05-16,-1,-1,-0.0029717088137536,0.0029717088137536,0.35821860581834575,hold
1329,2025-05-19,-1,-1,-0.0104848313546668,0.0104848313546668,0.36197446748845497,hold
1330,2025-05-20,-1,-1,0.0052483127088862,-0.0052483127088862,0.360074712290443,hold
1331,2025-05-21,0,-1,-0.0082112727740422,0.0082112727740422,0.3630313839720946,hold
1332,2025-05-22,0,-1,0.0098924887180058,-0.0098924887180058,0.3594401001018686,hold
1333,2025-05-23,-1,-1,0.0059549794562796,-0.0059549794562796,0.3572996416899989,hold
1334,2025-05-26,0,-1,-0.0069977248703164,0.0069977248703164,0.35979992627880814,hold
1335,2025-05-27,0,-1,-0.0029706520659956,0.0029706520659956,0.3608687666731533,hold
1336,2025-05-28,0,-1,0.0032784792287758,-0.0032784792287758,0.35968566591730144,hold
1337,2025-05-29,-1,-1,-0.0033382349691143,0.0033382349691143,0.3608863811851557,hold
1338,2025-05-30,0,-1,-0.0013777230725331,0.0013777230725331,0.3613835826790775,hold
1339,2025-06-02,0,-1,-0.0070438333802584,0.0070438333802584,0.3639291084218298,hold
1340,2025-06-03,0,-1,0.0031659048079861,-0.0031659048079861,0.36277694350771106,hold
1341,2025-06-04,-1,-1,0.0053086967621067,-0.0053086967621067,0.36085107072234474,hold
1342,2025-06-05,0,-1,0.0101875239545026,-0.0101875239545026,0.35717489179535294,hold
1343,2025-06-06,0,-1,0.0040054487100871,-0.0040054487100871,0.35574424608573574,hold
1344,2025-06-09,0,-1,4.18584595869298e-05,-4.18584595869298e-05,0.3557293551795877,hold
1345,2025-06-10,0,-1,0.0014798446727146,-0.0014798446727146,0.355202930988397,hold
1346,2025-06-11,0,-1,-0.0100710846627866,0.0100710846627866,0.35878020977885106,hold
1347,2025-06-12,0,-1,-0.0068144588479197,0.0068144588479197,0.36122510275383707,hold
1348,2025-06-13,0,-1,0.0092197937677085,-0.0092197937677085,0.3578946818027274,hold
1349,2025-06-16,0,-1,-0.0037319707924959,0.0037319707924959,0.35923033430200474,hold
1350,2025-06-17,0,-1,-0.0016637405234334,0.0016637405234334,0.35982800036642953,hold
1351,2025-06-18,0,-1,-0.0007577278241026,0.0007577278241026,0.3601006520541984,hold
1352,2025-06-19,0,-1,0.0128724709598377,-0.0128724709598377,0.3554652668680121,hold
1353,2025-06-20,0,-1,-0.0055948454872697,0.0055948454872697,0.3574540401122297,hold
1354,2025-06-23,0,-1,0.0029012296868362,-0.0029012296868362,0.3564169838393766,hold
1355,2025-06-24,0,-1,0.0080018205204253,-0.0080018205204253,0.3535649991042626,hold
1356,2025-06-25,0,-1,0.0120520108141297,-0.0120520108141297,0.3493038299115603,hold
1357,2025-06-26,0,-1,0.003475704773181,-0.003475704773181,0.34808975292264627,hold
1358,2025-06-27,-1,-1,-0.0047098423546652,0.0047098423546652,0.3497292007841863,hold
1359,2025-06-30,-1,-1,0.0009699396772837,-0.0009699396772837,0.34938998455604103,hold
1360,2025-07-01,-1,-1,-0.0034610085397696,0.0034610085397696,0.3505992262762994,hold
1361,2025-07-02,-1,-1,-0.0018897125192245,0.0018897125192245,0.3512617580234242,hold
1362,2025-07-03,-1,-1,0.0021924250859925,-0.0021924250859925,0.3504916429333838,hold
1363,2025-07-04,-1,-1,1.1813410706551508e-05,-1.1813410706551508e-05,0.3504875024316566,hold
1364,2025-07-07,0,-1,0.0024036171315751,-0.0024036171315751,0.3496450646664089,hold
1365,2025-07-08,-1,-1,-0.0018180190273288,0.0018180190273288,0.350280726046784,hold
1366,2025-07-09,-1,-1,-0.004743646446198,0.004743646446198,0.3519423339680675,hold
1367,2025-07-10,0,-1,-0.008100901810276,0.008100901810276,0.3547933842584222,hold
1368,2025-07-11,0,-1,-0.0026858541571485,0.0026858541571485,0.35574630754446146,hold
1369,2025-07-14,0,-1,0.0045251032187942,-0.0045251032187942,0.35413651878311786,hold
1370,2025-07-15,0,-1,0.0006449487413033,-0.0006449487413033,0.35390811888107915,hold
1371,2025-07-16,-1,-1,-0.0039902173517283,0.0039902173517283,0.35532028919795594,hold
1372,2025-07-17,0,-1,-0.0056965580472427,0.0056965580472427,0.3573443918507352,hold
1373,2025-07-18,0,-1,0.0048981443028652,-0.0048981443028652,0.3555940674536307,hold
1374,2025-07-21,0,-1,-0.0011876443882732,0.0011876443882732,0.35601638675234526,hold
1375,2025-07-22,-1,-1,0.0063445445902445,-0.0063445445902445,0.3537576249117373,hold
1376,2025-07-23,0,-1,-0.006256994627491,0.006256994627491,0.35597108447024406,hold
1377,2025-07-24,0,-1,-0.0089816740370306,0.0089816740370306,0.35916830071756406,hold
1378,2025-07-25,0,-1,-0.0062849623293875,0.0062849623293875,0.36142565995748405,hold
1379,2025-07-28,0,-1,0.0056804742343701,-0.0056804742343701,0.35937259080845535,hold
1380,2025-07-29,0,-1,0.0013678351245234,-0.0013678351245234,0.35888102835595653,hold
1381,2025-07-30,-1,-1,-0.0034882717656889,0.0034882717656889,0.360132902914412,hold
1382,2025-07-31,1,1,-0.0081959437427822,-0.0081959437427822,0.35682114099928625,flip
1383,2025-08-01,0,1,0.0064074150430544,0.0064074150430544,0.3591074421458049,hold
1384,2025-08-04,-1,-1,-0.0029608040671041,0.0029608040671041,0.3598115814788918,flip
1385,2025-08-05,0,-1,-0.0030569142281212,0.0030569142281212,0.3609114946217574,hold
1386,2025-08-06,0,-1,0.0008932609229541,-0.0008932609229541,0.36058910648696685,hold
1387,2025-08-07,-1,-1,-0.0094669127354072,0.0094669127354072,0.3640027720914174,hold
1388,2025-08-08,0,-1,0.0091018044718578,-0.0091018044718578,0.3606896900326271,hold
1389,2025-08-11,0,-1,-0.0039719417907191,0.0039719417907191,0.3621223284859492,hold
1390,2025-08-12,0,-1,0.0053884535167121,-0.0053884535167121,0.36017104915153914,hold
1391,2025-08-13,0,-1,0.000485438164071,-0.000485438164071,0.3599962083786875,hold
1392,2025-08-14,-1,-1,0.0099730192766349,-0.0099730192766349,0.3564059592530114,hold
1393,2025-08-18,0,-1,0.0041685646806257,-0.0041685646806257,0.35492025795930476,hold
1394,2025-08-19,0,-1,0.0027981813736617,-0.0027981813736617,0.35392712670434784,hold
1395,2025-08-20,-1,-1,0.0013252889742787,-0.0013252889742787,0.3534580709856284,hold
1396,2025-08-21,0,-1,-0.0085174820600987,0.0085174820600987,0.3564686437642456,hold
1397,2025-08-22,0,-1,0.0039264173509054,-0.0039264173509054,0.35506899909631595,hold
1398,2025-08-25,0,-1,-0.0102411798720348,0.0102411798720348,0.35870532458304466,hold
1399,2025-08-26,0,-1,-0.0085444301039235,0.0085444301039235,0.3617702571568497,hold
1400,2025-08-28,0,-1,-0.0030223697933294,0.0030223697933294,0.36286366065420556,hold
1401,2025-08-29,0,-1,0.0081140701746054,-0.0081140701746054,0.35991935944784315,hold
1402,2025-09-01,0,-1,-0.0018457290617897,0.0018457290617897,0.36058367306947675,hold
1403,2025-09-02,0,-1,0.005510715147017,-0.005510715147017,0.3585965991605258,hold
1404,2025-09-03,0,-1,0.0007788776228048,-0.0007788776228048,0.35831729629382575,hold
1405,2025-09-04,-1,-1,0.0002708473067116,-0.0002708473067116,0.3582202470191764,hold
1406,2025-09-05,0,-1,0.0012994782193525,-0.0012994782193525,0.3577547476104439,hold
1407,2025-09-08,0,-1,0.0038529301782352,-0.0038529301782352,0.35637634354696873,hold
1408,2025-09-09,0,-1,0.0042020862308871,-0.0042020862308871,0.3548788194207361,hold
1409,2025-09-10,0,-1,0.0012974116602184,-0.0012974116602184,0.35441839550245513,hold
1410,2025-09-11,0,-1,0.0043390454100098,-0.0043390454100098,0.35288055799022716,hold
1411,2025-09-12,0,-1,-0.0017838966811339,0.0017838966811339,0.3535100604464626,hold
1412,2025-09-15,0,-1,0.0067772563910986,-0.0067772563910986,0.35111423212998416,hold
1413,2025-09-16,0,-1,0.0036114755294653,-0.0036114755294653,0.3498461916725997,hold
1414,2025-09-17,0,-1,0.0036853015416349,-0.0036853015416349,0.3485569029630936,hold
1415,2025-09-18,0,-1,-0.0037976065391384,0.0037976065391384,0.34988058493704804,hold
1416,2025-09-19,-1,-1,-0.0049236357186648,0.0049236357186648,0.35160326948231146,hold
1417,2025-09-22,-1,-1,-0.001303434397354,0.001303434397354,0.35206156127797683,hold
1418,2025-09-23,-1,-1,-0.0044736530076083,0.0044736530076083,0.35363656254045134,hold
1419,2025-09-24,-1,-1,-0.0066269482123226,0.0066269482123226,0.3559800937263907,hold
1420,2025-09-25,0,-1,-0.0094874379272315,0.0094874379272315,0.3593574327689499,hold
1421,2025-09-26,0,-1,-0.0008030448049409,0.0008030448049409,0.35964601288845194,hold
1422,2025-09-29,-1,-1,-0.0009661407544825,0.0009661407544825,0.3599934815586906,hold
1423,2025-09-30,-1,-1,0.0091503904924759,-0.0091503904924759,0.3566994006276827,hold
1424,2025-10-01,0,-1,0.0023332467769816,-0.0023332467769816,0.3558671329008169,hold
1425,2025-10-03,-1,-1,0.0073671787912872,-0.0073671787912872,0.3532453961067938,hold
1426,2025-10-06,0,-1,0.0012222193924698,-0.0012222193924698,0.3528136527333714,hold
1427,2025-10-07,0,-1,-0.0024752925801897,0.0024752925801897,0.3536869697501719,hold
1428,2025-10-08,0,-1,0.0054160175719368,-0.0054160175719368,0.3517713949070399,hold
1429,2025-10-09,0,-1,0.004112050167679,-0.004112050167679,0.3503248932836277,hold
1430,2025-10-10,0,-1,-0.0022938183927065,0.0022938183927065,0.3511284749672647,hold
1431,2025-10-13,0,-1,-0.0032444791324643,0.0032444791324643,0.35226770397711,hold
1432,2025-10-14,-1,-1,0.0070808208725219,-0.0070808208725219,0.3497733594660735,hold
1433,2025-10-15,0,-1,0.0103362282114798,-0.0103362282114798,0.3461580222003362,hold
1434,2025-10-16,0,-1,0.0048679837376106,-0.0048679837376106,0.3444729305776215,hold
1435,2025-10-17,0,-1,0.0051848137299641,-0.0051848137299641,0.3426869025975617,hold
1436,2025-10-20,0,-1,0.0009847568259027,-0.0009847568259027,0.34234943933108125,hold
1437,2025-10-21,-1,-1,0.0008814076368377,-0.0008814076368377,0.3420476899207877,hold
1438,2025-10-23,-1,-1,-0.0037174505259611,0.0037174505259611,0.34331923528558755,hold
1439,2025-10-24,-1,-1,0.0066252915000297,-0.0066252915000297,0.34104464527425327,hold
1440,2025-10-27,0,-1,-0.001149638146805,0.001149638146805,0.34143672320822416,hold
1441,2025-10-28,-1,-1,0.0045381040946781,-0.0045381040946781,0.33988724781655943,hold
1442,2025-10-29,-1,-1,-0.00675717564781,0.00675717564781,0.34218392565050665,hold
1443,2025-10-30,0,-1,-0.0060186608373972,0.0060186608373972,0.3442434146430062,hold
1444,2025-10-31,0,-1,0.0016036793506921,-0.0016036793506921,0.34369135858733146,hold
1445,2025-11-03,-1,-1,-0.0064315867797603,0.0064315867797603,0.3459018393855396,hold
1446,2025-11-04,-1,-1,-0.0034359080045569,0.0034359080045569,0.34709032628427533,hold
1447,2025-11-06,0,-1,-0.0006820322478444,0.0006820322478444,0.34732705307971606,hold
1448,2025-11-07,-1,-1,0.0032185728871263,-0.0032185728871263,0.3462091556437082,hold
1449,2025-11-10,-1,-1,0.0047156471705849,-0.0047156471705849,0.3445765554184663,hold
1450,2025-11-11,0,-1,0.0070384090258497,-0.0070384090258497,0.34215128468071276,hold
1451,2025-11-12,0,-1,0.0001294494962036,-0.0001294494962036,0.3421069933692854,hold
1452,2025-11-13,0,-1,0.0011940264714482,-0.0011940264714482,0.34169850856313494,hold
1453,2025-11-14,0,-1,0.0039906690408659,-0.0039906690408659,0.340334902903702,hold
1454,2025-11-17,0,-1,-0.0039748069020186,0.0039748069020186,0.3416876684247615,hold
1455,2025-11-18,0,-1,0.0055036406751542,-0.0055036406751542,0.3398071422746204,hold
1456,2025-11-19,0,-1,0.0053545415882216,-0.0053545415882216,0.3379876307993362,hold
1457,2025-11-20,0,-1,-0.0047342428227803,0.0047342428227803,0.3395877463146365,hold
1458,2025-11-21,0,-1,-0.004167936312968,0.004167936312968,0.34100312641394026,hold
1459,2025-11-24,0,-1,-0.002877529180069,0.002877529180069,0.3419843728606911,hold
1460,2025-11-25,-1,-1,0.0123817835303625,-0.0123817835303625,0.3377499963851633,hold
1461,2025-11-26,0,-1,0.0003911422381892,-0.0003911422381892,0.3376178880956288,hold
1462,2025-11-27,-1,-1,-0.0004806903583736,0.0004806903583736,0.33778017775925084,hold
1463,2025-11-28,-1,-1,-0.0010380212747401,0.0010380212747401,0.33813080076995045,hold
1464,2025-12-01,-1,-1,-0.0054841133969418,0.0054841133969418,0.3399851484243716,hold
1465,2025-12-02,0,-1,-0.0017746951904364,0.0017746951904364,0.3405885184321002,hold
1466,2025-12-03,-1,-1,0.0018375278996383,-0.0018375278996383,0.33996267752718473,hold
1467,2025-12-04,-1,-1,0.0058654330916598,-0.0058654330916598,0.3379686491884875,hold
1468,2025-12-05,0,-1,-0.0086265394598917,0.0086265394598917,0.3408841490769183,hold
1469,2025-12-08,0,-1,-0.0046570811090926,0.0046570811090926,0.34247167420797353,hold
1470,2025-12-09,1,1,-0.0031598875909956,-0.0031598875909956,0.34104703054016827,flip
1471,2025-12-10,1,1,0.0054565875164998,0.0054565875164998,0.3429079835095531,hold
1472,2025-12-11,1,1,0.0057299900196514,0.0057299900196514,0.3448728428327216,hold
1473,2025-12-12,1,1,-0.0007543469807149,-0.0007543469807149,0.3446126890450002,hold
1474,2025-12-15,-1,-1,-0.0064240688375742,0.0064240688375742,0.3464818919926819,flip
1475,2025-12-16,0,-1,-0.0016066770334456,0.0016066770334456,0.3470385764910513,hold
1476,2025-12-17,-1,-1,-0.0001161955225689,0.0001161955225689,0.3470789008197982,hold
1477,2025-12-18,0,-1,0.0058433620360547,-0.0058433620360547,0.3450507931472322,hold
1478,2025-12-19,0,-1,0.0079333291061156,-0.0079333291061156,0.342313391646869,hold
1479,2025-12-22,0,-1,0.0001814888939914,-0.0001814888939914,0.3422512655680206,hold
1480,2025-12-23,1,1,-0.0013389838361685,-0.0013389838361685,0.3414507453899488,flip
1481,2025-12-24,0,1,-0.003817552133005,-0.003817552133005,0.3401472393685692,hold
1482,2025-12-26,0,1,-0.0038476313101776,-0.0038476313101776,0.3388384782003042,hold
1483,2025-12-29,0,1,-0.0001252789885528,-0.0001252789885528,0.33879602885847254,hold
1484,2025-12-30,0,1,0.007353834224439,0.007353834224439,0.341287478690596,hold
1485,2025-12-31,0,1,0.0006487344669803,0.0006487344669803,0.3415088836411714,hold
1486,2026-01-01,-1,-1,0.0069607651702385,-0.0069607651702385,0.3387902116149537,flip
1487,2026-01-02,0,-1,-0.002972058760474,0.002972058760474,0.33979711603134677,hold
1488,2026-01-05,0,-1,-0.0027276473171363,0.0027276473171363,0.34072396272326033,hold
