date,signal,position,market_return,pnl,equity,action
2020-01-01,-1,-1,0.0081838863379848,-0.0081838863379848,0.9908161136620152,enter
2020-01-02,0,-1,-0.0045227893866035,0.0045227893866035,0.9952973662649615,hold
2020-01-03,-1,-1,-0.0191058530729412,0.0191058530729412,1.0143133715087052,hold
2020-01-06,0,-1,0.0049945920012428,-0.0049945920012428,1.0092472900566143,hold
2020-01-07,1,1,-0.0022899444111396,-0.0022899444111396,1.004917675285178,flip
2020-01-08,-1,-1,0.0158457581226116,-0.0158457581226116,0.9869841575189017,flip
2020-01-09,1,1,0.0033480474426501,0.0033480474426501,0.9883146589883812,flip
2020-01-10,0,1,0.0059354808073293,0.0059354808073293,0.994180781678409,hold
2020-01-13,1,1,0.0026562202609821,0.0026562202609821,0.9968215448137822,hold
2020-01-14,0,1,-0.0015369308543056,-0.0015369308543056,0.9952894990253213,hold
2020-01-15,0,1,0.0009884063018437,0.0009884063018437,0.9962732494383167,hold
2020-01-16,0,1,-0.0002549788049855,-0.0002549788049855,0.9960192208757359,hold
2020-01-17,-1,-1,-0.0103461939411514,0.0103461939411514,1.0043321904622793,flip
2020-01-20,0,-1,-0.0044746183856623,0.0044746183856623,1.0088261937470344,hold
2020-01-21,1,1,-0.0051725551893021,-0.0051725551893021,1.0015903321959703,flip
2020-01-22,1,1,0.0060667236352978,0.0060667236352978,1.0076667039371894,hold
2020-01-23,1,1,0.0055745847042631,0.0055745847042631,1.013284027331953,hold
2020-01-24,1,1,-0.0105525279121506,-0.0105525279121506,1.0025913193505962,hold
2020-01-27,0,1,-0.0052149678449129,-0.0052149678449129,0.997362837858594,hold
2020-01-28,0,1,0.0061132563999481,0.0061132563999481,1.0034599726102036,hold
2020-01-29,1,1,-0.007724984155365,-0.007724984155365,0.9957082602212467,hold
2020-01-30,-1,-1,-0.0061234148547233,0.0061234148547233,0.9998139784524137,flip
2020-01-31,0,-1,-0.0212503847193161,0.0212503847193161,1.0210604101422776,hold
2020-02-03,0,-1,0.0232108226866707,-0.0232108226866707,0.9973607580100858,hold
2020-02-04,0,-1,0.0091405004678344,-0.0091405004678344,0.9882443815348949,hold
2020-02-05,1,1,0.0040366612301674,0.0040366612301674,0.9902571005526978,flip
2020-02-06,0,1,-0.0032625431230384,-0.0032625431230384,0.9870263440592496,hold
2020-02-07,0,1,-0.0055255147630383,-0.0055255147630383,0.9815725154236425,hold
2020-02-10,1,1,0.0063500303889789,0.0063500303889789,0.9878055307255692,hold
2020-02-11,0,1,0.0077056964194832,0.0077056964194832,0.995417260266827,hold
2020-02-12,0,1,-0.0021759994314084,-0.0021759994314084,0.9932512328744723,hold
2020-02-13,1,1,-0.0050268544351488,-0.0050268544351488,0.9882583035092801,hold
2020-02-14,-1,-1,-0.0055847334602637,0.0055847334602637,0.9918009461172532,flip
2020-02-17,1,1,-0.0044247626186481,-0.0044247626186481,0.9854288604734993,flip
2020-02-18,1,1,0.011123651500938,0.011123651500938,0.9963904276963731,hold
2020-02-19,1,1,-0.0037152524595064,-0.0037152524595064,0.9926885857092455,hold
2020-02-20,1,1,-0.0208138687990014,-0.0208138687990014,0.972026895728027,hold
2020-02-24,0,1,-0.0026628568617023,-0.0026628568617023,0.9694385272389785,hold
2020-02-25,0,1,-0.0101204779385897,-0.0101204779385897,0.9596273460112376,hold
2020-02-26,0,1,-0.0038703767874727,-0.0038703767874727,0.9559132266066116,hold
2020-02-27,1,1,-0.0370960786649383,-0.0370960786649383,0.9204525943555577,hold
2020-02-28,1,1,-0.0061597518244916,-0.0061597518244916,0.9147828348081181,hold
2020-03-02,1,1,0.0153196474085468,0.0153196474085468,0.9287969852927694,hold
2020-03-03,-1,-1,-0.0046269501465237,0.0046269501465237,0.931236888669375,flip
2020-03-04,1,1,0.0015998577904186,0.0015998577904186,0.9308642614830992,flip
2020-03-05,-1,-1,-0.0248069753028219,0.0248069753028219,0.9520944597050238,flip
2020-03-06,1,1,-0.0489560433359516,-0.0489560433359516,0.9035794931563752,flip
2020-03-09,1,1,0.0006649981756232,0.0006649981756232,0.9041803718708548,hold
2020-03-11,1,1,-0.0830193880106471,-0.0830193880106471,0.8291158707468971,hold
2020-03-12,1,1,0.0380650761268936,0.0380650761268936,0.8606762294848934,hold
2020-03-13,1,1,-0.0761210010667908,-0.0761210010667908,0.7951606933021124,hold
2020-03-16,1,1,-0.0250451840905282,-0.0250451840905282,0.7752457473568088,hold
2020-03-17,1,1,-0.055564540272715,-0.055564540272715,0.7321695738065505,hold
2020-03-18,1,1,-0.0242477817531284,-0.0242477817531284,0.7144160857746082,hold
2020-03-19,1,1,0.0583291468584656,0.0583291468584656,0.7560873665598056,hold
2020-03-20,-1,-1,-0.1298046607047124,0.1298046607047124,0.852718855906101,flip
2020-03-23,1,1,0.0250714240251634,0.0250714240251634,0.8723922942049629,flip
2020-03-24,1,1,0.0662474689466749,0.0662474689466749,0.9301860756246247,hold
2020-03-25,1,1,0.0389043564303894,0.0389043564303894,0.9663743662573103,hold
2020-03-26,1,1,0.0021755381634551,0.0021755381634551,0.9684767505712879,hold
2020-03-27,1,1,-0.0437805364308189,-0.0437805364308189,0.9260763189105005,hold
2020-03-30,-1,-1,0.0382377227133605,-0.0382377227133605,0.8888131167787702,flip
2020-03-31,-1,-1,-0.0400046750966822,0.0400046750966822,0.9243697967371743,hold
2020-04-01,1,1,-0.0205965741867707,-0.0205965741867707,0.9034822060491926,flip
2020-04-03,1,1,0.0876321046711503,0.0876321046711503,0.9826562532982173,hold
2020-04-07,1,1,-0.0049419024075071,-0.0049419024075071,0.9778000619942908,hold
2020-04-08,-1,-1,0.0415088316188025,-0.0415088316188025,0.9352571237401266,flip
2020-04-09,-1,-1,-0.0129556707370791,0.0129556707370791,0.9473740070898112,hold
2020-04-13,0,-1,-0.0076218535626885,0.0076218535626885,0.9545947530409471,hold
2020-04-15,-1,-1,0.0075627711647903,-0.0075627711647903,0.9473753713685888,hold
2020-04-16,-1,-1,0.0304632818768748,-0.0304632818768748,0.9185152083873787,hold
2020-04-17,-1,-1,-0.0005288143766692,0.0005288143766692,0.9190009324347633,hold
2020-04-20,-1,-1,-0.0302746671440956,0.0302746671440956,0.9468233797693393,hold
2020-04-21,-1,-1,0.0229194177887257,-0.0229194177887257,0.9251227391562724,hold
2020-04-22,-1,-1,0.0137799558770148,-0.0137799558770148,0.912374588629876,hold
2020-04-23,-1,-1,-0.0171249415723349,0.0171249415723349,0.9279989501522456,hold
2020-04-24,-1,-1,0.0139713589754586,-0.0139713589754586,0.9150335436908199,hold
2020-04-27,-1,-1,0.0106224306488902,-0.0106224306488902,0.9053136633315559,hold
2020-04-28,-1,-1,0.0183830135241964,-0.0183830135241964,0.8886712700148922,hold
2020-04-29,0,-1,0.032088303452139,-0.032088303452139,0.8601553166334566,hold
2020-04-30,-1,-1,-0.057444839013135,0.057444839013135,0.9095668003237577,hold
2020-05-04,-1,-1,-0.0094582655216011,0.0094582655216011,0.9181697246308529,hold
2020-05-05,0,-1,0.0070935934671216,-0.0070935934671216,0.9116566018705027,hold
2020-05-06,-1,-1,-0.0077501195040513,0.0077501195040513,0.9187220494816564,hold
2020-05-07,1,1,0.0057016970693835,0.0057016970693835,0.9221228801998006,flip
2020-05-08,1,1,-0.0013294930214019,-0.0013294930214019,0.9208969242656999,hold
2020-05-11,1,1,-0.0046162427183511,-0.0046162427183511,0.9166458405447064,hold
2020-05-12,1,1,0.0203337125303977,0.0203337125303977,0.9352846535585273,hold
2020-05-13,1,1,-0.0256619093732747,-0.0256619093732747,0.9112834635406937,hold
2020-05-14,1,1,-0.0006453627874545,-0.0006453627874545,0.9106953551045018,hold
2020-05-15,1,1,-0.0343225097032598,-0.0343225097032598,0.8794380049422139,hold
2020-05-18,1,1,0.0063298228402233,0.0063298228402233,0.8850046917124575,hold
2020-05-19,1,1,0.021111396826158,0.021111396826158,0.9036883769522109,hold
2020-05-20,1,1,0.0043787544510012,0.0043787544510012,0.9076454064551085,hold
2020-05-21,1,1,-0.0073575840768702,-0.0073575840768702,0.9009673290651301,hold
2020-05-22,1,1,-0.0011284338094974,-0.0011284338094974,0.8999506470697604,hold
2020-05-26,-1,-1,0.0316645047717616,-0.0316645047717616,0.8696542542171304,flip
2020-05-27,0,-1,0.0188030435364687,-0.0188030435364687,0.8533021074134105,hold
2020-05-28,0,-1,0.0095046626511057,-0.0095046626511057,0.8451917587429685,hold
2020-05-29,0,-1,0.0256620973194605,-0.0256620973194605,0.8235023655765005,hold
2020-06-01,0,-1,0.0155655279707429,-0.0155655279707429,0.8106841164711465,hold
2020-06-02,-1,-1,0.0082622880359908,-0.0082622880359908,0.8039860107946591,hold
2020-06-03,-1,-1,-0.0032251686810099,0.0032251686810099,0.8065790012966442,hold
2020-06-04,-1,-1,0.0112722762414605,-0.0112722762414605,0.797487019983467,hold
2020-06-05,-1,-1,0.0024945207587225,-0.0024945207587225,0.7954976720573066,hold
2020-06-08,-1,-1,-0.0118810323499978,0.0118810323499978,0.8049490056333675,hold
2020-06-09,-1,-1,0.0069177285262014,-0.0069177285262014,0.7993805869349601,hold
2020-06-10,-1,-1,-0.021169158460066,0.021169158460066,0.8163028012496868,hold
2020-06-11,-1,-1,0.0071602091117954,-0.0071602091117954,0.8104579024941947,hold
2020-06-12,-1,-1,-0.0159632793948444,0.0159632793948444,0.823395468429469,hold
2020-06-15,-1,-1,0.010220386061458,-0.010220386061458,0.8149800488608647,hold
2020-06-16,-1,-1,-0.0033134566648174,0.0033134566648174,0.817680449935456,hold
2020-06-17,1,1,0.0213031875518985,0.0213031875518985,0.8334642890180809,flip
2020-06-18,0,1,0.0151362754442923,0.0151362754442923,0.8460798340696398,hold
2020-06-19,-1,-1,0.0065206163504338,-0.0065206163504338,0.8388707124016938,flip
2020-06-22,-1,-1,0.0154976919912916,-0.0154976919912916,0.825870152480377,hold
2020-06-23,-1,-1,-0.0158246772335498,0.0158246772335498,0.8389392810802014,hold
2020-06-24,1,1,-0.0015913572989929,-0.0015913572989929,0.8359263503696822,flip
2020-06-25,0,1,0.0091457401473864,0.0091457401473864,0.8435715155525164,hold
2020-06-26,0,1,-0.0067995386087835,-0.0067995386087835,0.8378356184632471,hold
2020-06-29,1,1,-0.0009988732845714,-0.0009988732845714,0.8369987268471017,hold
2020-06-30,1,1,0.0124198173347171,0.0124198173347171,0.8473940981439336,hold
2020-07-01,1,1,0.0116634525148986,0.0116634525148986,0.8572776389690407,hold
2020-07-02,0,1,0.0052739760448483,0.0052739760448483,0.8617989007007476,hold
2020-07-03,0,1,0.014735139974255,0.014735139974255,0.8744976281322322,hold
2020-07-06,1,1,0.0033445902359812,0.0033445902359812,0.877422464360672,hold
2020-07-07,-1,-1,-0.008694762073642,0.008694762073642,0.8832965989976352,flip
2020-07-08,-1,-1,0.0100600327219018,-0.0100600327219018,0.8744106063085745,hold
2020-07-09,-1,-1,-0.0041985110954393,0.0041985110954393,0.8780818289411307,hold
2020-07-10,-1,-1,0.0032178891492418,-0.0032178891492418,0.8752562589516346,hold
2020-07-13,-1,-1,-0.0180834960154004,0.0180834960154004,0.8910839520228407,hold
2020-07-14,-1,-1,0.0010229309240368,-0.0010229309240368,0.8901724346924036,hold
2020-07-15,0,-1,0.0114661616621005,-0.0114661616621005,0.8799655736490749,hold
2020-07-16,0,-1,0.0150605912558696,-0.0150605912558696,0.8667127718251094,hold
2020-07-17,1,1,0.0110533217609316,0.0110533217609316,0.8745594014227511,flip
2020-07-20,1,1,0.0127061568657644,0.0127061568657644,0.8856716903656577,hold
2020-07-21,1,1,-0.0026563094918139,-0.0026563094918139,0.8833190722479085,hold
2020-07-22,1,1,0.0074421598588463,0.0074421598588463,0.8898928739899453,hold
2020-07-23,1,1,-0.0018991484351116,-0.0018991484351116,0.8882028353308903,hold
2020-07-24,1,1,-0.0055699256988469,-0.0055699256988469,0.8832556115325921,hold
2020-07-27,1,1,0.0151592736988444,0.0151592736988444,0.8966451250938549,hold
2020-07-28,1,1,-0.0086456143286032,-0.0086456143286032,0.8888930771526712,hold
2020-07-29,1,1,-0.0089887146807479,-0.0089887146807479,0.8809030709004538,hold
2020-07-30,0,1,-0.0025851023723058,-0.0025851023723058,0.8786258462820976,hold
2020-07-31,-1,-1,-0.0164222155452939,0.0164222155452939,0.8912975776208444,flip
2020-08-03,0,-1,0.0186979321613793,-0.0186979321613793,0.8746321559788882,hold
2020-08-04,-1,-1,0.0005768586219327,-0.0005768586219327,0.8741276168786922,hold
2020-08-05,-1,-1,0.0088725546683743,-0.0088725546683743,0.8663718718108002,hold
2020-08-06,1,1,0.001241002448872,0.001241002448872,0.8657142976817297,flip
2020-08-07,0,1,0.005002705259437,0.005002705259437,0.8700452111519119,hold
2020-08-10,0,1,0.0046449787767293,0.0046449787767293,0.8740865526925076,hold
2020-08-11,0,1,-0.0012452735151247,-0.0012452735151247,0.872998075858513,hold
2020-08-12,-1,-1,-0.000703034473301,0.000703034473301,0.8718658274492499,flip
2020-08-13,-1,-1,-0.0108004373788689,0.0108004373788689,0.8812823597213911,hold
2020-08-14,-1,-1,0.0061457110453491,-0.0061457110453491,0.8758662529891801,hold
2020-08-17,0,-1,0.0122920579350753,-0.0122920579350753,0.8651000542640598,hold
2020-08-18,1,1,0.0020246002135075,0.0020246002135075,0.8651213359101001,flip
2020-08-19,0,1,-0.008432399987605,-0.008432399987605,0.857826286767895,hold
2020-08-20,-1,-1,0.0052509160938571,-0.0052509160938571,0.851606260339436,flip
2020-08-21,0,-1,0.0083410064718865,-0.0083410064718865,0.8445030070104457,hold
2020-08-24,1,1,0.0005058064691958,0.0005058064691958,0.843241156080626,flip
2020-08-25,0,1,0.0067423225064831,0.0067423225064831,0.8489265599056612,hold
2020-08-26,0,1,0.0008355606212675,0.0008355606212675,0.8496358895094666,hold
2020-08-27,0,1,0.0076431956549949,0.0076431956549949,0.856129822848493,hold
2020-08-28,0,1,-0.0223307478019462,-0.0223307478019462,0.8370118036887384,hold
2020-08-31,-1,-1,0.0072667398463226,-0.0072667398463226,0.8292554330556535,flip
2020-09-01,1,1,0.0056450382511279,0.0056450382511279,0.832278100829097,flip
2020-09-02,1,1,-0.0006545127600779,-0.0006545127600779,0.831733364192171,hold
2020-09-03,-1,-1,-0.0167947449485598,0.0167947449485598,0.8440386471806017,flip
2020-09-04,0,-1,0.0018705202595032,-0.0018705202595032,0.8424598557912467,hold
2020-09-07,-1,-1,-0.0033201259317187,0.0033201259317187,0.8452569286048911,hold
2020-09-08,1,1,-0.0034769279675166,-0.0034769279675166,0.8406275172928778,flip
2020-09-09,1,1,0.0151844298634509,0.0151844298634509,0.8533919668704983,hold
2020-09-10,1,1,0.0013276149365679,0.0013276149365679,0.8545249427924627,hold
2020-09-11,-1,-1,-0.0021283524468515,0.0021283524468515,0.8546346231597657,flip
2020-09-14,0,-1,0.0071459479106903,-0.0071459479106903,0.8485274486599935,hold
2020-09-15,0,-1,0.0071820376506051,-0.0071820376506051,0.8424332925761455,hold
2020-09-16,1,1,-0.0076220272911209,-0.0076220272911209,0.834327376444029,flip
2020-09-17,-1,-1,-0.0009681588767627,0.0009681588767627,0.8334664831467714,flip
2020-09-18,-1,-1,-0.0221122548386738,0.0221122548386738,0.8518963064216061,hold
2020-09-21,0,-1,-0.0086128603263573,0.0086128603263573,0.8592335703213551,hold
2020-09-22,-1,-1,-0.0019545871070447,0.0019545871070447,0.8609130171798453,hold
2020-09-23,-1,-1,-0.0293122720965164,0.0293122720965164,0.8861483337908538,hold
2020-09-24,1,1,0.0226457884823545,0.0226457884823545,0.9044435648542907,flip
2020-09-25,-1,-1,0.0160448681873712,-0.0160448681873712,0.8881229999435789,flip
2020-09-28,1,1,-0.0004586409458945,-0.0004586409458945,0.8859394243709269,flip
2020-09-29,-1,-1,0.0022410013176423,-0.0022410013176423,0.8821821541048186,flip
2020-09-30,-1,-1,0.0150610927327836,-0.0150610927327836,0.8688955268746392,hold
2020-10-01,0,-1,0.0075676439490797,-0.0075676439490797,0.8623200348983039,hold
2020-10-05,0,-1,0.0138264754746197,-0.0138264754746197,0.8503971880845093,hold
2020-10-06,0,-1,0.0065551872847253,-0.0065551872847253,0.8448226752502116,hold
2020-10-07,-1,-1,0.0081566766068399,-0.0081566766068399,0.8379317298980703,hold
2020-10-08,1,1,0.0067260903253916,0.0067260903253916,0.8418918709400802,flip
2020-10-09,0,1,0.0014058853909966,0.0014058853909966,0.8430754744222337,hold
2020-10-12,-1,-1,0.0002975290843887,-0.0002975290843887,0.8411384839994138,flip
2020-10-13,-1,-1,0.0030625333853533,-0.0030625333853533,0.8385624693104601,hold
2020-10-14,-1,-1,-0.0242836008583533,0.0242836008583533,0.8589257856099904,hold
2020-10-15,-1,-1,0.007028949362235,-0.007028949362235,0.8528884397570199,hold
2020-10-16,-1,-1,0.0094027696218492,-0.0094027696218492,0.8448689262448462,hold
2020-10-19,1,1,0.0020003285078973,0.0020003285078973,0.8448692037909606,flip
2020-10-20,1,1,0.0034337457642519,0.0034337457642519,0.8477702698408247,hold
2020-10-21,-1,-1,-0.0034512817819539,0.0034512817819539,0.8490006233887268,flip
2020-10-22,1,1,0.0028495402835257,0.0028495402835257,0.8497218836190341,flip
2020-10-23,-1,-1,-0.0136290733045432,0.0136290733045432,0.8596033616921144,flip
2020-10-26,0,-1,0.0103376083469652,-0.0103376083469652,0.8507171188052066,hold
2020-10-27,0,-1,-0.0134406089457635,0.0134406089457635,0.8621512749225341,hold
2020-10-28,0,-1,-0.0050129421843609,0.0050129421843609,0.8664731894178939,hold
2020-10-29,0,-1,-0.0024333734223676,0.0024333734223676,0.8685816422482174,hold
2020-10-30,0,-1,0.0022976361491175,-0.0022976361491175,0.8665859576685281,hold
2020-11-02,1,1,0.0123701901631991,0.0123701901631991,0.8755726188423087,flip
2020-11-03,-1,-1,0.008041647267956,-0.008041647267956,0.8667804274464138,flip
2020-11-04,0,-1,0.0177855989156905,-0.0177855989156905,0.8513642184158811,hold
2020-11-05,0,-1,0.0118190145712895,-0.0118190145712895,0.8413019323129493,hold
2020-11-06,0,-1,0.0161046355374614,-0.0161046355374614,0.8277530713160871,hold
2020-11-09,0,-1,0.0136465071043638,-0.0136465071043638,0.8164571331477132,hold
2020-11-10,0,-1,0.0093460415087203,-0.0093460415087203,0.8088264908912238,hold
2020-11-11,-1,-1,-0.0045768215253314,0.0045768215253314,0.8125283453849931,hold
2020-11-12,-1,-1,0.0022969703307613,-0.0022969703307613,0.8106619918827412,hold
2020-11-13,-1,-1,0.0121266198083733,-0.0121266198083733,0.8008314021140807,hold
2020-11-17,-1,-1,0.0049750511655721,-0.0049750511655721,0.7968472249135663,hold
2020-11-18,0,-1,-0.0128726686134137,0.0128726686134137,0.807104775175397,hold
2020-11-19,0,-1,0.0068393094137191,-0.0068393094137191,0.8015847358886823,hold
2020-11-20,-1,-1,0.005241475198302,-0.005241475198302,0.7973832493761843,hold
2020-11-23,-1,-1,0.0099563448098976,-0.0099563448098976,0.7894442267997585,hold
2020-11-24,-1,-1,-0.0150706804680923,0.0150706804680923,0.8013416884892377,hold
2020-11-25,0,-1,0.0100012136399767,-0.0100012136399767,0.7933272990640371,hold
2020-11-26,-1,-1,-0.0013898363507738,0.0013898363507738,0.7944298941823376,hold
2020-11-27,-1,-1,0.0108026946873185,-0.0108026946873185,0.785847910585007,hold
2020-12-01,-1,-1,0.0003585458429504,-0.0003585458429504,0.7855661480834756,hold
2020-12-02,-1,-1,0.00153658492994,-0.00153658492994,0.7843590589788595,hold
2020-12-03,0,-1,0.0094906623588735,-0.0094906623588735,0.7769149719819674,hold
2020-12-04,0,-1,0.0073311332494399,-0.0073311332494399,0.7712193047988827,hold
2020-12-07,0,-1,0.0027853318093331,-0.0027853318093331,0.7690712031372546,hold
2020-12-08,0,-1,0.0101657522858669,-0.0101657522858669,0.7612530157959677,hold
2020-12-09,0,-1,-0.0037548548058806,0.0037548548058806,0.7641114103408203,hold
2020-12-10,1,1,0.0026375585350264,0.0026375585350264,0.7645985760921942,flip
2020-12-11,0,1,0.0032781762806703,0.0032781762806703,0.767105065008574,hold
2020-12-14,-1,-1,0.0007153791977927,-0.0007153791977927,0.7650220838725282,flip
2020-12-15,-1,-1,0.008464907059269,-0.008464907059269,0.758546243034259,hold
2020-12-16,0,-1,0.0042389293905504,-0.0042389293905504,0.7553308190705695,hold
2020-12-17,0,-1,0.0014445849987885,-0.0014445849987885,0.7542396795002175,hold
2020-12-18,-1,-1,-0.0314049525779333,0.0314049525779333,0.7779265408673174,hold
2020-12-21,0,-1,0.0103462838766079,-0.0103462838766079,0.7698778920403565,hold
2020-12-22,0,-1,0.0100101591857162,-0.0100101591857162,0.7621712917874689,hold
2020-12-23,0,-1,0.0108925303747413,-0.0108925303747413,0.7538693178409182,hold
2020-12-24,-1,-1,0.0090150513891666,-0.0090150513891666,0.7470731471998663,hold
2020-12-28,0,-1,0.0042815942411449,-0.0042815942411449,0.7438744831151013,hold
2020-12-29,-1,-1,0.0035420946069744,-0.0035420946069744,0.7412396093201934,hold
2020-12-30,0,-1,-1.4318125132972703e-05,1.4318125132972703e-05,0.7412502224816733,hold
2020-12-31,0,-1,0.0026284263414808,-0.0026284263414808,0.739301900871274,hold
2021-01-01,0,-1,0.0081606727271106,-0.0081606727271106,0.7332687000117327,hold
2021-01-04,0,-1,0.0047123808655142,-0.0047123808655142,0.7298132586205169,hold
2021-01-05,0,-1,-0.0037501320469031,0.0037501320469031,0.7325501547099246,hold
2021-01-06,1,1,-0.000629169612088,-0.000629169612088,0.7306241561038308,flip
2021-01-07,-1,-1,0.014847223590326,-0.014847223590326,0.7183151675854563,flip
2021-01-08,-1,-1,0.0095837181341371,-0.0095837181341371,0.7114310374878419,hold
2021-01-11,0,-1,0.0054333140242324,-0.0054333140242324,0.707565609254585,hold
2021-01-12,0,-1,9.609083312889231e-05,-9.609083312889231e-05,0.7074976186856984,hold
2021-01-13,-1,-1,0.002111247340323,-0.002111247340323,0.7060039162199634,hold
2021-01-14,-1,-1,-0.0110923441582015,0.0110923441582015,0.7138351546357133,hold
2021-01-15,0,-1,-0.0105586501425666,0.0105586501425666,0.7213722902929767,hold
2021-01-18,0,-1,0.0167947308170628,-0.0167947308170628,0.709257036858618,hold
2021-01-19,-1,-1,0.008508265623863,-0.008508265623863,0.7032224895934309,hold
2021-01-20,-1,-1,-0.0037112802046228,0.0037112802046228,0.7058323452985046,hold
2021-01-21,0,-1,-0.0149721716475961,0.0149721716475961,0.7164001883267391,hold
2021-01-22,0,-1,-0.0092541693433081,0.0092541693433081,0.7230298769870926,hold
2021-01-25,0,-1,-0.0190604880418779,0.0190604880418779,0.7368111793113256,hold
2021-01-27,0,-1,-0.0107356502819043,0.0107356502819043,0.7447213264562094,hold
2021-01-28,0,-1,-0.0132404223540728,0.0132404223540728,0.7545817513545748,hold
2021-01-29,0,-1,0.0474235111013383,-0.0474235111013383,0.7187968352923438,hold
2021-02-01,-1,-1,0.0256735714819573,-0.0256735714819573,0.7003427533604611,hold
2021-02-02,-1,-1,0.0097011226717231,-0.0097011226717231,0.693548642397859,hold
2021-02-03,-1,-1,0.0071467580293813,-0.0071467580293813,0.6885920180690356,hold
2021-02-04,0,-1,0.0019199973566108,-0.0019199973566108,0.6872699232145598,hold
2021-02-05,-1,-1,0.0128348027329681,-0.0128348027329681,0.6784489493257988,hold
2021-02-08,-1,-1,-0.0004300136336804,0.0004300136336804,0.678740691623765,hold
2021-02-09,-1,-1,-0.0001853034041081,0.0001853034041081,0.6788664645844297,hold
2021-02-10,-1,-1,0.0044219246475027,-0.0044219246475027,0.6758645682323208,hold
2021-02-11,0,-1,-0.0006590524229219,0.0006590524229219,0.6763099984135814,hold
2021-02-12,-1,-1,0.0099846598415338,-0.0099846598415338,0.6695572731319935,hold
2021-02-15,-1,-1,-8.162092525865194e-05,8.162092525865194e-05,0.6696119230161401,hold
2021-02-16,-1,-1,-0.0068273186874309,0.0068273186874309,0.6741835770114747,hold
2021-02-17,-1,-1,-0.0059143128695843,0.0059143128695843,0.678170909617456,hold
2021-02-18,0,-1,-0.0090747170630297,0.0090747170630297,0.6843251187426118,hold
2021-02-19,0,-1,-0.0204281745915864,0.0204281745915864,0.698304631745694,hold
2021-02-22,0,-1,0.0021872625461001,-0.0021872625461001,0.6967772561789084,hold
2021-02-23,-1,-1,0.0186431824578623,-0.0186431824578623,0.6837871106594763,hold
2021-02-24,-1,-1,0.0076992130139501,-0.0076992130139501,0.6785224880383155,hold
2021-02-25,1,1,-0.0376356932475859,-0.0376356932475859,0.65162877884084,flip
2021-02-26,0,1,0.0159953891187234,0.0159953891187234,0.6620518347193578,hold
2021-03-01,0,1,0.0106729853417877,0.0106729853417877,0.6691179042468212,hold
2021-03-02,0,1,0.0218846987116321,0.0218846987116321,0.6837613479838216,hold
2021-03-03,0,1,-0.0108129305241382,-0.0108129305241382,0.6763678840329814,hold
2021-03-04,0,1,-0.0094591045289524,-0.0094591045289524,0.6699700495178871,hold
2021-03-05,0,1,0.0012117060677612,0.0012117060677612,0.6707818562921062,hold
2021-03-08,-1,-1,0.0095077756017913,-0.0095077756017913,0.6630626492121436,flip
2021-03-09,0,-1,0.0050600998838219,-0.0050600998838219,0.6597074859778986,hold
2021-03-10,0,-1,-0.0094795062357636,0.0094795062357636,0.665961187205006,hold
2021-03-12,0,-1,-0.006749419963093,0.006749419963093,0.6704560389365726,hold
2021-03-15,-1,-1,-0.0012759841044576,0.0012759841044576,0.6713115301849932,hold
2021-03-16,-1,-1,-0.0126857598628687,0.0126857598628687,0.679827627050095,hold
2021-03-17,0,-1,-0.0111029730717429,0.0111029730717429,0.6873757348866592,hold
2021-03-18,0,-1,0.0127869428260285,-0.0127869428260285,0.6785863006646641,hold
2021-03-19,0,-1,-0.0005154374236977,0.0005154374236977,0.6789360694392352,hold
2021-03-22,-1,-1,0.0053167399974314,-0.0053167399974314,0.6753263428831487,hold
2021-03-23,0,-1,-0.0179111769942118,0.0179111769942118,0.6874222325393825,hold
2021-03-24,0,-1,-0.0154301891468089,0.0154301891468089,0.6980292876111869,hold
2021-03-25,0,-1,0.0127330319296232,-0.0127330319296232,0.6891412584042216,hold
2021-03-26,-1,-1,0.0232848158675504,-0.0232848158675504,0.6730947310955473,hold
2021-03-30,0,-1,-0.0104006990943323,0.0104006990943323,0.6800953868556526,hold
2021-03-31,0,-1,0.0120245741669184,-0.0120245741669184,0.6719175294358278,hold
2021-04-01,0,-1,-0.015439860548026,0.015439860548026,0.6822918423900911,hold
2021-04-05,0,-1,0.0031220672452334,-0.0031220672452334,0.6801616813772751,hold
2021-04-06,-1,-1,0.0092314369658119,-0.0092314369658119,0.6738828116890802,hold
2021-04-07,1,1,0.0036945688638336,0.0036945688638336,0.6750247525196411,flip
2021-04-08,-1,-1,-0.0026187118170183,0.0026187118170183,0.6754423983108048,flip
2021-04-09,-1,-1,-0.0353255893040076,0.0353255893040076,0.6993027990720462,hold
2021-04-12,0,-1,0.0135561955060299,-0.0135561955060299,0.6898229136099115,hold
2021-04-13,0,-1,0.0052844845607746,-0.0052844845607746,0.6861775550732714,hold
2021-04-15,0,-1,0.0024962821650071,-0.0024962821650071,0.6844646622805138,hold
2021-04-16,0,-1,-0.0176769785548196,0.0176769785548196,0.6965639294371784,hold
2021-04-19,0,-1,-0.004390823034999,0.004390823034999,0.6996224183839005,hold
2021-04-20,-1,-1,0.0076767575754221,-0.0076767575754221,0.6942515866836367,hold
2021-04-22,0,-1,-0.0044981330537942,0.0044981330537942,0.6973744226933474,hold
2021-04-23,0,-1,0.0100165182871698,-0.0100165182871698,0.690389159035435,hold
2021-04-26,-1,-1,0.011601643402658,-0.011601643402658,0.6823795102032449,hold
2021-04-27,0,-1,0.014433855260107,-0.014433855260107,0.6725301431205086,hold
2021-04-28,0,-1,0.0020418099664161,-0.0020418099664161,0.6711569643715699,hold
2021-04-29,0,-1,-0.0177108120451774,0.0177108120451774,0.6830436992203667,hold
2021-04-30,0,-1,0.0002085134632017,-0.0002085134632017,0.6829012754131242,hold
2021-05-03,-1,-1,-0.0094061074234402,0.0094061074234402,0.6893247181692643,hold
2021-05-04,0,-1,0.0083709591539336,-0.0083709591539336,0.6835544091096726,hold
2021-05-05,0,-1,0.0073164109749706,-0.0073164109749706,0.6785532441288731,hold
2021-05-06,0,-1,0.0066792477481554,-0.0066792477481554,0.6740210189010217,hold
2021-05-07,0,-1,0.0080414227481215,-0.0080414227481215,0.6686009309469191,hold
2021-05-10,0,-1,-0.0061302011912188,0.0061302011912188,0.6726995891702598,hold
2021-05-11,0,-1,-0.0103866808073666,0.0103866808073666,0.679686705082218,hold
2021-05-12,0,-1,-0.0012724250884564,0.0012724250884564,0.6805515554980548,hold
2021-05-14,-1,-1,0.0167157604819725,-0.0167157604819725,0.6691756187007155,hold
2021-05-17,0,-1,0.012393443335275,-0.012393443335275,0.6608822285890006,hold
2021-05-18,0,-1,-0.0051594324081388,0.0051594324081388,0.6642920057771456,hold
2021-05-19,-1,-1,-0.0082567760609306,0.0082567760609306,0.669776916107914,hold
2021-05-20,-1,-1,0.0180631356749747,-0.0180631356749747,0.6576786448002906,hold
2021-05-21,0,-1,0.0014761086049899,-0.0014761086049899,0.6567078396933828,hold
2021-05-24,0,-1,0.0007073438653115,-0.0007073438653115,0.6562433214316737,hold
2021-05-25,-1,-1,0.0061150215048646,-0.0061150215048646,0.6522303794086952,hold
2021-05-26,0,-1,0.0023788211965458,-0.0023788211965458,0.6506788399571267,hold
2021-05-27,0,-1,0.006376433707514,-0.006376433707514,0.6465298294692581,hold
2021-05-28,0,-1,0.0095330880357249,-0.0095330880357249,0.6403664036872054,hold
2021-05-31,0,-1,-0.0005101904286871,0.0005101904286871,0.6406931124972194,hold
2021-06-01,-1,-1,8.67158252806366e-05,-8.67158252806366e-05,0.6406375542652176,hold
2021-06-02,-1,-1,0.0073284506253876,-0.0073284506253876,0.6359426735800159,hold
2021-06-03,0,-1,-0.0012810173052479,0.0012810173052479,0.6367573271500175,hold
2021-06-04,-1,-1,0.0051945814919991,-0.0051945814919991,0.6334496393235092,hold
2021-06-07,-1,-1,-0.0007333060957773,0.0007333060957773,0.633914151805393,hold
2021-06-08,-1,-1,-0.0066549769442125,0.0066549769442125,0.6381328358702679,hold
2021-06-09,-1,-1,0.006549286916079,-0.006549286916079,0.6339535208375824,hold
2021-06-10,-1,-1,0.0039141306333496,-0.0039141306333496,0.6314721439415522,hold
2021-06-11,-1,-1,0.0007911718082738,-0.0007911718082738,0.6309725409835554,hold
2021-06-14,-1,-1,0.0036302135450976,-0.0036302135450976,0.6286819759186922,hold
2021-06-15,-1,-1,-0.0064086327528081,0.0064086327528081,0.6327109678206649,hold
2021-06-16,0,-1,-0.0048295020472909,0.0048295020472909,0.6357666467350982,hold
2021-06-17,-1,-1,-0.0005130696464038,0.0005130696464038,0.6360928393037338,hold
2021-06-18,-1,-1,0.0040265882096546,-0.0040265882096546,0.6335315553767477,hold
2021-06-21,0,-1,0.0016670371193598,-0.0016670371193598,0.6324754347576489,hold
2021-06-22,0,-1,-0.0054397492312691,0.0054397492312691,0.6359159425176684,hold
2021-06-23,0,-1,0.0065978407983298,-0.0065978407983298,0.631720270367817,hold
2021-06-24,0,-1,0.0044266891189239,-0.0044266891189239,0.6289238411207762,hold
2021-06-25,0,-1,-0.0028782098242977,0.0028782098242977,0.630734015899025,hold
2021-06-28,1,1,-0.0041891404314852,-0.0041891404314852,0.6268303144997113,flip
2021-06-29,0,1,-0.0017112919035373,-0.0017112919035373,0.6257576248576162,hold
2021-06-30,-1,-1,-0.002639697229908,0.002639697229908,0.6261579202768315,flip
2021-07-01,1,1,0.0026913389867666,0.0026913389867666,0.6265908076589916,flip
2021-07-02,1,1,0.007133188273225,0.007133188273225,0.6310603978602953,hold
2021-07-05,1,1,-0.0010167521731027,-0.0010167521731027,0.6304187658294118,hold
2021-07-06,-1,-1,0.0038816171589777,-0.0038816171589777,0.626710883998968,flip
2021-07-07,0,-1,-0.0095562557277451,0.0095562557277451,0.6326998934738234,hold
2021-07-08,0,-1,-0.0024224839292732,0.0024224839292732,0.6342325987978166,hold
2021-07-09,1,1,0.0001784474449868,0.0001784474449868,0.6330773107870038,flip
2021-07-12,1,1,0.0076309854951284,0.0076309854951284,0.6379083145629143,hold
2021-07-13,1,1,0.0026308921169333,0.0026308921169333,0.6395865825190241,hold
2021-07-14,1,1,0.0044310723280038,0.0044310723280038,0.6424206369261868,hold
2021-07-15,1,1,-5.0225736783704455e-05,-5.0225736783704455e-05,0.6423883708763721,hold
2021-07-16,1,1,-0.0107389122803617,-0.0107389122803617,0.6354898185116062,hold
2021-07-19,0,1,-0.0076369809214345,-0.0076369809214345,0.6306365948918672,hold
2021-07-20,-1,-1,0.0122792331234495,-0.0122792331234495,0.6216315879372278,flip
2021-07-22,1,1,0.0020222383267853,0.0020222383267853,0.6216454119836206,flip
2021-07-23,-1,-1,-0.0019929055322251,0.0019929055322251,0.6216410017402779,flip
2021-07-26,1,1,-0.0049290812026508,-0.0049290812026508,0.6173336007603224,flip
2021-07-27,1,1,-0.0023528988583426,-0.0023528988583426,0.6158810772358769,hold
2021-07-28,0,1,0.0043954449546468,0.0043954449546468,0.6185881486094759,hold
2021-07-29,1,1,-0.0009760394990868,-0.0009760394990868,0.6179843821427661,hold
2021-07-30,-1,-1,0.0077460001364197,-0.0077460001364197,0.6119615062700975,flip
2021-08-02,1,1,0.0154609558824161,0.0154609558824161,0.6201990931077362,flip
2021-08-03,0,1,0.0079382424678022,0.0079382424678022,0.6251223838871366,hold
2021-08-04,0,1,0.0022018725316477,0.0022018725316477,0.6264988236931358,hold
2021-08-05,0,1,-0.0034612335015614,-0.0034612335015614,0.6243303649758803,hold
2021-08-06,0,1,0.0012347307242392,0.0012347307242392,0.6251012448595916,hold
2021-08-09,0,1,0.0013439090538649,0.0013439090538649,0.6259413240821406,hold
2021-08-10,-1,-1,0.0001320870680521,-0.0001320870680521,0.6246067626797057,flip
2021-08-11,-1,-1,0.0050453954843463,-0.0050453954843463,0.6214553745397894,hold
2021-08-12,-1,-1,0.0100644823408473,-0.0100644823408473,0.615200747897109,hold
2021-08-13,0,-1,0.0020540242770237,-0.0020540242770237,0.6139371106256851,hold
2021-08-16,-1,-1,0.0031122785775283,-0.0031122785775283,0.6120263673083352,hold
2021-08-17,-1,-1,-0.0027536023181795,0.0027536023181795,0.6137116445321424,hold
2021-08-18,-1,-1,-0.0071428984006249,0.0071428984006249,0.618095324456316,hold
2021-08-20,-1,-1,0.0027931806783987,-0.0027931806783987,0.616368872538636,hold
2021-08-23,-1,-1,0.0077683620836017,-0.0077683620836017,0.6115806959596946,hold
2021-08-24,-1,-1,0.0006045728309951,-0.0006045728309951,0.6112109508869562,hold
2021-08-25,-1,-1,0.0001352598309651,-0.0001352598309651,0.6111282785970552,hold
2021-08-26,-1,-1,0.00410526158848,-0.00410526158848,0.6086194371492968,hold
2021-08-27,0,-1,0.0135198365217041,-0.0135198365217041,0.6003910018551067,hold
2021-08-30,0,-1,0.0118804461754233,-0.0118804461754233,0.5932580888733587,hold
2021-08-31,1,1,-0.0032657347743637,-0.0032657347743637,0.5901341491246058,flip
2021-09-01,1,1,0.009246783727399,0.009246783727399,0.5955909919717137,hold
2021-09-02,-1,-1,0.0051902308336972,-0.0051902308336972,0.5913085552569665,flip
2021-09-03,-1,-1,0.0031287476677577,-0.0031287476677577,0.5894584999937811,hold
2021-09-06,-1,-1,-0.0009035189246697,0.0009035189246697,0.589991086903833,hold
2021-09-07,-1,-1,-0.0004953092983268,0.0004953092983268,0.5902833149751064,hold
2021-09-08,-1,-1,0.0009075978909154,-0.0009075978909154,0.5897475750833925,hold
2021-09-09,-1,-1,-0.0008030985074197,0.0008030985074197,0.5902212004806964,hold
2021-09-13,-1,-1,0.001423151293159,-0.001423151293159,0.5893812264159825,hold
2021-09-14,-1,-1,0.0080235453826236,-0.0080235453826236,0.5846522993981674,hold
2021-09-15,-1,-1,0.0062816347635072,-0.0062816347635072,0.5809797271897035,hold
2021-09-16,0,-1,-0.0025156476006126,0.0025156476006126,0.5824412674464128,hold
2021-09-17,-1,-1,-0.010705054879733,0.010705054879733,0.5886763331786479,hold
2021-09-20,-1,-1,0.0094901738624639,-0.0094901738624639,0.5830896924280647,hold
2021-09-21,-1,-1,-0.0008740239935656,0.0008740239935656,0.5835993268096477,hold
2021-09-22,-1,-1,0.0157465283671818,-0.0157465283671818,0.5744096634549714,hold
2021-09-23,-1,-1,0.0016972499684944,-0.0016972499684944,0.5734347466717695,hold
2021-09-24,-1,-1,0.0001064453827974,-0.0001064453827974,0.5733737071906507,hold
2021-09-27,1,1,-0.0059646824901542,-0.0059646824901542,0.5688069676646745,flip
2021-09-28,-1,-1,-0.0021015082285871,0.0021015082285871,0.5688647062523702,flip
2021-09-29,-1,-1,-0.0052593760207388,0.0052593760207388,0.5718565796474786,hold
2021-09-30,-1,-1,-0.0048869834497958,0.0048869834497958,0.5746512332878726,hold
2021-10-01,0,-1,0.0090804675811375,-0.0090804675811375,0.5694331313935415,hold
2021-10-04,0,-1,0.0074076609199462,-0.0074076609199462,0.5652149638395949,hold
2021-10-05,0,-1,-0.0098921448702895,0.0098921448702895,0.5708061521447516,hold
2021-10-06,0,-1,0.0081803020160375,-0.0081803020160375,0.5661367854275953,hold
2021-10-07,0,-1,0.0058936227604964,-0.0058936227604964,0.562800188783445,hold
2021-10-08,0,-1,0.0028359561343596,-0.0028359561343596,0.5612041121356458,hold
2021-10-11,0,-1,0.0025632525445875,-0.0025632525445875,0.5597656042671811,hold
2021-10-12,-1,-1,0.0094375978492116,-0.0094375978492116,0.5544827616042866,hold
2021-10-13,0,-1,0.0097347877407187,-0.0097347877407187,0.5490849896141813,hold
2021-10-14,0,-1,0.0075523961327199,-0.0075523961327199,0.5449380822620846,hold
2021-10-18,0,-1,-0.0031553077349963,0.0031553077349963,0.5466575296081403,hold
2021-10-19,-1,-1,-0.00826062521208,0.00826062521208,0.5511732625795946,hold
2021-10-20,0,-1,-0.0048449082967022,0.0048449082967022,0.5538436464923869,hold
2021-10-21,-1,-1,-0.0034766680845673,0.0034766680845673,0.5557691770219874,hold
2021-10-22,-1,-1,0.0005796333280105,-0.0005796333280105,0.5554470346843045,hold
2021-10-25,-1,-1,0.0078894808897,-0.0078894808897,0.5510648459189221,hold
2021-10-26,-1,-1,-0.0031448386638428,0.0031448386638428,0.5527978559526525,hold
2021-10-27,-1,-1,-0.0194223384240636,0.0194223384240636,0.5635344829910617,hold
2021-10-28,0,-1,-0.0103935157639054,0.0103935157639054,0.5693915875235336,hold
2021-10-29,0,-1,0.0145996550575078,-0.0145996550575078,0.5610786667530432,hold
2021-11-01,-1,-1,-0.0022700482713416,0.0022700482713416,0.5623523424105926,hold
2021-11-02,-1,-1,-0.0033400508475575,0.0033400508475575,0.564230627828487,hold
2021-11-03,0,-1,0.0049133761659847,-0.0049133761659847,0.5614583505095959,hold
2021-11-04,1,1,0.0084697040421863,0.0084697040421863,0.5650908198694071,flip
2021-11-08,0,1,-0.0013449214352717,-0.0013449214352717,0.5643308171128896,hold
2021-11-09,-1,-1,-0.0014991358050348,0.0014991358050348,0.5640481640124823,flip
2021-11-10,-1,-1,-0.007970140510272,0.007970140510272,0.5685437071342226,hold
2021-11-11,-1,-1,0.0128206066843303,-0.0128206066843303,0.5612546318822037,hold
2021-11-12,0,-1,0.0003700663573213,-0.0003700663573213,0.5610469304250534,hold
2021-11-15,-1,-1,-0.0060879819517564,0.0060879819517564,0.5644625740115694,hold
2021-11-16,1,1,-0.005586294529162,-0.005586294529162,0.5601803946744287,flip
2021-11-17,0,1,-0.0074781956434608,-0.0074781956434608,0.5559912560874223,hold
2021-11-18,0,1,-0.0196033721001568,-0.0196033721001568,0.545091952609907,hold
2021-11-22,0,1,0.0049836979327988,0.0049836979327988,0.5478085262473142,hold
2021-11-23,-1,-1,-0.0050446817378146,0.0050446817378146,0.5494764288629986,flip
2021-11-24,0,-1,0.006959452503032,-0.006959452503032,0.5456523737547909,hold
2021-11-25,-1,-1,-0.0290712541877539,0.0290712541877539,0.5615151726103677,hold
2021-11-26,0,-1,0.0016151341742889,-0.0016151341742889,0.5606082502657029,hold
2021-11-29,-1,-1,-0.004148599194972,0.004148599194972,0.5629339892014499,hold
2021-11-30,1,1,0.0108166411704213,0.0108166411704213,0.567897176186873,flip
2021-12-01,-1,-1,0.0136745711024337,-0.0136745711024337,0.5589956315198604,flip
2021-12-02,-1,-1,-0.0117776858673942,0.0117776858673942,0.5655793064691469,hold
2021-12-03,-1,-1,-0.0165409195759996,0.0165409195759996,0.5749345082913027,hold
2021-12-06,-1,-1,0.0156365485816494,-0.0156365485816494,0.565944516921139,hold
2021-12-07,-1,-1,0.0170609485278816,-0.0170609485278816,0.5562889666483106,hold
2021-12-08,-1,-1,0.0026960665936832,-0.0026960665936832,0.5547891745488955,hold
2021-12-09,-1,-1,-0.0003167708948091,0.0003167708948091,0.5549649156121478,hold
2021-12-10,-1,-1,-0.0081690551168631,0.0081690551168631,0.5594984545957087,hold
2021-12-13,0,-1,-0.0024959111813221,0.0024959111813221,0.5608949130444666,hold
2021-12-14,1,1,-0.0059740603216401,-0.0059740603216401,0.556422303173749,flip
2021-12-15,0,1,0.0015678167505297,0.0015678167505297,0.5572946713810331,hold
2021-12-16,-1,-1,-0.01525945397337,0.01525945397337,0.5646840944258141,flip
2021-12-17,0,-1,-0.0218425462793778,0.0218425462793778,0.5770182328915385,hold
2021-12-20,0,-1,0.009428705444209,-0.009428705444209,0.5715776979376662,hold
2021-12-21,-1,-1,0.0110071709945933,-0.0110071709945933,0.5652862444797704,hold
2021-12-22,-1,-1,0.0069093062126275,-0.0069093062126275,0.5613805087188735,hold
2021-12-23,-1,-1,-0.0040327548791804,0.0040327548791804,0.5636444187044862,hold
2021-12-24,0,-1,0.0048518709108285,-0.0048518709108285,0.5609096887453231,hold
2021-12-27,0,-1,0.0086034091740434,-0.0086034091740434,0.5560839531833617,hold
2021-12-28,0,-1,-0.0011402602889762,0.0011402602889762,0.5567180336325136,hold
2021-12-29,-1,-1,-0.0005606259494814,0.0005606259494814,0.5570301442087123,hold
2021-12-30,-1,-1,0.0087248317576065,-0.0087248317576065,0.552170149916576,hold
2021-12-31,0,-1,0.0156533158122078,-0.0156533158122078,0.5435268561778577,hold
2022-01-03,0,-1,0.0101868742352642,-0.0101868742352642,0.5379900164504853,hold
2022-01-04,-1,-1,0.006739585234692,-0.006739585234692,0.5343641868792038,hold
2022-01-05,-1,-1,-0.0100054174627969,0.0100054174627969,0.5397107236460983,hold
2022-01-06,-1,-1,0.0037641836511315,-0.0037641836511315,0.5376791533638093,hold
2022-01-07,-1,-1,0.0107003189218717,-0.0107003189218717,0.5319258149451745,hold
2022-01-10,0,-1,0.0029133112526023,-0.0029133112526023,0.5303761494829451,hold
2022-01-11,-1,-1,0.0086731157318304,-0.0086731157318304,0.5257761357570769,hold
2022-01-12,0,-1,0.0024956237305924,-0.0024956237305924,0.5244639963557024,hold
2022-01-13,-1,-1,-0.0001123235637506,0.0001123235637506,0.524522906020832,hold
2022-01-14,-1,-1,0.0028675682661627,-0.0028675682661627,0.5230188007806511,hold
2022-01-17,-1,-1,-0.0106536905679234,0.0106536905679234,0.5285908812453745,hold
2022-01-18,0,-1,-0.0096422404339412,0.0096422404339412,0.5336876816135312,hold
2022-01-19,0,-1,-0.010112406160797,0.010112406160797,0.5390845482130213,hold
2022-01-20,-1,-1,-0.0078757453046686,0.0078757453046686,0.5433302408124293,hold
2022-01-21,-1,-1,-0.0265679051873833,0.0265679051873833,0.5577653871357721,hold
2022-01-24,0,-1,0.0075134912216943,-0.0075134912216943,0.5535746217957626,hold
2022-01-25,-1,-1,-0.0097117329146276,0.0097117329146276,0.558950790670959,hold
2022-01-27,0,-1,-0.0004793161771092,0.0004793161771092,0.5592187048271356,hold
2022-01-28,-1,-1,0.0139107178709299,-0.0139107178709299,0.5514395711961385,hold
2022-01-31,-1,-1,0.0136679386118703,-0.0136679386118703,0.5439025289888736,hold
2022-02-01,-1,-1,0.0115578385853996,-0.0115578385853996,0.5376161913526296,hold
2022-02-02,-1,-1,-0.0123622486642295,0.0123622486642295,0.5442623363960467,hold
2022-02-03,0,-1,-0.0024998826581151,0.0024998826581151,0.5456229283722683,hold
2022-02-04,-1,-1,-0.0172811129276234,0.0172811129276234,0.55505189981337,hold
2022-02-07,-1,-1,0.0030876976246183,-0.0030876976246183,0.5533380673807764,hold
2022-02-08,-1,-1,0.0114121523303458,-0.0114121523303458,0.5470232890656479,hold
2022-02-09,-1,-1,0.008133901085124,-0.008133901085124,0.5425738557411287,hold
2022-02-10,0,-1,-0.0131262969128136,0.0131262969128136,0.5496958412687168,hold
2022-02-11,-1,-1,-0.0306162228952934,0.0306162228952934,0.5665254516696157,hold
2022-02-14,0,-1,0.0302591263839775,-0.0302591263839775,0.5493828864278048,hold
2022-02-15,-1,-1,-0.0017432697608654,0.0017432697608654,0.5503406090008514,hold
2022-02-16,-1,-1,-0.0010160147191904,0.0010160147191904,0.5508997631601644,hold
2022-02-17,-1,-1,-0.0016353356196504,0.0016353356196504,0.5518006691657171,hold
2022-02-18,0,-1,-0.004031556958107,0.004031556958107,0.5540252849929803,hold
2022-02-21,0,-1,-0.0066515660675804,0.0066515660675804,0.5577104207792212,hold
2022-02-22,0,-1,-0.0016937094155936,0.0016937094155936,0.5586550201700696,hold
2022-02-23,-1,-1,-0.0477810384708364,0.0477810384708364,0.5853481371807416,hold
2022-02-24,0,-1,0.0252616601096495,-0.0252616601096495,0.5705612714934652,hold
2022-02-25,-1,-1,0.0081340342903666,-0.0081340342903666,0.5659203065463823,hold
2022-02-28,-1,-1,-0.0111916331229355,0.0111916331229355,0.5722538789940687,hold
2022-03-02,1,1,-0.006497577228417,-0.006497577228417,0.5673911074630553,flip
2022-03-03,1,1,-0.0153170320073322,-0.0153170320073322,0.558700359709368,hold
2022-03-04,-1,-1,-0.0235266847399477,0.0235266847399477,0.570727326216927,flip
2022-03-07,1,1,0.0094747765094835,0.0094747765094835,0.5749933854282536,flip
2022-03-08,-1,-1,0.0207262900882942,-0.0207262900882942,0.5619259189521608,flip
2022-03-09,-1,-1,0.0152673871904744,-0.0152673871904744,0.553346778375155,hold
2022-03-10,1,1,0.0021421537513466,0.0021421537513466,0.5534254386954967,flip
2022-03-11,-1,-1,0.014482565042708,-0.014482565042708,0.544303567905909,flip
2022-03-14,-1,-1,-0.0123464565033122,0.0123464565033122,0.5510237882316569,hold
2022-03-15,-1,-1,0.0187451004846066,-0.0187451004846066,0.5406947919518459,hold
2022-03-16,-1,-1,0.0183619883565082,-0.0183619883565082,0.5307665604776015,hold
2022-03-17,-1,-1,-0.0098022024704637,0.0098022024704637,0.5359692417679546,hold
2022-03-21,0,-1,0.0115612232521558,-0.0115612232521558,0.5297727817075866,hold
2022-03-22,-1,-1,-0.004033935455228,0.004033935455228,0.5319098509149315,hold
2022-03-23,-1,-1,-0.0013278937068936,0.0013278937068936,0.5326161706585961,hold
2022-03-24,-1,-1,-0.0040498758909001,0.0040498758909001,0.5347732000472498,hold
2022-03-25,-1,-1,0.0040226199498629,-0.0040226199498629,0.5326220107040878,hold
2022-03-28,-1,-1,0.005998187274997,-0.005998187274997,0.5294272441370992,hold
2022-03-29,-1,-1,0.0099824655821947,-0.0099824655821947,0.5241422548942244,hold
2022-03-30,0,-1,-0.0019144771620018,0.0019144771620018,0.5251457132708596,hold
2022-03-31,-1,-1,0.0117779652585923,-0.0117779652585923,0.5189605653042567,hold
2022-04-01,-1,-1,0.0216718413399843,-0.0216718413399843,0.5077137342712743,hold
2022-04-04,-1,-1,-0.005317557796472,0.005317557796472,0.5104135313973244,hold
2022-04-05,-1,-1,-0.0083391803235717,0.0083391803235717,0.5146699618752377,hold
2022-04-06,0,-1,-0.0094397411049521,0.0094397411049521,0.5195283130698355,hold
2022-04-07,-1,-1,0.0082087593907955,-0.0082087593907955,0.5152636301511394,hold
2022-04-08,-1,-1,-0.006151497975913,0.006151497975913,0.5184332733290757,hold
2022-04-11,-1,-1,-0.0081838106412522,0.0081838106412522,0.5226760330681254,hold
2022-04-12,-1,-1,-0.0031174816283502,0.0031174816283502,0.5243054659987941,hold
2022-04-13,-1,-1,-0.0172811880101475,0.0172811880101475,0.5333660873314673,hold
2022-04-18,0,-1,-0.0125191788064678,0.0125191788064678,0.540043392748076,hold
2022-04-19,0,-1,0.010490244596548,-0.010490244596548,0.534378205465399,hold
2022-04-20,-1,-1,0.014941678252146,-0.014941678252146,0.5263936982543759,hold
2022-04-21,-1,-1,-0.0126864526051679,0.0126864526051679,0.5330717669589391,hold
2022-04-22,0,-1,-0.0126951225643019,0.0126951225643019,0.5398391783760518,hold
2022-04-25,-1,-1,0.0145601216162072,-0.0145601216162072,0.531979054285703,hold
2022-04-26,-1,-1,-0.0094414436101153,0.0094414436101153,0.5370017045285039,hold
2022-04-27,0,-1,0.0121285088909346,-0.0121285088909346,0.5304886745806829,hold
2022-04-28,-1,-1,-0.0082632403816946,0.0082632403816946,0.5348722300185097,hold
2022-04-29,1,1,-0.0019559171203674,-0.0019559171203674,0.5327563198065705,flip
2022-05-02,-1,-1,-0.0229361834519363,0.0229361834519363,0.5439102038532193,flip
2022-05-04,0,-1,0.0003028482136697,-0.0003028482136697,0.5437454816195857,hold
2022-05-05,-1,-1,-0.0162684216398562,0.0162684216398562,0.5525913623793397,hold
2022-05-06,1,1,-0.0066661826871809,-0.0066661826871809,0.5478025046816022,flip
2022-05-09,1,1,-0.0037909688880922,-0.0037909688880922,0.5457258024295353,hold
2022-05-10,1,1,-0.0044919933245182,-0.0044919933245182,0.5432744057680045,hold
2022-05-11,1,1,-0.0222117521417858,-0.0222117521417858,0.5312073293221096,hold
2022-05-12,1,1,-0.0016352232651188,-0.0016352232651188,0.5303386867386004,hold
2022-05-13,-1,-1,0.0038112305721171,-0.0038112305721171,0.5272567663486486,flip
2022-05-16,-1,-1,0.0263219359020472,-0.0263219359020472,0.5133783475408987,hold
2022-05-17,1,1,-0.0011685620062508,-0.0011685620062508,0.5117516764140488,flip
2022-05-18,-1,-1,-0.0265327253341793,0.0265327253341793,0.5243063397308205,flip
2022-05-19,-1,-1,0.0288910387942893,-0.0288910387942893,0.5091585849295656,hold
2022-05-20,-1,-1,-0.0031630222318707,0.0031630222318707,0.5107690648532456,hold
2022-05-23,1,1,-0.0055227542667355,-0.0055227542667355,0.5069266746913043,flip
2022-05-24,-1,-1,-0.0061612191843656,0.0061612191843656,0.5090361076950964,flip
2022-05-25,0,-1,0.0090073873189953,-0.0090073873189953,0.5044510223137328,hold
2022-05-26,0,-1,0.0112738471989222,-0.0112738471989222,0.49876391856882774,hold
2022-05-27,-1,-1,0.0188932050929628,-0.0188932050929628,0.48934066956233707,hold
2022-05-30,0,-1,-0.0046124339835348,0.0046124339835348,0.491597721096152,hold
2022-05-31,0,-1,-0.0037264067061659,0.0037264067061659,0.4934296141407806,hold
2022-06-01,0,-1,0.0063700049931154,-0.0063700049931154,0.4902864650349529,hold
2022-06-02,0,-1,-0.0026280502014673,0.0026280502014673,0.4915749624781647,hold
2022-06-03,-1,-1,-0.0008893953501298,0.0008893953501298,0.49201216696403305,hold
2022-06-06,-1,-1,-0.0092459460064759,0.0092459460064759,0.4965612848943117,hold
2022-06-07,-1,-1,-0.0036609606157923,0.0036609606157923,0.498379176201637,hold
2022-06-08,-1,-1,0.0074497277416889,-0.0074497277416889,0.4946663870268076,hold
2022-06-09,-1,-1,-0.0167676984141,0.0167676984141,0.5029608038200656,hold
2022-06-10,0,-1,-0.0263797491152091,0.0263797491152091,0.5162287836396229,hold
2022-06-13,0,-1,-0.0026816094559853,0.0026816094559853,0.5176131076272827,hold
2022-06-14,1,1,-0.002539344381356,-0.002539344381356,0.5152634834754587,flip
2022-06-15,-1,-1,-0.0211284478542902,0.0211284478542902,0.5251196741503389,flip
2022-06-16,1,1,-0.0043682936266399,-0.0043682936266399,0.5217755578762241,flip
2022-06-17,1,1,0.0037042135956451,0.0037042135956451,0.5237083259915845,hold
2022-06-20,-1,-1,0.018804337854487,-0.018804337854487,0.5128129210404477,flip
2022-06-21,1,1,-0.0144192650853174,-0.0144192650853174,0.5043929097507087,flip
2022-06-22,0,1,0.0093004475196092,0.0093004475196092,0.5090839895371082,hold
2022-06-23,-1,-1,0.0091664725885294,-0.0091664725885294,0.5033993171226829,flip
2022-06-24,-1,-1,0.008458990377725,-0.008458990377725,0.49914106714298884,hold
2022-06-27,-1,-1,0.0011464333961117,-0.0011464333961117,0.4985688351542453,hold
2022-06-28,-1,-1,-0.0032239710103227,0.0032239710103227,0.500176206625433,hold
2022-06-29,0,-1,-0.0011930812414028,0.0011930812414028,0.5007729574749539,hold
2022-06-30,-1,-1,-0.0017870563085186,0.0017870563085186,0.5016678669477449,hold
2022-07-01,-1,-1,0.0052881882498054,-0.0052881882498054,0.49901495282844693,hold
2022-07-04,1,1,-0.0015471713984448,-0.0015471713984448,0.49724486126037754,flip
2022-07-05,-1,-1,0.0113181897073002,-0.0113181897073002,0.49062245986713166,flip
2022-07-06,-1,-1,0.0089494920315105,-0.0089494920315105,0.48623163807207065,hold
2022-07-07,0,-1,0.0054360478665673,-0.0054360478665673,0.48358845961327146,hold
2022-07-08,0,-1,-0.0002835659276332,0.0002835659276332,0.48372558882341443,hold
2022-07-11,0,-1,-0.0097249750439381,0.0097249750439381,0.4884298081028364,hold
2022-07-12,0,-1,-0.0057072925015229,0.0057072925015229,0.491217419884142,hold
2022-07-13,0,-1,-0.0017536552323109,0.0017536552323109,0.49207884588272416,hold
2022-07-14,-1,-1,0.0069359576863876,-0.0069359576863876,0.4886658078293152,hold
2022-07-15,0,-1,0.0142873041582765,-0.0142873041582765,0.48168409080110786,hold
2022-07-18,0,-1,0.0038117642711243,-0.0038117642711243,0.4798480245938232,hold
2022-07-19,-1,-1,0.0110338885069691,-0.0110338885069691,0.4745534349901656,hold
2022-07-20,0,-1,0.005108719746296,-0.005108719746296,0.47212907448615876,hold
2022-07-21,0,-1,0.0068772959606149,-0.0068772959606149,0.4688821031093062,hold
2022-07-22,0,-1,-0.0052901993117577,0.0052901993117577,0.4713625828884706,hold
2022-07-25,-1,-1,-0.008847958067765,0.008847958067765,0.4755331792565812,hold
2022-07-26,0,-1,0.0095821774414373,-0.0095821774414373,0.4709765359536538,hold
2022-07-27,-1,-1,0.0172937311236929,-0.0172937311236929,0.462831594375303,hold
2022-07-28,-1,-1,0.0135059538264792,-0.0135059538264792,0.4565806122322344,hold
2022-07-29,-1,-1,0.0105955316684394,-0.0105955316684394,0.4517428978961323,hold
2022-08-01,-1,-1,0.0003113276638058,-0.0003113276638058,0.45160225783508945,hold
2022-08-02,-1,-1,0.0024618083588656,-0.0024618083588656,0.4504904996218685,hold
2022-08-03,-1,-1,-0.0003537116074355,0.0003537116074355,0.45064984334062413,hold
2022-08-04,-1,-1,0.0008917270739845,-0.0008917270739845,0.4502479866744304,hold
2022-08-05,-1,-1,0.0073343646716481,-0.0073343646716481,0.44694570374748477,hold
2022-08-08,-1,-1,0.0005506610997998,-0.0005506610997998,0.44669958813470834,hold
2022-08-10,-1,-1,0.0070859293688247,-0.0070859293688247,0.44353430640410274,hold
2022-08-11,0,-1,0.0022170219505635,-0.0022170219505635,0.4425509811109769,hold
2022-08-12,-1,-1,0.0071815193435313,-0.0071815193435313,0.4393727926796297,hold
2022-08-16,0,-1,0.0066759231988331,-0.0066759231988331,0.43643957366004366,hold
2022-08-17,0,-1,0.000682669936052,-0.000682669936052,0.4361416294842026,hold
2022-08-18,-1,-1,-0.011029475746944,0.011029475746944,0.44095204300883123,hold
2022-08-19,-1,-1,-0.0150773300473388,0.0150773300473388,0.4476004224963237,hold
2022-08-22,-1,-1,0.0049626821755044,-0.0049626821755044,0.44537912385785294,hold
2022-08-23,-1,-1,0.0015616110795051,-0.0015616110795051,0.4446836148834562,hold
2022-08-24,-1,-1,-0.0046861822192667,0.0046861822192667,0.4467674833327223,hold
2022-08-25,0,-1,0.0020802555293466,-0.0020802555293466,0.44583809280518716,hold
2022-08-26,1,1,-0.0140099889245538,-0.0140099889245538,0.4387002298772319,flip
2022-08-29,0,1,0.0257842637890255,0.0257842637890255,0.4500117923286926,hold
2022-08-30,0,1,-0.0121907952721076,-0.0121907952721076,0.4445257906983793,hold
2022-09-01,0,1,-0.0001910505934481,-0.0001910505934481,0.44444086378226333,hold
2022-09-02,-1,-1,0.0072038500710118,-0.0072038500710118,0.44035029670658044,flip
2022-09-05,0,-1,-0.0005774531254664,0.0005774531254664,0.4406045783617137,hold
2022-09-06,1,1,-0.0017671004916441,-0.0017671004916441,0.4389447766379466,flip
2022-09-07,-1,-1,0.0098925129655895,-0.0098925129655895,0.4337246201906021,flip
2022-09-08,0,-1,0.0019439347917691,-0.0019439347917691,0.4328814878113667,hold
2022-09-09,1,1,0.005775695663245,0.005775695663245,0.43451591656759514,flip
2022-09-12,0,1,0.0074542019299801,0.0074542019299801,0.4377548859514804,hold
2022-09-13,0,1,-0.0036690976717561,-0.0036690976717561,0.43614872051863596,hold
2022-09-14,0,1,-0.0070179606679163,-0.0070179606679163,0.4330878459526742,hold
2022-09-15,-1,-1,-0.0193848531485446,0.0193848531485446,0.4406170145549809,flip
2022-09-16,0,-1,0.0052136885924867,-0.0052136885924867,0.4383197746525401,hold
2022-09-19,-1,-1,0.0110088098852303,-0.0110088098852303,0.43349439558445324,hold
2022-09-20,-1,-1,-0.0054950054374517,0.0054950054374517,0.4358764496452946,hold
2022-09-21,0,-1,-0.0049975776569025,0.0049975776569025,0.4380547760512119,hold
2022-09-22,0,-1,-0.0171556772324205,0.0171556772324205,0.4455699023992667,hold
2022-09-23,0,-1,-0.0179513217622564,0.0179513217622564,0.45356847108481313,hold
2022-09-26,0,-1,-0.0005230508522044,0.0005230508522044,0.4538057104601471,hold
2022-09-27,-1,-1,-0.0087491784653945,0.0087491784653945,0.45777613760957814,hold
2022-09-28,1,1,-0.0024023347691036,-0.0024023347691036,0.4557608538025136,flip
2022-09-29,1,1,0.016425755966269,0.016425755966269,0.4632470703660521,hold
2022-09-30,-1,-1,-0.0121092644487904,0.0121092644487904,0.4679301575055099,flip
2022-10-03,-1,-1,0.0229136709327191,-0.0229136709327191,0.45720815985693325,hold
2022-10-04,1,1,0.0033286441360573,0.0033286441360573,0.4578156267974847,flip
2022-10-06,-1,-1,-0.0009895331040011,0.0009895331040011,0.45735301926213484,flip
2022-10-07,-1,-1,-0.0042536458411471,0.0042536458411471,0.45929843703045525,hold
2022-10-10,0,-1,-0.0149323831999303,0.0149323831999303,0.46615685729532313,hold
2022-10-11,-1,-1,0.0082461453396196,-0.0082461453396196,0.4623128600990056,hold
2022-10-12,-1,-1,-0.0063800837728176,0.0063800837728176,0.4652624548756881,hold
2022-10-13,0,-1,0.0100708880038873,-0.0100708880038873,0.4605768488002214,hold
2022-10-14,-1,-1,0.0073375869608156,-0.0073375869608156,0.45719732612001135,hold
2022-10-17,-1,-1,0.010117285874136,-0.010117285874136,0.4525717300707646,hold
2022-10-18,0,-1,0.0014468379208691,-0.0014468379208691,0.4519169321297849,hold
2022-10-19,0,-1,0.002952174549244,-0.002952174549244,0.45058279446437893,hold
2022-10-20,-1,-1,0.0007032337856462,-0.0007032337856462,0.4502659294200807,hold
2022-10-21,-1,-1,0.0087873563767617,-0.0087873563767617,0.44630928223395266,hold
2022-10-24,0,-1,-0.004196122026705,0.004196122026705,0.44818205044385745,hold
2022-10-25,-1,-1,0.0045649078749665,-0.0045649078749665,0.4461361406723676,hold
2022-10-27,0,-1,0.0028106052447454,-0.0028106052447454,0.4448822280955234,hold
2022-10-28,-1,-1,0.0126722303955641,-0.0126722303955641,0.43924457800220507,hold
2022-10-31,-1,-1,0.0073950532223929,-0.0073950532223929,0.43599634097023127,hold
2022-11-01,0,-1,-0.0034471976315451,0.0034471976315451,0.43749930652418617,hold
2022-11-02,-1,-1,-0.0016673473084335,0.0016673473084335,0.43822876981536074,hold
2022-11-03,-1,-1,0.0035701681556883,-0.0035701681556883,0.43666421941645944,hold
2022-11-04,-1,-1,0.0047275862251119,-0.0047275862251119,0.43459985166774695,hold
2022-11-07,-1,-1,-0.0025161392359563,0.0025161392359563,0.43569336540646897,hold
2022-11-09,-1,-1,-0.0070937259046097,0.0070937259046097,0.43878405471911947,hold
2022-11-10,0,-1,0.0178331732470333,-0.0178331732470333,0.43095914265327767,hold
2022-11-11,0,-1,-0.0011198455015547,0.0011198455015547,0.4314417503105318,hold
2022-11-14,-1,-1,0.0040509242609507,-0.0040509242609507,0.42969401245701183,hold
2022-11-15,-1,-1,0.0003396111515991,-0.0003396111515991,0.4295480835786061,hold
2022-11-16,-1,-1,-0.0035714963948192,0.0035714963948192,0.4310822130105086,hold
2022-11-17,-1,-1,-0.0019761337135545,0.0019761337135545,0.4319340891049523,hold
2022-11-18,-1,-1,-0.0080677295405768,0.0080677295405768,0.4354188165152065,hold
2022-11-21,0,-1,0.0046393301536886,-0.0046393301536886,0.4333987648702641,hold
2022-11-22,-1,-1,0.0012634580983039,-0.0012634580983039,0.43285118369099385,hold
2022-11-23,-1,-1,0.0118709498898301,-0.0118709498898301,0.4277128289796444,hold
2022-11-24,0,-1,0.0015500019600884,-0.0015500019600884,0.427049873256371,hold
2022-11-25,0,-1,0.0027008413120686,-0.0027008413120686,0.42589647931636654,hold
2022-11-28,0,-1,0.0029791265437502,-0.0029791265437502,0.42462767980994537,hold
2022-11-29,0,-1,0.0075356346254191,-0.0075356346254191,0.42142784076305817,hold
2022-11-30,0,-1,0.0028867353340049,-0.0028867353340049,0.42021129012439407,hold
2022-12-01,0,-1,-0.006187396179402,0.006187396179402,0.4228113038554513,hold
2022-12-02,-1,-1,0.0002648237856262,-0.0002648237856262,0.42269933336535875,hold
2022-12-05,-1,-1,-0.0031175136590962,0.0031175136590962,0.42401710431081613,hold
2022-12-06,0,-1,-0.0044119027503989,0.0044119027503989,0.42588782653954116,hold
2022-12-07,0,-1,0.0026319123609277,-0.0026319123609277,0.4247669271045031,hold
2022-12-08,-1,-1,-0.0060587824059793,0.0060587824059793,0.4273404974890857,hold
2022-12-09,0,-1,2.977743269738653e-05,-2.977743269738653e-05,0.42732777238618286,hold
2022-12-12,1,1,0.0059927938646799,0.0059927938646799,0.4290340040939738,flip
2022-12-13,1,1,0.0028106610731943,0.0028106610731943,0.43023987326835744,hold
2022-12-14,-1,-1,-0.0131509343553336,0.0131509343553336,0.4350374498522199,flip
2022-12-15,0,-1,-0.0079229530179417,0.0079229530179417,0.4384842311284442,hold
2022-12-16,0,-1,0.0082899566889265,-0.0082899566889265,0.43484921584361214,hold
2022-12-19,1,1,-0.0019081205394395,-0.0019081205394395,0.4331497726916146,flip
2022-12-20,1,1,-0.0101277196435586,-0.0101277196435586,0.42876295323012276,hold
2022-12-21,0,1,-0.0039425027358517,-0.0039425027358517,0.42707255411398115,hold
2022-12-22,0,1,-0.0176831602541178,-0.0176831602541178,0.41952056169944824,hold
2022-12-23,0,1,0.0116696328935068,0.0116696328935068,0.4244162126457586,hold
2022-12-26,-1,-1,0.0065336546149905,-0.0065336546149905,0.42079439127403734,flip
2022-12-27,-1,-1,-0.0005405150382313,0.0005405150382313,0.42102183697052437,hold
2022-12-28,-1,-1,0.0037798317009243,-0.0037798317009243,0.4194304452843618,hold
2022-12-29,-1,-1,-0.0047110779368918,0.0047110779368918,0.4214064148012016,hold
2022-12-30,1,1,0.0050895833553579,0.0050895833553579,0.42270838504621244,flip
2023-01-02,0,1,0.0019289276248581,0.0019289276248581,0.42352375892738725,hold
2023-01-03,-1,-1,-0.0103990694870288,0.0103990694870288,0.427080964408026,flip
2023-01-04,0,-1,-0.0028154392892826,0.0028154392892826,0.428283384934925,hold
2023-01-05,1,1,-0.0073755037054461,-0.0073755037054461,0.4242680124724866,flip
2023-01-06,0,1,0.0135362517084902,0.0135362517084902,0.43001101108117507,hold
2023-01-09,0,1,-0.0103335047509585,-0.0103335047509585,0.4255674902552033,hold
2023-01-10,0,1,-0.0010299775022909,-0.0010299775022909,0.42512916531453404,hold
2023-01-11,-1,-1,-0.0020954755408891,0.0020954755408891,0.4251697547515402,flip
2023-01-12,-1,-1,0.0055100959183882,-0.0055100959183882,0.4228270286212616,hold
2023-01-13,0,-1,-0.0034388470725693,0.0034388470725693,0.424281066110839,hold
2023-01-16,1,1,0.0088545685118242,0.0088545685118242,0.42718932974676554,flip
2023-01-17,1,1,0.00620655632356,0.00620655632356,0.4298407043826627,hold
2023-01-18,0,1,-0.003165367099256,-0.003165367099256,0.4284801007590888,hold
2023-01-19,1,1,-0.0044289753051891,-0.0044289753051891,0.4265823729740619,hold
2023-01-20,1,1,0.0050422760956287,0.0050422760956287,0.4287333190761256,hold
2023-01-23,0,1,-1.3798013043020418e-05,-1.3798013043020418e-05,0.42872740340819704,hold
2023-01-24,1,1,-0.0124929796250122,-0.0124929796250122,0.4233713206927341,hold
2023-01-25,0,1,-0.0160742469061787,-0.0160742469061787,0.41656594555092413,hold
2023-01-27,0,1,0.0025334426073457,0.0025334426073457,0.4176212914661521,hold
2023-01-30,-1,-1,0.0007479862801675,-0.0007479862801675,0.4164736738868973,flip
2023-01-31,-1,-1,-0.0025959245256645,0.0025959245256645,0.41755480811123397,hold
2023-02-01,0,-1,-0.0003349392530399,0.0003349392530399,0.41769466360676594,hold
2023-02-02,-1,-1,0.0138355963078902,-0.0138355963078902,0.4119156088611427,hold
2023-02-03,0,-1,-0.0050101331608701,0.0050101331608701,0.4139793609125779,hold
2023-02-06,0,-1,-0.0024261514654264,0.0024261514654264,0.4149837375457123,hold
2023-02-07,-1,-1,0.0084755364246817,-0.0084755364246817,0.41146652776249304,hold
2023-02-08,0,-1,0.0012170079483646,-0.0012170079483646,0.41096576972772014,hold
2023-02-09,0,-1,-0.0020649578680046,0.0020649578680046,0.41181439672739995,hold
2023-02-10,1,1,-0.0047937507000251,-0.0047937507000251,0.4090166323813528,flip
2023-02-13,1,1,0.0089443537049958,0.0089443537049958,0.41267502181259785,hold
2023-02-14,0,1,0.0047964707944361,0.0047964707944361,0.41465440550231525,hold
2023-02-15,0,1,0.0011101336008929,0.0011101336008929,0.41511472729062165,hold
2023-02-16,0,1,-0.0050815676893513,-0.0050815676893513,0.41300529370504774,hold
2023-02-17,0,1,-0.0055505184801407,-0.0055505184801407,0.41071290018994194,hold
2023-02-20,0,1,-0.001003126492992,-0.001003126492992,0.41030090319874785,hold
2023-02-21,-1,-1,-0.0152803631315826,0.0152803631315826,0.4157498481864435,flip
2023-02-22,0,-1,-0.0024524349779846,0.0024524349779846,0.41676944765622775,hold
2023-02-23,-1,-1,-0.002595429723749,0.002595429723749,0.4178511434686252,hold
2023-02-24,1,1,-0.0041854114458053,-0.0041854114458053,0.4152665622231715,flip
2023-02-27,0,1,-0.0051027157362857,-0.0051027157362857,0.413147575001362,hold
2023-02-28,0,1,0.008492348770636,0.008492348770636,0.4166561683020161,hold
2023-03-01,1,1,-0.0073921687198044,-0.0073921687198044,0.4135761756077804,hold
2023-03-02,1,1,0.0157285986298278,0.0157285986298278,0.4200811492767744,hold
2023-03-03,1,1,0.0066555236183669,0.0066555236183669,0.4228770092874167,hold
2023-03-06,0,1,0.0024250512391459,0.0024250512391459,0.42390250770279553,hold
2023-03-08,-1,-1,-0.0092822498999752,0.0092822498999752,0.42698947169711343,flip
2023-03-09,0,-1,-0.010045664635585,0.010045664635585,0.43127886473270827,hold
2023-03-10,0,-1,-0.0148510359316261,0.0148510359316261,0.4376838026494046,hold
2023-03-13,0,-1,-0.0064706805258611,0.0064706805258611,0.44051591470769297,hold
2023-03-14,0,-1,-0.0041746837386849,0.0041746837386849,0.4423549293334551,hold
2023-03-15,1,1,0.0007924286811309,0.0007924286811309,0.4418207542080317,flip
2023-03-16,-1,-1,0.0067381296219788,-0.0067381296219788,0.43796006718808145,flip
2023-03-17,-1,-1,-0.0065292432199922,0.0065292432199922,0.4408196149873965,hold
2023-03-20,-1,-1,0.007010642946744,-0.007010642946744,0.4377291860627987,hold
2023-03-21,-1,-1,0.0025953757489405,-0.0025953757489405,0.43659311434868786,hold
2023-03-22,-1,-1,-0.0043726933046436,0.0043726933046436,0.4385022021366538,hold
2023-03-23,0,-1,-0.0077209333285906,0.0077209333285906,0.4418878484037911,hold
2023-03-24,-1,-1,0.0023988383407489,-0.0023988383407489,0.440827830890729,hold
2023-03-27,-1,-1,-0.0020016838613549,0.0020016838613549,0.441710228845459,hold
2023-03-28,-1,-1,0.0076098565893214,-0.0076098565893214,0.43834887734990874,hold
2023-03-29,0,-1,0.0163371989446239,-0.0163371989446239,0.4311874845334907,hold
2023-03-31,1,1,0.0022062979737611,0.0022062979737611,0.4312764376378611,flip
2023-04-03,-1,-1,0.0091389548173612,-0.0091389548173612,0.4264724688852205,flip
2023-04-05,0,-1,0.0023978747854371,-0.0023978747854371,0.42544984130539754,hold
2023-04-06,-1,-1,0.001414863221935,-0.001414863221935,0.42484788797215645,hold
2023-04-10,-1,-1,0.0055747683219642,-0.0055747683219642,0.42247945942463583,hold
2023-04-11,0,-1,0.0050839679614469,-0.0050839679614469,0.42033158738855153,hold
2023-04-12,0,-1,0.0008757724412713,-0.0008757724412713,0.4199634725681208,hold
2023-04-13,-1,-1,-0.0067955121508301,0.0067955121508301,0.42281733944886224,hold
2023-04-17,-1,-1,-0.0026373533282438,0.0026373533282438,0.4239324581662969,hold
2023-04-18,-1,-1,-0.0023442830162407,0.0023442830162407,0.42492627582800935,hold
2023-04-19,-1,-1,0.0003234746363958,-0.0003234746363958,0.42478882295544085,hold
2023-04-20,-1,-1,-2.260708945023282e-05,2.260708945023282e-05,0.42479842619435887,hold
2023-04-21,-1,-1,0.0067719737565652,-0.0067719737565652,0.42192170240034044,hold
2023-04-24,-1,-1,0.0014568576938982,-0.0014568576938982,0.4213070225219758,hold
2023-04-25,-1,-1,0.0024958627615121,-0.0024958627615121,0.42025549801329964,hold
2023-04-26,-1,-1,0.0056951528101938,-0.0056951528101938,0.4178620787327898,hold
2023-04-27,-1,-1,0.0083700136036979,-0.0083700136036979,0.41436456744932687,hold
2023-04-28,0,-1,0.0045751669319125,-0.0045751669319125,0.4124687803825765,hold
2023-05-02,0,-1,-0.0031850283648763,0.0031850283648763,0.4137825051477209,hold
2023-05-03,0,-1,0.0091737176073036,-0.0091737176073036,0.4099865812946531,hold
2023-05-04,0,-1,-0.0102324068655403,0.0102324068655403,0.41418173080387194,hold
2023-05-05,0,-1,0.0108141231183243,-0.0108141231183243,0.4097027185735982,hold
2023-05-08,0,-1,8.480038171931881e-05,-8.480038171931881e-05,0.40966797562667173,hold
2023-05-09,-1,-1,0.0026908205008338,-0.0026908205008338,0.4085656326393204,hold
2023-05-10,-1,-1,-0.0009882342854272,0.0009882342854272,0.40896939120534187,hold
2023-05-11,-1,-1,0.0009728797753729,-0.0009728797753729,0.40857151315589163,hold
2023-05-12,-1,-1,0.0045891205221868,-0.0045891205221868,0.406696529240087,hold
2023-05-15,0,-1,-0.0061063388070606,0.0061063388070606,0.4091799560392826,hold
2023-05-16,0,-1,-0.0057282694884204,0.0057282694884204,0.4115238490967356,hold
2023-05-17,0,-1,-0.0028490536527011,0.0028490536527011,0.41269630262217827,hold
2023-05-18,-1,-1,0.0040513721791914,-0.0040513721791914,0.4110243163032796,hold
2023-05-19,-1,-1,0.0060977618257063,-0.0060977618257063,0.40851798791788846,hold
2023-05-22,0,-1,0.0018346005688616,-0.0018346005688616,0.40776852058486407,hold
2023-05-23,-1,-1,-0.0034117947119577,0.0034117947119577,0.4091597430670983,hold
2023-05-24,-1,-1,0.0019551116867164,-0.0019551116867164,0.40835979007169393,hold
2023-05-25,0,-1,0.0097264208278746,-0.0097264208278746,0.4043879109042741,hold
2023-05-26,0,-1,0.0053677985089635,-0.0053677985089635,0.4022172380790793,hold
2023-05-29,0,-1,0.0018925684396833,-0.0018925684396833,0.40145601442839424,hold
2023-05-30,-1,-1,-0.0053370195013254,0.0053370195013254,0.40359859300632295,hold
2023-05-31,0,-1,-0.0025169624936233,0.0025169624936233,0.40461443552739895,hold
2023-06-01,-1,-1,0.0025070443604549,-0.0025070443604549,0.40360004918865133,hold
2023-06-02,-1,-1,0.0032237875731377,-0.0032237875731377,0.4022989283655592,hold
2023-06-05,-1,-1,0.0002769943144211,-0.0002769943144211,0.40218749384970426,hold
2023-06-06,-1,-1,0.0068498516385289,-0.0068498516385289,0.39943256918596204,hold
2023-06-07,0,-1,-0.0049048192636628,0.0049048192636628,0.40139171374583965,hold
2023-06-08,0,-1,-0.0038181972541345,0.0038181972541345,0.40292430648509636,hold
2023-06-09,0,-1,0.0020524046550352,-0.0020524046550352,0.40209734276283954,hold
2023-06-12,-1,-1,0.0061635024393194,-0.0061635024393194,0.39961901480987694,hold
2023-06-13,0,-1,0.0021238341844009,-0.0021238341844009,0.3987702902854871,hold
2023-06-14,-1,-1,-0.0036149041015322,0.0036149041015322,0.4002118066434093,hold
2023-06-15,0,-1,0.007379048352023,-0.007379048352023,0.39725862437113707,hold
2023-06-16,0,-1,-0.0037475183921172,0.0037475183921172,0.39874735837239506,hold
2023-06-19,0,-1,0.0032657175674986,-0.0032657175674986,0.39744516211916464,hold
2023-06-20,0,-1,0.002133763746672,-0.002133763746672,0.3965971080409446,hold
2023-06-21,-1,-1,-0.0045394438174043,0.0045394438174043,0.39839743833104146,hold
2023-06-22,0,-1,-0.0056336152360657,0.0056336152360657,0.4006418562096327,hold
2023-06-23,0,-1,0.0013768299134766,-0.0013768299134766,0.4000902405174125,hold
2023-06-26,0,-1,0.0067519034171119,-0.0067519034171119,0.39738886985530986,hold
2023-06-27,1,1,0.0082210728123248,0.0082210728123248,0.3998610549494872,flip
2023-06-28,0,1,0.0114352747635688,0.0114352747635688,0.4044335759800851,hold
2023-06-30,0,1,0.0069570924336936,0.0069570924336936,0.40724725775146786,hold
2023-07-03,0,1,0.0034389465191355,0.0034389465191355,0.40864775929093977,hold
2023-07-04,-1,-1,0.0004899685388621,-0.0004899685388621,0.40763023922682884,flip
2023-07-05,-1,-1,0.0050932175812563,-0.0050932175812563,0.4055540897257471,hold
2023-07-06,-1,-1,-0.0084883544577184,0.0084883544577184,0.40899657659111655,hold
2023-07-07,-1,-1,0.0012466303397029,-0.0012466303397029,0.4084867090499035,hold
2023-07-10,-1,-1,0.0043139300324381,-0.0043139300324381,0.4067245259678813,hold
2023-07-11,-1,-1,-0.0028344294714754,0.0028344294714754,0.40787735795105656,hold
2023-07-12,-1,-1,0.0015192303855748,-0.0015192303855748,0.40725769827526936,hold
2023-07-13,-1,-1,0.0077651149314275,-0.0077651149314275,0.4040952954414533,hold
2023-07-14,-1,-1,0.0075110132510414,-0.0075110132510414,0.40106013032270904,hold
2023-07-17,0,-1,0.0019177068530324,-0.0019177068530324,0.40029101456231114,hold
2023-07-18,-1,-1,0.0042482823714824,-0.0042482823714824,0.39859046530168324,hold
2023-07-19,-1,-1,0.0073614124394989,-0.0073614124394989,0.39565627649214574,hold
2023-07-20,-1,-1,-0.011719737128305,0.011719737128305,0.4002932640457977,hold
2023-07-21,-1,-1,-0.0036794322929856,0.0036794322929856,0.4017661160081924,hold
2023-07-24,-1,-1,0.0004193703428323,-0.0004193703428323,0.40159762721438363,hold
2023-07-25,-1,-1,0.0049643391875346,-0.0049643391875346,0.3996039603759824,hold
2023-07-26,0,-1,-0.0059863783008722,0.0059863783008722,0.4019961408533198,hold
2023-07-27,0,-1,-0.0007044597937843,0.0007044597937843,0.4022793309718074,hold
2023-07-28,-1,-1,0.0054845628365591,-0.0054845628365591,0.4000730047032436,hold
2023-07-31,0,-1,-0.0010251191770254,0.0010251191770254,0.40048312721257506,hold
2023-08-01,-1,-1,-0.0104897492749598,0.0104897492749598,0.4046840948058868,hold
2023-08-02,0,-1,-0.0074206854169113,0.0074206854169113,0.40768712816666874,hold
2023-08-03,0,-1,0.0069833892701145,-0.0069833892701145,0.4048400902502658,hold
2023-08-04,1,1,0.0041144018676027,0.0041144018676027,0.4056960848931714,flip
2023-08-07,1,1,-0.0013497354646058,-0.0013497354646058,0.4051485024995393,hold
2023-08-08,-1,-1,0.0031527078847637,-0.0031527078847637,0.4030608906162097,flip
2023-08-09,-1,-1,-0.0045562684580157,0.0045562684580157,0.404897344238784,hold
2023-08-10,0,-1,-0.0058741361615907,0.0058741361615907,0.40727576637030904,hold
2023-08-11,1,1,0.0003216956578122,0.0003216956578122,0.4065922336831419,flip
2023-08-14,-1,-1,0.0015667570139761,-0.0015667570139761,0.4051420179818243,flip
2023-08-16,1,1,-0.0051245825841254,-0.0051245825841254,0.40225555021641357,flip
2023-08-17,0,1,-0.0028452826260957,-0.0028452826260957,0.4011110194881322,hold
2023-08-18,1,1,0.0043215209131937,0.0043215209131937,0.4028444291473626,hold
2023-08-21,1,1,0.0001469355577301,0.0001469355577301,0.40290362131823787,hold
2023-08-22,1,1,0.0024515199000461,0.0024515199000461,0.40389134756370015,hold
2023-08-23,-1,-1,-0.0029469646806212,0.0029469646806212,0.4042738184046515,flip
2023-08-24,-1,-1,-0.0062361537740819,0.0062361537740819,0.4067949321030581,hold
2023-08-25,0,-1,0.0020891942389009,-0.0020891942389009,0.40594505847449436,hold
2023-08-28,0,-1,0.001895758474361,-0.001895758474361,0.4051754846897664,hold
2023-08-29,1,1,0.0002480956863764,0.0002480956863764,0.4044656560103638,flip
2023-08-30,1,1,-0.0048403506033882,-0.0048403506033882,0.40250790042824425,hold
2023-08-31,1,1,0.0094267101889176,0.0094267101889176,0.406302225754331,hold
2023-09-01,0,1,0.0048108337016425,0.0048108337016425,0.40825687819504236,hold
2023-09-04,0,1,0.0023605960187407,0.0023605960187407,0.4092206077563331,hold
2023-09-05,1,1,0.0018467726478093,0.0018467726478093,0.40997634518165743,hold
2023-09-06,0,1,0.0059150323607803,0.0059150323607803,0.4124013685305614,hold
2023-09-07,0,1,0.004709190366575,0.004709190366575,0.4143434450824079,hold
2023-09-08,0,1,0.0089001434200508,0.0089001434200508,0.4180311611687993,hold
2023-09-11,0,1,-0.0001575482868895,-0.0001575482868895,0.41796530107549074,hold
2023-09-12,0,1,0.0038413452699443,0.0038413452699443,0.41957085010777795,hold
2023-09-13,0,1,0.0016492082399102,0.0016492082399102,0.42026280981100184,hold
2023-09-14,-1,-1,0.0044396138771742,-0.0044396138771742,0.4175564795888827,flip
2023-09-15,0,-1,-0.0029243168460981,0.0029243168460981,0.4187775470363419,hold
2023-09-18,-1,-1,-0.011518249945432,0.011518249945432,0.4236011314946414,hold
2023-09-20,0,-1,-0.0079919391664983,0.0079919391664983,0.42698652596840636,hold
2023-09-21,-1,-1,-0.0034494176591149,0.0034494176591149,0.4284593808312859,hold
2023-09-22,-1,-1,1.5288066889551644e-05,-1.5288066889551644e-05,0.4284528305156123,hold
2023-09-25,-1,-1,-0.0005007261720755,0.0005007261720755,0.4286673680613513,hold
2023-09-26,-1,-1,0.0026316191986632,-0.0026316191986632,0.4275392787857206,hold
2023-09-27,-1,-1,-0.0097836296667737,0.0097836296667737,0.43172216475735964,hold
2023-09-28,0,-1,0.0058775169171687,-0.0058775169171687,0.42918471043048156,hold
2023-09-29,0,-1,-0.0055784246544688,0.0055784246544688,0.431578885000468,hold
2023-10-03,-1,-1,-0.0047443072713306,0.0047443072713306,0.4336264278427285,hold
2023-10-04,1,1,0.0056415841052857,0.0056415841052857,0.4352055149499924,flip
2023-10-05,-1,-1,0.0055127073660514,-0.0055127073660514,0.4319359432720814,flip
2023-10-06,0,-1,-0.0071819467588469,0.0071819467588469,0.4350380842198938,hold
2023-10-09,0,-1,0.0090968029762401,-0.0090968029762401,0.43108062848058454,hold
2023-10-10,0,-1,0.0061706921287072,-0.0061706921287072,0.4284205626395812,hold
2023-10-11,0,-1,-0.0008757409120068,0.0008757409120068,0.4287957480538297,hold
2023-10-12,-1,-1,-0.002169809980297,0.002169809980297,0.4297261533474658,hold
2023-10-13,-1,-1,-0.0009772027556287,0.0009772027556287,0.43014608292868267,hold
2023-10-16,-1,-1,0.0040417094276989,-0.0040417094276989,0.42840755745002207,hold
2023-10-17,0,-1,-0.0070868127413371,0.0070868127413371,0.43144360158664397,hold
2023-10-18,0,-1,-0.0023588102112444,0.0023588102112444,0.4324612951596426,hold
2023-10-19,-1,-1,-0.0041808960845935,0.0041808960845935,0.43426937089531376,hold
2023-10-20,1,1,-0.0133503074255556,-0.0133503074255556,0.42760320254656803,flip
2023-10-23,0,1,-0.008277236732921,-0.008277236732921,0.42406382961133493,hold
2023-10-25,0,1,-0.0138530649123475,-0.0138530649123475,0.4181892458527504,hold
2023-10-26,0,1,0.0100757003274603,0.0100757003274603,0.42240279537412934,hold
2023-10-27,-1,-1,0.0049167407696648,-0.0049167407696648,0.41948114473814474,flip
2023-10-30,-1,-1,-0.0032026069828995,0.0032026069828995,0.42082457798147777,hold
2023-10-31,1,1,-0.0047406245729368,-0.0047406245729368,0.4179879574902401,flip
2023-11-01,-1,-1,0.0075885232572669,-0.0075885232572669,0.41398007023858746,flip
2023-11-02,-1,-1,0.0050879808383312,-0.0050879808383312,0.41187374757376255,hold
2023-11-03,-1,-1,0.0094199033989916,-0.0094199033989916,0.40799393665903705,hold
2023-11-06,0,-1,-0.0002601919584787,0.0002601919584787,0.40810009340046377,hold
2023-11-07,-1,-1,0.0018962926582819,-0.0018962926582819,0.4073262161895043,hold
2023-11-08,-1,-1,-0.002478937369815,0.002478937369815,0.4083359523685219,hold
2023-11-09,1,1,0.0015492839458333,0.0015492839458333,0.40815190879929597,flip
2023-11-10,-1,-1,0.0009369804014345,-0.0009369804014345,0.4069531746423443,flip
2023-11-13,-1,-1,0.0119267535086042,-0.0119267535086042,0.4020995444388411,hold
2023-11-15,0,-1,0.0045615222809993,-0.0045615222809993,0.40026535840770366,hold
2023-11-16,0,-1,-0.0016897597201204,0.0016897597201204,0.40094171068770057,hold
2023-11-17,1,1,-0.0019157289123818,-0.0019157289123818,0.39937173163898093,flip
2023-11-20,0,1,0.004539473475424,0.004539473475424,0.4011846690215903,hold
2023-11-21,0,1,0.0014380348265852,0.0014380348265852,0.4017615865475354,hold
2023-11-22,-1,-1,-0.0004971574875239,0.0004971574875239,0.40115780215539193,flip
2023-11-23,-1,-1,-0.0003686890844358,0.0003686890844358,0.40130570465818294,hold
2023-11-24,-1,-1,0.0047992646389904,-0.0047992646389904,0.3993797323803918,hold
2023-11-28,-1,-1,0.0104023891135545,-0.0104023891135545,0.3952252290001037,hold
2023-11-29,-1,-1,0.0018187545137213,-0.0018187545137213,0.39450641133092323,hold
2023-11-30,-1,-1,0.0066929416105065,-0.0066929416105065,0.3918660029549149,hold
2023-12-01,0,-1,0.0206681690037693,-0.0206681690037693,0.3837668501790112,hold
2023-12-04,-1,-1,0.0081355657602475,-0.0081355657602475,0.38064468973277676,hold
2023-12-05,-1,-1,0.0039606432442005,-0.0039606432442005,0.37913709191394585,hold
2023-12-06,-1,-1,-0.001745599062397,0.001745599062397,0.3797989132661107,hold
2023-12-07,-1,-1,0.0032653705047074,-0.0032653705047074,0.3785587290970116,hold
2023-12-08,-1,-1,0.0013209351833629,-0.0013209351833629,0.3780586775527782,hold
2023-12-11,-1,-1,-0.0043196070141755,0.0043196070141755,0.3796917424681051,hold
2023-12-12,-1,-1,0.0009542158562574,-0.0009542158562574,0.379329434586952,hold
2023-12-13,-1,-1,0.0122500872899569,-0.0122500872899569,0.37468261590161184,hold
2023-12-14,-1,-1,0.0129327792008919,-0.0129327792008919,0.36983692835974374,hold
2023-12-15,-1,-1,-0.0017710126840955,0.0017710126840955,0.37049191425091577,hold
2023-12-18,-1,-1,0.0016083748565725,-0.0016083748565725,0.3698960243714712,hold
2023-12-19,-1,-1,-0.0141214660942333,0.0141214660942333,0.37511949853802457,hold
2023-12-20,-1,-1,0.0049597940765233,-0.0049597940765233,0.3732589830711873,hold
2023-12-21,-1,-1,0.0044389265566107,-0.0044389265566107,0.37160211385873915,hold
2023-12-22,-1,-1,0.0043068759341071,-0.0043068759341071,0.37000166965749764,hold
2023-12-26,-1,-1,0.0099527499207277,-0.0099527499207277,0.36631913556914486,hold
2023-12-27,-1,-1,0.0057238813077962,-0.0057238813077962,0.36422236831637256,hold
2023-12-28,-1,-1,-0.0021717930740454,0.0021717930740454,0.36501338393329447,hold
2023-12-29,-1,-1,0.0004831718072126,-0.0004831718072126,0.3648370197569226,hold
2024-01-01,-1,-1,-0.003500136051024,0.003500136051024,0.366113998962522,hold
2024-01-02,-1,-1,-0.0068518663756694,0.0068518663756694,0.36862256316167513,hold
2024-01-03,-1,-1,0.0065644701863494,-0.0065644701863494,0.3662027513357846,hold
2024-01-04,-1,-1,0.0024101822286055,-0.0024101822286055,0.36532013597244867,hold
2024-01-05,-1,-1,-0.009110708685643,0.009110708685643,0.36864846130829315,hold
2024-01-08,0,-1,0.0014804820050666,-0.0014804820050666,0.36810268389513073,hold
2024-01-09,-1,-1,0.0034277152411805,-0.0034277152411805,0.36684093271522394,hold
2024-01-10,-1,-1,0.0013183031833516,-0.0013183031833516,0.3663573251458418,hold
2024-01-11,-1,-1,0.0114264926377058,-0.0114264926377058,0.36217114586729326,hold
2024-01-12,0,-1,0.0092670746948486,-0.0092670746948486,0.35881487880622215,hold
2024-01-15,0,-1,-0.0029482333845447,0.0029482333845447,0.35987274881079,hold
2024-01-16,1,1,-0.0208943935120824,-0.0208943935120824,0.35163368048524096,flip
2024-01-17,0,1,-0.0050852715087356,-0.0050852715087356,0.34984552774835753,hold
2024-01-18,-1,-1,0.0074619571864553,-0.0074619571864553,0.34653530434292973,flip
2024-01-19,0,-1,-0.0177408429427344,0.0177408429427344,0.3526831327513903,hold
2024-01-23,0,-1,0.0101299710711508,-0.0101299710711508,0.3491104628193359,hold
2024-01-24,0,-1,-0.0047240537554001,0.0047240537554001,0.35075967941226704,hold
2024-01-25,0,-1,0.0180305914522447,-0.0180305914522447,0.34443527493486414,hold
2024-01-29,0,-1,-0.0099136981024832,0.0099136981024832,0.3478499022664142,hold
2024-01-30,0,-1,0.0094600254190029,-0.0094600254190029,0.34455923334897626,hold
2024-01-31,0,-1,-0.0013003033741542,0.0013003033741542,0.3450072648826959,hold
2024-02-01,-1,-1,0.0072059881750932,-0.0072059881750932,0.3425211466116299,hold
2024-02-02,0,-1,-0.0037568550808078,0.0037568550808078,0.3438079489215619,hold
2024-02-05,-1,-1,0.0072434021015312,-0.0072434021015312,0.34131760970182035,hold
2024-02-06,0,-1,5.014315737827957e-05,-5.014315737827957e-05,0.34130049495920106,hold
2024-02-07,-1,-1,-0.0096920171108729,0.0096920171108729,0.34460838519629505,hold
2024-02-08,0,-1,0.0029722318898448,-0.0029722318898448,0.3435841291643067,hold
2024-02-09,-1,-1,-0.0076414194307357,0.0076414194307357,0.34620959960499526,hold
2024-02-12,-1,-1,0.0058844800115076,-0.0058844800115076,0.3441723361363276,hold
2024-02-13,-1,-1,0.0044519922849619,-0.0044519922849619,0.34264008355115133,hold
2024-02-14,0,-1,0.0032371361888359,-0.0032371361888359,0.34153091093694216,hold
2024-02-15,0,-1,0.0059308430222606,-0.0059308430222606,0.3395053447169255,hold
2024-02-16,0,-1,0.0037000088082788,-0.0037000088082788,0.33824917195101517,hold
2024-02-19,-1,-1,0.003376655573009,-0.003376655573009,0.3371070209994811,hold
2024-02-20,0,-1,-0.00639270001033,0.00639270001033,0.3392620450561068,hold
2024-02-21,-1,-1,0.0073633218581414,-0.0073633218581414,0.3367639494241074,hold
2024-02-22,0,-1,-0.0002137959201901,0.0002137959201901,0.33683594818256135,hold
2024-02-23,-1,-1,-0.0040809285088362,0.0040809285088362,0.3382105516063004,hold
2024-02-26,0,-1,0.0034489943486464,-0.0034489943486464,0.3370440653251577,hold
2024-02-27,-1,-1,-0.0111359278099485,0.0111359278099485,0.3407973637053902,hold
2024-02-28,0,-1,0.0014418556686905,-0.0014418556686905,0.3403059830946568,hold
2024-02-29,-1,-1,0.0161921687000685,-0.0161921687000685,0.3347956912067455,hold
2024-03-01,0,-1,0.0029925402887358,-0.0029925402887358,0.3337938016123142,hold
2024-03-04,-1,-1,-0.0022002905070378,0.0022002905070378,0.3345282449453098,hold
2024-03-05,-1,-1,0.0052669715420341,-0.0052669715420341,0.33276629419917625,hold
2024-03-06,0,-1,0.000867667346212,-0.000867667346212,0.3324775637517796,hold
2024-03-07,0,-1,-0.0071531788017711,0.0071531788017711,0.3348558352128734,hold
2024-03-11,0,-1,0.000136518866846,-0.000136518866846,0.33481012107369335,hold
2024-03-12,-1,-1,-0.0151327252704165,0.0151327252704165,0.33987671065365643,hold
2024-03-13,0,-1,0.0067712159528048,-0.0067712159528048,0.33757533204849155,hold
2024-03-14,0,-1,-0.0055674686273187,0.0055674686273187,0.3394547721190282,hold
2024-03-15,0,-1,0.0014688778023679,-0.0014688778023679,0.3389561545393547,hold
2024-03-18,0,-1,-0.0108021966402886,0.0108021966402886,0.34261762557312486,hold
2024-03-19,0,-1,0.0009923428906801,-0.0009923428906801,0.3422776314081657,hold
2024-03-20,-1,-1,0.0079146856998078,-0.0079146856998078,0.3395686115334954,hold
2024-03-21,-1,-1,0.0038524885010076,-0.0038524885010076,0.3382604273622595,hold
2024-03-22,-1,-1,-0.0041658063402989,0.0041658063402989,0.3396695547952374,hold
2024-03-26,1,1,0.0054057167831516,0.0054057167831516,0.3408263730987292,flip
2024-03-27,0,1,0.0091870010785439,0.0091870010785439,0.34395754535598344,hold
2024-03-28,0,1,0.0060509791780918,0.0060509791780918,0.3460388253010801,hold
2024-04-01,0,1,-0.0003872860275131,-0.0003872860275131,0.3459048092990639,hold
2024-04-02,0,1,-0.0008306302403686,-0.0008306302403686,0.3456174903041712,hold
2024-04-03,-1,-1,0.0035659124883635,-0.0035659124883635,0.3436938135986904,flip
2024-04-04,-1,-1,-4.224679746289706e-05,4.224679746289706e-05,0.3437083335616228,hold
2024-04-05,-1,-1,0.0067781647528144,-0.0067781647528144,0.3413786218498268,hold
2024-04-08,0,-1,-0.0010390218270411,0.0010390218270411,0.341733321689214,hold
2024-04-09,-1,-1,0.0049044741142307,-0.0049044741142307,0.3400572994590192,hold
2024-04-10,0,-1,-0.0103015928142499,0.0103015928142499,0.34356043129155944,hold
2024-04-12,0,-1,-0.010963897188301,0.010963897188301,0.3473271925382085,hold
2024-04-15,0,-1,-0.005594325260972,0.005594325260972,0.34927025382524746,hold
2024-04-16,-1,-1,-0.0068652458503182,0.0068652458503182,0.35166807998596084,hold
2024-04-18,1,1,0.0068717686886063,0.0068717686886063,0.3533813255268188,flip
2024-04-19,-1,-1,0.0085519659829773,-0.0085519659829773,0.34965245780084037,flip
2024-04-22,0,-1,0.0014147135985376,-0.0014147135985376,0.34915779971402744,hold
2024-04-23,-1,-1,0.0015379287654238,-0.0015379287654238,0.3486208198901751,hold
2024-04-24,-1,-1,0.0074969296067168,-0.0074969296067168,0.3460072341440226,hold
2024-04-25,0,-1,-0.0066636269808832,0.0066636269808832,0.34831289728504555,hold
2024-04-26,0,-1,0.0099666225688024,-0.0099666225688024,0.34484139410195946,hold
2024-04-29,0,-1,-0.0017025173156396,0.0017025173156396,0.3454284925465673,hold
2024-04-30,-1,-1,0.001917712797214,-0.001917712797214,0.34476605990588843,hold
2024-05-02,-1,-1,-0.0076098592965534,0.0076098592965534,0.34738968111199936,hold
2024-05-03,0,-1,-0.0014749338156797,0.0014749338156797,0.3479020578998896,hold
2024-05-06,-1,-1,-0.006246985595782,0.006246985595782,0.35007539704433316,hold
2024-05-07,0,-1,0.0,-0.0,0.35007539704433316,hold
2024-05-08,-1,-1,-0.0154691178119045,0.0154691178119045,0.35549075460426116,hold
2024-05-09,0,-1,0.004449469144939,-0.004449469144939,0.35390900946033843,hold
2024-05-10,-1,-1,0.0022149680905385,-0.0022149680905385,0.3531251122974297,hold
2024-05-13,-1,-1,0.0051483245877055,-0.0051483245877055,0.3513071095992526,hold
2024-05-14,0,-1,-0.0007786004689536,0.0007786004689536,0.35158063747953333,hold
2024-05-15,-1,-1,0.0091573776762647,-0.0091573776762647,0.34836108079847133,hold
2024-05-16,0,-1,0.002778540343975,-0.002778540343975,0.34739314548120204,hold
2024-05-17,0,-1,0.0028020516676037,-0.0028020516676037,0.3464197319385923,hold
2024-05-21,0,-1,0.00305161547495,-0.00305161547495,0.34536259212378045,hold
2024-05-22,0,-1,0.016366619608483,-0.016366619608483,0.3397101739514909,hold
2024-05-23,0,-1,-0.0004593757337192,0.0004593757337192,0.33986622856190174,hold
2024-05-24,-1,-1,-0.0010737589261899,0.0010737589261899,0.3402311629585306,hold
2024-05-27,-1,-1,-0.0019317094176221,0.0019317094176221,0.3408883907001861,hold
2024-05-28,-1,-1,-0.008015115627261,0.008015115627261,0.343620650567639,hold
2024-05-29,-1,-1,-0.0095155996581792,0.0095155996581792,0.3468904071127238,hold
2024-05-30,0,-1,0.0018697799732139,-0.0018697799732139,0.3462417983766044,hold
2024-05-31,-1,-1,0.0325423176953527,-0.0325423176953527,0.33497428777442273,hold
2024-06-03,-1,-1,-0.0592935994164107,0.0592935994164107,0.35483611900851686,hold
2024-06-04,0,-1,0.0336242367600356,-0.0336242367600356,0.3429050253319623,hold
2024-06-05,0,-1,0.0088880492442378,-0.0088880492442378,0.33985726858071524,hold
2024-06-06,0,-1,0.0205399314668071,-0.0205399314668071,0.3328766235755711,hold
2024-06-07,-1,-1,-0.0013289382574128,0.0013289382574128,0.3333189960556391,hold
2024-06-10,-1,-1,0.0002429314342191,-0.0002429314342191,0.33323802239387484,hold
2024-06-11,-1,-1,0.0024973129141392,-0.0024973129141392,0.3324058227770684,hold
2024-06-12,-1,-1,0.003256499474515,-0.003256499474515,0.3313233433898692,hold
2024-06-13,-1,-1,0.0028505279152657,-0.0028505279152657,0.33037889695055717,hold
2024-06-14,-1,-1,0.0039334507869606,-0.0039334507869606,0.32907936781835184,hold
2024-06-18,-1,-1,-0.0017786131162043,0.0017786131162043,0.3296646726982258,hold
2024-06-19,-1,-1,0.0021687361796223,-0.0021687361796223,0.3289497169954018,hold
2024-06-20,-1,-1,-0.0027962995130903,0.0027962995130903,0.32986955892886727,hold
2024-06-21,-1,-1,0.001563756616109,-0.001563756616109,0.3293537232236393,hold
2024-06-24,-1,-1,0.0077938798539154,-0.0077938798539154,0.32678677987539456,hold
2024-06-25,-1,-1,0.0062180401218379,-0.0062180401218379,0.32475480656684313,hold
2024-06-26,0,-1,0.0073610408985447,-0.0073610408985447,0.32236427315370564,hold
2024-06-27,0,-1,-0.0014099020825968,0.0014099020825968,0.3228187752137799,hold
2024-06-28,-1,-1,0.0054704843490753,-0.0054704843490753,0.32105280015638527,hold
2024-07-01,-1,-1,-0.0007497161563467,0.0007497161563467,0.3212934986277029,hold
2024-07-02,-1,-1,0.0067423066077227,-0.0067423066077227,0.319127239348887,hold
2024-07-03,0,-1,0.0006444070008029,-0.0006444070008029,0.31892159152170363,hold
2024-07-04,-1,-1,0.0008928929498506,-0.0008928929498506,0.3186368286810788,hold
2024-07-05,-1,-1,-0.0001356211363734,0.0001356211363734,0.3186800425698749,hold
2024-07-08,-1,-1,0.0046318209860134,-0.0046318209860134,0.3172039736608761,hold
2024-07-09,0,-1,-0.0044509111977667,0.0044509111977667,0.31861582037921937,hold
2024-07-10,-1,-1,-0.0003494426502141,0.0003494426502141,0.3187271583358929,hold
2024-07-11,-1,-1,0.007657573644356,-0.007657573644356,0.31628648164847945,hold
2024-07-12,-1,-1,0.0034506697076412,-0.0034506697076412,0.3151950814673186,hold
2024-07-15,-1,-1,0.0010697158254551,-0.0010697158254551,0.3148579123005674,hold
2024-07-16,-1,-1,0.0076321297434283,-0.0076321297434283,0.3124548758631445,hold
2024-07-18,0,-1,-0.0108846762510892,0.0108846762510892,0.3158558460299891,hold
2024-07-19,-1,-1,-0.0008825762723847,0.0008825762723847,0.3161346129051892,hold
2024-07-22,-1,-1,-0.0012321559717249,0.0012321559717249,0.31652414005634927,hold
2024-07-23,-1,-1,-0.0026778318259059,0.0026778318259059,0.3173717384722597,hold
2024-07-24,-1,-1,-0.0003031269840456,0.0003031269840456,0.31746794241016413,hold
2024-07-25,-1,-1,0.0175673297602745,-0.0175673297602745,0.31189087837752894,hold
2024-07-26,0,-1,5.03324972633834e-05,-5.03324972633834e-05,0.3118751801307465,hold
2024-07-29,0,-1,0.0008536433743,-0.0008536433743,0.31160894994961924,hold
2024-07-30,-1,-1,0.0037755350108565,-0.0037755350108565,0.31043245944938824,hold
2024-07-31,-1,-1,0.0023946791656728,-0.0023946791656728,0.3096890733063962,hold
2024-08-01,-1,-1,-0.0117229354919546,0.0117229354919546,0.31331953833533027,hold
2024-08-02,0,-1,-0.0267864578946228,0.0267864578946228,0.3217122589565123,hold
2024-08-05,0,-1,-0.0026209626510589,0.0026209626510589,0.3225554547716251,hold
2024-08-06,1,1,0.0127101624804444,0.0127101624804444,0.3260100761011829,flip
2024-08-07,-1,-1,-0.007428747813561,0.007428747813561,0.32777990258901607,flip
2024-08-08,1,1,0.0103868640378157,0.0103868640378157,0.33052894806635863,flip
2024-08-09,-1,-1,-0.0008412844977941,0.0008412844977941,0.3301459590503063,flip
2024-08-12,-1,-1,-0.0085431469996303,0.0085431469996303,0.33296644450980695,hold
2024-08-13,0,-1,0.0001967769998756,-0.0001967769998756,0.332900924371797,hold
2024-08-14,-1,-1,0.0164597624902924,-0.0164597624902924,0.32742145422383845,hold
2024-08-16,-1,-1,0.0012835584110202,-0.0012835584110202,0.32700118966232095,hold
2024-08-19,-1,-1,0.0051357593399101,-0.0051357593399101,0.325321790248351,hold
2024-08-20,0,-1,0.0028887826964991,-0.0028887826964991,0.32438200628988745,hold
2024-08-21,-1,-1,0.0016673576536574,-0.0016673576536574,0.32384114546899123,hold
2024-08-22,-1,-1,0.0004695560778267,-0.0004695560778267,0.3236890838908859,hold
2024-08-23,-1,-1,0.007551387144671,-0.007551387144671,0.32124478230392195,hold
2024-08-26,0,-1,0.000285894410237,-0.000285894410237,0.32115294021634344,hold
2024-08-27,-1,-1,0.0013830024432652,-0.0013830024432652,0.3207087849153624,hold
2024-08-28,-1,-1,0.0039756594063229,-0.0039756594063229,0.3194337560179233,hold
2024-08-29,-1,-1,0.0033377600735777,-0.0033377600735777,0.3183675627809337,hold
2024-08-30,-1,-1,0.0016959501132323,-0.0016959501132323,0.3178276272767859,hold
2024-09-02,-1,-1,4.550829989491412e-05,-4.550829989491412e-05,0.3178131634818089,hold
2024-09-03,-1,-1,-0.0032100820170585,0.0032100820170585,0.3188333698026863,hold
2024-09-04,-1,-1,-0.0021270784221717,0.0021270784221717,0.31951155338386183,hold
2024-09-05,-1,-1,-0.0116503502989019,0.0116503502989019,0.32323397490533007,hold
2024-09-06,-1,-1,0.0033900486950126,-0.0033900486950126,0.3221381959905185,hold
2024-09-09,-1,-1,0.0041986500501236,-0.0041986500501236,0.3207856504377762,hold
2024-09-10,-1,-1,-0.0048979634496194,0.0048979634496194,0.3223568468287828,hold
2024-09-11,0,-1,0.0188796328272711,-0.0188796328272711,0.3162708679212985,hold
2024-09-12,0,-1,-0.0012761636040355,0.0012761636040355,0.31667448129195636,hold
2024-09-13,-1,-1,0.0010746751326089,-0.0010746751326089,0.31633415910178003,hold
2024-09-16,0,-1,0.0013709866056039,-0.0013709866056039,0.3159004692067565,hold
2024-09-17,-1,-1,-0.0016129951842196,0.0016129951842196,0.31641001514227973,hold
2024-09-18,0,-1,0.0015072376499098,-0.0015072376499098,0.31593311005464875,hold
2024-09-19,-1,-1,0.0147604413777415,-0.0147604413777415,0.31126979790439957,hold
2024-09-20,0,-1,0.0057423850996662,-0.0057423850996662,0.30948236685493724,hold
2024-09-23,-1,-1,5.203002169906768e-05,-5.203002169906768e-05,0.3094662644806743,hold
2024-09-24,-1,-1,0.0024575565157058,-0.0024575565157058,0.30870573364600873,hold
2024-09-25,-1,-1,0.008148714241454,-0.008148714241454,0.306190178837829,hold
2024-09-26,-1,-1,-0.0014152231703233,0.0014152231703233,0.30662350627344576,hold
2024-09-27,-1,-1,-0.0140609008520233,0.0140609008520233,0.31093490899405646,hold
2024-09-30,-1,-1,-0.0005404401234794,0.0005404401234794,0.31110295069466726,hold
2024-10-01,-1,-1,-0.0211963752609873,0.0211963752609873,0.3176972055823919,hold
2024-10-03,0,-1,-0.0093266958801446,0.0093266958801446,0.32066027080083065,hold
2024-10-04,0,-1,-0.0087488751686026,0.0087488751686026,0.32346568748159743,hold
2024-10-07,0,-1,0.0087676473034692,-0.0087676473034692,0.32062965441898456,hold
2024-10-08,-1,-1,-0.0012473907279866,0.0012473907279866,0.32102960487702437,hold
2024-10-09,-1,-1,0.0006604768849507,-0.0006604768849507,0.32081757224361823,hold
2024-10-10,-1,-1,-0.0013680536120755,0.0013680536120755,0.3212564678821434,hold
2024-10-11,-1,-1,0.0065573457544287,-0.0065573457544287,0.3191498781463937,hold
2024-10-14,-1,-1,-0.0028096049048969,0.0028096049048969,0.32004656320943103,hold
2024-10-15,1,1,-0.0034340754096676,-0.0034340754096676,0.3183074060503461,flip
2024-10-16,1,1,-0.0088682273228345,-0.0088682273228345,0.3154845836149498,hold
2024-10-17,-1,-1,0.0042101739412401,-0.0042101739412401,0.31352536947492127,flip
2024-10-18,-1,-1,-0.0029351823779982,0.0029351823779982,0.31444562361445944,hold
2024-10-21,1,1,-0.0124691803378693,-0.0124691803378693,0.30989585317992807,flip
2024-10-22,1,1,-0.0014955647434917,-0.0014955647434917,0.3094323838677579,hold
2024-10-23,-1,-1,-0.0014773427748562,0.0014773427748562,0.30927065679663596,flip
2024-10-24,-1,-1,-0.0089592205494931,0.0089592205494931,0.3120414808203636,hold
2024-10-25,1,1,0.0065485676346082,0.0065485676346082,0.3134608226006783,flip
2024-10-28,-1,-1,0.0052466588480091,-0.0052466588480091,0.3111892789570749,flip
2024-10-29,-1,-1,-0.0051498252538292,0.0051498252538292,0.3127918493645689,hold
2024-10-30,1,1,-0.005566773640794,-0.005566773640794,0.31042502424374185,flip
2024-10-31,1,1,0.0040900049616161,0.0040900049616161,0.3116946641331086,hold
2024-11-01,-1,-1,-0.0127137736646451,0.0127137736646451,0.31503409021710826,flip
2024-11-04,0,-1,0.0090830588186072,-0.0090830588186072,0.31217261704579985,hold
2024-11-05,-1,-1,0.0111818707596305,-0.0111818707596305,0.3086819431872981,hold
2024-11-06,-1,-1,-0.0116280257061476,0.0116280257061476,0.3122713047577036,hold
2024-11-07,-1,-1,-0.0021137093124677,0.0021137093124677,0.3129313555225864,hold
2024-11-08,-1,-1,-0.0002856708874028,0.0002856708874028,0.3130207509006147,hold
2024-11-11,-1,-1,-0.0106809307765333,0.0106809307765333,0.3163641038726026,hold
2024-11-12,0,-1,-0.0135825623229214,0.0135825623229214,0.3206611390301874,hold
2024-11-13,1,1,-0.0011185324376894,-0.0011185324376894,0.3196611468666153,flip
2024-11-14,-1,-1,-0.0033527151631265,0.0033527151631265,0.32009355734704414,flip
2024-11-18,1,1,0.0027585814066317,0.0027585814066317,0.32033637436803025,flip
2024-11-19,-1,-1,-0.0071688079331164,0.0071688079331164,0.3219921315611295,flip
2024-11-21,1,1,0.0238694641112378,0.0238694641112378,0.3290339269264066,flip
2024-11-22,1,1,0.0131612958673623,0.0131612958673623,0.33336443978908514,hold
2024-11-25,-1,-1,-0.0011312238174179,0.0011312238174179,0.33307482070367656,flip
2024-11-26,-1,-1,0.0033230854378061,-0.0033230854378061,0.33196798461729626,hold
2024-11-27,-1,-1,-0.0148610290544929,0.0148610290544929,0.3369013704818553,hold
2024-11-28,0,-1,0.0090720019405352,-0.0090720019405352,0.333845000595075,hold
2024-11-29,-1,-1,0.0060068200049485,-0.0060068200049485,0.33183965376694846,hold
2024-12-02,-1,-1,0.0074600111445999,-0.0074600111445999,0.32936412625162687,hold
2024-12-03,0,-1,0.0004210968146538,-0.0004210968146538,0.32922543206720106,hold
2024-12-04,-1,-1,0.0098478255628851,-0.0098478255628851,0.32598327744133776,hold
2024-12-05,-1,-1,-0.0012384293961259,0.0012384293961259,0.32638698471476657,hold
2024-12-06,-1,-1,-0.0023827399277279,0.0023827399277279,0.32716468001513715,hold
2024-12-09,-1,-1,-0.00036350862139,0.00036350862139,0.32728360719693694,hold
2024-12-10,-1,-1,0.0012901233029631,-0.0012901233029631,0.32686137098861434,hold
2024-12-11,-1,-1,-0.0037781963796591,0.0037781963796591,0.3280963174371339,hold
2024-12-12,-1,-1,0.0089455478085889,-0.0089455478085889,0.32516131614367805,hold
2024-12-13,-1,-1,-0.0040394689217332,0.0040394689217332,0.3264747951747903,hold
2024-12-16,-1,-1,-0.0134687300477334,0.0134687300477334,0.3308719960583886,hold
2024-12-17,0,-1,-0.0056356998120069,0.0056356998120069,0.33273669130437317,hold
2024-12-18,-1,-1,-0.010213311567061,0.010213311567061,0.33613503480245777,hold
2024-12-19,0,-1,-0.0152055691508056,0.0152055691508056,0.34124615931815494,hold
2024-12-20,0,-1,0.0070354729729729,-0.0070354729729729,0.3388453311871413,hold
2024-12-23,-1,-1,-0.0010861087115143,0.0010861087115143,0.3392133540531996,hold
2024-12-24,-1,-1,0.0009503186263191,-0.0009503186263191,0.33889099328454664,hold
2024-12-26,-1,-1,0.002661079652128,-0.002661079652128,0.3379891773580277,hold
2024-12-27,-1,-1,-0.0070758479358679,0.0070758479358679,0.3403807373809822,hold
2024-12-30,1,1,-4.212721278373799e-06,-4.212721278373799e-06,0.3396985419770451,flip
2024-12-31,-1,-1,0.0041488871182535,-0.0041488871182535,0.3376097739881929,flip
2025-01-01,-1,-1,0.0187740331916654,-0.0187740331916654,0.33127147688550795,hold
2025-01-02,1,1,-0.0076027553276091,-0.0076027553276091,0.3280903579459607,flip
2025-01-03,-1,-1,-0.0161925959966257,0.0161925959966257,0.332746811846676,flip
2025-01-06,0,-1,0.0038892874268343,-0.0038892874268343,0.3314526638550415,hold
2025-01-07,-1,-1,-0.0007993610384197,0.0007993610384197,0.33171761420060764,hold
2025-01-08,-1,-1,-0.0068575949591475,0.0068575949591475,0.3339923992396101,hold
2025-01-09,0,-1,-0.0040379997024632,0.0040379997024632,0.3353410604483646,hold
2025-01-10,0,-1,-0.0147472753024774,0.0147472753024774,0.3402864273870213,hold
2025-01-13,1,1,0.0039028744993869,0.0039028744993869,0.34093394975218355,flip
2025-01-14,-1,-1,0.0016028803979861,-0.0016028803979861,0.3397056055076134,flip
2025-01-15,-1,-1,0.0042476507253836,-0.0042476507253836,0.3382626547459621,hold
2025-01-16,-1,-1,-0.0046586517926727,0.0046586517926727,0.33983850266888865,hold
2025-01-17,1,1,0.0061004855371675,0.0061004855371675,0.34123200553405514,flip
2025-01-20,-1,-1,-0.0137118456772935,0.0137118456772935,0.3452284621230234,flip
2025-01-21,-1,-1,0.0056764909144164,-0.0056764909144164,0.3432687758943841,hold
2025-01-22,-1,-1,0.0021593282262408,-0.0021593282262408,0.34252754593740825,hold
2025-01-23,-1,-1,-0.0048760476583936,0.0048760476583936,0.3441977265757116,hold
2025-01-24,0,-1,-0.0113912419355629,0.0113912419355629,0.3481185661528063,hold
2025-01-27,1,1,0.0056112298172781,0.0056112298172781,0.3493757022988454,flip
2025-01-28,-1,-1,0.0089666492883511,-0.0089666492883511,0.3455442215018626,flip
2025-01-29,0,-1,0.0037300875997627,-0.0037300875997627,0.34425531128606884,hold
2025-01-30,-1,-1,0.0111357401503258,-0.0111357401503258,0.34042177359421766,hold
2025-01-31,0,-1,-0.0011166221250199,0.0011166221250199,0.34080189607845146,hold
2025-02-01,-1,-1,-0.0051570919766934,0.0051570919766934,0.34255944280235956,hold
2025-02-03,0,-1,0.0161893068206311,-0.0161893068206311,0.3370136428785277,hold
2025-02-04,0,-1,-0.0018092070621439,0.0018092070621439,0.33762337034126233,hold
2025-02-05,0,-1,-0.0039226026346081,0.0039226026346081,0.3389477326632683,hold
2025-02-06,-1,-1,-0.0018387386257991,0.0018387386257991,0.3395709689514433,hold
2025-02-07,-1,-1,-0.0075700336923079,0.0075700336923079,0.3421415326273354,hold
2025-02-10,0,-1,-0.0132496849360461,0.0132496849360461,0.3466748001381835,hold
2025-02-11,0,-1,-0.0011507892904301,0.0011507892904301,0.34707374978544453,hold
2025-02-12,-1,-1,-0.0006009745771905,0.0006009745771905,0.3472823322854757,hold
2025-02-13,-1,-1,-0.0044352661537063,0.0044352661537063,0.3488226218596417,hold
2025-02-14,0,-1,0.0013192755977626,-0.0013192755977626,0.3483624286866747,hold
2025-02-17,-1,-1,-0.0006184463402948,0.0006184463402948,0.34857787215579217,hold
2025-02-18,-1,-1,-0.0005404326900405,0.0005404326900405,0.3487662550329299,hold
2025-02-19,-1,-1,-0.0008612081186238,0.0008612081186238,0.34906661536326633,hold
2025-02-20,-1,-1,-0.0051171487988824,0.0051171487988824,0.3508528411748024,hold
2025-02-21,-1,-1,-0.0106401053300685,0.0106401053300685,0.3545859523602561,hold
2025-02-24,1,1,-0.0002571160481895,-0.0002571160481895,0.3537856107167212,flip
2025-02-25,-1,-1,-0.0001108767876499,0.0001108767876499,0.3531172661073208,flip
2025-02-27,-1,-1,-0.0186449596666951,0.0186449596666951,0.35970112329150544,hold
2025-02-28,1,1,-0.0002440004922383,-0.0002440004922383,0.35889395379378064,flip
2025-03-03,-1,-1,-0.0016569416451024,0.0016569416451024,0.3587708322244095,flip
2025-03-04,-1,-1,0.0115316950692254,-0.0115316950692254,0.3546335963874654,hold
2025-03-05,-1,-1,0.009284847776867,-0.009284847776867,0.3513408774284449,hold
2025-03-06,1,1,0.0003460139864501,0.0003460139864501,0.3507597645311899,flip
2025-03-07,-1,-1,-0.0040882039130917,0.0040882039130917,0.35149222244403905,flip
2025-03-10,1,1,0.001674047455606,0.001674047455606,0.35137765265979876,flip
2025-03-11,-1,-1,-0.0012179087892316,0.0012179087892316,0.3511028432859931,flip
2025-03-12,-1,-1,-0.0032620894617386,0.0032620894617386,0.3522481721710628,hold
2025-03-13,-1,-1,0.0049805683362682,-0.0049805683362682,0.3504937760782392,hold
2025-03-17,1,1,0.0144632989948354,0.0144632989948354,0.3548620848053312,flip
2025-03-18,0,1,0.0032100316461272,0.0032100316461272,0.356001203327567,hold
2025-03-19,0,1,0.01235619558909,0.01235619558909,0.36040002382583386,hold
2025-03-20,-1,-1,0.0068885519512889,-0.0068885519512889,0.3571965894908122,flip
2025-03-21,-1,-1,0.0131881772302988,-0.0131881772302988,0.3524858175625491,hold
2025-03-24,-1,-1,0.0004353972876416,-0.0004353972876416,0.3523323461936502,hold
2025-03-25,-1,-1,-0.0076810793285454,0.0076810793285454,0.35503863889477616,hold
2025-03-26,-1,-1,0.0044748278770025,-0.0044748278770025,0.35344990209603677,hold
2025-03-27,0,-1,-0.0030773044101545,0.0030773044101545,0.35453757503852557,hold
2025-03-28,-1,-1,-0.0150365718652369,0.0150365718652369,0.3598686047645192,hold
2025-04-01,0,-1,0.0071938424586863,-0.0071938424586863,0.357279766716016,hold
2025-04-02,-1,-1,-0.0035251486188494,0.0035251486188494,0.35853923099219787,hold
2025-04-03,-1,-1,-0.0148666197750665,0.0148666197750665,0.3638694974138036,hold
2025-04-04,0,-1,-0.0324325462830553,0.0324325462830553,0.3756707117296688,hold
2025-04-07,0,-1,0.0168873189028142,-0.0168873189028142,0.3693266406182427,hold
2025-04-08,-1,-1,-0.0060658560080705,0.0060658560080705,0.37156692284017734,hold
2025-04-09,1,1,0.0191703874091904,0.0191703874091904,0.3779468708537839,flip
2025-04-11,-1,-1,0.0219023977821084,-0.0219023977821084,0.3689130344061336,flip
2025-04-15,-1,-1,0.004657316201027,-0.004657316201027,0.3671948897542239,hold
2025-04-16,-1,-1,0.0176834769379541,-0.0176834769379541,0.36070160738952045,hold
2025-04-17,-1,-1,0.0114834984640164,-0.0114834984640164,0.35655949103509466,hold
2025-04-21,-1,-1,0.0017284255654137,-0.0017284255654137,0.3559432044951987,hold
2025-04-22,-1,-1,0.0066908406521222,-0.0066908406521222,0.35356164523271555,hold
2025-04-23,-1,-1,-0.0033807460922566,0.0033807460922566,0.35475694738320784,hold
2025-04-24,-1,-1,-0.0085516633626838,0.0085516633626838,0.3577907093728024,hold
2025-04-25,-1,-1,0.0120282118827472,-0.0120282118827472,0.35348712691078793,hold
2025-04-28,-1,-1,0.0003061930965739,-0.0003061930965739,0.3533788915928001,hold
2025-04-29,-1,-1,-7.191007773188485e-05,7.191007773188485e-05,0.3534043030963634,hold
2025-04-30,-1,-1,0.0005136803511647,-0.0005136803511647,0.3532227662498457,hold
2025-05-02,-1,-1,0.0047008906976129,-0.0047008906976129,0.35156230463379673,hold
2025-05-05,0,-1,-0.0033338898599493,0.0033338898599493,0.35273437463635576,hold
2025-05-06,-1,-1,0.0014274549954715,-0.0014274549954715,0.3522308621912066,hold
2025-05-07,-1,-1,-0.0057588802970967,0.0057588802970967,0.3542593175635089,hold
2025-05-08,0,-1,-0.0109501096942064,0.0109501096942064,0.35813849595102404,hold
2025-05-09,-1,-1,0.0381830730902199,-0.0381830730902199,0.34446366758370467,hold
2025-05-12,-1,-1,-0.0138958390765435,0.0138958390765435,0.3492502792761638,hold
2025-05-13,-1,-1,0.0036027960647213,-0.0036027960647213,0.3479920017443848,hold
2025-05-14,-1,-1,0.0160214381414618,-0.0160214381414618,0.34241666941471366,hold
2025-05-15,-1,-1,-0.0016877607536591,0.0016877607536591,0.3429945868307505,hold
2025-05-16,-1,-1,-0.0029717088137536,0.0029717088137536,0.3440138668675052,hold
2025-05-19,-1,-1,-0.0104848313546668,0.0104848313546668,0.34762079424527775,hold
2025-05-20,-1,-1,0.0052483127088862,-0.0052483127088862,0.34579637161296717,hold
2025-05-21,-1,-1,-0.0082112727740422,0.0082112727740422,0.3486357999445553,hold
2025-05-22,-1,-1,0.0098924887180058,-0.0098924887180058,0.34518692422691083,hold
2025-05-23,-1,-1,0.0059549794562796,-0.0059549794562796,0.34313134318456323,hold
2025-05-26,-1,-1,-0.0069977248703164,0.0069977248703164,0.3455324819185509,hold
2025-05-27,-1,-1,-0.0029706520659956,0.0029706520659956,0.34655893869983084,hold
2025-05-28,0,-1,0.0032784792287758,-0.0032784792287758,0.3454227524177569,hold
2025-05-29,-1,-1,-0.0033382349691143,0.0033382349691143,0.34657585472900554,hold
2025-05-30,0,-1,-0.0013777230725331,0.0013777230725331,0.3470533402804486,hold
2025-06-02,-1,-1,-0.0070438333802584,0.0070438333802584,0.3494979261834462,hold
2025-06-03,0,-1,0.0031659048079861,-0.0031659048079861,0.3483914490185609,hold
2025-06-04,-1,-1,0.0053086967621067,-0.0053086967621067,0.3465419444612104,hold
2025-06-05,0,-1,0.0101875239545026,-0.0101875239545026,0.3430115401007719,hold
2025-06-06,0,-1,0.0040054487100871,-0.0040054487100871,0.3416376249699303,hold
2025-06-09,0,-1,4.18584595869298e-05,-4.18584595869298e-05,0.3416233245452121,hold
2025-06-10,0,-1,0.0014798446727146,-0.0014798446727146,0.3411177750883088,hold
2025-06-11,0,-1,-0.0100710846627866,0.0100710846627866,0.3445532010812045,hold
2025-06-12,0,-1,-0.0068144588479197,0.0068144588479197,0.3469011446908914,hold
2025-06-13,0,-1,0.0092197937677085,-0.0092197937677085,0.3437027876790594,hold
2025-06-16,0,-1,-0.0037319707924959,0.0037319707924959,0.34498547644397703,hold
2025-06-17,1,1,-0.0016637405234334,-0.0016637405234334,0.3437215391739332,flip
2025-06-18,-1,-1,-0.0007577278241026,0.0007577278241026,0.34329454346956084,flip
2025-06-19,-1,-1,0.0128724709598377,-0.0128724709598377,0.3388754944280782,hold
2025-06-20,0,-1,-0.0055948454872697,0.0055948454872697,0.3407714504588254,hold
2025-06-23,0,-1,0.0029012296868362,-0.0029012296868362,0.33978279421032803,hold
2025-06-24,-1,-1,0.0080018205204253,-0.0080018205204253,0.33706391327512836,hold
2025-06-25,0,-1,0.0120520108141297,-0.0120520108141297,0.3330016153472837,hold
2025-06-26,0,-1,0.003475704773181,-0.003475704773181,0.33184420004334414,hold
2025-06-27,-1,-1,-0.0047098423546652,0.0047098423546652,0.3334071339118583,hold
2025-06-30,-1,-1,0.0009699396772837,-0.0009699396772837,0.33308374910398775,hold
2025-07-01,-1,-1,-0.0034610085397696,0.0034610085397696,0.3342365548040951,hold
2025-07-02,-1,-1,-0.0018897125192245,0.0018897125192245,0.33486816580609086,hold
2025-07-03,-1,-1,0.0021924250859925,-0.0021924250859925,0.3341339924388773,hold
2025-07-04,-1,-1,1.1813410706551508e-05,-1.1813410706551508e-05,0.3341300451767936,hold
2025-07-07,-1,-1,0.0024036171315751,-0.0024036171315751,0.33332692447603274,hold
2025-07-08,-1,-1,-0.0018180190273288,0.0018180190273288,0.33393291916705115,hold
2025-07-09,-1,-1,-0.004743646446198,0.004743646446198,0.33551697887232645,hold
2025-07-10,0,-1,-0.008100901810276,0.008100901810276,0.33823496897385164,hold
2025-07-11,0,-1,-0.0026858541571485,0.0026858541571485,0.339143418771363,hold
2025-07-14,-1,-1,0.0045251032187942,-0.0045251032187942,0.33760875979544785,hold
2025-07-15,0,-1,0.0006449487413033,-0.0006449487413033,0.33739101945076483,hold
2025-07-16,-1,-1,-0.0039902173517283,0.0039902173517283,0.33873728295089456,hold
2025-07-17,0,-1,-0.0056965580472427,0.0056965580472427,0.34066691954598965,hold
2025-07-18,0,-1,0.0048981443028652,-0.0048981443028652,0.3389982838148408,hold
2025-07-21,0,-1,-0.0011876443882732,0.0011876443882732,0.33940089322424777,hold
2025-07-22,-1,-1,0.0063445445902445,-0.0063445445902445,0.33724754912321775,hold
2025-07-23,0,-1,-0.006256994627491,0.006256994627491,0.3393577052262163,hold
2025-07-24,0,-1,-0.0089816740370306,0.0089816740370306,0.34240570551651284,hold
2025-07-25,-1,-1,-0.0062849623293875,0.0062849623293875,0.34455771247705147,hold
2025-07-28,0,-1,0.0056804742343701,-0.0056804742343701,0.34260046126907207,hold
2025-07-29,-1,-1,0.0013678351245234,-0.0013678351245234,0.3421318403244703,hold
2025-07-30,-1,-1,-0.0034882717656889,0.0034882717656889,0.34332528916321736,hold
2025-07-31,1,1,-0.0081959437427822,-0.0081959437427822,0.3398247638294348,flip
2025-08-01,0,1,0.0064074150430544,0.0064074150430544,0.3420021621331979,hold
2025-08-04,-1,-1,-0.0029608040671041,0.0029608040671041,0.3423307592015339,flip
2025-08-05,1,1,-0.0030569142281212,-0.0030569142281212,0.34059962191460413,flip
2025-08-06,1,1,0.0008932609229541,0.0008932609229541,0.3409038662472334,hold
2025-08-07,-1,-1,-0.0094669127354072,0.0094669127354072,0.34344936566766443,flip
2025-08-08,0,-1,0.0091018044718578,-0.0091018044718578,0.3403233566953737,hold
2025-08-11,-1,-1,-0.0039719417907191,0.0039719417907191,0.3416751012581899,hold
2025-08-12,-1,-1,0.0053884535167121,-0.0053884535167121,0.33983400085724225,hold
2025-08-13,-1,-1,0.000485438164071,-0.000485438164071,0.3396690324637772,hold
2025-08-14,-1,-1,0.0099730192766349,-0.0099730192766349,0.33628150665534007,hold
2025-08-18,0,-1,0.0041685646806257,-0.0041685646806257,0.334879695443949,hold
2025-08-19,0,-1,0.0027981813736617,-0.0027981813736617,0.33394264131774026,hold
2025-08-20,-1,-1,0.0013252889742787,-0.0013252889742787,0.3335000708171603,hold
2025-08-21,-1,-1,-0.0085174820600987,0.0085174820600987,0.3363406516873871,hold
2025-08-22,0,-1,0.0039264173509054,-0.0039264173509054,0.3350200379167869,hold
2025-08-25,-1,-1,-0.0102411798720348,0.0102411798720348,0.33845103838582863,hold
2025-08-26,0,-1,-0.0085444301039235,0.0085444301039235,0.34134290962691666,hold
2025-08-28,0,-1,-0.0030223697933294,0.0030223697933294,0.3423745741261402,hold
2025-08-29,0,-1,0.0081140701746054,-0.0081140701746054,0.33959652280568003,hold
2025-09-01,0,-1,-0.0018457290617897,0.0018457290617897,0.3402233259771052,hold
2025-09-02,-1,-1,0.005510715147017,-0.005510715147017,0.3383484521412747,hold
2025-09-03,-1,-1,0.0007788776228048,-0.0007788776228048,0.3380849201031912,hold
2025-09-04,-1,-1,0.0002708473067116,-0.0002708473067116,0.33799335071314146,hold
2025-09-05,0,-1,0.0012994782193525,-0.0012994782193525,0.3375541357156038,hold
2025-09-08,0,-1,0.0038529301782352,-0.0038529301782352,0.33625356319931704,hold
2025-09-09,0,-1,0.0042020862308871,-0.0042020862308871,0.33484059673131045,hold
2025-09-10,0,-1,0.0012974116602184,-0.0012974116602184,0.3344061706367968,hold
2025-09-11,0,-1,0.0043390454100098,-0.0043390454100098,0.3329551670770162,hold
2025-09-12,0,-1,-0.0017838966811339,0.0017838966811339,0.3335491246945313,hold
2025-09-15,-1,-1,0.0067772563910986,-0.0067772563910986,0.33128857675744994,hold
2025-09-16,0,-1,0.0036114755294653,-0.0036114755294653,0.330092136169299,hold
2025-09-17,-1,-1,0.0036853015416349,-0.0036853015416349,0.3288756471109927,hold
2025-09-18,-1,-1,-0.0037976065391384,0.0037976065391384,0.33012458741902473,hold
2025-09-19,-1,-1,-0.0049236357186648,0.0049236357186648,0.33175000062925053,hold
2025-09-22,-1,-1,-0.001303434397354,0.001303434397354,0.3321824149913929,hold
2025-09-23,-1,-1,-0.0044736530076083,0.0044736530076083,0.3336684838512938,hold
2025-09-24,-1,-1,-0.0066269482123226,0.0066269482123226,0.3358796876138605,hold
2025-09-25,-1,-1,-0.0094874379272315,0.0094874379272315,0.33906632530111486,hold
2025-09-26,0,-1,-0.0008030448049409,0.0008030448049409,0.33933861075217836,hold
2025-09-29,-1,-1,-0.0009661407544825,0.0009661407544825,0.33966645961359554,hold
2025-09-30,-1,-1,0.0091503904924759,-0.0091503904924759,0.33655837887093437,hold
2025-10-01,0,-1,0.0023332467769816,-0.0023332467769816,0.3357731051181676,hold
2025-10-03,-1,-1,0.0073671787912872,-0.0073671787912872,0.3332994046194564,hold
2025-10-06,0,-1,0.0012222193924698,-0.0012222193924698,0.33289203962363184,hold
2025-10-07,-1,-1,-0.0024752925801897,0.0024752925801897,0.33371604481931644,hold
2025-10-08,0,-1,0.0054160175719368,-0.0054160175719368,0.33190863285653777,hold
2025-10-09,1,1,0.004112050167679,0.004112050167679,0.3326096405402165,flip
2025-10-10,0,1,-0.0022938183927065,-0.0022938183927065,0.3318466944291539,hold
2025-10-13,0,1,-0.0032444791324643,-0.0032444791324643,0.3307700247539012,hold
2025-10-14,-1,-1,0.0070808208725219,-0.0070808208725219,0.3277663614091114,flip
2025-10-15,0,-1,0.0103362282114798,-0.0103362282114798,0.32437849349754044,hold
2025-10-16,0,-1,0.0048679837376106,-0.0048679837376106,0.3227994242663638,hold
2025-10-17,0,-1,0.0051848137299641,-0.0051848137299641,0.32112576937940307,hold
2025-10-20,-1,-1,0.0009847568259027,-0.0009847568259027,0.32080953858603345,hold
2025-10-21,-1,-1,0.0008814076368377,-0.0008814076368377,0.32052677460875334,hold
2025-10-23,-1,-1,-0.0037174505259611,0.0037174505259611,0.32171831703560727,hold
2025-10-24,-1,-1,0.0066252915000297,-0.0066252915000297,0.3195868394043474,hold
2025-10-27,0,-1,-0.001149638146805,0.001149638146805,0.31995424862614347,hold
2025-10-28,-1,-1,0.0045381040946781,-0.0045381040946781,0.3185022629403435,hold
2025-10-29,-1,-1,-0.00675717564781,0.00675717564781,0.3206544386752564,hold
2025-10-30,-1,-1,-0.0060186608373972,0.0060186608373972,0.3225843489876487,hold
2025-10-31,0,-1,0.0016036793506921,-0.0016036793506921,0.32206702712832075,hold
2025-11-03,-1,-1,-0.0064315867797603,0.0064315867797603,0.32413842916219593,hold
2025-11-04,-1,-1,-0.0034359080045569,0.0034359080045569,0.32525213898553884,hold
2025-11-06,-1,-1,-0.0006820322478444,0.0006820322478444,0.3254739714330074,hold
2025-11-07,-1,-1,0.0032185728871263,-0.0032185728871263,0.3244264097330878,hold
2025-11-10,-1,-1,0.0047156471705849,-0.0047156471705849,0.32289652925196694,hold
2025-11-11,1,1,0.0070384090258497,0.0070384090258497,0.3245234140393656,flip
2025-11-12,0,1,0.0001294494962036,0.0001294494962036,0.32456542343181927,hold
2025-11-13,0,1,0.0011940264714482,0.0011940264714482,0.3249529631391137,hold
2025-11-14,0,1,0.0039906690408659,0.0039906690408659,0.3262497428688506,hold
2025-11-17,0,1,-0.0039748069020186,-0.0039748069020186,0.3249529631391137,hold
2025-11-18,0,1,0.0055036406751542,0.0055036406751542,0.32674138748455805,hold
2025-11-19,0,1,0.0053545415882216,0.0053545415882216,0.3284909378324374,hold
2025-11-20,0,1,-0.0047342428227803,-0.0047342428227803,0.32693578196765577,hold
2025-11-21,-1,-1,-0.004167936312968,0.004167936312968,0.3276445579213921,flip
2025-11-24,-1,-1,-0.002877529180069,0.002877529180069,0.32858736469750166,hold
2025-11-25,-1,-1,0.0123817835303625,-0.0123817835303625,0.32451886707700495,hold
2025-11-26,0,-1,0.0003911422381892,-0.0003911422381892,0.32439193404100186,hold
2025-11-27,-1,-1,-0.0004806903583736,0.0004806903583736,0.32454786611602954,hold
2025-11-28,-1,-1,-0.0010380212747401,0.0010380212747401,0.32488475370572945,hold
2025-12-01,-1,-1,-0.0054841133969418,0.0054841133969418,0.3266664585359892,hold
2025-12-02,-1,-1,-0.0017746951904364,0.0017746951904364,0.3272461919288299,hold
2025-12-03,-1,-1,0.0018375278996383,-0.0018375278996383,0.3266448679211103,hold
2025-12-04,-1,-1,0.0058654330916598,-0.0058654330916598,0.324728954303585,hold
2025-12-05,0,-1,-0.0086265394598917,0.0086265394598917,0.3275302414416542,hold
2025-12-08,0,-1,-0.0046570811090926,0.0046570811090926,0.3290555763417287,hold
2025-12-09,1,1,-0.0031598875909956,-0.0031598875909956,0.3273576865566151,flip
2025-12-10,1,1,0.0054565875164998,0.0054565875164998,0.3291439424225102,hold
2025-12-11,1,1,0.0057299900196514,0.0057299900196514,0.3310299339276199,hold
2025-12-12,1,1,-0.0007543469807149,-0.0007543469807149,0.3307802224964354,hold
2025-12-15,-1,-1,-0.0064240688375742,0.0064240688375742,0.3322436169708678,flip
2025-12-16,-1,-1,-0.0016066770334456,0.0016066770334456,0.3327774251597638,hold
2025-12-17,-1,-1,-0.0001161955225689,0.0001161955225689,0.33281609240657933,hold
2025-12-18,1,1,0.0058433620360547,0.0058433620360547,0.3340952251411229,flip
2025-12-19,0,1,0.0079333291061156,0.0079333291061156,0.3367457125149492,hold
2025-12-22,0,1,0.0001814888939914,0.0001814888939914,0.33680682812186996,hold
2025-12-23,1,1,-0.0013389838361685,-0.0013389838361685,0.3363558492231036,hold
2025-12-24,1,1,-0.003817552133005,-0.003817552133005,0.3350717932334532,hold
2025-12-26,0,1,-0.0038476313101776,-0.0038476313101776,0.3337825605106508,hold
2025-12-29,0,1,-0.0001252789885528,-0.0001252789885528,0.3337407445690735,hold
2025-12-30,0,1,0.007353834224439,0.007353834224439,0.3361950186785753,hold
2025-12-31,1,1,0.0006487344669803,0.0006487344669803,0.3364131199748192,hold
2026-01-01,-1,-1,0.0069607651702385,-0.0069607651702385,0.33339860100653756,flip
2026-01-02,0,-1,-0.002972058760474,0.002972058760474,0.33438948123938883,hold
2026-01-05,1,1,-0.0027276473171363,-0.0027276473171363,0.33280860570552884,flip
