idx,date,signal,position,return,pnl,equity,action
0,2020-01-01,-1,-1,0.0081838863379848,-0.0081838863379848,0.9913161136620152,enter
1,2020-01-02,0,-1,-0.0045227893866035,0.0045227893866035,0.9957996276596549,hold
2,2020-01-03,-1,-1,-0.0191058530729412,0.0191058530729412,1.0148252290358097,hold
3,2020-01-06,0,-1,0.0049945920012428,-0.0049945920012428,1.0097565910642081,hold
4,2020-01-07,1,1,-0.0022899444111396,-0.0022899444111396,1.006434548010825,flip
5,2020-01-08,-1,-1,0.0158457581226116,-0.0158457581226116,0.9894803950487947,flip
6,2020-01-09,1,1,0.0033480474426501,0.0033480474426501,0.9918037419599416,flip
7,2020-01-10,1,1,0.0059354808073293,0.0059354808073293,0.9976905740349822,hold
8,2020-01-13,1,1,0.0026562202609821,0.0026562202609821,1.0003406599519247,hold
9,2020-01-14,1,1,-0.0015369308543056,-0.0015369308543056,0.9988032055268281,hold
10,2020-01-15,0,1,0.0009884063018437,0.0009884063018437,0.9997904289094726,hold
11,2020-01-16,0,1,-0.0002549788049855,-0.0002549788049855,0.9995355035406733,hold
12,2020-01-17,-1,-1,-0.0103461939411514,0.0103461939411514,1.008877356207831,flip
13,2020-01-20,0,-1,-0.0044746183856623,0.0044746183856623,1.013391697374797,hold
14,2020-01-21,1,1,-0.0051725551893021,-0.0051725551893021,1.0071364811943704,flip
15,2020-01-22,1,1,0.0060667236352978,0.0060667236352978,1.0132464998888029,hold
16,2020-01-23,1,1,0.0055745847042631,0.0055745847042631,1.0188949283287312,hold
17,2020-01-24,1,1,-0.0105525279121506,-0.0105525279121506,1.0081430111579937,hold
18,2020-01-27,0,1,-0.0052149678449129,-0.0052149678449129,1.002885577771731,hold
19,2020-01-28,-1,-1,0.0061132563999481,-0.0061132563999481,0.9957517955172305,flip
20,2020-01-29,1,1,-0.007724984155365,-0.007724984155365,0.9870638768786664,flip
21,2020-01-30,-1,-1,-0.0061234148547233,0.0061234148547233,0.9921210146080275,flip
22,2020-01-31,0,-1,-0.0212503847193161,0.0212503847193161,1.0132039678565663,hold
23,2020-02-03,0,-1,0.0232108226866707,-0.0232108226866707,0.9896866702132163,hold
24,2020-02-04,1,1,0.0091405004678344,0.0091405004678344,0.9977432150150967,flip
25,2020-02-05,1,1,0.0040366612301674,0.0040366612301674,1.0017707663688107,hold
26,2020-02-06,0,1,-0.0032625431230384,-0.0032625431230384,0.9985024460441332,hold
27,2020-02-07,1,1,-0.0055255147630383,-0.0055255147630383,0.9929852060375864,hold
28,2020-02-10,1,1,0.0063500303889789,0.0063500303889789,0.9992906922717316,hold
29,2020-02-11,1,1,0.0077056964194832,0.0077056964194832,1.0069909229811929,hold
30,2020-02-12,0,1,-0.0021759994314084,-0.0021759994314084,1.0047997113053524,hold
31,2020-02-13,1,1,-0.0050268544351488,-0.0050268544351488,0.9997487294201408,hold
32,2020-02-14,-1,-1,-0.0055847334602637,0.0055847334602637,1.0043323108717694,flip
33,2020-02-17,1,1,-0.0044247626186481,-0.0044247626186481,0.9988840464950518,flip
34,2020-02-18,1,1,0.011123651500938,0.011123651500938,1.0099952845181095,hold
35,2020-02-19,1,1,-0.0037152524595064,-0.0037152524595064,1.0062428970532138,hold
36,2020-02-20,1,1,-0.0208138687990014,-0.0208138687990014,0.9852990894140211,hold
37,2020-02-24,0,1,-0.0026628568617023,-0.0026628568617023,0.982675378972946,hold
38,2020-02-25,0,1,-0.0101204779385897,-0.0101204779385897,0.972730234479255,hold
39,2020-02-26,0,1,-0.0038703767874727,-0.0038703767874727,0.9689654019592536,hold
40,2020-02-27,1,1,-0.0370960786649383,-0.0370960786649383,0.9330205851845695,hold
41,2020-02-28,1,1,-0.0061597518244916,-0.0061597518244916,0.9272734099326907,hold
42,2020-03-02,1,1,0.0153196474085468,0.0153196474085468,0.9414789116241804,hold
43,2020-03-03,-1,-1,-0.0046269501465237,0.0046269501465237,0.9448936087006448,flip
44,2020-03-04,1,1,0.0015998577904186,0.0015998577904186,0.9454604104929407,flip
45,2020-03-05,-1,-1,-0.0248069753028219,0.0248069753028219,0.9679689631353422,flip
46,2020-03-06,1,1,-0.0489560433359516,-0.0489560433359516,0.9196130636650969,flip
47,2020-03-09,1,1,0.0006649981756232,0.0006649981756232,0.9202246046747135,hold
48,2020-03-11,1,1,-0.0830193880106471,-0.0830193880106471,0.843828121162279,hold
49,2020-03-12,1,1,0.0380650761268936,0.0380650761268936,0.8759485028323348,hold
50,2020-03-13,1,1,-0.0761210010667908,-0.0761210010667908,0.809270425913781,hold
51,2020-03-16,1,1,-0.0250451840905282,-0.0250451840905282,0.7890020991177501,hold
52,2020-03-17,1,1,-0.055564540272715,-0.055564540272715,0.7451615602060653,hold
53,2020-03-18,1,1,-0.0242477817531284,-0.0242477817531284,0.7270930453233679,hold
54,2020-03-19,1,1,0.0583291468584656,0.0583291468584656,0.7695037623438037,hold
55,2020-03-20,-1,-1,-0.1298046607047124,0.1298046607047124,0.868619433363497,flip
56,2020-03-23,1,1,0.0250714240251634,0.0250714240251634,0.8895283400604871,flip
57,2020-03-24,1,1,0.0662474689466749,0.0662474689466749,0.9484573411458316,hold
58,2020-03-25,1,1,0.0389043564303894,0.0389043564303894,0.9853564636047886,hold
59,2020-03-26,1,1,0.0021755381634551,0.0021755381634551,0.987500144195968,hold
60,2020-03-27,1,1,-0.0437805364308189,-0.0437805364308189,0.9442668581575575,hold
61,2020-03-30,-1,-1,0.0382377227133605,-0.0382377227133605,0.9072159770097552,flip
62,2020-03-31,-1,-1,-0.0400046750966822,0.0400046750966822,0.9435088574125496,hold
63,2020-04-01,1,1,-0.0205965741867707,-0.0205965741867707,0.9231322983775642,flip
64,2020-04-03,1,1,0.0876321046711503,0.0876321046711503,1.0040283245743065,hold
65,2020-04-07,1,1,-0.0049419024075071,-0.0049419024075071,0.9990665145798874,hold
66,2020-04-08,-1,-1,0.0415088316188025,-0.0415088316188025,0.956597364335627,flip
67,2020-04-09,-1,-1,-0.0129556707370791,0.0129556707370791,0.9689907248159171,hold
68,2020-04-13,-1,-1,-0.0076218535626885,0.0076218535626885,0.9763762302240673,hold
69,2020-04-15,-1,-1,0.0075627711647903,-0.0075627711647903,0.968992120224142,hold
70,2020-04-16,-1,-1,0.0304632818768748,-0.0304632818768748,0.9394734401292835,hold
71,2020-04-17,-1,-1,-0.0005288143766692,0.0005288143766692,0.9399702471909228,hold
72,2020-04-20,-1,-1,-0.0302746671440956,0.0302746671440956,0.9684275335499813,hold
73,2020-04-21,-1,-1,0.0229194177887257,-0.0229194177887257,0.946231738310444,hold
74,2020-04-22,-1,-1,0.0137799558770148,-0.0137799558770148,0.9331927067070952,hold
75,2020-04-23,-1,-1,-0.0171249415723349,0.0171249415723349,0.9491735772851833,hold
76,2020-04-24,-1,-1,0.0139713589754586,-0.0139713589754586,0.9359123325069117,hold
77,2020-04-27,-1,-1,0.0106224306488902,-0.0106224306488902,0.925970668661416,hold
78,2020-04-28,-1,-1,0.0183830135241964,-0.0183830135241964,0.908948537336404,hold
79,2020-04-29,-1,-1,0.032088303452139,-0.032088303452139,0.8797819208479756,hold
80,2020-04-30,-1,-1,-0.057444839013135,0.057444839013135,0.9303208516577542,hold
81,2020-05-04,-1,-1,-0.0094582655216011,0.0094582655216011,0.9391200732930154,hold
82,2020-05-05,1,1,0.0070935934671216,0.0070935934671216,0.9448426892364766,flip
83,2020-05-06,-1,-1,-0.0077501195040513,0.0077501195040513,0.9512204903013521,flip
84,2020-05-07,1,1,0.0057016970693835,0.0057016970693835,0.9556928408929396,flip
85,2020-05-08,1,1,-0.0013294930214019,-0.0013294930214019,0.9544222539303686,hold
86,2020-05-11,1,1,-0.0046162427183511,-0.0046162427183511,0.9500164091504303,hold
87,2020-05-12,1,1,0.0203337125303977,0.0203337125303977,0.9693337697132558,hold
88,2020-05-13,1,1,-0.0256619093732747,-0.0256619093732747,0.9444588143624195,hold
89,2020-05-14,1,1,-0.0006453627874545,-0.0006453627874545,0.9438492957893466,hold
90,2020-05-15,1,1,-0.0343225097032598,-0.0343225097032598,0.9114540191762018,hold
91,2020-05-18,1,1,0.0063298228402233,0.0063298228402233,0.9172233616445967,hold
92,2020-05-19,1,1,0.021111396826158,0.021111396826158,0.9365872280104984,hold
93,2020-05-20,1,1,0.0043787544510012,0.0043787544510012,0.9406883135039003,hold
94,2020-05-21,1,1,-0.0073575840768702,-0.0073575840768702,0.9337671201471661,hold
95,2020-05-22,1,1,-0.0011284338094974,-0.0011284338094974,0.932713425758595,hold
96,2020-05-26,-1,-1,0.0316645047717616,-0.0316645047717616,0.9022468036122172,flip
97,2020-05-27,0,-1,0.0188030435364687,-0.0188030435364687,0.885281817683257,hold
98,2020-05-28,0,-1,0.0095046626511057,-0.0095046626511057,0.8768675126550199,hold
99,2020-05-29,0,-1,0.0256620973194605,-0.0256620973194605,0.8543652532089936,hold
100,2020-06-01,0,-1,0.0155655279707429,-0.0155655279707429,0.8410666069629381,hold
101,2020-06-02,-1,-1,0.0082622880359908,-0.0082622880359908,0.8341174723987568,hold
102,2020-06-03,-1,-1,-0.0032251686810099,0.0032251686810099,0.8368076419470204,hold
103,2020-06-04,-1,-1,0.0112722762414605,-0.0112722762414605,0.8273749150460283,hold
104,2020-06-05,-1,-1,0.0024945207587225,-0.0024945207587225,0.8253110111451998,hold
105,2020-06-08,-1,-1,-0.0118810323499978,0.0118810323499978,0.8351165579674253,hold
106,2020-06-09,-1,-1,0.0069177285262014,-0.0069177285262014,0.829339448331671,hold
107,2020-06-10,-1,-1,-0.021169158460066,0.021169158460066,0.8468958665305878,hold
108,2020-06-11,-1,-1,0.0071602091117954,-0.0071602091117954,0.8408319150303136,hold
109,2020-06-12,-1,-1,-0.0159632793948444,0.0159632793948444,0.8542543498140445,hold
110,2020-06-15,-1,-1,0.010220386061458,-0.010220386061458,0.8455235405642652,hold
111,2020-06-16,-1,-1,-0.0033134566648174,0.0033134566648174,0.8483251461750079,hold
112,2020-06-17,1,1,0.0213031875518985,0.0213031875518985,0.8655488507227909,flip
113,2020-06-18,-1,-1,0.0151362754442923,-0.0151362754442923,0.8515821160570373,flip
114,2020-06-19,-1,-1,0.0065206163504338,-0.0065206163504338,0.8460292757873388,hold
115,2020-06-22,-1,-1,0.0154976919912916,-0.0154976919912916,0.8329177746555712,hold
116,2020-06-23,-1,-1,-0.0158246772335498,0.0158246772335498,0.8460984296015821,hold
117,2020-06-24,1,1,-0.0015913572989929,-0.0015913572989929,0.8439058862603677,flip
118,2020-06-25,1,1,0.0091457401473864,0.0091457401473864,0.8516240302049548,hold
119,2020-06-26,0,1,-0.0067995386087835,-0.0067995386087835,0.8458333797314085,hold
120,2020-06-29,1,1,-0.0009988732845714,-0.0009988732845714,0.844988499365196,hold
121,2020-06-30,1,1,0.0124198173347171,0.0124198173347171,0.8554831021772485,hold
122,2020-07-01,1,1,0.0116634525148986,0.0116634525148986,0.8654609887167911,hold
123,2020-07-02,0,1,0.0052739760448483,0.0052739760448483,0.8700254092390343,hold
124,2020-07-03,0,1,0.014735139974255,0.014735139974255,0.8828453554253299,hold
125,2020-07-06,1,1,0.0033445902359812,0.0033445902359812,0.8857981113809669,hold
126,2020-07-07,-1,-1,-0.008694762073642,0.008694762073642,0.8926141170933249,flip
127,2020-07-08,-1,-1,0.0100600327219018,-0.0100600327219018,0.8836343898673346,hold
128,2020-07-09,-1,-1,-0.0041985110954393,0.0041985110954393,0.8873443386575043,hold
129,2020-07-10,-1,-1,0.0032178891492418,-0.0032178891492418,0.8844889629384971,hold
130,2020-07-13,-1,-1,-0.0180834960154004,0.0180834960154004,0.9004836155754611,hold
131,2020-07-14,-1,-1,0.0010229309240368,-0.0010229309240368,0.8995624830385005,hold
132,2020-07-15,-1,-1,0.0114661616621005,-0.0114661616621005,0.8892479541828205,hold
133,2020-07-16,1,1,0.0150605912558696,0.0150605912558696,0.9017513061917036,flip
134,2020-07-17,1,1,0.0110533217609316,0.0110533217609316,0.9117186535273809,hold
135,2020-07-20,1,1,0.0127061568657644,0.0127061568657644,0.9233030937565434,hold
136,2020-07-21,1,1,-0.0026563094918139,-0.0026563094918139,0.9208505149847768,hold
137,2020-07-22,1,1,0.0074421598588463,0.0074421598588463,0.9277036317233944,hold
138,2020-07-23,1,1,-0.0018991484351116,-0.0018991484351116,0.9259417848229595,hold
139,2020-07-24,1,1,-0.0055699256988469,-0.0055699256988469,0.920784357880038,hold
140,2020-07-27,1,1,0.0151592736988444,0.0151592736988444,0.9347427799787562,hold
141,2020-07-28,1,1,-0.0086456143286032,-0.0086456143286032,0.9266613544066135,hold
142,2020-07-29,1,1,-0.0089887146807479,-0.0089887146807479,0.9183318598861769,hold
143,2020-07-30,1,1,-0.0025851023723058,-0.0025851023723058,0.9159578780166212,hold
144,2020-07-31,-1,-1,-0.0164222155452939,0.0164222155452939,0.9300839778418037,flip
145,2020-08-03,-1,-1,0.0186979321613793,-0.0186979321613793,0.9126933307197319,hold
146,2020-08-04,-1,-1,0.0005768586219327,-0.0005768586219327,0.9121668357027257,hold
147,2020-08-05,-1,-1,0.0088725546683743,-0.0088725546683743,0.9040735855862753,hold
148,2020-08-06,1,1,0.001241002448872,0.001241002448872,0.9042914695343622,flip
149,2020-08-07,-1,-1,0.005002705259437,-0.005002705259437,0.8988632743741243,flip
150,2020-08-10,0,-1,0.0046449787767293,-0.0046449787767293,0.8946880735414751,hold
151,2020-08-11,0,-1,-0.0012452735151247,0.0012452735151247,0.8958022049037542,hold
152,2020-08-12,-1,-1,-0.000703034473301,0.000703034473301,0.8964319847350606,hold
153,2020-08-13,-1,-1,-0.0108004373788689,0.0108004373788689,0.9061138422506066,hold
154,2020-08-14,-1,-1,0.0061457110453491,-0.0061457110453491,0.9005451284019433,hold
155,2020-08-17,1,1,0.0122920579350753,0.0122920579350753,0.9107141361650081,flip
156,2020-08-18,1,1,0.0020246002135075,0.0020246002135075,0.9125579681995322,hold
157,2020-08-19,1,1,-0.008432399987605,-0.008432399987605,0.9048629143997976,hold
158,2020-08-20,-1,-1,0.0052509160938571,-0.0052509160938571,0.8992066922454415,flip
159,2020-08-21,0,-1,0.0083410064718865,-0.0083410064718865,0.8917064034058586,hold
160,2020-08-24,1,1,0.0005058064691958,0.0005058064691958,0.8912657278699188,flip
161,2020-08-25,-1,-1,0.0067423225064831,-0.0067423225064831,0.8843652611657744,flip
162,2020-08-26,0,-1,0.0008355606212675,-0.0008355606212675,0.8836263203787273,hold
163,2020-08-27,0,-1,0.0076431956549949,-0.0076431956549949,0.8768725915261695,hold
164,2020-08-28,0,-1,-0.0223307478019462,0.0223307478019462,0.8964538122219793,hold
165,2020-08-31,-1,-1,0.0072667398463226,-0.0072667398463226,0.8899395155843179,hold
166,2020-09-01,1,1,0.0056450382511279,0.0056450382511279,0.8940733186753975,flip
167,2020-09-02,1,1,-0.0006545127600779,-0.0006545127600779,0.8934881362798793,hold
168,2020-09-03,-1,-1,-0.0167947449485598,0.0167947449485598,0.9076005535069841,flip
169,2020-09-04,1,1,0.0018705202595032,0.0018705202595032,0.9083906381763485,flip
170,2020-09-07,-1,-1,-0.0033201259317187,0.0033201259317187,0.9104982188521119,flip
171,2020-09-08,1,1,-0.0034769279675166,-0.0034769279675166,0.9064219839117588,flip
172,2020-09-09,1,1,0.0151844298634509,0.0151844298634509,0.9201854849531569,hold
173,2020-09-10,1,1,0.0013276149365679,0.0013276149365679,0.9214071369473937,hold
174,2020-09-11,-1,-1,-0.0021283524468515,0.0021283524468515,0.9224468089449147,flip
175,2020-09-14,-1,-1,0.0071459479106903,-0.0071459479106903,0.9158550520978118,hold
176,2020-09-15,0,-1,0.0071820376506051,-0.0071820376506051,0.9092773466311485,hold
177,2020-09-16,1,1,-0.0076220272911209,-0.0076220272911209,0.9014375325332966,flip
178,2020-09-17,-1,-1,-0.0009681588767627,0.0009681588767627,0.9014088297497325,flip
179,2020-09-18,-1,-1,-0.0221122548386738,0.0221122548386738,0.9213410115069893,hold
180,2020-09-21,1,1,-0.0086128603263573,-0.0086128603263573,0.9124842890504279,flip
181,2020-09-22,-1,-1,-0.0019545871070447,0.0019545871070447,0.9133553347881365,flip
182,2020-09-23,-1,-1,-0.0293122720965164,0.0293122720965164,0.9401278548822511,hold
183,2020-09-24,1,1,0.0226457884823545,0.0226457884823545,0.9604776635754022,flip
184,2020-09-25,-1,-1,0.0160448681873712,-0.0160448681873712,0.9441064484028453,flip
185,2020-09-28,1,1,-0.0004586409458945,-0.0004586409458945,0.9427293360799218,flip
186,2020-09-29,-1,-1,0.0022410013176423,-0.0022410013176423,0.9396739490595067,flip
187,2020-09-30,-1,-1,0.0150610927327836,-0.0150610927327836,0.9255214325741405,hold
188,2020-10-01,0,-1,0.0075676439490797,-0.0075676439490797,0.9185174159051772,hold
189,2020-10-05,0,-1,0.0138264754746197,-0.0138264754746197,0.9058175573811532,hold
190,2020-10-06,0,-1,0.0065551872847253,-0.0065551872847253,0.8998797536467273,hold
191,2020-10-07,-1,-1,0.0081566766068399,-0.0081566766068399,0.8925397255111882,hold
192,2020-10-08,1,1,0.0067260903253916,0.0067260903253916,0.8976504885984656,flip
193,2020-10-09,0,1,0.0014058853909966,0.0014058853909966,0.8989124823066071,hold
194,2020-10-12,-1,-1,0.0002975290843887,-0.0002975290843887,0.8977461172164942,flip
195,2020-10-13,-1,-1,0.0030625333853533,-0.0030625333853533,0.8949967397609474,hold
196,2020-10-14,-1,-1,-0.0242836008583533,0.0242836008583533,0.9167304833588298,hold
197,2020-10-15,-1,-1,0.007028949362235,-0.007028949362235,0.9102868312124833,hold
198,2020-10-16,-1,-1,0.0094027696218492,-0.0094027696218492,0.9017276138487893,hold
199,2020-10-19,1,1,0.0020003285078973,0.0020003285078973,0.9026296376872806,flip
200,2020-10-20,1,1,0.0034337457642519,0.0034337457642519,0.9057290383823775,hold
201,2020-10-21,-1,-1,-0.0034512817819539,0.0034512817819539,0.9079492354735509,flip
202,2020-10-22,1,1,0.0028495402835257,0.0028495402835257,0.9096285241599558,flip
203,2020-10-23,-1,-1,-0.0136290733045432,0.0136290733045432,0.9211162894714754,flip
204,2020-10-26,0,-1,0.0103376083469652,-0.0103376083469652,0.9115941500289094,hold
205,2020-10-27,1,1,-0.0134406089457635,-0.0134406089457635,0.8984301753910963,flip
206,2020-10-28,0,1,-0.0050129421843609,-0.0050129421843609,0.8939263968651755,hold
207,2020-10-29,1,1,-0.0024333734223676,-0.0024333734223676,0.891751140129491,hold
208,2020-10-30,0,1,0.0022976361491175,0.0022976361491175,0.8938000597850694,hold
209,2020-11-02,1,1,0.0123701901631991,0.0123701901631991,0.9048565364924894,hold
210,2020-11-03,-1,-1,0.008041647267956,-0.008041647267956,0.89667514286142,flip
211,2020-11-04,0,-1,0.0177855989156905,-0.0177855989156905,0.8807272384128173,hold
212,2020-11-05,0,-1,0.0118190145712895,-0.0118190145712895,0.8703179103486847,hold
213,2020-11-06,0,-1,0.0161046355374614,-0.0161046355374614,0.8563017576007941,hold
214,2020-11-09,0,-1,0.0136465071043638,-0.0136465071043638,0.8446162295822156,hold
215,2020-11-10,-1,-1,0.0093460415087203,-0.0093460415087203,0.8367224112416014,hold
216,2020-11-11,-1,-1,-0.0045768215253314,0.0045768215253314,0.8405519403840992,hold
217,2020-11-12,-1,-1,0.0022969703307613,-0.0022969703307613,0.8386212175155731,hold
218,2020-11-13,-1,-1,0.0121266198083733,-0.0121266198083733,0.8284515768475266,hold
219,2020-11-17,-1,-1,0.0049750511655721,-0.0049750511655721,0.8243299878645113,hold
220,2020-11-18,0,-1,-0.0128726686134137,0.0128726686134137,0.8349413146263905,hold
221,2020-11-19,0,-1,0.0068393094137191,-0.0068393094137191,0.8292308926333632,hold
222,2020-11-20,-1,-1,0.005241475198302,-0.005241475198302,0.8248844994759597,hold
223,2020-11-23,-1,-1,0.0099563448098976,-0.0099563448098976,0.8166716649708372,hold
224,2020-11-24,-1,-1,-0.0150706804680923,0.0150706804680923,0.8289794626809576,hold
225,2020-11-25,0,-1,0.0100012136399767,-0.0100012136399767,0.8206886619715322,hold
226,2020-11-26,-1,-1,-0.0013898363507738,0.0013898363507738,0.8218292849066082,hold
227,2020-11-27,-1,-1,0.0108026946873185,-0.0108026946873185,0.8129513140566648,hold
228,2020-12-01,-1,-1,0.0003585458429504,-0.0003585458429504,0.8126598337424887,hold
229,2020-12-02,-1,-1,0.00153658492994,-0.00153658492994,0.8114111128887924,hold
230,2020-12-03,-1,-1,0.0094906623588735,-0.0094906623588735,0.8037102839821271,hold
231,2020-12-04,-1,-1,0.0073311332494399,-0.0073311332494399,0.797818176796309,hold
232,2020-12-07,0,-1,0.0027853318093331,-0.0027853318093331,0.7955959884504141,hold
233,2020-12-08,0,-1,0.0101657522858669,-0.0101657522858669,0.7875081567121978,hold
234,2020-12-09,0,-1,-0.0037548548058806,0.0037548548058806,0.7904651354990987,hold
235,2020-12-10,1,1,0.0026375585350264,0.0026375585350264,0.7917595684283761,flip
236,2020-12-11,0,1,0.0032781762806703,0.0032781762806703,0.7943550958655918,hold
237,2020-12-14,-1,-1,0.0007153791977927,-0.0007153791977927,0.7929924756584833,flip
238,2020-12-15,-1,-1,0.008464907059269,-0.008464907059269,0.7862798680533346,hold
239,2020-12-16,-1,-1,0.0042389293905504,-0.0042389293905504,0.7829468832114452,hold
240,2020-12-17,0,-1,0.0014445849987885,-0.0014445849987885,0.7818158498891098,hold
241,2020-12-18,-1,-1,-0.0314049525779333,0.0314049525779333,0.8063687395795538,hold
242,2020-12-21,0,-1,0.0103462838766079,-0.0103462838766079,0.7980258196906412,hold
243,2020-12-22,-1,-1,0.0100101591857162,-0.0100101591857162,0.7900374542012263,hold
244,2020-12-23,1,1,0.0108925303747413,0.0108925303747413,0.7978529237140953,flip
245,2020-12-24,-1,-1,0.0090150513891666,-0.0090150513891666,0.7898623856821019,flip
246,2020-12-28,0,-1,0.0042815942411449,-0.0042815942411449,0.7864805154402684,hold
247,2020-12-29,-1,-1,0.0035420946069744,-0.0035420946069744,0.783694727048037,hold
248,2020-12-30,-1,-1,-1.4318125132972703e-05,1.4318125132972703e-05,0.7837059480872051,hold
249,2020-12-31,-1,-1,0.0026284263414808,-0.0026284263414808,0.7816460347292775,hold
250,2021-01-01,-1,-1,0.0081606727271106,-0.0081606727271106,0.7752672772514081,hold
251,2021-01-04,0,-1,0.0047123808655142,-0.0047123808655142,0.7716139225684293,hold
252,2021-01-05,0,-1,-0.0037501320469031,0.0037501320469031,0.7745075766672898,hold
253,2021-01-06,1,1,-0.000629169612088,-0.000629169612088,0.7732457724590515,flip
254,2021-01-07,-1,-1,0.014847223590326,-0.014847223590326,0.7609919738126185,flip
255,2021-01-08,-1,-1,0.0095837181341371,-0.0095837181341371,0.7536988412332578,hold
256,2021-01-11,0,-1,0.0054333140242324,-0.0054333140242324,0.7496037587491374,hold
257,2021-01-12,0,-1,9.609083312889231e-05,-9.609083312889231e-05,0.7495317286994426,hold
258,2021-01-13,-1,-1,0.002111247340323,-0.002111247340323,0.7479492818307383,hold
259,2021-01-14,-1,-1,-0.0110923441582015,0.0110923441582015,0.7562457926776845,hold
260,2021-01-15,0,-1,-0.0105586501425666,0.0105586501425666,0.7642307274243562,hold
261,2021-01-18,0,-1,0.0167947308170628,-0.0167947308170628,0.751395678075136,hold
262,2021-01-19,-1,-1,0.008508265623863,-0.008508265623863,0.7450026040574501,hold
263,2021-01-20,-1,-1,-0.0037112802046228,0.0037112802046228,0.747767517474281,hold
264,2021-01-21,1,1,-0.0149721716475961,-0.0149721716475961,0.7358240463326851,flip
265,2021-01-22,0,1,-0.0092541693433081,-0.0092541693433081,0.7290146060010442,hold
266,2021-01-25,0,1,-0.0190604880418779,-0.0190604880418779,0.715119231821007,hold
267,2021-01-27,0,1,-0.0107356502819043,-0.0107356502819043,0.7074419618383126,hold
268,2021-01-28,0,1,-0.0132404223540728,-0.0132404223540728,0.6980751314725796,hold
269,2021-01-29,0,1,0.0474235111013383,0.0474235111013383,0.7311803052195377,hold
270,2021-02-01,-1,-1,0.0256735714819573,-0.0256735714819573,0.711677115082065,flip
271,2021-02-02,-1,-1,0.0097011226717231,-0.0097011226717231,0.704773048085996,hold
272,2021-02-03,-1,-1,0.0071467580293813,-0.0071467580293813,0.6997362056456958,hold
273,2021-02-04,0,-1,0.0019199973566108,-0.0019199973566108,0.6983927139805313,hold
274,2021-02-05,-1,-1,0.0128348027329681,-0.0128348027329681,0.6894289812664489,hold
275,2021-02-08,-1,-1,-0.0004300136336804,0.0004300136336804,0.6897254451278478,hold
276,2021-02-09,-1,-1,-0.0001853034041081,0.0001853034041081,0.68985325360073,hold
277,2021-02-10,-1,-1,0.0044219246475027,-0.0044219246475027,0.686802774495473,hold
278,2021-02-11,0,-1,-0.0006590524229219,0.0006590524229219,0.6872554135280737,hold
279,2021-02-12,-1,-1,0.0099846598415338,-0.0099846598415338,0.6803934019997432,hold
280,2021-02-15,-1,-1,-8.162092525865194e-05,8.162092525865194e-05,0.6804489363387543,hold
281,2021-02-16,-1,-1,-0.0068273186874309,0.0068273186874309,0.6850945780776623,hold
282,2021-02-17,-1,-1,-0.0059143128695843,0.0059143128695843,0.6891464417576694,hold
283,2021-02-18,-1,-1,-0.0090747170630297,0.0090747170630297,0.6954002507316138,hold
284,2021-02-19,0,-1,-0.0204281745915864,0.0204281745915864,0.7096060084645922,hold
285,2021-02-22,0,-1,0.0021872625461001,-0.0021872625461001,0.70805391381979,hold
286,2021-02-23,-1,-1,0.0186431824578623,-0.0186431824578623,0.6948535355144441,hold
287,2021-02-24,-1,-1,0.0076992130139501,-0.0076992130139501,0.6895037101310221,hold
288,2021-02-25,1,1,-0.0376356932475859,-0.0376356932475859,0.6628642562933276,flip
289,2021-02-26,0,1,0.0159953891187234,0.0159953891187234,0.6734670280056325,hold
290,2021-03-01,1,1,0.0106729853417877,0.0106729853417877,0.6806549317237139,hold
291,2021-03-02,0,1,0.0218846987116321,0.0218846987116321,0.695550859831074,hold
292,2021-03-03,0,1,-0.0108129305241382,-0.0108129305241382,0.688029916707716,hold
293,2021-03-04,0,1,-0.0094591045289524,-0.0094591045289524,0.6815217698065312,hold
294,2021-03-05,0,1,0.0012117060677612,0.0012117060677612,0.6823475738703172,hold
295,2021-03-08,-1,-1,0.0095077756017913,-0.0095077756017913,0.6751776186816612,flip
296,2021-03-09,0,-1,0.0050600998838219,-0.0050600998838219,0.6717611524918109,hold
297,2021-03-10,0,-1,-0.0094795062357636,0.0094795062357636,0.6781291165258008,hold
298,2021-03-12,0,-1,-0.006749419963093,0.006749419963093,0.6827060947224347,hold
299,2021-03-15,-1,-1,-0.0012759841044576,0.0012759841044576,0.6835772168473169,hold
300,2021-03-16,-1,-1,-0.0126857598628687,0.0126857598628687,0.69224891326797,hold
301,2021-03-17,1,1,-0.0111029730717429,-0.0111029730717429,0.6838706433117445,flip
302,2021-03-18,0,1,0.0127869428260285,0.0127869428260285,0.6926152581281712,hold
303,2021-03-19,0,1,-0.0005154374236977,-0.0005154374236977,0.6922582583039079,hold
304,2021-03-22,-1,-1,0.0053167399974314,-0.0053167399974314,0.6878854428751273,flip
305,2021-03-23,0,-1,-0.0179111769942118,0.0179111769942118,0.7002062807942054,hold
306,2021-03-24,0,-1,-0.0154301891468089,0.0154301891468089,0.7110105961486436,hold
307,2021-03-25,0,-1,0.0127330319296232,-0.0127330319296232,0.7019572755255825,hold
308,2021-03-26,-1,-1,0.0232848158675504,-0.0232848158675504,0.685612329618082,hold
309,2021-03-30,-1,-1,-0.0104006990943323,0.0104006990943323,0.692743177153804,hold
310,2021-03-31,0,-1,0.0120245741669184,-0.0120245741669184,0.6844132354414914,hold
311,2021-04-01,1,1,-0.015439860548026,-0.015439860548026,0.6731615772936099,flip
312,2021-04-05,0,1,0.0031220672452334,0.0031220672452334,0.675263233004828,hold
313,2021-04-06,-1,-1,0.0092314369658119,-0.0092314369658119,0.6683543198010088,flip
314,2021-04-07,1,1,0.0036945688638336,0.0036945688638336,0.6701552465411534,flip
315,2021-04-08,-1,-1,-0.0026187118170183,0.0026187118170183,0.6712400347579665,flip
316,2021-04-09,-1,-1,-0.0353255893040076,0.0353255893040076,0.6949519845502342,hold
317,2021-04-12,0,-1,0.0135561955060299,-0.0135561955060299,0.6855310795803677,hold
318,2021-04-13,-1,-1,0.0052844845607746,-0.0052844845607746,0.6819084011743942,hold
319,2021-04-15,0,-1,0.0024962821650071,-0.0024962821650071,0.6802061653943741,hold
320,2021-04-16,0,-1,-0.0176769785548196,0.0176769785548196,0.6922301551929065,hold
321,2021-04-19,0,-1,-0.004390823034999,0.004390823034999,0.6952696153038485,hold
322,2021-04-20,-1,-1,0.0076767575754221,-0.0076767575754221,0.6899321990176038,hold
323,2021-04-22,0,-1,-0.0044981330537942,0.0044981330537942,0.6930356058468817,hold
324,2021-04-23,0,-1,0.0100165182871698,-0.0100165182871698,0.6860938020272567,hold
325,2021-04-26,-1,-1,0.011601643402658,-0.011601643402658,0.6781339863953626,hold
326,2021-04-27,0,-1,0.014433855260107,-0.014433855260107,0.6683458985887726,hold
327,2021-04-28,0,-1,0.0020418099664161,-0.0020418099664161,0.6669812632720207,hold
328,2021-04-29,0,-1,-0.0177108120451774,0.0177108120451774,0.6787940430634865,hold
329,2021-04-30,0,-1,0.0002085134632017,-0.0002085134632017,0.6786525053667666,hold
330,2021-05-03,-1,-1,-0.0094061074234402,0.0094061074234402,0.6850359837354332,hold
331,2021-05-04,0,-1,0.0083709591539336,-0.0083709591539336,0.6793015754966092,hold
332,2021-05-05,0,-1,0.0073164109749706,-0.0073164109749706,0.674331525994331,hold
333,2021-05-06,1,1,0.0066792477481554,0.0066792477481554,0.6781612217948446,flip
334,2021-05-07,0,1,0.0080414227481215,0.0080414227481215,0.6836146028706797,hold
335,2021-05-10,0,1,-0.0061302011912188,-0.0061302011912188,0.6794239078178272,hold
336,2021-05-11,0,1,-0.0103866808073666,-0.0103866808073666,0.6723669485544298,hold
337,2021-05-12,0,1,-0.0012724250884564,-0.0012724250884564,0.6715114119804403,hold
338,2021-05-14,-1,-1,0.0167157604819725,-0.0167157604819725,0.6596150766448836,flip
339,2021-05-17,0,-1,0.012393443335275,-0.012393443335275,0.6514401745693922,hold
340,2021-05-18,-1,-1,-0.0051594324081388,0.0051594324081388,0.6548012361180291,hold
341,2021-05-19,-1,-1,-0.0082567760609306,0.0082567760609306,0.6602077832890763,hold
342,2021-05-20,-1,-1,0.0180631356749747,-0.0180631356749747,0.6482823605258513,hold
343,2021-05-21,0,-1,0.0014761086049899,-0.0014761086049899,0.6473254253550159,hold
344,2021-05-24,0,-1,0.0007073438653115,-0.0007073438653115,0.6468675436865309,hold
345,2021-05-25,-1,-1,0.0061150215048646,-0.0061150215048646,0.6429119347460888,hold
346,2021-05-26,0,-1,0.0023788211965458,-0.0023788211965458,0.6413825622082026,hold
347,2021-05-27,1,1,0.006376433707514,0.006376433707514,0.6448309130350706,flip
348,2021-05-28,0,1,0.0095330880357249,0.0095330880357249,0.6509781428971908,hold
349,2021-05-31,0,1,-0.0005101904286871,-0.0005101904286871,0.6506460200794002,hold
350,2021-06-01,-1,-1,8.67158252806366e-05,-8.67158252806366e-05,0.6499389527527241,flip
351,2021-06-02,-1,-1,0.0073284506253876,-0.0073284506253876,0.6451759072279596,hold
352,2021-06-03,0,-1,-0.0012810173052479,0.0012810173052479,0.6460023887300477,hold
353,2021-06-04,-1,-1,0.0051945814919991,-0.0051945814919991,0.6426466766777633,hold
354,2021-06-07,-1,-1,-0.0007333060957773,0.0007333060957773,0.6431179334032021,hold
355,2021-06-08,-1,-1,-0.0066549769442125,0.0066549769442125,0.6473978684224101,hold
356,2021-06-09,-1,-1,0.006549286916079,-0.006549286916079,0.6431578740332538,hold
357,2021-06-10,-1,-1,0.0039141306333496,-0.0039141306333496,0.6406404700964202,hold
358,2021-06-11,-1,-1,0.0007911718082738,-0.0007911718082738,0.6401336134172406,hold
359,2021-06-14,-1,-1,0.0036302135450976,-0.0036302135450976,0.6378097917031411,hold
360,2021-06-15,-1,-1,-0.0064086327528081,0.0064086327528081,0.6418972804243116,hold
361,2021-06-16,1,1,-0.0048295020472909,-0.0048295020472909,0.6381553389139276,flip
362,2021-06-17,-1,-1,-0.0005130696464038,0.0005130696464038,0.637844601709101,flip
363,2021-06-18,-1,-1,0.0040265882096546,-0.0040265882096546,0.6352762641562673,hold
364,2021-06-21,0,-1,0.0016670371193598,-0.0016670371193598,0.6342172350428705,hold
365,2021-06-22,0,-1,-0.0054397492312691,0.0054397492312691,0.6376672177596525,hold
366,2021-06-23,1,1,0.0065978407983298,0.0065978407983298,0.641236777326985,flip
367,2021-06-24,0,1,0.0044266891189239,0.0044266891189239,0.6440753331918323,hold
368,2021-06-25,-1,-1,-0.0028782098242977,0.0028782098242977,0.6452850418102211,flip
369,2021-06-28,1,1,-0.0041891404314852,-0.0041891404314852,0.641936567109931,flip
370,2021-06-29,1,1,-0.0017112919035373,-0.0017112919035373,0.6408380262600513,hold
371,2021-06-30,-1,-1,-0.002639697229908,0.002639697229908,0.6418888065965297,flip
372,2021-07-01,1,1,0.0026913389867666,0.0026913389867666,0.6429744581602956,flip
373,2021-07-02,1,1,0.007133188273225,0.007133188273225,0.6475609160252279,hold
374,2021-07-05,1,1,-0.0010167521731027,-0.0010167521731027,0.6469025070566429,hold
375,2021-07-06,-1,-1,0.0038816171589777,-0.0038816171589777,0.6437445766780094,flip
376,2021-07-07,0,-1,-0.0095562557277451,0.0095562557277451,0.6498963644760936,hold
377,2021-07-08,0,-1,-0.0024224839292732,0.0024224839292732,0.65147072797473,hold
378,2021-07-09,1,1,0.0001784474449868,0.0001784474449868,0.6509355105336462,flip
379,2021-07-12,1,1,0.0076309854951284,0.0076309854951284,0.6559027899727924,hold
380,2021-07-13,1,1,0.0026308921169333,0.0026308921169333,0.6576283994524064,hold
381,2021-07-14,1,1,0.0044310723280038,0.0044310723280038,0.6605423984553294,hold
382,2021-07-15,1,1,-5.0225736783704455e-05,-5.0225736783704455e-05,0.6605092222266901,hold
383,2021-07-16,1,1,-0.0107389122803617,-0.0107389122803617,0.6534160716288276,hold
384,2021-07-19,0,1,-0.0076369809214345,-0.0076369809214345,0.6484259455560396,hold
385,2021-07-20,-1,-1,0.0122792331234495,-0.0122792331234495,0.6398153462617078,flip
386,2021-07-22,1,1,0.0020222383267853,0.0020222383267853,0.640469390030722,flip
387,2021-07-23,-1,-1,-0.0019929055322251,0.0019929055322251,0.6411053156313045,flip
388,2021-07-26,1,1,-0.0049290812026508,-0.0049290812026508,0.6373041501554754,flip
389,2021-07-27,1,1,-0.0023528988583426,-0.0023528988583426,0.6358046379481576,hold
390,2021-07-28,-1,-1,0.0043954449546468,-0.0043954449546468,0.6323741890221991,flip
391,2021-07-29,1,1,-0.0009760394990868,-0.0009760394990868,0.6311245926464882,flip
392,2021-07-30,-1,-1,0.0077460001364197,-0.0077460001364197,0.6256047768731042,flip
393,2021-08-02,1,1,0.0154609558824161,0.0154609558824161,0.634651619951295,flip
394,2021-08-03,0,1,0.0079382424678022,0.0079382424678022,0.6396896383930519,hold
395,2021-08-04,0,1,0.0022018725316477,0.0022018725316477,0.6410981534366093,hold
396,2021-08-05,0,1,-0.0034612335015614,-0.0034612335015614,0.6388791630301454,hold
397,2021-08-06,0,1,0.0012347307242392,0.0012347307242392,0.639668006761815,hold
398,2021-08-09,0,1,0.0013439090538649,0.0013439090538649,0.64052766238757,hold
399,2021-08-10,-1,-1,0.0001320870680521,-0.0001320870680521,0.6398025293042513,flip
400,2021-08-11,-1,-1,0.0050453954843463,-0.0050453954843463,0.6365744725120263,hold
401,2021-08-12,-1,-1,0.0100644823408473,-0.0100644823408473,0.6301676799747947,hold
402,2021-08-13,0,-1,0.0020540242770237,-0.0020540242770237,0.6288733002615308,hold
403,2021-08-16,-1,-1,0.0031122785775283,-0.0031122785775283,0.6269160713611474,hold
404,2021-08-17,-1,-1,-0.0027536023181795,0.0027536023181795,0.6286423489085514,hold
405,2021-08-18,-1,-1,-0.0071428984006249,0.0071428984006249,0.6331326773371354,hold
406,2021-08-20,-1,-1,0.0027931806783987,-0.0027931806783987,0.6313642233759345,hold
407,2021-08-23,-1,-1,0.0077683620836017,-0.0077683620836017,0.6264595574821182,hold
408,2021-08-24,-1,-1,0.0006045728309951,-0.0006045728309951,0.6260808170539474,hold
409,2021-08-25,-1,-1,0.0001352598309651,-0.0001352598309651,0.6259961334684622,hold
410,2021-08-26,-1,-1,0.00410526158848,-0.00410526158848,0.6234262555871971,hold
411,2021-08-27,0,-1,0.0135198365217041,-0.0135198365217041,0.6149976345283201,hold
412,2021-08-30,0,-1,0.0118804461754233,-0.0118804461754233,0.6076911882332938,hold
413,2021-08-31,1,1,-0.0032657347743637,-0.0032657347743637,0.6050989387995727,flip
414,2021-09-01,1,1,0.009246783727399,0.009246783727399,0.610694157820331,hold
415,2021-09-02,-1,-1,0.0051902308336972,-0.0051902308336972,0.6069138200146328,flip
416,2021-09-03,-1,-1,0.0031287476677577,-0.0031287476677577,0.6050149398157321,hold
417,2021-09-06,-1,-1,-0.0009035189246697,0.0009035189246697,0.6055615822635635,hold
418,2021-09-07,-1,-1,-0.0004953092983268,0.0004953092983268,0.6058615225459681,hold
419,2021-09-08,-1,-1,0.0009075978909154,-0.0009075978909154,0.6053116439059186,hold
420,2021-09-09,-1,-1,-0.0008030985074197,0.0008030985074197,0.6057977687836632,hold
421,2021-09-13,-1,-1,0.001423151293159,-0.001423151293159,0.604935626905626,hold
422,2021-09-14,-1,-1,0.0080235453826236,-0.0080235453826236,0.6000818984495828,hold
423,2021-09-15,-1,-1,0.0062816347635072,-0.0062816347635072,0.5963124031353305,hold
424,2021-09-16,0,-1,-0.0025156476006126,0.0025156476006126,0.5978125150014933,hold
425,2021-09-17,-1,-1,-0.010705054879733,0.010705054879733,0.6042121307823755,hold
426,2021-09-20,-1,-1,0.0094901738624639,-0.0094901738624639,0.5984780526114409,hold
427,2021-09-21,-1,-1,-0.0008740239935656,0.0008740239935656,0.5990011367890458,hold
428,2021-09-22,-1,-1,0.0157465283671818,-0.0157465283671818,0.5895689483966229,hold
429,2021-09-23,-1,-1,0.0016972499684944,-0.0016972499684944,0.5885683025175314,hold
430,2021-09-24,-1,-1,0.0001064453827974,-0.0001064453827974,0.5885056521392675,hold
431,2021-09-27,1,1,-0.0059646824901542,-0.0059646824901542,0.5844068971284564,flip
432,2021-09-28,-1,-1,-0.0021015082285871,0.0021015082285871,0.5850506261344866,flip
433,2021-09-29,-1,-1,-0.0052593760207388,0.0052593760207388,0.5881276273684966,hold
434,2021-09-30,-1,-1,-0.0048869834497958,0.0048869834497958,0.5910017973498141,hold
435,2021-10-01,0,-1,0.0090804675811375,-0.0090804675811375,0.5856352246885851,hold
436,2021-10-04,0,-1,0.0074076609199462,-0.0074076609199462,0.5812970375213156,hold
437,2021-10-05,0,-1,-0.0098921448702895,0.0098921448702895,0.5870473120291465,hold
438,2021-10-06,0,-1,0.0081803020160375,-0.0081803020160375,0.5822450877190452,hold
439,2021-10-07,0,-1,0.0058936227604964,-0.0058936227604964,0.578813554817877,hold
440,2021-10-08,0,-1,0.0028359561343596,-0.0028359561343596,0.5771720649664408,hold
441,2021-10-11,0,-1,0.0025632525445875,-0.0025632525445875,0.5756926272022508,hold
442,2021-10-12,-1,-1,0.0094375978492116,-0.0094375978492116,0.5702594717019598,hold
443,2021-10-13,0,-1,0.0097347877407187,-0.0097347877407187,0.5647081167878069,hold
444,2021-10-14,0,-1,0.0075523961327199,-0.0075523961327199,0.5604432173904631,hold
445,2021-10-18,-1,-1,-0.0031553077349963,0.0031553077349963,0.5622115882093215,hold
446,2021-10-19,-1,-1,-0.00826062521208,0.00826062521208,0.566855807429407,hold
447,2021-10-20,0,-1,-0.0048449082967022,0.0048449082967022,0.5696021718338555,hold
448,2021-10-21,-1,-1,-0.0034766680845673,0.0034766680845673,0.5715824895255704,hold
449,2021-10-22,-1,-1,0.0005796333280105,-0.0005796333280105,0.5712511812649342,hold
450,2021-10-25,-1,-1,0.0078894808897,-0.0078894808897,0.566744305987126,hold
451,2021-10-26,-1,-1,-0.0031448386638428,0.0031448386638428,0.568526625393107,hold
452,2021-10-27,-1,-1,-0.0194223384240636,0.0194223384240636,0.5795687419145827,hold
453,2021-10-28,0,-1,-0.0103935157639054,0.0103935157639054,0.5855924987699388,hold
454,2021-10-29,0,-1,0.0145996550575078,-0.0145996550575078,0.5770430502836336,hold
455,2021-11-01,-1,-1,-0.0022700482713416,0.0022700482713416,0.5783529658624196,hold
456,2021-11-02,-1,-1,-0.0033400508475575,0.0033400508475575,0.5802846941762357,hold
457,2021-11-03,1,1,0.0049133761659847,0.0049133761659847,0.5825555664679108,flip
458,2021-11-04,1,1,0.0084697040421863,0.0084697040421863,0.5874896397040222,hold
459,2021-11-08,0,1,-0.0013449214352717,-0.0013449214352717,0.5866995122945843,hold
460,2021-11-09,-1,-1,-0.0014991358050348,0.0014991358050348,0.586992355027967,flip
461,2021-11-10,-1,-1,-0.007970140510272,0.007970140510272,0.5916707665759953,hold
462,2021-11-11,-1,-1,0.0128206066843303,-0.0128206066843303,0.5840851883911082,hold
463,2021-11-12,-1,-1,0.0003700663573213,-0.0003700663573213,0.583869038113075,hold
464,2021-11-15,-1,-1,-0.0060879819517564,0.0060879819517564,0.5874236222792967,hold
465,2021-11-16,1,1,-0.005586294529162,-0.005586294529162,0.583554677289578,flip
466,2021-11-17,1,1,-0.0074781956434608,-0.0074781956434608,0.5791907412441499,hold
467,2021-11-18,1,1,-0.0196033721001568,-0.0196033721001568,0.5678366496265752,hold
468,2021-11-22,0,1,0.0049836979327988,0.0049836979327988,0.5706665759634866,hold
469,2021-11-23,-1,-1,-0.0050446817378146,0.0050446817378146,0.5729747406416674,flip
470,2021-11-24,0,-1,0.006959452503032,-0.006959452503032,0.5689871501487347,hold
471,2021-11-25,-1,-1,-0.0290712541877539,0.0290712541877539,0.5855283202202742,hold
472,2021-11-26,1,1,0.0016151341742889,0.0016151341742889,0.5858884987000558,flip
473,2021-11-29,-1,-1,-0.004148599194972,0.004148599194972,0.5877332267554062,flip
474,2021-11-30,1,1,0.0108166411704213,0.0108166411704213,0.593502792946398,flip
475,2021-12-01,-1,-1,0.0136745711024337,-0.0136745711024337,0.5847933940118131,flip
476,2021-12-02,-1,-1,-0.0117776858673942,0.0117776858673942,0.5916809069038115,hold
477,2021-12-03,-1,-1,-0.0165409195759996,0.0165409195759996,0.6014678531995619,hold
478,2021-12-06,-1,-1,0.0156365485816494,-0.0156365485816494,0.5920629718927065,hold
479,2021-12-07,-1,-1,0.0170609485278816,-0.0170609485278816,0.5819618160039804,hold
480,2021-12-08,-1,-1,0.0026960665936832,-0.0026960665936832,0.580392808193053,hold
481,2021-12-09,-1,-1,-0.0003167708948091,0.0003167708948091,0.580576659742245,hold
482,2021-12-10,-1,-1,-0.0081690551168631,0.0081690551168631,0.5853194224752437,hold
483,2021-12-13,0,-1,-0.0024959111813221,0.0024959111813221,0.5867803277664446,hold
484,2021-12-14,1,1,-0.0059740603216401,-0.0059740603216401,0.5826880863650498,flip
485,2021-12-15,0,1,0.0015678167505297,0.0015678167505297,0.583601634507187,hold
486,2021-12-16,-1,-1,-0.01525945397337,0.01525945397337,0.5919234751532259,flip
487,2021-12-17,0,-1,-0.0218425462793778,0.0218425462793778,0.6048525910531104,hold
488,2021-12-20,0,-1,0.009428705444209,-0.009428705444209,0.599149614134904,hold
489,2021-12-21,-1,-1,0.0110071709945933,-0.0110071709945933,0.5925546718807765,hold
490,2021-12-22,-1,-1,0.0069093062126275,-0.0069093062126275,0.5884605302050292,hold
491,2021-12-23,-1,-1,-0.0040327548791804,0.0040327548791804,0.5908336472794186,hold
492,2021-12-24,-1,-1,0.0048518709108285,-0.0048518709108285,0.5879669986930448,hold
493,2021-12-27,0,-1,0.0086034091740434,-0.0086034091740434,0.5829084780224543,hold
494,2021-12-28,0,-1,-0.0011402602889762,0.0011402602889762,0.5835731454120509,hold
495,2021-12-29,-1,-1,-0.0005606259494814,0.0005606259494814,0.5839003116607894,hold
496,2021-12-30,-1,-1,0.0087248317576065,-0.0087248317576065,0.578805879678335,hold
497,2021-12-31,0,-1,0.0156533158122078,-0.0156533158122078,0.5697456484497673,hold
498,2022-01-03,0,-1,0.0101868742352642,-0.0101868742352642,0.5639417211829204,hold
499,2022-01-04,-1,-1,0.006739585234692,-0.006739585234692,0.5601409878856092,hold
500,2022-01-05,-1,-1,-0.0100054174627969,0.0100054174627969,0.5657454323074281,hold
501,2022-01-06,-1,-1,0.0037641836511315,-0.0037641836511315,0.5636158626004342,hold
502,2022-01-07,-1,-1,0.0107003189218717,-0.0107003189218717,0.5575849931211837,hold
503,2022-01-10,-1,-1,0.0029133112526023,-0.0029133112526023,0.5559605744864415,hold
504,2022-01-11,-1,-1,0.0086731157318304,-0.0086731157318304,0.5511386640815857,hold
505,2022-01-12,0,-1,0.0024956237305924,-0.0024956237305924,0.5497632293526568,hold
506,2022-01-13,-1,-1,-0.0001123235637506,0.0001123235637506,0.5498249807177966,hold
507,2022-01-14,-1,-1,0.0028675682661627,-0.0028675682661627,0.5482483200511468,hold
508,2022-01-17,-1,-1,-0.0106536905679234,0.0106536905679234,0.5540891880073555,hold
509,2022-01-18,0,-1,-0.0096422404339412,0.0096422404339412,0.5594318491799697,hold
510,2022-01-19,0,-1,-0.010112406160797,0.010112406160797,0.5650890512581632,hold
511,2022-01-20,-1,-1,-0.0078757453046686,0.0078757453046686,0.5695395487003293,hold
512,2022-01-21,-1,-1,-0.0265679051873833,0.0265679051873833,0.5846710214306647,hold
513,2022-01-24,0,-1,0.0075134912216943,-0.0075134912216943,0.5802781008435663,hold
514,2022-01-25,-1,-1,-0.0097117329146276,0.0097117329146276,0.5859136067751665,hold
515,2022-01-27,1,1,-0.0004793161771092,-0.0004793161771092,0.5850468552982756,flip
516,2022-01-28,-1,-1,0.0139107178709299,-0.0139107178709299,0.5763233866976483,flip
517,2022-01-31,-1,-1,0.0136679386118703,-0.0136679386118703,0.5684462340276796,hold
518,2022-02-01,-1,-1,0.0115578385853996,-0.0115578385853996,0.5618762242103094,hold
519,2022-02-02,-1,-1,-0.0123622486642295,0.0123622486642295,0.5688222778125155,hold
520,2022-02-03,0,-1,-0.0024998826581151,0.0024998826581151,0.5702442667603685,hold
521,2022-02-04,-1,-1,-0.0172811129276234,0.0172811129276234,0.5800987223305842,hold
522,2022-02-07,-1,-1,0.0030876976246183,-0.0030876976246183,0.5783075528836,hold
523,2022-02-08,-1,-1,0.0114121523303458,-0.0114121523303458,0.5717078189963029,hold
524,2022-02-09,-1,-1,0.008133901085124,-0.008133901085124,0.5670576041469949,hold
525,2022-02-10,-1,-1,-0.0131262969128136,0.0131262969128136,0.5745009706256972,hold
526,2022-02-11,-1,-1,-0.0306162228952934,0.0306162228952934,0.5920900203959358,hold
527,2022-02-14,0,-1,0.0302591263839775,-0.0302591263839775,0.5741738936380834,hold
528,2022-02-15,-1,-1,-0.0017432697608654,0.0017432697608654,0.575174833624341,hold
529,2022-02-16,-1,-1,-0.0010160147191904,0.0010160147191904,0.5757592197214112,hold
530,2022-02-17,-1,-1,-0.0016353356196504,0.0016353356196504,0.5767007792817637,hold
531,2022-02-18,1,1,-0.004031556958107,-0.004031556958107,0.5737990764630228,flip
532,2022-02-21,1,1,-0.0066515660675804,-0.0066515660675804,0.5699824139964124,hold
533,2022-02-22,0,1,-0.0016937094155936,-0.0016937094155936,0.5690170294151039,hold
534,2022-02-23,-1,-1,-0.0477810384708364,0.0477810384708364,0.595636236958733,flip
535,2022-02-24,0,-1,0.0252616601096495,-0.0252616601096495,0.5805894767916909,hold
536,2022-02-25,-1,-1,0.0081340342903666,-0.0081340342903666,0.5758669420788413,hold
537,2022-02-28,-1,-1,-0.0111916331229355,0.0111916331229355,0.5823118336222144,hold
538,2022-03-02,1,1,-0.006497577228417,-0.006497577228417,0.5779459056786107,flip
539,2022-03-03,1,1,-0.0153170320073322,-0.0153170320073322,0.5690934897428248,hold
540,2022-03-04,-1,-1,-0.0235266847399477,0.0235266847399477,0.5819132793738182,flip
541,2022-03-07,1,1,0.0094747765094835,0.0094747765094835,0.5868448643644121,flip
542,2022-03-08,-1,-1,0.0207262900882942,-0.0207262900882942,0.5740949026044052,flip
543,2022-03-09,-1,-1,0.0152673871904744,-0.0152673871904744,0.5653299734422661,hold
544,2022-03-10,1,1,0.0021421537513466,0.0021421537513466,0.565975667192182,flip
545,2022-03-11,-1,-1,0.014482565042708,-0.014482565042708,0.557212912112289,flip
546,2022-03-14,-1,-1,-0.0123464565033122,0.0123464565033122,0.5640925170947673,hold
547,2022-03-15,-1,-1,0.0187451004846066,-0.0187451004846066,0.5535185461792111,hold
548,2022-03-16,-1,-1,0.0183619883565082,-0.0183619883565082,0.5433548450791571,hold
549,2022-03-17,-1,-1,-0.0098022024704637,0.0098022024704637,0.5486809192839304,hold
550,2022-03-21,0,-1,0.0115612232521558,-0.0115612232521558,0.5423374966818908,hold
551,2022-03-22,-1,-1,-0.004033935455228,0.004033935455228,0.5445252511384554,hold
552,2022-03-23,-1,-1,-0.0013278937068936,0.0013278937068936,0.5452483227926869,hold
553,2022-03-24,-1,-1,-0.0040498758909001,0.0040498758909001,0.5474565108297186,hold
554,2022-03-25,-1,-1,0.0040226199498629,-0.0040226199498629,0.5452543013475727,hold
555,2022-03-28,-1,-1,0.005998187274997,-0.005998187274997,0.5419837639355923,hold
556,2022-03-29,-1,-1,0.0099824655821947,-0.0099824655821947,0.536573429665997,hold
557,2022-03-30,-1,-1,-0.0019144771620018,0.0019144771620018,0.5376006872428295,hold
558,2022-03-31,-1,-1,0.0117779652585923,-0.0117779652585923,0.5312688450254881,hold
559,2022-04-01,-1,-1,0.0216718413399843,-0.0216718413399843,0.519755270907219,hold
560,2022-04-04,-1,-1,-0.005317557796472,0.005317557796472,0.522519099600289,hold
561,2022-04-05,-1,-1,-0.0083391803235717,0.0083391803235717,0.5268764805943661,hold
562,2022-04-06,-1,-1,-0.0094397411049521,0.0094397411049521,0.5318500581654652,hold
563,2022-04-07,-1,-1,0.0082087593907955,-0.0082087593907955,0.5274842290060043,hold
564,2022-04-08,-1,-1,-0.006151497975913,0.006151497975913,0.5307290471730608,hold
565,2022-04-11,-1,-1,-0.0081838106412522,0.0081838106412522,0.5350724331969373,hold
566,2022-04-12,-1,-1,-0.0031174816283502,0.0031174816283502,0.5367405116772653,hold
567,2022-04-13,-1,-1,-0.0172811880101475,0.0172811880101475,0.5460160253722229,hold
568,2022-04-18,0,-1,-0.0125191788064678,0.0125191788064678,0.5528516976250547,hold
569,2022-04-19,0,-1,0.010490244596548,-0.010490244596548,0.547052148091351,hold
570,2022-04-20,-1,-1,0.014941678252146,-0.014941678252146,0.5388782709074248,hold
571,2022-04-21,-1,-1,-0.0126864526051679,0.0126864526051679,0.5457147245512467,hold
572,2022-04-22,0,-1,-0.0126951225643019,0.0126951225643019,0.5526426398645691,hold
573,2022-04-25,-1,-1,0.0145601216162072,-0.0145601216162072,0.5445960958178392,hold
574,2022-04-26,-1,-1,-0.0094414436101153,0.0094414436101153,0.5497378691467922,hold
575,2022-04-27,0,-1,0.0121285088909346,-0.0121285088909346,0.5430703685131619,hold
576,2022-04-28,-1,-1,-0.0082632403816946,0.0082632403816946,0.5475578895123617,hold
577,2022-04-29,1,1,-0.0019559171203674,-0.0019559171203674,0.5459393537723599,flip
578,2022-05-02,-1,-1,-0.0229361834519363,0.0229361834519363,0.5579151795903421,flip
579,2022-05-04,-1,-1,0.0003028482136697,-0.0003028482136697,0.557746215974824,hold
580,2022-05-05,-1,-1,-0.0162684216398562,0.0162684216398562,0.5668198665843367,hold
581,2022-05-06,1,1,-0.0066661826871809,-0.0066661826871809,0.5624745219363777,flip
582,2022-05-09,1,1,-0.0037909688880922,-0.0037909688880922,0.5603421985233724,hold
583,2022-05-10,1,1,-0.0044919933245182,-0.0044919933245182,0.5578251451081596,hold
584,2022-05-11,1,1,-0.0222117521417858,-0.0222117521417858,0.5454348712465614,hold
585,2022-05-12,1,1,-0.0016352232651188,-0.0016352232651188,0.544542963455492,hold
586,2022-05-13,-1,-1,0.0038112305721171,-0.0038112305721171,0.5419230417018838,flip
587,2022-05-16,-1,-1,0.0263219359020472,-0.0263219359020472,0.5276585781343643,hold
588,2022-05-17,1,1,-0.0011685620062508,-0.0011685620062508,0.5265143177895498,flip
589,2022-05-18,-1,-1,-0.0265327253341793,0.0265327253341793,0.5399576632501834,flip
590,2022-05-19,-1,-1,0.0288910387942893,-0.0288910387942893,0.5243577254539484,hold
591,2022-05-20,-1,-1,-0.0031630222318707,0.0031630222318707,0.5260162805970123,hold
592,2022-05-23,1,1,-0.0055227542667355,-0.0055227542667355,0.5225852056583759,flip
593,2022-05-24,-1,-1,-0.0061612191843656,0.0061612191843656,0.5252823824472855,flip
594,2022-05-25,-1,-1,0.0090073873189953,-0.0090073873189953,0.5205509605767382,hold
595,2022-05-26,0,-1,0.0112738471989222,-0.0112738471989222,0.5146823485879439,hold
596,2022-05-27,-1,-1,0.0188932050929628,-0.0188932050929628,0.5049583494183442,hold
597,2022-05-30,1,1,-0.0046124339835348,-0.0046124339835348,0.502124304017799,flip
598,2022-05-31,0,1,-0.0037264067061659,-0.0037264067061659,0.5002531846439782,hold
599,2022-06-01,-1,-1,0.0063700049931154,-0.0063700049931154,0.4965663161753302,flip
600,2022-06-02,0,-1,-0.0026280502014673,0.0026280502014673,0.49787131738259666,hold
601,2022-06-03,-1,-1,-0.0008893953501298,0.0008893953501298,0.4983141218172398,hold
602,2022-06-06,-1,-1,-0.0092459460064759,0.0092459460064759,0.5029215072818265,hold
603,2022-06-07,-1,-1,-0.0036609606157923,0.0036609606157923,0.5047626831128201,hold
604,2022-06-08,-1,-1,0.0074497277416889,-0.0074497277416889,0.5010023385494652,hold
605,2022-06-09,-1,-1,-0.0167676984141,0.0167676984141,0.5094029946670214,hold
606,2022-06-10,0,-1,-0.0263797491152091,0.0263797491152091,0.5228409178648736,hold
607,2022-06-13,0,-1,-0.0026816094559853,0.0026816094559853,0.5242429730141962,hold
608,2022-06-14,1,1,-0.002539344381356,-0.002539344381356,0.5223874965931931,flip
609,2022-06-15,-1,-1,-0.0211284478542902,0.0211284478542902,0.5329023460781024,flip
610,2022-06-16,1,1,-0.0043682936266399,-0.0043682936266399,0.5300415698100298,flip
611,2022-06-17,1,1,0.0037042135956451,0.0037042135956451,0.5320049569991772,hold
612,2022-06-20,-1,-1,0.018804337854487,-0.018804337854487,0.5214689510905036,flip
613,2022-06-21,1,1,-0.0144192650853174,-0.0144192650853174,0.5134282830998768,flip
614,2022-06-22,-1,-1,0.0093004475196092,-0.0093004475196092,0.5081397420147235,flip
615,2022-06-23,-1,-1,0.0091664725885294,-0.0091664725885294,0.5034818929984031,hold
616,2022-06-24,-1,-1,0.008458990377725,-0.008458990377725,0.4992229445101708,hold
617,2022-06-27,-1,-1,0.0011464333961117,-0.0011464333961117,0.4986506186544791,hold
618,2022-06-28,-1,-1,-0.0032239710103227,0.0032239710103227,0.5002582537933007,hold
619,2022-06-29,-1,-1,-0.0011930812414028,0.0011930812414028,0.5008551025317584,hold
620,2022-06-30,-1,-1,-0.0017870563085186,0.0017870563085186,0.5017501588023914,hold
621,2022-07-01,-1,-1,0.0052881882498054,-0.0052881882498054,0.4990968095082746,hold
622,2022-07-04,1,1,-0.0015471713984448,-0.0015471713984448,0.4978255243900401,flip
623,2022-07-05,-1,-1,0.0113181897073002,-0.0113181897073002,0.49169321513946734,flip
624,2022-07-06,-1,-1,0.0089494920315105,-0.0089494920315105,0.4872928106286289,hold
625,2022-07-07,0,-1,0.0054360478665673,-0.0054360478665673,0.48464386358501754,hold
626,2022-07-08,0,-1,-0.0002835659276332,0.0002835659276332,0.4847812920717668,hold
627,2022-07-11,1,1,-0.0097249750439381,-0.0097249750439381,0.47958202481252904,flip
628,2022-07-12,0,1,-0.0057072925015229,-0.0057072925015229,0.4768449099184513,hold
629,2022-07-13,0,1,-0.0017536552323109,-0.0017536552323109,0.476008688347172,hold
630,2022-07-14,-1,-1,0.0069359576863876,-0.0069359576863876,0.47223110353809605,flip
631,2022-07-15,-1,-1,0.0142873041582765,-0.0142873041582765,0.4654841941288487,hold
632,2022-07-18,0,-1,0.0038117642711243,-0.0038117642711243,0.4637098781088953,hold
633,2022-07-19,-1,-1,0.0110338885069691,-0.0110338885069691,0.4585933550142615,hold
634,2022-07-20,-1,-1,0.005108719746296,-0.005108719746296,0.45625053008598004,hold
635,2022-07-21,-1,-1,0.0068772959606149,-0.0068772959606149,0.4531127601583913,hold
636,2022-07-22,0,-1,-0.0052901993117577,0.0052901993117577,0.4555098169703299,hold
637,2022-07-25,-1,-1,-0.008847958067765,0.008847958067765,0.45954014873033866,hold
638,2022-07-26,-1,-1,0.0095821774414373,-0.0095821774414373,0.45513675348374005,hold
639,2022-07-27,-1,-1,0.0172937311236929,-0.0172937311236929,0.44726574084448173,hold
640,2022-07-28,-1,-1,0.0135059538264792,-0.0135059538264792,0.44122499040047014,hold
641,2022-07-29,-1,-1,0.0105955316684394,-0.0105955316684394,0.43654997704177506,hold
642,2022-08-01,-1,-1,0.0003113276638058,-0.0003113276638058,0.4364140669572882,hold
643,2022-08-02,-1,-1,0.0024618083588656,-0.0024618083588656,0.43533969915932624,hold
644,2022-08-03,-1,-1,-0.0003537116074355,0.0003537116074355,0.43549368386409637,hold
645,2022-08-04,-1,-1,0.0008917270739845,-0.0008917270739845,0.43510534235564546,hold
646,2022-08-05,-1,-1,0.0073343646716481,-0.0073343646716481,0.4319141211042269,hold
647,2022-08-08,-1,-1,0.0005506610997998,-0.0005506610997998,0.43167628279928055,hold
648,2022-08-10,-1,-1,0.0070859293688247,-0.0070859293688247,0.42861745514916805,hold
649,2022-08-11,0,-1,0.0022170219505635,-0.0022170219505635,0.42766720084270765,hold
650,2022-08-12,-1,-1,0.0071815193435313,-0.0071815193435313,0.4245959005672619,hold
651,2022-08-16,0,-1,0.0066759231988331,-0.0066759231988331,0.42176133094453544,hold
652,2022-08-17,0,-1,0.000682669936052,-0.000682669936052,0.4214734071637103,hold
653,2022-08-18,-1,-1,-0.011029475746944,0.011029475746944,0.4261220378860043,hold
654,2022-08-19,-1,-1,-0.0150773300473388,0.0150773300473388,0.43254682049165616,hold
655,2022-08-22,-1,-1,0.0049626821755044,-0.0049626821755044,0.4304002280955311,hold
656,2022-08-23,-1,-1,0.0015616110795051,-0.0015616110795051,0.42972811033071556,hold
657,2022-08-24,-1,-1,-0.0046861822192667,0.0046861822192667,0.43174189456046647,hold
658,2022-08-25,-1,-1,0.0020802555293466,-0.0020802555293466,0.43084376109705647,hold
659,2022-08-26,1,1,-0.0140099889245538,-0.0140099889245538,0.42437680101477654,flip
660,2022-08-29,0,1,0.0257842637890255,0.0257842637890255,0.43531904439808433,hold
661,2022-08-30,0,1,-0.0121907952721076,-0.0121907952721076,0.43001215904977774,hold
662,2022-09-01,0,1,-0.0001910505934481,-0.0001910505934481,0.4299300049716014,hold
663,2022-09-02,-1,-1,0.0072038500710118,-0.0072038500710118,0.42640292366978505,flip
664,2022-09-05,0,-1,-0.0005774531254664,0.0005774531254664,0.42664915137076614,hold
665,2022-09-06,1,1,-0.0017671004916441,-0.0017671004916441,0.42546857029424856,flip
666,2022-09-07,-1,-1,0.0098925129655895,-0.0098925129655895,0.42083414837586763,flip
667,2022-09-08,0,-1,0.0019439347917691,-0.0019439347917691,0.42001607423327525,hold
668,2022-09-09,1,1,0.005775695663245,0.005775695663245,0.42202194317748437,flip
669,2022-09-12,0,1,0.0074542019299801,0.0074542019299801,0.42516777996081195,hold
670,2022-09-13,0,1,-0.0036690976717561,-0.0036690976717561,0.42360779784925207,hold
671,2022-09-14,0,1,-0.0070179606679163,-0.0070179606679163,0.4206349349853234,hold
672,2022-09-15,-1,-1,-0.0193848531485446,0.0193848531485446,0.4283682464941762,flip
673,2022-09-16,0,-1,0.0052136885924867,-0.0052136885924867,0.426134867854046,hold
674,2022-09-19,-1,-1,0.0110088098852303,-0.0110088098852303,0.42144363010837305,hold
675,2022-09-20,-1,-1,-0.0054950054374517,0.0054950054374517,0.42375946514739793,hold
676,2022-09-21,0,-1,-0.0049975776569025,0.0049975776569025,0.4258772359823195,hold
677,2022-09-22,0,-1,-0.0171556772324205,0.0171556772324205,0.4331834483834675,hold
678,2022-09-23,0,-1,-0.0179513217622564,0.0179513217622564,0.4409596638474829,hold
679,2022-09-26,0,-1,-0.0005230508522044,0.0005230508522044,0.44119030817544613,hold
680,2022-09-27,-1,-1,-0.0087491784653945,0.0087491784653945,0.44505036091887556,hold
681,2022-09-28,1,1,-0.0024023347691036,-0.0024023347691036,0.4435361506019192,flip
682,2022-09-29,1,1,0.016425755966269,0.016425755966269,0.4508215671739247,hold
683,2022-09-30,-1,-1,-0.0121092644487904,0.0121092644487904,0.455829863182878,flip
684,2022-10-03,-1,-1,0.0229136709327191,-0.0229136709327191,0.44538512769659916,hold
685,2022-10-04,1,1,0.0033286441360573,0.0033286441360573,0.44642227116249705,flip
686,2022-10-06,-1,-1,-0.0009895331040011,0.0009895331040011,0.4464175985070132,flip
687,2022-10-07,-1,-1,-0.0042536458411471,0.0042536458411471,0.4483165008683174,hold
688,2022-10-10,1,1,-0.0149323831999303,-0.0149323831999303,0.4411737505816315,flip
689,2022-10-11,-1,-1,0.0082461453396196,-0.0082461453396196,0.43709459396372863,flip
690,2022-10-12,-1,-1,-0.0063800837728176,0.0063800837728176,0.43988329408986293,hold
691,2022-10-13,0,-1,0.0100708880038873,-0.0100708880038873,0.43545327870030287,hold
692,2022-10-14,-1,-1,0.0073375869608156,-0.0073375869608156,0.43225810240046714,hold
693,2022-10-17,-1,-1,0.010117285874136,-0.010117285874136,0.4278848236070701,hold
694,2022-10-18,0,-1,0.0014468379208691,-0.0014468379208691,0.427265743618511,hold
695,2022-10-19,0,-1,0.002952174549244,-0.002952174549244,0.4260043805644366,hold
696,2022-10-20,-1,-1,0.0007032337856462,-0.0007032337856462,0.4257047998911904,hold
697,2022-10-21,-1,-1,0.0087873563767617,-0.0087873563767617,0.42196398010324854,hold
698,2022-10-24,0,-1,-0.004196122026705,0.004196122026705,0.4237345924546359,hold
699,2022-10-25,-1,-1,0.0045649078749665,-0.0045649078749665,0.421800283076644,hold
700,2022-10-27,-1,-1,0.0028106052447454,-0.0028106052447454,0.4206147689887937,hold
701,2022-10-28,-1,-1,0.0126722303955641,-0.0126722303955641,0.41528464172839075,hold
702,2022-10-31,-1,-1,0.0073950532223929,-0.0073950532223929,0.4122135897003669,hold
703,2022-11-01,0,-1,-0.0034471976315451,0.0034471976315451,0.4136345714104727,hold
704,2022-11-02,-1,-1,-0.0016673473084335,0.0016673473084335,0.414324243899789,hold
705,2022-11-03,-1,-1,0.0035701681556883,-0.0035701681556883,0.4128450366780883,hold
706,2022-11-04,-1,-1,0.0047275862251119,-0.0047275862251119,0.41089327616958315,hold
707,2022-11-07,-1,-1,-0.0025161392359563,0.0025161392359563,0.41192714086354404,hold
708,2022-11-09,-1,-1,-0.0070937259046097,0.0070937259046097,0.4148492390934996,hold
709,2022-11-10,0,-1,0.0178331732470333,-0.0178331732470333,0.4074511607413453,hold
710,2022-11-11,-1,-1,-0.0011198455015547,0.0011198455015547,0.40790744309080473,hold
711,2022-11-14,-1,-1,0.0040509242609507,-0.0040509242609507,0.40625504093336584,hold
712,2022-11-15,-1,-1,0.0003396111515991,-0.0003396111515991,0.4061170721910715,hold
713,2022-11-16,-1,-1,-0.0035714963948192,0.0035714963948192,0.40756751785027645,hold
714,2022-11-17,-1,-1,-0.0019761337135545,0.0019761337135545,0.40837292576285006,hold
715,2022-11-18,-1,-1,-0.0080677295405768,0.0080677295405768,0.4116675680795988,hold
716,2022-11-21,0,-1,0.0046393301536886,-0.0046393301536886,0.40975770631771147,hold
717,2022-11-22,-1,-1,0.0012634580983039,-0.0012634580983039,0.40923999462532196,hold
718,2022-11-23,-1,-1,0.0118709498898301,-0.0118709498898301,0.40438192715621046,hold
719,2022-11-24,0,-1,0.0015500019600884,-0.0015500019600884,0.403755134376494,hold
720,2022-11-25,0,-1,0.0027008413120686,-0.0027008413120686,0.4026646558296102,hold
721,2022-11-28,0,-1,0.0029791265437502,-0.0029791265437502,0.4014650668651982,hold
722,2022-11-29,0,-1,0.0075356346254191,-0.0075356346254191,0.3984397728064326,hold
723,2022-11-30,0,-1,0.0028867353340049,-0.0028867353340049,0.39728958263579944,hold
724,2022-12-01,-1,-1,-0.006187396179402,0.006187396179402,0.39974777068151635,hold
725,2022-12-02,-1,-1,0.0002648237856262,-0.0002648237856262,0.39964190796358884,hold
726,2022-12-05,-1,-1,-0.0031175136590962,0.0031175136590962,0.4008877970704126,hold
727,2022-12-06,-1,-1,-0.0044119027503989,0.0044119027503989,0.40265647504490887,hold
728,2022-12-07,-1,-1,0.0026319123609277,-0.0026319123609277,0.40159671849103057,hold
729,2022-12-08,-1,-1,-0.0060587824059793,0.0060587824059793,0.404029905623323,hold
730,2022-12-09,0,-1,2.977743269738653e-05,-2.977743269738653e-05,0.4040178746500006,hold
731,2022-12-12,1,1,0.0059927938646799,0.0059927938646799,0.4060350526157742,flip
732,2022-12-13,1,1,0.0028106610731943,0.0028106610731943,0.4071762795325138,hold
733,2022-12-14,-1,-1,-0.0131509343553336,0.0131509343553336,0.41212385177616234,flip
734,2022-12-15,0,-1,-0.0079229530179417,0.0079229530179417,0.415389089691358,hold
735,2022-12-16,0,-1,0.0082899566889265,-0.0082899566889265,0.41194553212876406,hold
736,2022-12-19,1,1,-0.0019081205394395,-0.0019081205394395,0.41074754486565007,flip
737,2022-12-20,1,1,-0.0101277196435586,-0.0101277196435586,0.40658760888697076,hold
738,2022-12-21,0,1,-0.0039425027358517,-0.0039425027358517,0.4049846361265705,hold
739,2022-12-22,1,1,-0.0176831602541178,-0.0176831602541178,0.3978232279054888,hold
740,2022-12-23,0,1,0.0116696328935068,0.0116696328935068,0.40246567893165575,hold
741,2022-12-26,-1,-1,0.0065336546149905,-0.0065336546149905,0.399433641512197,flip
742,2022-12-27,-1,-1,-0.0005405150382313,0.0005405150382313,0.3996495414022099,hold
743,2022-12-28,-1,-1,0.0037798317009243,-0.0037798317009243,0.3981389333963579,hold
744,2022-12-29,-1,-1,-0.0047110779368918,0.0047110779368918,0.4000145969412991,hold
745,2022-12-30,1,1,0.0050895833553579,0.0050895833553579,0.4016504899788505,flip
746,2023-01-02,-1,-1,0.0019289276248581,-0.0019289276248581,0.40047408476321367,flip
747,2023-01-03,-1,-1,-0.0103990694870288,0.0103990694870288,0.4046386425984206,hold
748,2023-01-04,0,-1,-0.0028154392892826,0.0028154392892826,0.4057778781307541,hold
749,2023-01-05,1,1,-0.0073755037054461,-0.0073755037054461,0.4023792840088819,flip
750,2023-01-06,0,1,0.0135362517084902,0.0135362517084902,0.4078259912795082,hold
751,2023-01-09,-1,-1,-0.0103335047509585,0.0103335047509585,0.4116324371066799,flip
752,2023-01-10,0,-1,-0.0010299775022909,0.0010299775022909,0.4120564092561129,hold
753,2023-01-11,-1,-1,-0.0020954755408891,0.0020954755408891,0.41291986338317566,hold
754,2023-01-12,-1,-1,0.0055100959183882,-0.0055100959183882,0.4106446353293266,hold
755,2023-01-13,1,1,-0.0034388470725693,-0.0034388470725693,0.4088218465919288,flip
756,2023-01-16,1,1,0.0088545685118242,0.0088545685118242,0.41244178764170747,hold
757,2023-01-17,1,1,0.00620655632356,0.00620655632356,0.4150016308268955,hold
758,2023-01-18,1,1,-0.003165367099256,-0.003165367099256,0.4136879983185385,hold
759,2023-01-19,1,1,-0.0044289753051891,-0.0044289753051891,0.41185578438993253,hold
760,2023-01-20,1,1,0.0050422760956287,0.0050422760956287,0.41393247496640834,hold
761,2023-01-23,1,1,-1.3798013043020418e-05,-1.3798013043020418e-05,0.41392676352071983,hold
762,2023-01-24,1,1,-0.0124929796250122,-0.0124929796250122,0.4087555848978082,hold
763,2023-01-25,0,1,-0.0160742469061787,-0.0160742469061787,0.4021851467018814,hold
764,2023-01-27,0,1,0.0025334426073457,0.0025334426073457,0.40320405968857753,hold
765,2023-01-30,-1,-1,0.0007479862801675,-0.0007479862801675,0.4024992645241341,flip
766,2023-01-31,-1,-1,-0.0025959245256645,0.0025959245256645,0.40354412223647423,hold
767,2023-02-01,1,1,-0.0003349392530399,-0.0003349392530399,0.4030054153473673,flip
768,2023-02-02,-1,-1,0.0138355963078902,-0.0138355963078902,0.3970265896953801,flip
769,2023-02-03,0,-1,-0.0050101331608701,0.0050101331608701,0.3990157457781601,hold
770,2023-02-06,-1,-1,-0.0024261514654264,0.0024261514654264,0.39998381841450803,hold
771,2023-02-07,-1,-1,0.0084755364246817,-0.0084755364246817,0.3965937409922526,hold
772,2023-02-08,0,-1,0.0012170079483646,-0.0012170079483646,0.3961110832571934,hold
773,2023-02-09,0,-1,-0.0020649578680046,0.0020649578680046,0.39692903595516915,hold
774,2023-02-10,1,1,-0.0047937507000251,-0.0047937507000251,0.3946293280752436,flip
775,2023-02-13,1,1,0.0089443537049958,0.0089443537049958,0.3981590323679134,hold
776,2023-02-14,0,1,0.0047964707944361,0.0047964707944361,0.40006879053820704,hold
777,2023-02-15,0,1,0.0011101336008929,0.0011101336008929,0.4005129203452521,hold
778,2023-02-16,-1,-1,-0.0050815676893513,0.0050815676893513,0.402147640940101,flip
779,2023-02-17,0,-1,-0.0055505184801407,0.0055505184801407,0.40437976885288407,hold
780,2023-02-20,-1,-1,-0.001003126492992,0.001003126492992,0.40478541291225034,hold
781,2023-02-21,-1,-1,-0.0152803631315826,0.0152803631315826,0.4109706810119171,hold
782,2023-02-22,0,-1,-0.0024524349779846,0.0024524349779846,0.41197855988495685,hold
783,2023-02-23,-1,-1,-0.002595429723749,0.002595429723749,0.41304782128482953,hold
784,2023-02-24,1,1,-0.0041854114458053,-0.0041854114458053,0.41090599838467423,flip
785,2023-02-27,1,1,-0.0051027157362857,-0.0051027157362857,0.40880926188058253,hold
786,2023-02-28,0,1,0.008492348770636,0.008492348770636,0.4122810127131387,hold
787,2023-03-01,1,1,-0.0073921687198044,-0.0073921687198044,0.40923336190719134,hold
788,2023-03-02,1,1,0.0157285986298278,0.0157285986298278,0.41567002920256463,hold
789,2023-03-03,1,1,0.0066555236183669,0.0066555236183669,0.4184365308993696,hold
790,2023-03-06,0,1,0.0024250512391459,0.0024250512391459,0.41945126092713103,hold
791,2023-03-08,-1,-1,-0.0092822498999752,0.0092822498999752,0.42292526109098927,flip
792,2023-03-09,0,-1,-0.010045664635585,0.010045664635585,0.4271738264298266,hold
793,2023-03-10,0,-1,-0.0148510359316261,0.0148510359316261,0.43351780027518616,hold
794,2023-03-13,0,-1,-0.0064706805258611,0.0064706805258611,0.436322955463041,hold
795,2023-03-14,1,1,-0.0041746837386849,-0.0041746837386849,0.43406512216059145,flip
796,2023-03-15,1,1,0.0007924286811309,0.0007924286811309,0.43440908781287013,hold
797,2023-03-16,-1,-1,0.0067381296219788,-0.0067381296219788,0.43104757398240856,flip
798,2023-03-17,-1,-1,-0.0065292432199922,0.0065292432199922,0.43386198843232726,hold
799,2023-03-20,-1,-1,0.007010642946744,-0.007010642946744,0.4308203369432638,hold
800,2023-03-21,-1,-1,0.0025953757489405,-0.0025953757489405,0.4297021962886109,hold
801,2023-03-22,-1,-1,-0.0043726933046436,0.0043726933046436,0.43158115220531273,hold
802,2023-03-23,-1,-1,-0.0077209333285906,0.0077209333285906,0.43491336150736626,hold
803,2023-03-24,-1,-1,0.0023988383407489,-0.0023988383407489,0.4338700746608784,hold
804,2023-03-27,-1,-1,-0.0020016838613549,0.0020016838613549,0.4347385453872519,hold
805,2023-03-28,-1,-1,0.0076098565893214,-0.0076098565893214,0.4314302474030047,hold
806,2023-03-29,1,1,0.0163371989446239,0.0163371989446239,0.4380471789381529,flip
807,2023-03-31,1,1,0.0022062979737611,0.0022062979737611,0.43901364154145595,hold
808,2023-04-03,-1,-1,0.0091389548173612,-0.0091389548173612,0.43456250206566194,flip
809,2023-04-05,0,-1,0.0023978747854371,-0.0023978747854371,0.43352047559926227,hold
810,2023-04-06,-1,-1,0.001414863221935,-0.001414863221935,0.43290710342238115,hold
811,2023-04-10,-1,-1,0.0055747683219642,-0.0055747683219642,0.43049374661586876,hold
812,2023-04-11,0,-1,0.0050839679614469,-0.0050839679614469,0.4283051302004704,hold
813,2023-04-12,0,-1,0.0008757724412713,-0.0008757724412713,0.4279300323709857,hold
814,2023-04-13,-1,-1,-0.0067955121508301,0.0067955121508301,0.43083803610566784,hold
815,2023-04-17,-1,-1,-0.0026373533282438,0.0026373533282438,0.43197430823412514,hold
816,2023-04-18,-1,-1,-0.0023442830162407,0.0023442830162407,0.43298697826837074,hold
817,2023-04-19,-1,-1,0.0003234746363958,-0.0003234746363958,0.4328469179630113,hold
818,2023-04-20,-1,-1,-2.260708945023282e-05,2.260708945023282e-05,0.43285670337200394,hold
819,2023-04-21,-1,-1,0.0067719737565652,-0.0067719737565652,0.42992540913641536,hold
820,2023-04-24,-1,-1,0.0014568576938982,-0.0014568576938982,0.4292990689963126,hold
821,2023-04-25,-1,-1,0.0024958627615121,-0.0024958627615121,0.4282275974364529,hold
822,2023-04-26,-1,-1,0.0056951528101938,-0.0056951528101938,0.42578877583151015,hold
823,2023-04-27,-1,-1,0.0083700136036979,-0.0083700136036979,0.4222249179854985,hold
824,2023-04-28,0,-1,0.0045751669319125,-0.0045751669319125,0.42029316850290177,hold
825,2023-05-02,0,-1,-0.0031850283648763,0.0031850283648763,0.4216318141661472,hold
826,2023-05-03,1,1,0.0091737176073036,0.0091737176073036,0.42507811354939645,flip
827,2023-05-04,0,1,-0.0102324068655403,-0.0102324068655403,0.4207285413419227,hold
828,2023-05-05,0,1,0.0108141231183243,0.0108141231183243,0.42527835158738725,hold
829,2023-05-08,0,1,8.480038171931881e-05,8.480038171931881e-05,0.4253144153539388,hold
830,2023-05-09,-1,-1,0.0026908205008338,-0.0026908205008338,0.4237446561904504,flip
831,2023-05-10,-1,-1,-0.0009882342854272,0.0009882342854272,0.42416341518796435,hold
832,2023-05-11,-1,-1,0.0009728797753729,-0.0009728797753729,0.4237507551798749,hold
833,2023-05-12,-1,-1,0.0045891205221868,-0.0045891205221868,0.4218061118929868,hold
834,2023-05-15,-1,-1,-0.0061063388070606,0.0061063388070606,0.42438180292309424,hold
835,2023-05-16,0,-1,-0.0057282694884204,0.0057282694884204,0.42681277625621944,hold
836,2023-05-17,-1,-1,-0.0028490536527011,0.0028490536527011,0.4280287887554317,hold
837,2023-05-18,-1,-1,0.0040513721791914,-0.0040513721791914,0.426294684828775,hold
838,2023-05-19,-1,-1,0.0060977618257063,-0.0060977618257063,0.4236952413731246,hold
839,2023-05-22,0,-1,0.0018346005688616,-0.0018346005688616,0.4229179298422775,hold
840,2023-05-23,-1,-1,-0.0034117947119577,0.0034117947119577,0.4243608389989054,hold
841,2023-05-24,-1,-1,0.0019551116867164,-0.0019551116867164,0.4235311661631939,hold
842,2023-05-25,0,-1,0.0097264208278746,-0.0097264208278746,0.41941172380737024,hold
843,2023-05-26,0,-1,0.0053677985089635,-0.0053677985089635,0.4171604061816752,hold
844,2023-05-29,0,-1,0.0018925684396833,-0.0018925684396833,0.4163709015626503,hold
845,2023-05-30,-1,-1,-0.0053370195013254,0.0053370195013254,0.41859308118407457,hold
846,2023-05-31,0,-1,-0.0025169624936233,0.0025169624936233,0.41964666426950503,hold
847,2023-06-01,-1,-1,0.0025070443604549,-0.0025070443604549,0.41859459146646444,hold
848,2023-06-02,-1,-1,0.0032237875731377,-0.0032237875731377,0.4172451314243122,hold
849,2023-06-05,-1,-1,0.0002769943144211,-0.0002769943144211,0.41712955689518777,hold
850,2023-06-06,-1,-1,0.0068498516385289,-0.0068498516385289,0.4142722813164104,hold
851,2023-06-07,0,-1,-0.0049048192636628,0.0049048192636628,0.4163042119822126,hold
852,2023-06-08,1,1,-0.0038181972541345,-0.0038181972541345,0.41429837617115534,flip
853,2023-06-09,1,1,0.0020524046550352,0.0020524046550352,0.4151486840869825,hold
854,2023-06-12,-1,-1,0.0061635024393194,-0.0061635024393194,0.4121747654758452,flip
855,2023-06-13,0,-1,0.0021238341844009,-0.0021238341844009,0.4112993746189802,hold
856,2023-06-14,-1,-1,-0.0036149041015322,0.0036149041015322,0.41278618241524795,hold
857,2023-06-15,-1,-1,0.007379048352023,-0.007379048352023,0.4097402132161589,hold
858,2023-06-16,0,-1,-0.0037475183921172,0.0037475183921172,0.4112757222011765,hold
859,2023-06-19,0,-1,0.0032657175674986,-0.0032657175674986,0.40993261185009844,hold
860,2023-06-20,-1,-1,0.002133763746672,-0.002133763746672,0.40905791250435414,hold
861,2023-06-21,-1,-1,-0.0045394438174043,0.0045394438174043,0.4109148079162323,hold
862,2023-06-22,1,1,-0.0056336152360657,-0.0056336152360657,0.4081889571857142,flip
863,2023-06-23,0,1,0.0013768299134766,0.0013768299134766,0.4087509639523183,hold
864,2023-06-26,0,1,0.0067519034171119,0.0067519034171119,0.41151081098257575,hold
865,2023-06-27,1,1,0.0082210728123248,0.0082210728123248,0.4148938713227224,hold
866,2023-06-28,0,1,0.0114352747635688,0.0114352747635688,0.4196382967390185,hold
867,2023-06-30,0,1,0.0069570924336936,0.0069570924336936,0.42255775915814964,hold
868,2023-07-03,0,1,0.0034389465191355,0.0034389465191355,0.4240109126931403,hold
869,2023-07-04,-1,-1,0.0004899685388621,-0.0004899685388621,0.4233791497730933,flip
870,2023-07-05,-1,-1,0.0050932175812563,-0.0050932175812563,0.4212227876439317,hold
871,2023-07-06,-1,-1,-0.0084883544577184,0.0084883544577184,0.4247982759711216,hold
872,2023-07-07,-1,-1,0.0012466303397029,-0.0012466303397029,0.4242687095520425,hold
873,2023-07-10,-1,-1,0.0043139300324381,-0.0043139300324381,0.4224384440240822,hold
874,2023-07-11,-1,-1,-0.0028344294714754,0.0028344294714754,0.42363581599970834,hold
875,2023-07-12,-1,-1,0.0015192303855748,-0.0015192303855748,0.42299221559562383,hold
876,2023-07-13,-1,-1,0.0077651149314275,-0.0077651149314275,0.41970763242642467,hold
877,2023-07-14,-1,-1,0.0075110132510414,-0.0075110132510414,0.4165552028377066,hold
878,2023-07-17,0,-1,0.0019177068530324,-0.0019177068530324,0.41575637207055843,hold
879,2023-07-18,-1,-1,0.0042482823714824,-0.0042482823714824,0.4139901216042596,hold
880,2023-07-19,-1,-1,0.0073614124394989,-0.0073614124394989,0.4109425695732523,hold
881,2023-07-20,-1,-1,-0.011719737128305,0.011719737128305,0.41575870846348106,hold
882,2023-07-21,-1,-1,-0.0036794322929856,0.0036794322929856,0.4172884644814916,hold
883,2023-07-24,-1,-1,0.0004193703428323,-0.0004193703428323,0.417113466075082,hold
884,2023-07-25,-1,-1,0.0049643391875346,-0.0049643391875346,0.41504277334979706,hold
885,2023-07-26,0,-1,-0.0059863783008722,0.0059863783008722,0.4175273764021121,hold
886,2023-07-27,-1,-1,-0.0007044597937843,0.0007044597937843,0.4178215076515916,hold
887,2023-07-28,-1,-1,0.0054845628365591,-0.0054845628365591,0.4155299393384106,hold
888,2023-07-31,0,-1,-0.0010251191770254,0.0010251191770254,0.4159559070478546,hold
889,2023-08-01,-1,-1,-0.0104897492749598,0.0104897492749598,0.4203191802222251,hold
890,2023-08-02,0,-1,-0.0074206854169113,0.0074206854169113,0.42343823663334823,hold
891,2023-08-03,0,-1,0.0069833892701145,-0.0069833892701145,0.4204812025950867,hold
892,2023-08-04,1,1,0.0041144018676027,0.0041144018676027,0.4217907500377407,flip
893,2023-08-07,1,1,-0.0013497354646058,-0.0013497354646058,0.42122144410377205,hold
894,2023-08-08,-1,-1,0.0031527078847637,-0.0031527078847637,0.41947223449161075,flip
895,2023-08-09,-1,-1,-0.0045562684580157,0.0045562684580157,0.4213834626026382,hold
896,2023-08-10,-1,-1,-0.0058741361615907,0.0058741361615907,0.4238587264382086,hold
897,2023-08-11,1,1,0.0003216956578122,0.0003216956578122,0.4235712212235914,flip
898,2023-08-14,-1,-1,0.0015667570139761,-0.0015667570139761,0.42248401682059733,flip
899,2023-08-16,1,1,-0.0051245825841254,-0.0051245825841254,0.41989647856910656,flip
900,2023-08-17,1,1,-0.0028452826260957,-0.0028452826260957,0.4187017544138751,hold
901,2023-08-18,1,1,0.0043215209131937,0.0043215209131937,0.42051118280196553,hold
902,2023-08-21,1,1,0.0001469355577301,0.0001469355577301,0.4205729708471423,hold
903,2023-08-22,1,1,0.0024515199000461,0.0024515199000461,0.42160401385459556,hold
904,2023-08-23,-1,-1,-0.0029469646806212,0.0029469646806212,0.42242486197877865,flip
905,2023-08-24,-1,-1,-0.0062361537740819,0.0062361537740819,0.4250591683760736,hold
906,2023-08-25,-1,-1,0.0020891942389009,-0.0020891942389009,0.4241711372103103,hold
907,2023-08-28,1,1,0.001895758474361,0.001895758474361,0.42455109210104586,flip
908,2023-08-29,1,1,0.0002480956863764,0.0002480956863764,0.4246564213956425,hold
909,2023-08-30,1,1,-0.0048403506033882,-0.0048403506033882,0.42260093543010746,hold
910,2023-08-31,1,1,0.0094267101889176,0.0094267101889176,0.42658467197397254,hold
911,2023-09-01,0,1,0.0048108337016425,0.0048108337016425,0.42863689989050907,hold
912,2023-09-04,1,1,0.0023605960187407,0.0023605960187407,0.429648738449876,hold
913,2023-09-05,1,1,0.0018467726478093,0.0018467726478093,0.430442201988211,hold
914,2023-09-06,1,1,0.0059150323607803,0.0059150323607803,0.4329882815424168,hold
915,2023-09-07,0,1,0.004709190366575,0.004709190366575,0.43502730578669624,hold
916,2023-09-08,0,1,0.0089001434200508,0.0089001434200508,0.43889911119983616,hold
917,2023-09-11,0,1,-0.0001575482868895,-0.0001575482868895,0.4388299633967493,hold
918,2023-09-12,1,1,0.0038413452699443,0.0038413452699443,0.4405156608009533,hold
919,2023-09-13,-1,-1,0.0016492082399102,-0.0016492082399102,0.4393486430825499,flip
920,2023-09-14,-1,-1,0.0044396138771742,-0.0044396138771742,0.43739810474980295,hold
921,2023-09-15,-1,-1,-0.0029243168460981,0.0029243168460981,0.4386771953959742,hold
922,2023-09-18,-1,-1,-0.011518249945432,0.011518249945432,0.44372998897790616,hold
923,2023-09-20,0,-1,-0.0079919391664983,0.0079919391664983,0.4472762520561685,hold
924,2023-09-21,-1,-1,-0.0034494176591149,0.0034494176591149,0.4488190946585138,hold
925,2023-09-22,-1,-1,1.5288066889551644e-05,-1.5288066889551644e-05,0.44881223308217333,hold
926,2023-09-25,-1,-1,-0.0005007261720755,0.0005007261720755,0.44903696511362523,hold
927,2023-09-26,-1,-1,0.0026316191986632,-0.0026316191986632,0.4478552708153228,hold
928,2023-09-27,-1,-1,-0.0097836296667737,0.0097836296667737,0.4522369209292926,hold
929,2023-09-28,0,-1,0.0058775169171687,-0.0058775169171687,0.4495788907759624,hold
930,2023-09-29,-1,-1,-0.0055784246544688,0.0055784246544688,0.45208683274439576,hold
931,2023-10-03,-1,-1,-0.0047443072713306,0.0047443072713306,0.45423167159225786,hold
932,2023-10-04,1,1,0.0056415841052857,0.0056415841052857,0.4563400260992379,flip
933,2023-10-05,-1,-1,0.0055127073660514,-0.0055127073660514,0.4533680170498373,flip
934,2023-10-06,-1,-1,-0.0071819467588469,0.0071819467588469,0.4566240820104533,hold
935,2023-10-09,-1,-1,0.0090968029762401,-0.0090968029762401,0.4524702627021977,hold
936,2023-10-10,0,-1,0.0061706921287072,-0.0061706921287072,0.44967820801366715,hold
937,2023-10-11,0,-1,-0.0008757409120068,0.0008757409120068,0.45007200961766264,hold
938,2023-10-12,-1,-1,-0.002169809980297,0.002169809980297,0.45104858035598333,hold
939,2023-10-13,-1,-1,-0.0009772027556287,0.0009772027556287,0.4514893462716296,hold
940,2023-10-16,-1,-1,0.0040417094276989,-0.0040417094276989,0.44966455752429796,hold
941,2023-10-17,0,-1,-0.0070868127413371,0.0070868127413371,0.45285124603988886,hold
942,2023-10-18,0,-1,-0.0023588102112444,0.0023588102112444,0.4539194361832225,hold
943,2023-10-19,-1,-1,-0.0041808960845935,0.0041808960845935,0.4558172261766818,hold
944,2023-10-20,1,1,-0.0133503074255556,-0.0133503074255556,0.4492761088511824,flip
945,2023-10-23,0,1,-0.008277236732921,-0.008277236732921,0.4455573441397756,hold
946,2023-10-25,0,1,-0.0138530649123475,-0.0138530649123475,0.43938500932923413,hold
947,2023-10-26,0,1,0.0100757003274603,0.0100757003274603,0.4438121210116138,hold
948,2023-10-27,-1,-1,0.0049167407696648,-0.0049167407696648,0.44118619974115303,flip
949,2023-10-30,-1,-1,-0.0032026069828995,0.0032026069828995,0.4425991457452029,hold
950,2023-10-31,1,1,-0.0047406245729368,-0.0047406245729368,0.4400583502131772,flip
951,2023-11-01,-1,-1,0.0075885232572669,-0.0075885232572669,0.43627889883781684,flip
952,2023-11-02,-1,-1,0.0050879808383312,-0.0050879808383312,0.4340591201603618,hold
953,2023-11-03,-1,-1,0.0094199033989916,-0.0094199033989916,0.4299703251789999,hold
954,2023-11-06,-1,-1,-0.0002601919584787,0.0002601919584787,0.4300821999999959,hold
955,2023-11-07,-1,-1,0.0018962926582819,-0.0018962926582819,0.42926663828167816,hold
956,2023-11-08,-1,-1,-0.002478937369815,0.002478937369815,0.4303307633929295,hold
957,2023-11-09,1,1,0.0015492839458333,0.0015492839458333,0.4305671371726595,flip
958,2023-11-10,-1,-1,0.0009369804014345,-0.0009369804014345,0.4297331370664543,flip
959,2023-11-13,-1,-1,0.0119267535086042,-0.0119267535086042,0.42460781586618346,hold
960,2023-11-15,0,-1,0.0045615222809993,-0.0045615222809993,0.42267095785342346,hold
961,2023-11-16,0,-1,-0.0016897597201204,0.0016897597201204,0.42338517021286887,hold
962,2023-11-17,1,1,-0.0019157289123818,-0.0019157289123818,0.4221506938310055,flip
963,2023-11-20,1,1,0.004539473475424,0.004539473475424,0.4240670357082832,hold
964,2023-11-21,0,1,0.0014380348265852,0.0014380348265852,0.42467685887443846,hold
965,2023-11-22,-1,-1,-0.0004971574875239,0.0004971574875239,0.42446331329573156,flip
966,2023-11-23,-1,-1,-0.0003686890844358,0.0003686890844358,0.4246198082860872,hold
967,2023-11-24,-1,-1,0.0047992646389904,-0.0047992646389904,0.4225819454551649,hold
968,2023-11-28,-1,-1,0.0104023891135545,-0.0104023891135545,0.41818608362617743,hold
969,2023-11-29,-1,-1,0.0018187545137213,-0.0018187545137213,0.4174255057990069,hold
970,2023-11-30,-1,-1,0.0066929416105065,-0.0066929416105065,0.414631701261958,hold
971,2023-12-01,-1,-1,0.0206681690037693,-0.0206681690037693,0.4060620231859554,hold
972,2023-12-04,-1,-1,0.0081355657602475,-0.0081355657602475,0.4027584788935869,hold
973,2023-12-05,-1,-1,0.0039606432442005,-0.0039606432442005,0.40116329624511254,hold
974,2023-12-06,-1,-1,-0.001745599062397,0.001745599062397,0.4018635665189061,hold
975,2023-12-07,-1,-1,0.0032653705047074,-0.0032653705047074,0.40055133308187874,hold
976,2023-12-08,-1,-1,0.0013209351833629,-0.0013209351833629,0.400022230733268,hold
977,2023-12-11,-1,-1,-0.0043196070141755,0.0043196070141755,0.4017501695669696,hold
978,2023-12-12,-1,-1,0.0009542158562574,-0.0009542158562574,0.4013668131849147,hold
979,2023-12-13,-1,-1,0.0122500872899569,-0.0122500872899569,0.39645003468810763,hold
980,2023-12-14,-1,-1,0.0129327792008919,-0.0129327792008919,0.39132283392530043,hold
981,2023-12-15,-1,-1,-0.0017710126840955,0.0017710126840955,0.39201587162775836,hold
982,2023-12-18,-1,-1,0.0016083748565725,-0.0016083748565725,0.39138536315645495,hold
983,2023-12-19,-1,-1,-0.0141214660942333,0.0141214660942333,0.396912298292048,hold
984,2023-12-20,-1,-1,0.0049597940765233,-0.0049597940765233,0.39494369502607984,hold
985,2023-12-21,-1,-1,0.0044389265566107,-0.0044389265566107,0.3931905689698626,hold
986,2023-12-22,-1,-1,0.0043068759341071,-0.0043068759341071,0.39149714597084845,hold
987,2023-12-26,-1,-1,0.0099527499207277,-0.0099527499207277,0.38760067278232196,hold
988,2023-12-27,-1,-1,0.0057238813077962,-0.0057238813077962,0.38538209253649397,hold
989,2023-12-28,-1,-1,-0.0021717930740454,0.0021717930740454,0.3862190626959259,hold
990,2023-12-29,-1,-1,0.0004831718072126,-0.0004831718072126,0.3860324525334231,hold
991,2024-01-01,-1,-1,-0.003500136051024,0.003500136051024,0.38738361863740056,hold
992,2024-01-02,-1,-1,-0.0068518663756694,0.0068518663756694,0.3900379194284273,hold
993,2024-01-03,-1,-1,0.0065644701863494,-0.0065644701863494,0.3874775271347936,hold
994,2024-01-04,-1,-1,0.0024101822286055,-0.0024101822286055,0.38654363568490935,hold
995,2024-01-05,-1,-1,-0.009110708685643,0.009110708685643,0.39006532214392386,hold
996,2024-01-08,0,-1,0.0014804820050666,-0.0014804820050666,0.3894878374536893,hold
997,2024-01-09,-1,-1,0.0034277152411805,-0.0034277152411805,0.3881527840569949,hold
998,2024-01-10,-1,-1,0.0013183031833516,-0.0013183031833516,0.38764108100614575,hold
999,2024-01-11,-1,-1,0.0114264926377058,-0.0114264926377058,0.3832117030479567,hold
1000,2024-01-12,0,-1,0.0092670746948486,-0.0092670746948486,0.37966045157187117,hold
1001,2024-01-15,0,-1,-0.0029482333845447,0.0029482333845447,0.3807797791899867,hold
1002,2024-01-16,1,1,-0.0208943935120824,-0.0208943935120824,0.37244283686295726,flip
1003,2024-01-17,0,1,-0.0050852715087356,-0.0050852715087356,0.3705488639160254,hold
1004,2024-01-18,-1,-1,0.0074619571864553,-0.0074619571864553,0.36741329529407835,flip
1005,2024-01-19,0,-1,-0.0177408429427344,0.0177408429427344,0.3739315168609631,hold
1006,2024-01-23,0,-1,0.0101299710711508,-0.0101299710711508,0.37014360141257,hold
1007,2024-01-24,0,-1,-0.0047240537554001,0.0047240537554001,0.37189217968286037,hold
1008,2024-01-25,-1,-1,0.0180305914522447,-0.0180305914522447,0.36518674372671395,hold
1009,2024-01-29,0,-1,-0.0099136981024832,0.0099136981024832,0.3688070948550495,hold
1010,2024-01-30,0,-1,0.0094600254190029,-0.0094600254190029,0.36531817036301206,hold
1011,2024-01-31,0,-1,-0.0013003033741542,0.0013003033741542,0.3657931948125749,hold
1012,2024-02-01,-1,-1,0.0072059881750932,-0.0072059881750932,0.3631572933762259,hold
1013,2024-02-02,0,-1,-0.0037568550808078,0.0037568550808078,0.36452162269897875,hold
1014,2024-02-05,-1,-1,0.0072434021015312,-0.0072434021015312,0.3618812460110674,hold
1015,2024-02-06,0,-1,5.014315737827957e-05,-5.014315737827957e-05,0.36186310014279643,hold
1016,2024-02-07,-1,-1,-0.0096920171108729,0.0096920171108729,0.36537028350117395,hold
1017,2024-02-08,0,-1,0.0029722318898448,-0.0029722318898448,0.36428431829295016,hold
1018,2024-02-09,-1,-1,-0.0076414194307357,0.0076414194307357,0.36706796756106624,hold
1019,2024-02-12,-1,-1,0.0058844800115076,-0.0058844800115076,0.3649079634430884,hold
1020,2024-02-13,-1,-1,0.0044519922849619,-0.0044519922849619,0.3632833960051186,hold
1021,2024-02-14,0,-1,0.0032371361888359,-0.0032371361888359,0.36210739817710724,hold
1022,2024-02-15,0,-1,0.0059308430222606,-0.0059308430222606,0.3599597960413196,hold
1023,2024-02-16,0,-1,0.0037000088082788,-0.0037000088082788,0.3586279416253405,hold
1024,2024-02-19,-1,-1,0.003376655573009,-0.003376655573009,0.35741697858761456,hold
1025,2024-02-20,-1,-1,-0.00639270001033,0.00639270001033,0.35970183811032375,hold
1026,2024-02-21,-1,-1,0.0073633218581414,-0.0073633218581414,0.35705323770335234,hold
1027,2024-02-22,0,-1,-0.0002137959201901,0.0002137959201901,0.35712957422886393,hold
1028,2024-02-23,-1,-1,-0.0040809285088362,0.0040809285088362,0.358586994489683,hold
1029,2024-02-26,1,1,0.0034489943486464,0.0034489943486464,0.3594651720126864,flip
1030,2024-02-27,-1,-1,-0.0111359278099485,0.0111359278099485,0.36310868504639776,flip
1031,2024-02-28,0,-1,0.0014418556686905,-0.0014418556686905,0.36258513473051285,hold
1032,2024-02-29,-1,-1,0.0161921687000685,-0.0161921687000685,0.35671409506081936,hold
1033,2024-03-01,1,1,0.0029925402887358,0.0029925402887358,0.35742486226678805,flip
1034,2024-03-04,-1,-1,-0.0022002905070378,0.0022002905070378,0.3578538759359462,flip
1035,2024-03-05,-1,-1,0.0052669715420341,-0.0052669715420341,0.35596906975518494,hold
1036,2024-03-06,0,-1,0.000867667346212,-0.000867667346212,0.3556602070170969,hold
1037,2024-03-07,-1,-1,-0.0071531788017711,0.0071531788017711,0.35820430807056514,hold
1038,2024-03-11,0,-1,0.000136518866846,-0.000136518866846,0.358155406424328,hold
1039,2024-03-12,-1,-1,-0.0151327252704165,0.0151327252704165,0.3635752737938618,hold
1040,2024-03-13,0,-1,0.0067712159528048,-0.0067712159528048,0.3611134270999034,hold
1041,2024-03-14,0,-1,-0.0055674686273187,0.0055674686273187,0.3631239147761856,hold
1042,2024-03-15,0,-1,0.0014688778023679,-0.0014688778023679,0.3625905301182619,hold
1043,2024-03-18,0,-1,-0.0108021966402886,0.0108021966402886,0.3665073043245059,hold
1044,2024-03-19,0,-1,0.0009923428906801,-0.0009923428906801,0.3661436034066772,hold
1045,2024-03-20,-1,-1,0.0079146856998078,-0.0079146856998078,0.3632456918647182,hold
1046,2024-03-21,-1,-1,0.0038524885010076,-0.0038524885010076,0.36184629201376883,hold
1047,2024-03-22,-1,-1,-0.0041658063402989,0.0041658063402989,0.3633536735912535,hold
1048,2024-03-26,1,1,0.0054057167831516,0.0054057167831516,0.3649545069692143,flip
1049,2024-03-27,0,1,0.0091870010785439,0.0091870010785439,0.36830734441835994,hold
1050,2024-03-28,0,1,0.0060509791780918,0.0060509791780918,0.37053596449057374,hold
1051,2024-04-01,0,1,-0.0003872860275131,-0.0003872860275131,0.37039246108883545,hold
1052,2024-04-02,1,1,-0.0008306302403686,-0.0008306302403686,0.37008480190985055,hold
1053,2024-04-03,-1,-1,0.0035659124883635,-0.0035659124883635,0.3683950270910568,flip
1054,2024-04-04,-1,-1,-4.224679746289706e-05,4.224679746289706e-05,0.3684105906011527,hold
1055,2024-04-05,-1,-1,0.0067781647528144,-0.0067781647528144,0.36591344292137645,hold
1056,2024-04-08,0,-1,-0.0010390218270411,0.0010390218270411,0.36629363497537953,hold
1057,2024-04-09,-1,-1,0.0049044741142307,-0.0049044741142307,0.36449715732443533,hold
1058,2024-04-10,0,-1,-0.0103015928142499,0.0103015928142499,0.3682520586211432,hold
1059,2024-04-12,0,-1,-0.010963897188301,0.010963897188301,0.3722895363312456,hold
1060,2024-04-15,0,-1,-0.005594325260972,0.005594325260972,0.37437224508873906,hold
1061,2024-04-16,-1,-1,-0.0068652458503182,0.0068652458503182,0.37694240259080886,hold
1062,2024-04-18,1,1,0.0068717686886063,0.0068717686886063,0.37915572118774965,flip
1063,2024-04-19,-1,-1,0.0085519659829773,-0.0085519659829773,0.3755340386367131,flip
1064,2024-04-22,-1,-1,0.0014147135985376,-0.0014147135985376,0.37500276552553996,hold
1065,2024-04-23,-1,-1,0.0015379287654238,-0.0015379287654238,0.37442603798532476,hold
1066,2024-04-24,-1,-1,0.0074969296067168,-0.0074969296067168,0.3716189923356269,hold
1067,2024-04-25,0,-1,-0.0066636269808832,0.0066636269808832,0.37409532267956325,hold
1068,2024-04-26,0,-1,0.0099666225688024,-0.0099666225688024,0.3703668557936617,hold
1069,2024-04-29,0,-1,-0.0017025173156396,0.0017025173156396,0.37099741177878937,hold
1070,2024-04-30,-1,-1,0.001917712797214,-0.001917712797214,0.37028594529448794,hold
1071,2024-05-02,-1,-1,-0.0076098592965534,0.0076098592965534,0.3731037692376703,hold
1072,2024-05-03,0,-1,-0.0014749338156797,0.0014749338156797,0.3736540726036765,hold
1073,2024-05-06,-1,-1,-0.006246985595782,0.006246985595782,0.375988284213037,hold
1074,2024-05-07,0,-1,0.0,-0.0,0.375988284213037,hold
1075,2024-05-08,-1,-1,-0.0154691178119045,0.0154691178119045,0.3818044912774243,hold
1076,2024-05-09,0,-1,0.004449469144939,-0.004449469144939,0.38010566397408624,hold
1077,2024-05-10,-1,-1,0.0022149680905385,-0.0022149680905385,0.3792637420573507,hold
1078,2024-05-13,-1,-1,0.0051483245877055,-0.0051483245877055,0.37731116920889163,hold
1079,2024-05-14,-1,-1,-0.0007786004689536,0.0007786004689536,0.37760494386217913,hold
1080,2024-05-15,-1,-1,0.0091573776762647,-0.0091573776762647,0.37414707277880843,hold
1081,2024-05-16,0,-1,0.002778540343975,-0.002778540343975,0.37310749004251237,hold
1082,2024-05-17,0,-1,0.0028020516676037,-0.0028020516676037,0.3720620235778433,hold
1083,2024-05-21,0,-1,0.00305161547495,-0.00305161547495,0.3709266333490519,hold
1084,2024-05-22,0,-1,0.016366619608483,-0.016366619608483,0.36485581823837276,hold
1085,2024-05-23,1,1,-0.0004593757337192,-0.0004593757337192,0.3643233565109294,flip
1086,2024-05-24,-1,-1,-0.0010737589261899,0.0010737589261899,0.3643502286104916,flip
1087,2024-05-27,-1,-1,-0.0019317094176221,0.0019317094176221,0.36505404737841124,hold
1088,2024-05-28,-1,-1,-0.008015115627261,0.008015115627261,0.36797999777834883,hold
1089,2024-05-29,-1,-1,-0.0095155996581792,0.0095155996581792,0.3714815481194253,hold
1090,2024-05-30,0,-1,0.0018697799732139,-0.0018697799732139,0.37078695936033307,hold
1091,2024-05-31,-1,-1,0.0325423176953527,-0.0325423176953527,0.3587206923315353,hold
1092,2024-06-03,-1,-1,-0.0592935994164107,0.0592935994164107,0.3799905333650189,hold
1093,2024-06-04,0,-1,0.0336242367600356,-0.0336242367600356,0.3672136417045813,hold
1094,2024-06-05,-1,-1,0.0088880492442378,-0.0088880492442378,0.3639498287739551,hold
1095,2024-06-06,1,1,0.0205399314668071,0.0205399314668071,0.3710613834855544,flip
1096,2024-06-07,-1,-1,-0.0013289382574128,0.0013289382574128,0.3711834397704314,flip
1097,2024-06-10,-1,-1,0.0002429314342191,-0.0002429314342191,0.3710932676450496,hold
1098,2024-06-11,-1,-1,0.0024973129141392,-0.0024973129141392,0.37016653163540947,hold
1099,2024-06-12,-1,-1,0.003256499474515,-0.003256499474515,0.3689610845196557,hold
1100,2024-06-13,-1,-1,0.0028505279152657,-0.0028505279152657,0.3679093506485857,hold
1101,2024-06-14,-1,-1,0.0039334507869606,-0.0039334507869606,0.36646219732374685,hold
1102,2024-06-18,-1,-1,-0.0017786131162043,0.0017786131162043,0.36711399179449994,hold
1103,2024-06-19,-1,-1,0.0021687361796223,-0.0021687361796223,0.3663178183984496,hold
1104,2024-06-20,-1,-1,-0.0027962995130903,0.0027962995130903,0.36734215273567355,hold
1105,2024-06-21,-1,-1,0.001563756616109,-0.001563756616109,0.36676771901395744,hold
1106,2024-06-24,-1,-1,0.0077938798539154,-0.0077938798539154,0.36390917547766805,hold
1107,2024-06-25,-1,-1,0.0062180401218379,-0.0062180401218379,0.36164637362384294,hold
1108,2024-06-26,-1,-1,0.0073610408985447,-0.0073610408985447,0.35898427987678744,hold
1109,2024-06-27,0,-1,-0.0014099020825968,0.0014099020825968,0.35949041256060527,hold
1110,2024-06-28,-1,-1,0.0054704843490753,-0.0054704843490753,0.3575238258850499,hold
1111,2024-07-01,-1,-1,-0.0007497161563467,0.0007497161563467,0.3577918672735948,hold
1112,2024-07-02,-1,-1,0.0067423066077227,-0.0067423066077227,0.3553795248026866,hold
1113,2024-07-03,0,-1,0.0006444070008029,-0.0006444070008029,0.3551505157489617,hold
1114,2024-07-04,-1,-1,0.0008928929498506,-0.0008928929498506,0.35483340435731364,hold
1115,2024-07-05,-1,-1,-0.0001356211363734,0.0001356211363734,0.35488152726683586,hold
1116,2024-07-08,-1,-1,0.0046318209860134,-0.0046318209860134,0.3532377795612928,hold
1117,2024-07-09,0,-1,-0.0044509111977667,0.0044509111977667,0.3548100095498164,hold
1118,2024-07-10,-1,-1,-0.0003494426502141,0.0003494426502141,0.354933995299876,hold
1119,2024-07-11,-1,-1,0.007657573644356,-0.007657573644356,0.3522160620919817,hold
1120,2024-07-12,-1,-1,0.0034506697076412,-0.0034506697076412,0.35100068079597624,hold
1121,2024-07-15,-1,-1,0.0010697158254551,-0.0010697158254551,0.3506252098129833,hold
1122,2024-07-16,-1,-1,0.0076321297434283,-0.0076321297434283,0.34794919272037383,hold
1123,2024-07-18,0,-1,-0.0108846762510892,0.0108846762510892,0.35173650703496295,hold
1124,2024-07-19,-1,-1,-0.0008825762723847,0.0008825762723847,0.3520469413302035,hold
1125,2024-07-22,-1,-1,-0.0012321559717249,0.0012321559717249,0.352480718071291,hold
1126,2024-07-23,-1,-1,-0.0026778318259059,0.0026778318259059,0.3534246021561605,hold
1127,2024-07-24,-1,-1,-0.0003031269840456,0.0003031269840456,0.3535317346898996,hold
1128,2024-07-25,-1,-1,0.0175673297602745,-0.0175673297602745,0.3473211261258803,hold
1129,2024-07-26,0,-1,5.03324972633834e-05,-5.03324972633834e-05,0.34730364458625,hold
1130,2024-07-29,0,-1,0.0008536433743,-0.0008536433743,0.3470071711311787,hold
1131,2024-07-30,-1,-1,0.0037755350108565,-0.0037755350108565,0.34569703340755464,hold
1132,2024-07-31,-1,-1,0.0023946791656728,-0.0023946791656728,0.34486919992401865,hold
1133,2024-08-01,-1,-1,-0.0117229354919546,0.0117229354919546,0.3489120793078899,hold
1134,2024-08-02,0,-1,-0.0267864578946228,0.0267864578946228,0.358258198029196,hold
1135,2024-08-05,0,-1,-0.0026209626510589,0.0026209626510589,0.3591971793856662,hold
1136,2024-08-06,1,1,0.0127101624804444,0.0127101624804444,0.3634034367187897,flip
1137,2024-08-07,-1,-1,-0.007428747813561,0.007428747813561,0.36573966576803624,flip
1138,2024-08-08,1,1,0.0103868640378157,0.0103868640378157,0.369172814283837,flip
1139,2024-08-09,-1,-1,-0.0008412844977941,0.0008412844977941,0.36911422083521717,flip
1140,2024-08-12,-1,-1,-0.0085431469996303,0.0085431469996303,0.3722676178834664,hold
1141,2024-08-13,-1,-1,0.0001967769998756,-0.0001967769998756,0.37219436417846846,hold
1142,2024-08-14,-1,-1,0.0164597624902924,-0.0164597624902924,0.3660681333438655,hold
1143,2024-08-16,-1,-1,0.0012835584110202,-0.0012835584110202,0.3655982635123055,hold
1144,2024-08-19,-1,-1,0.0051357593399101,-0.0051357593399101,0.3637206388158173,hold
1145,2024-08-20,-1,-1,0.0028887826964991,-0.0028887826964991,0.36266992892804656,hold
1146,2024-08-21,-1,-1,0.0016673576536574,-0.0016673576536574,0.36206522844629696,hold
1147,2024-08-22,-1,-1,0.0004695560778267,-0.0004695560778267,0.3618952185177103,hold
1148,2024-08-23,-1,-1,0.007551387144671,-0.007551387144671,0.35916240761687773,hold
1149,2024-08-26,0,-1,0.000285894410237,-0.000285894410237,0.3590597250921728,hold
1150,2024-08-27,-1,-1,0.0013830024432652,-0.0013830024432652,0.3585631446150922,hold
1151,2024-08-28,-1,-1,0.0039756594063229,-0.0039756594063229,0.3571376196764425,hold
1152,2024-08-29,-1,-1,0.0033377600735777,-0.0033377600735777,0.3559455799887139,hold
1153,2024-08-30,-1,-1,0.0016959501132323,-0.0016959501132323,0.3553419140420275,hold
1154,2024-09-02,-1,-1,4.550829989491412e-05,-4.550829989491412e-05,0.355325743035638,hold
1155,2024-09-03,-1,-1,-0.0032100820170585,0.0032100820170585,0.3564663678135546,hold
1156,2024-09-04,-1,-1,-0.0021270784221717,0.0021270784221717,0.3572245997327607,hold
1157,2024-09-05,-1,-1,-0.0116503502989019,0.0116503502989019,0.3613863914550324,hold
1158,2024-09-06,-1,-1,0.0033900486950126,-0.0033900486950126,0.3601612739902849,hold
1159,2024-09-09,-1,-1,0.0041986500501236,-0.0041986500501236,0.358649082839193,hold
1160,2024-09-10,-1,-1,-0.0048979634496194,0.0048979634496194,0.36040573293817885,hold
1161,2024-09-11,1,1,0.0188796328272711,0.0188796328272711,0.36684965511195705,flip
1162,2024-09-12,1,1,-0.0012761636040355,-0.0012761636040355,0.3663814949339502,hold
1163,2024-09-13,-1,-1,0.0010746751326089,-0.0010746751326089,0.36562137235736264,flip
1164,2024-09-16,-1,-1,0.0013709866056039,-0.0013709866056039,0.3651201103531382,hold
1165,2024-09-17,-1,-1,-0.0016129951842196,0.0016129951842196,0.3657090473327995,hold
1166,2024-09-18,0,-1,0.0015072376499098,-0.0015072376499098,0.3651578368877469,hold
1167,2024-09-19,-1,-1,0.0147604413777415,-0.0147604413777415,0.3597679460427424,hold
1168,2024-09-20,1,1,0.0057423850996662,0.0057423850996662,0.36147410418939313,flip
1169,2024-09-23,-1,-1,5.203002169906768e-05,-5.203002169906768e-05,0.3610938225797191,flip
1170,2024-09-24,-1,-1,0.0024575565157058,-0.0024575565157058,0.3602064141032572,hold
1171,2024-09-25,-1,-1,0.008148714241454,-0.008148714241454,0.35727119496679094,hold
1172,2024-09-26,-1,-1,-0.0014152231703233,0.0014152231703233,0.357776813439997,hold
1173,2024-09-27,-1,-1,-0.0140609008520233,0.0140609008520233,0.3628074777409297,hold
1174,2024-09-30,-1,-1,-0.0005404401234794,0.0005404401234794,0.36300355345899926,hold
1175,2024-10-01,-1,-1,-0.0211963752609873,0.0211963752609873,0.3706979129991881,hold
1176,2024-10-03,0,-1,-0.0093266958801446,0.0093266958801446,0.3741552996971358,hold
1177,2024-10-04,0,-1,-0.0087488751686026,0.0087488751686026,0.3774287377078572,hold
1178,2024-10-07,0,-1,0.0087676473034692,-0.0087676473034692,0.37411957565344106,hold
1179,2024-10-08,-1,-1,-0.0012473907279866,0.0012473907279866,0.3745862489432695,hold
1180,2024-10-09,-1,-1,0.0006604768849507,-0.0006604768849507,0.374338843384422,hold
1181,2024-10-10,-1,-1,-0.0013680536120755,0.0013680536120755,0.37485095899125426,hold
1182,2024-10-11,-1,-1,0.0065573457544287,-0.0065573457544287,0.37239293164676945,hold
1183,2024-10-14,-1,-1,-0.0028096049048969,0.0028096049048969,0.37343920865407315,hold
1184,2024-10-15,1,1,-0.0034340754096676,-0.0034340754096676,0.3717833510419744,flip
1185,2024-10-16,1,1,-0.0088682273228345,-0.0088682273228345,0.36848629177008896,hold
1186,2024-10-17,-1,-1,0.0042101739412401,-0.0042101739412401,0.36656641409500423,flip
1187,2024-10-18,-1,-1,-0.0029351823779982,0.0029351823779982,0.36764235337402185,hold
1188,2024-10-21,1,1,-0.0124691803378693,-0.0124691803378693,0.3626905122165885,flip
1189,2024-10-22,1,1,-0.0014955647434917,-0.0014955647434917,0.36214808507371843,hold
1190,2024-10-23,-1,-1,-0.0014773427748562,0.0014773427748562,0.3623209538455564,flip
1191,2024-10-24,-1,-1,-0.0089592205494931,0.0089592205494931,0.36556706718076143,hold
1192,2024-10-25,1,1,0.0065485676346082,0.0065485676346082,0.36759544077799927,flip
1193,2024-10-28,-1,-1,0.0052466588480091,-0.0052466588480091,0.3652991974653756,flip
1194,2024-10-29,-1,-1,-0.0051498252538292,0.0051498252538292,0.3671804244976863,hold
1195,2024-10-30,1,1,-0.005566773640794,-0.005566773640794,0.3647692337646793,flip
1196,2024-10-31,1,1,0.0040900049616161,0.0040900049616161,0.36626114174062174,hold
1197,2024-11-01,-1,-1,-0.0127137736646451,0.0127137736646451,0.3705514418571259,flip
1198,2024-11-04,1,1,0.0090830588186072,0.0090830588186072,0.3735466309569768,flip
1199,2024-11-05,-1,-1,0.0111818707596305,-0.0111818707596305,0.36899613417596355,flip
1200,2024-11-06,-1,-1,-0.0116280257061476,0.0116280257061476,0.37328683070963076,hold
1201,2024-11-07,-1,-1,-0.0021137093124677,0.0021137093124677,0.37407585055992326,hold
1202,2024-11-08,-1,-1,-0.0002856708874028,0.0002856708874028,0.3741827131401087,hold
1203,2024-11-11,-1,-1,-0.0106809307765333,0.0106809307765333,0.3781793327969336,hold
1204,2024-11-12,0,-1,-0.0135825623229214,0.0135825623229214,0.38331597715388877,hold
1205,2024-11-13,1,1,-0.0011185324376894,-0.0011185324376894,0.3825039098224036,flip
1206,2024-11-14,-1,-1,-0.0033527151631265,0.0033527151631265,0.383403832570998,flip
1207,2024-11-18,1,1,0.0027585814066317,0.0027585814066317,0.3840780794221888,flip
1208,2024-11-19,-1,-1,-0.0071688079331164,0.0071688079331164,0.3864473833254646,flip
1209,2024-11-21,1,1,0.0238694641112378,0.0238694641112378,0.3952852278893081,flip
1210,2024-11-22,1,1,0.0131612958673623,0.0131612958673623,0.40048769372555704,hold
1211,2024-11-25,-1,-1,-0.0011312238174179,0.0011312238174179,0.40054024724955667,flip
1212,2024-11-26,-1,-1,0.0033230854378061,-0.0033230854378061,0.3992092177866664,hold
1213,2024-11-27,-1,-1,-0.0148610290544929,0.0148610290544929,0.4051418775710154,hold
1214,2024-11-28,0,-1,0.0090720019405352,-0.0090720019405352,0.4014664296714991,hold
1215,2024-11-29,-1,-1,0.0060068200049485,-0.0060068200049485,0.3990548930904331,hold
1216,2024-12-02,-1,-1,0.0074600111445999,-0.0074600111445999,0.39607793914067135,hold
1217,2024-12-03,0,-1,0.0004210968146538,-0.0004210968146538,0.39591115198214455,hold
1218,2024-12-04,-1,-1,0.0098478255628851,-0.0098478255628851,0.3920122880190235,hold
1219,2024-12-05,-1,-1,-0.0012384293961259,0.0012384293961259,0.3924977675601488,hold
1220,2024-12-06,-1,-1,-0.0023827399277279,0.0023827399277279,0.39343298766245843,hold
1221,2024-12-09,-1,-1,-0.00036350862139,0.00036350862139,0.393576003945413,hold
1222,2024-12-10,-1,-1,0.0012901233029631,-0.0012901233029631,0.3930682423712359,hold
1223,2024-12-11,-1,-1,-0.0037781963796591,0.0037781963796591,0.3945533313815218,hold
1224,2024-12-12,-1,-1,0.0089455478085889,-0.0089455478085889,0.3910238356926104,hold
1225,2024-12-13,-1,-1,-0.0040394689217332,0.0040394689217332,0.39260336432454757,hold
1226,2024-12-16,-1,-1,-0.0134687300477334,0.0134687300477334,0.39789123305446683,hold
1227,2024-12-17,0,-1,-0.0056356998120069,0.0056356998120069,0.4001336286017911,hold
1228,2024-12-18,-1,-1,-0.010213311567061,0.010213311567061,0.40422031801915986,hold
1229,2024-12-19,0,-1,-0.0152055691508056,0.0152055691508056,0.4103667180169608,hold
1230,2024-12-20,0,-1,0.0070354729729729,-0.0070354729729729,0.4074795940633449,hold
1231,2024-12-23,-1,-1,-0.0010861087115143,0.0010861087115143,0.4079221612002214,hold
1232,2024-12-24,-1,-1,0.0009503186263191,-0.0009503186263191,0.40753450517234446,hold
1233,2024-12-26,-1,-1,0.002661079652128,-0.002661079652128,0.4064500233930903,hold
1234,2024-12-27,-1,-1,-0.0070758479358679,0.0070758479358679,0.40932600195214974,hold
1235,2024-12-30,1,1,-4.212721278373799e-06,-4.212721278373799e-06,0.4089149515738394,flip
1236,2024-12-31,-1,-1,0.0041488871182535,-0.0041488871182535,0.4068094946472196,flip
1237,2025-01-01,-1,-1,0.0187740331916654,-0.0187740331916654,0.3991720396920281,hold
1238,2025-01-02,1,1,-0.0076027553276091,-0.0076027553276091,0.3957380603009349,flip
1239,2025-01-03,-1,-1,-0.0161925959966257,0.0161925959966257,0.4017503487715753,flip
1240,2025-01-06,-1,-1,0.0038892874268343,-0.0038892874268343,0.4001878261913717,hold
1241,2025-01-07,-1,-1,-0.0007993610384197,0.0007993610384197,0.40050772074767893,hold
1242,2025-01-08,-1,-1,-0.0068575949591475,0.0068575949591475,0.4032542404745778,hold
1243,2025-01-09,1,1,-0.0040379997024632,-0.0040379997024632,0.4012226457310499,flip
1244,2025-01-10,1,1,-0.0147472753024774,-0.0147472753024774,0.39530570491686573,hold
1245,2025-01-13,1,1,0.0039028744993869,0.0039028744993869,0.39684853347204796,hold
1246,2025-01-14,-1,-1,0.0016028803979861,-0.0016028803979861,0.39581558420330404,flip
1247,2025-01-15,-1,-1,0.0042476507253836,-0.0042476507253836,0.39413429784994475,hold
1248,2025-01-16,-1,-1,-0.0046586517926727,0.0046586517926727,0.39597043230317724,hold
1249,2025-01-17,1,1,0.0061004855371675,0.0061004855371675,0.39799007376628565,flip
1250,2025-01-20,-1,-1,-0.0137118456772935,0.0137118456772935,0.4030492621650974,flip
1251,2025-01-21,-1,-1,0.0056764909144164,-0.0056764909144164,0.400761356690355,hold
1252,2025-01-22,-1,-1,0.0021593282262408,-0.0021593282262408,0.39989598138086696,hold
1253,2025-01-23,-1,-1,-0.0048760476583936,0.0048760476583936,0.4018458932444801,hold
1254,2025-01-24,1,1,-0.0113912419355629,-0.0113912419355629,0.3968665235604754,flip
1255,2025-01-27,1,1,0.0056112298172781,0.0056112298172781,0.3990934328309575,hold
1256,2025-01-28,-1,-1,0.0089666492883511,-0.0089666492883511,0.3951158085526472,flip
1257,2025-01-29,1,1,0.0037300875997627,0.0037300875997627,0.3961945093220471,flip
1258,2025-01-30,-1,-1,0.0111357401503258,-0.0111357401503258,0.3913863957079289,flip
1259,2025-01-31,0,-1,-0.0011166221250199,0.0011166221250199,0.3918234264168081,hold
1260,2025-02-01,-1,-1,-0.0051570919766934,0.0051570919766934,0.39384409586546276,hold
1261,2025-02-03,0,-1,0.0161893068206311,-0.0161893068206311,0.38746803295800275,hold
1262,2025-02-04,-1,-1,-0.0018092070621439,0.0018092070621439,0.38816904285958537,hold
1263,2025-02-05,-1,-1,-0.0039226026346081,0.0039226026346081,0.3896916757697797,hold
1264,2025-02-06,-1,-1,-0.0018387386257991,0.0018387386257991,0.39040821690617,hold
1265,2025-02-07,-1,-1,-0.0075700336923079,0.0075700336923079,0.3933636202619036,hold
1266,2025-02-10,0,-1,-0.0132496849360461,0.0132496849360461,0.3985755642956763,hold
1267,2025-02-11,0,-1,-0.0011507892904301,0.0011507892904301,0.3990342407864949,hold
1268,2025-02-12,-1,-1,-0.0006009745771905,0.0006009745771905,0.39927405022063606,hold
1269,2025-02-13,-1,-1,-0.0044352661537063,0.0044352661537063,0.4010449369016329,hold
1270,2025-02-14,1,1,0.0013192755977626,0.0013192755977626,0.4011729807635919,flip
1271,2025-02-17,-1,-1,-0.0006184463402948,0.0006184463402948,0.4010199117446067,flip
1272,2025-02-18,-1,-1,-0.0005404326900405,0.0005404326900405,0.4012366360142706,hold
1273,2025-02-19,-1,-1,-0.0008612081186238,0.0008612081186238,0.40158218426269543,hold
1274,2025-02-20,-1,-1,-0.0051171487988824,0.0051171487988824,0.4036371400545478,hold
1275,2025-02-21,-1,-1,-0.0106401053300685,0.0106401053300685,0.4079318817398558,hold
1276,2025-02-24,1,1,-0.0002571160481895,-0.0002571160481895,0.4074190640247525,flip
1277,2025-02-25,-1,-1,-0.0001108767876499,0.0001108767876499,0.4070568182777741,flip
1278,2025-02-27,-1,-1,-0.0186449596666951,0.0186449596666951,0.4146463762366165,hold
1279,2025-02-28,1,1,-0.0002440004922383,-0.0002440004922383,0.4141305559404733,flip
1280,2025-03-03,-1,-1,-0.0016569416451024,0.0016569416451024,0.41440261554918006,flip
1281,2025-03-04,-1,-1,0.0115316950692254,-0.0115316950692254,0.40962385095077747,hold
1282,2025-03-05,-1,-1,0.009284847776867,-0.009284847776867,0.40582055584892546,hold
1283,2025-03-06,1,1,0.0003460139864501,0.0003460139864501,0.40555515488138927,flip
1284,2025-03-07,-1,-1,-0.0040882039130917,0.0040882039130917,0.4068075918976685,flip
1285,2025-03-10,1,1,0.001674047455606,0.001674047455606,0.4070817995199084,flip
1286,2025-03-11,-1,-1,-0.0012179087892316,0.0012179087892316,0.4071705062219601,flip
1287,2025-03-12,-1,-1,-0.0032620894617386,0.0032620894617386,0.4084987328394375,hold
1288,2025-03-13,-1,-1,0.0049805683362682,-0.0049805683362682,0.40646417698525167,hold
1289,2025-03-17,1,1,0.0144632989948354,0.0144632989948354,0.4119365257306939,flip
1290,2025-03-18,-1,-1,0.0032100316461272,-0.0032100316461272,0.410202259921172,flip
1291,2025-03-19,1,1,0.01235619558909,0.01235619558909,0.41486059701592365,flip
1292,2025-03-20,-1,-1,0.0068885519512889,-0.0068885519512889,0.4115879476438208,flip
1293,2025-03-21,-1,-1,0.0131881772302988,-0.0131881772302988,0.4061598528444392,hold
1294,2025-03-24,-1,-1,0.0004353972876416,-0.0004353972876416,0.40598301194616176,hold
1295,2025-03-25,-1,-1,-0.0076810793285454,0.0076810793285454,0.409101399666962,hold
1296,2025-03-26,-1,-1,0.0044748278770025,-0.0044748278770025,0.40727074131921154,hold
1297,2025-03-27,-1,-1,-0.0030773044101545,0.0030773044101545,0.4085240373676,hold
1298,2025-03-28,-1,-1,-0.0150365718652369,0.0150365718652369,0.4146668384141547,hold
1299,2025-04-01,0,-1,0.0071938424586863,-0.0071938424586863,0.41168379050576176,hold
1300,2025-04-02,-1,-1,-0.0035251486188494,0.0035251486188494,0.41313503705126586,hold
1301,2025-04-03,-1,-1,-0.0148666197750665,0.0148666197750665,0.419276958562865,hold
1302,2025-04-04,0,-1,-0.0324325462830553,0.0324325462830553,0.43287517792687374,hold
1303,2025-04-07,0,-1,0.0168873189028142,-0.0168873189028142,0.4255650767521102,hold
1304,2025-04-08,-1,-1,-0.0060658560080705,0.0060658560080705,0.4281464932297519,hold
1305,2025-04-09,1,1,0.0191703874091904,0.0191703874091904,0.43592608087962287,flip
1306,2025-04-11,-1,-1,0.0219023977821084,-0.0219023977821084,0.4259423283717222,flip
1307,2025-04-15,-1,-1,0.004657316201027,-0.004657316201027,0.42395858026509337,hold
1308,2025-04-16,-1,-1,0.0176834769379541,-0.0176834769379541,0.4164615184883278,hold
1309,2025-04-17,-1,-1,0.0114834984640164,-0.0114834984640164,0.41167908328044517,hold
1310,2025-04-21,-1,-1,0.0017284255654137,-0.0017284255654137,0.41096752662815716,hold
1311,2025-04-22,-1,-1,0.0066908406521222,-0.0066908406521222,0.4082178083942914,hold
1312,2025-04-23,-1,-1,-0.0033807460922566,0.0033807460922566,0.40959788915480994,hold
1313,2025-04-24,-1,-1,-0.0085516633626838,0.0085516633626838,0.4131006324169278,hold
1314,2025-04-25,-1,-1,0.0120282118827472,-0.0120282118827472,0.40813177048132016,hold
1315,2025-04-28,-1,-1,0.0003061930965739,-0.0003061930965739,0.4080068033507063,hold
1316,2025-04-29,-1,-1,-7.191007773188485e-05,7.191007773188485e-05,0.40803614315165043,hold
1317,2025-04-30,-1,-1,0.0005136803511647,-0.0005136803511647,0.4078265430023484,hold
1318,2025-05-02,-1,-1,0.0047008906976129,-0.0047008906976129,0.40590939500010903,hold
1319,2025-05-05,0,-1,-0.0033338898599493,0.0033338898599493,0.40726265221615804,hold
1320,2025-05-06,-1,-1,0.0014274549954715,-0.0014274549954715,0.40668130310878314,hold
1321,2025-05-07,-1,-1,-0.0057588802970967,0.0057588802970967,0.40902333205245395,hold
1322,2025-05-08,0,-1,-0.0109501096942064,0.0109501096942064,0.41350218240591813,hold
1323,2025-05-09,-1,-1,0.0381830730902199,-0.0381830730902199,0.3977133983521475,hold
1324,2025-05-12,-1,-1,-0.0138958390765435,0.0138958390765435,0.4032399597342342,hold
1325,2025-05-13,-1,-1,0.0036027960647213,-0.0036027960647213,0.40178716839416534,hold
1326,2025-05-14,-1,-1,0.0160214381414618,-0.0160214381414618,0.3953499601297051,hold
1327,2025-05-15,-1,-1,-0.0016877607536591,0.0016877607536591,0.3960172162763727,hold
1328,2025-05-16,-1,-1,-0.0029717088137536,0.0029717088137536,0.3971940641283793,hold
1329,2025-05-19,-1,-1,-0.0104848313546668,0.0104848313546668,0.4013585769058401,hold
1330,2025-05-20,-1,-1,0.0052483127088862,-0.0052483127088862,0.3992521215858447,hold
1331,2025-05-21,-1,-1,-0.0082112727740422,0.0082112727740422,0.40253048966180116,hold
1332,2025-05-22,-1,-1,0.0098924887180058,-0.0098924887180058,0.39854846133416844,hold
1333,2025-05-23,-1,-1,0.0059549794562796,-0.0059549794562796,0.3961751134345916,hold
1334,2025-05-26,-1,-1,-0.0069977248703164,0.0069977248703164,0.39894743787887327,hold
1335,2025-05-27,-1,-1,-0.0029706520659956,0.0029706520659956,0.4001325719094318,hold
1336,2025-05-28,1,1,0.0032784792287758,0.0032784792287758,0.40104426566328416,flip
1337,2025-05-29,-1,-1,-0.0033382349691143,0.0033382349691143,0.4019820013894208,flip
1338,2025-05-30,1,1,-0.0013777230725331,-0.0013777230725331,0.40102619950997415,flip
1339,2025-06-02,-1,-1,-0.0070438333802584,0.0070438333802584,0.4034499350409308,flip
1340,2025-06-03,1,1,0.0031659048079861,0.0031659048079861,0.4043237691950177,flip
1341,2025-06-04,-1,-1,0.0053086967621067,-0.0053086967621067,0.40177301314145436,flip
1342,2025-06-05,0,-1,0.0101875239545026,-0.0101875239545026,0.3976799409458031,hold
1343,2025-06-06,0,-1,0.0040054487100871,-0.0040054487100871,0.39608705433931424,hold
1344,2025-06-09,0,-1,4.18584595869298e-05,-4.18584595869298e-05,0.3960704747453573,hold
1345,2025-06-10,0,-1,0.0014798446727146,-0.0014798446727146,0.39548435196328585,hold
1346,2025-06-11,0,-1,-0.0100710846627866,0.0100710846627866,0.39946730835471533,hold
1347,2025-06-12,0,-1,-0.0068144588479197,0.0068144588479197,0.40218946188858784,hold
1348,2025-06-13,0,-1,0.0092197937677085,-0.0092197937677085,0.3984813579944294,hold
1349,2025-06-16,0,-1,-0.0037319707924959,0.0037319707924959,0.3999684787838187,hold
1350,2025-06-17,1,1,-0.0016637405234334,-0.0016637405234334,0.3989030665387862,flip
1351,2025-06-18,-1,-1,-0.0007577278241026,0.0007577278241026,0.39880642342488376,flip
1352,2025-06-19,-1,-1,0.0128724709598377,-0.0128724709598377,0.3936727993207502,hold
1353,2025-06-20,0,-1,-0.0055948454872697,0.0055948454872697,0.3958753378054907,hold
1354,2025-06-23,1,1,0.0029012296868362,0.0029012296868362,0.3966279877500129,flip
1355,2025-06-24,-1,-1,0.0080018205204253,-0.0080018205204253,0.3930576137909098,flip
1356,2025-06-25,0,-1,0.0120520108141297,-0.0120520108141297,0.38832047917892576,hold
1357,2025-06-26,-1,-1,0.003475704773181,-0.003475704773181,0.3869707918359196,hold
1358,2025-06-27,-1,-1,-0.0047098423546652,0.0047098423546652,0.38879336326132674,hold
1359,2025-06-30,-1,-1,0.0009699396772837,-0.0009699396772837,0.38841625715203504,hold
1360,2025-07-01,-1,-1,-0.0034610085397696,0.0034610085397696,0.38976056913502355,hold
1361,2025-07-02,-1,-1,-0.0018897125192245,0.0018897125192245,0.3904971045620181,hold
1362,2025-07-03,-1,-1,0.0021924250859925,-0.0021924250859925,0.3896409689139689,hold
1363,2025-07-04,-1,-1,1.1813410706551508e-05,-1.1813410706551508e-05,0.389636365925175,hold
1364,2025-07-07,-1,-1,0.0024036171315751,-0.0024036171315751,0.38869982928095254,hold
1365,2025-07-08,-1,-1,-0.0018180190273288,0.0018180190273288,0.3894064929665047,hold
1366,2025-07-09,-1,-1,-0.004743646446198,0.004743646446198,0.39125369969299173,hold
1367,2025-07-10,-1,-1,-0.008100901810276,0.008100901810276,0.39442320749711185,hold
1368,2025-07-11,0,-1,-0.0026858541571485,0.0026858541571485,0.3954825707086438,hold
1369,2025-07-14,-1,-1,0.0045251032187942,-0.0045251032187942,0.3936929712549531,hold
1370,2025-07-15,-1,-1,0.0006449487413033,-0.0006449487413033,0.3934390594686823,hold
1371,2025-07-16,-1,-1,-0.0039902173517283,0.0039902173517283,0.3950089668306219,hold
1372,2025-07-17,-1,-1,-0.0056965580472427,0.0056965580472427,0.39725915833935393,hold
1373,2025-07-18,1,1,0.0048981443028652,0.0048981443028652,0.3988077318641956,flip
1374,2025-07-21,1,1,-0.0011876443882732,-0.0011876443882732,0.3983340900994471,hold
1375,2025-07-22,-1,-1,0.0063445445902445,-0.0063445445902445,0.39540850761289725,flip
1376,2025-07-23,-1,-1,-0.006256994627491,0.006256994627491,0.3978825765206954,hold
1377,2025-07-24,1,1,-0.0089816740370306,-0.0089816740370306,0.3939110423368519,flip
1378,2025-07-25,-1,-1,-0.0062849623293875,0.0062849623293875,0.39599284735673196,flip
1379,2025-07-28,0,-1,0.0056804742343701,-0.0056804742343701,0.39374342019032715,hold
1380,2025-07-29,-1,-1,0.0013678351245234,-0.0013678351245234,0.39320484411014084,hold
1381,2025-07-30,-1,-1,-0.0034882717656889,0.0034882717656889,0.3945764494659824,hold
1382,2025-07-31,1,1,-0.0081959437427822,-0.0081959437427822,0.39094794663446647,flip
1383,2025-08-01,1,1,0.0064074150430544,0.0064074150430544,0.3934529123887834,hold
1384,2025-08-04,-1,-1,-0.0029608040671041,0.0029608040671041,0.39422439645960927,flip
1385,2025-08-05,1,1,-0.0030569142281212,-0.0030569142281212,0.3926250618965398,flip
1386,2025-08-06,1,1,0.0008932609229541,0.0008932609229541,0.3929757785217044,hold
1387,2025-08-07,-1,-1,-0.0094669127354072,0.0094669127354072,0.3963030701455764,flip
1388,2025-08-08,0,-1,0.0091018044718578,-0.0091018044718578,0.3926959970895144,hold
1389,2025-08-11,-1,-1,-0.0039719417907191,0.0039719417907191,0.3942557627314024,hold
1390,2025-08-12,-1,-1,0.0053884535167121,-0.0053884535167121,0.39213133388022836,hold
1391,2025-08-13,-1,-1,0.000485438164071,-0.000485438164071,0.39194097836543484,hold
1392,2025-08-14,-1,-1,0.0099730192766349,-0.0099730192766349,0.3880321434328932,hold
1393,2025-08-18,0,-1,0.0041685646806257,-0.0041685646806257,0.3864146063448314,hold
1394,2025-08-19,0,-1,0.0027981813736617,-0.0027981813736617,0.38533334819084647,hold
1395,2025-08-20,-1,-1,0.0013252889742787,-0.0013252889742787,0.3848226701530672,hold
1396,2025-08-21,-1,-1,-0.0085174820600987,0.0085174820600987,0.3881003903424152,hold
1397,2025-08-22,-1,-1,0.0039264173509054,-0.0039264173509054,0.3865765462358816,hold
1398,2025-08-25,-1,-1,-0.0102411798720348,0.0102411798720348,0.39053554618019326,hold
1399,2025-08-26,0,-1,-0.0085444301039235,0.0085444301039235,0.3938724498576275,hold
1400,2025-08-28,0,-1,-0.0030223697933294,0.0030223697933294,0.3950628780525018,hold
1401,2025-08-29,-1,-1,0.0081140701746054,-0.0081140701746054,0.3918573101366022,hold
1402,2025-09-01,0,-1,-0.0018457290617897,0.0018457290617897,0.3925805725619961,hold
1403,2025-09-02,-1,-1,0.005510715147017,-0.005510715147017,0.3904171728543541,hold
1404,2025-09-03,-1,-1,0.0007788776228048,-0.0007788776228048,0.39011308565485914,hold
1405,2025-09-04,-1,-1,0.0002708473067116,-0.0002708473067116,0.39000742457629656,hold
1406,2025-09-05,-1,-1,0.0012994782193525,-0.0012994782193525,0.3895006184226739,hold
1407,2025-09-08,0,-1,0.0038529301782352,-0.0038529301782352,0.3879998997355119,hold
1408,2025-09-09,0,-1,0.0042020862308871,-0.0042020862308871,0.38636949069924775,hold
1409,2025-09-10,0,-1,0.0012974116602184,-0.0012974116602184,0.3858682104168619,hold
1410,2025-09-11,0,-1,0.0043390454100098,-0.0043390454100098,0.3841939107295839,hold
1411,2025-09-12,0,-1,-0.0017838966811339,0.0017838966811339,0.38487927297184626,hold
1412,2025-09-15,-1,-1,0.0067772563910986,-0.0067772563910986,0.38227084745929646,hold
1413,2025-09-16,0,-1,0.0036114755294653,-0.0036114755294653,0.38089028564806926,hold
1414,2025-09-17,-1,-1,0.0036853015416349,-0.0036853015416349,0.37948659009117663,hold
1415,2025-09-18,-1,-1,-0.0037976065391384,0.0037976065391384,0.3809277308472222,hold
1416,2025-09-19,-1,-1,-0.0049236357186648,0.0049236357186648,0.3828032802290515,hold
1417,2025-09-22,-1,-1,-0.001303434397354,0.001303434397354,0.38330223919192197,hold
1418,2025-09-23,-1,-1,-0.0044736530076083,0.0044736530076083,0.38501700040710596,hold
1419,2025-09-24,-1,-1,-0.0066269482123226,0.0066269482123226,0.38756848812966765,hold
1420,2025-09-25,-1,-1,-0.0094874379272315,0.0094874379272315,0.3912455201033488,hold
1421,2025-09-26,0,-1,-0.0008030448049409,0.0008030448049409,0.3915597077857242,hold
1422,2025-09-29,-1,-1,-0.0009661407544825,0.0009661407544825,0.39193800957722924,hold
1423,2025-09-30,-1,-1,0.0091503904924759,-0.0091503904924759,0.3883516237407538,hold
1424,2025-10-01,-1,-1,0.0023332467769816,-0.0023332467769816,0.3874455035663252,hold
1425,2025-10-03,-1,-1,0.0073671787912872,-0.0073671787912872,0.38459112326967176,hold
1426,2025-10-06,0,-1,0.0012222193924698,-0.0012222193924698,0.3841210685406398,hold
1427,2025-10-07,-1,-1,-0.0024752925801897,0.0024752925801897,0.385071880571493,hold
1428,2025-10-08,1,1,0.0054160175719368,0.0054160175719368,0.38677236476255555,flip
1429,2025-10-09,1,1,0.004112050167679,0.004112050167679,0.388362792129931,hold
1430,2025-10-10,0,1,-0.0022938183927065,-0.0022938183927065,0.38747195841430054,hold
1431,2025-10-13,-1,-1,-0.0032444791324643,0.0032444791324643,0.3883416311393766,flip
1432,2025-10-14,-1,-1,0.0070808208725219,-0.0070808208725219,0.38559185361193565,hold
1433,2025-10-15,0,-1,0.0103362282114798,-0.0103362282114798,0.38160628821651515,hold
1434,2025-10-16,1,1,0.0048679837376106,0.0048679837376106,0.38308233513350665,flip
1435,2025-10-17,0,1,0.0051848137299641,0.0051848137299641,0.38506854568441357,hold
1436,2025-10-20,-1,-1,0.0009847568259027,-0.0009847568259027,0.38430427825992597,flip
1437,2025-10-21,-1,-1,0.0008814076368377,-0.0008814076368377,0.38396554953419826,hold
1438,2025-10-23,-1,-1,-0.0037174505259611,0.0037174505259611,0.3853929224682651,hold
1439,2025-10-24,-1,-1,0.0066252915000297,-0.0066252915000297,0.3828395820148645,hold
1440,2025-10-27,0,-1,-0.001149638146805,0.001149638146805,0.38327970900245567,hold
1441,2025-10-28,-1,-1,0.0045381040946781,-0.0045381040946781,0.38154034578562457,hold
1442,2025-10-29,-1,-1,-0.00675717564781,0.00675717564781,0.38411848091882417,hold
1443,2025-10-30,-1,-1,-0.0060186608373972,0.0060186608373972,0.38643035977685075,hold
1444,2025-10-31,-1,-1,0.0016036793506921,-0.0016036793506921,0.3858106493883961,hold
1445,2025-11-03,-1,-1,-0.0064315867797603,0.0064315867797603,0.3882920240604932,hold
1446,2025-11-04,-1,-1,-0.0034359080045569,0.0034359080045569,0.3896261597340682,hold
1447,2025-11-06,-1,-1,-0.0006820322478444,0.0006820322478444,0.38989189733961066,hold
1448,2025-11-07,-1,-1,0.0032185728871263,-0.0032185728871263,0.3886370018499231,hold
1449,2025-11-10,-1,-1,0.0047156471705849,-0.0047156471705849,0.3868043268717649,hold
1450,2025-11-11,1,1,0.0070384090258497,0.0070384090258497,0.38914000961038514,flip
1451,2025-11-12,0,1,0.0001294494962036,0.0001294494962036,0.3891903835885819,hold
1452,2025-11-13,0,1,0.0011940264714482,0.0011940264714482,0.38965508720901976,hold
1453,2025-11-14,0,1,0.0039906690408659,0.0039906690408659,0.3912100717021607,hold
1454,2025-11-17,0,1,-0.0039748069020186,-0.0039748069020186,0.38965508720901976,hold
1455,2025-11-18,0,1,0.0055036406751542,0.0055036406751542,0.39179960879626413,hold
1456,2025-11-19,0,1,0.0053545415882216,0.0053545415882216,0.3938975160958127,hold
1457,2025-11-20,0,1,-0.0047342428227803,-0.0047342428227803,0.3920327096073251,hold
1458,2025-11-21,-1,-1,-0.004167936312968,0.004167936312968,0.39327464426396147,flip
1459,2025-11-24,-1,-1,-0.002877529180069,0.002877529180069,0.3944063035286122,hold
1460,2025-11-25,-1,-1,0.0123817835303625,-0.0123817835303625,0.3895228500553105,hold
1461,2025-11-26,0,-1,0.0003911422381892,-0.0003911422381892,0.38937049121591405,hold
1462,2025-11-27,-1,-1,-0.0004806903583736,0.0004806903583736,0.38955765785687674,hold
1463,2025-11-28,-1,-1,-0.0010380212747401,0.0010380212747401,0.3899620269934701,hold
1464,2025-12-01,-1,-1,-0.0054841133969418,0.0054841133969418,0.3921006229700036,hold
1465,2025-12-02,-1,-1,-0.0017746951904364,0.0017746951904364,0.3927964820597556,hold
1466,2025-12-03,-1,-1,0.0018375278996383,-0.0018375278996383,0.392074707565091,hold
1467,2025-12-04,-1,-1,0.0058654330916598,-0.0058654330916598,0.3897750196009359,hold
1468,2025-12-05,1,1,-0.0086265394598917,-0.0086265394598917,0.3860228349942674,flip
1469,2025-12-08,0,1,-0.0046570811090926,-0.0046570811090926,0.38422509534173727,hold
1470,2025-12-09,1,1,-0.0031598875909956,-0.0031598875909956,0.3830109872308178,hold
1471,2025-12-10,1,1,0.0054565875164998,0.0054565875164998,0.3851009202024237,hold
1472,2025-12-11,1,1,0.0057299900196514,0.0057299900196514,0.38730754463174216,hold
1473,2025-12-12,1,1,-0.0007543469807149,-0.0007543469807149,0.3870153803548411,hold
1474,2025-12-15,-1,-1,-0.0064240688375742,0.0064240688375742,0.3891145784190858,flip
1475,2025-12-16,-1,-1,-0.0016066770334456,0.0016066770334456,0.3897397598756106,hold
1476,2025-12-17,-1,-1,-0.0001161955225689,0.0001161955225689,0.3897850458906752,hold
1477,2025-12-18,1,1,0.0058433620360547,0.0058433620360547,0.391672915984164,flip
1478,2025-12-19,1,1,0.0079333291061156,0.0079333291061156,0.39478018612861837,hold
1479,2025-12-22,0,1,0.0001814888939914,0.0001814888939914,0.3948518343479686,hold
1480,2025-12-23,1,1,-0.0013389838361685,-0.0013389838361685,0.3943231341240952,hold
1481,2025-12-24,1,1,-0.003817552133005,-0.003817552133005,0.3928177850023265,hold
1482,2025-12-26,0,1,-0.0038476313101776,-0.0038476313101776,0.3913063669935569,hold
1483,2025-12-29,-1,-1,-0.0001252789885528,0.0001252789885528,0.39096408309243463,flip
1484,2025-12-30,-1,-1,0.007353834224439,-0.007353834224439,0.38808899803766306,hold
1485,2025-12-31,1,1,0.0006487344669803,0.0006487344669803,0.3879526757489083,flip
1486,2026-01-01,-1,-1,0.0069607651702385,-0.0069607651702385,0.38486427560010555,flip
1487,2026-01-02,0,-1,-0.002972058760474,0.002972058760474,0.3860081148419963,hold
1488,2026-01-05,1,1,-0.0027276473171363,-0.0027276473171363,0.38456921272831274,flip
