idx,date,signal,position,return,pnl,equity,action
0,2020-01-01,0,0,0.0081838863379848,0.0,1.0,hold
1,2020-01-02,0,0,-0.0045227893866035,-0.0,1.0,hold
2,2020-01-03,0,0,-0.0191058530729412,-0.0,1.0,hold
3,2020-01-06,0,0,0.0049945920012428,0.0,1.0,hold
4,2020-01-07,0,0,-0.0022899444111396,-0.0,1.0,hold
5,2020-01-08,0,0,0.0158457581226116,0.0,1.0,hold
6,2020-01-09,0,0,0.0033480474426501,0.0,1.0,hold
7,2020-01-10,0,0,0.0059354808073293,0.0,1.0,hold
8,2020-01-13,0,0,0.0026562202609821,0.0,1.0,hold
9,2020-01-14,0,0,-0.0015369308543056,-0.0,1.0,hold
10,2020-01-15,0,0,0.0009884063018437,0.0,1.0,hold
11,2020-01-16,0,0,-0.0002549788049855,-0.0,1.0,hold
12,2020-01-17,0,0,-0.0103461939411514,-0.0,1.0,hold
13,2020-01-20,0,0,-0.0044746183856623,-0.0,1.0,hold
14,2020-01-21,0,0,-0.0051725551893021,-0.0,1.0,hold
15,2020-01-22,0,0,0.0060667236352978,0.0,1.0,hold
16,2020-01-23,0,0,0.0055745847042631,0.0,1.0,hold
17,2020-01-24,0,0,-0.0105525279121506,-0.0,1.0,hold
18,2020-01-27,0,0,-0.0052149678449129,-0.0,1.0,hold
19,2020-01-28,0,0,0.0061132563999481,0.0,1.0,hold
20,2020-01-29,0,0,-0.007724984155365,-0.0,1.0,hold
21,2020-01-30,0,0,-0.0061234148547233,-0.0,1.0,hold
22,2020-01-31,0,0,-0.0212503847193161,-0.0,1.0,hold
23,2020-02-03,0,0,0.0232108226866707,0.0,1.0,hold
24,2020-02-04,0,0,0.0091405004678344,0.0,1.0,hold
25,2020-02-05,0,0,0.0040366612301674,0.0,1.0,hold
26,2020-02-06,0,0,-0.0032625431230384,-0.0,1.0,hold
27,2020-02-07,0,0,-0.0055255147630383,-0.0,1.0,hold
28,2020-02-10,0,0,0.0063500303889789,0.0,1.0,hold
29,2020-02-11,0,0,0.0077056964194832,0.0,1.0,hold
30,2020-02-12,0,0,-0.0021759994314084,-0.0,1.0,hold
31,2020-02-13,0,0,-0.0050268544351488,-0.0,1.0,hold
32,2020-02-14,0,0,-0.0055847334602637,-0.0,1.0,hold
33,2020-02-17,0,0,-0.0044247626186481,-0.0,1.0,hold
34,2020-02-18,0,0,0.011123651500938,0.0,1.0,hold
35,2020-02-19,0,0,-0.0037152524595064,-0.0,1.0,hold
36,2020-02-20,0,0,-0.0208138687990014,-0.0,1.0,hold
37,2020-02-24,0,0,-0.0026628568617023,-0.0,1.0,hold
38,2020-02-25,0,0,-0.0101204779385897,-0.0,1.0,hold
39,2020-02-26,0,0,-0.0038703767874727,-0.0,1.0,hold
40,2020-02-27,0,0,-0.0370960786649383,-0.0,1.0,hold
41,2020-02-28,0,0,-0.0061597518244916,-0.0,1.0,hold
42,2020-03-02,1,1,0.0153196474085468,0.0153196474085468,1.014819647408547,enter
43,2020-03-03,0,1,-0.0046269501465237,-0.0046269501465237,1.0101241274922748,hold
44,2020-03-04,1,1,0.0015998577904186,0.0015998577904186,1.011740182446933,hold
45,2020-03-05,0,1,-0.0248069753028219,-0.0248069753028219,0.9866419687280994,hold
46,2020-03-06,0,1,-0.0489560433359516,-0.0489560433359516,0.938339881749978,hold
47,2020-03-09,1,1,0.0006649981756232,0.0006649981756232,0.9389638760594562,hold
48,2020-03-11,0,1,-0.0830193880106471,-0.0830193880106471,0.8610116697048951,hold
49,2020-03-12,1,1,0.0380650761268936,0.0380650761268936,0.8937861444583557,hold
50,2020-03-13,0,1,-0.0761210010667908,-0.0761210010667908,0.8257502484025584,hold
51,2020-03-16,1,1,-0.0250451840905282,-0.0250451840905282,0.8050691814185169,hold
52,2020-03-17,1,1,-0.055564540272715,-0.055564540272715,0.7603358824652661,hold
53,2020-03-18,1,1,-0.0242477817531284,-0.0242477817531284,0.741899423928176,hold
54,2020-03-19,1,1,0.0583291468584656,0.0583291468584656,0.7851737843806936,hold
55,2020-03-20,0,1,-0.1298046607047124,-0.1298046607047124,0.6832545677049227,hold
56,2020-03-23,1,1,0.0250714240251634,0.0250714240251634,0.7003847326889826,hold
57,2020-03-24,0,1,0.0662474689466749,0.0662474689466749,0.7467834485185213,hold
58,2020-03-25,0,1,0.0389043564303894,0.0389043564303894,0.7758365779760013,hold
59,2020-03-26,0,1,0.0021755381634551,0.0021755381634551,0.7775244400599925,hold
60,2020-03-27,1,1,-0.0437805364308189,-0.0437805364308189,0.743484002986094,hold
61,2020-03-30,0,1,0.0382377227133605,0.0382377227133605,0.7719131381340956,hold
62,2020-03-31,0,1,-0.0400046750966822,-0.0400046750966822,0.7410330038401808,hold
63,2020-04-01,0,1,-0.0205965741867707,-0.0205965741867707,0.7257702626017409,hold
64,2020-04-03,1,1,0.0876321046711503,0.0876321046711503,0.789371038221265,hold
65,2020-04-07,0,1,-0.0049419024075071,-0.0049419024075071,0.7854700435870628,hold
66,2020-04-08,0,1,0.0415088316188025,0.0415088316188025,0.8180739873679318,hold
67,2020-04-09,0,1,-0.0129556707370791,-0.0129556707370791,0.8074752901490234,hold
68,2020-04-13,0,1,-0.0076218535626885,-0.0076218535626885,0.8013208317320182,hold
69,2020-04-15,0,1,0.0075627711647903,0.0075627711647903,0.8073810378119869,hold
70,2020-04-16,-1,-1,0.0304632818768748,-0.0304632818768748,0.7819781806372647,flip
71,2020-04-17,0,-1,-0.0005288143766692,0.0005288143766692,0.7823917019414274,hold
72,2020-04-20,0,-1,-0.0302746671440956,0.0302746671440956,0.8060783502940065,hold
73,2020-04-21,-1,-1,0.0229194177887257,-0.0229194177887257,0.7876035038131713,hold
74,2020-04-22,0,-1,0.0137799558770148,-0.0137799558770148,0.7767503622820436,hold
75,2020-04-23,0,-1,-0.0171249415723349,0.0171249415723349,0.7900521668524136,hold
76,2020-04-24,0,-1,0.0139713589754586,-0.0139713589754586,0.7790140644199797,hold
77,2020-04-27,0,-1,0.0106224306488902,-0.0106224306488902,0.7707390415461683,hold
78,2020-04-28,0,-1,0.0183830135241964,-0.0183830135241964,0.756570535321799,hold
79,2020-04-29,0,-1,0.032088303452139,-0.032088303452139,0.7322934704014459,hold
80,2020-04-30,0,-1,-0.057444839013135,0.057444839013135,0.7743599509190269,hold
81,2020-05-04,0,-1,-0.0094582655216011,0.0094582655216011,0.781684052944113,hold
82,2020-05-05,0,-1,0.0070935934671216,-0.0070935934671216,0.7761391040527955,hold
83,2020-05-06,0,-1,-0.0077501195040513,0.0077501195040513,0.782154274860972,hold
84,2020-05-07,1,1,0.0057016970693835,0.0057016970693835,0.7858317273228917,flip
85,2020-05-08,0,1,-0.0013294930214019,-0.0013294930214019,0.7847869695254197,hold
86,2020-05-11,1,1,-0.0046162427183511,-0.0046162427183511,0.7811642023918911,hold
87,2020-05-12,1,1,0.0203337125303977,0.0203337125303977,0.7970481707223652,hold
88,2020-05-13,0,1,-0.0256619093732747,-0.0256619093732747,0.7765943927991534,hold
89,2020-05-14,1,1,-0.0006453627874545,-0.0006453627874545,0.776093207677095,hold
90,2020-05-15,1,1,-0.0343225097032598,-0.0343225097032598,0.7494557410259639,hold
91,2020-05-18,1,1,0.0063298228402233,0.0063298228402233,0.7541996630932466,hold
92,2020-05-19,0,1,0.021111396826158,0.021111396826158,0.7701218714669629,hold
93,2020-05-20,0,1,0.0043787544510012,0.0043787544510012,0.7734940460394623,hold
94,2020-05-21,0,1,-0.0073575840768702,-0.0073575840768702,0.7678029985627685,hold
95,2020-05-22,1,1,-0.0011284338094974,-0.0011284338094974,0.7669365837001567,hold
96,2020-05-26,0,1,0.0316645047717616,0.0316645047717616,0.7912212508143689,hold
97,2020-05-27,0,1,0.0188030435364687,0.0188030435364687,0.8060986184404108,hold
98,2020-05-28,0,1,0.0095046626511057,0.0095046626511057,0.8137603138722093,hold
99,2020-05-29,0,1,0.0256620973194605,0.0256620973194605,0.8346431102415127,hold
100,2020-06-01,0,1,0.0155655279707429,0.0155655279707429,0.8476347709195649,hold
101,2020-06-02,0,1,0.0082622880359908,0.0082622880359908,0.8546381735462234,hold
102,2020-06-03,0,1,-0.0032251686810099,-0.0032251686810099,0.8518818212753066,hold
103,2020-06-04,0,1,0.0112722762414605,0.0112722762414605,0.8614844684898004,hold
104,2020-06-05,0,1,0.0024945207587225,0.0024945207587225,0.8636334593797653,hold
105,2020-06-08,0,1,-0.0118810323499978,-0.0118810323499978,0.8533726023103338,hold
106,2020-06-09,0,1,0.0069177285262014,0.0069177285262014,0.8592760023048148,hold
107,2020-06-10,0,1,-0.021169158460066,-0.021169158460066,0.8410858524510922,hold
108,2020-06-11,-1,-1,0.0071602091117954,-0.0071602091117954,0.8342224160141186,flip
109,2020-06-12,-1,-1,-0.0159632793948444,0.0159632793948444,0.847539341518394,hold
110,2020-06-15,0,-1,0.010220386061458,-0.010220386061458,0.8388771622458021,hold
111,2020-06-16,-1,-1,-0.0033134566648174,0.0033134566648174,0.8416567453700086,hold
112,2020-06-17,0,-1,0.0213031875518985,-0.0213031875518985,0.8237267738690708,hold
113,2020-06-18,0,-1,0.0151362754442923,-0.0151362754442923,0.8112586185289502,hold
114,2020-06-19,0,-1,0.0065206163504338,-0.0065206163504338,0.80596871231654,hold
115,2020-06-22,0,-1,0.0154976919912916,-0.0154976919912916,0.7934780574584404,hold
116,2020-06-23,0,-1,-0.0158246772335498,0.0158246772335498,0.8060345916096242,hold
117,2020-06-24,0,-1,-0.0015913572989929,0.0015913572989929,0.807317280640223,hold
118,2020-06-25,0,-1,0.0091457401473864,-0.0091457401473864,0.7999337665749928,hold
119,2020-06-26,0,-1,-0.0067995386087835,0.0067995386087835,0.8053729471052892,hold
120,2020-06-29,0,-1,-0.0009988732845714,0.0009988732845714,0.8061774126262692,hold
121,2020-06-30,0,-1,0.0124198173347171,-0.0124198173347171,0.796164836422076,hold
122,2020-07-01,0,-1,0.0116634525148986,-0.0116634525148986,0.7868788056584352,hold
123,2020-07-02,0,-1,0.0052739760448483,-0.0052739760448483,0.7827288256871938,hold
124,2020-07-03,0,-1,0.014735139974255,-0.014735139974255,0.7711952068788087,hold
125,2020-07-06,0,-1,0.0033445902359812,-0.0033445902359812,0.7686158749198463,hold
126,2020-07-07,0,-1,-0.008694762073642,0.008694762073642,0.7752988070782985,hold
127,2020-07-08,0,-1,0.0100600327219018,-0.0100600327219018,0.7674992757098393,hold
128,2020-07-09,0,-1,-0.0041985110954393,0.0041985110954393,0.7707216299346487,hold
129,2020-07-10,-1,-1,0.0032178891492418,-0.0032178891492418,0.768241533164596,hold
130,2020-07-13,0,-1,-0.0180834960154004,0.0180834960154004,0.782134025868443,hold
131,2020-07-14,0,-1,0.0010229309240368,-0.0010229309240368,0.7813339567866407,hold
132,2020-07-15,0,-1,0.0114661616621005,-0.0114661616621005,0.7723750553260366,hold
133,2020-07-16,0,-1,0.0150605912558696,-0.0150605912558696,0.7607426303215414,hold
134,2020-07-17,0,-1,0.0110533217609316,-0.0110533217609316,0.7523338972513399,hold
135,2020-07-20,0,-1,0.0127061568657644,-0.0127061568657644,0.7427746247374325,hold
136,2020-07-21,0,-1,-0.0026563094918139,0.0026563094918139,0.7447476640234011,hold
137,2020-07-22,1,1,0.0074421598588463,0.0074421598588463,0.7495454475295423,flip
138,2020-07-23,1,1,-0.0018991484351116,-0.0018991484351116,0.7481219494658216,hold
139,2020-07-24,0,1,-0.0055699256988469,-0.0055699256988469,0.7439549657936205,hold
140,2020-07-27,0,1,0.0151592736988444,0.0151592736988444,0.7552327827397004,hold
141,2020-07-28,1,1,-0.0086456143286032,-0.0086456143286032,0.7487033313718152,hold
142,2020-07-29,0,1,-0.0089887146807479,-0.0089887146807479,0.7419734507455885,hold
143,2020-07-30,0,1,-0.0025851023723058,-0.0025851023723058,0.7400553734178782,hold
144,2020-07-31,0,1,-0.0164222155452939,-0.0164222155452939,0.7279020245601568,hold
145,2020-08-03,0,1,0.0186979321613793,0.0186979321613793,0.7415122872355133,hold
146,2020-08-04,0,1,0.0005768586219327,0.0005768586219327,0.7419400349916743,hold
147,2020-08-05,0,1,0.0088725546683743,0.0088725546683743,0.7485229385127935,hold
148,2020-08-06,0,1,0.001241002448872,0.001241002448872,0.7494518573125247,hold
149,2020-08-07,0,1,0.005002705259437,0.005002705259437,0.753201144060797,hold
150,2020-08-10,0,1,0.0046449787767293,0.0046449787767293,0.7566997473895676,hold
151,2020-08-11,0,1,-0.0012452735151247,-0.0012452735151247,0.7557574492352418,hold
152,2020-08-12,0,1,-0.000703034473301,-0.000703034473301,0.7552261256949754,hold
153,2020-08-13,0,1,-0.0108004373788689,-0.0108004373788689,0.747069353217521,hold
154,2020-08-14,0,1,0.0061457110453491,0.0061457110453491,0.7516606255932318,hold
155,2020-08-17,0,1,0.0122920579350753,0.0122920579350753,0.7609000815505388,hold
156,2020-08-18,0,1,0.0020246002135075,0.0020246002135075,0.762440600018104,hold
157,2020-08-19,0,1,-0.008432399987605,-0.008432399987605,0.7560113959119618,hold
158,2020-08-20,0,1,0.0052509160938571,0.0052509160938571,0.7599811483178953,hold
159,2020-08-21,0,1,0.0083410064718865,0.0083410064718865,0.7663201559945266,hold
160,2020-08-24,0,1,0.0005058064691958,0.0005058064691958,0.7667077656869038,hold
161,2020-08-25,0,1,0.0067423225064831,0.0067423225064831,0.77187715671139,hold
162,2020-08-26,0,1,0.0008355606212675,0.0008355606212675,0.772522106867994,hold
163,2020-08-27,0,1,0.0076431956549949,0.0076431956549949,0.778426644478595,hold
164,2020-08-28,0,1,-0.0223307478019462,-0.0223307478019462,0.7610437953984283,hold
165,2020-08-31,0,1,0.0072667398463226,0.0072667398463226,0.7665741026712466,hold
166,2020-09-01,1,1,0.0056450382511279,0.0056450382511279,0.7709014428031499,hold
167,2020-09-02,0,1,-0.0006545127600779,-0.0006545127600779,0.7703968779720728,hold
168,2020-09-03,0,1,-0.0167947449485598,-0.0167947449485598,0.7574582588973651,hold
169,2020-09-04,0,1,0.0018705202595032,0.0018705202595032,0.7588750999163607,hold
170,2020-09-07,0,1,-0.0033201259317187,-0.0033201259317187,0.7563555390181927,hold
171,2020-09-08,0,1,-0.0034769279675166,-0.0034769279675166,0.7537257452911943,hold
172,2020-09-09,0,1,0.0151844298634509,0.0151844298634509,0.7651706410068457,hold
173,2020-09-10,0,1,0.0013276149365679,0.0013276149365679,0.7661864929788698,hold
174,2020-09-11,0,1,-0.0021283524468515,-0.0021283524468515,0.7645557780817936,hold
175,2020-09-14,0,1,0.0071459479106903,0.0071459479106903,0.7700192538467835,hold
176,2020-09-15,0,1,0.0071820376506051,0.0071820376506051,0.7755495611196019,hold
177,2020-09-16,0,1,-0.0076220272911209,-0.0076220272911209,0.7696383011991315,hold
178,2020-09-17,0,1,-0.0009681588767627,-0.0009681588767627,0.768893169045929,hold
179,2020-09-18,0,1,-0.0221122548386738,-0.0221122548386738,0.7518912073482699,hold
180,2020-09-21,0,1,-0.0086128603263573,-0.0086128603263573,0.745415273398763,hold
181,2020-09-22,0,1,-0.0019545871070447,-0.0019545871070447,0.7439582943159836,hold
182,2020-09-23,0,1,-0.0293122720965164,-0.0293122720965164,0.7221511863645332,hold
183,2020-09-24,0,1,0.0226457884823545,0.0226457884823545,0.7385048693832259,hold
184,2020-09-25,0,1,0.0160448681873712,0.0160448681873712,0.7503540826682116,hold
185,2020-09-28,0,1,-0.0004586409458945,-0.0004586409458945,0.7500099395619808,hold
186,2020-09-29,0,1,0.0022410013176423,0.0022410013176423,0.7516907128247841,hold
187,2020-09-30,0,1,0.0150610927327836,0.0150610927327836,0.7630119963570103,hold
188,2020-10-01,0,1,0.0075676439490797,0.0075676439490797,0.7687861994743167,hold
189,2020-10-05,0,1,0.0138264754746197,0.0138264754746197,0.7794158030065745,hold
190,2020-10-06,0,1,0.0065551872847253,0.0065551872847253,0.7845250195679573,hold
191,2020-10-07,0,1,0.0081566766068399,0.0081566766068399,0.7909241364425479,hold
192,2020-10-08,0,1,0.0067260903253916,0.0067260903253916,0.7962439636247929,hold
193,2020-10-09,0,1,0.0014058853909966,0.0014058853909966,0.7973633913809223,hold
194,2020-10-12,0,1,0.0002975290843887,0.0002975290843887,0.7976006301806849,hold
195,2020-10-13,0,1,0.0030625333853533,0.0030625333853533,0.8000433087387921,hold
196,2020-10-14,0,1,-0.0242836008583533,-0.0242836008583533,0.780615376359983,hold
197,2020-10-15,0,1,0.007028949362235,0.007028949362235,0.7861022823117995,hold
198,2020-10-16,0,1,0.0094027696218492,0.0094027696218492,0.7934938209715873,hold
199,2020-10-19,0,1,0.0020003285078973,0.0020003285078973,0.7950810692825171,hold
200,2020-10-20,0,1,0.0034337457642519,0.0034337457642519,0.7978111755364028,hold
201,2020-10-21,0,1,-0.0034512817819539,-0.0034512817819539,0.7950577043608348,hold
202,2020-10-22,0,1,0.0028495402835257,0.0028495402835257,0.7973232533171385,hold
203,2020-10-23,-1,-1,-0.0136290733045432,0.0136290733045432,0.8073927071306976,flip
204,2020-10-26,0,-1,0.0103376083469652,-0.0103376083469652,0.7990461975421844,hold
205,2020-10-27,0,-1,-0.0134406089457635,0.0134406089457635,0.8097858650129482,hold
206,2020-10-28,0,-1,-0.0050129421843609,0.0050129421843609,0.8138452747359709,hold
207,2020-10-29,0,-1,-0.0024333734223676,0.0024333734223676,0.8158256641974329,hold
208,2020-10-30,0,-1,0.0022976361491175,-0.0022976361491175,0.813951193659995,hold
209,2020-11-02,0,-1,0.0123701901631991,-0.0123701901631991,0.803882462610858,hold
210,2020-11-03,0,-1,0.008041647267956,-0.008041647267956,0.7974179234016457,hold
211,2020-11-04,0,-1,0.0177855989156905,-0.0177855989156905,0.7832353680478412,hold
212,2020-11-05,0,-1,0.0118190145712895,-0.0118190145712895,0.7739782978201345,hold
213,2020-11-06,0,-1,0.0161046355374614,-0.0161046355374614,0.7615136594198364,hold
214,2020-11-09,0,-1,0.0136465071043638,-0.0136465071043638,0.7511216578564935,hold
215,2020-11-10,0,-1,0.0093460415087203,-0.0093460415087203,0.744101643664068,hold
216,2020-11-11,0,-1,-0.0045768215253314,0.0045768215253314,0.7475072640838242,hold
217,2020-11-12,0,-1,0.0022969703307613,-0.0022969703307613,0.7457902620761951,hold
218,2020-11-13,0,-1,0.0121266198083733,-0.0121266198083733,0.7367463471112101,hold
219,2020-11-17,0,-1,0.0049750511655721,-0.0049750511655721,0.7330809963382835,hold
220,2020-11-18,0,-1,-0.0128726686134137,0.0128726686134137,0.7425177050709374,hold
221,2020-11-19,0,-1,0.0068393094137191,-0.0068393094137191,0.7374393967407926,hold
222,2020-11-20,0,-1,0.005241475198302,-0.005241475198302,0.733574126432525,hold
223,2020-11-23,0,-1,0.0099563448098976,-0.0099563448098976,0.7262704094861433,hold
224,2020-11-24,0,-1,-0.0150706804680923,0.0150706804680923,0.7372157987609395,hold
225,2020-11-25,0,-1,0.0100012136399767,-0.0100012136399767,0.7298427460587652,hold
226,2020-11-26,0,-1,-0.0013898363507738,0.0013898363507738,0.7308571080375863,hold
227,2020-11-27,-1,-1,0.0108026946873185,-0.0108026946873185,0.7229618818393997,hold
228,2020-12-01,0,-1,0.0003585458429504,-0.0003585458429504,0.7227026668620546,hold
229,2020-12-02,-1,-1,0.00153658492994,-0.00153658492994,0.721592172835327,hold
230,2020-12-03,0,-1,0.0094906623588735,-0.0094906623588735,0.714743785162141,hold
231,2020-12-04,0,-1,0.0073311332494399,-0.0073311332494399,0.7095039032339083,hold
232,2020-12-07,0,-1,0.0027853318093331,-0.0027853318093331,0.707527699443385,hold
233,2020-12-08,0,-1,0.0101657522858669,-0.0101657522858669,0.7003351481154543,hold
234,2020-12-09,0,-1,-0.0037548548058806,0.0037548548058806,0.7029648049120827,hold
235,2020-12-10,0,-1,0.0026375585350264,-0.0026375585350264,0.7011106940910636,hold
236,2020-12-11,0,-1,0.0032781762806703,-0.0032781762806703,0.69881232964357,hold
237,2020-12-14,-1,-1,0.0007153791977927,-0.0007153791977927,0.6983124138397819,hold
238,2020-12-15,-1,-1,0.008464907059269,-0.008464907059269,0.6924012641582944,hold
239,2020-12-16,0,-1,0.0042389293905504,-0.0042389293905504,0.6894662240895996,hold
240,2020-12-17,0,-1,0.0014445849987885,-0.0014445849987885,0.6884702315251083,hold
241,2020-12-18,0,-1,-0.0314049525779333,0.0314049525779333,0.710091606497473,hold
242,2020-12-21,0,-1,0.0103462838766079,-0.0103462838766079,0.7027447971582537,hold
243,2020-12-22,0,-1,0.0100101591857162,-0.0100101591857162,0.6957102098717657,hold
244,2020-12-23,0,-1,0.0108925303747413,-0.0108925303747413,0.6881321652787199,hold
245,2020-12-24,0,-1,0.0090150513891666,-0.0090150513891666,0.6819286184461938,hold
246,2020-12-28,0,-1,0.0042815942411449,-0.0042815942411449,0.6790088768005826,hold
247,2020-12-29,0,-1,0.0035420946069744,-0.0035420946069744,0.6766037631199795,hold
248,2020-12-30,0,-1,-1.4318125132972703e-05,1.4318125132972703e-05,0.6766134508173254,hold
249,2020-12-31,0,-1,0.0026284263414808,-0.0026284263414808,0.674835022200197,hold
250,2021-01-01,0,-1,0.0081606727271106,-0.0081606727271106,0.6693279144392288,hold
251,2021-01-04,0,-1,0.0047123808655142,-0.0047123808655142,0.6661737863824708,hold
252,2021-01-05,0,-1,-0.0037501320469031,0.0037501320469031,0.6686720260475905,hold
253,2021-01-06,0,-1,-0.000629169612088,0.000629169612088,0.6690927341668329,hold
254,2021-01-07,0,-1,0.014847223590326,-0.014847223590326,0.6591585647399953,hold
255,2021-01-08,0,-1,0.0095837181341371,-0.0095837181341371,0.6528413748498249,hold
256,2021-01-11,0,-1,0.0054333140242324,-0.0054333140242324,0.6492942826522541,hold
257,2021-01-12,0,-1,9.609083312889231e-05,-9.609083312889231e-05,0.6492318914236882,hold
258,2021-01-13,0,-1,0.002111247340323,-0.002111247340323,0.647861202319667,hold
259,2021-01-14,0,-1,-0.0110923441582015,0.0110923441582015,0.6550475017425431,hold
260,2021-01-15,0,-1,-0.0105586501425666,0.0105586501425666,0.6619639191402048,hold
261,2021-01-18,0,-1,0.0167947308170628,-0.0167947308170628,0.6508464133076372,hold
262,2021-01-19,0,-1,0.008508265623863,-0.008508265623863,0.6453088391428773,hold
263,2021-01-20,0,-1,-0.0037112802046228,0.0037112802046228,0.6477037610634564,hold
264,2021-01-21,0,-1,-0.0149721716475961,0.0149721716475961,0.657401292950892,hold
265,2021-01-22,0,-1,-0.0092541693433081,0.0092541693433081,0.6634849958423693,hold
266,2021-01-25,0,-1,-0.0190604880418779,0.0190604880418779,0.6761313436715882,hold
267,2021-01-27,0,-1,-0.0107356502819043,0.0107356502819043,0.6833900533218804,hold
268,2021-01-28,0,-1,-0.0132404223540728,0.0132404223540728,0.6924384262604344,hold
269,2021-01-29,0,-1,0.0474235111013383,-0.0474235111013383,0.6596005648656794,hold
270,2021-02-01,0,-1,0.0256735714819573,-0.0256735714819573,0.642666262614061,hold
271,2021-02-02,0,-1,0.0097011226717231,-0.0097011226717231,0.6364316783634643,hold
272,2021-02-03,0,-1,0.0071467580293813,-0.0071467580293813,0.6318832551559675,hold
273,2021-02-04,0,-1,0.0019199973566108,-0.0019199973566108,0.6306700409763815,hold
274,2021-02-05,0,-1,0.0128348027329681,-0.0128348027329681,0.6225755154108567,hold
275,2021-02-08,0,-1,-0.0004300136336804,0.0004300136336804,0.6228432313704789,hold
276,2021-02-09,0,-1,-0.0001853034041081,0.0001853034041081,0.6229586463414776,hold
277,2021-02-10,0,-1,0.0044219246475027,-0.0044219246475027,0.6202039701488453,hold
278,2021-02-11,0,-1,-0.0006590524229219,0.0006590524229219,0.6206127170780777,hold
279,2021-02-12,-1,-1,0.0099846598415338,-0.0099846598415338,0.6144161102047231,hold
280,2021-02-15,0,-1,-8.162092525865194e-05,8.162092525865194e-05,0.6144662594161318,hold
281,2021-02-16,-1,-1,-0.0068273186874309,0.0068273186874309,0.6186614163918392,hold
282,2021-02-17,0,-1,-0.0059143128695843,0.0059143128695843,0.6223203735687207,hold
283,2021-02-18,0,-1,-0.0090747170630297,0.0090747170630297,0.6279677548814158,hold
284,2021-02-19,0,-1,-0.0204281745915864,0.0204281745915864,0.6407959898160198,hold
285,2021-02-22,0,-1,0.0021872625461001,-0.0021872625461001,0.6393944007478041,hold
286,2021-02-23,-1,-1,0.0186431824578623,-0.0186431824578623,0.6274740542721272,hold
287,2021-02-24,0,-1,0.0076992130139501,-0.0076992130139501,0.6226429978675593,hold
288,2021-02-25,0,-1,-0.0376356932475859,0.0376356932475859,0.64607659873806,hold
289,2021-02-26,0,-1,0.0159953891187234,-0.0159953891187234,0.6357423521407434,hold
290,2021-03-01,0,-1,0.0106729853417877,-0.0106729853417877,0.6289570833351915,hold
291,2021-03-02,0,-1,0.0218846987116321,-0.0218846987116321,0.615192547063854,hold
292,2021-03-03,0,-1,-0.0108129305241382,0.0108129305241382,0.621844581334223,hold
293,2021-03-04,0,-1,-0.0094591045289524,0.0094591045289524,0.6277266742298262,hold
294,2021-03-05,0,-1,0.0012117060677612,-0.0012117060677612,0.6269660540097663,hold
295,2021-03-08,0,-1,0.0095077756017913,-0.0095077756017913,0.621005001458301,hold
296,2021-03-09,0,-1,0.0050600998838219,-0.0050600998838219,0.6178626541225689,hold
297,2021-03-10,0,-1,-0.0094795062357636,0.0094795062357636,0.6237196870051692,hold
298,2021-03-12,0,-1,-0.006749419963093,0.006749419963093,0.6279294331120161,hold
299,2021-03-15,0,-1,-0.0012759841044576,0.0012759841044576,0.6287306610873881,hold
300,2021-03-16,0,-1,-0.0126857598628687,0.0126857598628687,0.6367065872723654,hold
301,2021-03-17,0,-1,-0.0111029730717429,0.0111029730717429,0.6437759233654518,hold
302,2021-03-18,0,-1,0.0127869428260285,-0.0127869428260285,0.635543997440604,hold
303,2021-03-19,0,-1,-0.0005154374236977,0.0005154374236977,0.6358715806012913,hold
304,2021-03-22,-1,-1,0.0053167399974314,-0.0053167399974314,0.6324908167354785,hold
305,2021-03-23,0,-1,-0.0179111769942118,0.0179111769942118,0.6438194717012412,hold
306,2021-03-24,0,-1,-0.0154301891468089,0.0154301891468089,0.65375372792599,hold
307,2021-03-25,0,-1,0.0127330319296232,-0.0127330319296232,0.6454294608341982,hold
308,2021-03-26,0,-1,0.0232848158675504,-0.0232848158675504,0.6304007546831816,hold
309,2021-03-30,0,-1,-0.0104006990943323,0.0104006990943323,0.6369573632414814,hold
310,2021-03-31,0,-1,0.0120245741669184,-0.0120245741669184,0.6292982221860195,hold
311,2021-04-01,0,-1,-0.015439860548026,0.015439860548026,0.6390144989796923,hold
312,2021-04-05,0,-1,0.0031220672452334,-0.0031220672452334,0.6370194527431986,hold
313,2021-04-06,0,-1,0.0092314369658119,-0.0092314369658119,0.6311388478192038,hold
314,2021-04-07,0,-1,0.0036945688638336,-0.0036945688638336,0.6288070618832952,hold
315,2021-04-08,0,-1,-0.0026187118170183,0.0026187118170183,0.6304537263668735,hold
316,2021-04-09,0,-1,-0.0353255893040076,0.0353255893040076,0.6527248757796908,hold
317,2021-04-12,0,-1,0.0135561955060299,-0.0135561955060299,0.6438764097519722,hold
318,2021-04-13,0,-1,0.0052844845607746,-0.0052844845607746,0.6404738548055909,hold
319,2021-04-15,0,-1,0.0024962821650071,-0.0024962821650071,0.6388750513446864,hold
320,2021-04-16,0,-1,-0.0176769785548196,0.0176769785548196,0.6501684319265156,hold
321,2021-04-19,0,-1,-0.004390823034999,0.004390823034999,0.6530232064540478,hold
322,2021-04-20,0,-1,0.0076767575754221,-0.0076767575754221,0.6480101056069753,hold
323,2021-04-22,0,-1,-0.0044981330537942,0.0044981330537942,0.6509249412821986,hold
324,2021-04-23,0,-1,0.0100165182871698,-0.0100165182871698,0.6444049397042705,hold
325,2021-04-26,0,-1,0.011601643402658,-0.011601643402658,0.6369287833869102,hold
326,2021-04-27,0,-1,0.014433855260107,-0.014433855260107,0.6277354455165075,hold
327,2021-04-28,0,-1,0.0020418099664161,-0.0020418099664161,0.6264537290275792,hold
328,2021-04-29,0,-1,-0.0177108120451774,0.0177108120451774,0.6375487332773873,hold
329,2021-04-30,0,-1,0.0002085134632017,-0.0002085134632017,0.6374157957830517,hold
330,2021-05-03,0,-1,-0.0094061074234402,0.0094061074234402,0.6434113972315847,hold
331,2021-05-04,0,-1,0.0083709591539336,-0.0083709591539336,0.6380254267061838,hold
332,2021-05-05,0,-1,0.0073164109749706,-0.0073164109749706,0.6333573704719203,hold
333,2021-05-06,0,-1,0.0066792477481554,-0.0066792477481554,0.629127019681418,hold
334,2021-05-07,0,-1,0.0080414227481215,-0.0080414227481215,0.624067943353894,hold
335,2021-05-10,0,-1,-0.0061302011912188,0.0061302011912188,0.6278936054036435,hold
336,2021-05-11,0,-1,-0.0103866808073666,0.0103866808073666,0.6344153358639576,hold
337,2021-05-12,0,-1,-0.0012724250884564,0.0012724250884564,0.6352225818538124,hold
338,2021-05-14,-1,-1,0.0167157604819725,-0.0167157604819725,0.6246043533228038,hold
339,2021-05-17,0,-1,0.012393443335275,-0.012393443335275,0.6168633546629315,hold
340,2021-05-18,0,-1,-0.0051594324081388,0.0051594324081388,0.6200460194463726,hold
341,2021-05-19,0,-1,-0.0082567760609306,0.0082567760609306,0.6251656005764128,hold
342,2021-05-20,0,-1,0.0180631356749747,-0.0180631356749747,0.613873149513874,hold
343,2021-05-21,0,-1,0.0014761086049899,-0.0014761086049899,0.6129670060755043,hold
344,2021-05-24,0,-1,0.0007073438653115,-0.0007073438653115,0.6125334276241184,hold
345,2021-05-25,-1,-1,0.0061150215048646,-0.0061150215048646,0.6087877725417485,hold
346,2021-05-26,0,-1,0.0023788211965458,-0.0023788211965458,0.6073395752842283,hold
347,2021-05-27,0,-1,0.006376433707514,-0.006376433707514,0.6034669147444788,hold
348,2021-05-28,0,-1,0.0095330880357249,-0.0095330880357249,0.5977140115195724,hold
349,2021-05-31,0,-1,-0.0005101904286871,0.0005101904286871,0.5980189594873419,hold
350,2021-06-01,-1,-1,8.67158252806366e-05,-8.67158252806366e-05,0.5979671017797364,hold
351,2021-06-02,0,-1,0.0073284506253876,-0.0073284506253876,0.5935849293987375,hold
352,2021-06-03,0,-1,-0.0012810173052479,0.0012810173052479,0.5943453219654317,hold
353,2021-06-04,-1,-1,0.0051945814919991,-0.0051945814919991,0.5912579467560938,hold
354,2021-06-07,0,-1,-0.0007333060957773,0.0007333060957773,0.5916915198126268,hold
355,2021-06-08,-1,-1,-0.0066549769442125,0.0066549769442125,0.5956292132350659,hold
356,2021-06-09,0,-1,0.006549286916079,-0.006549286916079,0.5917282666219911,hold
357,2021-06-10,0,-1,0.0039141306333496,-0.0039141306333496,0.5894121648869871,hold
358,2021-06-11,0,-1,0.0007911718082738,-0.0007911718082738,0.5889458385986749,hold
359,2021-06-14,-1,-1,0.0036302135450976,-0.0036302135450976,0.5868078394380651,hold
360,2021-06-15,0,-1,-0.0064086327528081,0.0064086327528081,0.5905684753774925,hold
361,2021-06-16,0,-1,-0.0048295020472909,0.0048295020472909,0.5934206270383935,hold
362,2021-06-17,0,-1,-0.0005130696464038,0.0005130696464038,0.5937250931496768,hold
363,2021-06-18,0,-1,0.0040265882096546,-0.0040265882096546,0.5913344066898242,hold
364,2021-06-21,0,-1,0.0016670371193598,-0.0016670371193598,0.5903486302839176,hold
365,2021-06-22,0,-1,-0.0054397492312691,0.0054397492312691,0.5935599787916852,hold
366,2021-06-23,0,-1,0.0065978407983298,-0.0065978407983298,0.5896437645473577,hold
367,2021-06-24,0,-1,0.0044266891189239,-0.0044266891189239,0.5870335949107945,hold
368,2021-06-25,0,-1,-0.0028782098242977,0.0028782098242977,0.5887232007708596,hold
369,2021-06-28,0,-1,-0.0041891404314852,0.0041891404314852,0.5911894449341621,hold
370,2021-06-29,0,-1,-0.0017112919035373,0.0017112919035373,0.5922011426447347,hold
371,2021-06-30,0,-1,-0.002639697229908,0.002639697229908,0.5937643743605224,hold
372,2021-07-01,0,-1,0.0026913389867666,-0.0026913389867666,0.5921663531508529,hold
373,2021-07-02,0,-1,0.007133188273225,-0.007133188273225,0.5879423190647588,hold
374,2021-07-05,0,-1,-0.0010167521731027,0.0010167521731027,0.5885401106953269,hold
375,2021-07-06,0,-1,0.0038816171589777,-0.0038816171589777,0.5862556233029053,hold
376,2021-07-07,0,-1,-0.0095562557277451,0.0095562557277451,0.5918580319610164,hold
377,2021-07-08,0,-1,-0.0024224839292732,0.0024224839292732,0.5932917985318532,hold
378,2021-07-09,0,-1,0.0001784474449868,-0.0001784474449868,0.5931859271262735,hold
379,2021-07-12,0,-1,0.0076309854951284,-0.0076309854951284,0.5886593339204585,hold
380,2021-07-13,0,-1,0.0026308921169333,-0.0026308921169333,0.5871106347192879,hold
381,2021-07-14,0,-1,0.0044310723280038,-0.0044310723280038,0.5845091050323066,hold
382,2021-07-15,0,-1,-5.0225736783704455e-05,5.0225736783704455e-05,0.5845384624327636,hold
383,2021-07-16,1,1,-0.0107389122803617,-0.0107389122803617,0.5776766166977679,flip
384,2021-07-19,0,1,-0.0076369809214345,-0.0076369809214345,0.5732649113972883,hold
385,2021-07-20,0,1,0.0122792331234495,0.0122792331234495,0.5803041648858293,hold
386,2021-07-22,0,1,0.0020222383267853,0.0020222383267853,0.5814776782092546,hold
387,2021-07-23,0,1,-0.0019929055322251,-0.0019929055322251,0.5803188481274859,hold
388,2021-07-26,0,1,-0.0049290812026508,-0.0049290812026508,0.5774584094016367,hold
389,2021-07-27,0,1,-0.0023528988583426,-0.0023528988583426,0.5760997081694154,hold
390,2021-07-28,0,1,0.0043954449546468,0.0043954449546468,0.5786319227250621,hold
391,2021-07-29,0,1,-0.0009760394990868,-0.0009760394990868,0.57806715511305,hold
392,2021-07-30,0,1,0.0077460001364197,0.0077460001364197,0.5825448633754154,hold
393,2021-08-02,0,1,0.0154609558824161,0.0154609558824161,0.5915515638075909,hold
394,2021-08-03,0,1,0.0079382424678022,0.0079382424678022,0.5962474435533032,hold
395,2021-08-04,0,1,0.0022018725316477,0.0022018725316477,0.5975603044213283,hold
396,2021-08-05,0,1,-0.0034612335015614,-0.0034612335015614,0.595492008676462,hold
397,2021-08-06,0,1,0.0012347307242392,0.0012347307242392,0.5962272809556138,hold
398,2021-08-09,0,1,0.0013439090538649,0.0013439090538649,0.5970285561966514,hold
399,2021-08-10,0,1,0.0001320870680521,0.0001320870680521,0.5971074159481828,hold
400,2021-08-11,-1,-1,0.0050453954843463,-0.0050453954843463,0.59349766547214,flip
401,2021-08-12,0,-1,0.0100644823408473,-0.0100644823408473,0.5875244186986616,hold
402,2021-08-13,0,-1,0.0020540242770237,-0.0020540242770237,0.5863176292793103,hold
403,2021-08-16,0,-1,0.0031122785775283,-0.0031122785775283,0.5844928454820771,hold
404,2021-08-17,0,-1,-0.0027536023181795,0.0027536023181795,0.586102306336356,hold
405,2021-08-18,0,-1,-0.0071428984006249,0.0071428984006249,0.5902887755628885,hold
406,2021-08-20,0,-1,0.0027931806783987,-0.0027931806783987,0.5886399923603106,hold
407,2021-08-23,-1,-1,0.0077683620836017,-0.0077683620836017,0.5840672237627672,hold
408,2021-08-24,0,-1,0.0006045728309951,-0.0006045728309951,0.5837141125878055,hold
409,2021-08-25,-1,-1,0.0001352598309651,-0.0001352598309651,0.583635159515605,hold
410,2021-08-26,-1,-1,0.00410526158848,-0.00410526158848,0.5812391845135592,hold
411,2021-08-27,0,-1,0.0135198365217041,-0.0135198365217041,0.5733809257589273,hold
412,2021-08-30,0,-1,0.0118804461754233,-0.0118804461754233,0.566568904532434,hold
413,2021-08-31,0,-1,-0.0032657347743637,0.0032657347743637,0.5684191683060387,hold
414,2021-09-01,0,-1,0.009246783727399,-0.009246783727399,0.5631631191902048,hold
415,2021-09-02,0,-1,0.0051902308336972,-0.0051902308336972,0.5602401726045827,hold
416,2021-09-03,0,-1,0.0031287476677577,-0.0031287476677577,0.558487322471162,hold
417,2021-09-06,0,-1,-0.0009035189246697,0.0009035189246697,0.5589919263362028,hold
418,2021-09-07,-1,-1,-0.0004953092983268,0.0004953092983268,0.5592688002350067,hold
419,2021-09-08,-1,-1,0.0009075978909154,-0.0009075978909154,0.5587612090514585,hold
420,2021-09-09,-1,-1,-0.0008030985074197,0.0008030985074197,0.5592099493444518,hold
421,2021-09-13,-1,-1,0.001423151293159,-0.001423151293159,0.5584141089818949,hold
422,2021-09-14,0,-1,0.0080235453826236,-0.0080235453826236,0.5539336480361814,hold
423,2021-09-15,0,-1,0.0062816347635072,-0.0062816347635072,0.550454039176001,hold
424,2021-09-16,0,-1,-0.0025156476006126,0.0025156476006126,0.5518387875589016,hold
425,2021-09-17,-1,-1,-0.010705054879733,0.010705054879733,0.5577462520644849,hold
426,2021-09-20,0,-1,0.0094901738624639,-0.0094901738624639,0.5524531431612554,hold
427,2021-09-21,0,-1,-0.0008740239935656,0.0008740239935656,0.5529360004636991,hold
428,2021-09-22,-1,-1,0.0157465283671818,-0.0157465283671818,0.5442291780471613,hold
429,2021-09-23,0,-1,0.0016972499684944,-0.0016972499684944,0.543305485091867,hold
430,2021-09-24,0,-1,0.0001064453827974,-0.0001064453827974,0.5432476527315305,hold
431,2021-09-27,0,-1,-0.0059646824901542,0.0059646824901542,0.5464879524935957,hold
432,2021-09-28,0,-1,-0.0021015082285871,0.0021015082285871,0.5476364014225847,hold
433,2021-09-29,0,-1,-0.0052593760207388,0.0052593760207388,0.5505166271803105,hold
434,2021-09-30,0,-1,-0.0048869834497958,0.0048869834497958,0.553206992826178,hold
435,2021-10-01,0,-1,0.0090804675811375,-0.0090804675811375,0.5481836146621614,hold
436,2021-10-04,0,-1,0.0074076609199462,-0.0074076609199462,0.5441228563228736,hold
437,2021-10-05,0,-1,-0.0098921448702895,0.0098921448702895,0.5495053984448552,hold
438,2021-10-06,0,-1,0.0081803020160375,-0.0081803020160375,0.5450102783261334,hold
439,2021-10-07,0,-1,0.0058936227604964,-0.0058936227604964,0.5417981933450859,hold
440,2021-10-08,0,-1,0.0028359561343596,-0.0028359561343596,0.540261677435084,hold
441,2021-10-11,0,-1,0.0025632525445875,-0.0025632525445875,0.5388768503156555,hold
442,2021-10-12,0,-1,0.0094375978492116,-0.0094375978492116,0.5337911473121265,hold
443,2021-10-13,0,-1,0.0097347877407187,-0.0097347877407187,0.5285948037951683,hold
444,2021-10-14,0,-1,0.0075523961327199,-0.0075523961327199,0.5246026464432099,hold
445,2021-10-18,0,-1,-0.0031553077349963,0.0031553077349963,0.5262579292313317,hold
446,2021-10-19,0,-1,-0.00826062521208,0.00826062521208,0.5306051487495971,hold
447,2021-10-20,0,-1,-0.0048449082967022,0.0048449082967022,0.5331758820370469,hold
448,2021-10-21,0,-1,-0.0034766680845673,0.0034766680845673,0.5350295576095861,hold
449,2021-10-22,0,-1,0.0005796333280105,-0.0005796333280105,0.5347194366465249,hold
450,2021-10-25,-1,-1,0.0078894808897,-0.0078894808897,0.530500777869751,hold
451,2021-10-26,0,-1,-0.0031448386638428,0.0031448386638428,0.5321691172271945,hold
452,2021-10-27,0,-1,-0.0194223384240636,0.0194223384240636,0.5425050859208161,hold
453,2021-10-28,0,-1,-0.0103935157639054,0.0103935157639054,0.548143621083333,hold
454,2021-10-29,0,-1,0.0145996550575078,-0.0145996550575078,0.5401409132935431,hold
455,2021-11-01,0,-1,-0.0022700482713416,0.0022700482713416,0.5413670592400459,hold
456,2021-11-02,0,-1,-0.0033400508475575,0.0033400508475575,0.5431752527451003,hold
457,2021-11-03,0,-1,0.0049133761659847,-0.0049133761659847,0.5405064284043097,hold
458,2021-11-04,0,-1,0.0084697040421863,-0.0084697040421863,0.5359284989228261,hold
459,2021-11-08,0,-1,-0.0013449214352717,0.0013449214352717,0.5366492806488004,hold
460,2021-11-09,-1,-1,-0.0014991358050348,0.0014991358050348,0.5374537908001671,hold
461,2021-11-10,0,-1,-0.007970140510272,0.007970140510272,0.5417373730306227,hold
462,2021-11-11,0,-1,0.0128206066843303,-0.0128206066843303,0.5347919712447948,hold
463,2021-11-12,0,-1,0.0003700663573213,-0.0003700663573213,0.5345940627280716,hold
464,2021-11-15,-1,-1,-0.0060879819517564,0.0060879819517564,0.5378486617334762,hold
465,2021-11-16,0,-1,-0.005586294529162,0.005586294529162,0.5408532427700351,hold
466,2021-11-17,0,-1,-0.0074781956434608,0.0074781956434608,0.5448978491338696,hold
467,2021-11-18,0,-1,-0.0196033721001568,0.0196033721001568,0.5555796844270159,hold
468,2021-11-22,0,-1,0.0049836979327988,-0.0049836979327988,0.5528108431022319,hold
469,2021-11-23,0,-1,-0.0050446817378146,0.0050446817378146,0.5555995978668957,hold
470,2021-11-24,0,-1,0.006959452503032,-0.006959452503032,0.5517329288548374,hold
471,2021-11-25,-1,-1,-0.0290712541877539,0.0290712541877539,0.5677724970733302,hold
472,2021-11-26,0,-1,0.0016151341742889,-0.0016151341742889,0.5668554683100857,hold
473,2021-11-29,-1,-1,-0.004148599194972,0.004148599194972,0.5692071244495823,hold
474,2021-11-30,1,1,0.0108166411704213,0.0108166411704213,0.5747948265419514,flip
475,2021-12-01,0,1,0.0136745711024337,0.0136745711024337,0.5826548992668104,hold
476,2021-12-02,0,1,-0.0117776858673942,-0.0117776858673942,0.5757925728941476,hold
477,2021-12-03,0,1,-0.0165409195759996,-0.0165409195759996,0.5662684342534476,hold
478,2021-12-06,0,1,0.0156365485816494,0.0156365485816494,0.5751229181359062,hold
479,2021-12-07,0,1,0.0170609485278816,0.0170609485278816,0.584935060639428,hold
480,2021-12-08,0,1,0.0026960665936832,0.0026960665936832,0.5865120845158921,hold
481,2021-12-09,0,1,-0.0003167708948091,-0.0003167708948091,0.5863262945580636,hold
482,2021-12-10,0,1,-0.0081690551168631,-0.0081690551168631,0.5815365627413527,hold
483,2021-12-13,0,1,-0.0024959111813221,-0.0024959111813221,0.580085099132059,hold
484,2021-12-14,0,1,-0.0059740603216401,-0.0059740603216401,0.5766196357581594,hold
485,2021-12-15,0,1,0.0015678167505297,0.0015678167505297,0.5775236696817855,hold
486,2021-12-16,0,1,-0.01525945397337,-0.01525945397337,0.5687109738257445,hold
487,2021-12-17,0,1,-0.0218425462793778,-0.0218425462793778,0.5562888780603658,hold
488,2021-12-20,0,1,0.009428705444209,0.009428705444209,0.5615339620334865,hold
489,2021-12-21,0,1,0.0110071709945933,0.0110071709945933,0.5677148623728606,hold
490,2021-12-22,0,1,0.0069093062126275,0.0069093062126275,0.5716373781984544,hold
491,2021-12-23,0,1,-0.0040327548791804,-0.0040327548791804,0.5693321047724027,hold
492,2021-12-24,0,1,0.0048518709108285,0.0048518709108285,0.5720944306501486,hold
493,2021-12-27,0,1,0.0086034091740434,0.0086034091740434,0.5770163931232233,hold
494,2021-12-28,0,1,-0.0011402602889762,-0.0011402602889762,0.5763584442440566,hold
495,2021-12-29,0,1,-0.0005606259494814,-0.0005606259494814,0.5760353227440107,hold
496,2021-12-30,0,1,0.0087248317576065,0.0087248317576065,0.5810611340213908,hold
497,2021-12-31,0,1,0.0156533158122078,0.0156533158122078,0.5901566674584273,hold
498,2022-01-03,0,1,0.0101868742352642,0.0101868742352642,0.596168519208929,hold
499,2022-01-04,0,1,0.006739585234692,0.006739585234692,0.6001864477583777,hold
500,2022-01-05,0,1,-0.0100054174627969,-0.0100054174627969,0.594181331793042,hold
501,2022-01-06,0,1,0.0037641836511315,0.0037641836511315,0.5964179394479849,hold
502,2022-01-07,0,1,0.0107003189218717,0.0107003189218717,0.6027998016108039,hold
503,2022-01-10,0,1,0.0029133112526023,0.0029133112526023,0.6045559450559032,hold
504,2022-01-11,0,1,0.0086731157318304,0.0086731157318304,0.6097993287337392,hold
505,2022-01-12,0,1,0.0024956237305924,0.0024956237305924,0.6113211584094265,hold
506,2022-01-13,0,1,-0.0001123235637506,-0.0001123235637506,0.6112524926383178,hold
507,2022-01-14,0,1,0.0028675682661627,0.0028675682661627,0.6130053008888203,hold
508,2022-01-17,0,1,-0.0106536905679234,-0.0106536905679234,0.606474532096654,hold
509,2022-01-18,0,1,-0.0096422404339412,-0.0096422404339412,0.600626758841116,hold
510,2022-01-19,0,1,-0.010112406160797,-0.010112406160797,0.5945529771046716,hold
511,2022-01-20,0,1,-0.0078757453046686,-0.0078757453046686,0.5898704292868627,hold
512,2022-01-21,0,1,-0.0265679051873833,-0.0265679051873833,0.5741988076487283,hold
513,2022-01-24,0,1,0.0075134912216943,0.0075134912216943,0.5785130453495044,hold
514,2022-01-25,0,1,-0.0097117329146276,-0.0097117329146276,0.5728946811654422,hold
515,2022-01-27,0,1,-0.0004793161771092,-0.0004793161771092,0.5726200834769798,hold
516,2022-01-28,-1,-1,0.0139107178709299,-0.0139107178709299,0.5640819069650262,flip
517,2022-01-31,0,-1,0.0136679386118703,-0.0136679386118703,0.5563720700885615,hold
518,2022-02-01,0,-1,0.0115578385853996,-0.0115578385853996,0.5499416115090533,hold
519,2022-02-02,0,-1,-0.0123622486642295,0.0123622486642295,0.5567401264613353,hold
520,2022-02-03,0,-1,-0.0024998826581151,0.0024998826581151,0.5581319114485528,hold
521,2022-02-04,0,-1,-0.0172811129276234,0.0172811129276234,0.5677770520388055,hold
522,2022-02-07,0,-1,0.0030876976246183,-0.0030876976246183,0.5660239281839125,hold
523,2022-02-08,-1,-1,0.0114121523303458,-0.0114121523303458,0.559564376892857,hold
524,2022-02-09,-1,-1,0.008133901085124,-0.008133901085124,0.5550129356004514,hold
525,2022-02-10,0,-1,-0.0131262969128136,0.0131262969128136,0.5622982001835952,hold
526,2022-02-11,0,-1,-0.0306162228952934,0.0306162228952934,0.5795136472140384,hold
527,2022-02-14,0,-1,0.0302591263839775,-0.0302591263839775,0.5619780705217491,hold
528,2022-02-15,0,-1,-0.0017432697608654,0.0017432697608654,0.5629577498983592,hold
529,2022-02-16,0,-1,-0.0010160147191904,0.0010160147191904,0.5635297232585383,hold
530,2022-02-17,-1,-1,-0.0016353356196504,0.0016353356196504,0.5644512834877148,hold
531,2022-02-18,0,-1,-0.004031556958107,0.004031556958107,0.5667269009871722,hold
532,2022-02-21,0,-1,-0.0066515660675804,0.0066515660675804,0.5704965224113634,hold
533,2022-02-22,0,-1,-0.0016937094155936,0.0016937094155936,0.5714627777429349,hold
534,2022-02-23,0,-1,-0.0477810384708364,0.0477810384708364,0.5987678627109211,hold
535,2022-02-24,0,-1,0.0252616601096495,-0.0252616601096495,0.5836419924785365,hold
536,2022-02-25,0,-1,0.0081340342903666,-0.0081340342903666,0.5788946284984182,hold
537,2022-02-28,-1,-1,-0.0111916331229355,0.0111916331229355,0.5853734047974106,hold
538,2022-03-02,0,-1,-0.006497577228417,0.006497577228417,0.5891769137025432,hold
539,2022-03-03,0,-1,-0.0153170320073322,0.0153170320073322,0.5982013553477062,hold
540,2022-03-04,0,-1,-0.0235266847399477,0.0235266847399477,0.6122750500459813,hold
541,2022-03-07,0,-1,0.0094747765094835,-0.0094747765094835,0.6064738807844627,hold
542,2022-03-08,0,-1,0.0207262900882942,-0.0207262900882942,0.5939039272003505,hold
543,2022-03-09,0,-1,0.0152673871904744,-0.0152673871904744,0.5848365659898394,hold
544,2022-03-10,0,-1,0.0021421537513466,-0.0021421537513466,0.5835837561460795,hold
545,2022-03-11,0,-1,0.014482565042708,-0.014482565042708,0.5751319664398261,hold
546,2022-03-14,0,-1,-0.0123464565033122,0.0123464565033122,0.5822328082471399,hold
547,2022-03-15,0,-1,0.0187451004846066,-0.0187451004846066,0.5713187957511126,hold
548,2022-03-16,0,-1,0.0183619883565082,-0.0183619883565082,0.5608282466756763,hold
549,2022-03-17,0,-1,-0.0098022024704637,0.0098022024704637,0.5663255987007464,hold
550,2022-03-21,0,-1,0.0115612232521558,-0.0115612232521558,0.5597781820207562,hold
551,2022-03-22,0,-1,-0.004033935455228,0.004033935455228,0.5620362910762728,hold
552,2022-03-23,0,-1,-0.0013278937068936,0.0013278937068936,0.5627826155302389,hold
553,2022-03-24,-1,-1,-0.0040498758909001,0.0040498758909001,0.5650618152766924,hold
554,2022-03-25,-1,-1,0.0040226199498629,-0.0040226199498629,0.5627887863456547,hold
555,2022-03-28,0,-1,0.005998187274997,-0.005998187274997,0.5594130738088852,hold
556,2022-03-29,0,-1,0.0099824655821947,-0.0099824655821947,0.5538287520533582,hold
557,2022-03-30,0,-1,-0.0019144771620018,0.0019144771620018,0.5548890445508244,hold
558,2022-03-31,-1,-1,0.0117779652585923,-0.0117779652585923,0.5483535806617313,hold
559,2022-04-01,0,-1,0.0216718413399843,-0.0216718413399843,0.536469748863418,hold
560,2022-04-04,0,-1,-0.005317557796472,0.005317557796472,0.5393224577590581,hold
561,2022-04-05,-1,-1,-0.0083391803235717,0.0083391803235717,0.5438199649868628,hold
562,2022-04-06,0,-1,-0.0094397411049521,0.0094397411049521,0.5489534846640429,hold
563,2022-04-07,0,-1,0.0082087593907955,-0.0082087593907955,0.5444472575916971,hold
564,2022-04-08,0,-1,-0.006151497975913,0.006151497975913,0.5477964237947638,hold
565,2022-04-11,0,-1,-0.0081838106412522,0.0081838106412522,0.5522794859970552,hold
566,2022-04-12,0,-1,-0.0031174816283502,0.0031174816283502,0.5540012071483656,hold
567,2022-04-13,-1,-1,-0.0172811880101475,0.0172811880101475,0.5635750061669452,hold
568,2022-04-18,0,-1,-0.0125191788064678,0.0125191788064678,0.5706305024400055,hold
569,2022-04-19,0,-1,0.010490244596548,-0.010490244596548,0.5646444488951587,hold
570,2022-04-20,-1,-1,0.014941678252146,-0.014941678252146,0.556207713212907,hold
571,2022-04-21,-1,-1,-0.0126864526051679,0.0126864526051679,0.5632640160052114,hold
572,2022-04-22,0,-1,-0.0126951225643019,0.0126951225643019,0.5704147217244585,hold
573,2022-04-25,0,-1,0.0145601216162072,-0.0145601216162072,0.5621094140044753,hold
574,2022-04-26,0,-1,-0.0094414436101153,0.0094414436101153,0.5674165383395136,hold
575,2022-04-27,0,-1,0.0121285088909346,-0.0121285088909346,0.5605346218093994,hold
576,2022-04-28,-1,-1,-0.0082632403816946,0.0082632403816946,0.5651664541316728,hold
577,2022-04-29,0,-1,-0.0019559171203674,0.0019559171203674,0.5662718728751662,hold
578,2022-05-02,0,-1,-0.0229361834519363,0.0229361834519363,0.5792599884351026,hold
579,2022-05-04,0,-1,0.0003028482136697,-0.0003028482136697,0.5790845605823547,hold
580,2022-05-05,-1,-1,-0.0162684216398562,0.0162684216398562,0.5885053523790392,hold
581,2022-05-06,0,-1,-0.0066661826871809,0.0066661826871809,0.5924284365703817,hold
582,2022-05-09,0,-1,-0.0037909688880922,0.0037909688880922,0.594674314341841,hold
583,2022-05-10,0,-1,-0.0044919933245182,0.0044919933245182,0.5973455873921271,hold
584,2022-05-11,1,1,-0.0222117521417858,-0.0222117521417858,0.5834801496745915,flip
585,2022-05-12,0,1,-0.0016352232651188,-0.0016352232651188,0.5825260293591086,hold
586,2022-05-13,0,1,0.0038112305721171,0.0038112305721171,0.5847461703712561,hold
587,2022-05-16,-1,-1,0.0263219359020472,-0.0263219359020472,0.568769772985405,flip
588,2022-05-17,0,-1,-0.0011685620062508,0.0011685620062508,0.5694344157324196,hold
589,2022-05-18,-1,-1,-0.0265327253341793,0.0265327253341793,0.5845430626808769,hold
590,2022-05-19,0,-1,0.0288910387942893,-0.0288910387942893,0.567655006380031,hold
591,2022-05-20,0,-1,-0.0031630222318707,0.0031630222318707,0.5694505117852436,hold
592,2022-05-23,0,-1,-0.0055227542667355,0.0055227542667355,0.5725954470289003,hold
593,2022-05-24,0,-1,-0.0061612191843656,0.0061612191843656,0.5761233330820151,hold
594,2022-05-25,0,-1,0.0090073873189953,-0.0090073873189953,0.5709339670774349,hold
595,2022-05-26,0,-1,0.0112738471989222,-0.0112738471989222,0.5644973447719295,hold
596,2022-05-27,0,-1,0.0188932050929628,-0.0188932050929628,0.5538321806627204,hold
597,2022-05-30,0,-1,-0.0046124339835348,0.0046124339835348,0.5563866950339843,hold
598,2022-05-31,0,-1,-0.0037264067061659,0.0037264067061659,0.5584600181455804,hold
599,2022-06-01,0,-1,0.0063700049931154,-0.0063700049931154,0.5549026250415378,hold
600,2022-06-02,0,-1,-0.0026280502014673,0.0026280502014673,0.5563609369970729,hold
601,2022-06-03,-1,-1,-0.0008893953501298,0.0008893953501298,0.556855761827432,hold
602,2022-06-06,0,-1,-0.0092459460064759,0.0092459460064759,0.5620044201346835,hold
603,2022-06-07,0,-1,-0.0036609606157923,0.0036609606157923,0.5640618961826978,hold
604,2022-06-08,0,-1,0.0074497277416889,-0.0074497277416889,0.5598597886266758,hold
605,2022-06-09,0,-1,-0.0167676984141,0.0167676984141,0.5692473487165498,hold
606,2022-06-10,0,-1,-0.0263797491152091,0.0263797491152091,0.5842639509601903,hold
607,2022-06-13,0,-1,-0.0026816094559853,0.0026816094559853,0.5858307186958766,hold
608,2022-06-14,0,-1,-0.002539344381356,0.002539344381356,0.5873183446398227,hold
609,2022-06-15,0,-1,-0.0211284478542902,0.0211284478542902,0.5997274696584132,hold
610,2022-06-16,0,-1,-0.0043682936266399,0.0043682936266399,0.6023472553418429,hold
611,2022-06-17,1,1,0.0037042135956451,0.0037042135956451,0.6039761309790378,flip
612,2022-06-20,-1,-1,0.018804337854487,-0.018804337854487,0.5920147836250831,flip
613,2022-06-21,0,-1,-0.0144192650853174,0.0144192650853174,0.6005512017246,hold
614,2022-06-22,0,-1,0.0093004475196092,-0.0093004475196092,0.5949658067901221,hold
615,2022-06-23,0,-1,0.0091664725885294,-0.0091664725885294,0.5895120690310681,hold
616,2022-06-24,0,-1,0.008458990377725,-0.008458990377725,0.5845253921115815,hold
617,2022-06-27,0,-1,0.0011464333961117,-0.0011464333961117,0.5838552726811895,hold
618,2022-06-28,-1,-1,-0.0032239710103227,0.0032239710103227,0.5857376051545378,hold
619,2022-06-29,0,-1,-0.0011930812414028,0.0011930812414028,0.5864364377036317,hold
620,2022-06-30,-1,-1,-0.0017870563085186,0.0017870563085186,0.5874844326391752,hold
621,2022-07-01,0,-1,0.0052881882498054,-0.0052881882498054,0.5843777043655491,hold
622,2022-07-04,0,-1,-0.0015471713984448,0.0015471713984448,0.5852818368356323,hold
623,2022-07-05,0,-1,0.0113181897073002,-0.0113181897073002,0.5786575059740895,hold
624,2022-07-06,0,-1,0.0089494920315105,-0.0089494920315105,0.5734788152354007,hold
625,2022-07-07,0,-1,0.0054360478665673,-0.0054360478665673,0.5703613569453188,hold
626,2022-07-08,0,-1,-0.0002835659276332,0.0002835659276332,0.5705230919925871,hold
627,2022-07-11,0,-1,-0.0097249750439381,0.0097249750439381,0.5760714148242054,hold
628,2022-07-12,0,-1,-0.0057072925015229,0.0057072925015229,0.5793592228903733,hold
629,2022-07-13,0,-1,-0.0017536552323109,0.0017536552323109,0.5803752192229826,hold
630,2022-07-14,0,-1,0.0069359576863876,-0.0069359576863876,0.5763497612602241,hold
631,2022-07-15,0,-1,0.0142873041582765,-0.0142873041582765,0.5681152769195492,hold
632,2022-07-18,0,-1,0.0038117642711243,-0.0038117642711243,0.5659497554051074,hold
633,2022-07-19,0,-1,0.0110338885069691,-0.0110338885069691,0.5597051289034211,hold
634,2022-07-20,0,-1,0.005108719746296,-0.005108719746296,0.556845752259289,hold
635,2022-07-21,0,-1,0.0068772959606149,-0.0068772959606149,0.5530161592165906,hold
636,2022-07-22,0,-1,-0.0052901993117577,0.0052901993117577,0.5559417249214692,hold
637,2022-07-25,0,-1,-0.008847958067765,0.008847958067765,0.5608606739916953,hold
638,2022-07-26,0,-1,0.0095821774414373,-0.0095821774414373,0.5554864074935827,hold
639,2022-07-27,0,-1,0.0172937311236929,-0.0172937311236929,0.5458799749195226,hold
640,2022-07-28,0,-1,0.0135059538264792,-0.0135059538264792,0.5385073451834599,hold
641,2022-07-29,0,-1,0.0105955316684394,-0.0105955316684394,0.5328015735538814,hold
642,2022-08-01,0,-1,0.0003113276638058,-0.0003113276638058,0.5326356976847147,hold
643,2022-08-02,-1,-1,0.0024618083588656,-0.0024618083588656,0.5313244506719244,hold
644,2022-08-03,-1,-1,-0.0003537116074355,0.0003537116074355,0.5315123862974412,hold
645,2022-08-04,0,-1,0.0008917270739845,-0.0008917270739845,0.5310384223124217,hold
646,2022-08-05,-1,-1,0.0073343646716481,-0.0073343646716481,0.5271435928685257,hold
647,2022-08-08,0,-1,0.0005506610997998,-0.0005506610997998,0.5268533153979243,hold
648,2022-08-10,-1,-1,0.0070859293688247,-0.0070859293688247,0.5231200700172836,hold
649,2022-08-11,0,-1,0.0022170219505635,-0.0022170219505635,0.521960301339275,hold
650,2022-08-12,0,-1,0.0071815193435313,-0.0071815193435313,0.5182118333386515,hold
651,2022-08-16,0,-1,0.0066759231988331,-0.0066759231988331,0.5147522909385561,hold
652,2022-08-17,0,-1,0.000682669936052,-0.000682669936052,0.5144008850250185,hold
653,2022-08-18,0,-1,-0.011029475746944,0.011029475746944,0.5200744571106084,hold
654,2022-08-19,0,-1,-0.0150773300473388,0.0150773300473388,0.5279157913496556,hold
655,2022-08-22,0,-1,0.0049626821755044,-0.0049626821755044,0.5252959130617574,hold
656,2022-08-23,0,-1,0.0015616110795051,-0.0015616110795051,0.5244756051439013,hold
657,2022-08-24,-1,-1,-0.0046861822192667,0.0046861822192667,0.5269333933991659,hold
658,2022-08-25,0,-1,0.0020802555293466,-0.0020802555293466,0.5258372372939499,hold
659,2022-08-26,0,-1,-0.0140099889245538,0.0140099889245538,0.5332042111645561,hold
660,2022-08-29,0,-1,0.0257842637890255,-0.0257842637890255,0.5194559331304699,hold
661,2022-08-30,0,-1,-0.0121907952721076,0.0121907952721076,0.5257885140641451,hold
662,2022-09-01,0,-1,-0.0001910505934481,0.0001910505934481,0.5258889662717853,hold
663,2022-09-02,0,-1,0.0072038500710118,-0.0072038500710118,0.522100541004764,hold
664,2022-09-05,0,-1,-0.0005774531254664,0.0005774531254664,0.5224020295939749,hold
665,2022-09-06,0,-1,-0.0017671004916441,0.0017671004916441,0.5233251664773063,hold
666,2022-09-07,0,-1,0.0098925129655895,-0.0098925129655895,0.5181481654827103,hold
667,2022-09-08,0,-1,0.0019439347917691,-0.0019439347917691,0.517140919236537,hold
668,2022-09-09,0,-1,0.005775695663245,-0.005775695663245,0.514154070672016,hold
669,2022-09-12,0,-1,0.0074542019299801,-0.0074542019299801,0.5103214624061055,hold
670,2022-09-13,0,-1,-0.0036690976717561,0.0036690976717561,0.5121938816956669,hold
671,2022-09-14,0,-1,-0.0070179606679163,0.0070179606679163,0.5157884382117546,hold
672,2022-09-15,0,-1,-0.0193848531485446,0.0193848531485446,0.5257869213422066,hold
673,2022-09-16,0,-1,0.0052136885924867,-0.0052136885924867,0.523045632068326,hold
674,2022-09-19,0,-1,0.0110088098852303,-0.0110088098852303,0.5172875221435856,hold
675,2022-09-20,0,-1,-0.0054950054374517,0.0054950054374517,0.5201300198904906,hold
676,2022-09-21,0,-1,-0.0049975776569025,0.0049975776569025,0.5227294100565795,hold
677,2022-09-22,0,-1,-0.0171556772324205,0.0171556772324205,0.5316971870954037,hold
678,2022-09-23,0,-1,-0.0179513217622564,0.0179513217622564,0.54124185438104,hold
679,2022-09-26,0,-1,-0.0005230508522044,0.0005230508522044,0.5415249513942227,hold
680,2022-09-27,-1,-1,-0.0087491784653945,0.0087491784653945,0.5462628498374349,hold
681,2022-09-28,0,-1,-0.0024023347691036,0.0024023347691036,0.547575156074669,hold
682,2022-09-29,0,-1,0.016425755966269,-0.016425755966269,0.5385808201877949,hold
683,2022-09-30,0,-1,-0.0121092644487904,0.0121092644487904,0.5451026377664953,hold
684,2022-10-03,0,-1,0.0229136709327191,-0.0229136709327191,0.5326123353001566,hold
685,2022-10-04,0,-1,0.0033286441360573,-0.0033286441360573,0.530839458373468,hold
686,2022-10-06,0,-1,-0.0009895331040011,0.0009895331040011,0.5313647415904386,hold
687,2022-10-07,-1,-1,-0.0042536458411471,0.0042536458411471,0.5336249790136369,hold
688,2022-10-10,0,-1,-0.0149323831999303,0.0149323831999303,0.5415932716853233,hold
689,2022-10-11,0,-1,0.0082461453396196,-0.0082461453396196,0.5371272148520461,hold
690,2022-10-12,0,-1,-0.0063800837728176,0.0063800837728176,0.5405541314794623,hold
691,2022-10-13,0,-1,0.0100708880038873,-0.0100708880038873,0.5351102713612941,hold
692,2022-10-14,0,-1,0.0073375869608156,-0.0073375869608156,0.5311838532115549,hold
693,2022-10-17,0,-1,0.010117285874136,-0.010117285874136,0.5258097143168885,hold
694,2022-10-18,0,-1,0.0014468379208691,-0.0014468379208691,0.5250489528830535,hold
695,2022-10-19,0,-1,0.002952174549244,-0.002952174549244,0.5234989167272449,hold
696,2022-10-20,-1,-1,0.0007032337856462,-0.0007032337856462,0.5231307746022531,hold
697,2022-10-21,0,-1,0.0087873563767617,-0.0087873563767617,0.5185338380541717,hold
698,2022-10-24,0,-1,-0.004196122026705,0.004196122026705,0.5207096693136227,hold
699,2022-10-25,0,-1,0.0045649078749665,-0.0045649078749665,0.5183326776436017,hold
700,2022-10-27,0,-1,0.0028106052447454,-0.0028106052447454,0.5168758491012937,hold
701,2022-10-28,-1,-1,0.0126722303955641,-0.0126722303955641,0.5103258792555793,hold
702,2022-10-31,0,-1,0.0073950532223929,-0.0073950532223929,0.5065519922177198,hold
703,2022-11-01,0,-1,-0.0034471976315451,0.0034471976315451,0.5082981770455473,hold
704,2022-11-02,0,-1,-0.0016673473084335,0.0016673473084335,0.5091456866429258,hold
705,2022-11-03,0,-1,0.0035701681556883,-0.0035701681556883,0.5073279509258671,hold
706,2022-11-04,0,-1,0.0047275862251119,-0.0047275862251119,0.5049295142934558,hold
707,2022-11-07,0,-1,-0.0025161392359563,0.0025161392359563,0.5061999872557619,hold
708,2022-11-09,-1,-1,-0.0070937259046097,0.0070937259046097,0.5097908312182712,hold
709,2022-11-10,0,-1,0.0178331732470333,-0.0178331732470333,0.5006996430054067,hold
710,2022-11-11,0,-1,-0.0011198455015547,0.0011198455015547,0.5012603492482564,hold
711,2022-11-14,-1,-1,0.0040509242609507,-0.0040509242609507,0.499229781538434,hold
712,2022-11-15,-1,-1,0.0003396111515991,-0.0003396111515991,0.4990602375374132,hold
713,2022-11-16,0,-1,-0.0035714963948192,0.0035714963948192,0.5008426293765756,hold
714,2022-11-17,0,-1,-0.0019761337135545,0.0019761337135545,0.501832361381672,hold
715,2022-11-18,0,-1,-0.0080677295405768,0.0080677295405768,0.5058810091480084,hold
716,2022-11-21,0,-1,0.0046393301536886,-0.0046393301536886,0.5035340601280897,hold
717,2022-11-22,0,-1,0.0012634580983039,-0.0012634580983039,0.502897865942049,hold
718,2022-11-23,-1,-1,0.0118709498898301,-0.0118709498898301,0.49692799057574844,hold
719,2022-11-24,0,-1,0.0015500019600884,-0.0015500019600884,0.49615775121633326,hold
720,2022-11-25,0,-1,0.0027008413120686,-0.0027008413120686,0.49481770786454515,hold
721,2022-11-28,0,-1,0.0029791265437502,-0.0029791265437502,0.4933435832967282,hold
722,2022-11-29,0,-1,0.0075356346254191,-0.0075356346254191,0.4896259263082091,hold
723,2022-11-30,0,-1,0.0028867353340049,-0.0028867353340049,0.48821250584629033,hold
724,2022-12-01,0,-1,-0.006187396179402,0.006187396179402,0.4912332700396999,hold
725,2022-12-02,0,-1,0.0002648237856262,-0.0002648237856262,0.49110317978550244,hold
726,2022-12-05,-1,-1,-0.0031175136590962,0.0031175136590962,0.4926342006565093,hold
727,2022-12-06,0,-1,-0.0044119027503989,0.0044119027503989,0.49480765484132627,hold
728,2022-12-07,0,-1,0.0026319123609277,-0.0026319123609277,0.4935053644582677,hold
729,2022-12-08,0,-1,-0.0060587824059793,0.0060587824059793,0.4964954060777038,hold
730,2022-12-09,0,-1,2.977743269738653e-05,-2.977743269738653e-05,0.4964806217191648,hold
731,2022-12-12,0,-1,0.0059927938646799,-0.0059927938646799,0.49350531569539374,hold
732,2022-12-13,0,-1,0.0028106610731943,-0.0028106610731943,0.49211823951515427,hold
733,2022-12-14,0,-1,-0.0131509343553336,0.0131509343553336,0.4985900541780804,hold
734,2022-12-15,0,-1,-0.0079229530179417,0.0079229530179417,0.5025403597525463,hold
735,2022-12-16,0,-1,0.0082899566889265,-0.0082899566889265,0.49837432193576015,hold
736,2022-12-19,0,-1,-0.0019081205394395,0.0019081205394395,0.49932528021577505,hold
737,2022-12-20,0,-1,-0.0101277196435586,0.0101277196435586,0.5043823066647417,hold
738,2022-12-21,0,-1,-0.0039425027358517,0.0039425027358517,0.5063708352886827,hold
739,2022-12-22,0,-1,-0.0176831602541178,0.0176831602541178,0.515325071917104,hold
740,2022-12-23,0,-1,0.0116696328935068,-0.0116696328935068,0.5093114175070114,hold
741,2022-12-26,-1,-1,0.0065336546149905,-0.0065336546149905,0.5059837526135493,hold
742,2022-12-27,-1,-1,-0.0005405150382313,0.0005405150382313,0.5062572444409377,hold
743,2022-12-28,0,-1,0.0037798317009243,-0.0037798317009243,0.5043436772595772,hold
744,2022-12-29,-1,-1,-0.0047110779368918,0.0047110779368918,0.5067196796301257,hold
745,2022-12-30,0,-1,0.0050895833553579,-0.0050895833553579,0.5041406875828479,hold
746,2023-01-02,0,-1,0.0019289276248581,-0.0019289276248581,0.5031682366837544,hold
747,2023-01-03,0,-1,-0.0103990694870288,0.0103990694870288,0.5084007181406945,hold
748,2023-01-04,0,-1,-0.0028154392892826,0.0028154392892826,0.5098320894972473,hold
749,2023-01-05,0,-1,-0.0073755037054461,0.0073755037054461,0.5135923579624897,hold
750,2023-01-06,0,-1,0.0135362517084902,-0.0135362517084902,0.5066402425295524,hold
751,2023-01-09,0,-1,-0.0103335047509585,0.0103335047509585,0.5118756118827583,hold
752,2023-01-10,0,-1,-0.0010299775022909,0.0010299775022909,0.5124028322469689,hold
753,2023-01-11,0,-1,-0.0020954755408891,0.0020954755408891,0.5134765598490247,hold
754,2023-01-12,0,-1,0.0055100959183882,-0.0055100959183882,0.5106472547524126,hold
755,2023-01-13,0,-1,-0.0034388470725693,0.0034388470725693,0.5124032925695334,hold
756,2023-01-16,0,-1,0.0088545685118242,-0.0088545685118242,0.5078661825097922,hold
757,2023-01-17,0,-1,0.00620655632356,-0.00620655632356,0.5047140824432138,hold
758,2023-01-18,0,-1,-0.003165367099256,0.003165367099256,0.5063116877943107,hold
759,2023-01-19,0,-1,-0.0044289753051891,0.0044289753051891,0.5085541297562803,hold
760,2023-01-20,0,-1,0.0050422760956287,-0.0050422760956287,0.505989859424477,hold
761,2023-01-23,0,-1,-1.3798013043020418e-05,1.3798013043020418e-05,0.505996841079157,hold
762,2023-01-24,0,-1,-0.0124929796250122,0.0124929796250122,0.5123182493050794,hold
763,2023-01-25,0,-1,-0.0160742469061787,0.0160742469061787,0.5205533793389505,hold
764,2023-01-27,0,-1,0.0025334426073457,-0.0025334426073457,0.5192345872283355,hold
765,2023-01-30,0,-1,0.0007479862801675,-0.0007479862801675,0.5188462068809002,hold
766,2023-01-31,0,-1,-0.0025959245256645,0.0025959245256645,0.5201930924743904,hold
767,2023-02-01,0,-1,-0.0003349392530399,0.0003349392530399,0.5203673255602203,hold
768,2023-02-02,0,-1,0.0138355963078902,-0.0138355963078902,0.5131677333119525,hold
769,2023-02-03,0,-1,-0.0050101331608701,0.0050101331608701,0.5157387719897073,hold
770,2023-02-06,0,-1,-0.0024261514654264,0.0024261514654264,0.5169900323671474,hold
771,2023-02-07,0,-1,0.0084755364246817,-0.0084755364246817,0.5126082645166222,hold
772,2023-02-08,0,-1,0.0012170079483646,-0.0012170079483646,0.5119844161843081,hold
773,2023-02-09,0,-1,-0.0020649578680046,0.0020649578680046,0.5130416424328036,hold
774,2023-02-10,0,-1,-0.0047937507000251,0.0047937507000251,0.5155010361653578,hold
775,2023-02-13,0,-1,0.0089443537049958,-0.0089443537049958,0.510890212562603,hold
776,2023-02-14,0,-1,0.0047964707944361,-0.0047964707944361,0.5084397425788832,hold
777,2023-02-15,0,-1,0.0011101336008929,-0.0011101336008929,0.5078753065366172,hold
778,2023-02-16,0,-1,-0.0050815676893513,0.0050815676893513,0.510456109284533,hold
779,2023-02-17,0,-1,-0.0055505184801407,0.0055505184801407,0.5132894053524175,hold
780,2023-02-20,0,-1,-0.001003126492992,0.001003126492992,0.5138042995534986,hold
781,2023-02-21,0,-1,-0.0152803631315826,0.0152803631315826,0.5216554158292445,hold
782,2023-02-22,0,-1,-0.0024524349779846,0.0024524349779846,0.5229347418174792,hold
783,2023-02-23,0,-1,-0.002595429723749,0.002595429723749,0.5242919821899733,hold
784,2023-02-24,0,-1,-0.0041854114458053,0.0041854114458053,0.5264863598531752,hold
785,2023-02-27,0,-1,-0.0051027157362857,0.0051027157362857,0.5291728700865378,hold
786,2023-02-28,0,-1,0.008492348770636,-0.008492348770636,0.5246789495138044,hold
787,2023-03-01,0,-1,-0.0073921687198044,0.0073921687198044,0.5285574648323402,hold
788,2023-03-02,0,-1,0.0157285986298278,-0.0157285986298278,0.520243996615193,hold
789,2023-03-03,0,-1,0.0066555236183669,-0.0066555236183669,0.5167815004084071,hold
790,2023-03-06,0,-1,0.0024250512391459,-0.0024250512391459,0.515528278790474,hold
791,2023-03-08,0,-1,-0.0092822498999752,0.0092822498999752,0.5203135411047113,hold
792,2023-03-09,0,-1,-0.010045664635585,0.010045664635585,0.525540436444003,hold
793,2023-03-10,0,-1,-0.0148510359316261,0.0148510359316261,0.5333452563491553,hold
794,2023-03-13,0,-1,-0.0064706805258611,0.0064706805258611,0.5367963631129742,hold
795,2023-03-14,0,-1,-0.0041746837386849,0.0041746837386849,0.5390373181610472,hold
796,2023-03-15,0,-1,0.0007924286811309,-0.0007924286811309,0.5386101695299365,hold
797,2023-03-16,-1,-1,0.0067381296219788,-0.0067381296219788,0.5349809443919278,hold
798,2023-03-17,-1,-1,-0.0065292432199922,0.0065292432199922,0.5384739650959238,hold
799,2023-03-20,0,-1,0.007010642946744,-0.007010642946744,0.5346989163905188,hold
800,2023-03-21,0,-1,0.0025953757489405,-0.0025953757489405,0.533311171789934,hold
801,2023-03-22,0,-1,-0.0043726933046436,0.0043726933046436,0.5356431779801115,hold
802,2023-03-23,0,-1,-0.0077209333285906,0.0077209333285906,0.5397788432452103,hold
803,2023-03-24,0,-1,0.0023988383407489,-0.0023988383407489,0.5384840010605085,hold
804,2023-03-27,0,-1,-0.0020016838613549,0.0020016838613549,0.5395618757950291,hold
805,2023-03-28,0,-1,0.0076098565893214,-0.0076098565893214,0.5354558872991637,hold
806,2023-03-29,0,-1,0.0163371989446239,-0.0163371989446239,0.5267080379422872,hold
807,2023-03-31,0,-1,0.0022062979737611,-0.0022062979737611,0.5255459630654113,hold
808,2023-04-03,0,-1,0.0091389548173612,-0.0091389548173612,0.52074302225451,hold
809,2023-04-05,0,-1,0.0023978747854371,-0.0023978747854371,0.5194943456917536,hold
810,2023-04-06,0,-1,0.001414863221935,-0.001414863221935,0.5187593322480312,hold
811,2023-04-10,0,-1,0.0055747683219642,-0.0055747683219642,0.5158673691558915,hold
812,2023-04-11,0,-1,0.0050839679614469,-0.0050839679614469,0.513244715978747,hold
813,2023-04-12,0,-1,0.0008757724412713,-0.0008757724412713,0.5127952304008646,hold
814,2023-04-13,0,-1,-0.0067955121508301,0.0067955121508301,0.5162799366199414,hold
815,2023-04-17,0,-1,-0.0026373533282438,0.0026373533282438,0.5176415492290916,hold
816,2023-04-18,0,-1,-0.0023442830162407,0.0023442830162407,0.5188550475214498,hold
817,2023-04-19,0,-1,0.0003234746363958,-0.0003234746363958,0.5186872110736107,hold
818,2023-04-20,-1,-1,-2.260708945023282e-05,2.260708945023282e-05,0.5186989370817882,hold
819,2023-04-21,0,-1,0.0067719737565652,-0.0067719737565652,0.515186321492312,hold
820,2023-04-24,0,-1,0.0014568576938982,-0.0014568576938982,0.5144357683360549,hold
821,2023-04-25,-1,-1,0.0024958627615121,-0.0024958627615121,0.513151807258675,hold
822,2023-04-26,-1,-1,0.0056951528101938,-0.0056951528101938,0.5102293293015098,hold
823,2023-04-27,0,-1,0.0083700136036979,-0.0083700136036979,0.5059587028742505,hold
824,2023-04-28,0,-1,0.0045751669319125,-0.0045751669319125,0.5036438573479469,hold
825,2023-05-02,0,-1,-0.0031850283648763,0.0031850283648763,0.5052479773193959,hold
826,2023-05-03,0,-1,0.0091737176073036,-0.0091737176073036,0.5006129750538064,hold
827,2023-05-04,0,-1,-0.0102324068655403,0.0102324068655403,0.5057354506967255,hold
828,2023-05-05,0,-1,0.0108141231183243,-0.0108141231183243,0.5002663652675899,hold
829,2023-05-08,0,-1,8.480038171931881e-05,-8.480038171931881e-05,0.5002239424888539,hold
830,2023-05-09,0,-1,0.0026908205008338,-0.0026908205008338,0.49887792964939703,hold
831,2023-05-10,0,-1,-0.0009882342854272,0.0009882342854272,0.49937093792371956,hold
832,2023-05-11,-1,-1,0.0009728797753729,-0.0009728797753729,0.4988851100378046,hold
833,2023-05-12,0,-1,0.0045891205221868,-0.0045891205221868,0.49659566614111667,hold
834,2023-05-15,0,-1,-0.0061063388070606,0.0061063388070606,0.4996280475286923,hold
835,2023-05-16,0,-1,-0.0057282694884204,0.0057282694884204,0.5024900516289099,hold
836,2023-05-17,0,-1,-0.0028490536527011,0.0028490536527011,0.5039216727459492,hold
837,2023-05-18,0,-1,0.0040513721791914,-0.0040513721791914,0.5018800985004948,hold
838,2023-05-19,0,-1,0.0060977618257063,-0.0060977618257063,0.4988197531947767,hold
839,2023-05-22,0,-1,0.0018346005688616,-0.0018346005688616,0.49790461819180615,hold
840,2023-05-23,0,-1,-0.0034117947119577,0.0034117947119577,0.49960336653521226,hold
841,2023-05-24,0,-1,0.0019551116867164,-0.0019551116867164,0.49862658615457645,hold
842,2023-05-25,0,-1,0.0097264208278746,-0.0097264208278746,0.49377673414167056,hold
843,2023-05-26,0,-1,0.0053677985089635,-0.0053677985089635,0.49112624012438405,hold
844,2023-05-29,0,-1,0.0018925684396833,-0.0018925684396833,0.4901967501024243,hold
845,2023-05-30,0,-1,-0.0053370195013254,0.0053370195013254,0.49281293971720724,hold
846,2023-05-31,0,-1,-0.0025169624936233,0.0025169624936233,0.49405333140284763,hold
847,2023-06-01,-1,-1,0.0025070443604549,-0.0025070443604549,0.4928147177845902,hold
848,2023-06-02,0,-1,0.0032237875731377,-0.0032237875731377,0.49122598782153687,hold
849,2023-06-05,0,-1,0.0002769943144211,-0.0002769943144211,0.49108992101581445,hold
850,2023-06-06,0,-1,0.0068498516385289,-0.0068498516385289,0.48772602791567926,hold
851,2023-06-07,0,-1,-0.0049048192636628,0.0049048192636628,0.4901182359327898,hold
852,2023-06-08,0,-1,-0.0038181972541345,0.0038181972541345,0.49198960403542963,hold
853,2023-06-09,0,-1,0.0020524046550352,-0.0020524046550352,0.4909798422818784,hold
854,2023-06-12,0,-1,0.0061635024393194,-0.0061635024393194,0.4879536868263174,hold
855,2023-06-13,0,-1,0.0021238341844009,-0.0021238341844009,0.48691735410583126,hold
856,2023-06-14,0,-1,-0.0036149041015322,0.0036149041015322,0.4886775136462956,hold
857,2023-06-15,0,-1,0.007379048352023,-0.007379048352023,0.4850715386445532,hold
858,2023-06-16,0,-1,-0.0037475183921172,0.0037475183921172,0.48688935315711623,hold
859,2023-06-19,0,-1,0.0032657175674986,-0.0032657175674986,0.485299310043083,hold
860,2023-06-20,0,-1,0.002133763746672,-0.002133763746672,0.4842637959690282,hold
861,2023-06-21,0,-1,-0.0045394438174043,0.0045394438174043,0.4864620842636325,hold
862,2023-06-22,0,-1,-0.0056336152360657,0.0056336152360657,0.48920262447330837,hold
863,2023-06-23,0,-1,0.0013768299134766,-0.0013768299134766,0.48852907566618226,hold
864,2023-06-26,0,-1,0.0067519034171119,-0.0067519034171119,0.4852305745308333,hold
865,2023-06-27,0,-1,0.0082210728123248,-0.0082210728123248,0.48124145864684914,hold
866,2023-06-28,0,-1,0.0114352747635688,-0.0114352747635688,0.47573833033960183,hold
867,2023-06-30,0,-1,0.0069570924336936,-0.0069570924336936,0.47242857480117817,hold
868,2023-07-03,0,-1,0.0034389465191355,-0.0034389465191355,0.4708039181983255,hold
869,2023-07-04,0,-1,0.0004899685388621,-0.0004899685388621,0.47057323909043536,hold
870,2023-07-05,0,-1,0.0050932175812563,-0.0050932175812563,0.46817650719583126,hold
871,2023-07-06,0,-1,-0.0084883544577184,0.0084883544577184,0.472150555337686,hold
872,2023-07-07,0,-1,0.0012466303397029,-0.0012466303397029,0.4715619581304945,hold
873,2023-07-10,-1,-1,0.0043139300324381,-0.0043139300324381,0.46952767283716007,hold
874,2023-07-11,0,-1,-0.0028344294714754,0.0028344294714754,0.47085851591072303,hold
875,2023-07-12,0,-1,0.0015192303855748,-0.0015192303855748,0.47014317334604483,hold
876,2023-07-13,0,-1,0.0077651149314275,-0.0077651149314275,0.4664924575707867,hold
877,2023-07-14,0,-1,0.0075110132510414,-0.0075110132510414,0.4629886265404617,hold
878,2023-07-17,0,-1,0.0019177068530324,-0.0019177068530324,0.462100750078469,hold
879,2023-07-18,0,-1,0.0042482823714824,-0.0042482823714824,0.4601376156080618,hold
880,2023-07-19,0,-1,0.0073614124394989,-0.0073614124394989,0.45675035284064325,hold
881,2023-07-20,0,-1,-0.011719737128305,0.011719737128305,0.4621033469091962,hold
882,2023-07-21,0,-1,-0.0036794322929856,0.0036794322929856,0.4638036248865106,hold
883,2023-07-24,0,-1,0.0004193703428323,-0.0004193703428323,0.4636091194013351,hold
884,2023-07-25,-1,-1,0.0049643391875346,-0.0049643391875346,0.46130760648219266,hold
885,2023-07-26,0,-1,-0.0059863783008722,0.0059863783008722,0.464069168327665,hold
886,2023-07-27,0,-1,-0.0007044597937843,0.0007044597937843,0.46439608639828667,hold
887,2023-07-28,0,-1,0.0054845628365591,-0.0054845628365591,0.46184907688138316,hold
888,2023-07-31,0,-1,-0.0010251191770254,0.0010251191770254,0.46232252722698575,hold
889,2023-08-01,-1,-1,-0.0104897492749598,0.0104897492749598,0.46717217462176264,hold
890,2023-08-02,0,-1,-0.0074206854169113,0.0074206854169113,0.47063891236516503,hold
891,2023-08-03,0,-1,0.0069833892701145,-0.0069833892701145,0.46735225763445576,hold
892,2023-08-04,0,-1,0.0041144018676027,-0.0041144018676027,0.4654293826328162,hold
893,2023-08-07,0,-1,-0.0013497354646058,0.0013497354646058,0.4660575891768252,hold
894,2023-08-08,0,-1,0.0031527078847637,-0.0031527078847637,0.4645882457406735,hold
895,2023-08-09,0,-1,-0.0045562684580157,0.0045562684580157,0.4667050345107065,hold
896,2023-08-10,0,-1,-0.0058741361615907,0.0058741361615907,0.46944652343072224,hold
897,2023-08-11,0,-1,0.0003216956578122,-0.0003216956578122,0.4692955045225596,hold
898,2023-08-14,0,-1,0.0015667570139761,-0.0015667570139761,0.4685602324992214,hold
899,2023-08-16,0,-1,-0.0051245825841254,0.0051245825841254,0.4709614081063006,hold
900,2023-08-17,0,-1,-0.0028452826260957,0.0028452826260957,0.472301426418347,hold
901,2023-08-18,0,-1,0.0043215209131937,-0.0043215209131937,0.47026036592674886,hold
902,2023-08-21,0,-1,0.0001469355577301,-0.0001469355577301,0.470191267957603,hold
903,2023-08-22,0,-1,0.0024515199000461,-0.0024515199000461,0.469038584707377,hold
904,2023-08-23,0,-1,-0.0029469646806212,0.0029469646806212,0.47042082485035824,hold
905,2023-08-24,0,-1,-0.0062361537740819,0.0062361537740819,0.4733544414526555,hold
906,2023-08-25,0,-1,0.0020891942389009,-0.0020891942389009,0.47236551208061445,hold
907,2023-08-28,0,-1,0.001895758474361,-0.001895758474361,0.4714700211580918,hold
908,2023-08-29,0,-1,0.0002480956863764,-0.0002480956863764,0.47135305147958667,hold
909,2023-08-30,0,-1,-0.0048403506033882,0.0048403506033882,0.4736345655067248,hold
910,2023-08-31,0,-1,0.0094267101889176,-0.0094267101889176,0.46916974972223896,hold
911,2023-09-01,0,-1,0.0048108337016425,-0.0048108337016425,0.46691265207848404,hold
912,2023-09-04,0,-1,0.0023605960187407,-0.0023605960187407,0.4658104599308879,hold
913,2023-09-05,0,-1,0.0018467726478093,-0.0018467726478093,0.46495021391442404,hold
914,2023-09-06,0,-1,0.0059150323607803,-0.0059150323607803,0.4622000183529685,hold
915,2023-09-07,0,-1,0.004709190366575,-0.004709190366575,0.4600234304791099,hold
916,2023-09-08,0,-1,0.0089001434200508,-0.0089001434200508,0.455929155971262,hold
917,2023-09-11,0,-1,-0.0001575482868895,0.0001575482868895,0.4560009868287282,hold
918,2023-09-12,0,-1,0.0038413452699443,-0.0038413452699443,0.45424932959488373,hold
919,2023-09-13,0,-1,0.0016492082399102,-0.0016492082399102,0.45350017785754215,hold
920,2023-09-14,0,-1,0.0044396138771742,-0.0044396138771742,0.45148681217462483,hold
921,2023-09-15,0,-1,-0.0029243168460981,0.0029243168460981,0.45280710266525825,hold
922,2023-09-18,0,-1,-0.011518249945432,0.011518249945432,0.4580226480508236,hold
923,2023-09-20,0,-1,-0.0079919391664983,0.0079919391664983,0.4616831371909242,hold
924,2023-09-21,0,-1,-0.0034494176591149,0.0034494176591149,0.46327567515726614,hold
925,2023-09-22,-1,-1,1.5288066889551644e-05,-1.5288066889551644e-05,0.46326859256775604,hold
926,2023-09-25,-1,-1,-0.0005007261720755,0.0005007261720755,0.4635005632767553,hold
927,2023-09-26,-1,-1,0.0026316191986632,-0.0026316191986632,0.462280806295845,hold
928,2023-09-27,0,-1,-0.0097836296667737,0.0097836296667737,0.4668035905067011,hold
929,2023-09-28,0,-1,0.0058775169171687,-0.0058775169171687,0.4640599445065029,hold
930,2023-09-29,0,-1,-0.0055784246544688,0.0055784246544688,0.46664866794208937,hold
931,2023-10-03,0,-1,-0.0047443072713306,0.0047443072713306,0.4688625926105638,hold
932,2023-10-04,0,-1,0.0056415841052857,-0.0056415841052857,0.466217464860529,hold
933,2023-10-05,0,-1,0.0055127073660514,-0.0055127073660514,0.4636473444078106,hold
934,2023-10-06,0,-1,-0.0071819467588469,0.0071819467588469,0.46697723495022825,hold
935,2023-10-09,0,-1,0.0090968029762401,-0.0090968029762401,0.46272923504949665,hold
936,2023-10-10,0,-1,0.0061706921287072,-0.0061706921287072,0.459873875401054,hold
937,2023-10-11,0,-1,-0.0008757409120068,0.0008757409120068,0.46027660576810586,hold
938,2023-10-12,0,-1,-0.002169809980297,0.002169809980297,0.4612753185409987,hold
939,2023-10-13,0,-1,-0.0009772027556287,0.0009772027556287,0.46172607805338045,hold
940,2023-10-16,0,-1,0.0040417094276989,-0.0040417094276989,0.45985991541069765,hold
941,2023-10-17,0,-1,-0.0070868127413371,0.0070868127413371,0.46311885651846035,hold
942,2023-10-18,0,-1,-0.0023588102112444,0.0023588102112444,0.4642112660062359,hold
943,2023-10-19,0,-1,-0.0041808960845935,0.0041808960845935,0.46615208507070555,hold
944,2023-10-20,0,-1,-0.0133503074255556,0.0133503074255556,0.47237535871346326,hold
945,2023-10-23,0,-1,-0.008277236732921,0.008277236732921,0.47628532138433305,hold
946,2023-10-25,0,-1,-0.0138530649123475,0.0138530649123475,0.48288333285826845,hold
947,2023-10-26,0,-1,0.0100757003274603,-0.0100757003274603,0.4780179451032633,hold
948,2023-10-27,0,-1,0.0049167407696648,-0.0049167407696648,0.4756676547839427,hold
949,2023-10-30,-1,-1,-0.0032026069828995,0.0032026069828995,0.4771910313366931,hold
950,2023-10-31,0,-1,-0.0047406245729368,0.0047406245729368,0.4794532148658329,hold
951,2023-11-01,0,-1,0.0075885232572669,-0.0075885232572669,0.4758148729940522,hold
952,2023-11-02,0,-1,0.0050879808383312,-0.0050879808383312,0.47339393603766544,hold
953,2023-11-03,-1,-1,0.0094199033989916,-0.0094199033989916,0.46893461089052224,hold
954,2023-11-06,0,-1,-0.0002601919584787,0.0002601919584787,0.46905662390532826,hold
955,2023-11-07,0,-1,0.0018962926582819,-0.0018962926582819,0.46816715527309805,hold
956,2023-11-08,0,-1,-0.002478937369815,0.002478937369815,0.46932771232962456,hold
957,2023-11-09,0,-1,0.0015492839458333,-0.0015492839458333,0.4686005904395776,hold
958,2023-11-10,0,-1,0.0009369804014345,-0.0009369804014345,0.46816152087023505,hold
959,2023-11-13,0,-1,0.0119267535086042,-0.0119267535086042,0.4625778738086025,hold
960,2023-11-15,0,-1,0.0045615222809993,-0.0045615222809993,0.46046781453052726,hold
961,2023-11-16,0,-1,-0.0016897597201204,0.0016897597201204,0.46124589449593284,hold
962,2023-11-17,0,-1,-0.0019157289123818,0.0019157289123818,0.4621295165917361,hold
963,2023-11-20,0,-1,0.004539473475424,-0.004539473475424,0.4600316919089574,hold
964,2023-11-21,0,-1,0.0014380348265852,-0.0014380348265852,0.4593701503146594,hold
965,2023-11-22,0,-1,-0.0004971574875239,0.0004971574875239,0.4595985296244333,hold
966,2023-11-23,-1,-1,-0.0003686890844358,0.0003686890844358,0.45976797858552865,hold
967,2023-11-24,-1,-1,0.0047992646389904,-0.0047992646389904,0.457561430383763,hold
968,2023-11-28,0,-1,0.0104023891135545,-0.0104023891135545,0.45280169834155654,hold
969,2023-11-29,0,-1,0.0018187545137213,-0.0018187545137213,0.4519781632088772,hold
970,2023-11-30,0,-1,0.0066929416105065,-0.0066929416105065,0.44895309975329617,hold
971,2023-12-01,0,-1,0.0206681690037693,-0.0206681690037693,0.4396740612128289,hold
972,2023-12-04,0,-1,0.0081355657602475,-0.0081355657602475,0.43609706397475684,hold
973,2023-12-05,0,-1,0.0039606432442005,-0.0039606432442005,0.43436983908450955,hold
974,2023-12-06,0,-1,-0.001745599062397,0.001745599062397,0.43512807466834896,hold
975,2023-12-07,-1,-1,0.0032653705047074,-0.0032653705047074,0.4337072202875568,hold
976,2023-12-08,-1,-1,0.0013209351833629,-0.0013209351833629,0.4331343211610005,hold
977,2023-12-11,0,-1,-0.0043196070141755,0.0043196070141755,0.4350052912127677,hold
978,2023-12-12,-1,-1,0.0009542158562574,-0.0009542158562574,0.4345902022663366,hold
979,2023-12-13,-1,-1,0.0122500872899569,-0.0122500872899569,0.42926643435321393,hold
980,2023-12-14,0,-1,0.0129327792008919,-0.0129327792008919,0.4237148263393697,hold
981,2023-12-15,0,-1,-0.0017710126840955,0.0017710126840955,0.424465230671256,hold
982,2023-12-18,0,-1,0.0016083748565725,-0.0016083748565725,0.42378253146675515,hold
983,2023-12-19,-1,-1,-0.0141214660942333,0.0141214660942333,0.42976696211619125,hold
984,2023-12-20,0,-1,0.0049597940765233,-0.0049597940765233,0.427635406483202,hold
985,2023-12-21,0,-1,0.0044389265566107,-0.0044389265566107,0.42573716432081665,hold
986,2023-12-22,0,-1,0.0043068759341071,-0.0043068759341071,0.4239035671735483,hold
987,2023-12-26,0,-1,0.0099527499207277,-0.0099527499207277,0.4196845609789656,hold
988,2023-12-27,0,-1,0.0057238813077962,-0.0057238813077962,0.41728233636520745,hold
989,2023-12-28,0,-1,-0.0021717930740454,0.0021717930740454,0.4181885872532469,hold
990,2023-12-29,0,-1,0.0004831718072126,-0.0004831718072126,0.4179865303177881,hold
991,2024-01-01,0,-1,-0.003500136051024,0.003500136051024,0.41944954004139584,hold
992,2024-01-02,-1,-1,-0.0068518663756694,0.0068518663756694,0.42232355224109547,hold
993,2024-01-03,0,-1,0.0065644701863494,-0.0065644701863494,0.4195512218734156,hold
994,2024-01-04,0,-1,0.0024101822286055,-0.0024101822286055,0.4185400269744666,hold
995,2024-01-05,0,-1,-0.009110708685643,0.009110708685643,0.4223532232335121,hold
996,2024-01-08,0,-1,0.0014804820050666,-0.0014804820050666,0.42172793688673305,hold
997,2024-01-09,0,-1,0.0034277152411805,-0.0034277152411805,0.4202823736098348,hold
998,2024-01-10,0,-1,0.0013183031833516,-0.0013183031833516,0.4197283140187984,hold
999,2024-01-11,0,-1,0.0114264926377058,-0.0114264926377058,0.41493229152882594,hold
1000,2024-01-12,0,-1,0.0092670746948486,-0.0092670746948486,0.41108708298992364,hold
1001,2024-01-15,0,-1,-0.0029482333845447,0.0029482333845447,0.4122990636519496,hold
1002,2024-01-16,0,-1,-0.0208943935120824,0.0208943935120824,0.4209138025325566,hold
1003,2024-01-17,0,-1,-0.0050852715087356,0.0050852715087356,0.42305426350020897,hold
1004,2024-01-18,0,-1,0.0074619571864553,-0.0074619571864553,0.41989745069842305,hold
1005,2024-01-19,0,-1,-0.0177408429427344,0.0177408429427344,0.42734678542331833,hold
1006,2024-01-23,0,-1,0.0101299710711508,-0.0101299710711508,0.4230177748496308,hold
1007,2024-01-24,0,-1,-0.0047240537554001,0.0047240537554001,0.4250161335575102,hold
1008,2024-01-25,0,-1,0.0180305914522447,-0.0180305914522447,0.4173528412927221,hold
1009,2024-01-29,0,-1,-0.0099136981024832,0.0099136981024832,0.42149035136351176,hold
1010,2024-01-30,0,-1,0.0094600254190029,-0.0094600254190029,0.41750304192574844,hold
1011,2024-01-31,0,-1,-0.0013003033741542,0.0013003033741542,0.4180459225398841,hold
1012,2024-02-01,0,-1,0.0072059881750932,-0.0072059881750932,0.4150334885654158,hold
1013,2024-02-02,0,-1,-0.0037568550808078,0.0037568550808078,0.4165927092356381,hold
1014,2024-02-05,0,-1,0.0072434021015312,-0.0072434021015312,0.41357516073007816,hold
1015,2024-02-06,0,-1,5.014315737827957e-05,-5.014315737827957e-05,0.4135544227657059,hold
1016,2024-02-07,-1,-1,-0.0096920171108729,0.0096920171108729,0.41756259930742834,hold
1017,2024-02-08,0,-1,0.0029722318898448,-0.0029722318898448,0.4163215064337603,hold
1018,2024-02-09,0,-1,-0.0076414194307357,0.0076414194307357,0.4195027936824564,hold
1019,2024-02-12,0,-1,0.0058844800115076,-0.0058844800115076,0.4170342378782604,hold
1020,2024-02-13,0,-1,0.0044519922849619,-0.0044519922849619,0.41517760466866144,hold
1021,2024-02-14,0,-1,0.0032371361888359,-0.0032371361888359,0.4138336182197943,hold
1022,2024-02-15,0,-1,0.0059308430222606,-0.0059308430222606,0.41137923599279863,hold
1023,2024-02-16,0,-1,0.0037000088082788,-0.0037000088082788,0.40985712919608225,hold
1024,2024-02-19,0,-1,0.003376655573009,-0.003376655573009,0.4084731828366448,hold
1025,2024-02-20,0,-1,-0.00639270001033,0.00639270001033,0.4110844293567842,hold
1026,2024-02-21,0,-1,0.0073633218581414,-0.0073633218581414,0.4080574823925598,hold
1027,2024-02-22,0,-1,-0.0002137959201901,0.0002137959201901,0.4081447234174983,hold
1028,2024-02-23,0,-1,-0.0040809285088362,0.0040809285088362,0.40981033285502383,hold
1029,2024-02-26,0,-1,0.0034489943486464,-0.0034489943486464,0.40839689933298995,hold
1030,2024-02-27,0,-1,-0.0111359278099485,0.0111359278099485,0.41294477772176896,hold
1031,2024-02-28,0,-1,0.0014418556686905,-0.0014418556686905,0.4123493709531547,hold
1032,2024-02-29,0,-1,0.0161921687000685,-0.0161921687000685,0.40567254037531414,hold
1033,2024-03-01,0,-1,0.0029925402887358,-0.0029925402887358,0.40445854895420724,hold
1034,2024-03-04,0,-1,-0.0022002905070378,0.0022002905070378,0.4053484752599614,hold
1035,2024-03-05,0,-1,0.0052669715420341,-0.0052669715420341,0.40321351637616026,hold
1036,2024-03-06,0,-1,0.000867667346212,-0.000867667346212,0.40286366117444933,hold
1037,2024-03-07,0,-1,-0.0071531788017711,0.0071531788017711,0.4057454169755663,hold
1038,2024-03-11,0,-1,0.000136518866846,-0.000136518866846,0.40569002507101287,hold
1039,2024-03-12,0,-1,-0.0151327252704165,0.0151327252704165,0.4118292207653609,hold
1040,2024-03-13,0,-1,0.0067712159528048,-0.0067712159528048,0.40904063617588327,hold
1041,2024-03-14,0,-1,-0.0055674686273187,0.0055674686273187,0.41131795708509095,hold
1042,2024-03-15,0,-1,0.0014688778023679,-0.0014688778023679,0.41071378126821334,hold
1043,2024-03-18,0,-1,-0.0108021966402886,0.0108021966402886,0.4151503922963491,hold
1044,2024-03-19,0,-1,0.0009923428906801,-0.0009923428906801,0.41473842075599077,hold
1045,2024-03-20,-1,-1,0.0079146856998078,-0.0079146856998078,0.41145589650807246,hold
1046,2024-03-21,0,-1,0.0038524885010076,-0.0038524885010076,0.40987076739810335,hold
1047,2024-03-22,0,-1,-0.0041658063402989,0.0041658063402989,0.41157820963963354,hold
1048,2024-03-26,0,-1,0.0054057167831516,-0.0054057167831516,0.40935333440420507,hold
1049,2024-03-27,0,-1,0.0091870010785439,-0.0091870010785439,0.4055926048795281,hold
1050,2024-03-28,0,-1,0.0060509791780918,-0.0060509791780918,0.403138372472614,hold
1051,2024-04-01,0,-1,-0.0003872860275131,0.0003872860275131,0.40329450233142705,hold
1052,2024-04-02,0,-1,-0.0008306302403686,0.0008306302403686,0.40362949094083794,hold
1053,2024-04-03,0,-1,0.0035659124883635,-0.0035659124883635,0.40219018349842023,hold
1054,2024-04-04,0,-1,-4.224679746289706e-05,4.224679746289706e-05,0.4022071747456441,hold
1055,2024-04-05,-1,-1,0.0067781647528144,-0.0067781647528144,0.3994809482504541,hold
1056,2024-04-08,0,-1,-0.0010390218270411,0.0010390218270411,0.3998960176751734,hold
1057,2024-04-09,-1,-1,0.0049044741142307,-0.0049044741142307,0.3979347380081016,hold
1058,2024-04-10,0,-1,-0.0103015928142499,0.0103015928142499,0.40203409964570624,hold
1059,2024-04-12,0,-1,-0.010963897188301,0.010963897188301,0.40644196018041295,hold
1060,2024-04-15,0,-1,-0.005594325260972,0.005594325260972,0.4087157287053692,hold
1061,2024-04-16,0,-1,-0.0068652458503182,0.0068652458503182,0.4115216626658235,hold
1062,2024-04-18,0,-1,0.0068717686886063,-0.0068717686886063,0.4086937809896333,hold
1063,2024-04-19,0,-1,0.0085519659829773,-0.0085519659829773,0.40519864567715563,hold
1064,2024-04-22,0,-1,0.0014147135985376,-0.0014147135985376,0.40462540564300714,hold
1065,2024-04-23,0,-1,0.0015379287654238,-0.0015379287654238,0.4040031205924475,hold
1066,2024-04-24,0,-1,0.0074969296067168,-0.0074969296067168,0.400974337636472,hold
1067,2024-04-25,0,-1,-0.0066636269808832,0.0066636269808832,0.4036462810513882,hold
1068,2024-04-26,0,-1,0.0099666225688024,-0.0099666225688024,0.3996232909168483,hold
1069,2024-04-29,0,-1,-0.0017025173156396,0.0017025173156396,0.40030365648936705,hold
1070,2024-04-30,0,-1,0.001917712797214,-0.001917712797214,0.39953598904454585,hold
1071,2024-05-02,0,-1,-0.0076098592965534,0.0076098592965534,0.4025764017050842,hold
1072,2024-05-03,0,-1,-0.0014749338156797,0.0014749338156797,0.40317017525335364,hold
1073,2024-05-06,-1,-1,-0.006246985595782,0.006246985595782,0.4056887735308103,hold
1074,2024-05-07,0,-1,0.0,-0.0,0.4056887735308103,hold
1075,2024-05-08,0,-1,-0.0154691178119045,0.0154691178119045,0.4119644209635254,hold
1076,2024-05-09,0,-1,0.004449469144939,-0.004449469144939,0.4101313979836355,hold
1077,2024-05-10,0,-1,0.0022149680905385,-0.0022149680905385,0.40922297002417385,hold
1078,2024-05-13,0,-1,0.0051483245877055,-0.0051483245877055,0.4071161573457445,hold
1079,2024-05-14,0,-1,-0.0007786004689536,0.0007786004689536,0.4074331381767725,hold
1080,2024-05-15,-1,-1,0.0091573776762647,-0.0091573776762647,0.40370211905266207,hold
1081,2024-05-16,0,-1,0.002778540343975,-0.002778540343975,0.4025804164279261,hold
1082,2024-05-17,0,-1,0.0028020516676037,-0.0028020516676037,0.4014523653007296,hold
1083,2024-05-21,0,-1,0.00305161547495,-0.00305161547495,0.40022728705032257,hold
1084,2024-05-22,0,-1,0.016366619608483,-0.016366619608483,0.3936769192862348,hold
1085,2024-05-23,0,-1,-0.0004593757337192,0.0004593757337192,0.3938577649098803,hold
1086,2024-05-24,-1,-1,-0.0010737589261899,0.0010737589261899,0.3942806732006015,hold
1087,2024-05-27,-1,-1,-0.0019317094176221,0.0019317094176221,0.39504230889020947,hold
1088,2024-05-28,0,-1,-0.008015115627261,0.008015115627261,0.39820861867362467,hold
1089,2024-05-29,0,-1,-0.0095155996581792,0.0095155996581792,0.40199781246935945,hold
1090,2024-05-30,0,-1,0.0018697799732139,-0.0018697799732139,0.40124616501032845,hold
1091,2024-05-31,-1,-1,0.0325423176953527,-0.0325423176953527,0.38818868483452046,hold
1092,2024-06-03,0,-1,-0.0592935994164107,0.0592935994164107,0.41120578921108186,hold
1093,2024-06-04,0,-1,0.0336242367600356,-0.0336242367600356,0.39737930839755115,hold
1094,2024-06-05,0,-1,0.0088880492442378,-0.0088880492442378,0.39384738153587256,hold
1095,2024-06-06,0,-1,0.0205399314668071,-0.0205399314668071,0.38575778331074434,hold
1096,2024-06-07,0,-1,-0.0013289382574128,0.0013289382574128,0.3862704315870808,hold
1097,2024-06-10,-1,-1,0.0002429314342191,-0.0002429314342191,0.3861765943571389,hold
1098,2024-06-11,-1,-1,0.0024973129141392,-0.0024973129141392,0.3852121905609125,hold
1099,2024-06-12,-1,-1,0.003256499474515,-0.003256499474515,0.3839577472647741,hold
1100,2024-06-13,-1,-1,0.0028505279152657,-0.0028505279152657,0.38286326498791334,hold
1101,2024-06-14,-1,-1,0.0039334507869606,-0.0039334507869606,0.38135729117694833,hold
1102,2024-06-18,0,-1,-0.0017786131162043,0.0017786131162043,0.3820355782569958,hold
1103,2024-06-19,0,-1,0.0021687361796223,-0.0021687361796223,0.38120704387652693,hold
1104,2024-06-20,-1,-1,-0.0027962995130903,0.0027962995130903,0.3822730129477055,hold
1105,2024-06-21,0,-1,0.001563756616109,-0.001563756616109,0.3816752309945486,hold
1106,2024-06-24,-1,-1,0.0077938798539154,-0.0077938798539154,0.3787005001009617,hold
1107,2024-06-25,0,-1,0.0062180401218379,-0.0062180401218379,0.3763457251971738,hold
1108,2024-06-26,0,-1,0.0073610408985447,-0.0073610408985447,0.3735754289220049,hold
1109,2024-06-27,0,-1,-0.0014099020825968,0.0014099020825968,0.37410213369724904,hold
1110,2024-06-28,0,-1,0.0054704843490753,-0.0054704843490753,0.3720556138299026,hold
1111,2024-07-01,0,-1,-0.0007497161563467,0.0007497161563467,0.37233454993465037,hold
1112,2024-07-02,-1,-1,0.0067423066077227,-0.0067423066077227,0.3698241562383425,hold
1113,2024-07-03,0,-1,0.0006444070008029,-0.0006444070008029,0.3695858389629965,hold
1114,2024-07-04,-1,-1,0.0008928929498506,-0.0008928929498506,0.36925583837302184,hold
1115,2024-07-05,0,-1,-0.0001356211363734,0.0001356211363734,0.3693059172694345,hold
1116,2024-07-08,-1,-1,0.0046318209860134,-0.0046318209860134,0.367595358371567,hold
1117,2024-07-09,0,-1,-0.0044509111977667,0.0044509111977667,0.36923149266839,hold
1118,2024-07-10,-1,-1,-0.0003494426502141,0.0003494426502141,0.36936051789973057,hold
1119,2024-07-11,-1,-1,0.007657573644356,-0.007657573644356,0.3665321125325959,hold
1120,2024-07-12,0,-1,0.0034506697076412,-0.0034506697076412,0.36526733127500194,hold
1121,2024-07-15,0,-1,0.0010697158254551,-0.0010697158254551,0.3648765990302153,hold
1122,2024-07-16,-1,-1,0.0076321297434283,-0.0076321297434283,0.36209181348607583,hold
1123,2024-07-18,0,-1,-0.0108846762510892,0.0108846762510892,0.36603306564904153,hold
1124,2024-07-19,0,-1,-0.0008825762723847,0.0008825762723847,0.3663561177476916,hold
1125,2024-07-22,-1,-1,-0.0012321559717249,0.0012321559717249,0.3668075256259524,hold
1126,2024-07-23,-1,-1,-0.0026778318259059,0.0026778318259059,0.3677897744920554,hold
1127,2024-07-24,0,-1,-0.0003031269840456,0.0003031269840456,0.36790126149716,hold
1128,2024-07-25,-1,-1,0.0175673297602745,-0.0175673297602745,0.36143821871721843,hold
1129,2024-07-26,0,-1,5.03324972633834e-05,-5.03324972633834e-05,0.361420026629064,hold
1130,2024-07-29,0,-1,0.0008536433743,-0.0008536433743,0.3611115028179927,hold
1131,2024-07-30,0,-1,0.0037755350108565,-0.0037755350108565,0.35974811369628035,hold
1132,2024-07-31,0,-1,0.0023946791656728,-0.0023946791656728,0.35888663238352175,hold
1133,2024-08-01,0,-1,-0.0117229354919546,0.0117229354919546,0.3630938372238786,hold
1134,2024-08-02,0,-1,-0.0267864578946228,0.0267864578946228,0.3728198350064731,hold
1135,2024-08-05,0,-1,-0.0026209626510589,0.0026209626510589,0.37379698186959903,hold
1136,2024-08-06,0,-1,0.0127101624804444,-0.0127101624804444,0.3690459614953367,hold
1137,2024-08-07,0,-1,-0.007428747813561,0.007428747813561,0.3717875108748987,hold
1138,2024-08-08,0,-1,0.0103868640378157,-0.0103868640378157,0.36792580454848317,hold
1139,2024-08-09,0,-1,-0.0008412844977941,0.0008412844977941,0.36823533482418824,hold
1140,2024-08-12,0,-1,-0.0085431469996303,0.0085431469996303,0.3713812234200493,hold
1141,2024-08-13,0,-1,0.0001967769998756,-0.0001967769998756,0.37130814413709456,hold
1142,2024-08-14,0,-1,0.0164597624902924,-0.0164597624902924,0.3651965002738867,hold
1143,2024-08-16,0,-1,0.0012835584110202,-0.0012835584110202,0.364727749234285,hold
1144,2024-08-19,-1,-1,0.0051357593399101,-0.0051357593399101,0.36285459528963065,hold
1145,2024-08-20,0,-1,0.0028887826964991,-0.0028887826964991,0.3618063872134128,hold
1146,2024-08-21,-1,-1,0.0016673576536574,-0.0016673576536574,0.36120312656455034,hold
1147,2024-08-22,0,-1,0.0004695560778267,-0.0004695560778267,0.3610335214411419,hold
1148,2024-08-23,0,-1,0.007551387144671,-0.007551387144671,0.358307217548536,hold
1149,2024-08-26,0,-1,0.000285894410237,-0.000285894410237,0.3582047795178913,hold
1150,2024-08-27,0,-1,0.0013830024432652,-0.0013830024432652,0.3577093814326288,hold
1151,2024-08-28,0,-1,0.0039756594063229,-0.0039756594063229,0.35628725076560624,hold
1152,2024-08-29,0,-1,0.0033377600735777,-0.0033377600735777,0.35509804940527606,hold
1153,2024-08-30,0,-1,0.0016959501132323,-0.0016959501132323,0.3544958208281786,hold
1154,2024-09-02,0,-1,4.550829989491412e-05,-4.550829989491412e-05,0.35447968832605287,hold
1155,2024-09-03,0,-1,-0.0032100820170585,0.0032100820170585,0.3556175971989608,hold
1156,2024-09-04,0,-1,-0.0021270784221717,0.0021270784221717,0.3563740237165072,hold
1157,2024-09-05,0,-1,-0.0116503502989019,0.0116503502989019,0.3605259059302337,hold
1158,2024-09-06,0,-1,0.0033900486950126,-0.0033900486950126,0.3593037055533167,hold
1159,2024-09-09,-1,-1,0.0041986500501236,-0.0041986500501236,0.35779511503198563,hold
1160,2024-09-10,0,-1,-0.0048979634496194,0.0048979634496194,0.35954758242786466,hold
1161,2024-09-11,0,-1,0.0188796328272711,-0.0188796328272711,0.3527594560876936,hold
1162,2024-09-12,0,-1,-0.0012761636040355,0.0012761636040355,0.35320963486653206,hold
1163,2024-09-13,0,-1,0.0010746751326089,-0.0010746751326089,0.3528300492553431,hold
1164,2024-09-16,0,-1,0.0013709866056039,-0.0013709866056039,0.3523463239837595,hold
1165,2024-09-17,0,-1,-0.0016129951842196,0.0016129951842196,0.3529146569075228,hold
1166,2024-09-18,0,-1,0.0015072376499098,-0.0015072376499098,0.35238273064942677,hold
1167,2024-09-19,-1,-1,0.0147604413777415,-0.0147604413777415,0.34718140601114744,hold
1168,2024-09-20,0,-1,0.0057423850996662,-0.0057423850996662,0.34518775667838786,hold
1169,2024-09-23,0,-1,5.203002169906768e-05,-5.203002169906768e-05,0.34516979655191765,hold
1170,2024-09-24,0,-1,0.0024575565157058,-0.0024575565157058,0.3443215222693766,hold
1171,2024-09-25,-1,-1,0.008148714241454,-0.008148714241454,0.341515744577221,hold
1172,2024-09-26,0,-1,-0.0014152231703233,0.0014152231703233,0.3419990655719769,hold
1173,2024-09-27,0,-1,-0.0140609008520233,0.0140609008520233,0.3468078805244691,hold
1174,2024-09-30,0,-1,-0.0005404401234794,0.0005404401234794,0.34699530941824336,hold
1175,2024-10-01,-1,-1,-0.0211963752609873,0.0211963752609873,0.3543503522104749,hold
1176,2024-10-03,0,-1,-0.0093266958801446,0.0093266958801446,0.3576552701805641,hold
1177,2024-10-04,0,-1,-0.0087488751686026,0.0087488751686026,0.3607843514927667,hold
1178,2024-10-07,0,-1,0.0087676473034692,-0.0087676473034692,0.35762112154626724,hold
1179,2024-10-08,0,-1,-0.0012473907279866,0.0012473907279866,0.3580672148174162,hold
1180,2024-10-09,-1,-1,0.0006604768849507,-0.0006604768849507,0.3578307196987706,hold
1181,2024-10-10,-1,-1,-0.0013680536120755,0.0013680536120755,0.3583202513073661,hold
1182,2024-10-11,0,-1,0.0065573457544287,-0.0065573457544287,0.35597062152872994,hold
1183,2024-10-14,0,-1,-0.0028096049048969,0.0028096049048969,0.35697075833297626,hold
1184,2024-10-15,0,-1,-0.0034340754096676,0.0034340754096676,0.3581966228361379,hold
1185,2024-10-16,0,-1,-0.0088682273228345,0.0088682273228345,0.36137319191372036,hold
1186,2024-10-17,0,-1,0.0042101739412401,-0.0042101739412401,0.35985174791806246,hold
1187,2024-10-18,0,-1,-0.0029351823779982,0.0029351823779982,0.36090797842724337,hold
1188,2024-10-21,0,-1,-0.0124691803378693,0.0124691803378693,0.36540820509562855,hold
1189,2024-10-22,0,-1,-0.0014955647434917,0.0014955647434917,0.3659546967241522,hold
1190,2024-10-23,0,-1,-0.0014773427748562,0.0014773427748562,0.36649533725128236,hold
1191,2024-10-24,0,-1,-0.0089592205494931,0.0089592205494931,0.36977884980807746,hold
1192,2024-10-25,0,-1,0.0065485676346082,-0.0065485676346082,0.3673573280002616,hold
1193,2024-10-28,-1,-1,0.0052466588480091,-0.0052466588480091,0.365429929424928,hold
1194,2024-10-29,0,-1,-0.0051498252538292,0.0051498252538292,0.3673118297039855,hold
1195,2024-10-30,0,-1,-0.005566773640794,0.005566773640794,0.36935657151553347,hold
1196,2024-10-31,0,-1,0.0040900049616161,-0.0040900049616161,0.36784590130542943,hold
1197,2024-11-01,0,-1,-0.0127137736646451,0.0127137736646451,0.372522610838094,hold
1198,2024-11-04,0,-1,0.0090830588186072,-0.0090830588186072,0.3691389660525905,hold
1199,2024-11-05,0,-1,0.0111818707596305,-0.0111818707596305,0.3650113018418468,hold
1200,2024-11-06,0,-1,-0.0116280257061476,0.0116280257061476,0.3692556626426982,hold
1201,2024-11-07,0,-1,-0.0021137093124677,0.0021137093124677,0.3700361617755075,hold
1202,2024-11-08,0,-1,-0.0002856708874028,0.0002856708874028,0.3701418703342131,hold
1203,2024-11-11,0,-1,-0.0106809307765333,0.0106809307765333,0.37409533002874934,hold
1204,2024-11-12,0,-1,-0.0135825623229214,0.0135825623229214,0.37917650316357865,hold
1205,2024-11-13,0,-1,-0.0011185324376894,0.0011185324376894,0.3796006243819768,hold
1206,2024-11-14,-1,-1,-0.0033527151631265,0.0033527151631265,0.38087331715127454,hold
1207,2024-11-18,0,-1,0.0027585814066317,-0.0027585814066317,0.3798226471002989,hold
1208,2024-11-19,-1,-1,-0.0071688079331164,0.0071688079331164,0.38254552270600883,hold
1209,2024-11-21,0,-1,0.0238694641112378,-0.0238694641112378,0.37341436608086304,hold
1210,2024-11-22,0,-1,0.0131612958673623,-0.0131612958673623,0.3684997491277493,hold
1211,2024-11-25,-1,-1,-0.0011312238174179,0.0011312238174179,0.3689166048206751,hold
1212,2024-11-26,-1,-1,0.0033230854378061,-0.0033230854378061,0.36769066342343065,hold
1213,2024-11-27,0,-1,-0.0148610290544929,0.0148610290544929,0.373154925055632,hold
1214,2024-11-28,0,-1,0.0090720019405352,-0.0090720019405352,0.3697696628514071,hold
1215,2024-11-29,0,-1,0.0060068200049485,-0.0060068200049485,0.3675485230433682,hold
1216,2024-12-02,0,-1,0.0074600111445999,-0.0074600111445999,0.36480660696528344,hold
1217,2024-12-03,0,-1,0.0004210968146538,-0.0004210968146538,0.3646529880651257,hold
1218,2024-12-04,-1,-1,0.0098478255628851,-0.0098478255628851,0.3610619490476755,hold
1219,2024-12-05,0,-1,-0.0012384293961259,0.0012384293961259,0.3615090987791987,hold
1220,2024-12-06,-1,-1,-0.0023827399277279,0.0023827399277279,0.3623704809430968,hold
1221,2024-12-09,0,-1,-0.00036350862139,0.00036350862139,0.3625022057370569,hold
1222,2024-12-10,-1,-1,0.0012901233029631,-0.0012901233029631,0.36203453319406,hold
1223,2024-12-11,-1,-1,-0.0037781963796591,0.0037781963796591,0.36340237075668536,hold
1224,2024-12-12,-1,-1,0.0089455478085889,-0.0089455478085889,0.36015153747532686,hold
1225,2024-12-13,0,-1,-0.0040394689217332,0.0040394689217332,0.3616063584180728,hold
1226,2024-12-16,0,-1,-0.0134687300477334,0.0134687300477334,0.3664767368431498,hold
1227,2024-12-17,0,-1,-0.0056356998120069,0.0056356998120069,0.3685420897200816,hold
1228,2024-12-18,0,-1,-0.010213311567061,0.010213311567061,0.3723061249079686,hold
1229,2024-12-19,0,-1,-0.0152055691508056,0.0152055691508056,0.3779672514355252,hold
1230,2024-12-20,0,-1,0.0070354729729729,-0.0070354729729729,0.3753080730533817,hold
1231,2024-12-23,-1,-1,-0.0010861087115143,0.0010861087115143,0.37571569842102664,hold
1232,2024-12-24,-1,-1,0.0009503186263191,-0.0009503186263191,0.37535864879461667,hold
1233,2024-12-26,-1,-1,0.002661079652128,-0.002661079652128,0.37435978953205906,hold
1234,2024-12-27,-1,-1,-0.0070758479358679,0.0070758479358679,0.3770087024760914,hold
1235,2024-12-30,0,-1,-4.212721278373799e-06,4.212721278373799e-06,0.37701029070867453,hold
1236,2024-12-31,0,-1,0.0041488871182535,-0.0041488871182535,0.3754461175701043,hold
1237,2025-01-01,0,-1,0.0187740331916654,-0.0187740331916654,0.3683974796971613,hold
1238,2025-01-02,0,-1,-0.0076027553276091,0.0076027553276091,0.3711983155986066,hold
1239,2025-01-03,0,-1,-0.0161925959966257,0.0161925959966257,0.3772089799577228,hold
1240,2025-01-06,0,-1,0.0038892874268343,-0.0038892874268343,0.37574190581468425,hold
1241,2025-01-07,0,-1,-0.0007993610384197,0.0007993610384197,0.37604225925469403,hold
1242,2025-01-08,0,-1,-0.0068575949591475,0.0068575949591475,0.37862100475618543,hold
1243,2025-01-09,0,-1,-0.0040379997024632,0.0040379997024632,0.3801498762607372,hold
1244,2025-01-10,0,-1,-0.0147472753024774,0.0147472753024774,0.385756051142157,hold
1245,2025-01-13,0,-1,0.0039028744993869,-0.0039028744993869,0.38425049368717007,hold
1246,2025-01-14,-1,-1,0.0016028803979861,-0.0016028803979861,0.38363458610292245,hold
1247,2025-01-15,-1,-1,0.0042476507253836,-0.0042476507253836,0.3820050403749801,hold
1248,2025-01-16,0,-1,-0.0046586517926727,0.0046586517926727,0.38378466884113305,hold
1249,2025-01-17,0,-1,0.0061004855371675,-0.0061004855371675,0.38144339601948113,hold
1250,2025-01-20,0,-1,-0.0137118456772935,0.0137118456772935,0.386673689000323,hold
1251,2025-01-21,-1,-1,0.0056764909144164,-0.0056764909144164,0.3844787393178688,hold
1252,2025-01-22,0,-1,0.0021593282262408,-0.0021593282262408,0.38364852352367024,hold
1253,2025-01-23,0,-1,-0.0048760476583936,0.0048760476583936,0.38551921200844397,hold
1254,2025-01-24,0,-1,-0.0113912419355629,0.0113912419355629,0.3899107546232397,hold
1255,2025-01-27,0,-1,0.0056112298172781,-0.0056112298172781,0.3877228757708204,hold
1256,2025-01-28,0,-1,0.0089666492883511,-0.0089666492883511,0.3842463007227125,hold
1257,2025-01-29,0,-1,0.0037300875997627,-0.0037300875997627,0.382813028361132,hold
1258,2025-01-30,0,-1,0.0111357401503258,-0.0111357401503258,0.3785501219511431,hold
1259,2025-01-31,0,-1,-0.0011166221250199,0.0011166221250199,0.37897281939274274,hold
1260,2025-02-01,-1,-1,-0.0051570919766934,0.0051570919766934,0.38092721707901794,hold
1261,2025-02-03,0,-1,0.0161893068206311,-0.0161893068206311,0.37476026948539654,hold
1262,2025-02-04,0,-1,-0.0018092070621439,0.0018092070621439,0.37543828841156046,hold
1263,2025-02-05,0,-1,-0.0039226026346081,0.0039226026346081,0.37691098363081643,hold
1264,2025-02-06,0,-1,-0.0018387386257991,0.0018387386257991,0.37760402441490637,hold
1265,2025-02-07,0,-1,-0.0075700336923079,0.0075700336923079,0.3804624996020783,hold
1266,2025-02-10,0,-1,-0.0132496849360461,0.0132496849360461,0.3855035078517864,hold
1267,2025-02-11,0,-1,-0.0011507892904301,0.0011507892904301,0.38594714116004547,hold
1268,2025-02-12,-1,-1,-0.0006009745771905,0.0006009745771905,0.386179085580022,hold
1269,2025-02-13,-1,-1,-0.0044352661537063,0.0044352661537063,0.38789189260756435,hold
1270,2025-02-14,0,-1,0.0013192755977626,-0.0013192755977626,0.38738015629907724,hold
1271,2025-02-17,-1,-1,-0.0006184463402948,0.0006184463402948,0.3876197301390432,hold
1272,2025-02-18,-1,-1,-0.0005404326900405,0.0005404326900405,0.387829212512515,hold
1273,2025-02-19,-1,-1,-0.0008612081186238,0.0008612081186238,0.3881632141789703,hold
1274,2025-02-20,-1,-1,-0.0051171487988824,0.0051171487988824,0.39014950310417656,hold
1275,2025-02-21,0,-1,-0.0106401053300685,0.0106401053300685,0.3943007349116789,hold
1276,2025-02-24,0,-1,-0.0002571160481895,0.0002571160481895,0.39440211595843755,hold
1277,2025-02-25,-1,-1,-0.0001108767876499,0.0001108767876499,0.39444584599809734,hold
1278,2025-02-27,-1,-1,-0.0186449596666951,0.0186449596666951,0.4018002728874273,hold
1279,2025-02-28,0,-1,-0.0002440004922383,0.0002440004922383,0.40189831235179335,hold
1280,2025-03-03,0,-1,-0.0016569416451024,0.0016569416451024,0.40256423440262545,hold
1281,2025-03-04,0,-1,0.0115316950692254,-0.0115316950692254,0.39792198640571824,hold
1282,2025-03-05,0,-1,0.009284847776867,-0.009284847776867,0.3942273413348726,hold
1283,2025-03-06,0,-1,0.0003460139864501,-0.0003460139864501,0.3940909331609297,hold
1284,2025-03-07,0,-1,-0.0040882039130917,0.0040882039130917,0.3957020572559921,hold
1285,2025-03-10,0,-1,0.001674047455606,-0.001674047455606,0.39503963323386465,hold
1286,2025-03-11,0,-1,-0.0012179087892316,0.0012179087892316,0.39552075547527504,hold
1287,2025-03-12,-1,-1,-0.0032620894617386,0.0032620894617386,0.39681097956360983,hold
1288,2025-03-13,0,-1,0.0049805683362682,-0.0049805683362682,0.3948346353633117,hold
1289,2025-03-17,0,-1,0.0144632989948354,-0.0144632989948354,0.3891240239785353,hold
1290,2025-03-18,0,-1,0.0032100316461272,-0.0032100316461272,0.38787492354729586,hold
1291,2025-03-19,0,-1,0.01235619558909,-0.01235619558909,0.38308226512784216,hold
1292,2025-03-20,0,-1,0.0068885519512889,-0.0068885519512889,0.3804433830428916,hold
1293,2025-03-21,0,-1,0.0131881772302988,-0.0131881772302988,0.3754260282812275,hold
1294,2025-03-24,0,-1,0.0004353972876416,-0.0004353972876416,0.3752625688068038,hold
1295,2025-03-25,-1,-1,-0.0076810793285454,0.0076810793285454,0.37814499036684257,hold
1296,2025-03-26,0,-1,0.0044748278770025,-0.0044748278770025,0.3764528566224002,hold
1297,2025-03-27,0,-1,-0.0030773044101545,0.0030773044101545,0.37761131665829956,hold
1298,2025-03-28,-1,-1,-0.0150365718652369,0.0150365718652369,0.38328929635835884,hold
1299,2025-04-01,0,-1,0.0071938424586863,-0.0071938424586863,0.3805319735442561,hold
1300,2025-04-02,0,-1,-0.0035251486188494,0.0035251486188494,0.3818734053052237,hold
1301,2025-04-03,0,-1,-0.0148666197750665,0.0148666197750665,0.38755057202410625,hold
1302,2025-04-04,0,-1,-0.0324325462830553,0.0324325462830553,0.40011982388830264,hold
1303,2025-04-07,0,-1,0.0168873189028142,-0.0168873189028142,0.393362872822963,hold
1304,2025-04-08,0,-1,-0.0060658560080705,0.0060658560080705,0.395748955368428,hold
1305,2025-04-09,0,-1,0.0191703874091904,-0.0191703874091904,0.38816229457723284,hold
1306,2025-04-11,0,-1,0.0219023977821084,-0.0219023977821084,0.37966060959738634,hold
1307,2025-04-15,0,-1,0.004657316201027,-0.004657316201027,0.37789241008941665,hold
1308,2025-04-16,0,-1,0.0176834769379541,-0.0176834769379541,0.3712099583705725,hold
1309,2025-04-17,0,-1,0.0114834984640164,-0.0114834984640164,0.36694716938379646,hold
1310,2025-04-21,0,-1,0.0017284255654137,-0.0017284255654137,0.3663129285150773,hold
1311,2025-04-22,-1,-1,0.0066908406521222,-0.0066908406521222,0.3638619870815707,hold
1312,2025-04-23,0,-1,-0.0033807460922566,0.0033807460922566,0.3650921120725174,hold
1313,2025-04-24,-1,-1,-0.0085516633626838,0.0085516633626838,0.3682142569113328,hold
1314,2025-04-25,0,-1,0.0120282118827472,-0.0120282118827472,0.363785297810955,hold
1315,2025-04-28,0,-1,0.0003061930965739,-0.0003061930965739,0.3636739092641302,hold
1316,2025-04-29,-1,-1,-7.191007773188485e-05,7.191007773188485e-05,0.36370006108321445,hold
1317,2025-04-30,-1,-1,0.0005136803511647,-0.0005136803511647,0.3635132355081186,hold
1318,2025-05-02,-1,-1,0.0047008906976129,-0.0047008906976129,0.3618043995208593,hold
1319,2025-05-05,0,-1,-0.0033338898599493,0.0033338898599493,0.3630106155397069,hold
1320,2025-05-06,-1,-1,0.0014274549954715,-0.0014274549954715,0.3624924342231456,hold
1321,2025-05-07,-1,-1,-0.0057588802970967,0.0057588802970967,0.3645799847604399,hold
1322,2025-05-08,0,-1,-0.0109501096942064,0.0109501096942064,0.3685721755858788,hold
1323,2025-05-09,0,-1,0.0381830730902199,-0.0381830730902199,0.3544989572664618,hold
1324,2025-05-12,0,-1,-0.0138958390765435,0.0138958390765435,0.359425017729439,hold
1325,2025-05-13,0,-1,0.0036027960647213,-0.0036027960647213,0.358130082690001,hold
1326,2025-05-14,0,-1,0.0160214381414618,-0.0160214381414618,0.35239232372358653,hold
1327,2025-05-15,0,-1,-0.0016877607536591,0.0016877607536591,0.35298707765745796,hold
1328,2025-05-16,-1,-1,-0.0029717088137536,0.0029717088137536,0.3540360524672737,hold
1329,2025-05-19,-1,-1,-0.0104848313546668,0.0104848313546668,0.3577480607708651,hold
1330,2025-05-20,0,-1,0.0052483127088862,-0.0052483127088862,0.35587048707694197,hold
1331,2025-05-21,0,-1,-0.0082112727740422,0.0082112727740422,0.358792636718562,hold
1332,2025-05-22,0,-1,0.0098924887180058,-0.0098924887180058,0.35524328460772003,hold
1333,2025-05-23,-1,-1,0.0059549794562796,-0.0059549794562796,0.3531278181458998,hold
1334,2025-05-26,0,-1,-0.0069977248703164,0.0069977248703164,0.3555989094613399,hold
1335,2025-05-27,0,-1,-0.0029706520659956,0.0029706520659956,0.35665527009639697,hold
1336,2025-05-28,0,-1,0.0032784792287758,-0.0032784792287758,0.3554859832015525,hold
1337,2025-05-29,-1,-1,-0.0033382349691143,0.0033382349691143,0.3566726789417059,hold
1338,2025-05-30,0,-1,-0.0013777230725331,0.0013777230725331,0.3571640751208261,hold
1339,2025-06-02,0,-1,-0.0070438333802584,0.0070438333802584,0.3596798793553913,hold
1340,2025-06-03,0,-1,0.0031659048079861,-0.0031659048079861,0.35854116709600425,hold
1341,2025-06-04,-1,-1,0.0053086967621067,-0.0053086967621067,0.3566377807631598,hold
1342,2025-06-05,0,-1,0.0101875239545026,-0.0101875239545026,0.35300452482855443,hold
1343,2025-06-06,0,-1,0.0040054487100871,-0.0040054487100871,0.351590583309925,hold
1344,2025-06-09,0,-1,4.18584595869298e-05,-4.18584595869298e-05,0.3515758662697024,hold
1345,2025-06-10,0,-1,0.0014798446727146,-0.0014798446727146,0.3510555885969482,hold
1346,2025-06-11,0,-1,-0.0100710846627866,0.0100710846627866,0.3545910991510524,hold
1347,2025-06-12,0,-1,-0.0068144588479197,0.0068144588479197,0.3570074456040559,hold
1348,2025-06-13,0,-1,0.0092197937677085,-0.0092197937677085,0.3537159105820501,hold
1349,2025-06-16,0,-1,-0.0037319707924959,0.0037319707924959,0.3550359680291834,hold
1350,2025-06-17,0,-1,-0.0016637405234334,0.0016637405234334,0.35562665575646996,hold
1351,2025-06-18,0,-1,-0.0007577278241026,0.0007577278241026,0.3558961239685292,hold
1352,2025-06-19,0,-1,0.0128724709598377,-0.0128724709598377,0.35131486144802554,hold
1353,2025-06-20,0,-1,-0.0055948454872697,0.0055948454872697,0.3532804138152088,hold
1354,2025-06-23,0,-1,0.0029012296868362,-0.0029012296868362,0.35225546619087034,hold
1355,2025-06-24,0,-1,0.0080018205204253,-0.0080018205204253,0.34943678117307225,hold
1356,2025-06-25,0,-1,0.0120520108141297,-0.0120520108141297,0.34522536530751974,hold
1357,2025-06-26,0,-1,0.003475704773181,-0.003475704773181,0.3440254638574972,hold
1358,2025-06-27,0,-1,-0.0047098423546652,0.0047098423546652,0.3456457695582566,hold
1359,2025-06-30,0,-1,0.0009699396772837,-0.0009699396772837,0.3453105140120768,hold
1360,2025-07-01,0,-1,-0.0034610085397696,0.0034610085397696,0.34650563664994477,hold
1361,2025-07-02,-1,-1,-0.0018897125192245,0.0018897125192245,0.34716043268950403,hold
1362,2025-07-03,-1,-1,0.0021924250859925,-0.0021924250859925,0.34639930944801156,hold
1363,2025-07-04,-1,-1,1.1813410706551508e-05,-1.1813410706551508e-05,0.3463952172907006,hold
1364,2025-07-07,0,-1,0.0024036171315751,-0.0024036171315751,0.345562615812125,hold
1365,2025-07-08,0,-1,-0.0018180190273288,0.0018180190273288,0.3461908552228049,hold
1366,2025-07-09,0,-1,-0.004743646446198,0.004743646446198,0.34783306224288885,hold
1367,2025-07-10,0,-1,-0.008100901810276,0.008100901810276,0.3506508237264861,hold
1368,2025-07-11,0,-1,-0.0026858541571485,0.0026858541571485,0.3515926206990994,hold
1369,2025-07-14,0,-1,0.0045251032187942,-0.0045251032187942,0.35000162779946964,hold
1370,2025-07-15,0,-1,0.0006449487413033,-0.0006449487413033,0.3497758946901663,hold
1371,2025-07-16,-1,-1,-0.0039902173517283,0.0039902173517283,0.3511715765343753,hold
1372,2025-07-17,0,-1,-0.0056965580472427,0.0056965580472427,0.3531720458046451,hold
1373,2025-07-18,0,-1,0.0048981443028652,-0.0048981443028652,0.35144215816055585,hold
1374,2025-07-21,0,-1,-0.0011876443882732,0.0011876443882732,0.3518595464674979,hold
1375,2025-07-22,-1,-1,0.0063445445902445,-0.0063445445902445,0.34962715788543164,hold
1376,2025-07-23,0,-1,-0.006256994627491,0.006256994627491,0.35181477313394577,hold
1377,2025-07-24,0,-1,-0.0089816740370306,0.0089816740370306,0.3549746587476467,hold
1378,2025-07-25,0,-1,-0.0062849623293875,0.0062849623293875,0.35720566110576285,hold
1379,2025-07-28,0,-1,0.0056804742343701,-0.0056804742343701,0.3551765635514804,hold
1380,2025-07-29,0,-1,0.0013678351245234,-0.0013678351245234,0.35469074057244715,hold
1381,2025-07-30,-1,-1,-0.0034882717656889,0.0034882717656889,0.3559279982683373,hold
1382,2025-07-31,0,-1,-0.0081959437427822,0.0081959437427822,0.35884516411862566,hold
1383,2025-08-01,0,-1,0.0064074150430544,-0.0064074150430544,0.35654589421592464,hold
1384,2025-08-04,0,-1,-0.0029608040671041,0.0029608040671041,0.3576015567496284,hold
1385,2025-08-05,0,-1,-0.0030569142281212,0.0030569142281212,0.35869471403645464,hold
1386,2025-08-06,0,-1,0.0008932609229541,-0.0008932609229541,0.3583743060651357,hold
1387,2025-08-07,-1,-1,-0.0094669127354072,0.0094669127354072,0.36176700434726644,hold
1388,2025-08-08,0,-1,0.0091018044718578,-0.0091018044718578,0.3584742718093279,hold
1389,2025-08-11,0,-1,-0.0039719417907191,0.0039719417907191,0.359898110750425,hold
1390,2025-08-12,0,-1,0.0053884535167121,-0.0053884535167121,0.3579588165098938,hold
1391,2025-08-13,0,-1,0.000485438164071,-0.000485438164071,0.3577850496391942,hold
1392,2025-08-14,-1,-1,0.0099730192766349,-0.0099730192766349,0.35421685244225076,hold
1393,2025-08-18,0,-1,0.0041685646806257,-0.0041685646806257,0.3527402765818776,hold
1394,2025-08-19,0,-1,0.0027981813736617,-0.0027981813736617,0.3517532453102059,hold
1395,2025-08-20,0,-1,0.0013252889742787,-0.0013252889742787,0.3512870706125295,hold
1396,2025-08-21,0,-1,-0.0085174820600987,0.0085174820600987,0.35427915193441634,hold
1397,2025-08-22,0,-1,0.0039264173509054,-0.0039264173509054,0.352888104125197,hold
1398,2025-08-25,0,-1,-0.0102411798720348,0.0102411798720348,0.3565020946742445,hold
1399,2025-08-26,0,-1,-0.0085444301039235,0.0085444301039235,0.35954820190409087,hold
1400,2025-08-28,0,-1,-0.0030223697933294,0.0030223697933294,0.3606348895287717,hold
1401,2025-08-29,0,-1,0.0081140701746054,-0.0081140701746054,0.35770867272772416,hold
1402,2025-09-01,0,-1,-0.0018457290617897,0.0018457290617897,0.3583689060206319,hold
1403,2025-09-02,0,-1,0.005510715147017,-0.005510715147017,0.3563940370620041,hold
1404,2025-09-03,0,-1,0.0007788776228048,-0.0007788776228048,0.3561164497216355,hold
1405,2025-09-04,0,-1,0.0002708473067116,-0.0002708473067116,0.3560199965403527,hold
1406,2025-09-05,0,-1,0.0012994782193525,-0.0012994782193525,0.35555735630919455,hold
1407,2025-09-08,0,-1,0.0038529301782352,-0.0038529301782352,0.35418741864097736,hold
1408,2025-09-09,0,-1,0.0042020862308871,-0.0042020862308871,0.35269909256595267,hold
1409,2025-09-10,0,-1,0.0012974116602184,-0.0012974116602184,0.35224149665070914,hold
1410,2025-09-11,0,-1,0.0043390454100098,-0.0043390454100098,0.3507131048014519,hold
1411,2025-09-12,0,-1,-0.0017838966811339,0.0017838966811339,0.3513387407451374,hold
1412,2025-09-15,0,-1,0.0067772563910986,-0.0067772563910986,0.34895762801898184,hold
1413,2025-09-16,0,-1,0.0036114755294653,-0.0036114755294653,0.347697376084571,hold
1414,2025-09-17,0,-1,0.0036853015416349,-0.0036853015416349,0.34641600640846415,hold
1415,2025-09-18,0,-1,-0.0037976065391384,0.0037976065391384,0.3477315580996631,hold
1416,2025-09-19,-1,-1,-0.0049236357186648,0.0049236357186648,0.3494436616196296,hold
1417,2025-09-22,0,-1,-0.001303434397354,0.001303434397354,0.34989913850812193,hold
1418,2025-09-23,-1,-1,-0.0044736530076083,0.0044736530076083,0.3514644658414684,hold
1419,2025-09-24,0,-1,-0.0066269482123226,0.0066269482123226,0.3537936026550715,hold
1420,2025-09-25,0,-1,-0.0094874379272315,0.0094874379272315,0.35715019749931304,hold
1421,2025-09-26,0,-1,-0.0008030448049409,0.0008030448049409,0.3574370051099985,hold
1422,2025-09-29,-1,-1,-0.0009661407544825,0.0009661407544825,0.3577823395677954,hold
1423,2025-09-30,-1,-1,0.0091503904924759,-0.0091503904924759,0.35450849144943847,hold
1424,2025-10-01,0,-1,0.0023332467769816,-0.0023332467769816,0.3536813356543515,hold
1425,2025-10-03,-1,-1,0.0073671787912872,-0.0073671787912872,0.3510757020194446,hold
1426,2025-10-06,0,-1,0.0012222193924698,-0.0012222193924698,0.3506466104882115,hold
1427,2025-10-07,0,-1,-0.0024752925801897,0.0024752925801897,0.3515145634414216,hold
1428,2025-10-08,0,-1,0.0054160175719368,-0.0054160175719368,0.3496107543890312,hold
1429,2025-10-09,0,-1,0.004112050167679,-0.004112050167679,0.3481731374278234,hold
1430,2025-10-10,0,-1,-0.0022938183927065,0.0022938183927065,0.34897178337430174,hold
1431,2025-10-13,0,-1,-0.0032444791324643,0.0032444791324643,0.35010401504327854,hold
1432,2025-10-14,0,-1,0.0070808208725219,-0.0070808208725219,0.3476249912260064,hold
1433,2025-10-15,0,-1,0.0103362282114798,-0.0103362282114798,0.3440318599846807,hold
1434,2025-10-16,0,-1,0.0048679837376106,-0.0048679837376106,0.3423571184850554,hold
1435,2025-10-17,0,-1,0.0051848137299641,-0.0051848137299641,0.34058206059658314,hold
1436,2025-10-20,0,-1,0.0009847568259027,-0.0009847568259027,0.34024667008763065,hold
1437,2025-10-21,-1,-1,0.0008814076368377,-0.0008814076368377,0.3399467740742068,hold
1438,2025-10-23,-1,-1,-0.0037174505259611,0.0037174505259611,0.3412105093882878,hold
1439,2025-10-24,-1,-1,0.0066252915000297,-0.0066252915000297,0.33894989030071676,hold
1440,2025-10-27,0,-1,-0.001149638146805,0.001149638146805,0.33933956002446186,hold
1441,2025-10-28,-1,-1,0.0045381040946781,-0.0045381040946781,0.3377996017776286,hold
1442,2025-10-29,0,-1,-0.00675717564781,0.00675717564781,0.3400821730206003,hold
1443,2025-10-30,0,-1,-0.0060186608373972,0.0060186608373972,0.34212901227685627,hold
1444,2025-10-31,0,-1,0.0016036793506921,-0.0016036793506921,0.3415803470445952,hold
1445,2025-11-03,-1,-1,-0.0064315867797603,0.0064315867797603,0.34377725068887316,hold
1446,2025-11-04,0,-1,-0.0034359080045569,0.0034359080045569,0.34495843769629964,hold
1447,2025-11-06,0,-1,-0.0006820322478444,0.0006820322478444,0.34519371047497455,hold
1448,2025-11-07,-1,-1,0.0032185728871263,-0.0032185728871263,0.34408267935763326,hold
1449,2025-11-10,-1,-1,0.0047156471705849,-0.0047156471705849,0.34246010684427314,hold
1450,2025-11-11,0,-1,0.0070384090258497,-0.0070384090258497,0.34004973253726695,hold
1451,2025-11-12,0,-1,0.0001294494962036,-0.0001294494962036,0.34000571327070583,hold
1452,2025-11-13,0,-1,0.0011940264714482,-0.0011940264714482,0.339599737448617,hold
1453,2025-11-14,0,-1,0.0039906690408659,-0.0039906690408659,0.33824450729009464,hold
1454,2025-11-17,0,-1,-0.0039748069020186,0.0039748069020186,0.3395889638922412,hold
1455,2025-11-18,0,-1,0.0055036406751542,-0.0055036406751542,0.33771998825773036,hold
1456,2025-11-19,0,-1,0.0053545415882216,-0.0053545415882216,0.33591165253543065,hold
1457,2025-11-20,0,-1,-0.0047342428227803,0.0047342428227803,0.3375019398655348,hold
1458,2025-11-21,0,-1,-0.004167936312968,0.004167936312968,0.3389086264563975,hold
1459,2025-11-24,0,-1,-0.002877529180069,0.002877529180069,0.33988384591840287,hold
1460,2025-11-25,0,-1,0.0123817835303625,-0.0123817835303625,0.3356754777127741,hold
1461,2025-11-26,0,-1,0.0003911422381892,-0.0003911422381892,0.33554418085511634,hold
1462,2025-11-27,-1,-1,-0.0004806903583736,0.0004806903583736,0.33570547370766174,hold
1463,2025-11-28,-1,-1,-0.0010380212747401,0.0010380212747401,0.336053943131417,hold
1464,2025-12-01,-1,-1,-0.0054841133969418,0.0054841133969418,0.33789690106303916,hold
1465,2025-12-02,0,-1,-0.0017746951904364,0.0017746951904364,0.3384965650682191,hold
1466,2025-12-03,0,-1,0.0018375278996383,-0.0018375278996383,0.33787456818597456,hold
1467,2025-12-04,-1,-1,0.0058654330916598,-0.0058654330916598,0.3358927875129063,hold
1468,2025-12-05,0,-1,-0.0086265394598917,0.0086265394598917,0.3387903798986794,hold
1469,2025-12-08,0,-1,-0.0046570811090926,0.0046570811090926,0.34036815417684785,hold
1470,2025-12-09,0,-1,-0.0031598875909956,0.0031598875909956,0.3414436792836013,hold
1471,2025-12-10,0,-1,0.0054565875164998,-0.0054565875164998,0.33958056196563463,hold
1472,2025-12-11,0,-1,0.0057299900196514,-0.0057299900196514,0.33763476873470394,hold
1473,2025-12-12,0,-1,-0.0007543469807149,0.0007543469807149,0.3378894625030834,hold
1474,2025-12-15,0,-1,-0.0064240688375742,0.0064240688375742,0.34006008766969414,hold
1475,2025-12-16,0,-1,-0.0016066770334456,0.0016066770334456,0.3406064544025445,hold
1476,2025-12-17,0,-1,-0.0001161955225689,0.0001161955225689,0.3406460313475041,hold
1477,2025-12-18,0,-1,0.0058433620360547,-0.0058433620360547,0.3386555132601954,hold
1478,2025-12-19,0,-1,0.0079333291061156,-0.0079333291061156,0.33596884761990176,hold
1479,2025-12-22,0,-1,0.0001814888939914,-0.0001814888939914,0.33590787300533165,hold
1480,2025-12-23,0,-1,-0.0013389838361685,0.0013389838361685,0.33635764821772757,hold
1481,2025-12-24,0,-1,-0.003817552133005,0.003817552133005,0.33764171107513374,hold
1482,2025-12-26,0,-1,-0.0038476313101776,0.0038476313101776,0.33894083189428836,hold
1483,2025-12-29,0,-1,-0.0001252789885528,0.0001252789885528,0.33898329405888733,hold
1484,2025-12-30,0,-1,0.007353834224439,-0.007353834224439,0.336490467109524,hold
1485,2025-12-31,0,-1,0.0006487344669803,-0.0006487344669803,0.33627217414569976,hold
1486,2026-01-01,0,-1,0.0069607651702385,-0.0069607651702385,0.333931462508186,hold
1487,2026-01-02,0,-1,-0.002972058760474,0.002972058760474,0.33492392643673136,hold
1488,2026-01-05,0,-1,-0.0027276473171363,0.0027276473171363,0.33583748078612125,hold
