date,signal,position,market_return,pnl,equity,action
2020-01-01,-1,-1,0.0081838863379848,-0.0081838863379848,0.9913161136620152,enter
2020-01-02,0,-1,-0.0045227893866035,0.0045227893866035,0.9957996276596549,hold
2020-01-03,-1,-1,-0.0191058530729412,0.0191058530729412,1.0148252290358097,hold
2020-01-06,0,-1,0.0049945920012428,-0.0049945920012428,1.0097565910642081,hold
2020-01-07,1,1,-0.0022899444111396,-0.0022899444111396,1.006434548010825,flip
2020-01-08,-1,-1,0.0158457581226116,-0.0158457581226116,0.9894803950487947,flip
2020-01-09,1,1,0.0033480474426501,0.0033480474426501,0.9918037419599416,flip
2020-01-10,0,1,0.0059354808073293,0.0059354808073293,0.9976905740349822,hold
2020-01-13,1,1,0.0026562202609821,0.0026562202609821,1.0003406599519247,hold
2020-01-14,0,1,-0.0015369308543056,-0.0015369308543056,0.9988032055268281,hold
2020-01-15,0,1,0.0009884063018437,0.0009884063018437,0.9997904289094726,hold
2020-01-16,0,1,-0.0002549788049855,-0.0002549788049855,0.9995355035406733,hold
2020-01-17,-1,-1,-0.0103461939411514,0.0103461939411514,1.008877356207831,flip
2020-01-20,0,-1,-0.0044746183856623,0.0044746183856623,1.013391697374797,hold
2020-01-21,1,1,-0.0051725551893021,-0.0051725551893021,1.0071364811943704,flip
2020-01-22,1,1,0.0060667236352978,0.0060667236352978,1.0132464998888029,hold
2020-01-23,1,1,0.0055745847042631,0.0055745847042631,1.0188949283287312,hold
2020-01-24,1,1,-0.0105525279121506,-0.0105525279121506,1.0081430111579937,hold
2020-01-27,0,1,-0.0052149678449129,-0.0052149678449129,1.002885577771731,hold
2020-01-28,0,1,0.0061132563999481,0.0061132563999481,1.0090164744484598,hold
2020-01-29,1,1,-0.007724984155365,-0.007724984155365,1.001221838170843,hold
2020-01-30,-1,-1,-0.0061234148547233,0.0061234148547233,1.0063515130094012,flip
2020-01-31,0,-1,-0.0212503847193161,0.0212503847193161,1.0277368698237168,hold
2020-02-03,0,-1,0.0232108226866707,-0.0232108226866707,1.0038822515696846,hold
2020-02-04,0,-1,0.0091405004678344,-0.0091405004678344,0.9947062653795612,hold
2020-02-05,1,1,0.0040366612301674,0.0040366612301674,0.9977268513310441,flip
2020-02-06,0,1,-0.0032625431230384,-0.0032625431230384,0.9944717244535632,hold
2020-02-07,0,1,-0.0055255147630383,-0.0055255147630383,0.9889767562586709,hold
2020-02-10,1,1,0.0063500303889789,0.0063500303889789,0.9952567887149073,hold
2020-02-11,0,1,0.0077056964194832,0.0077056964194832,1.002925935388174,hold
2020-02-12,0,1,-0.0021759994314084,-0.0021759994314084,1.0007435691230246,hold
2020-02-13,1,1,-0.0050268544351488,-0.0050268544351488,0.9957129768741318,hold
2020-02-14,-1,-1,-0.0055847334602637,0.0055847334602637,1.0002780554760256,flip
2020-02-17,1,1,-0.0044247626186481,-0.0044247626186481,0.9948517844724252,flip
2020-02-18,1,1,0.011123651500938,0.011123651500938,1.0059181690179828,hold
2020-02-19,1,1,-0.0037152524595064,-0.0037152524595064,1.0021809290664765,hold
2020-02-20,1,1,-0.0208138687990014,-0.0208138687990014,0.9813216666960255,hold
2020-02-24,0,1,-0.0026628568617023,-0.0026628568617023,0.9787085475623268,hold
2020-02-25,0,1,-0.0101204779385897,-0.0101204779385897,0.9688035492984132,hold
2020-02-26,0,1,-0.0038703767874727,-0.0038703767874727,0.9650539145295874,hold
2020-02-27,1,1,-0.0370960786649383,-0.0370960786649383,0.9292541986002911,hold
2020-02-28,1,1,-0.0061597518244916,-0.0061597518244916,0.9235302233550465,hold
2020-03-02,1,1,0.0153196474085468,0.0153196474085468,0.9376783807479824,hold
2020-03-03,-1,-1,-0.0046269501465237,0.0046269501465237,0.9410792934884284,flip
2020-03-04,1,1,0.0015998577904186,0.0015998577904186,0.9416438072340292,flip
2020-03-05,-1,-1,-0.0248069753028219,0.0248069753028219,0.964061498096905,flip
2020-03-06,1,1,-0.0489560433359516,-0.0489560433359516,0.9159008001194536,flip
2020-03-09,1,1,0.0006649981756232,0.0006649981756232,0.9165098724805849,hold
2020-03-11,1,1,-0.0830193880106471,-0.0830193880106471,0.8404217837615305,hold
2020-03-12,1,1,0.0380650761268936,0.0380650761268936,0.872412502939113,hold
2020-03-13,1,1,-0.0761210010667908,-0.0761210010667908,0.8060035898722032,hold
2020-03-16,1,1,-0.0250451840905282,-0.0250451840905282,0.7858170815862272,hold
2020-03-17,1,1,-0.055564540272715,-0.055564540272715,0.742153516709442,hold
2020-03-18,1,1,-0.0242477817531284,-0.0242477817531284,0.7241579402089547,hold
2020-03-19,1,1,0.0583291468584656,0.0583291468584656,0.7663974550521269,hold
2020-03-20,-1,-1,-0.1298046607047124,0.1298046607047124,0.8651130192150711,flip
2020-03-23,1,1,0.0250714240251634,0.0250714240251634,0.8859375215302866,flip
2020-03-24,1,1,0.0662474689466749,0.0662474689466749,0.9446286399765584,hold
2020-03-25,1,1,0.0389043564303894,0.0389043564303894,0.9813788092805605,hold
2020-03-26,1,1,0.0021755381634551,0.0021755381634551,0.9835138363329566,hold
2020-03-27,1,1,-0.0437805364308189,-0.0437805364308189,0.9404550729911672,hold
2020-03-30,-1,-1,0.0382377227133605,-0.0382377227133605,0.9035537576127666,flip
2020-03-31,-1,-1,-0.0400046750966822,0.0400046750966822,0.9397001321184517,hold
2020-04-01,1,1,-0.0205965741867707,-0.0205965741867707,0.9194058285018373,flip
2020-04-03,1,1,0.0876321046711503,0.0876321046711503,0.999975296300376,hold
2020-04-07,1,1,-0.0049419024075071,-0.0049419024075071,0.9950335159761414,hold
2020-04-08,-1,-1,0.0415088316188025,-0.0415088316188025,0.9527358037904466,flip
2020-04-09,-1,-1,-0.0129556707370791,0.0129556707370791,0.965079135163782,hold
2020-04-13,0,-1,-0.0076218535626885,0.0076218535626885,0.9724348270084063,hold
2020-04-15,-1,-1,0.0075627711647903,-0.0075627711647903,0.9650805249390693,hold
2020-04-16,-1,-1,0.0304632818768748,-0.0304632818768748,0.9356810048739681,hold
2020-04-17,-1,-1,-0.0005288143766692,0.0005288143766692,0.9361758064413218,hold
2020-04-20,-1,-1,-0.0302746671440956,0.0302746671440956,0.9645182173696881,hold
2020-04-21,-1,-1,0.0229194177887257,-0.0229194177887257,0.9424120213809553,hold
2020-04-22,-1,-1,0.0137799558770148,-0.0137799558770148,0.9294256253083574,hold
2020-04-23,-1,-1,-0.0171249415723349,0.0171249415723349,0.9453419848375938,hold
2020-04-24,-1,-1,0.0139713589754586,-0.0139713589754586,0.9321342726128552,hold
2020-04-27,-1,-1,0.0106224306488902,-0.0106224306488902,0.9222327409465714,hold
2020-04-28,-1,-1,0.0183830135241964,-0.0183830135241964,0.9052793239972938,hold
2020-04-29,0,-1,0.032088303452139,-0.032088303452139,0.8762304463399214,hold
2020-04-30,-1,-1,-0.057444839013135,0.057444839013135,0.9265653632683256,hold
2020-05-04,-1,-1,-0.0094582655216011,0.0094582655216011,0.9353290644972362,hold
2020-05-05,0,-1,0.0070935934671216,-0.0070935934671216,0.9286942203557097,hold
2020-05-06,-1,-1,-0.0077501195040513,0.0077501195040513,0.9358917115461881,hold
2020-05-07,1,1,0.0057016970693835,0.0057016970693835,0.9402919908636252,flip
2020-05-08,1,1,-0.0013294930214019,-0.0013294930214019,0.9390418792236919,hold
2020-05-11,1,1,-0.0046162427183511,-0.0046162427183511,0.9347070339864987,hold
2020-05-12,1,1,0.0203337125303977,0.0203337125303977,0.9537130981157208,hold
2020-05-13,1,1,-0.0256619093732747,-0.0256619093732747,0.9292389990237702,hold
2020-05-14,1,1,-0.0006453627874545,-0.0006453627874545,0.9286393027531488,hold
2020-05-15,1,1,-0.0343225097032598,-0.0343225097032598,0.8967660712735754,hold
2020-05-18,1,1,0.0063298228402233,0.0063298228402233,0.9024424416338602,hold
2020-05-19,1,1,0.021111396826158,0.021111396826158,0.9214942621319596,hold
2020-05-20,1,1,0.0043787544510012,0.0043787544510012,0.925529259233842,hold
2020-05-21,1,1,-0.0073575840768702,-0.0073575840768702,0.9187195998934257,hold
2020-05-22,1,1,-0.0011284338094974,-0.0011284338094974,0.917682885635458,hold
2020-05-26,-1,-1,0.0316645047717616,-0.0316645047717616,0.8877072286386546,flip
2020-05-27,0,-1,0.0188030435364687,-0.0188030435364687,0.871015630970924,hold
2020-05-28,0,-1,0.0095046626511057,-0.0095046626511057,0.8627369212347055,hold
2020-05-29,0,-1,0.0256620973194605,-0.0256620973194605,0.8405972824008888,hold
2020-06-01,0,-1,0.0155655279707429,-0.0155655279707429,0.8275129418895473,hold
2020-06-02,-1,-1,0.0082622880359908,-0.0082622880359908,0.8206757916101457,hold
2020-06-03,-1,-1,-0.0032251686810099,0.0032251686810099,0.8233226094705097,hold
2020-06-04,-1,-1,0.0112722762414605,-0.0112722762414605,0.814041889580718,hold
2020-06-05,-1,-1,0.0024945207587225,-0.0024945207587225,0.8120112451886892,hold
2020-06-08,-1,-1,-0.0118810323499978,0.0118810323499978,0.821658777061338,hold
2020-06-09,-1,-1,0.0069177285262014,-0.0069177285262014,0.815974764700457,hold
2020-06-10,-1,-1,-0.021169158460066,0.021169158460066,0.833248263793816,hold
2020-06-11,-1,-1,0.0071602091117954,-0.0071602091117954,0.8272820319830119,hold
2020-06-12,-1,-1,-0.0159632793948444,0.0159632793948444,0.8404881661978912,hold
2020-06-15,-1,-1,0.010220386061458,-0.010220386061458,0.8318980526592619,hold
2020-06-16,-1,-1,-0.0033134566648174,0.0033134566648174,0.8346545108062944,hold
2020-06-17,1,1,0.0213031875518985,0.0213031875518985,0.8516006578802328,flip
2020-06-18,0,1,0.0151362754442923,0.0151362754442923,0.8644907200064484,hold
2020-06-19,-1,-1,0.0065206163504338,-0.0065206163504338,0.8579892169627696,flip
2020-06-22,-1,-1,0.0154976919912916,-0.0154976919912916,0.8446923643464311,hold
2020-06-23,-1,-1,-0.0158246772335498,0.0158246772335498,0.8580593483738574,hold
2020-06-24,1,1,-0.0015913572989929,-0.0015913572989929,0.8558358100184797,flip
2020-06-25,0,1,0.0091457401473864,0.0091457401473864,0.8636630619457367,hold
2020-06-26,0,1,-0.0067995386087835,-0.0067995386087835,0.8577905516110566,hold
2020-06-29,1,1,-0.0009988732845714,-0.0009988732845714,0.8569337275452945,hold
2020-06-30,1,1,0.0124198173347171,0.0124198173347171,0.8675766879093654,hold
2020-07-01,1,1,0.0116634525148986,0.0116634525148986,0.8776956274118293,hold
2020-07-02,0,1,0.0052739760448483,0.0052739760448483,0.8823245731254674,hold
2020-07-03,0,1,0.014735139974255,0.014735139974255,0.895325749213196,hold
2020-07-06,1,1,0.0033445902359812,0.0033445902359812,0.8983202469720369,hold
2020-07-07,-1,-1,-0.008694762073642,0.008694762073642,0.9052326075384222,flip
2020-07-08,-1,-1,0.0100600327219018,-0.0100600327219018,0.8961259378856531,hold
2020-07-09,-1,-1,-0.0041985110954393,0.0041985110954393,0.8998883325787769,hold
2020-07-10,-1,-1,0.0032178891492418,-0.0032178891492418,0.8969925916778423,hold
2020-07-13,-1,-1,-0.0180834960154004,0.0180834960154004,0.9132133536352922,hold
2020-07-14,-1,-1,0.0010229309240368,-0.0010229309240368,0.9122791994556153,hold
2020-07-15,0,-1,0.0114661616621005,-0.0114661616621005,0.9018188586736856,hold
2020-07-16,0,-1,0.0150605912558696,-0.0150605912558696,0.8882369334563665,hold
2020-07-17,1,1,0.0110533217609316,0.0110533217609316,0.8971666651483466,flip
2020-07-20,1,1,0.0127061568657644,0.0127061568657644,0.9085662055304563,hold
2020-07-21,1,1,-0.0026563094918139,-0.0026563094918139,0.9061527724947643,hold
2020-07-22,1,1,0.0074421598588463,0.0074421598588463,0.9128965062842072,hold
2020-07-23,1,1,-0.0018991484351116,-0.0018991484351116,0.9111627803128787,hold
2020-07-24,1,1,-0.0055699256988469,-0.0055699256988469,0.9060876713269812,hold
2020-07-27,1,1,0.0151592736988444,0.0151592736988444,0.9198233023317754,hold
2020-07-28,1,1,-0.0086456143286032,-0.0086456143286032,0.9118708648093528,hold
2020-07-29,1,1,-0.0089887146807479,-0.0089887146807479,0.9036743177798946,hold
2020-07-30,0,1,-0.0025851023723058,-0.0025851023723058,0.90133822715721,hold
2020-07-31,-1,-1,-0.0164222155452939,0.0164222155452939,0.9152388595756418,flip
2020-08-03,0,-1,0.0186979321613793,-0.0186979321613793,0.8981257854678383,hold
2020-08-04,-1,-1,0.0005768586219327,-0.0005768586219327,0.8976076938649111,hold
2020-08-05,-1,-1,0.0088725546683743,-0.0088725546683743,0.8896436205303413,hold
2020-08-06,1,1,0.001241002448872,0.001241002448872,0.8898580268215126,flip
2020-08-07,0,1,0.005002705259437,0.005002705259437,0.8943097242524448,hold
2020-08-10,0,1,0.0046449787767293,0.0046449787767293,0.8984637739414201,hold
2020-08-11,0,1,-0.0012452735151247,-0.0012452735151247,0.8973449407994318,hold
2020-08-12,-1,-1,-0.000703034473301,0.000703034473301,0.8970784602864567,flip
2020-08-13,-1,-1,-0.0108004373788689,0.0108004373788689,0.9067673000207126,hold
2020-08-14,-1,-1,0.0061457110453491,-0.0061457110453491,0.901194570209414,hold
2020-08-17,0,-1,0.0122920579350753,-0.0122920579350753,0.8901170343416246,hold
2020-08-18,1,1,0.0020246002135075,0.0020246002135075,0.8910290484450578,flip
2020-08-19,0,1,-0.008432399987605,-0.008432399987605,0.883515535107994,hold
2020-08-20,-1,-1,0.0052509160938571,-0.0052509160938571,0.8779927536304146,flip
2020-08-21,0,-1,0.0083410064718865,-0.0083410064718865,0.8706694103901139,hold
2020-08-24,1,1,0.0005058064691958,0.0005058064691958,0.87023913120003,flip
2020-08-25,0,1,0.0067423225064831,0.0067423225064831,0.8761065640803423,hold
2020-08-26,0,1,0.0008355606212675,0.0008355606212675,0.8768386042253218,hold
2020-08-27,0,1,0.0076431956549949,0.0076431956549949,0.8835404532352686,hold
2020-08-28,0,1,-0.0223307478019462,-0.0223307478019462,0.8638103342012546,hold
2020-08-31,-1,-1,0.0072667398463226,-0.0072667398463226,0.8566694388918479,flip
2020-09-01,1,1,0.0056450382511279,0.0056450382511279,0.8606487012040729,flip
2020-09-02,1,1,-0.0006545127600779,-0.0006545127600779,0.8600853956471903,hold
2020-09-03,-1,-1,-0.0167947449485598,0.0167947449485598,0.8736702251054188,flip
2020-09-04,0,-1,0.0018705202595032,-0.0018705202595032,0.8720360072492345,hold
2020-09-07,-1,-1,-0.0033201259317187,0.0033201259317187,0.874931276610295,hold
2020-09-08,1,1,-0.0034769279675166,-0.0034769279675166,0.8710142723083834,flip
2020-09-09,1,1,0.0151844298634509,0.0151844298634509,0.8842401274363147,hold
2020-09-10,1,1,0.0013276149365679,0.0013276149365679,0.885414057837012,hold
2020-09-11,-1,-1,-0.0021283524468515,0.0021283524468515,0.8864131169556491,flip
2020-09-14,0,-1,0.0071459479106903,-0.0071459479106903,0.8800788549945313,hold
2020-09-15,0,-1,0.0071820376506051,-0.0071820376506051,0.8737580955224592,hold
2020-09-16,1,1,-0.0076220272911209,-0.0076220272911209,0.8662245293770267,flip
2020-09-17,-1,-1,-0.0009681588767627,0.0009681588767627,0.8661969478150356,flip
2020-09-18,-1,-1,-0.0221122548386738,0.0221122548386738,0.8853505154656032,hold
2020-09-21,0,-1,-0.0086128603263573,0.0086128603263573,0.8929759157951769,hold
2020-09-22,-1,-1,-0.0019545871070447,0.0019545871070447,0.8947213150070916,hold
2020-09-23,-1,-1,-0.0293122720965164,0.0293122720965164,0.9209476296431325,hold
2020-09-24,1,1,0.0226457884823545,0.0226457884823545,0.9408822672377136,flip
2020-09-25,-1,-1,0.0160448681873712,-0.0160448681873712,0.9248450530128118,flip
2020-09-28,1,1,-0.0004586409458945,-0.0004586409458945,0.9234960361498793,flip
2020-09-29,-1,-1,0.0022410013176423,-0.0022410013176423,0.9205029842798801,flip
2020-09-30,-1,-1,0.0150610927327836,-0.0150610927327836,0.9066392034728368,hold
2020-10-01,0,-1,0.0075676439490797,-0.0075676439490797,0.8997780807906771,hold
2020-10-05,0,-1,0.0138264754746197,-0.0138264754746197,0.8873373212240244,hold
2020-10-06,0,-1,0.0065551872847253,-0.0065551872847253,0.8815206588986745,hold
2020-10-07,-1,-1,0.0081566766068399,-0.0081566766068399,0.8743303799617895,hold
2020-10-08,1,1,0.0067260903253916,0.0067260903253916,0.8793368746916848,flip
2020-10-09,0,1,0.0014058853909966,0.0014058853909966,0.8805731215575784,hold
2020-10-12,-1,-1,0.0002975290843887,-0.0002975290843887,0.8794305523214264,flip
2020-10-13,-1,-1,0.0030625333853533,-0.0030625333853533,0.8767372668948423,hold
2020-10-14,-1,-1,-0.0242836008583533,0.0242836008583533,0.8980276047417602,hold
2020-10-15,-1,-1,0.007028949362235,-0.007028949362235,0.8917154141821413,hold
2020-10-16,-1,-1,0.0094027696218492,-0.0094027696218492,0.8833308195743348,hold
2020-10-19,1,1,0.0020003285078973,0.0020003285078973,0.8842144405750594,flip
2020-10-20,1,1,0.0034337457642519,0.0034337457642519,0.8872506081650744,hold
2020-10-21,-1,-1,-0.0034512817819539,0.0034512817819539,0.889425509416897,flip
2020-10-22,1,1,0.0028495402835257,0.0028495402835257,0.8910705377257592,flip
2020-10-23,-1,-1,-0.0136290733045432,0.0136290733045432,0.9023239328662166,flip
2020-10-26,0,-1,0.0103376083469652,-0.0103376083469652,0.8929960614461524,hold
2020-10-27,0,-1,-0.0134406089457635,0.0134406089457635,0.9049984722981571,hold
2020-10-28,0,-1,-0.0050129421843609,0.0050129421843609,0.9095351773167228,hold
2020-10-29,0,-1,-0.0024333734223676,0.0024333734223676,0.9117484160439138,hold
2020-10-30,0,-1,0.0022976361491175,-0.0022976361491175,0.9096535499243107,hold
2020-11-02,1,1,0.0123701901631991,0.0123701901631991,0.9199964837695794,flip
2020-11-03,-1,-1,0.008041647267956,-0.008041647267956,0.9116782000755751,flip
2020-11-04,0,-1,0.0177855989156905,-0.0177855989156905,0.8954634572688522,hold
2020-11-05,0,-1,0.0118190145712895,-0.0118190145712895,0.8848799616193344,hold
2020-11-06,0,-1,0.0161046355374614,-0.0161046355374614,0.8706292923430521,hold
2020-11-09,0,-1,0.0136465071043638,-0.0136465071043638,0.8587482435198254,hold
2020-11-10,0,-1,0.0093460415087203,-0.0093460415087203,0.8507223467903484,hold
2020-11-11,-1,-1,-0.0045768215253314,0.0045768215253314,0.854615951139219,hold
2020-11-12,-1,-1,0.0022969703307613,-0.0022969703307613,0.8526529236552568,hold
2020-11-13,-1,-1,0.0121266198083733,-0.0121266198083733,0.8423131258215916,hold
2020-11-17,-1,-1,0.0049750511655721,-0.0049750511655721,0.8381225749231962,hold
2020-11-18,0,-1,-0.0128726686134137,0.0128726686134137,0.8489114490876035,hold
2020-11-19,0,-1,0.0068393094137191,-0.0068393094137191,0.8431054810224448,hold
2020-11-20,-1,-1,0.005241475198302,-0.005241475198302,0.8386863645541132,hold
2020-11-23,-1,-1,0.0099563448098976,-0.0099563448098976,0.830336113921253,hold
2020-11-24,-1,-1,-0.0150706804680923,0.0150706804680923,0.8428498441752776,hold
2020-11-25,0,-1,0.0100012136399767,-0.0100012136399767,0.8344203228172595,hold
2020-11-26,-1,-1,-0.0013898363507738,0.0013898363507738,0.8355800305137354,hold
2020-11-27,-1,-1,0.0108026946873185,-0.0108026946873185,0.8265535145572752,hold
2020-12-01,-1,-1,0.0003585458429504,-0.0003585458429504,0.8262571572306547,hold
2020-12-02,-1,-1,0.00153658492994,-0.00153658492994,0.8249875429345991,hold
2020-12-03,0,-1,0.0094906623588735,-0.0094906623588735,0.8171578647143302,hold
2020-12-04,0,-1,0.0073311332494399,-0.0073311332494399,0.8111671715222816,hold
2020-12-07,0,-1,0.0027853318093331,-0.0027853318093331,0.8089078017967538,hold
2020-12-08,0,-1,0.0101657522858669,-0.0101657522858669,0.8006846454615829,hold
2020-12-09,0,-1,-0.0037548548058806,0.0037548548058806,0.8036911000505891,hold
2020-12-10,1,1,0.0026375585350264,0.0026375585350264,0.8050071912710018,flip
2020-12-11,0,1,0.0032781762806703,0.0032781762806703,0.8076461467511955,hold
2020-12-14,-1,-1,0.0007153791977927,-0.0007153791977927,0.806260727351881,flip
2020-12-15,-1,-1,0.008464907059269,-0.008464907059269,0.7994358052293087,hold
2020-12-16,0,-1,0.0042389293905504,-0.0042389293905504,0.7960470532986639,hold
2020-12-17,0,-1,0.0014445849987885,-0.0014445849987885,0.7948970956671388,hold
2020-12-18,-1,-1,-0.0314049525779333,0.0314049525779333,0.8198608012609021,hold
2020-12-21,0,-1,0.0103462838766079,-0.0103462838766079,0.8113782886717537,hold
2020-12-22,0,-1,0.0100101591857162,-0.0100101591857162,0.8032562628423153,hold
2020-12-23,0,-1,0.0108925303747413,-0.0108925303747413,0.7945067696006043,hold
2020-12-24,-1,-1,0.0090150513891666,-0.0090150513891666,0.7873442502436141,hold
2020-12-28,0,-1,0.0042815942411449,-0.0042815942411449,0.7839731616359724,hold
2020-12-29,-1,-1,0.0035420946069744,-0.0035420946069744,0.7811962545281289,hold
2020-12-30,0,-1,-1.4318125132972703e-05,1.4318125132972703e-05,0.7812074397938548,hold
2020-12-31,0,-1,0.0026284263414808,-0.0026284263414808,0.7791540935809399,hold
2021-01-01,0,-1,0.0081606727271106,-0.0081606727271106,0.7727956720192373,hold
2021-01-04,0,-1,0.0047123808655142,-0.0047123808655142,0.7691539644814617,hold
2021-01-05,0,-1,-0.0037501320469031,0.0037501320469031,0.7720383934126662,hold
2021-01-06,1,1,-0.000629169612088,-0.000629169612088,0.770780611922753,flip
2021-01-07,-1,-1,0.014847223590326,-0.014847223590326,0.7585658792265249,flip
2021-01-08,-1,-1,0.0095837181341371,-0.0095837181341371,0.751295997653844,hold
2021-01-11,0,-1,0.0054333140242324,-0.0054333140242324,0.7472139705734417,hold
2021-01-12,0,-1,9.609083312889231e-05,-9.609083312889231e-05,0.7471421701604838,hold
2021-01-13,-1,-1,0.002111247340323,-0.002111247340323,0.7455647682408894,hold
2021-01-14,-1,-1,-0.0110923441582015,0.0110923441582015,0.7538348292424472,hold
2021-01-15,0,-1,-0.0105586501425666,0.0105586501425666,0.7617943074696996,hold
2021-01-18,0,-1,0.0167947308170628,-0.0167947308170628,0.7490001771377751,hold
2021-01-19,-1,-1,0.008508265623863,-0.008508265623863,0.7426274846783665,hold
2021-01-20,-1,-1,-0.0037112802046228,0.0037112802046228,0.7453835833616622,hold
2021-01-21,0,-1,-0.0149721716475961,0.0149721716475961,0.7565435943150532,hold
2021-01-22,0,-1,-0.0092541693433081,0.0092541693433081,0.7635447768524397,hold
2021-01-25,0,-1,-0.0190604880418779,0.0190604880418779,0.7780983129410739,hold
2021-01-27,0,-1,-0.0107356502819043,0.0107356502819043,0.786451704313749,hold
2021-01-28,0,-1,-0.0132404223540728,0.0132404223540728,0.7968646570399434,hold
2021-01-29,0,-1,0.0474235111013383,-0.0474235111013383,0.7590745371305454,hold
2021-02-01,-1,-1,0.0256735714819573,-0.0256735714819573,0.7395863827413908,hold
2021-02-02,-1,-1,0.0097011226717231,-0.0097011226717231,0.7324115645160806,hold
2021-02-03,-1,-1,0.0071467580293813,-0.0071467580293813,0.7271771962865636,hold
2021-02-04,0,-1,0.0019199973566108,-0.0019199973566108,0.7257810179919059,hold
2021-02-05,-1,-1,0.0128348027329681,-0.0128348027329681,0.716465761798647,hold
2021-02-08,-1,-1,-0.0004300136336804,0.0004300136336804,0.7167738518442855,hold
2021-02-09,-1,-1,-0.0001853034041081,0.0001853034041081,0.716906672479008,hold
2021-02-10,-1,-1,0.0044219246475027,-0.0044219246475027,0.713736565194014,hold
2021-02-11,0,-1,-0.0006590524229219,0.0006590524229219,0.7142069550066331,hold
2021-02-12,-1,-1,0.0099846598415338,-0.0099846598415338,0.7070758415044343,hold
2021-02-15,-1,-1,-8.162092525865194e-05,8.162092525865194e-05,0.7071335536888458,hold
2021-02-16,-1,-1,-0.0068273186874309,0.0068273186874309,0.711961379814455,hold
2021-02-17,-1,-1,-0.0059143128695843,0.0059143128695843,0.7161721421657385,hold
2021-02-18,0,-1,-0.0090747170630297,0.0090747170630297,0.7226712017243164,hold
2021-02-19,0,-1,-0.0204281745915864,0.0204281745915864,0.7374340552054524,hold
2021-02-22,0,-1,0.0021872625461001,-0.0021872625461001,0.7358210933162828,hold
2021-02-23,-1,-1,0.0186431824578623,-0.0186431824578623,0.7221030464172435,hold
2021-02-24,-1,-1,0.0076992130139501,-0.0076992130139501,0.7165434212448549,hold
2021-02-25,1,1,-0.0376356932475859,-0.0376356932475859,0.688859269423063,flip
2021-02-26,0,1,0.0159953891187234,0.0159953891187234,0.6998778414855245,hold
2021-03-01,0,1,0.0106729853417877,0.0106729853417877,0.7073476274287415,hold
2021-03-02,0,1,0.0218846987116321,0.0218846987116321,0.7228277171394073,hold
2021-03-03,0,1,-0.0108129305241382,-0.0108129305241382,0.7150118312530575,hold
2021-03-04,0,1,-0.0094591045289524,-0.0094591045289524,0.7082484596017972,hold
2021-03-05,0,1,0.0012117060677612,0.0012117060677612,0.7091066485577792,hold
2021-03-08,-1,-1,0.0095077756017913,-0.0095077756017913,0.7016555150169957,flip
2021-03-09,0,-1,0.0050600998838219,-0.0050600998838219,0.6981050680269753,hold
2021-03-10,0,-1,-0.0094795062357636,0.0094795062357636,0.7047227593725551,hold
2021-03-12,0,-1,-0.006749419963093,0.006749419963093,0.7094792292331102,hold
2021-03-15,-1,-1,-0.0012759841044576,0.0012759841044576,0.7103845134520546,hold
2021-03-16,-1,-1,-0.0126857598628687,0.0126857598628687,0.7193962808000082,hold
2021-03-17,0,-1,-0.0111029730717429,0.0111029730717429,0.7273837183336427,hold
2021-03-18,0,-1,0.0127869428260285,-0.0127869428260285,0.7180827043147263,hold
2021-03-19,0,-1,-0.0005154374236977,0.0005154374236977,0.7184528310138402,hold
2021-03-22,-1,-1,0.0053167399974314,-0.0053167399974314,0.714633004110921,hold
2021-03-23,0,-1,-0.0179111769942118,0.0179111769942118,0.7274329223334569,hold
2021-03-24,0,-1,-0.0154301891468089,0.0154301891468089,0.7386573499166781,hold
2021-03-25,0,-1,0.0127330319296232,-0.0127330319296232,0.7292520022951382,hold
2021-03-26,-1,-1,0.0232848158675504,-0.0232848158675504,0.7122715037006535,hold
2021-03-30,0,-1,-0.0104006990943323,0.0104006990943323,0.7196796252841117,hold
2021-03-31,0,-1,0.0120245741669184,-0.0120245741669184,0.7110257842534629,hold
2021-04-01,0,-1,-0.015439860548026,0.015439860548026,0.7220039232083871,hold
2021-04-05,0,-1,0.0031220672452334,-0.0031220672452334,0.7197497784088082,hold
2021-04-06,-1,-1,0.0092314369658119,-0.0092314369658119,0.7131054536982702,hold
2021-04-07,1,1,0.0036945688638336,0.0036945688638336,0.7150269654504355,flip
2021-04-08,-1,-1,-0.0026187118170183,0.0026187118170183,0.716184388048897,flip
2021-04-09,-1,-1,-0.0353255893040076,0.0353255893040076,0.7414840236070543,hold
2021-04-12,0,-1,0.0135561955060299,-0.0135561955060299,0.7314323212184394,hold
2021-04-13,0,-1,0.0052844845607746,-0.0052844845607746,0.727567078409709,hold
2021-04-15,0,-1,0.0024962821650071,-0.0024962821650071,0.7257508656880286,hold
2021-04-16,0,-1,-0.0176769785548196,0.0176769785548196,0.7385799481769377,hold
2021-04-19,0,-1,-0.004390823034999,0.004390823034999,0.7418229220265814,hold
2021-04-20,-1,-1,0.0076767575754221,-0.0076767575754221,0.7361281272902921,hold
2021-04-22,0,-1,-0.0044981330537942,0.0044981330537942,0.7394393295514841,hold
2021-04-23,0,-1,0.0100165182871698,-0.0100165182871698,0.7320327219847791,hold
2021-04-26,-1,-1,0.011601643402658,-0.011601643402658,0.7235399393852346,hold
2021-04-27,0,-1,0.014433855260107,-0.014433855260107,0.7130964686252416,hold
2021-04-28,0,-1,0.0020418099664161,-0.0020418099664161,0.7116404611485864,hold
2021-04-29,0,-1,-0.0177108120451774,0.0177108120451774,0.7242441915997324,hold
2021-04-30,0,-1,0.0002085134632017,-0.0002085134632017,0.7240931769351382,hold
2021-05-03,-1,-1,-0.0094061074234402,0.0094061074234402,0.7309040751419702,hold
2021-05-04,0,-1,0.0083709591539336,-0.0083709591539336,0.7247857069835132,hold
2021-05-05,0,-1,0.0073164109749706,-0.0073164109749706,0.7194828768824372,hold
2021-05-06,0,-1,0.0066792477481554,-0.0066792477481554,0.7146772724971837,hold
2021-05-07,0,-1,0.0080414227481215,-0.0080414227481215,0.7089302504205595,hold
2021-05-10,0,-1,-0.0061302011912188,0.0061302011912188,0.7132761354861786,hold
2021-05-11,0,-1,-0.0103866808073666,0.0103866808073666,0.7206847070329855,hold
2021-05-12,0,-1,-0.0012724250884564,0.0012724250884564,0.7216017243350811,hold
2021-05-14,-1,-1,0.0167157604819725,-0.0167157604819725,0.7095396027477174,hold
2021-05-17,0,-1,0.012393443335275,-0.012393443335275,0.70074596388693,hold
2021-05-18,0,-1,-0.0051594324081388,0.0051594324081388,0.7043614153228807,hold
2021-05-19,-1,-1,-0.0082567760609306,0.0082567760609306,0.7101771697951619,hold
2021-05-20,-1,-1,0.0180631356749747,-0.0180631356749747,0.6973491432238823,hold
2021-05-21,0,-1,0.0014761086049899,-0.0014761086049899,0.6963197801528872,hold
2021-05-24,0,-1,0.0007073438653115,-0.0007073438653115,0.695827242628101,hold
2021-05-25,-1,-1,0.0061150215048646,-0.0061150215048646,0.6915722440757596,hold
2021-05-26,0,-1,0.0023788211965458,-0.0023788211965458,0.6899271173626095,hold
2021-05-27,0,-1,0.006376433707514,-0.006376433707514,0.6855278428357306,hold
2021-05-28,0,-1,0.0095330880357249,-0.0095330880357249,0.678992645559037,hold
2021-05-31,0,-1,-0.0005101904286871,0.0005101904286871,0.6793390611079502,hold
2021-06-01,-1,-1,8.67158252806366e-05,-8.67158252806366e-05,0.6792801516606208,hold
2021-06-02,-1,-1,0.0073284506253876,-0.0073284506253876,0.6743020806083702,hold
2021-06-03,0,-1,-0.0012810173052479,0.0012810173052479,0.6751658732425942,hold
2021-06-04,-1,-1,0.0051945814919991,-0.0051945814919991,0.6716586690934189,hold
2021-06-07,-1,-1,-0.0007333060957773,0.0007333060957773,0.6721512004897467,hold
2021-06-08,-1,-1,-0.0066549769442125,0.0066549769442125,0.6766243512320308,hold
2021-06-09,-1,-1,0.006549286916079,-0.006549286916079,0.6721929442214064,hold
2021-06-10,-1,-1,0.0039141306333496,-0.0039141306333496,0.669561893226908,hold
2021-06-11,-1,-1,0.0007911718082738,-0.0007911718082738,0.6690321547330924,hold
2021-06-14,-1,-1,0.0036302135450976,-0.0036302135450976,0.6666034251428745,hold
2021-06-15,-1,-1,-0.0064086327528081,0.0064086327528081,0.6708754416863792,hold
2021-06-16,0,-1,-0.0048295020472909,0.0048295020472909,0.6741154360054807,hold
2021-06-17,-1,-1,-0.0005130696464038,0.0005130696464038,0.6744613041738674,hold
2021-06-18,-1,-1,0.0040265882096546,-0.0040265882096546,0.6717455262386126,hold
2021-06-21,0,-1,0.0016670371193598,-0.0016670371193598,0.6706257015116089,hold
2021-06-22,0,-1,-0.0054397492312691,0.0054397492312691,0.6742737371558759,hold
2021-06-23,0,-1,0.0065978407983298,-0.0065978407983298,0.6698249863836265,hold
2021-06-24,0,-1,0.0044266891189239,-0.0044266891189239,0.6668598794048188,hold
2021-06-25,0,-1,-0.0028782098242977,0.0028782098242977,0.6687792420611517,hold
2021-06-28,1,1,-0.0041891404314852,-0.0041891404314852,0.6653088526564341,flip
2021-06-29,0,1,-0.0017112919035373,-0.0017112919035373,0.6641703150035315,hold
2021-06-30,-1,-1,-0.002639697229908,0.002639697229908,0.66525935322923,flip
2021-07-01,1,1,0.0026913389867666,0.0026913389867666,0.6663845323096579,flip
2021-07-02,1,1,0.007133188273225,0.007133188273225,0.6711379786409877,hold
2021-07-05,1,1,-0.0010167521731027,-0.0010167521731027,0.6704555976427526,hold
2021-07-06,-1,-1,0.0038816171589777,-0.0038816171589777,0.6671826900929672,flip
2021-07-07,0,-1,-0.0095562557277451,0.0095562557277451,0.6735584584966204,hold
2021-07-08,0,-1,-0.0024224839292732,0.0024224839292732,0.6751901430377546,hold
2021-07-09,1,1,0.0001784474449868,0.0001784474449868,0.6746354388506223,flip
2021-07-12,1,1,0.0076309854951284,0.0076309854951284,0.679783572098991,hold
2021-07-13,1,1,0.0026308921169333,0.0026308921169333,0.681572009340047,hold
2021-07-14,1,1,0.0044310723280038,0.0044310723280038,0.6845921042101757,hold
2021-07-15,1,1,-5.0225736783704455e-05,-5.0225736783704455e-05,0.6845577200673454,hold
2021-07-16,1,1,-0.0107389122803617,-0.0107389122803617,0.6772063147606977,hold
2021-07-19,0,1,-0.0076369809214345,-0.0076369809214345,0.6720345030549952,hold
2021-07-20,-1,-1,0.0122792331234495,-0.0122792331234495,0.6631104002219265,flip
2021-07-22,1,1,0.0020222383267853,0.0020222383267853,0.6637882570879234,flip
2021-07-23,-1,-1,-0.0019929055322251,0.0019929055322251,0.6644473361206122,flip
2021-07-26,1,1,-0.0049290812026508,-0.0049290812026508,0.6605077739098681,flip
2021-07-27,1,1,-0.0023528988583426,-0.0023528988583426,0.6589536659227092,hold
2021-07-28,0,1,0.0043954449546468,0.0043954449546468,0.6618500604889352,hold
2021-07-29,1,1,-0.0009760394990868,-0.0009760394990868,0.6612040686874251,hold
2021-07-30,-1,-1,0.0077460001364197,-0.0077460001364197,0.6554211778124837,flip
2021-08-02,1,1,0.0154609558824161,0.0154609558824161,0.6648991945492313,flip
2021-08-03,0,1,0.0079382424678022,0.0079382424678022,0.6701773255722095,hold
2021-08-04,0,1,0.0022018725316477,0.0022018725316477,0.6716529706167201,hold
2021-08-05,0,1,-0.0034612335015614,-0.0034612335015614,0.6693282228533983,hold
2021-08-06,0,1,0.0012347307242392,0.0012347307242392,0.6701546629747559,hold
2021-08-09,0,1,0.0013439090538649,0.0013439090538649,0.6710552898938175,hold
2021-08-10,-1,-1,0.0001320870680521,-0.0001320870680521,0.6702955968781807,flip
2021-08-11,-1,-1,0.0050453954843463,-0.0050453954843463,0.6669136905005143,hold
2021-08-12,-1,-1,0.0100644823408473,-0.0100644823408473,0.6602015494396025,hold
2021-08-13,0,-1,0.0020540242770237,-0.0020540242770237,0.6588454794293249,hold
2021-08-16,-1,-1,0.0031122785775283,-0.0031122785775283,0.6567949687577956,hold
2021-08-17,-1,-1,-0.0027536023181795,0.0027536023181795,0.6586035209063358,hold
2021-08-18,-1,-1,-0.0071428984006249,0.0071428984006249,0.6633078589424636,hold
2021-08-20,-1,-1,0.0027931806783987,-0.0027931806783987,0.6614551202470355,hold
2021-08-23,-1,-1,0.0077683620836017,-0.0077683620836017,0.6563166973709043,hold
2021-08-24,-1,-1,0.0006045728309951,-0.0006045728309951,0.6559199061271453,hold
2021-08-25,-1,-1,0.0001352598309651,-0.0001352598309651,0.655831186511516,hold
2021-08-26,-1,-1,0.00410526158848,-0.00410526158848,0.6531388279330029,hold
2021-08-27,0,-1,0.0135198365217041,-0.0135198365217041,0.6443084977533713,hold
2021-08-30,0,-1,0.0118804461754233,-0.0118804461754233,0.6366538253254446,hold
2021-08-31,1,1,-0.0032657347743637,-0.0032657347743637,0.6339380289635221,flip
2021-09-01,1,1,0.009246783727399,0.009246783727399,0.6397999168139215,hold
2021-09-02,-1,-1,0.0051902308336972,-0.0051902308336972,0.6358394076414631,flip
2021-09-03,-1,-1,0.0031287476677577,-0.0031287476677577,0.6338500265777364,hold
2021-09-06,-1,-1,-0.0009035189246697,0.0009035189246697,0.6344227220721518,hold
2021-09-07,-1,-1,-0.0004953092983268,0.0004953092983268,0.634736957545464,hold
2021-09-08,-1,-1,0.0009075978909154,-0.0009075978909154,0.6341608716215097,hold
2021-09-09,-1,-1,-0.0008030985074197,0.0008030985074197,0.6346701652709729,hold
2021-09-13,-1,-1,0.001423151293159,-0.001423151293159,0.6337669336045381,hold
2021-09-14,-1,-1,0.0080235453826236,-0.0080235453826236,0.6286818758507559,hold
2021-09-15,-1,-1,0.0062816347635072,-0.0062816347635072,0.6247327259242248,hold
2021-09-16,0,-1,-0.0025156476006126,0.0025156476006126,0.6263043333072202,hold
2021-09-17,-1,-1,-0.010705054879733,0.010705054879733,0.6330089555666886,hold
2021-09-20,-1,-1,0.0094901738624639,-0.0094901738624639,0.627001590521864,hold
2021-09-21,-1,-1,-0.0008740239935656,0.0008740239935656,0.6275496049559839,hold
2021-09-22,-1,-1,0.0157465283671818,-0.0157465283671818,0.6176678772997307,hold
2021-09-23,-1,-1,0.0016972499684944,-0.0016972499684944,0.6166195405144438,hold
2021-09-24,-1,-1,0.0001064453827974,-0.0001064453827974,0.6165539042114134,hold
2021-09-27,1,1,-0.0059646824901542,-0.0059646824901542,0.612259802030516,flip
2021-09-28,-1,-1,-0.0021015082285871,0.0021015082285871,0.6129342112404857,flip
2021-09-29,-1,-1,-0.0052593760207388,0.0052593760207388,0.6161578627333745,hold
2021-09-30,-1,-1,-0.0048869834497958,0.0048869834497958,0.619169016011014,hold
2021-10-01,0,-1,0.0090804675811375,-0.0090804675811375,0.6135466718338812,hold
2021-10-04,0,-1,0.0074076609199462,-0.0074076609199462,0.6090017261303744,hold
2021-10-05,0,-1,-0.0098921448702895,0.0098921448702895,0.6150260594315125,hold
2021-10-06,0,-1,0.0081803020160375,-0.0081803020160375,0.6099949605176292,hold
2021-10-07,0,-1,0.0058936227604964,-0.0058936227604964,0.6063998803345344,hold
2021-10-08,0,-1,0.0028359561343596,-0.0028359561343596,0.6046801568740248,hold
2021-10-11,0,-1,0.0025632525445875,-0.0025632525445875,0.6031302089232559,hold
2021-10-12,-1,-1,0.0094375978492116,-0.0094375978492116,0.5974381085607272,hold
2021-10-13,0,-1,0.0097347877407187,-0.0097347877407187,0.5916221753856721,hold
2021-10-14,0,-1,0.0075523961327199,-0.0075523961327199,0.587154010356258,hold
2021-10-18,0,-1,-0.0031553077349963,0.0031553077349963,0.5890066619467693,hold
2021-10-19,-1,-1,-0.00826062521208,0.00826062521208,0.5938722252285299,hold
2021-10-20,0,-1,-0.0048449082967022,0.0048449082967022,0.5967494816997205,hold
2021-10-21,-1,-1,-0.0034766680845673,0.0034766680845673,0.598824181577228,hold
2021-10-22,-1,-1,0.0005796333280105,-0.0005796333280105,0.5984770831239673,hold
2021-10-25,-1,-1,0.0078894808897,-0.0078894808897,0.5937554096137374,hold
2021-10-26,-1,-1,-0.0031448386638428,0.0031448386638428,0.5956226745827565,hold
2021-10-27,-1,-1,-0.0194223384240636,0.0194223384240636,0.6071910597415486,hold
2021-10-28,0,-1,-0.0103935157639054,0.0103935157639054,0.6135019095926749,hold
2021-10-29,0,-1,0.0145996550575078,-0.0145996550575078,0.6045449933354995,hold
2021-11-01,-1,-1,-0.0022700482713416,0.0022700482713416,0.605917339652569,hold
2021-11-02,-1,-1,-0.0033400508475575,0.0033400508475575,0.6079411343764253,hold
2021-11-03,0,-1,0.0049133761659847,-0.0049133761659847,0.6049540908964585,hold
2021-11-04,1,1,0.0084697040421863,0.0084697040421863,0.609472918914565,flip
2021-11-08,0,1,-0.0013449214352717,-0.0013449214352717,0.6086532257216992,hold
2021-11-09,-1,-1,-0.0014991358050348,0.0014991358050348,0.6089570263395069,flip
2021-11-10,-1,-1,-0.007970140510272,0.007970140510272,0.6138104994041501,hold
2021-11-11,-1,-1,0.0128206066843303,-0.0128206066843303,0.6059410764125772,hold
2021-11-12,0,-1,0.0003700663573213,-0.0003700663573213,0.6057168380056779,hold
2021-11-15,-1,-1,-0.0060879819517564,0.0060879819517564,0.6094044311833313,hold
2021-11-16,1,1,-0.005586294529162,-0.005586294529162,0.6053907141121815,flip
2021-11-17,0,1,-0.0074781956434608,-0.0074781956434608,0.6008634839113162,hold
2021-11-18,0,1,-0.0196033721001568,-0.0196033721001568,0.589084533454806,hold
2021-11-22,0,1,0.0049836979327988,0.0049836979327988,0.5920203528264285,hold
2021-11-23,-1,-1,-0.0050446817378146,0.0050446817378146,0.5944148867359202,flip
2021-11-24,0,-1,0.006959452503032,-0.006959452503032,0.5902780845645865,hold
2021-11-25,-1,-1,-0.0290712541877539,0.0290712541877539,0.607438208802424,hold
2021-11-26,0,-1,0.0016151341742889,-0.0016151341742889,0.6064571145926184,hold
2021-11-29,-1,-1,-0.004148599194972,0.004148599194972,0.6089730620900023,hold
2021-11-30,1,1,0.0108166411704213,0.0108166411704213,0.6149511321229927,flip
2021-12-01,-1,-1,0.0136745711024337,-0.0136745711024337,0.6059269880101317,flip
2021-12-02,-1,-1,-0.0117776858673942,0.0117776858673942,0.6130634057334913,hold
2021-12-03,-1,-1,-0.0165409195759996,0.0165409195759996,0.6232040382227173,hold
2021-12-06,-1,-1,0.0156365485816494,-0.0156365485816494,0.6134592780027677,hold
2021-12-07,-1,-1,0.0170609485278816,-0.0170609485278816,0.602993080836811,hold
2021-12-08,-1,-1,0.0026960665936832,-0.0026960665936832,0.6013673713353448,hold
2021-12-09,-1,-1,-0.0003167708948091,0.0003167708948091,0.6015578670156717,hold
2021-12-10,-1,-1,-0.0081690551168631,0.0081690551168631,0.6064720263873054,hold
2021-12-13,0,-1,-0.0024959111813221,0.0024959111813221,0.6079857266991245,hold
2021-12-14,1,1,-0.0059740603216401,-0.0059740603216401,0.6037455975664286,flip
2021-12-15,0,1,0.0015678167505297,0.0015678167505297,0.6046921600273519,hold
2021-12-16,-1,-1,-0.01525945397337,0.01525945397337,0.6133147400513197,flip
2021-12-17,0,-1,-0.0218425462793778,0.0218425462793778,0.6267110956447153,hold
2021-12-20,0,-1,0.009428705444209,-0.009428705444209,0.6208020213252637,hold
2021-12-21,-1,-1,0.0110071709945933,-0.0110071709945933,0.6139687473227474,hold
2021-12-22,-1,-1,0.0069093062126275,-0.0069093062126275,0.6097266492425112,hold
2021-12-23,-1,-1,-0.0040327548791804,0.0040327548791804,0.6121855273622102,hold
2021-12-24,0,-1,0.0048518709108285,-0.0048518709108285,0.6092152822099713,hold
2021-12-27,0,-1,0.0086034091740434,-0.0086034091740434,0.6039739538620386,hold
2021-12-28,0,-1,-0.0011402602889762,0.0011402602889762,0.6046626413772035,hold
2021-12-29,-1,-1,-0.0005606259494814,0.0005606259494814,0.6050016309446415,hold
2021-12-30,-1,-1,0.0087248317576065,-0.0087248317576065,0.599723093501572,hold
2021-12-31,0,-1,0.0156533158122078,-0.0156533158122078,0.5903354385191177,hold
2022-01-03,0,-1,0.0101868742352642,-0.0101868742352642,0.5843217656503039,hold
2022-01-04,-1,-1,0.006739585234692,-0.006739585234692,0.5803836793062179,hold
2022-01-05,-1,-1,-0.0100054174627969,0.0100054174627969,0.5861906603062707,hold
2022-01-06,-1,-1,0.0037641836511315,-0.0037641836511315,0.5839841310062998,hold
2022-01-07,-1,-1,0.0107003189218717,-0.0107003189218717,0.5777353145592202,hold
2022-01-10,0,-1,0.0029133112526023,-0.0029133112526023,0.5760521917662891,hold
2022-01-11,-1,-1,0.0086731157318304,-0.0086731157318304,0.5710560244395255,hold
2022-01-12,0,-1,0.0024956237305924,-0.0024956237305924,0.5696308834734365,hold
2022-01-13,-1,-1,-0.0001123235637506,0.0001123235637506,0.5696948664442906,hold
2022-01-14,-1,-1,0.0028675682661627,-0.0028675682661627,0.5680612275238791,hold
2022-01-17,-1,-1,-0.0106536905679234,0.0106536905679234,0.5741131760655532,hold
2022-01-18,0,-1,-0.0096422404339412,0.0096422404339412,0.5796489133454709,hold
2022-01-19,0,-1,-0.010112406160797,0.010112406160797,0.5855105585878848,hold
2022-01-20,-1,-1,-0.0078757453046686,0.0078757453046686,0.5901218906205172,hold
2022-01-21,-1,-1,-0.0265679051873833,0.0265679051873833,0.6058001930595225,hold
2022-01-24,0,-1,0.0075134912216943,-0.0075134912216943,0.601248518626869,hold
2022-01-25,-1,-1,-0.0097117329146276,0.0097117329146276,0.6070876836550887,hold
2022-01-27,0,-1,-0.0004793161771092,0.0004793161771092,0.6073786706027884,hold
2022-01-28,-1,-1,0.0139107178709299,-0.0139107178709299,0.5989295972752126,hold
2022-01-31,-1,-1,0.0136679386118703,-0.0136679386118703,0.5907434643068228,hold
2022-02-01,-1,-1,0.0115578385853996,-0.0115578385853996,0.5839157467009848,hold
2022-02-02,-1,-1,-0.0123622486642295,0.0123622486642295,0.5911342583606616,hold
2022-02-03,0,-1,-0.0024998826581151,0.0024998826581151,0.5926120246417551,hold
2022-02-04,-1,-1,-0.0172811129276234,0.0172811129276234,0.6028530199618568,hold
2022-02-07,-1,-1,0.0030876976246183,-0.0030876976246183,0.6009915921241267,hold
2022-02-08,-1,-1,0.0114121523303458,-0.0114121523303458,0.5941329845255491,hold
2022-02-09,-1,-1,0.008133901085124,-0.008133901085124,0.5893003655980087,hold
2022-02-10,0,-1,-0.0131262969128136,0.0131262969128136,0.5970356971676778,hold
2022-02-11,-1,-1,-0.0306162228952934,0.0306162228952934,0.6153146751486103,hold
2022-02-14,0,-1,0.0302591263839775,-0.0302591263839775,0.5966957906273724,hold
2022-02-15,-1,-1,-0.0017432697608654,0.0017432697608654,0.5977359923556088,hold
2022-02-16,-1,-1,-0.0010160147191904,0.0010160147191904,0.598343300922032,hold
2022-02-17,-1,-1,-0.0016353356196504,0.0016353356196504,0.599321793034809,hold
2022-02-18,0,-1,-0.004031556958107,0.004031556958107,0.6017379929796637,hold
2022-02-21,0,-1,-0.0066515660675804,0.0066515660675804,0.605740492995341,hold
2022-02-22,0,-1,-0.0016937094155936,0.0016937094155936,0.6067664413717335,hold
2022-02-23,-1,-1,-0.0477810384708364,0.0477810384708364,0.6357583720497288,hold
2022-02-24,0,-1,0.0252616601096495,-0.0252616601096495,0.6196980601431445,hold
2022-02-25,-1,-1,0.0081340342903666,-0.0081340342903666,0.6146574148722665,hold
2022-02-28,-1,-1,-0.0111916331229355,0.0111916331229355,0.6215364351558089,hold
2022-03-02,1,1,-0.006497577228417,-0.006497577228417,0.6168764177329532,flip
2022-03-03,1,1,-0.0153170320073322,-0.0153170320073322,0.6074277018979691,hold
2022-03-04,-1,-1,-0.0235266847399477,0.0235266847399477,0.6211110342409357,flip
2022-03-07,1,1,0.0094747765094835,0.0094747765094835,0.6263748114437019,flip
2022-03-08,-1,-1,0.0207262900882942,-0.0207262900882942,0.6127660105862754,flip
2022-03-09,-1,-1,0.0152673871904744,-0.0152673871904744,0.6034106746454925,hold
2022-03-10,1,1,0.0021421537513466,0.0021421537513466,0.6040998624111414,flip
2022-03-11,-1,-1,0.014482565042708,-0.014482565042708,0.59474684699907,flip
2022-03-14,-1,-1,-0.0123464565033122,0.0123464565033122,0.6020898630760261,hold
2022-03-15,-1,-1,0.0187451004846066,-0.0187451004846066,0.5908036280919029,hold
2022-03-16,-1,-1,0.0183619883565082,-0.0183619883565082,0.5799552987518966,hold
2022-03-17,-1,-1,-0.0098022024704637,0.0098022024704637,0.5856401380140809,hold
2022-03-21,0,-1,0.0115612232521558,-0.0115612232521558,0.5788694216330768,hold
2022-03-22,-1,-1,-0.004033935455228,0.004033935455228,0.5812045435169497,hold
2022-03-23,-1,-1,-0.0013278937068936,0.0013278937068936,0.5819763213727039,hold
2022-03-24,-1,-1,-0.0040498758909001,0.0040498758909001,0.584333253245706,hold
2022-03-25,-1,-1,0.0040226199498629,-0.0040226199498629,0.5819827026438316,hold
2022-03-28,-1,-1,0.005998187274997,-0.005998187274997,0.5784918614025649,hold
2022-03-29,-1,-1,0.0099824655821947,-0.0099824655821947,0.5727170863065341,hold
2022-03-30,0,-1,-0.0019144771620018,0.0019144771620018,0.5738135400885562,hold
2022-03-31,-1,-1,0.0117779652585923,-0.0117779652585923,0.5670551841484833,hold
2022-04-01,-1,-1,0.0216718413399843,-0.0216718413399843,0.5547660541666017,hold
2022-04-04,-1,-1,-0.005317557796472,0.005317557796472,0.5577160547231533,hold
2022-04-05,-1,-1,-0.0083391803235717,0.0083391803235717,0.5623669494728407,hold
2022-04-06,0,-1,-0.0094397411049521,0.0094397411049521,0.5676755478818459,hold
2022-04-07,-1,-1,0.0082087593907955,-0.0082087593907955,0.5630156358972459,hold
2022-04-08,-1,-1,-0.006151497975913,0.006151497975913,0.5664790254418751,hold
2022-04-11,-1,-1,-0.0081838106412522,0.0081838106412522,0.5711149825183325,hold
2022-04-12,-1,-1,-0.0031174816283502,0.0031174816283502,0.5728954229840089,hold
2022-04-13,-1,-1,-0.0172811880101475,0.0172811880101475,0.5827957364987485,hold
2022-04-18,0,-1,-0.0125191788064678,0.0125191788064678,0.5900918605316234,hold
2022-04-19,0,-1,0.010490244596548,-0.010490244596548,0.5839016525802146,hold
2022-04-20,-1,-1,0.014941678252146,-0.014941678252146,0.5751771819564647,hold
2022-04-21,-1,-1,-0.0126864526051679,0.0126864526051679,0.5824741400149295,hold
2022-04-22,0,-1,-0.0126951225643019,0.0126951225643019,0.5898687206129554,hold
2022-04-25,-1,-1,0.0145601216162072,-0.0145601216162072,0.5812801603032342,hold
2022-04-26,-1,-1,-0.0094414436101153,0.0094414436101153,0.586768284158416,hold
2022-04-27,0,-1,0.0121285088909346,-0.0121285088909346,0.5796516598070821,hold
2022-04-28,-1,-1,-0.0082632403816946,0.0082632403816946,0.5844414608097164,hold
2022-04-29,1,1,-0.0019559171203674,-0.0019559171203674,0.5827139002898565,flip
2022-05-02,-1,-1,-0.0229361834519363,0.0229361834519363,0.5954964193066082,flip
2022-05-04,0,-1,0.0003028482136697,-0.0003028482136697,0.5953160742797745,hold
2022-05-05,-1,-1,-0.0162684216398562,0.0162684216398562,0.6050009271851418,hold
2022-05-06,1,1,-0.0066661826871809,-0.0066661826871809,0.6003628795514266,flip
2022-05-09,1,1,-0.0037909688880922,-0.0037909688880922,0.5980869225534817,hold
2022-05-10,1,1,-0.0044919933245182,-0.0044919933245182,0.5954003200898899,hold
2022-05-11,1,1,-0.0222117521417858,-0.0222117521417858,0.5821754357549133,hold
2022-05-12,1,1,-0.0016352232651188,-0.0016352232651188,0.5812234489379862,hold
2022-05-13,-1,-1,0.0038112305721171,-0.0038112305721171,0.5784270489112244,flip
2022-05-16,-1,-1,0.0263219359020472,-0.0263219359020472,0.5632017292057728,hold
2022-05-17,1,1,-0.0011685620062508,-0.0011685620062508,0.5619803913339624,flip
2022-05-18,-1,-1,-0.0265327253341793,0.0265327253341793,0.5763292823090872,flip
2022-05-19,-1,-1,0.0288910387942893,-0.0288910387942893,0.5596785306556105,hold
2022-05-20,-1,-1,-0.0031630222318707,0.0031630222318707,0.5614488062907749,hold
2022-05-23,1,1,-0.0055227542667355,-0.0055227542667355,0.5577866136939882,flip
2022-05-24,-1,-1,-0.0061612191843656,0.0061612191843656,0.560665472665368,flip
2022-05-25,0,-1,0.0090073873189953,-0.0090073873189953,0.5556153415966835,hold
2022-05-26,0,-1,0.0112738471989222,-0.0112738471989222,0.5493514191341455,hold
2022-05-27,-1,-1,0.0188932050929628,-0.0188932050929628,0.5389724101043339,hold
2022-05-30,0,-1,-0.0046124339835348,0.0046124339835348,0.5414583847648868,hold
2022-05-31,0,-1,-0.0037264067061659,0.0037264067061659,0.5434760789209845,hold
2022-06-01,0,-1,0.0063700049931154,-0.0063700049931154,0.540014133584619,hold
2022-06-02,0,-1,-0.0026280502014673,0.0026280502014673,0.5414333178371813,hold
2022-06-03,-1,-1,-0.0008893953501298,0.0008893953501298,0.5419148661124711,hold
2022-06-06,-1,-1,-0.0092459460064759,0.0092459460064759,0.5469253817046537,hold
2022-06-07,-1,-1,-0.0036609606157923,0.0036609606157923,0.5489276539868515,hold
2022-06-08,-1,-1,0.0074497277416889,-0.0074497277416889,0.5448382924147654,hold
2022-06-09,-1,-1,-0.0167676984141,0.0167676984141,0.5539739765864296,hold
2022-06-10,0,-1,-0.0263797491152091,0.0263797491152091,0.5685876711051343,hold
2022-06-13,0,-1,-0.0026816094559853,0.0026816094559853,0.5701124011805265,hold
2022-06-14,1,1,-0.002539344381356,-0.002539344381356,0.5680945770566669,flip
2022-06-15,-1,-1,-0.0211284478542902,0.0211284478542902,0.5795294391272571,flip
2022-06-16,1,1,-0.0043682936266399,-0.0043682936266399,0.57641835493274,flip
2022-06-17,1,1,0.0037042135956451,0.0037042135956451,0.5785535316398612,hold
2022-06-20,-1,-1,0.018804337854487,-0.018804337854487,0.5670956620323588,flip
2022-06-21,1,1,-0.0144192650853174,-0.0144192650853174,0.5583514636907483,flip
2022-06-22,0,1,0.0093004475196092,0.0093004475196092,0.5635443821763011,hold
2022-06-23,-1,-1,0.0091664725885294,-0.0091664725885294,0.557815123662486,flip
2022-06-24,-1,-1,0.008458990377725,-0.008458990377725,0.5530965708988755,hold
2022-06-27,-1,-1,0.0011464333961117,-0.0011464333961117,0.5524624825187222,hold
2022-06-28,-1,-1,-0.0032239710103227,0.0032239710103227,0.5542436055466535,hold
2022-06-29,0,-1,-0.0011930812414028,0.0011930812414028,0.5549048631955986,hold
2022-06-30,-1,-1,-0.0017870563085186,0.0017870563085186,0.5558965094319999,hold
2022-07-01,-1,-1,0.0052881882498054,-0.0052881882498054,0.5529568240427137,hold
2022-07-04,1,1,-0.0015471713984448,-0.0015471713984448,0.5515483482359372,flip
2022-07-05,-1,-1,0.0113181897073002,-0.0113181897073002,0.5447542710496188,flip
2022-07-06,-1,-1,0.0089494920315105,-0.0089494920315105,0.5398789970417289,hold
2022-07-07,0,-1,0.0054360478665673,-0.0054360478665673,0.5369441889716557,hold
2022-07-08,0,-1,-0.0002835659276332,0.0002835659276332,0.5370964480486887,hold
2022-07-11,0,-1,-0.0097249750439381,0.0097249750439381,0.54231969760215,hold
2022-07-12,0,-1,-0.0057072925015229,0.0057072925015229,0.5454148747457029,hold
2022-07-13,0,-1,-0.0017536552323109,0.0017536552323109,0.546371344394581,hold
2022-07-14,-1,-1,0.0069359576863876,-0.0069359576863876,0.5425817358688055,hold
2022-07-15,0,-1,0.0142873041582765,-0.0142873041582765,0.5348297055777222,hold
2022-07-18,0,-1,0.0038117642711243,-0.0038117642711243,0.5327910608148652,hold
2022-07-19,-1,-1,0.0110338885069691,-0.0110338885069691,0.5269123036523241,hold
2022-07-20,0,-1,0.005108719746296,-0.005108719746296,0.5242204563620891,hold
2022-07-21,0,-1,0.0068772959606149,-0.0068772959606149,0.5206152371350784,hold
2022-07-22,0,-1,-0.0052901993117577,0.0052901993117577,0.523369395504261,hold
2022-07-25,-1,-1,-0.008847958067765,0.008847958067765,0.5280001459696342,hold
2022-07-26,0,-1,0.0095821774414373,-0.0095821774414373,0.5229407548818483,hold
2022-07-27,-1,-1,0.0172937311236929,-0.0172937311236929,0.5138971580733006,hold
2022-07-28,-1,-1,0.0135059538264792,-0.0135059538264792,0.5069564867848038,hold
2022-07-29,-1,-1,0.0105955316684394,-0.0105955316684394,0.5015850132745546,hold
2022-08-01,-1,-1,0.0003113276638058,-0.0003113276638058,0.5014288559841719,hold
2022-08-02,-1,-1,0.0024618083588656,-0.0024618083588656,0.5001944342351337,hold
2022-08-03,-1,-1,-0.0003537116074355,0.0003537116074355,0.5003713588124973,hold
2022-08-04,-1,-1,0.0008917270739845,-0.0008917270739845,0.49992516412479776,hold
2022-08-05,-1,-1,0.0073343646716481,-0.0073343646716481,0.49625853066257297,hold
2022-08-08,-1,-1,0.0005506610997998,-0.0005506610997998,0.49598526039429325,hold
2022-08-10,-1,-1,0.0070859293688247,-0.0070859293688247,0.4924707438711612,hold
2022-08-11,0,-1,0.0022170219505635,-0.0022170219505635,0.49137892542198847,hold
2022-08-12,-1,-1,0.0071815193435313,-0.0071815193435313,0.48785007816406684,hold
2022-08-16,0,-1,0.0066759231988331,-0.0066759231988331,0.48459322850969877,hold
2022-08-17,0,-1,0.000682669936052,-0.000682669936052,0.4842624112813808,hold
2022-08-18,-1,-1,-0.011029475746944,0.011029475746944,0.48960357180176545,hold
2022-08-19,-1,-1,-0.0150773300473388,0.0150773300473388,0.4969854864461766,hold
2022-08-22,-1,-1,0.0049626821755044,-0.0049626821755044,0.4945191054311058,hold
2022-08-23,-1,-1,0.0015616110795051,-0.0015616110795051,0.49374685891703757,hold
2022-08-24,-1,-1,-0.0046861822192667,0.0046861822192667,0.4960606466681134,hold
2022-08-25,0,-1,0.0020802555293466,-0.0020802555293466,0.49502871376499075,hold
2022-08-26,1,1,-0.0140099889245538,-0.0140099889245538,0.4875983382540421,flip
2022-08-29,0,1,0.0257842637890255,0.0257842637890255,0.5001707024306749,hold
2022-08-30,0,1,-0.0121907952721076,-0.0121907952721076,0.4940732237962362,hold
2022-09-01,0,1,-0.0001910505934481,-0.0001910505934481,0.4939788308136231,hold
2022-09-02,-1,-1,0.0072038500710118,-0.0072038500710118,0.48992630254737446,flip
2022-09-05,0,-1,-0.0005774531254664,0.0005774531254664,0.4902092120220286,hold
2022-09-06,1,1,-0.0017671004916441,-0.0017671004916441,0.488852753870434,flip
2022-09-07,-1,-1,0.0098925129655895,-0.0098925129655895,0.4835279189106362,flip
2022-09-08,0,-1,0.0019439347917691,-0.0019439347917691,0.4825879721662741,hold
2022-09-09,1,1,0.005775695663245,0.005775695663245,0.48489266545208287,flip
2022-09-12,0,1,0.0074542019299801,0.0074542019299801,0.488507153294729,hold
2022-09-13,0,1,-0.0036690976717561,-0.0036690976717561,0.4867147728359391,hold
2022-09-14,0,1,-0.0070179606679163,-0.0070179606679163,0.4832990277036827,hold
2022-09-15,-1,-1,-0.0193848531485446,0.0193848531485446,0.49218440935484936,flip
2022-09-16,0,-1,0.0052136885924867,-0.0052136885924867,0.4896183131143962,hold
2022-09-19,-1,-1,0.0110088098852303,-0.0110088098852303,0.4842281981889926,hold
2022-09-20,-1,-1,-0.0054950054374517,0.0054950054374517,0.48688903477100853,hold
2022-09-21,0,-1,-0.0049975776569025,0.0049975776569025,0.4893223005325709,hold
2022-09-22,0,-1,-0.0171556772324205,0.0171556772324205,0.4977169559831331,hold
2022-09-23,0,-1,-0.0179513217622564,0.0179513217622564,0.5066516332065172,hold
2022-09-26,0,-1,-0.0005230508522044,0.0005230508522044,0.5069166377750367,hold
2022-09-27,-1,-1,-0.0087491784653945,0.0087491784653945,0.5113517419060083,hold
2022-09-28,1,1,-0.0024023347691036,-0.0024023347691036,0.5096119520952798,flip
2022-09-29,1,1,0.016425755966269,0.016425755966269,0.5179827136578908,hold
2022-09-30,-1,-1,-0.0121092644487904,0.0121092644487904,0.5237371206038185,flip
2022-10-03,-1,-1,0.0229136709327191,-0.0229136709327191,0.5117363805670527,hold
2022-10-04,1,1,0.0033286441360573,0.0033286441360573,0.5129280324888674,flip
2022-10-06,-1,-1,-0.0009895331040011,0.0009895331040011,0.5129226637244965,flip
2022-10-07,-1,-1,-0.0042536458411471,0.0042536458411471,0.5151044550798782,hold
2022-10-10,0,-1,-0.0149323831999303,0.0149323831999303,0.5227961921911223,hold
2022-10-11,-1,-1,0.0082461453396196,-0.0082461453396196,0.5184851388073145,hold
2022-10-12,-1,-1,-0.0063800837728176,0.0063800837728176,0.5217931174278662,hold
2022-10-13,0,-1,0.0100708880038873,-0.0100708880038873,0.5165381973810509,hold
2022-10-14,-1,-1,0.0073375869608156,-0.0073375869608156,0.5127480534391845,hold
2022-10-17,-1,-1,0.010117285874136,-0.010117285874136,0.5075604348011336,hold
2022-10-18,0,-1,0.0014468379208691,-0.0014468379208691,0.5068260771169305,hold
2022-10-19,0,-1,0.002952174549244,-0.002952174549244,0.5053298380711727,hold
2022-10-20,-1,-1,0.0007032337856462,-0.0007032337856462,0.504974473056146,hold
2022-10-21,-1,-1,0.0087873563767617,-0.0087873563767617,0.5005370824002342,hold
2022-10-24,0,-1,-0.004196122026705,0.004196122026705,0.5026373970768765,hold
2022-10-25,-1,-1,0.0045649078749665,-0.0045649078749665,0.5003429036647076,hold
2022-10-27,0,-1,0.0028106052447454,-0.0028106052447454,0.4989366372754964,hold
2022-10-28,-1,-1,0.0126722303955641,-0.0126722303955641,0.4926139972551533,hold
2022-10-31,-1,-1,0.0073950532223929,-0.0073950532223929,0.48897109052735577,hold
2022-11-01,0,-1,-0.0034471976315451,0.0034471976315451,0.4906566705125157,hold
2022-11-02,-1,-1,-0.0016673473084335,0.0016673473084335,0.49147476559145964,hold
2022-11-03,-1,-1,0.0035701681556883,-0.0035701681556883,0.4897201180340206,hold
2022-11-04,-1,-1,0.0047275862251119,-0.0047275862251119,0.48740492394984275,hold
2022-11-07,-1,-1,-0.0025161392359563,0.0025161392359563,0.48863130260279125,hold
2022-11-09,-1,-1,-0.0070937259046097,0.0070937259046097,0.4920975191318679,hold
2022-11-10,0,-1,0.0178331732470333,-0.0178331732470333,0.483321858818754,hold
2022-11-11,0,-1,-0.0011198455015547,0.0011198455015547,0.4838631046281552,hold
2022-11-14,-1,-1,0.0040509242609507,-0.0040509242609507,0.4819030118386381,hold
2022-11-15,-1,-1,0.0003396111515991,-0.0003396111515991,0.4817393522018285,hold
2022-11-16,-1,-1,-0.0035714963948192,0.0035714963948192,0.4834598825614599,hold
2022-11-17,-1,-1,-0.0019761337135545,0.0019761337135545,0.48441526393454065,hold
2022-11-18,-1,-1,-0.0080677295405768,0.0080677295405768,0.4883233952692917,hold
2022-11-21,0,-1,0.0046393301536886,-0.0046393301536886,0.4860579018168673,hold
2022-11-22,-1,-1,0.0012634580983039,-0.0012634580983039,0.4854437880245722,hold
2022-11-23,-1,-1,0.0118709498898301,-0.0118709498898301,0.47968110914260326,hold
2022-11-24,0,-1,0.0015500019600884,-0.0015500019600884,0.4789376024832149,hold
2022-11-25,0,-1,0.0027008413120686,-0.0027008413120686,0.4776440680205251,hold
2022-11-28,0,-1,0.0029791265437502,-0.0029791265437502,0.47622110589902034,hold
2022-11-29,0,-1,0.0075356346254191,-0.0075356346254191,0.4726324776440523,hold
2022-11-30,0,-1,0.0028867353340049,-0.0028867353340049,0.47126811277083897,hold
2022-12-01,0,-1,-0.006187396179402,0.006187396179402,0.4741840352912712,hold
2022-12-02,-1,-1,0.0002648237856262,-0.0002648237856262,0.47405846007996183,hold
2022-12-05,-1,-1,-0.0031175136590962,0.0031175136590962,0.47553634380447124,hold
2022-12-06,0,-1,-0.0044119027503989,0.0044119027503989,0.47763436390761677,hold
2022-12-07,0,-1,0.0026319123609277,-0.0026319123609277,0.4763772721212444,hold
2022-12-08,-1,-1,-0.0060587824059793,0.0060587824059793,0.479263538356181,hold
2022-12-09,0,-1,2.977743269738653e-05,-2.977743269738653e-05,0.4792492671184233,hold
2022-12-12,1,1,0.0059927938646799,0.0059927938646799,0.4816420599189446,flip
2022-12-13,1,1,0.0028106610731943,0.0028106610731943,0.4829957925079719,hold
2022-12-14,-1,-1,-0.0131509343553336,0.0131509343553336,0.48886464267663865,flip
2022-12-15,0,-1,-0.0079229530179417,0.0079229530179417,0.4927378942726985,hold
2022-12-16,0,-1,0.0082899566889265,-0.0082899566889265,0.48865311847018494,hold
2022-12-19,1,1,-0.0019081205394395,-0.0019081205394395,0.4872320562997007,flip
2022-12-20,1,1,-0.0101277196435586,-0.0101277196435586,0.4822975066321427,hold
2022-12-21,0,1,-0.0039425027358517,-0.0039425027358517,0.48039604739275105,hold
2022-12-22,0,1,-0.0176831602541178,-0.0176831602541178,0.47190112710126025,hold
2022-12-23,0,1,0.0116696328935068,0.0116696328935068,0.47740804001656406,hold
2022-12-26,-1,-1,0.0065336546149905,-0.0065336546149905,0.47381141273265975,flip
2022-12-27,-1,-1,-0.0005405150382313,0.0005405150382313,0.47406751492652743,hold
2022-12-28,-1,-1,0.0037798317009243,-0.0037798317009243,0.4722756195052297,hold
2022-12-29,-1,-1,-0.0047110779368918,0.0047110779368918,0.4745005467564127,hold
2022-12-30,1,1,0.0050895833553579,0.0050895833553579,0.476441056294536,flip
2023-01-02,0,1,0.0019289276248581,0.0019289276248581,0.47736007660963914,hold
2023-01-03,-1,-1,-0.0103990694870288,0.0103990694870288,0.4818468171400266,flip
2023-01-04,0,-1,-0.0028154392892826,0.0028154392892826,0.48320342760041834,hold
2023-01-05,1,1,-0.0073755037054461,-0.0073755037054461,0.47915635550206676,flip
2023-01-06,0,1,0.0135362517084902,0.0135362517084902,0.4856423365378656,hold
2023-01-09,0,1,-0.0103335047509585,-0.0103335047509585,0.48062394914598494,hold
2023-01-10,0,1,-0.0010299775022909,-0.0010299775022909,0.48012891729130236,hold
2023-01-11,-1,-1,-0.0020954755408891,0.0020954755408891,0.48065488677666857,flip
2023-01-12,-1,-1,0.0055100959183882,-0.0055100959183882,0.4780064322468871,hold
2023-01-13,0,-1,-0.0034388470725693,0.0034388470725693,0.47965022326708856,hold
2023-01-16,1,1,0.0088545685118242,0.0088545685118242,0.48341766880745174,flip
2023-01-17,1,1,0.00620655632356,0.00620655632356,0.4864180277967093,hold
2023-01-18,0,1,-0.003165367099256,-0.003165367099256,0.4848783361750366,hold
2023-01-19,1,1,-0.0044289753051891,-0.0044289753051891,0.4827308219980962,hold
2023-01-20,1,1,0.0050422760956287,0.0050422760956287,0.48516488408248043,hold
2023-01-23,0,1,-1.3798013043020418e-05,-1.3798013043020418e-05,0.4851581897710818,hold
2023-01-24,1,1,-0.0124929796250122,-0.0124929796250122,0.47909711839136393,hold
2023-01-25,0,1,-0.0160742469061787,-0.0160742469061787,0.47139599301830243,hold
2023-01-27,0,1,0.0025334426073457,0.0025334426073457,0.4725902477119471,hold
2023-01-30,-1,-1,0.0007479862801675,-0.0007479862801675,0.47176416644280567,flip
2023-01-31,-1,-1,-0.0025959245256645,0.0025959245256645,0.4729888306128043,hold
2023-02-01,0,-1,-0.0003349392530399,0.0003349392530399,0.4731472531384259,hold
2023-02-02,-1,-1,0.0138355963078902,-0.0138355963078902,0.46660097874981554,hold
2023-02-03,0,-1,-0.0050101331608701,0.0050101331608701,0.46893871178634444,hold
2023-02-06,0,-1,-0.0024261514654264,0.0024261514654264,0.4700764281291401,hold
2023-02-07,-1,-1,0.0084755364246817,-0.0084755364246817,0.46609227824014726,hold
2023-02-08,0,-1,0.0012170079483646,-0.0012170079483646,0.4655250402328577,hold
2023-02-09,0,-1,-0.0020649578680046,0.0020649578680046,0.46648632982743965,hold
2023-02-10,1,1,-0.0047937507000251,-0.0047937507000251,0.4637836243274498,flip
2023-02-13,1,1,0.0089443537049958,0.0089443537049958,0.4679318691060194,hold
2023-02-14,0,1,0.0047964707944361,0.0047964707944361,0.47017629064997235,hold
2023-02-15,0,1,0.0011101336008929,0.0011101336008929,0.4706982491485661,hold
2023-02-16,0,1,-0.0050815676893513,-0.0050815676893513,0.4683063641342585,hold
2023-02-17,0,1,-0.0055505184801407,-0.0055505184801407,0.46570702100576383,hold
2023-02-20,0,1,-0.001003126492992,-0.001003126492992,0.4652398579550206,hold
2023-02-21,-1,-1,-0.0152803631315826,0.0152803631315826,0.47188365206990424,flip
2023-02-22,0,-1,-0.0024524349779846,0.0024524349779846,0.4730409160437796,hold
2023-02-23,-1,-1,-0.002595429723749,0.002595429723749,0.47426866049782906,hold
2023-02-24,1,1,-0.0041854114458053,-0.0041854114458053,0.47180938235729686,flip
2023-02-27,0,1,-0.0051027157362857,-0.0051027157362857,0.46940187319741505,hold
2023-02-28,0,1,0.008492348770636,0.008492348770636,0.4733881976181974,hold
2023-03-01,1,1,-0.0073921687198044,-0.0073921687198044,0.46988883219143956,hold
2023-03-02,1,1,0.0157285986298278,0.0157285986298278,0.47727952503361726,hold
2023-03-03,1,1,0.0066555236183669,0.0066555236183669,0.48045607018504144,hold
2023-03-06,0,1,0.0024250512391459,0.0024250512391459,0.48162120077339887,hold
2023-03-08,-1,-1,-0.0092822498999752,0.0092822498999752,0.4856101079153303,flip
2023-03-09,0,-1,-0.010045664635585,0.010045664635585,0.49048838420309804,hold
2023-03-10,0,-1,-0.0148510359316261,0.0148510359316261,0.49777264482094347,hold
2023-03-13,0,-1,-0.0064706805258611,0.0064706805258611,0.5009935725800928,hold
2023-03-14,0,-1,-0.0041746837386849,0.0041746837386849,0.5030850623007286,hold
2023-03-15,1,1,0.0007924286811309,0.0007924286811309,0.5029806362708434,flip
2023-03-16,-1,-1,0.0067381296219788,-0.0067381296219788,0.49908850691003426,flip
2023-03-17,-1,-1,-0.0065292432199922,0.0065292432199922,0.5023471771599526,hold
2023-03-20,-1,-1,0.007010642946744,-0.007010642946744,0.4988254004655794,hold
2023-03-21,-1,-1,0.0025953757489405,-0.0025953757489405,0.49753076111825545,hold
2023-03-22,-1,-1,-0.0043726933046436,0.0043726933046436,0.4997063105462514,hold
2023-03-23,0,-1,-0.0077209333285906,0.0077209333285906,0.503564509653855,hold
2023-03-24,-1,-1,0.0023988383407489,-0.0023988383407489,0.5023565398010569,hold
2023-03-27,-1,-1,-0.0020016838613549,0.0020016838613549,0.5033620987794227,hold
2023-03-28,-1,-1,0.0076098565893214,-0.0076098565893214,0.4995315853952115,hold
2023-03-29,0,-1,0.0163371989446239,-0.0163371989446239,0.4913706385054865,hold
2023-03-31,1,1,0.0022062979737611,0.0022062979737611,0.49196337791108147,flip
2023-04-03,-1,-1,0.0091389548173612,-0.0091389548173612,0.4869753834506446,flip
2023-04-05,0,-1,0.0023978747854371,-0.0023978747854371,0.4858076774575398,hold
2023-04-06,-1,-1,0.001414863221935,-0.001414863221935,0.48512032604177147,hold
2023-04-10,-1,-1,0.0055747683219642,-0.0055747683219642,0.48241589261581286,hold
2023-04-11,0,-1,0.0050839679614469,-0.0050839679614469,0.47996330567366124,hold
2023-04-12,0,-1,0.0008757724412713,-0.0008757724412713,0.47954296703773075,hold
2023-04-13,-1,-1,-0.0067955121508301,0.0067955121508301,0.48280170709708076,hold
2023-04-17,-1,-1,-0.0026373533282438,0.0026373533282438,0.484075025786175,hold
2023-04-18,-1,-1,-0.0023442830162407,0.0023442830162407,0.48520983464771184,hold
2023-04-19,-1,-1,0.0003234746363958,-0.0003234746363958,0.4850528815728735,hold
2023-04-20,-1,-1,-2.260708945023282e-05,2.260708945023282e-05,0.4850638472067553,hold
2023-04-21,-1,-1,0.0067719737565652,-0.0067719737565652,0.4817790075632126,hold
2023-04-24,-1,-1,0.0014568576938982,-0.0014568576938982,0.4810771241092855,hold
2023-04-25,-1,-1,0.0024958627615121,-0.0024958627615121,0.47987642162980576,hold
2023-04-26,-1,-1,0.0056951528101938,-0.0056951528101938,0.477143452078615,hold
2023-04-27,-1,-1,0.0083700136036979,-0.0083700136036979,0.4731497548938016,hold
2023-04-28,0,-1,0.0045751669319125,-0.0045751669319125,0.470985015781369,hold
2023-05-02,0,-1,-0.0031850283648763,0.0031850283648763,0.47248511641606433,hold
2023-05-03,0,-1,0.0091737176073036,-0.0091737176073036,0.4681506713844094,hold
2023-05-04,0,-1,-0.0102324068655403,0.0102324068655403,0.4729409795283906,hold
2023-05-05,0,-1,0.0108141231183243,-0.0108141231183243,0.4678265375480697,hold
2023-05-08,0,-1,8.480038171931881e-05,-8.480038171931881e-05,0.4677868656791072,hold
2023-05-09,-1,-1,0.0026908205008338,-0.0026908205008338,0.46652813519091707,hold
2023-05-10,-1,-1,-0.0009882342854272,0.0009882342854272,0.4669891742892292,hold
2023-05-11,-1,-1,0.0009728797753729,-0.0009728797753729,0.4665348499662451,hold
2023-05-12,-1,-1,0.0045891205221868,-0.0045891205221868,0.46439386531194965,hold
2023-05-15,0,-1,-0.0061063388070606,0.0061063388070606,0.4672296115934649,hold
2023-05-16,0,-1,-0.0057282694884204,0.0057282694884204,0.4699060287216422,hold
2023-05-17,0,-1,-0.0028490536527011,0.0028490536527011,0.47124481620919784,hold
2023-05-18,-1,-1,0.0040513721791914,-0.0040513721791914,0.46933562807121976,hold
2023-05-19,-1,-1,0.0060977618257063,-0.0060977618257063,0.4664737311949232,hold
2023-05-22,0,-1,0.0018346005688616,-0.0018346005688616,0.46561793822231395,hold
2023-05-23,-1,-1,-0.0034117947119577,0.0034117947119577,0.46720653104173343,hold
2023-05-24,-1,-1,0.0019551116867164,-0.0019551116867164,0.4662930900927835,hold
2023-05-25,0,-1,0.0097264208278746,-0.0097264208278746,0.4617577272694111,hold
2023-05-26,0,-1,0.0053677985089635,-0.0053677985089635,0.459279104829472,hold
2023-05-29,0,-1,0.0018925684396833,-0.0018925684396833,0.4584098876906657,hold
2023-05-30,-1,-1,-0.0053370195013254,0.0053370195013254,0.46085643020087114,hold
2023-05-31,0,-1,-0.0025169624936233,0.0025169624936233,0.4620163885506318,hold
2023-06-01,-1,-1,0.0025070443604549,-0.0025070443604549,0.4608580929692782,hold
2023-06-02,-1,-1,0.0032237875731377,-0.0032237875731377,0.45937238437618394,hold
2023-06-05,-1,-1,0.0002769943144211,-0.0002769943144211,0.45924514083750967,hold
2023-06-06,-1,-1,0.0068498516385289,-0.0068498516385289,0.4560993797570574,hold
2023-06-07,0,-1,-0.0049048192636628,0.0049048192636628,0.4583364647810344,hold
2023-06-08,0,-1,-0.0038181972541345,0.0038181972541345,0.460086483812331,hold
2023-06-09,0,-1,0.0020524046550352,-0.0020524046550352,0.4591422001712358,hold
2023-06-12,-1,-1,0.0061635024393194,-0.0061635024393194,0.4563122761004859,hold
2023-06-13,0,-1,0.0021238341844009,-0.0021238341844009,0.45534314448974195,hold
2023-06-14,-1,-1,-0.0036149041015322,0.0036149041015322,0.45698916629036246,hold
2023-06-15,0,-1,0.007379048352023,-0.007379048352023,0.4536170211359552,hold
2023-06-16,0,-1,-0.0037475183921172,0.0037475183921172,0.4553169592656396,hold
2023-06-19,0,-1,0.0032657175674986,-0.0032657175674986,0.4538300226729857,hold
2023-06-20,0,-1,0.002133763746672,-0.002133763746672,0.4528616566234548,hold
2023-06-21,-1,-1,-0.0045394438174043,0.0045394438174043,0.4549173966707536,hold
2023-06-22,0,-1,-0.0056336152360657,0.0056336152360657,0.4574802262477893,hold
2023-06-23,0,-1,0.0013768299134766,-0.0013768299134766,0.45685035378746724,hold
2023-06-26,0,-1,0.0067519034171119,-0.0067519034171119,0.4537657443226209,hold
2023-06-27,1,1,0.0082210728123248,0.0082210728123248,0.4570424198021134,flip
2023-06-28,0,1,0.0114352747635688,0.0114352747635688,0.46226882545115694,hold
2023-06-30,0,1,0.0069570924336936,0.0069570924336936,0.46548487239903563,hold
2023-07-03,0,1,0.0034389465191355,0.0034389465191355,0.4670856499806826,hold
2023-07-04,-1,-1,0.0004899685388621,-0.0004899685388621,0.4663897070572574,flip
2023-07-05,-1,-1,0.0050932175812563,-0.0050932175812563,0.46401428280155643,hold
2023-07-06,-1,-1,-0.0084883544577184,0.0084883544577184,0.46795300050742,hold
2023-07-07,-1,-1,0.0012466303397029,-0.0012466303397029,0.4673696360994325,hold
2023-07-10,-1,-1,0.0043139300324381,-0.0043139300324381,0.4653534361900135,hold
2023-07-11,-1,-1,-0.0028344294714754,0.0028344294714754,0.4666724476842029,hold
2023-07-12,-1,-1,0.0015192303855748,-0.0015192303855748,0.4659634647215705,hold
2023-07-13,-1,-1,0.0077651149314275,-0.0077651149314275,0.46234520486416136,hold
2023-07-14,-1,-1,0.0075110132510414,-0.0075110132510414,0.4588725239038712,hold
2023-07-17,0,-1,0.0019177068530324,-0.0019177068530324,0.45799254092011243,hold
2023-07-18,-1,-1,0.0042482823714824,-0.0042482823714824,0.4560468592822511,hold
2023-07-19,-1,-1,0.0073614124394989,-0.0073614124394989,0.4526897102593363,hold
2023-07-20,-1,-1,-0.011719737128305,0.011719737128305,0.4579951146642643,hold
2023-07-21,-1,-1,-0.0036794322929856,0.0036794322929856,0.45968027667918965,hold
2023-07-24,-1,-1,0.0004193703428323,-0.0004193703428323,0.4594875004039654,hold
2023-07-25,-1,-1,0.0049643391875346,-0.0049643391875346,0.4572064485995277,hold
2023-07-26,0,-1,-0.0059863783008722,0.0059863783008722,0.45994345936244274,hold
2023-07-27,0,-1,-0.0007044597937843,0.0007044597937843,0.46026747103697757,hold
2023-07-28,-1,-1,0.0054845628365591,-0.0054845628365591,0.45774310517045114,hold
2023-07-31,0,-1,-0.0010251191770254,0.0010251191770254,0.4582123464057125,hold
2023-08-01,-1,-1,-0.0104897492749598,0.0104897492749598,0.46301887903419947,hold
2023-08-02,0,-1,-0.0074206854169113,0.0074206854169113,0.46645479647760313,hold
2023-08-03,0,-1,0.0069833892701145,-0.0069833892701145,0.46319736105688797,hold
2023-08-04,1,1,0.0041144018676027,0.0041144018676027,0.46463994378323226,flip
2023-08-07,1,1,-0.0013497354646058,-0.0013497354646058,0.4640128027728356,hold
2023-08-08,-1,-1,0.0031527078847637,-0.0031527078847637,0.4620858931481295,flip
2023-08-09,-1,-1,-0.0045562684580157,0.0045562684580157,0.46419128052797426,hold
2023-08-10,0,-1,-0.0058741361615907,0.0058741361615907,0.4669180033148187,hold
2023-08-11,1,1,0.0003216956578122,0.0003216956578122,0.4666012908057246,flip
2023-08-14,-1,-1,0.0015667570139761,-0.0015667570139761,0.4654036386698187,flip
2023-08-16,1,1,-0.0051245825841254,-0.0051245825841254,0.46255323564983297,flip
2023-08-17,0,1,-0.0028452826260957,-0.0028452826260957,0.4612371409647941,hold
2023-08-18,1,1,0.0043215209131937,0.0043215209131937,0.4632303869154152,hold
2023-08-21,1,1,0.0001469355577301,0.0001469355577301,0.46329845193067415,hold
2023-08-22,1,1,0.0024515199000461,0.0024515199000461,0.46443423730524275,hold
2023-08-23,-1,-1,-0.0029469646806212,0.0029469646806212,0.4653384743617474,flip
2023-08-24,-1,-1,-0.0062361537740819,0.0062361537740819,0.4682403966448639,hold
2023-08-25,0,-1,0.0020891942389009,-0.0020891942389009,0.46726215150577277,hold
2023-08-28,0,-1,0.001895758474361,-0.001895758474361,0.46637633532230754,hold
2023-08-29,1,1,0.0002480956863764,0.0002480956863764,0.4660256649440067,flip
2023-08-30,1,1,-0.0048403506033882,-0.0048403506033882,0.4637699373355006,hold
2023-08-31,1,1,0.0094267101889176,0.0094267101889176,0.46814176212909486,hold
2023-09-01,0,1,0.0048108337016425,0.0048108337016425,0.4703939142954919,hold
2023-09-04,0,1,0.0023605960187407,0.0023605960187407,0.47150432429681766,hold
2023-09-05,1,1,0.0018467726478093,0.0018467726478093,0.47237508558625285,hold
2023-09-06,0,1,0.0059150323607803,0.0059150323607803,0.47516919950392195,hold
2023-09-07,0,1,0.004709190366575,0.004709190366575,0.477406861720719,hold
2023-09-08,0,1,0.0089001434200508,0.0089001434200508,0.4816558512597498,hold
2023-09-11,0,1,-0.0001575482868895,-0.0001575482868895,0.4815799672055135,hold
2023-09-12,0,1,0.0038413452699443,0.0038413452699443,0.4834298821346384,hold
2023-09-13,0,1,0.0016492082399102,0.0016492082399102,0.48422715867967364,hold
2023-09-14,-1,-1,0.0044396138771742,-0.0044396138771742,0.4815931499076151,flip
2023-09-15,0,-1,-0.0029243168460981,0.0029243168460981,0.4830014808688554,hold
2023-09-18,-1,-1,-0.011518249945432,0.011518249945432,0.48856481264951673,hold
2023-09-20,0,-1,-0.0079919391664983,0.0079919391664983,0.49246939291110325,hold
2023-09-21,-1,-1,-0.0034494176591149,0.0034494176591149,0.4941681255315844,hold
2023-09-22,-1,-1,1.5288066889551644e-05,-1.5288066889551644e-05,0.4941605706562266,hold
2023-09-25,-1,-1,-0.0005007261720755,0.0005007261720755,0.49440800978716193,hold
2023-09-26,-1,-1,0.0026316191986632,-0.0026316191986632,0.49310691617663316,hold
2023-09-27,-1,-1,-0.0097836296667737,0.0097836296667737,0.49793129163063016,hold
2023-09-28,0,-1,0.0058775169171687,-0.0058775169171687,0.4950046920404835,hold
2023-09-29,0,-1,-0.0055784246544688,0.0055784246544688,0.4977660384186398,hold
2023-10-03,-1,-1,-0.0047443072713306,0.0047443072713306,0.5001275934541308,hold
2023-10-04,1,1,0.0056415841052857,0.0056415841052857,0.5024489777425224,flip
2023-10-05,-1,-1,0.0055127073660514,-0.0055127073660514,0.4991766745841137,flip
2023-10-06,0,-1,-0.0071819467588469,0.0071819467588469,0.502761734884235,hold
2023-10-09,0,-1,0.0090968029762401,-0.0090968029762401,0.4981882104380005,hold
2023-10-10,0,-1,0.0061706921287072,-0.0061706921287072,0.49511404436923595,hold
2023-10-11,0,-1,-0.0008757409120068,0.0008757409120068,0.49554763599399926,hold
2023-10-12,-1,-1,-0.002169809980297,0.002169809980297,0.4966228802002916,hold
2023-10-13,-1,-1,-0.0009772027556287,0.0009772027556287,0.4971081814473316,hold
2023-10-16,-1,-1,0.0040417094276989,-0.0040417094276989,0.4950990146237897,hold
2023-10-17,0,-1,-0.0070868127413371,0.0070868127413371,0.49860768862884897,hold
2023-10-18,0,-1,-0.0023588102112444,0.0023588102112444,0.49978380953619167,hold
2023-10-19,-1,-1,-0.0041808960845935,0.0041808960845935,0.5018733537086247,hold
2023-10-20,1,1,-0.0133503074255556,-0.0133503074255556,0.49467131679421134,flip
2023-10-23,0,1,-0.008277236732921,-0.008277236732921,0.49057680520011987,hold
2023-10-25,0,1,-0.0138530649123475,-0.0138530649123475,0.4837808128731906,hold
2023-10-26,0,1,0.0100757003274603,0.0100757003274603,0.488655243367876,hold
2023-10-27,-1,-1,0.0049167407696648,-0.0049167407696648,0.48576399696713085,flip
2023-10-30,-1,-1,-0.0032026069828995,0.0032026069828995,0.4873197081358589,hold
2023-10-31,1,1,-0.0047406245729368,-0.0047406245729368,0.4845221886444578,flip
2023-11-01,-1,-1,0.0075885232572669,-0.0075885232572669,0.480360858558623,flip
2023-11-02,-1,-1,0.0050879808383312,-0.0050879808383312,0.4779167917147924,hold
2023-11-03,-1,-1,0.0094199033989916,-0.0094199033989916,0.4734148617040831,hold
2023-11-06,0,-1,-0.0002601919584787,0.0002601919584787,0.47353804044412273,hold
2023-11-07,-1,-1,0.0018962926582819,-0.0018962926582819,0.4726400737346113,hold
2023-11-08,-1,-1,-0.002478937369815,0.002478937369815,0.4738117188758642,hold
2023-11-09,1,1,0.0015492839458333,0.0015492839458333,0.47407197604639045,flip
2023-11-10,-1,-1,0.0009369804014345,-0.0009369804014345,0.47315370791991923,flip
2023-11-13,-1,-1,0.0119267535086042,-0.0119267535086042,0.46751052027387624,hold
2023-11-15,0,-1,0.0045615222809993,-0.0045615222809993,0.4653779606190454,hold
2023-11-16,0,-1,-0.0016897597201204,0.0016897597201204,0.46616433755153125,hold
2023-11-17,1,1,-0.0019157289123818,-0.0019157289123818,0.46480512871461094,flip
2023-11-20,0,1,0.004539473475424,0.004539473475424,0.46691509926765196,hold
2023-11-21,0,1,0.0014380348265852,0.0014380348265852,0.46758653944145734,hold
2023-11-22,-1,-1,-0.0004971574875239,0.0004971574875239,0.46735141705116456,flip
2023-11-23,-1,-1,-0.0003686890844358,0.0003686890844358,0.46752372441722695,hold
2023-11-24,-1,-1,0.0047992646389904,-0.0047992646389904,0.46527995433874225,hold
2023-11-28,-1,-1,0.0104023891135545,-0.0104023891135545,0.4604399312069738,hold
2023-11-29,-1,-1,0.0018187545137213,-0.0018187545137213,0.4596025040037936,hold
2023-11-30,-1,-1,0.0066929416105065,-0.0066929416105065,0.4565264112804536,hold
2023-12-01,0,-1,0.0206681690037693,-0.0206681690037693,0.4470908462574249,hold
2023-12-04,-1,-1,0.0081355657602475,-0.0081355657602475,0.4434535092768929,hold
2023-12-05,-1,-1,0.0039606432442005,-0.0039606432442005,0.4416971481312584,hold
2023-12-06,-1,-1,-0.001745599062397,0.001745599062397,0.44246817425889967,hold
2023-12-07,-1,-1,0.0032653705047074,-0.0032653705047074,0.4410233517334029,hold
2023-12-08,-1,-1,0.0013209351833629,-0.0013209351833629,0.44044078847141366,hold
2023-12-11,-1,-1,-0.0043196070141755,0.0043196070141755,0.4423433195906238,hold
2023-12-12,-1,-1,0.0009542158562574,-0.0009542158562574,0.44192122858116084,hold
2023-12-13,-1,-1,0.0122500872899569,-0.0122500872899569,0.4365076549557566,hold
2023-12-14,-1,-1,0.0129327792008919,-0.0129327792008919,0.4308623978347147,hold
2023-12-15,-1,-1,-0.0017710126840955,0.0017710126840955,0.4316254606063798,hold
2023-12-18,-1,-1,0.0016083748565725,-0.0016083748565725,0.43093124506808395,hold
2023-12-19,-1,-1,-0.0141214660942333,0.0141214660942333,0.4370166260342586,hold
2023-12-20,-1,-1,0.0049597940765233,-0.0049597940765233,0.4348491135611117,hold
2023-12-21,-1,-1,0.0044389265566107,-0.0044389265566107,0.4329188502828067,hold
2023-12-22,-1,-1,0.0043068759341071,-0.0043068759341071,0.4310543225051024,hold
2023-12-26,-1,-1,0.0099527499207277,-0.0099527499207277,0.4267641466309604,hold
2023-12-27,-1,-1,0.0057238813077962,-0.0057238813077962,0.42432139930922186,hold
2023-12-28,-1,-1,-0.0021717930740454,0.0021717930740454,0.42524293758541093,hold
2023-12-29,-1,-1,0.0004831718072126,-0.0004831718072126,0.4250374721867534,hold
2024-01-01,-1,-1,-0.003500136051024,0.003500136051024,0.42652516116619044,hold
2024-01-02,-1,-1,-0.0068518663756694,0.0068518663756694,0.429447654576362,hold
2024-01-03,-1,-1,0.0065644701863494,-0.0065644701863494,0.4266285582512978,hold
2024-01-04,-1,-1,0.0024101822286055,-0.0024101822286055,0.425600305681985,hold
2024-01-05,-1,-1,-0.009110708685643,0.009110708685643,0.42947782608357415,hold
2024-01-08,0,-1,0.0014804820050666,-0.0014804820050666,0.42884199189048233,hold
2024-01-09,-1,-1,0.0034277152411805,-0.0034277152411805,0.42737204365882114,hold
2024-01-10,-1,-1,0.0013183031833516,-0.0013183031833516,0.4268086377331903,hold
2024-01-11,-1,-1,0.0114264926377058,-0.0114264926377058,0.42193171197642276,hold
2024-01-12,0,-1,0.0092670746948486,-0.0092670746948486,0.4180216392854119,hold
2024-01-15,0,-1,-0.0029482333845447,0.0029482333845447,0.4192540646378153,hold
2024-01-16,1,1,-0.0208943935120824,-0.0208943935120824,0.4100747511650949,flip
2024-01-17,0,1,-0.0050852715087356,-0.0050852715087356,0.4079894097165432,hold
2024-01-18,-1,-1,0.0074619571864553,-0.0074619571864553,0.4045370207989946,flip
2024-01-19,0,-1,-0.0177408429427344,0.0177408429427344,0.41171384854951126,hold
2024-01-23,0,-1,0.0101299710711508,-0.0101299710711508,0.4075431991741126,hold
2024-01-24,0,-1,-0.0047240537554001,0.0047240537554001,0.4094684551546588,hold
2024-01-25,0,-1,0.0180305914522447,-0.0180305914522447,0.40208549672718336,hold
2024-01-29,0,-1,-0.0099136981024832,0.0099136981024832,0.40607165095312364,hold
2024-01-30,0,-1,0.0094600254190029,-0.0094600254190029,0.4022302028131706,hold
2024-01-31,0,-1,-0.0013003033741542,0.0013003033741542,0.4027532241030753,hold
2024-02-01,-1,-1,0.0072059881750932,-0.0072059881750932,0.3998509891327079,hold
2024-02-02,0,-1,-0.0037568550808078,0.0037568550808078,0.40135317135279713,hold
2024-02-05,-1,-1,0.0072434021015312,-0.0072434021015312,0.39844600894796406,hold
2024-02-06,0,-1,5.014315737827957e-05,-5.014315737827957e-05,0.3984260296070306,hold
2024-02-07,-1,-1,-0.0096920171108729,0.0096920171108729,0.4022875815033991,hold
2024-02-08,0,-1,0.0029722318898448,-0.0029722318898448,0.4010918895247662,hold
2024-02-09,-1,-1,-0.0076414194307357,0.0076414194307357,0.40415680088289124,hold
2024-02-12,-1,-1,0.0058844800115076,-0.0058844800115076,0.401778548266581,hold
2024-02-13,-1,-1,0.0044519922849619,-0.0044519922849619,0.399989833269435,hold
2024-02-14,0,-1,0.0032371361888359,-0.0032371361888359,0.39869501170499205,hold
2024-02-15,0,-1,0.0059308430222606,-0.0059308430222606,0.3963304141768114,hold
2024-02-16,0,-1,0.0037000088082788,-0.0037000088082788,0.39486398815336843,hold
2024-02-19,-1,-1,0.003376655573009,-0.003376655573009,0.39353066846718976,hold
2024-02-20,0,-1,-0.00639270001033,0.00639270001033,0.3960463919755652,hold
2024-02-21,-1,-1,0.0073633218581414,-0.0073633218581414,0.39313017492069346,hold
2024-02-22,0,-1,-0.0002137959201901,0.0002137959201901,0.3932142245481951,hold
2024-02-23,-1,-1,-0.0040809285088362,0.0040809285088362,0.3948189036872337,hold
2024-02-26,0,-1,0.0034489943486464,-0.0034489943486464,0.3934571755196777,hold
2024-02-27,-1,-1,-0.0111359278099485,0.0111359278099485,0.39783868622257107,hold
2024-02-28,0,-1,0.0014418556686905,-0.0014418556686905,0.39726506025761665,hold
2024-02-29,-1,-1,0.0161921687000685,-0.0161921687000685,0.3908324773832825,hold
2024-03-01,0,-1,0.0029925402887358,-0.0029925402887358,0.3896628954485666,hold
2024-03-04,-1,-1,-0.0022002905070378,0.0022002905070378,0.3905202670183669,hold
2024-03-05,-1,-1,0.0052669715420341,-0.0052669715420341,0.3884634078853936,hold
2024-03-06,0,-1,0.000867667346212,-0.000867667346212,0.3881263508711732,hold
2024-03-07,0,-1,-0.0071531788017711,0.0071531788017711,0.39090268805663364,hold
2024-03-11,0,-1,0.000136518866846,-0.000136518866846,0.3908493224646131,hold
2024-03-12,-1,-1,-0.0151327252704165,0.0151327252704165,0.39676393788359854,hold
2024-03-13,0,-1,0.0067712159528048,-0.0067712159528048,0.39407736357790346,hold
2024-03-14,0,-1,-0.0055674686273187,0.0055674686273187,0.3962713769363599,hold
2024-03-15,0,-1,0.0014688778023679,-0.0014688778023679,0.3956893027070643,hold
2024-03-18,0,-1,-0.0108021966402886,0.0108021966402886,0.39996361636336475,hold
2024-03-19,0,-1,0.0009923428906801,-0.0009923428906801,0.3995667153121359,hold
2024-03-20,-1,-1,0.0079146856998078,-0.0079146856998078,0.39640427034433573,hold
2024-03-21,-1,-1,0.0038524885010076,-0.0038524885010076,0.3948771274510839,hold
2024-03-22,-1,-1,-0.0041658063402989,0.0041658063402989,0.39652210909225866,hold
2024-03-26,1,1,0.0054057167831516,0.0054057167831516,0.3982690732031771,flip
2024-03-27,0,1,0.0091870010785439,0.0091870010785439,0.4019279716082454,hold
2024-03-28,0,1,0.0060509791780918,0.0060509791780918,0.40436002939553956,hold
2024-04-01,0,1,-0.0003872860275131,-0.0003872860275131,0.4042034264060699,hold
2024-04-02,0,1,-0.0008306302403686,-0.0008306302403686,0.4038676828168364,hold
2024-04-03,-1,-1,0.0035659124883635,-0.0035659124883635,0.4020236583202166,flip
2024-04-04,-1,-1,-4.224679746289706e-05,4.224679746289706e-05,0.402040642532285,hold
2024-04-05,-1,-1,0.0067781647528144,-0.0067781647528144,0.3993155448198738,hold
2024-04-08,0,-1,-0.0010390218270411,0.0010390218270411,0.39973044238681843,hold
2024-04-09,-1,-1,0.0049044741142307,-0.0049044741142307,0.3977699747794623,hold
2024-04-10,0,-1,-0.0103015928142499,0.0103015928142499,0.40186763909337475,hold
2024-04-12,0,-1,-0.010963897188301,0.010963897188301,0.40627367457169977,hold
2024-04-15,0,-1,-0.005594325260972,0.005594325260972,0.40854650165222417,hold
2024-04-16,-1,-1,-0.0068652458503182,0.0068652458503182,0.41135127382735415,hold
2024-04-18,1,1,0.0068717686886063,0.0068717686886063,0.413766633357032,flip
2024-04-19,-1,-1,0.0085519659829773,-0.0085519659829773,0.4098143485503146,flip
2024-04-22,0,-1,0.0014147135985376,-0.0014147135985376,0.4092345786185447,hold
2024-04-23,-1,-1,0.0015379287654238,-0.0015379287654238,0.4086052049882811,hold
2024-04-24,-1,-1,0.0074969296067168,-0.0074969296067168,0.4055419205295459,hold
2024-04-25,0,-1,-0.0066636269808832,0.0066636269808832,0.4082443006130658,hold
2024-04-26,0,-1,0.0099666225688024,-0.0099666225688024,0.40417548375299067,hold
2024-04-29,0,-1,-0.0017025173156396,0.0017025173156396,0.4048635995126371,hold
2024-04-30,-1,-1,0.001917712797214,-0.001917712797214,0.4040871874067256,hold
2024-05-02,-1,-1,-0.0076098592965534,0.0076098592965534,0.4071622340464308,hold
2024-05-03,0,-1,-0.0014749338156797,0.0014749338156797,0.40776277139389355,hold
2024-05-06,-1,-1,-0.006246985595782,0.006246985595782,0.41031005955328737,hold
2024-05-07,0,-1,0.0,-0.0,0.41031005955328737,hold
2024-05-08,-1,-1,-0.0154691178119045,0.0154691178119045,0.41665719420392666,hold
2024-05-09,0,-1,0.004449469144939,-0.004449469144939,0.4148032908742994,hold
2024-05-10,-1,-1,0.0022149680905385,-0.0022149680905385,0.4138845148211625,hold
2024-05-13,-1,-1,0.0051483245877055,-0.0051483245877055,0.4117537029970381,hold
2024-05-14,0,-1,-0.0007786004689536,0.0007786004689536,0.412074294623285,hold
2024-05-15,-1,-1,0.0091573776762647,-0.0091573776762647,0.4083007746767392,hold
2024-05-16,0,-1,0.002778540343975,-0.002778540343975,0.4071662945018236,hold
2024-05-17,0,-1,0.0028020516676037,-0.0028020516676037,0.40602539350732275,hold
2024-05-21,0,-1,0.00305161547495,-0.00305161547495,0.4047863601332731,hold
2024-05-22,0,-1,0.016366619608483,-0.016366619608483,0.39816137575426946,hold
2024-05-23,0,-1,-0.0004593757337192,0.0004593757337192,0.39834428142839523,hold
2024-05-24,-1,-1,-0.0010737589261899,0.0010737589261899,0.3987720071562757,hold
2024-05-27,-1,-1,-0.0019317094176221,0.0019317094176221,0.3995423187979835,hold
2024-05-28,-1,-1,-0.008015115627261,0.008015115627261,0.40274469668113333,hold
2024-05-29,-1,-1,-0.0095155996581792,0.0095155996581792,0.40657705397920585,hold
2024-05-30,0,-1,0.0018697799732139,-0.0018697799732139,0.4058168443461072,hold
2024-05-31,-1,-1,0.0325423176953527,-0.0325423176953527,0.3926106236712707,hold
2024-06-03,-1,-1,-0.0592935994164107,0.0592935994164107,0.41588992071786224,hold
2024-06-04,0,-1,0.0336242367600356,-0.0336242367600356,0.4019059395575324,hold
2024-06-05,0,-1,0.0088880492442378,-0.0088880492442378,0.3983337797751934,hold
2024-06-06,0,-1,0.0205399314668071,-0.0205399314668071,0.3901520312376967,hold
2024-06-07,-1,-1,-0.0013289382574128,0.0013289382574128,0.3906705191982158,hold
2024-06-10,-1,-1,0.0002429314342191,-0.0002429314342191,0.3905756130486799,hold
2024-06-11,-1,-1,0.0024973129141392,-0.0024973129141392,0.38960022352626555,hold
2024-06-12,-1,-1,0.003256499474515,-0.003256499474515,0.38833149060308136,hold
2024-06-13,-1,-1,0.0028505279152657,-0.0028505279152657,0.38722454084874053,hold
2024-06-14,-1,-1,0.0039334507869606,-0.0039334507869606,0.3857014121738086,hold
2024-06-18,-1,-1,-0.0017786131162043,0.0017786131162043,0.38638742576443946,hold
2024-06-19,-1,-1,0.0021687361796223,-0.0021687361796223,0.385549453374833,hold
2024-06-20,-1,-1,-0.0027962995130903,0.0027962995130903,0.38662756512357727,hold
2024-06-21,-1,-1,0.001563756616109,-0.001563756616109,0.38602297371064515,hold
2024-06-24,-1,-1,0.0077938798539154,-0.0077938798539154,0.3830143570326932,hold
2024-06-25,-1,-1,0.0062180401218379,-0.0062180401218379,0.380632758393424,hold
2024-06-26,0,-1,0.0073610408985447,-0.0073610408985447,0.3778309050915641,hold
2024-06-27,0,-1,-0.0014099020825968,0.0014099020825968,0.3783636096715221,hold
2024-06-28,-1,-1,0.0054704843490753,-0.0054704843490753,0.3762937774665544,hold
2024-07-01,-1,-1,-0.0007497161563467,0.0007497161563467,0.3765758909910538,hold
2024-07-02,-1,-1,0.0067423066077227,-0.0067423066077227,0.3740369008729158,hold
2024-07-03,0,-1,0.0006444070008029,-0.0006444070008029,0.37379586887543464,hold
2024-07-04,-1,-1,0.0008928929498506,-0.0008928929498506,0.37346210917943246,hold
2024-07-05,-1,-1,-0.0001356211363734,0.0001356211363734,0.3735127585350718,hold
2024-07-08,-1,-1,0.0046318209860134,-0.0046318209860134,0.3717827143015453,hold
2024-07-09,0,-1,-0.0044509111977667,0.0044509111977667,0.3734374861477661,hold
2024-07-10,-1,-1,-0.0003494426502141,0.0003494426502141,0.3735679811326149,hold
2024-07-11,-1,-1,0.007657573644356,-0.007657573644356,0.3707073568059185,hold
2024-07-12,-1,-1,0.0034506697076412,-0.0034506697076412,0.36942816815938856,hold
2024-07-15,-1,-1,0.0010697158254551,-0.0010697158254551,0.3690329850015396,hold
2024-07-16,-1,-1,0.0076321297434283,-0.0076321297434283,0.3662164773804032,hold
2024-07-18,0,-1,-0.0108846762510892,0.0108846762510892,0.37020262517450325,hold
2024-07-19,-1,-1,-0.0008825762723847,0.0008825762723847,0.37052935722745683,hold
2024-07-22,-1,-1,-0.0012321559717249,0.0012321559717249,0.37098590718766405,hold
2024-07-23,-1,-1,-0.0026778318259059,0.0026778318259059,0.3719793450568938,hold
2024-07-24,-1,-1,-0.0003031269840456,0.0003031269840456,0.37209210203388815,hold
2024-07-25,-1,-1,0.0175673297602745,-0.0175673297602745,0.3655554373762651,hold
2024-07-26,0,-1,5.03324972633834e-05,-5.03324972633834e-05,0.36553703805821375,hold
2024-07-29,0,-1,0.0008536433743,-0.0008536433743,0.3652249997876141,hold
2024-07-30,-1,-1,0.0037755350108565,-0.0037755350108565,0.36384608001407587,hold
2024-07-31,-1,-1,0.0023946791656728,-0.0023946791656728,0.36297478538675443,hold
2024-08-01,-1,-1,-0.0117229354919546,0.0117229354919546,0.36722991538104943,hold
2024-08-02,0,-1,-0.0267864578946228,0.0267864578946228,0.37706670404704984,hold
2024-08-05,0,-1,-0.0026209626510589,0.0026209626510589,0.37805498179531505,hold
2024-08-06,1,1,0.0127101624804444,0.0127101624804444,0.3824820670586797,flip
2024-08-07,-1,-1,-0.007428747813561,0.007428747813561,0.38494094781100957,flip
2024-08-08,1,1,0.0103868640378157,0.0103868640378157,0.3885543361506995,flip
2024-08-09,-1,-1,-0.0008412844977941,0.0008412844977941,0.3884926665541031,flip
2024-08-12,-1,-1,-0.0085431469996303,0.0085431469996303,0.3918116165127531,hold
2024-08-13,0,-1,0.0001967769998756,-0.0001967769998756,0.3917345169983393,hold
2024-08-14,-1,-1,0.0164597624902924,-0.0164597624902924,0.3852866598892972,hold
2024-08-16,-1,-1,0.0012835584110202,-0.0012835584110202,0.38479212195634244,hold
2024-08-19,-1,-1,0.0051357593399101,-0.0051357593399101,0.38281592222208133,hold
2024-08-20,0,-1,0.0028887826964991,-0.0028887826964991,0.38171005021002186,hold
2024-08-21,-1,-1,0.0016673576536574,-0.0016673576536574,0.3810736030363262,hold
2024-08-22,-1,-1,0.0004695560778267,-0.0004695560778267,0.3808946676099212,hold
2024-08-23,-1,-1,0.007551387144671,-0.007551387144671,0.37801838451345793,hold
2024-08-26,0,-1,0.000285894410237,-0.000285894410237,0.3779103111703587,hold
2024-08-27,-1,-1,0.0013830024432652,-0.0013830024432652,0.37738766028667503,hold
2024-08-28,-1,-1,0.0039756594063229,-0.0039756594063229,0.3758872954852261,hold
2024-08-29,-1,-1,0.0033377600735777,-0.0033377600735777,0.37463267387819044,hold
2024-08-30,-1,-1,0.0016959501132323,-0.0016959501132323,0.3739973155525062,hold
2024-09-02,-1,-1,4.550829989491412e-05,-4.550829989491412e-05,0.37398029557051016,hold
2024-09-03,-1,-1,-0.0032100820170585,0.0032100820170585,0.37518080299205525,hold
2024-09-04,-1,-1,-0.0021270784221717,0.0021270784221717,0.3759788419825127,hold
2024-09-05,-1,-1,-0.0116503502989019,0.0116503502989019,0.38035912719658443,hold
2024-09-06,-1,-1,0.0033900486950126,-0.0033900486950126,0.3790696912337955,hold
2024-09-09,-1,-1,0.0041986500501236,-0.0041986500501236,0.3774781102556964,hold
2024-09-10,-1,-1,-0.0048979634496194,0.0048979634496194,0.3793269842427602,hold
2024-09-11,0,-1,0.0188796328272711,-0.0188796328272711,0.37216543005878083,hold
2024-09-12,0,-1,-0.0012761636040355,0.0012761636040355,0.37264037403530204,hold
2024-09-13,-1,-1,0.0010746751326089,-0.0010746751326089,0.3722399066919202,hold
2024-09-16,0,-1,0.0013709866056039,-0.0013709866056039,0.37172957076577434,hold
2024-09-17,-1,-1,-0.0016129951842196,0.0016129951842196,0.37232916877325156,hold
2024-09-18,0,-1,0.0015072376499098,-0.0015072376499098,0.37176798023191693,hold
2024-09-19,-1,-1,0.0147604413777415,-0.0147604413777415,0.36628052075358236,hold
2024-09-20,0,-1,0.0057423850996662,-0.0057423850996662,0.36417719694890904,hold
2024-09-23,-1,-1,5.203002169906768e-05,-5.203002169906768e-05,0.3641582488014495,hold
2024-09-24,-1,-1,0.0024575565157058,-0.0024575565157058,0.36326330932435946,hold
2024-09-25,-1,-1,0.008148714241454,-0.008148714241454,0.36030318042227033,hold
2024-09-26,-1,-1,-0.0014152231703233,0.0014152231703233,0.3608130898315451,hold
2024-09-27,-1,-1,-0.0140609008520233,0.0140609008520233,0.36588644691377864,hold
2024-09-30,-1,-1,-0.0005404401234794,0.0005404401234794,0.36608418663032816,hold
2024-10-01,-1,-1,-0.0211963752609873,0.0211963752609873,0.37384384442725793,hold
2024-10-03,0,-1,-0.0093266958801446,0.0093266958801446,0.37733057227089506,hold
2024-10-04,0,-1,-0.0087488751686026,0.0087488751686026,0.3806317903449905,hold
2024-10-07,0,-1,0.0087676473034692,-0.0087676473034692,0.37729454505475757,hold
2024-10-08,-1,-1,-0.0012473907279866,0.0012473907279866,0.3777651787719788,hold
2024-10-09,-1,-1,0.0006604768849507,-0.0006604768849507,0.3775156736034606,hold
2024-10-10,-1,-1,-0.0013680536120755,0.0013680536120755,0.3780321352843489,hold
2024-10-11,-1,-1,0.0065573457544287,-0.0065573457544287,0.3755532478670045,hold
2024-10-14,-1,-1,-0.0028096049048969,0.0028096049048969,0.3766084041142616,hold
2024-10-15,1,1,-0.0034340754096676,-0.0034340754096676,0.37493849405050445,flip
2024-10-16,1,1,-0.0088682273228345,-0.0088682273228345,0.3716134542531833,hold
2024-10-17,-1,-1,0.0042101739412401,-0.0042101739412401,0.36967728351761914,flip
2024-10-18,-1,-1,-0.0029351823779982,0.0029351823779982,0.3707623537657463,hold
2024-10-21,1,1,-0.0124691803378693,-0.0124691803378693,0.3657684887603826,flip
2024-10-22,1,1,-0.0014955647434917,-0.0014955647434917,0.36522145830431235,hold
2024-10-23,-1,-1,-0.0014773427748562,0.0014773427748562,0.3653957941286564,flip
2024-10-24,-1,-1,-0.0089592205494931,0.0089592205494931,0.3686694556361122,hold
2024-10-25,1,1,0.0065485676346082,0.0065485676346082,0.3707150430455234,flip
2024-10-28,-1,-1,0.0052466588480091,-0.0052466588480091,0.368399312641793,flip
2024-10-29,-1,-1,-0.0051498252538292,0.0051498252538292,0.370296504725529,hold
2024-10-30,1,1,-0.005566773640794,-0.005566773640794,0.3678648513990192,flip
2024-10-31,1,1,0.0040900049616161,0.0040900049616161,0.3693694204664454,hold
2024-11-01,-1,-1,-0.0127137736646451,0.0127137736646451,0.37369613025643045,flip
2024-11-04,0,-1,0.0090830588186072,-0.0090830588186072,0.3703018263250254,hold
2024-11-05,-1,-1,0.0111818707596305,-0.0111818707596305,0.36616115916100384,hold
2024-11-06,-1,-1,-0.0116280257061476,0.0116280257061476,0.3704188905323208,hold
2024-11-07,-1,-1,-0.0021137093124677,0.0021137093124677,0.37120184839075293,hold
2024-11-08,-1,-1,-0.0002856708874028,0.0002856708874028,0.3713078899521883,hold
2024-11-11,-1,-1,-0.0106809307765333,0.0106809307765333,0.3752738038215482,hold
2024-11-12,0,-1,-0.0135825623229214,0.0135825623229214,0.3803709836501141,hold
2024-11-13,1,1,-0.0011185324376894,-0.0011185324376894,0.37956515538289554,flip
2024-11-14,-1,-1,-0.0033527151631265,0.0033527151631265,0.3804581640793594,flip
2024-11-18,1,1,0.0027585814066317,0.0027585814066317,0.38112723073271065,flip
2024-11-19,-1,-1,-0.0071688079331164,0.0071688079331164,0.38347833141718135,flip
2024-11-21,1,1,0.0238694641112378,0.0238694641112378,0.392248275354964,flip
2024-11-22,1,1,0.0131612958673623,0.0131612958673623,0.3974107709603733,hold
2024-11-25,-1,-1,-0.0011312238174179,0.0011312238174179,0.3974629207188218,flip
2024-11-26,-1,-1,0.0033230854378061,-0.0033230854378061,0.3961421174749132,hold
2024-11-27,-1,-1,-0.0148610290544929,0.0148610290544929,0.4020291969924162,hold
2024-11-28,0,-1,0.0090720019405352,-0.0090720019405352,0.3983819873371492,hold
2024-11-29,-1,-1,0.0060068200049485,-0.0060068200049485,0.3959889784460013,hold
2024-12-02,-1,-1,0.0074600111445999,-0.0074600111445999,0.3930348962536554,hold
2024-12-03,0,-1,0.0004210968146538,-0.0004210968146538,0.39286939051079517,hold
2024-12-04,-1,-1,0.0098478255628851,-0.0098478255628851,0.38900048128404785,hold
2024-12-05,-1,-1,-0.0012384293961259,0.0012384293961259,0.38948223091517714,hold
2024-12-06,-1,-1,-0.0023827399277279,0.0023827399277279,0.39041026577791926,hold
2024-12-09,-1,-1,-0.00036350862139,0.00036350862139,0.3905521832754087,hold
2024-12-10,-1,-1,0.0012901233029631,-0.0012901233029631,0.390048322802742,hold
2024-12-11,-1,-1,-0.0037781963796591,0.0037781963796591,0.3915220019638474,hold
2024-12-12,-1,-1,0.0089455478085889,-0.0089455478085889,0.3880196231771654,hold
2024-12-13,-1,-1,-0.0040394689217332,0.0040394689217332,0.3895870163860121,hold
2024-12-16,-1,-1,-0.0134687300477334,0.0134687300477334,0.3948342587398172,hold
2024-12-17,0,-1,-0.0056356998120069,0.0056356998120069,0.39705942609757106,hold
2024-12-18,-1,-1,-0.010213311567061,0.010213311567061,0.401114717726944,hold
2024-12-19,0,-1,-0.0152055691508056,0.0152055691508056,0.4072138953047469,hold
2024-12-20,0,-1,0.0070354729729729,-0.0070354729729729,0.4043489529501113,hold
2024-12-23,-1,-1,-0.0010861087115143,0.0010861087115143,0.40478811987040214,hold
2024-12-24,-1,-1,0.0009503186263191,-0.0009503186263191,0.4044034421803766,hold
2024-12-26,-1,-1,0.002661079652128,-0.002661079652128,0.4033272924091399,hold
2024-12-27,-1,-1,-0.0070758479358679,0.0070758479358679,0.4061811749986123,hold
2024-12-30,1,1,-4.212721278373799e-06,-4.212721278373799e-06,0.40577328269553486,flip
2024-12-31,-1,-1,0.0041488871182535,-0.0041488871182535,0.4036840018673324,flip
2025-01-01,-1,-1,0.0187740331916654,-0.0187740331916654,0.3961052250173308,hold
2025-01-02,1,1,-0.0076027553276091,-0.0076027553276091,0.3926976286825192,flip
2025-01-03,-1,-1,-0.0161925959966257,0.0161925959966257,0.3986637251039256,flip
2025-01-06,0,-1,0.0038892874268343,-0.0038892874268343,0.397113207290344,hold
2025-01-07,-1,-1,-0.0007993610384197,0.0007993610384197,0.39743064411609375,hold
2025-01-08,-1,-1,-0.0068575949591475,0.0068575949591475,0.40015606249779495,hold
2025-01-09,0,-1,-0.0040379997024632,0.0040379997024632,0.40177189255909984,hold
2025-01-10,0,-1,-0.0147472753024774,0.0147472753024774,0.40769693326746625,hold
2025-01-13,1,1,0.0039028744993869,0.0039028744993869,0.4088804262985267,flip
2025-01-14,-1,-1,0.0016028803979861,-0.0016028803979861,0.4078161594517941,flip
2025-01-15,-1,-1,0.0042476507253836,-0.0042476507253836,0.40608389884627555,hold
2025-01-16,-1,-1,-0.0046586517926727,0.0046586517926727,0.4079757023296113,hold
2025-01-17,1,1,0.0061004855371675,0.0061004855371675,0.4100565764988593,flip
2025-01-20,-1,-1,-0.0137118456772935,0.0137118456772935,0.41526915241827217,flip
2025-01-21,-1,-1,0.0056764909144164,-0.0056764909144164,0.41291188084753244,hold
2025-01-22,-1,-1,0.0021593282262408,-0.0021593282262408,0.4120202685682682,hold
2025-01-23,-1,-1,-0.0048760476583936,0.0048760476583936,0.4140292990340312,hold
2025-01-24,0,-1,-0.0113912419355629,0.0113912419355629,0.4187456069477393,hold
2025-01-27,1,1,0.0056112298172781,0.0056112298172781,0.420676539176351,flip
2025-01-28,-1,-1,0.0089666492883511,-0.0089666492883511,0.416483803646543,flip
2025-01-29,0,-1,0.0037300875997627,-0.0037300875997627,0.41493028257505904,hold
2025-01-30,-1,-1,0.0111357401503258,-0.0111357401503258,0.4103097267678019,hold
2025-01-31,0,-1,-0.0011166221250199,0.0011166221250199,0.4107678876868217,hold
2025-02-01,-1,-1,-0.0051570919766934,0.0051570919766934,0.4128862554646947,hold
2025-02-03,0,-1,0.0161893068206311,-0.0161893068206311,0.4062019131929553,hold
2025-02-04,0,-1,-0.0018092070621439,0.0018092070621439,0.4069368165629603,hold
2025-02-05,0,-1,-0.0039226026346081,0.0039226026346081,0.4085330679917293,hold
2025-02-06,-1,-1,-0.0018387386257991,0.0018387386257991,0.4092842535237619,hold
2025-02-07,-1,-1,-0.0075700336923079,0.0075700336923079,0.41238254911266786,hold
2025-02-10,0,-1,-0.0132496849360461,0.0132496849360461,0.4178464879615343,hold
2025-02-11,0,-1,-0.0011507892904301,0.0011507892904301,0.41832734122492427,hold
2025-02-12,-1,-1,-0.0006009745771905,0.0006009745771905,0.4185787453219441,hold
2025-02-13,-1,-1,-0.0044352661537063,0.0044352661537063,0.4204352534637314,hold
2025-02-14,0,-1,0.0013192755977626,-0.0013192755977626,0.4198805834933976,hold
2025-02-17,-1,-1,-0.0006184463402948,0.0006184463402948,0.4201402571036199,hold
2025-02-18,-1,-1,-0.0005404326900405,0.0005404326900405,0.4203673146329607,hold
2025-02-19,-1,-1,-0.0008612081186238,0.0008612081186238,0.4207293383771267,hold
2025-02-20,-1,-1,-0.0051171487988824,0.0051171487988824,0.42288227300565784,hold
2025-02-21,-1,-1,-0.0106401053300685,0.0106401053300685,0.42738178493265677,hold
2025-02-24,1,1,-0.0002571160481895,-0.0002571160481895,0.4268445164321141,flip
2025-02-25,-1,-1,-0.0001108767876499,0.0001108767876499,0.4264649990644899,flip
2025-02-27,-1,-1,-0.0186449596666951,0.0186449596666951,0.4344164217713045,hold
2025-02-28,1,1,-0.0002440004922383,-0.0002440004922383,0.43387600752878464,flip
2025-03-03,-1,-1,-0.0016569416451024,0.0016569416451024,0.4341610387469411,flip
2025-03-04,-1,-1,0.0115316950692254,-0.0115316950692254,0.42915442603717324,hold
2025-03-05,-1,-1,0.009284847776867,-0.009284847776867,0.42516979251864934,hold
2025-03-06,1,1,0.0003460139864501,0.0003460139864501,0.42489173742095826,flip
2025-03-07,-1,-1,-0.0040882039130917,0.0040882039130917,0.426203889747102,flip
2025-03-10,1,1,0.001674047455606,0.001674047455606,0.4264911713945555,flip
2025-03-11,-1,-1,-0.0012179087892316,0.0012179087892316,0.4265841075693321,flip
2025-03-12,-1,-1,-0.0032620894617386,0.0032620894617386,0.4279756630911792,hold
2025-03-13,-1,-1,0.0049805683362682,-0.0049805683362682,0.42584410105489384,hold
2025-03-17,1,1,0.0144632989948354,0.0144632989948354,0.43157736751258285,flip
2025-03-18,0,1,0.0032100316461272,0.0032100316461272,0.4329627445200505,hold
2025-03-19,0,1,0.01235619558909,0.01235619558909,0.4383125168741295,hold
2025-03-20,-1,-1,0.0068885519512889,-0.0068885519512889,0.43485486581386773,flip
2025-03-21,-1,-1,0.0131881772302988,-0.0131881772302988,0.42911992277405664,hold
2025-03-24,-1,-1,0.0004353972876416,-0.0004353972876416,0.42893308512360784,hold
2025-03-25,-1,-1,-0.0076810793285454,0.0076810793285454,0.43222775417708,hold
2025-03-26,-1,-1,0.0044748278770025,-0.0044748278770025,0.4302936093734742,hold
2025-03-27,0,-1,-0.0030773044101545,0.0030773044101545,0.43161775379526046,hold
2025-03-28,-1,-1,-0.0150365718652369,0.0150365718652369,0.43810780516851505,hold
2025-04-01,0,-1,0.0071938424586863,-0.0071938424586863,0.4349561266382119,hold
2025-04-02,-1,-1,-0.0035251486188494,0.0035251486188494,0.4364894116272907,hold
2025-04-03,-1,-1,-0.0148666197750665,0.0148666197750665,0.4429785337457961,hold
2025-04-04,0,-1,-0.0324325462830553,0.0324325462830553,0.4573454555439066,hold
2025-04-07,0,-1,0.0168873189028142,-0.0168873189028142,0.4496221169873838,hold
2025-04-08,-1,-1,-0.0060658560080705,0.0060658560080705,0.45234946000707305,hold
2025-04-09,1,1,0.0191703874091904,0.0191703874091904,0.4605688249397397,flip
2025-04-11,-1,-1,0.0219023977821084,-0.0219023977821084,0.45002069450493154,flip
2025-04-15,-1,-1,0.004657316201027,-0.004657316201027,0.44792480583361627,hold
2025-04-16,-1,-1,0.0176834769379541,-0.0176834769379541,0.4400039378597199,hold
2025-04-17,-1,-1,0.0114834984640164,-0.0114834984640164,0.43495115331514667,hold
2025-04-21,-1,-1,0.0017284255654137,-0.0017284255654137,0.43419937262205055,hold
2025-04-22,-1,-1,0.0066908406521222,-0.0066908406521222,0.43129421380858496,hold
2025-04-23,-1,-1,-0.0033807460922566,0.0033807460922566,0.4327523100365312,hold
2025-04-24,-1,-1,-0.0085516633626838,0.0085516633626838,0.4364530621113874,hold
2025-04-25,-1,-1,0.0120282118827472,-0.0120282118827472,0.4312033122034378,hold
2025-04-28,-1,-1,0.0003061930965739,-0.0003061930965739,0.43107128072602136,hold
2025-04-29,-1,-1,-7.191007773188485e-05,7.191007773188485e-05,0.4311022790953264,hold
2025-04-30,-1,-1,0.0005136803511647,-0.0005136803511647,0.4308808303252128,hold
2025-05-02,-1,-1,0.0047008906976129,-0.0047008906976129,0.42885530663815724,hold
2025-05-05,0,-1,-0.0033338898599493,0.0033338898599493,0.43028506299634367,hold
2025-05-06,-1,-1,0.0014274549954715,-0.0014274549954715,0.4296708504336928,hold
2025-05-07,-1,-1,-0.0057588802970967,0.0057588802970967,0.4321452734284922,hold
2025-05-08,0,-1,-0.0109501096942064,0.0109501096942064,0.436877311576367,hold
2025-05-09,-1,-1,0.0381830730902199,-0.0381830730902199,0.4201959932569878,hold
2025-05-12,-1,-1,-0.0138958390765435,0.0138958390765435,0.4260349691598953,hold
2025-05-13,-1,-1,0.0036027960647213,-0.0036027960647213,0.4245000520495724,hold
2025-05-14,-1,-1,0.0160214381414618,-0.0160214381414618,0.4176989507246129,hold
2025-05-15,-1,-1,-0.0016877607536591,0.0016877607536591,0.4184039266204905,hold
2025-05-16,-1,-1,-0.0029717088137536,0.0029717088137536,0.41964730125693767,hold
2025-05-19,-1,-1,-0.0104848313546668,0.0104848313546668,0.42404723243905773,hold
2025-05-20,-1,-1,0.0052483127088862,-0.0052483127088862,0.42182169995987984,hold
2025-05-21,-1,-1,-0.0082112727740422,0.0082112727740422,0.4252853930002606,hold
2025-05-22,-1,-1,0.0098924887180058,-0.0098924887180058,0.4210782620480728,hold
2025-05-23,-1,-1,0.0059549794562796,-0.0059549794562796,0.4185707496480906,hold
2025-05-26,-1,-1,-0.0069977248703164,0.0069977248703164,0.42149979259289,hold
2025-05-27,-1,-1,-0.0029706520659956,0.0029706520659956,0.42275192182257276,hold
2025-05-28,0,-1,0.0032784792287758,-0.0032784792287758,0.4213659384279524,hold
2025-05-29,-1,-1,-0.0033382349691143,0.0033382349691143,0.4227725569384062,hold
2025-05-30,0,-1,-0.0013777230725331,0.0013777230725331,0.4233550204445341,hold
2025-06-02,-1,-1,-0.0070438333802584,0.0070438333802584,0.4263370626692413,hold
2025-06-03,0,-1,0.0031659048079861,-0.0031659048079861,0.4249873201127141,hold
2025-06-04,-1,-1,0.0053086967621067,-0.0053086967621067,0.42273119130249537,hold
2025-06-05,0,-1,0.0101875239545026,-0.0101875239545026,0.41842460716478574,hold
2025-06-06,0,-1,0.0040054487100871,-0.0040054487100871,0.41674862886174885,hold
2025-06-09,0,-1,4.18584595869298e-05,-4.18584595869298e-05,0.41673118440610973,hold
2025-06-10,0,-1,0.0014798446727146,-0.0014798446727146,0.4161144869829123,hold
2025-06-11,0,-1,-0.0100710846627866,0.0100710846627866,0.42030521121072917,hold
2025-06-12,0,-1,-0.0068144588479197,0.0068144588479197,0.4231693637760909,hold
2025-06-13,0,-1,0.0092197937677085,-0.0092197937677085,0.4192678295132629,hold
2025-06-16,0,-1,-0.0037319707924959,0.0037319707924959,0.42083252480723954,hold
2025-06-17,1,1,-0.0016637405234334,-0.0016637405234334,0.4197115361573317,flip
2025-06-18,-1,-1,-0.0007577278241026,0.0007577278241026,0.41960985173021764,flip
2025-06-19,-1,-1,0.0128724709598377,-0.0128724709598377,0.41420843609935865,hold
2025-06-20,0,-1,-0.0055948454872697,0.0055948454872697,0.4165258682988581,hold
2025-06-23,0,-1,0.0029012296868362,-0.0029012296868362,0.41531743108441427,hold
2025-06-24,-1,-1,0.0080018205204253,-0.0080018205204253,0.4119941355418727,hold
2025-06-25,0,-1,0.0120520108141297,-0.0120520108141297,0.40702877776496404,hold
2025-06-26,0,-1,0.003475704773181,-0.003475704773181,0.4056140658992643,hold
2025-06-27,-1,-1,-0.0047098423546652,0.0047098423546652,0.4075244442064846,hold
2025-06-30,-1,-1,0.0009699396772837,-0.0009699396772837,0.40712917007858573,hold
2025-07-01,-1,-1,-0.0034610085397696,0.0034610085397696,0.408538247613017,hold
2025-07-02,-1,-1,-0.0018897125192245,0.0018897125192245,0.40931026745411336,hold
2025-07-03,-1,-1,0.0021924250859925,-0.0021924250859925,0.4084128853557927,hold
2025-07-04,-1,-1,1.1813410706551508e-05,-1.1813410706551508e-05,0.40840806060664014,hold
2025-07-07,-1,-1,0.0024036171315751,-0.0024036171315751,0.4074264039954927,hold
2025-07-08,-1,-1,-0.0018180190273288,0.0018180190273288,0.4081671129501926,hold
2025-07-09,-1,-1,-0.004743646446198,0.004743646446198,0.4101033134249937,hold
2025-07-10,0,-1,-0.008100901810276,0.008100901810276,0.41342552009911837,hold
2025-07-11,0,-1,-0.0026858541571485,0.0026858541571485,0.4145359207509478,hold
2025-07-14,-1,-1,0.0045251032187942,-0.0045251032187942,0.4126601029216519,hold
2025-07-15,0,-1,0.0006449487413033,-0.0006449487413033,0.4123939583076865,hold
2025-07-16,-1,-1,-0.0039902173517283,0.0039902173517283,0.41403949983587374,hold
2025-07-17,0,-1,-0.0056965580472427,0.0056965580472427,0.41639809988054016,hold
2025-07-18,0,-1,0.0048981443028652,-0.0048981443028652,0.4143585218998864,hold
2025-07-21,0,-1,-0.0011876443882732,0.0011876443882732,0.414850632473154,hold
2025-07-22,-1,-1,0.0063445445902445,-0.0063445445902445,0.41221859413713696,hold
2025-07-23,0,-1,-0.006256994627491,0.006256994627491,0.414797843666005,hold
2025-07-24,0,-1,-0.0089816740370306,0.0089816740370306,0.41852342268907616,hold
2025-07-25,-1,-1,-0.0062849623293875,0.0062849623293875,0.4211538266346433,hold
2025-07-28,0,-1,0.0056804742343701,-0.0056804742343701,0.4187614731737388,hold
2025-07-29,-1,-1,0.0013678351245234,-0.0013678351245234,0.4181886765219346,hold
2025-07-30,-1,-1,-0.0034882717656889,0.0034882717656889,0.4196474322749769,hold
2025-07-31,1,1,-0.0081959437427822,-0.0081959437427822,0.41578837809597324,flip
2025-08-01,0,1,0.0064074150430544,0.0064074150430544,0.41845250680451257,hold
2025-08-04,-1,-1,-0.0029608040671041,0.0029608040671041,0.4192730101817448,flip
2025-08-05,1,1,-0.0030569142281212,-0.0030569142281212,0.4175720555412713,flip
2025-08-06,1,1,0.0008932609229541,0.0008932609229541,0.417945056341004,hold
2025-08-07,-1,-1,-0.0094669127354072,0.0094669127354072,0.42148376066123816,flip
2025-08-08,0,-1,0.0091018044718578,-0.0091018044718578,0.41764749788363625,hold
2025-08-11,-1,-1,-0.0039719417907191,0.0039719417907191,0.4193063694342696,hold
2025-08-12,-1,-1,0.0053884535167121,-0.0053884535167121,0.4170469565533117,hold
2025-08-13,-1,-1,0.000485438164071,-0.000485438164071,0.41684450604439105,hold
2025-08-14,-1,-1,0.0099730192766349,-0.0099730192766349,0.41268730775025103,hold
2025-08-18,0,-1,0.0041685646806257,-0.0041685646806257,0.41096699401502085,hold
2025-08-19,0,-1,0.0027981813736617,-0.0027981813736617,0.40981703382717827,hold
2025-08-20,-1,-1,0.0013252889742787,-0.0013252889742787,0.4092739078307755,hold
2025-08-21,-1,-1,-0.0085174820600987,0.0085174820600987,0.41275989099839056,hold
2025-08-22,0,-1,0.0039264173509054,-0.0039264173509054,0.41113922340061665,hold
2025-08-25,-1,-1,-0.0102411798720348,0.0102411798720348,0.41534977413991103,hold
2025-08-26,0,-1,-0.0085444301039235,0.0085444301039235,0.4188987012537299,hold
2025-08-28,0,-1,-0.0030223697933294,0.0030223697933294,0.4201647680348641,hold
2025-08-29,0,-1,0.0081140701746054,-0.0081140701746054,0.41675552162213236,hold
2025-09-01,0,-1,-0.0018457290617897,0.0018457290617897,0.41752473940005164,hold
2025-09-02,-1,-1,0.005510715147017,-0.005510715147017,0.41522387949438544,hold
2025-09-03,-1,-1,0.0007788776228048,-0.0007788776228048,0.41490047090619303,hold
2025-09-04,-1,-1,0.0002708473067116,-0.0002708473067116,0.41478809623109475,hold
2025-09-05,0,-1,0.0012994782193525,-0.0012994782193525,0.41424908813439576,hold
2025-09-08,0,-1,0.0038529301782352,-0.0038529301782352,0.41265301532141635,hold
2025-09-09,0,-1,0.0042020862308871,-0.0042020862308871,0.41091901176760015,hold
2025-09-10,0,-1,0.0012974116602184,-0.0012974116602184,0.41038588065032744,hold
2025-09-11,0,-1,0.0043390454100098,-0.0043390454100098,0.4086051976785588,hold
2025-09-12,0,-1,-0.0017838966811339,0.0017838966811339,0.4093341071345916,hold
2025-09-15,-1,-1,0.0067772563910986,-0.0067772563910986,0.40655994494091907,hold
2025-09-16,0,-1,0.0036114755294653,-0.0036114755294653,0.4050916636485042,hold
2025-09-17,-1,-1,0.0036853015416349,-0.0036853015416349,0.4035987787159569,hold
2025-09-18,-1,-1,-0.0037976065391384,0.0037976065391384,0.40513148807719684,hold
2025-09-19,-1,-1,-0.0049236357186648,0.0049236357186648,0.4071262079426496,hold
2025-09-22,-1,-1,-0.001303434397354,0.001303434397354,0.4076568702461463,hold
2025-09-23,-1,-1,-0.0044736530076083,0.0044736530076083,0.40948058562979517,hold
2025-09-24,-1,-1,-0.0066269482123226,0.0066269482123226,0.4121941922647154,hold
2025-09-25,-1,-1,-0.0094874379272315,0.0094874379272315,0.41610485907779216,hold
2025-09-26,0,-1,-0.0008030448049409,0.0008030448049409,0.4164390099231853,hold
2025-09-29,-1,-1,-0.0009661407544825,0.0009661407544825,0.41684134862242844,hold
2025-09-30,-1,-1,0.0091503904924759,-0.0091503904924759,0.4130270875091229,hold
2025-10-01,0,-1,0.0023332467769816,-0.0023332467769816,0.4120633933883862,hold
2025-10-03,-1,-1,0.0073671787912872,-0.0073671787912872,0.40902764869594943,hold
2025-10-06,0,-1,0.0012222193924698,-0.0012222193924698,0.4085277271716569,hold
2025-10-07,-1,-1,-0.0024752925801897,0.0024752925801897,0.40953895282352665,hold
2025-10-08,0,-1,0.0054160175719368,-0.0054160175719368,0.40732088265864186,hold
2025-10-09,1,1,0.004112050167679,0.004112050167679,0.40858848567981887,flip
2025-10-10,0,1,-0.0022938183927065,-0.0022938183927065,0.4076512578963184,hold
2025-10-13,0,1,-0.0032444791324643,-0.0032444791324643,0.406328641896751,hold
2025-10-14,-1,-1,0.0070808208725219,-0.0070808208725219,0.40304517292620823,flip
2025-10-15,0,-1,0.0103362282114798,-0.0103362282114798,0.3988792060393076,hold
2025-10-16,0,-1,0.0048679837376106,-0.0048679837376106,0.39693746855103723,hold
2025-10-17,0,-1,0.0051848137299641,-0.0051848137299641,0.3948794217141566,hold
2025-10-20,-1,-1,0.0009847568259027,-0.0009847568259027,0.39449056150821504,hold
2025-10-21,-1,-1,0.0008814076368377,-0.0008814076368377,0.3941428545146413,hold
2025-10-23,-1,-1,-0.0037174505259611,0.0037174505259611,0.3956080610764606,hold
2025-10-24,-1,-1,0.0066252915000297,-0.0066252915000297,0.39298704235206755,hold
2025-10-27,0,-1,-0.001149638146805,0.001149638146805,0.39343883524715556,hold
2025-10-28,-1,-1,0.0045381040946781,-0.0045381040946781,0.391653368857915,hold
2025-10-29,-1,-1,-0.00675717564781,0.00675717564781,0.39429983946434444,hold
2025-10-30,-1,-1,-0.0060186608373972,0.0060186608373972,0.3966729964663204,hold
2025-10-31,0,-1,0.0016036793506921,-0.0016036793506921,0.39603686017291023,hold
2025-11-03,-1,-1,-0.0064315867797603,0.0064315867797603,0.39858400560709606,hold
2025-11-04,-1,-1,-0.0034359080045569,0.0034359080045569,0.39995350358244985,hold
2025-11-06,-1,-1,-0.0006820322478444,0.0006820322478444,0.4002262847695315,hold
2025-11-07,-1,-1,0.0032185728871263,-0.0032185728871263,0.398938127300657,hold
2025-11-10,-1,-1,0.0047156471705849,-0.0047156471705849,0.3970568758494132,hold
2025-11-11,1,1,0.0070384090258497,0.0070384090258497,0.399454467672318,flip
2025-11-12,0,1,0.0001294494962036,0.0001294494962036,0.3995061768519145,hold
2025-11-13,0,1,0.0011940264714482,0.0011940264714482,0.39998319780258274,hold
2025-11-14,0,1,0.0039906690408659,0.0039906690408659,0.4015793983669201,hold
2025-11-17,0,1,-0.0039748069020186,-0.0039748069020186,0.3999831978025828,hold
2025-11-18,0,1,0.0055036406751542,0.0055036406751542,0.40218456159938737,hold
2025-11-19,0,1,0.0053545415882216,0.0053545415882216,0.404338075560612,hold
2025-11-20,0,1,-0.0047342428227803,-0.0047342428227803,0.4024238409284124,hold
2025-11-21,-1,-1,-0.004167936312968,0.004167936312968,0.40369869402729364,flip
2025-11-24,-1,-1,-0.002877529180069,0.002877529180069,0.4048603487993129,hold
2025-11-25,-1,-1,0.0123817835303625,-0.0123817835303625,0.39984745560045276,hold
2025-11-26,0,-1,0.0003911422381892,-0.0003911422381892,0.39969105837173496,hold
2025-11-27,-1,-1,-0.0004806903583736,0.0004806903583736,0.3998831860098224,hold
2025-11-28,-1,-1,-0.0010380212747401,0.0010380212747401,0.40029827326431144,hold
2025-12-01,-1,-1,-0.0054841133969418,0.0054841133969418,0.40249355438749296,hold
2025-12-02,-1,-1,-0.0017746951904364,0.0017746951904364,0.4032078577626461,hold
2025-12-03,-1,-1,0.0018375278996383,-0.0018375278996383,0.4024669520746539,hold
2025-12-04,-1,-1,0.0058654330916598,-0.0058654330916598,0.40010630909565575,hold
2025-12-05,0,-1,-0.0086265394598917,0.0086265394598917,0.40355784195922106,hold
2025-12-08,0,-1,-0.0046570811090926,0.0046570811090926,0.40543724356143557,hold
2025-12-09,1,1,-0.0031598875909956,-0.0031598875909956,0.40375067020301686,flip
2025-12-10,1,1,0.0054565875164998,0.0054565875164998,0.40595377106982505,hold
2025-12-11,1,1,0.0057299900196514,0.0057299900196514,0.408279882126495,hold
2025-12-12,1,1,-0.0007543469807149,-0.0007543469807149,0.4079718974301263,hold
2025-12-15,-1,-1,-0.0064240688375742,0.0064240688375742,0.41018476508558316,flip
2025-12-16,-1,-1,-0.0016066770334456,0.0016066770334456,0.4108437995271154,hold
2025-12-17,-1,-1,-0.0001161955225689,0.0001161955225689,0.41089153773709564,hold
2025-12-18,1,1,0.0058433620360547,0.0058433620360547,0.41288163421190766,flip
2025-12-19,0,1,0.0079333291061156,0.0079333291061156,0.4161571600979816,hold
2025-12-22,0,1,0.0001814888939914,0.0001814888939914,0.4162326880006944,hold
2025-12-23,1,1,-0.0013389838361685,-0.0013389838361685,0.41567535915937653,hold
2025-12-24,1,1,-0.003817552133005,-0.003817552133005,0.41408849680538,hold
2025-12-26,0,1,-0.0038476313101776,-0.0038476313101776,0.41249523693988727,hold
2025-12-29,0,1,-0.0001252789885528,-0.0001252789885528,0.4124435599538206,hold
2025-12-30,0,1,0.007353834224439,0.007353834224439,0.41547660152065846,hold
2025-12-31,1,1,0.0006487344669803,0.0006487344669803,0.4157461355122888,hold
2026-01-01,-1,-1,0.0069607651702385,-0.0069607651702385,0.4124364781570413,flip
2026-01-02,0,-1,-0.002972058760474,0.002972058760474,0.413662263605087,hold
2026-01-05,1,1,-0.0027276473171363,-0.0027276473171363,0.412120276577959,flip
