date,signal,position,market_return,pnl,equity,action
2020-01-01,0,0,0.0081838863379848,0.0,1.0,hold
2020-01-02,0,0,-0.0045227893866035,-0.0,1.0,hold
2020-01-03,0,0,-0.0191058530729412,-0.0,1.0,hold
2020-01-06,0,0,0.0049945920012428,0.0,1.0,hold
2020-01-07,1,1,-0.0022899444111396,-0.0022899444111396,0.9974600555888604,enter
2020-01-08,-1,-1,0.0158457581226116,-0.0158457581226116,0.9811558147832382,flip
2020-01-09,1,1,0.0033480474426501,0.0033480474426501,0.983950193092373,flip
2020-01-10,0,1,0.0059354808073293,0.0059354808073293,0.9897904105788408,hold
2020-01-13,1,1,0.0026562202609821,0.0026562202609821,0.9924195119215461,hold
2020-01-14,1,1,-0.0015369308543056,-0.0015369308543056,0.990894231753259,hold
2020-01-15,0,1,0.0009884063018437,0.0009884063018437,0.9918736378563845,hold
2020-01-16,0,1,-0.0002549788049855,-0.0002549788049855,0.9916207311015073,hold
2020-01-17,0,1,-0.0103461939411514,-0.0103461939411514,0.9813612307014647,hold
2020-01-20,0,1,-0.0044746183856623,-0.0044746183856623,0.9769700136955918,hold
2020-01-21,1,1,-0.0051725551893021,-0.0051725551893021,0.9719165823814581,hold
2020-01-22,1,1,0.0060667236352978,0.0060667236352978,0.9778129316833295,hold
2020-01-23,1,1,0.0055745847042631,0.0055745847042631,0.9832638326959221,hold
2020-01-24,1,1,-0.0105525279121506,-0.0105525279121506,0.9728879136563903,hold
2020-01-27,0,1,-0.0052149678449129,-0.0052149678449129,0.9678143344699678,hold
2020-01-28,0,1,0.0061132563999481,0.0061132563999481,0.9737308316441279,hold
2020-01-29,1,1,-0.007724984155365,-0.007724984155365,0.9662087763980866,hold
2020-01-30,0,1,-0.0061234148547233,-0.0061234148547233,0.9602922792239265,hold
2020-01-31,0,1,-0.0212503847193161,-0.0212503847193161,0.9398856988474291,hold
2020-02-03,0,1,0.0232108226866707,0.0232108226866707,0.9617012191491144,hold
2020-02-04,1,1,0.0091405004678344,0.0091405004678344,0.9704916495926639,hold
2020-02-05,1,1,0.0040366612301674,0.0040366612301674,0.9744091956087758,hold
2020-02-06,0,1,-0.0032625431230384,-0.0032625431230384,0.971230143588617,hold
2020-02-07,1,1,-0.0055255147630383,-0.0055255147630383,0.9658635970919103,hold
2020-02-10,1,1,0.0063500303889789,0.0063500303889789,0.9719968602850524,hold
2020-02-11,1,1,0.0077056964194832,0.0077056964194832,0.9794867730110999,hold
2020-02-12,0,1,-0.0021759994314084,-0.0021759994314084,0.9773554103499557,hold
2020-02-13,1,1,-0.0050268544351488,-0.0050268544351488,0.9724423869707213,hold
2020-02-14,0,1,-0.0055847334602637,-0.0055847334602637,0.9670115554340272,hold
2020-02-17,0,1,-0.0044247626186481,-0.0044247626186481,0.9627327588517419,hold
2020-02-18,1,1,0.011123651500938,0.011123651500938,0.9734418625497454,hold
2020-02-19,1,1,-0.0037152524595064,-0.0037152524595064,0.9698252802757209,hold
2020-02-20,1,1,-0.0208138687990014,-0.0208138687990014,0.9496394641341073,hold
2020-02-24,0,1,-0.0026628568617023,-0.0026628568617023,0.9471107101708944,hold
2020-02-25,0,1,-0.0101204779385897,-0.0101204779385897,0.9375254971232079,hold
2020-02-26,0,1,-0.0038703767874727,-0.0038703767874727,0.9338969202014784,hold
2020-02-27,1,1,-0.0370960786649383,-0.0370960786649383,0.8992530065847407,hold
2020-02-28,0,1,-0.0061597518244916,-0.0061597518244916,0.8937138312367509,hold
2020-03-02,1,1,0.0153196474085468,0.0153196474085468,0.9074052120154394,hold
2020-03-03,-1,-1,-0.0046269501465237,0.0046269501465237,0.911150028088123,flip
2020-03-04,1,1,0.0015998577904186,0.0015998577904186,0.9121521635447558,flip
2020-03-05,-1,-1,-0.0248069753028219,0.0248069753028219,0.9343238236564538,flip
2020-03-06,0,-1,-0.0489560433359516,0.0489560433359516,0.9800646212571911,hold
2020-03-09,0,-1,0.0006649981756232,-0.0006649981756232,0.9794128800720623,hold
2020-03-11,0,-1,-0.0830193880106471,0.0830193880106471,1.0607231379853903,hold
2020-03-12,0,-1,0.0380650761268936,-0.0380650761268936,1.020346630988419,hold
2020-03-13,0,-1,-0.0761210010667908,0.0761210010667908,1.0980164379743849,hold
2020-03-16,0,-1,-0.0250451840905282,0.0250451840905282,1.1255164617978792,hold
2020-03-17,0,-1,-0.055564540272715,0.055564540272715,1.1880552665670512,hold
2020-03-18,0,-1,-0.0242477817531284,0.0242477817531284,1.2168629713814239,hold
2020-03-19,0,-1,0.0583291468584656,-0.0583291468584656,1.145884392417088,hold
2020-03-20,-1,-1,-0.1298046607047124,0.1298046607047124,1.2946255271816136,hold
2020-03-23,0,-1,0.0250714240251634,-0.0250714240251634,1.2621674216358427,hold
2020-03-24,0,-1,0.0662474689466749,-0.0662474689466749,1.1785520245655174,hold
2020-03-25,0,-1,0.0389043564303894,-0.0389043564303894,1.1327012165300636,hold
2020-03-26,1,1,0.0021755381634551,0.0021755381634551,1.134599100646152,flip
2020-03-27,1,1,-0.0437805364308189,-0.0437805364308189,1.0849257433859387,hold
2020-03-30,-1,-1,0.0382377227133605,-0.0382377227133605,1.0428981907740678,flip
2020-03-31,-1,-1,-0.0400046750966822,0.0400046750966822,1.084618994054902,hold
2020-04-01,0,-1,-0.0205965741867707,0.0205965741867707,1.1069584296303343,hold
2020-04-03,1,1,0.0876321046711503,0.0876321046711503,1.203410047387497,flip
2020-04-07,1,1,-0.0049419024075071,-0.0049419024075071,1.1974629123770943,hold
2020-04-08,-1,-1,0.0415088316188025,-0.0415088316188025,1.1471588945212843,flip
2020-04-09,-1,-1,-0.0129556707370791,0.0129556707370791,1.1620211074418136,hold
2020-04-13,-1,-1,-0.0076218535626885,0.0076218535626885,1.1708778621594882,hold
2020-04-15,-1,-1,0.0075627711647903,-0.0075627711647903,1.162022780826057,hold
2020-04-16,-1,-1,0.0304632818768748,-0.0304632818768748,1.126623753306403,hold
2020-04-17,-1,-1,-0.0005288143766692,0.0005288143766692,1.1272195281442485,hold
2020-04-20,-1,-1,-0.0302746671440956,0.0302746671440956,1.1613457241571403,hold
2020-04-21,-1,-1,0.0229194177887257,-0.0229194177887257,1.1347283563080326,hold
2020-04-22,-1,-1,0.0137799558770148,-0.0137799558770148,1.1190918496257105,hold
2020-04-23,-1,-1,-0.0171249415723349,0.0171249415723349,1.138256232164627,hold
2020-04-24,-1,-1,0.0139713589754586,-0.0139713589754586,1.122353245739002,hold
2020-04-27,-1,-1,0.0106224306488902,-0.0106224306488902,1.1104311262225826,hold
2020-04-28,-1,-1,0.0183830135241964,-0.0183830135241964,1.0900180558115442,hold
2020-04-29,-1,-1,0.032088303452139,-0.032088303452139,1.0550412256683528,hold
2020-04-30,-1,-1,-0.057444839013135,0.057444839013135,1.115647899029092,hold
2020-05-04,-1,-1,-0.0094582655216011,0.0094582655216011,1.1261999930867255,hold
2020-05-05,0,-1,0.0070935934671216,-0.0070935934671216,1.1182111881730932,hold
2020-05-06,-1,-1,-0.0077501195040513,0.0077501195040513,1.126877458512202,hold
2020-05-07,1,1,0.0057016970693835,0.0057016970693835,1.1327391336856991,flip
2020-05-08,0,1,-0.0013294930214019,-0.0013294930214019,1.131233164912395,hold
2020-05-11,1,1,-0.0046162427183511,-0.0046162427183511,1.1260111180521108,hold
2020-05-12,1,1,0.0203337125303977,0.0203337125303977,1.1489071044326142,hold
2020-05-13,1,1,-0.0256619093732747,-0.0256619093732747,1.119423954440353,hold
2020-05-14,0,1,-0.0006453627874545,-0.0006453627874545,1.118701519876772,hold
2020-05-15,1,1,-0.0343225097032598,-0.0343225097032598,1.08030487610575,hold
2020-05-18,0,1,0.0063298228402233,0.0063298228402233,1.0871430145849288,hold
2020-05-19,0,1,0.021111396826158,0.021111396826158,1.1100941221726168,hold
2020-05-20,0,1,0.0043787544510012,0.0043787544510012,1.1149549517511104,hold
2020-05-21,0,1,-0.0073575840768702,-0.0073575840768702,1.106751576951679,hold
2020-05-22,1,1,-0.0011284338094974,-0.0011284338094974,1.105502681053532,hold
2020-05-26,-1,-1,0.0316645047717616,-0.0316645047717616,1.0699447347935904,flip
2020-05-27,0,-1,0.0188030435364687,-0.0188030435364687,1.0498265173636512,hold
2020-05-28,0,-1,0.0095046626511057,-0.0095046626511057,1.0398482704739245,hold
2020-05-29,0,-1,0.0256620973194605,-0.0256620973194605,1.01316358295955,hold
2020-06-01,0,-1,0.0155655279707429,-0.0155655279707429,0.997393156870055,hold
2020-06-02,-1,-1,0.0082622880359908,-0.0082622880359908,0.9891524073228685,hold
2020-06-03,-1,-1,-0.0032251686810099,0.0032251686810099,0.9923425906877117,hold
2020-06-04,-1,-1,0.0112722762414605,-0.0112722762414605,0.9811566308793132,hold
2020-06-05,-1,-1,0.0024945207587225,-0.0024945207587225,0.9787091152960266,hold
2020-06-08,-1,-1,-0.0118810323499978,0.0118810323499978,0.9903371899560964,hold
2020-06-09,-1,-1,0.0069177285262014,-0.0069177285262014,0.983486306126579,hold
2020-06-10,-1,-1,-0.021169158460066,0.021169158460066,1.0043058835842775,hold
2020-06-11,-1,-1,0.0071602091117954,-0.0071602091117954,0.9971148434456076,hold
2020-06-12,-1,-1,-0.0159632793948444,0.0159632793948444,1.0130320662802763,hold
2020-06-15,-1,-1,0.010220386061458,-0.010220386061458,1.0026784874702555,hold
2020-06-16,-1,-1,-0.0033134566648174,0.0033134566648174,1.0060008191872327,hold
2020-06-17,0,-1,0.0213031875518985,-0.0213031875518985,0.9845697950587236,hold
2020-06-18,-1,-1,0.0151362754442923,-0.0151362754442923,0.9696670754465843,hold
2020-06-19,-1,-1,0.0065206163504338,-0.0065206163504338,0.9633442484599499,hold
2020-06-22,-1,-1,0.0154976919912916,-0.0154976919912916,0.9484146360157354,hold
2020-06-23,-1,-1,-0.0158246772335498,0.0158246772335498,0.9634229915142589,hold
2020-06-24,0,-1,-0.0015913572989929,0.0015913572989929,0.9649561417238227,hold
2020-06-25,0,-1,0.0091457401473864,-0.0091457401473864,0.956130903597992,hold
2020-06-26,0,-1,-0.0067995386087835,0.0067995386087835,0.9626321525920577,hold
2020-06-29,1,1,-0.0009988732845714,-0.0009988732845714,0.9611892889756681,flip
2020-06-30,1,1,0.0124198173347171,0.0124198173347171,0.9731270843688327,hold
2020-07-01,1,1,0.0116634525148986,0.0116634525148986,0.9844771059083303,hold
2020-07-02,0,1,0.0052739760448483,0.0052739760448483,0.9896692145815924,hold
2020-07-03,0,1,0.014735139974255,0.014735139974255,1.0042521289866633,hold
2020-07-06,1,1,0.0033445902359812,0.0033445902359812,1.0076109408517353,hold
2020-07-07,-1,-1,-0.008694762073642,0.008694762073642,1.015868072774814,flip
2020-07-08,-1,-1,0.0100600327219018,-0.0100600327219018,1.005648406721564,hold
2020-07-09,-1,-1,-0.0041985110954393,0.0041985110954393,1.0098706327152953,hold
2020-07-10,-1,-1,0.0032178891492418,-0.0032178891492418,1.0066209809641429,hold
2020-07-13,-1,-1,-0.0180834960154004,0.0180834960154004,1.0248242074624263,hold
2020-07-14,-1,-1,0.0010229309240368,-0.0010229309240368,1.0237758830889114,hold
2020-07-15,-1,-1,0.0114661616621005,-0.0114661616621005,1.0120371033076543,hold
2020-07-16,0,-1,0.0150605912558696,-0.0150605912558696,0.9967952261589634,hold
2020-07-17,1,1,0.0110533217609316,0.0110533217609316,1.0073147269103797,flip
2020-07-20,1,1,0.0127061568657644,0.0127061568657644,1.0201138258436977,hold
2020-07-21,1,1,-0.0026563094918139,-0.0026563094918139,1.0174040878053785,hold
2020-07-22,1,1,0.0074421598588463,0.0074421598588463,1.0249757716678698,hold
2020-07-23,0,1,-0.0018991484351116,-0.0018991484351116,1.0230291905350795,hold
2020-07-24,0,1,-0.0055699256988469,-0.0055699256988469,1.0173309939560475,hold
2020-07-27,1,1,0.0151592736988444,0.0151592736988444,1.0327529929357446,hold
2020-07-28,1,1,-0.0086456143286032,-0.0086456143286032,1.0238242088621115,hold
2020-07-29,1,1,-0.0089887146807479,-0.0089887146807479,1.0146213451654076,hold
2020-07-30,1,1,-0.0025851023723058,-0.0025851023723058,1.0119984451190285,hold
2020-07-31,0,1,-0.0164222155452939,-0.0164222155452939,0.9953791885217815,hold
2020-08-03,0,1,0.0186979321613793,0.0186979321613793,1.0139907210636108,hold
2020-08-04,0,1,0.0005768586219327,0.0005768586219327,1.014575650353616,hold
2020-08-05,-1,-1,0.0088725546683743,-0.0088725546683743,1.0050664846054753,flip
2020-08-06,0,-1,0.001241002448872,-0.001241002448872,1.0038191946368007,hold
2020-08-07,-1,-1,0.005002705259437,-0.005002705259437,0.9987973830722673,hold
2020-08-10,0,-1,0.0046449787767293,-0.0046449787767293,0.9941579904256438,hold
2020-08-11,0,-1,-0.0012452735151247,0.0012452735151247,0.9953959890409705,hold
2020-08-12,-1,-1,-0.000703034473301,0.000703034473301,0.9960957867358519,hold
2020-08-13,-1,-1,-0.0108004373788689,0.0108004373788689,1.0068540569038475,hold
2020-08-14,0,-1,0.0061457110453491,-0.0061457110453491,1.000666222805279,hold
2020-08-17,0,-1,0.0122920579350753,-0.0122920579350753,0.9883659756208836,hold
2020-08-18,1,1,0.0020246002135075,0.0020246002135075,0.9898728385983389,flip
2020-08-19,0,1,-0.008432399987605,-0.008432399987605,0.9815258348864117,hold
2020-08-20,-1,-1,0.0052509160938571,-0.0052509160938571,0.9758811621660269,flip
2020-08-21,0,-1,0.0083410064718865,-0.0083410064718865,0.967741331076608,hold
2020-08-24,1,1,0.0005058064691958,0.0005058064691958,0.9677469502368364,flip
2020-08-25,0,1,0.0067423225064831,0.0067423225064831,0.9742718122799986,hold
2020-08-26,0,1,0.0008355606212675,0.0008355606212675,0.9750858754407508,hold
2020-08-27,0,1,0.0076431956549949,0.0076431956549949,0.9825386475671665,hold
2020-08-28,0,1,-0.0223307478019462,-0.0223307478019462,0.9605978248226787,hold
2020-08-31,-1,-1,0.0072667398463226,-0.0072667398463226,0.9531371114203376,flip
2020-09-01,1,1,0.0056450382511279,0.0056450382511279,0.9580410383171649,flip
2020-09-02,1,1,-0.0006545127600779,-0.0006545127600779,0.957413988232908,hold
2020-09-03,-1,-1,-0.0167947449485598,0.0167947449485598,0.9730148049813466,flip
2020-09-04,0,-1,0.0018705202595032,-0.0018705202595032,0.9711947610758325,hold
2020-09-07,-1,-1,-0.0033201259317187,0.0033201259317187,0.9744192499868296,hold
2020-09-08,1,1,-0.0034769279675166,-0.0034769279675166,0.9705440548194705,flip
2020-09-09,0,1,0.0151844298634509,0.0151844298634509,0.985281212949266,hold
2020-09-10,1,1,0.0013276149365679,0.0013276149365679,0.9865892870042972,hold
2020-09-11,-1,-1,-0.0021283524468515,0.0021283524468515,0.9881958020838281,flip
2020-09-14,0,-1,0.0071459479106903,-0.0071459479106903,0.9811342063565742,hold
2020-09-15,0,-1,0.0071820376506051,-0.0071820376506051,0.9740876635462248,hold
2020-09-16,0,-1,-0.0076220272911209,0.0076220272911209,0.9815121863017183,hold
2020-09-17,-1,-1,-0.0009681588767627,0.0009681588767627,0.9824624460375371,hold
2020-09-18,-1,-1,-0.0221122548386738,0.0221122548386738,1.004186906013746,hold
2020-09-21,0,-1,-0.0086128603263573,0.0086128603263573,1.0128358275767995,hold
2020-09-22,0,-1,-0.0019545871070447,0.0019545871070447,1.0148155034269342,hold
2020-09-23,-1,-1,-0.0293122720965164,0.0293122720965164,1.0445620515911478,hold
2020-09-24,0,-1,0.0226457884823545,-0.0226457884823545,1.0209071203141202,hold
2020-09-25,0,-1,0.0160448681873712,-0.0160448681873712,1.0045268001371315,hold
2020-09-28,1,1,-0.0004586409458945,-0.0004586409458945,1.0035638196152716,flip
2020-09-29,-1,-1,0.0022410013176423,-0.0022410013176423,1.000813049863368,flip
2020-09-30,-1,-1,0.0150610927327836,-0.0150610927327836,0.9857397117111959,hold
2020-10-01,0,-1,0.0075676439490797,-0.0075676439490797,0.9782799845464971,hold
2020-10-05,0,-1,0.0138264754746197,-0.0138264754746197,0.9647538203328536,hold
2020-10-06,0,-1,0.0065551872847253,-0.0065551872847253,0.9584296783569176,hold
2020-10-07,0,-1,0.0081566766068399,-0.0081566766068399,0.9506120774201626,hold
2020-10-08,1,1,0.0067260903253916,0.0067260903253916,0.9565306740785888,flip
2020-10-09,0,1,0.0014058853909966,0.0014058853909966,0.9578754465793161,hold
2020-10-12,-1,-1,0.0002975290843887,-0.0002975290843887,0.9571115130514473,flip
2020-10-13,-1,-1,0.0030625333853533,-0.0030625333853533,0.9541803270892212,hold
2020-10-14,-1,-1,-0.0242836008583533,0.0242836008583533,0.9773512612991488,hold
2020-10-15,-1,-1,0.007028949362235,-0.007028949362235,0.9704815087743607,hold
2020-10-16,-1,-1,0.0094027696218492,-0.0094027696218492,0.9613562947250908,hold
2020-10-19,0,-1,0.0020003285078973,-0.0020003285078973,0.9594332663225056,hold
2020-10-20,0,-1,0.0034337457642519,-0.0034337457642519,0.9561388164081883,hold
2020-10-21,-1,-1,-0.0034512817819539,0.0034512817819539,0.9594387208862768,hold
2020-10-22,0,-1,0.0028495402835257,-0.0028495402835257,0.956704761601537,hold
2020-10-23,-1,-1,-0.0136290733045432,0.0136290733045432,0.9697437609282098,hold
2020-10-26,0,-1,0.0103376083469652,-0.0103376083469652,0.959718929730821,hold
2020-10-27,1,1,-0.0134406089457635,-0.0134406089457635,0.946339863433597,flip
2020-10-28,0,1,-0.0050129421843609,-0.0050129421843609,0.9415959164114484,hold
2020-10-29,1,1,-0.0024333734223676,-0.0024333734223676,0.9393046619338429,hold
2020-10-30,0,1,0.0022976361491175,0.0022976361491175,0.9414628422801368,hold
2020-11-02,1,1,0.0123701901631991,0.0123701901631991,0.9531089166707281,hold
2020-11-03,-1,-1,0.008041647267956,-0.008041647267956,0.9449677964965831,flip
2020-11-04,0,-1,0.0177855989156905,-0.0177855989156905,0.928160978279851,hold
2020-11-05,0,-1,0.0118190145712895,-0.0118190145712895,0.9171910301530591,hold
2020-11-06,0,-1,0.0161046355374614,-0.0161046355374614,0.9024200028942153,hold
2020-11-09,0,-1,0.0136465071043638,-0.0136465071043638,0.8901051219135995,hold
2020-11-10,0,-1,0.0093460415087203,-0.0093460415087203,0.8817861624970704,hold
2020-11-11,-1,-1,-0.0045768215253314,0.0045768215253314,0.8858219403863264,hold
2020-11-12,-1,-1,0.0022969703307613,-0.0022969703307613,0.8837872336709217,hold
2020-11-13,-1,-1,0.0121266198083733,-0.0121266198083733,0.8730698818967005,hold
2020-11-17,-1,-1,0.0049750511655721,-0.0049750511655721,0.8687263145631445,hold
2020-11-18,0,-1,-0.0128726686134137,0.0128726686134137,0.8799091405262681,hold
2020-11-19,0,-1,0.0068393094137191,-0.0068393094137191,0.8738911696582493,hold
2020-11-20,-1,-1,0.005241475198302,-0.005241475198302,0.8693106907664705,hold
2020-11-23,-1,-1,0.0099563448098976,-0.0099563448098976,0.8606555337822692,hold
2020-11-24,-1,-1,-0.0150706804680923,0.0150706804680923,0.8736261983249972,hold
2020-11-25,0,-1,0.0100012136399767,-0.0100012136399767,0.8648888760740682,hold
2020-11-26,-1,-1,-0.0013898363507738,0.0013898363507738,0.8660909300734159,hold
2020-11-27,-1,-1,0.0108026946873185,-0.0108026946873185,0.856734814184377,hold
2020-12-01,-1,-1,0.0003585458429504,-0.0003585458429504,0.8564276354782404,hold
2020-12-02,-1,-1,0.00153658492994,-0.00153658492994,0.8551116616799804,hold
2020-12-03,-1,-1,0.0094906623588735,-0.0094906623588735,0.8469960856198404,hold
2020-12-04,-1,-1,0.0073311332494399,-0.0073311332494399,0.8407866444544073,hold
2020-12-07,0,-1,0.0027853318093331,-0.0027853318093331,0.838444774668746,hold
2020-12-08,0,-1,0.0101657522858669,-0.0101657522858669,0.8299213527840841,hold
2020-12-09,0,-1,-0.0037548548058806,0.0037548548058806,0.8330375869640883,hold
2020-12-10,1,1,0.0026375585350264,0.0026375585350264,0.8348182535681012,flip
2020-12-11,0,1,0.0032781762806703,0.0032781762806703,0.8375549349656188,hold
2020-12-14,-1,-1,0.0007153791977927,-0.0007153791977927,0.836536988120653,flip
2020-12-15,-1,-1,0.008464907059269,-0.008464907059269,0.8294557802645708,hold
2020-12-16,-1,-1,0.0042389293905504,-0.0042389293905504,0.8259397757794454,hold
2020-12-17,0,-1,0.0014445849987885,-0.0014445849987885,0.8247466355694517,hold
2020-12-18,-1,-1,-0.0314049525779333,0.0314049525779333,0.8506477645483203,hold
2020-12-21,0,-1,0.0103462838766079,-0.0103462838766079,0.8418467212973014,hold
2020-12-22,-1,-1,0.0100101591857162,-0.0100101591857162,0.8334197016071422,hold
2020-12-23,1,1,0.0108925303747413,0.0108925303747413,0.8420810411710024,flip
2020-12-24,0,1,0.0090150513891666,0.0090150513891666,0.8496724450310019,hold
2020-12-28,0,1,0.0042815942411449,0.0042815942411449,0.8533103976785062,hold
2020-12-29,0,1,0.0035420946069744,0.0035420946069744,0.8563329038361984,hold
2020-12-30,-1,-1,-1.4318125132972703e-05,1.4318125132972703e-05,0.855916998465953,flip
2020-12-31,0,-1,0.0026284263414808,-0.0026284263414808,0.853667283681064,hold
2021-01-01,-1,-1,0.0081606727271106,-0.0081606727271106,0.8467007843611014,hold
2021-01-04,0,-1,0.0047123808655142,-0.0047123808655142,0.8427108077860623,hold
2021-01-05,0,-1,-0.0037501320469031,0.0037501320469031,0.8458710845926124,hold
2021-01-06,1,1,-0.000629169612088,-0.000629169612088,0.8449159526681466,flip
2021-01-07,-1,-1,0.014847223590326,-0.014847223590326,0.8319488386275153,flip
2021-01-08,-1,-1,0.0095837181341371,-0.0095837181341371,0.8239756754560865,hold
2021-01-11,0,-1,0.0054333140242324,-0.0054333140242324,0.8194987568630046,hold
2021-01-12,0,-1,9.609083312889231e-05,-9.609083312889231e-05,0.8194200105447095,hold
2021-01-13,-1,-1,0.002111247340323,-0.002111247340323,0.8176900122268396,hold
2021-01-14,-1,-1,-0.0110923441582015,0.0110923441582015,0.8267601112571837,hold
2021-01-15,0,-1,-0.0105586501425666,0.0105586501425666,0.8354895820237778,hold
2021-01-18,0,-1,0.0167947308170628,-0.0167947308170628,0.8214577593932281,hold
2021-01-19,-1,-1,0.008508265623863,-0.008508265623863,0.8144685785775272,hold
2021-01-20,-1,-1,-0.0037112802046228,0.0037112802046228,0.8174912996904893,hold
2021-01-21,0,-1,-0.0149721716475961,0.0149721716475961,0.8297309197498717,hold
2021-01-22,0,-1,-0.0092541693433081,0.0092541693433081,0.8374093901906158,hold
2021-01-25,0,-1,-0.0190604880418779,0.0190604880418779,0.8533708218585002,hold
2021-01-27,0,-1,-0.0107356502819043,0.0107356502819043,0.8625323125627543,hold
2021-01-28,0,-1,-0.0132404223540728,0.0132404223540728,0.8739526046751203,hold
2021-01-29,0,-1,0.0474235111013383,-0.0474235111013383,0.8325067036252661,hold
2021-02-01,-1,-1,0.0256735714819573,-0.0256735714819573,0.8111332832605342,hold
2021-02-02,-1,-1,0.0097011226717231,-0.0097011226717231,0.8032643797765063,hold
2021-02-03,-1,-1,0.0071467580293813,-0.0071467580293813,0.7975236436206227,hold
2021-02-04,0,-1,0.0019199973566108,-0.0019199973566108,0.7959924003330365,hold
2021-02-05,-1,-1,0.0128348027329681,-0.0128348027329681,0.7857759948978202,hold
2021-02-08,-1,-1,-0.0004300136336804,0.0004300136336804,0.786113889288645,hold
2021-02-09,-1,-1,-0.0001853034041081,0.0001853034041081,0.7862595588683469,hold
2021-02-10,-1,-1,0.0044219246475027,-0.0044219246475027,0.7827827783456524,hold
2021-02-11,0,-1,-0.0006590524229219,0.0006590524229219,0.7832986732323426,hold
2021-02-12,-1,-1,0.0099846598415338,-0.0099846598415338,0.7754777024257928,hold
2021-02-15,-1,-1,-8.162092525865194e-05,8.162092525865194e-05,0.7755409976333822,hold
2021-02-16,-1,-1,-0.0068273186874309,0.0068273186874309,0.7808358631793934,hold
2021-02-17,0,-1,-0.0059143128695843,0.0059143128695843,0.7854539707740281,hold
2021-02-18,-1,-1,-0.0090747170630297,0.0090747170630297,0.7925817433248356,hold
2021-02-19,0,-1,-0.0204281745915864,0.0204281745915864,0.8087727415555792,hold
2021-02-22,0,-1,0.0021872625461001,-0.0021872625461001,0.807003743229668,hold
2021-02-23,-1,-1,0.0186431824578623,-0.0186431824578623,0.7919586252004593,hold
2021-02-24,0,-1,0.0076992130139501,-0.0076992130139501,0.785861167046806,hold
2021-02-25,1,1,-0.0376356932475859,-0.0376356932475859,0.7558918066451192,flip
2021-02-26,0,1,0.0159953891187234,0.0159953891187234,0.7679825902240628,hold
2021-03-01,1,1,0.0106729853417877,0.0106729853417877,0.7761792571522724,hold
2021-03-02,0,1,0.0218846987116321,0.0218846987116321,0.7931657063412684,hold
2021-03-03,0,1,-0.0108129305241382,-0.0108129305241382,0.7845892606644712,hold
2021-03-04,0,1,-0.0094591045289524,-0.0094591045289524,0.7771677488355525,hold
2021-03-05,0,1,0.0012117060677612,0.0012117060677612,0.7781094477124849,hold
2021-03-08,-1,-1,0.0095077756017913,-0.0095077756017913,0.7703223029661447,flip
2021-03-09,0,-1,0.0050600998838219,-0.0050600998838219,0.7664243951704003,hold
2021-03-10,0,-1,-0.0094795062357636,0.0094795062357636,0.7736897200036594,hold
2021-03-12,0,-1,-0.006749419963093,0.006749419963093,0.778911676845092,hold
2021-03-15,0,-1,-0.0012759841044576,0.0012759841044576,0.7799055557635227,hold
2021-03-16,-1,-1,-0.0126857598628687,0.0126857598628687,0.7897992503596559,hold
2021-03-17,1,1,-0.0111029730717429,-0.0111029730717429,0.7806352309256501,flip
2021-03-18,0,1,0.0127869428260285,0.0127869428260285,0.79061716899148,hold
2021-03-19,0,1,-0.0005154374236977,-0.0005154374236977,0.7902096553147638,hold
2021-03-22,-1,-1,0.0053167399974314,-0.0053167399974314,0.785613211206338,flip
2021-03-23,0,-1,-0.0179111769942118,0.0179111769942118,0.7996844684812457,hold
2021-03-24,0,-1,-0.0154301891468089,0.0154301891468089,0.8120237510876768,hold
2021-03-25,0,-1,0.0127330319296232,-0.0127330319296232,0.801684226737465,hold
2021-03-26,-1,-1,0.0232848158675504,-0.0232848158675504,0.7830171571339636,hold
2021-03-30,0,-1,-0.0104006990943323,0.0104006990943323,0.7911610829710135,hold
2021-03-31,0,-1,0.0120245741669184,-0.0120245741669184,0.7816477078508491,hold
2021-04-01,1,1,-0.015439860548026,-0.015439860548026,0.7691883523900225,flip
2021-04-05,0,1,0.0031220672452334,0.0031220672452334,0.7715898101504345,hold
2021-04-06,-1,-1,0.0092314369658119,-0.0092314369658119,0.7640811325494928,flip
2021-04-07,0,-1,0.0036945688638336,-0.0036945688638336,0.7612581821877328,hold
2021-04-08,-1,-1,-0.0026187118170183,0.0026187118170183,0.7632516979852296,hold
2021-04-09,0,-1,-0.0353255893040076,0.0353255893040076,0.7902140140038423,hold
2021-04-12,0,-1,0.0135561955060299,-0.0135561955060299,0.7795017183384015,hold
2021-04-13,0,-1,0.0052844845607746,-0.0052844845607746,0.775382453542745,hold
2021-04-15,0,-1,0.0024962821650071,-0.0024962821650071,0.7734468801529069,hold
2021-04-16,0,-1,-0.0176769785548196,0.0176769785548196,0.787119084066662,hold
2021-04-19,0,-1,-0.004390823034999,0.004390823034999,0.7905751846722692,hold
2021-04-20,0,-1,0.0076767575754221,-0.0076767575754221,0.7845061306343957,hold
2021-04-22,0,-1,-0.0044981330537942,0.0044981330537942,0.7880349435915064,hold
2021-04-23,0,-1,0.0100165182871698,-0.0100165182871698,0.7801415771680933,hold
2021-04-26,0,-1,0.011601643402658,-0.011601643402658,0.7710906527862018,hold
2021-04-27,0,-1,0.014433855260107,-0.014433855260107,0.7599608419114644,hold
2021-04-28,0,-1,0.0020418099664161,-0.0020418099664161,0.7584091462903636,hold
2021-04-29,0,-1,-0.0177108120451774,0.0177108120451774,0.7718411881336558,hold
2021-04-30,0,-1,0.0002085134632017,-0.0002085134632017,0.7716802488544763,hold
2021-05-03,-1,-1,-0.0094061074234402,0.0094061074234402,0.7789387561717486,hold
2021-05-04,0,-1,0.0083709591539336,-0.0083709591539336,0.772418291660419,hold
2021-05-05,0,-1,0.0073164109749706,-0.0073164109749706,0.7667669619940466,hold
2021-05-06,1,1,0.0066792477481554,0.0066792477481554,0.7715050050173083,flip
2021-05-07,0,1,0.0080414227481215,0.0080414227481215,0.7777090029149442,hold
2021-05-10,0,1,-0.0061302011912188,-0.0061302011912188,0.7729414902588534,hold
2021-05-11,0,1,-0.0103866808073666,-0.0103866808073666,0.7649131937167645,hold
2021-05-12,0,1,-0.0012724250884564,-0.0012724250884564,0.7639398989785879,hold
2021-05-14,-1,-1,0.0167157604819725,-0.0167157604819725,0.7507880926551503,flip
2021-05-17,0,-1,0.012393443335275,-0.012393443335275,0.7414832429720295,hold
2021-05-18,0,-1,-0.0051594324081388,0.0051594324081388,0.7453088756459112,hold
2021-05-19,0,-1,-0.0082567760609306,0.0082567760609306,0.7514627241283435,hold
2021-05-20,0,-1,0.0180631356749747,-0.0180631356749747,0.7378889509877271,hold
2021-05-21,0,-1,0.0014761086049899,-0.0014761086049899,0.7367997467576471,hold
2021-05-24,0,-1,0.0007073438653115,-0.0007073438653115,0.7362785759768151,hold
2021-05-25,-1,-1,0.0061150215048646,-0.0061150215048646,0.7317762166511458,hold
2021-05-26,0,-1,0.0023788211965458,-0.0023788211965458,0.730035451875848,hold
2021-05-27,1,1,0.006376433707514,0.006376433707514,0.7343254568129315,flip
2021-05-28,0,1,0.0095330880357249,0.0095330880357249,0.741325846039603,hold
2021-05-31,0,1,-0.0005101904286871,-0.0005101904286871,0.7409476286884153,hold
2021-06-01,-1,-1,8.67158252806366e-05,-8.67158252806366e-05,0.7405129029889598,flip
2021-06-02,-1,-1,0.0073284506253876,-0.0073284506253876,0.7350860907419428,hold
2021-06-03,0,-1,-0.0012810173052479,0.0012810173052479,0.7360277487450303,hold
2021-06-04,-1,-1,0.0051945814919991,-0.0051945814919991,0.7322043926238015,hold
2021-06-07,0,-1,-0.0007333060957773,0.0007333060957773,0.7327413225682675,hold
2021-06-08,-1,-1,-0.0066549769442125,0.0066549769442125,0.7376176991760311,hold
2021-06-09,0,-1,0.006549286916079,-0.006549286916079,0.7327868292297492,hold
2021-06-10,0,-1,0.0039141306333496,-0.0039141306333496,0.729918605853746,hold
2021-06-11,-1,-1,0.0007911718082738,-0.0007911718082738,0.72934111483046,hold
2021-06-14,-1,-1,0.0036302135450976,-0.0036302135450976,0.7266934508364059,hold
2021-06-15,-1,-1,-0.0064086327528081,0.0064086327528081,0.7313505622866873,hold
2021-06-16,1,1,-0.0048295020472909,-0.0048295020472909,0.7274528279676931,flip
2021-06-17,0,1,-0.0005130696464038,-0.0005130696464038,0.7270795940024722,hold
2021-06-18,-1,-1,0.0040265882096546,-0.0040265882096546,0.7237884040847802,flip
2021-06-21,0,-1,0.0016670371193598,-0.0016670371193598,0.7225818219486086,hold
2021-06-22,0,-1,-0.0054397492312691,0.0054397492312691,0.7265124858590826,hold
2021-06-23,0,-1,0.0065978407983298,-0.0065978407983298,0.7217190721393855,hold
2021-06-24,0,-1,0.0044266891189239,-0.0044266891189239,0.7185242461758262,hold
2021-06-25,0,-1,-0.0028782098242977,0.0028782098242977,0.7205923097201655,hold
2021-06-28,1,1,-0.0041891404314852,-0.0041891404314852,0.7172133511860395,flip
2021-06-29,0,1,-0.0017112919035373,-0.0017112919035373,0.715985989785046,hold
2021-06-30,-1,-1,-0.002639697229908,0.002639697229908,0.7175179830240421,flip
2021-07-01,1,1,0.0026913389867666,0.0026913389867666,0.7190903081539489,flip
2021-07-02,1,1,0.007133188273225,0.007133188273225,0.7242197147074625,hold
2021-07-05,1,1,-0.0010167521731027,-0.0010167521731027,0.7234833627387298,hold
2021-07-06,0,1,0.0038816171589777,0.0038816171589777,0.7262916481737713,hold
2021-07-07,0,1,-0.0095562557277451,-0.0095562557277451,0.7193510194508973,hold
2021-07-08,0,1,-0.0024224839292732,-0.0024224839292732,0.7176084031667712,hold
2021-07-09,0,1,0.0001784474449868,0.0001784474449868,0.7177364585528174,hold
2021-07-12,1,1,0.0076309854951284,0.0076309854951284,0.7232134950573588,hold
2021-07-13,1,1,0.0026308921169333,0.0026308921169333,0.725116191740365,hold
2021-07-14,1,1,0.0044310723280038,0.0044310723280038,0.7283292340321733,hold
2021-07-15,1,1,-5.0225736783704455e-05,-5.0225736783704455e-05,0.728292653159773,hold
2021-07-16,1,1,-0.0107389122803617,-0.0107389122803617,0.7204715822430583,hold
2021-07-19,0,1,-0.0076369809214345,-0.0076369809214345,0.7149693545150323,hold
2021-07-20,0,1,0.0122792331234495,0.0122792331234495,0.7237486298952447,hold
2021-07-22,0,1,0.0020222383267853,0.0020222383267853,0.7252122221135773,hold
2021-07-23,0,1,-0.0019929055322251,-0.0019929055322251,0.7237669426640899,hold
2021-07-26,1,1,-0.0049290812026508,-0.0049290812026508,0.7201994366319043,hold
2021-07-27,1,1,-0.0023528988583426,-0.0023528988583426,0.7185048801996742,hold
2021-07-28,0,1,0.0043954449546468,0.0043954449546468,0.7216630288502369,hold
2021-07-29,1,1,-0.0009760394990868,-0.0009760394990868,0.7209586572290485,hold
2021-07-30,-1,-1,0.0077460001364197,-0.0077460001364197,0.7150136320431849,flip
2021-08-02,1,1,0.0154609558824161,0.0154609558824161,0.7257109194475092,flip
2021-08-03,0,1,0.0079382424678022,0.0079382424678022,0.7314717886876153,hold
2021-08-04,0,1,0.0022018725316477,0.0022018725316477,0.7330823963268018,hold
2021-08-05,0,1,-0.0034612335015614,-0.0034612335015614,0.7305450269772307,hold
2021-08-06,0,1,0.0012347307242392,0.0012347307242392,0.7314470533674797,hold
2021-08-09,0,1,0.0013439090538649,0.0013439090538649,0.7324300516849231,hold
2021-08-10,-1,-1,0.0001320870680521,-0.0001320870680521,0.7319670921210004,flip
2021-08-11,0,-1,0.0050453954843463,-0.0050453954843463,0.728274028659723,hold
2021-08-12,0,-1,0.0100644823408473,-0.0100644823408473,0.7209443275589795,hold
2021-08-13,0,-1,0.0020540242770237,-0.0020540242770237,0.7194634904077908,hold
2021-08-16,-1,-1,0.0031122785775283,-0.0031122785775283,0.7172243195992809,hold
2021-08-17,-1,-1,-0.0027536023181795,0.0027536023181795,0.7191992701483843,hold
2021-08-18,-1,-1,-0.0071428984006249,0.0071428984006249,0.7243364374648578,hold
2021-08-20,0,-1,0.0027931806783987,-0.0027931806783987,0.7223132349230708,hold
2021-08-23,-1,-1,0.0077683620836017,-0.0077683620836017,0.7167020441764107,hold
2021-08-24,-1,-1,0.0006045728309951,-0.0006045728309951,0.716268745592583,hold
2021-08-25,-1,-1,0.0001352598309651,-0.0001352598309651,0.7161718632031286,hold
2021-08-26,-1,-1,0.00410526158848,-0.00410526158848,0.7132317903623707,hold
2021-08-27,0,-1,0.0135198365217041,-0.0135198365217041,0.7035890131545891,hold
2021-08-30,0,-1,0.0118804461754233,-0.0118804461754233,0.6952300617541868,hold
2021-08-31,1,1,-0.0032657347743637,-0.0032657347743637,0.6926120097344561,flip
2021-09-01,1,1,0.009246783727399,0.009246783727399,0.6990164431954698,hold
2021-09-02,-1,-1,0.0051902308336972,-0.0051902308336972,0.6950388782771377,flip
2021-09-03,-1,-1,0.0031287476677577,-0.0031287476677577,0.6928642770077272,hold
2021-09-06,-1,-1,-0.0009035189246697,0.0009035189246697,0.6934902929942314,hold
2021-09-07,-1,-1,-0.0004953092983268,0.0004953092983268,0.6938337851846509,hold
2021-09-08,-1,-1,0.0009075978909154,-0.0009075978909154,0.6932040631045714,hold
2021-09-09,-1,-1,-0.0008030985074197,0.0008030985074197,0.6937607742529879,hold
2021-09-13,-1,-1,0.001423151293159,-0.001423151293159,0.6927734477099667,hold
2021-09-14,-1,-1,0.0080235453826236,-0.0080235453826236,0.6872149485123892,hold
2021-09-15,0,-1,0.0062816347635072,-0.0062816347635072,0.682898115201812,hold
2021-09-16,0,-1,-0.0025156476006126,0.0025156476006126,0.6846160462067822,hold
2021-09-17,-1,-1,-0.010705054879733,0.010705054879733,0.6919448985529716,hold
2021-09-20,0,-1,0.0094901738624639,-0.0094901738624639,0.685378221162459,hold
2021-09-21,0,-1,-0.0008740239935656,0.0008740239935656,0.6859772581724223,hold
2021-09-22,-1,-1,0.0157465283671818,-0.0157465283671818,0.6751754978173686,hold
2021-09-23,0,-1,0.0016972499684944,-0.0016972499684944,0.6740295562249699,hold
2021-09-24,-1,-1,0.0001064453827974,-0.0001064453827974,0.6739578088908408,hold
2021-09-27,1,1,-0.0059646824901542,-0.0059646824901542,0.6696008856446015,flip
2021-09-28,0,1,-0.0021015082285871,-0.0021015082285871,0.6681937138735502,hold
2021-09-29,0,1,-0.0052593760207388,-0.0052593760207388,0.6646794318775953,hold
2021-09-30,0,1,-0.0048869834497958,-0.0048869834497958,0.6614311544945898,hold
2021-10-01,0,1,0.0090804675811375,0.0090804675811375,0.6674372586501323,hold
2021-10-04,0,1,0.0074076609199462,0.0074076609199462,0.6723814075475509,hold
2021-10-05,0,1,-0.0098921448702895,-0.0098921448702895,0.6657301132560014,hold
2021-10-06,0,1,0.0081803020160375,0.0081803020160375,0.6711759866436064,hold
2021-10-07,0,1,0.0058936227604964,0.0058936227604964,0.6751316447147878,hold
2021-10-08,0,1,0.0028359561343596,0.0028359561343596,0.677046288444117,hold
2021-10-11,0,1,0.0025632525445875,0.0025632525445875,0.6787817290657749,hold
2021-10-12,0,1,0.0094375978492116,0.0094375978492116,0.6851877980520903,hold
2021-10-13,0,1,0.0097347877407187,0.0097347877407187,0.6918579558286578,hold
2021-10-14,0,1,0.0075523961327199,0.0075523961327199,0.6970831411786498,hold
2021-10-18,0,1,-0.0031553077349963,-0.0031553077349963,0.6948836293513533,hold
2021-10-19,-1,-1,-0.00826062521208,0.00826062521208,0.7002763607647591,flip
2021-10-20,0,-1,-0.0048449082967022,0.0048449082967022,0.7036691355150126,hold
2021-10-21,0,-1,-0.0034766680845673,0.0034766680845673,0.7061155595405527,hold
2021-10-22,0,-1,0.0005796333280105,-0.0005796333280105,0.7057062714288163,hold
2021-10-25,-1,-1,0.0078894808897,-0.0078894808897,0.7001386152866372,hold
2021-10-26,0,-1,-0.0031448386638428,0.0031448386638428,0.70234043827404,hold
2021-10-27,0,-1,-0.0194223384240636,0.0194223384240636,0.7159815319551035,hold
2021-10-28,0,-1,-0.0103935157639054,0.0103935157639054,0.723423097294144,hold
2021-10-29,0,-1,0.0145996550575078,-0.0145996550575078,0.7128613696130156,hold
2021-11-01,0,-1,-0.0022700482713416,0.0022700482713416,0.7144795993328118,hold
2021-11-02,0,-1,-0.0033400508475575,0.0033400508475575,0.7168659975241258,hold
2021-11-03,1,1,0.0049133761659847,0.0049133761659847,0.7200297968318037,flip
2021-11-04,0,1,0.0084697040421863,0.0084697040421863,0.7261282361125246,hold
2021-11-08,0,1,-0.0013449214352717,-0.0013449214352717,0.7251516506830209,hold
2021-11-09,-1,-1,-0.0014991358050348,0.0014991358050348,0.7258761756612984,flip
2021-11-10,-1,-1,-0.007970140510272,0.007970140510272,0.7316615107743777,hold
2021-11-11,0,-1,0.0128206066843303,-0.0128206066843303,0.7222811663186766,hold
2021-11-12,0,-1,0.0003700663573213,-0.0003700663573213,0.7220138743584953,hold
2021-11-15,-1,-1,-0.0060879819517564,0.0060879819517564,0.7264094817945075,hold
2021-11-16,1,1,-0.005586294529162,-0.005586294529162,0.7219883397395301,flip
2021-11-17,1,1,-0.0074781956434608,-0.0074781956434608,0.7165891696826605,hold
2021-11-18,1,1,-0.0196033721001568,-0.0196033721001568,0.7025416055464289,hold
2021-11-22,0,1,0.0049836979327988,0.0049836979327988,0.7060428606936958,hold
2021-11-23,-1,-1,-0.0050446817378146,0.0050446817378146,0.7092516007888049,flip
2021-11-24,0,-1,0.006959452503032,-0.006959452503032,0.7043155979604158,hold
2021-11-25,-1,-1,-0.0290712541877539,0.0290712541877539,0.7247909357371228,hold
2021-11-26,1,1,0.0016151341742889,0.0016151341742889,0.7255991748787782,flip
2021-11-29,-1,-1,-0.004148599194972,0.004148599194972,0.7282465954441133,flip
2021-11-30,1,1,0.0108166411704213,0.0108166411704213,0.7357596542528912,flip
2021-12-01,-1,-1,0.0136745711024337,-0.0136745711024337,0.7253305767193816,flip
2021-12-02,-1,-1,-0.0117776858673942,0.0117776858673942,0.7338732924019983,hold
2021-12-03,0,-1,-0.0165409195759996,0.0165409195759996,0.7460122315105937,hold
2021-12-06,0,-1,0.0156365485816494,-0.0156365485816494,0.7343471750100736,hold
2021-12-07,0,-1,0.0170609485278816,-0.0170609485278816,0.7218185156556315,hold
2021-12-08,-1,-1,0.0026960665936832,-0.0026960665936832,0.7198724448688704,hold
2021-12-09,-1,-1,-0.0003167708948091,0.0003167708948091,0.7201004795073799,hold
2021-12-10,-1,-1,-0.0081690551168631,0.0081690551168631,0.7259830200141553,hold
2021-12-13,0,-1,-0.0024959111813221,0.0024959111813221,0.7277950091512586,hold
2021-12-14,1,1,-0.0059740603216401,-0.0059740603216401,0.7230832203602249,flip
2021-12-15,0,1,0.0015678167505297,0.0015678167505297,0.7242168823451326,hold
2021-12-16,-1,-1,-0.01525945397337,0.01525945397337,0.7349059280868431,flip
2021-12-17,0,-1,-0.0218425462793778,0.0218425462793778,0.7509581448320691,hold
2021-12-20,0,-1,0.009428705444209,-0.009428705444209,0.7438775816835179,hold
2021-12-21,0,-1,0.0110071709945933,-0.0110071709945933,0.7356895939428829,hold
2021-12-22,-1,-1,0.0069093062126275,-0.0069093062126275,0.7306064892608879,hold
2021-12-23,-1,-1,-0.0040327548791804,0.0040327548791804,0.7335528461452155,hold
2021-12-24,0,-1,0.0048518709108285,-0.0048518709108285,0.7299937424294481,hold
2021-12-27,0,-1,0.0086034091740434,-0.0086034091740434,0.7237133075688363,hold
2021-12-28,0,-1,-0.0011402602889762,0.0011402602889762,0.7245385291140608,hold
2021-12-29,-1,-1,-0.0005606259494814,0.0005606259494814,0.7249447242148813,hold
2021-12-30,-1,-1,0.0087248317576065,-0.0087248317576065,0.718619703462542,hold
2021-12-31,0,-1,0.0156533158122078,-0.0156533158122078,0.7073709222953678,hold
2022-01-03,0,-1,0.0101868742352642,-0.0101868742352642,0.7001650236722621,hold
2022-01-04,-1,-1,0.006739585234692,-0.006739585234692,0.6954462018168728,hold
2022-01-05,-1,-1,-0.0100054174627969,0.0100054174627969,0.702404431388967,hold
2022-01-06,-1,-1,0.0037641836511315,-0.0037641836511315,0.6997604521118503,hold
2022-01-07,-1,-1,0.0107003189218717,-0.0107003189218717,0.6922727921053404,hold
2022-01-10,-1,-1,0.0029133112526023,-0.0029133112526023,0.6902559859902295,hold
2022-01-11,-1,-1,0.0086731157318304,-0.0086731157318304,0.6842693159391475,hold
2022-01-12,0,-1,0.0024956237305924,-0.0024956237305924,0.6825616371961736,hold
2022-01-13,-1,-1,-0.0001123235637506,0.0001123235637506,0.6826383049517428,hold
2022-01-14,-1,-1,0.0028675682661627,-0.0028675682661627,0.6806807930111961,hold
2022-01-17,-1,-1,-0.0106536905679234,0.0106536905679234,0.6879325555554661,hold
2022-01-18,0,-1,-0.0096422404339412,0.0096422404339412,0.6945657666584675,hold
2022-01-19,0,-1,-0.010112406160797,0.010112406160797,0.7015894977963032,hold
2022-01-20,0,-1,-0.0078757453046686,0.0078757453046686,0.7071150379893771,hold
2022-01-21,0,-1,-0.0265679051873833,0.0265679051873833,0.7259016032752519,hold
2022-01-24,0,-1,0.0075134912216943,-0.0075134912216943,0.7204475479512295,hold
2022-01-25,-1,-1,-0.0097117329146276,0.0097117329146276,0.7274443421159302,hold
2022-01-27,1,1,-0.0004793161771092,-0.0004793161771092,0.7267319441037496,flip
2022-01-28,-1,-1,0.0139107178709299,-0.0139107178709299,0.7162592150894781,flip
2022-01-31,-1,-1,0.0136679386118703,-0.0136679386118703,0.7064694281074487,hold
2022-02-01,-1,-1,0.0115578385853996,-0.0115578385853996,0.6983041684918633,hold
2022-02-02,-1,-1,-0.0123622486642295,0.0123622486642295,0.7069367782660276,hold
2022-02-03,0,-1,-0.0024998826581151,0.0024998826581151,0.7087040372583986,hold
2022-02-04,-1,-1,-0.0172811129276234,0.0172811129276234,0.7209512317585236,hold
2022-02-07,-1,-1,0.0030876976246183,-0.0030876976246183,0.7187251523527572,hold
2022-02-08,-1,-1,0.0114121523303458,-0.0114121523303458,0.7105229514304566,hold
2022-02-09,-1,-1,0.008133901085124,-0.008133901085124,0.7047436280248109,hold
2022-02-10,0,-1,-0.0131262969128136,0.0131262969128136,0.7139943021336781,hold
2022-02-11,-1,-1,-0.0306162228952934,0.0306162228952934,0.7358541108337722,hold
2022-02-14,0,-1,0.0302591263839775,-0.0302591263839775,0.7135878082938837,hold
2022-02-15,0,-1,-0.0017432697608654,0.0017432697608654,0.7148317843418047,hold
2022-02-16,0,-1,-0.0010160147191904,0.0010160147191904,0.7155580639564412,hold
2022-02-17,-1,-1,-0.0016353356196504,0.0016353356196504,0.7167282415463572,hold
2022-02-18,1,1,-0.004031556958107,-0.004031556958107,0.713480346696306,flip
2022-02-21,0,1,-0.0066515660675804,-0.0066515660675804,0.7087345850323353,hold
2022-02-22,0,1,-0.0016937094155936,-0.0016937094155936,0.7075341945925093,hold
2022-02-23,0,1,-0.0477810384708364,-0.0477810384708364,0.6737274760212524,hold
2022-02-24,0,1,0.0252616601096495,0.0252616601096495,0.6907469505270334,hold
2022-02-25,0,1,0.0081340342903666,0.0081340342903666,0.6963655099085865,hold
2022-02-28,-1,-1,-0.0111916331229355,0.0111916331229355,0.7038107944599951,flip
2022-03-02,1,1,-0.006497577228417,-0.006497577228417,0.6988858240715677,flip
2022-03-03,1,1,-0.0153170320073322,-0.0153170320073322,0.6881809675347927,hold
2022-03-04,0,1,-0.0235266847399477,-0.0235266847399477,0.6719903508675695,hold
2022-03-07,1,1,0.0094747765094835,0.0094747765094835,0.6783573092585692,hold
2022-03-08,-1,-1,0.0207262900882942,-0.0207262900882942,0.6639583002287321,flip
2022-03-09,0,-1,0.0152673871904744,-0.0152673871904744,0.6538213917808109,hold
2022-03-10,1,1,0.0021421537513466,0.0021421537513466,0.6548950670320345,flip
2022-03-11,-1,-1,0.014482565042708,-0.014482565042708,0.6450830590940785,flip
2022-03-14,-1,-1,-0.0123464565033122,0.0123464565033122,0.6530475490242071,hold
2022-03-15,-1,-1,0.0187451004846066,-0.0187451004846066,0.6408061070965223,hold
2022-03-16,0,-1,0.0183619883565082,-0.0183619883565082,0.6290396328192367,hold
2022-03-17,0,-1,-0.0098022024704637,0.0098022024704637,0.6352056066620769,hold
2022-03-21,0,-1,0.0115612232521558,-0.0115612232521558,0.6278618528324356,hold
2022-03-22,-1,-1,-0.004033935455228,0.004033935455228,0.6303946070215614,hold
2022-03-23,-1,-1,-0.0013278937068936,0.0013278937068936,0.631231704053085,hold
2022-03-24,-1,-1,-0.0040498758909001,0.0040498758909001,0.6337881141129014,hold
2022-03-25,-1,-1,0.0040226199498629,-0.0040226199498629,0.6312386254010849,hold
2022-03-28,0,-1,0.005998187274997,-0.005998187274997,0.6274523379107175,hold
2022-03-29,0,-1,0.0099824655821947,-0.0099824655821947,0.6211888165430561,hold
2022-03-30,-1,-1,-0.0019144771620018,0.0019144771620018,0.6223780683456188,hold
2022-03-31,-1,-1,0.0117779652585923,-0.0117779652585923,0.6150477210789344,hold
2022-04-01,-1,-1,0.0216718413399843,-0.0216718413399843,0.6017185044511928,hold
2022-04-04,0,-1,-0.005317557796472,0.005317557796472,0.6049181773758187,hold
2022-04-05,-1,-1,-0.0083391803235717,0.0083391803235717,0.609962699137962,hold
2022-04-06,-1,-1,-0.0094397411049521,0.0094397411049521,0.6157205891015021,hold
2022-04-07,-1,-1,0.0082087593907955,-0.0082087593907955,0.610666286933609,hold
2022-04-08,-1,-1,-0.006151497975913,0.006151497975913,0.6144227993616395,hold
2022-04-11,0,-1,-0.0081838106412522,0.0081838106412522,0.6194511192052832,hold
2022-04-12,0,-1,-0.0031174816283502,0.0031174816283502,0.6213822466890666,hold
2022-04-13,0,-1,-0.0172811880101475,0.0172811880101475,0.6321204701202683,hold
2022-04-18,0,-1,-0.0125191788064678,0.0125191788064678,0.6400340993129324,hold
2022-04-19,0,-1,0.010490244596548,-0.010490244596548,0.6333199850610085,hold
2022-04-20,-1,-1,0.014941678252146,-0.014941678252146,0.623857121613573,hold
2022-04-21,-1,-1,-0.0126864526051679,0.0126864526051679,0.6317716554193201,hold
2022-04-22,0,-1,-0.0126951225643019,0.0126951225643019,0.6397920740175204,hold
2022-04-25,0,-1,0.0145601216162072,-0.0145601216162072,0.6304766236107399,hold
2022-04-26,-1,-1,-0.0094414436101153,0.0094414436101153,0.6364292331000566,hold
2022-04-27,0,-1,0.0121285088909346,-0.0121285088909346,0.6287102954879519,hold
2022-04-28,-1,-1,-0.0082632403816946,0.0082632403816946,0.6339054797900151,hold
2022-04-29,1,1,-0.0019559171203674,-0.0019559171203674,0.6323486604695041,flip
2022-05-02,0,1,-0.0229361834519363,-0.0229361834519363,0.6178449955873894,hold
2022-05-04,0,1,0.0003028482136697,0.0003028482136697,0.6180321088406279,hold
2022-05-05,-1,-1,-0.0162684216398562,0.0162684216398562,0.6277774997197964,flip
2022-05-06,1,1,-0.0066661826871809,-0.0066661826871809,0.6232787314699026,flip
2022-05-09,1,1,-0.0037909688880922,-0.0037909688880922,0.6209159011902907,hold
2022-05-10,1,1,-0.0044919933245182,-0.0044919933245182,0.6181267511070567,hold
2022-05-11,1,1,-0.0222117521417858,-0.0222117521417858,0.6043970729192595,hold
2022-05-12,0,1,-0.0016352232651188,-0.0016352232651188,0.6034087487642522,hold
2022-05-13,0,1,0.0038112305721171,0.0038112305721171,0.6057084786350255,hold
2022-05-16,-1,-1,0.0263219359020472,-0.0263219359020472,0.5894622046457504,flip
2022-05-17,1,1,-0.0011685620062508,-0.0011685620062508,0.5884786504069577,flip
2022-05-18,-1,-1,-0.0265327253341793,0.0265327253341793,0.6037983534780306,flip
2022-05-19,-1,-1,0.0288910387942893,-0.0288910387942893,0.5863539918237688,hold
2022-05-20,0,-1,-0.0031630222318707,0.0031630222318707,0.5882086425356534,hold
2022-05-23,1,1,-0.0055227542667355,-0.0055227542667355,0.5846660064240912,flip
2022-05-24,0,1,-0.0061612191843656,-0.0061612191843656,0.5810637510088646,hold
2022-05-25,0,1,0.0090073873189953,0.0090073873189953,0.5862976172712298,hold
2022-05-26,0,1,0.0112738471989222,0.0112738471989222,0.5929074470214378,hold
2022-05-27,-1,-1,0.0188932050929628,-0.0188932050929628,0.5814090713002061,flip
2022-05-30,1,1,-0.0046124339835348,-0.0046124339835348,0.5784366558057555,flip
2022-05-31,0,1,-0.0037264067061659,-0.0037264067061659,0.5762811655724688,hold
2022-06-01,0,1,0.0063700049931154,0.0063700049931154,0.5799520794746038,hold
2022-06-02,0,1,-0.0026280502014673,-0.0026280502014673,0.5784279362952992,hold
2022-06-03,-1,-1,-0.0008893953501298,0.0008893953501298,0.5786531734440779,flip
2022-06-06,-1,-1,-0.0092459460064759,0.0092459460064759,0.5840033694422178,hold
2022-06-07,0,-1,-0.0036609606157923,0.0036609606157923,0.5861413827772357,hold
2022-06-08,0,-1,0.0074497277416889,-0.0074497277416889,0.5817747890574082,hold
2022-06-09,-1,-1,-0.0167676984141,0.0167676984141,0.5915298132652496,hold
2022-06-10,0,-1,-0.0263797491152091,0.0263797491152091,0.6071342213333534,hold
2022-06-13,0,-1,-0.0026816094559853,0.0026816094559853,0.6087623182023332,hold
2022-06-14,1,1,-0.002539344381356,-0.002539344381356,0.6069120798709238,flip
2022-06-15,0,1,-0.0211284478542902,-0.0211284478542902,0.5940889696392321,hold
2022-06-16,1,1,-0.0043682936266399,-0.0043682936266399,0.5914938145794999,hold
2022-06-17,1,1,0.0037042135956451,0.0037042135956451,0.5936848340092052,hold
2022-06-20,-1,-1,0.018804337854487,-0.018804337854487,0.5822241413944066,flip
2022-06-21,1,1,-0.0144192650853174,-0.0144192650853174,0.5735377850898722,flip
2022-06-22,0,1,0.0093004475196092,0.0093004475196092,0.5788719431606134,hold
2022-06-23,0,1,0.0091664725885294,0.0091664725885294,0.584178156959864,hold
2022-06-24,-1,-1,0.008458990377725,-0.008458990377725,0.5789445104727834,flip
2022-06-27,-1,-1,0.0011464333961117,-0.0011464333961117,0.5782807891514818,hold
2022-06-28,-1,-1,-0.0032239710103227,0.0032239710103227,0.5801451496515329,hold
2022-06-29,-1,-1,-0.0011930812414028,0.0011930812414028,0.5808373099468729,hold
2022-06-30,-1,-1,-0.0017870563085186,0.0017870563085186,0.5818752989258363,hold
2022-07-01,0,-1,0.0052881882498054,-0.0052881882498054,0.5787982328072048,hold
2022-07-04,1,1,-0.0015471713984448,-0.0015471713984448,0.5776133336195315,flip
2022-07-05,-1,-1,0.0113181897073002,-0.0113181897073002,0.5707869896653498,flip
2022-07-06,-1,-1,0.0089494920315105,-0.0089494920315105,0.5656787360496499,hold
2022-07-07,0,-1,0.0054360478665673,-0.0054360478665673,0.5626036793633847,hold
2022-07-08,0,-1,-0.0002835659276332,0.0002835659276332,0.5627632145976132,hold
2022-07-11,1,1,-0.0097249750439381,-0.0097249750439381,0.5570089747727063,flip
2022-07-12,0,1,-0.0057072925015229,-0.0057072925015229,0.553829961627705,hold
2022-07-13,0,1,-0.0017536552323109,-0.0017536552323109,0.5528587348176861,hold
2022-07-14,0,1,0.0069359576863876,0.0069359576863876,0.5566933396089314,hold
2022-07-15,0,1,0.0142873041582765,0.0142873041582765,0.564646986674811,hold
2022-07-18,0,1,0.0038117642711243,0.0038117642711243,0.566799287884416,hold
2022-07-19,-1,-1,0.0110338885069691,-0.0110338885069691,0.5602618880921277,flip
2022-07-20,0,-1,0.005108719746296,-0.005108719746296,0.5573996671213344,hold
2022-07-21,0,-1,0.0068772959606149,-0.0068772959606149,0.5535662646421927,hold
2022-07-22,0,-1,-0.0052901993117577,0.0052901993117577,0.5564947405144152,hold
2022-07-25,-1,-1,-0.008847958067765,0.008847958067765,0.5614185826434185,hold
2022-07-26,-1,-1,0.0095821774414373,-0.0095821774414373,0.556038970165609,hold
2022-07-27,-1,-1,0.0172937311236929,-0.0172937311236929,0.5464229817212698,hold
2022-07-28,-1,-1,0.0135059538264792,-0.0135059538264792,0.5390430181604152,hold
2022-07-29,-1,-1,0.0105955316684394,-0.0105955316684394,0.5333315707908454,hold
2022-08-01,-1,-1,0.0003113276638058,-0.0003113276638058,0.5331655299188771,hold
2022-08-02,-1,-1,0.0024618083588656,-0.0024618083588656,0.5318529785606638,hold
2022-08-03,-1,-1,-0.0003537116074355,0.0003537116074355,0.5320411011326298,hold
2022-08-04,-1,-1,0.0008917270739845,-0.0008917270739845,0.5315666656782773,hold
2022-08-05,-1,-1,0.0073343646716481,-0.0073343646716481,0.5276679619049007,hold
2022-08-08,-1,-1,0.0005506610997998,-0.0005506610997998,0.527377395684669,hold
2022-08-10,-1,-1,0.0070859293688247,-0.0070859293688247,0.5236404367081328,hold
2022-08-11,0,-1,0.0022170219505635,-0.0022170219505635,0.5224795143657481,hold
2022-08-12,-1,-1,0.0071815193435313,-0.0071815193435313,0.5187273176267316,hold
2022-08-16,0,-1,0.0066759231988331,-0.0066759231988331,0.5152643338931189,hold
2022-08-17,0,-1,0.000682669936052,-0.000682669936052,0.5149125784232501,hold
2022-08-18,-1,-1,-0.011029475746944,0.011029475746944,0.5205917942187658,hold
2022-08-19,-1,-1,-0.0150773300473388,0.0150773300473388,0.5284409285201384,hold
2022-08-22,-1,-1,0.0049626821755044,-0.0049626821755044,0.5258184441433644,hold
2022-08-23,-1,-1,0.0015616110795051,-0.0015616110795051,0.524997320235182,hold
2022-08-24,-1,-1,-0.0046861822192667,0.0046861822192667,0.5274575533424308,hold
2022-08-25,0,-1,0.0020802555293466,-0.0020802555293466,0.5263603068505945,hold
2022-08-26,1,1,-0.0140099889245538,-0.0140099889245538,0.5187228246278677,flip
2022-08-29,0,1,0.0257842637890255,0.0257842637890255,0.5320977107714611,hold
2022-08-30,0,1,-0.0121907952721076,-0.0121907952721076,0.525611016514689,hold
2022-09-01,0,1,-0.0001910505934481,-0.0001910505934481,0.525510598218061,hold
2022-09-02,0,1,0.0072038500710118,0.0072038500710118,0.5292962977783516,hold
2022-09-05,0,1,-0.0005774531254664,-0.0005774531254664,0.5289906539769017,hold
2022-09-06,1,1,-0.0017671004916441,-0.0017671004916441,0.528055874332184,hold
2022-09-07,0,1,0.0098925129655895,0.0098925129655895,0.533279673915571,hold
2022-09-08,0,1,0.0019439347917691,0.0019439347917691,0.5343163348274388,hold
2022-09-09,1,1,0.005775695663245,0.005775695663245,0.5374023833653027,hold
2022-09-12,0,1,0.0074542019299801,0.0074542019299801,0.5414082892485602,hold
2022-09-13,0,1,-0.0036690976717561,-0.0036690976717561,0.5394218093550089,hold
2022-09-14,0,1,-0.0070179606679163,-0.0070179606679163,0.5356361683135392,hold
2022-09-15,0,1,-0.0193848531485446,-0.0193848531485446,0.5252529398497322,hold
2022-09-16,0,1,0.0052136885924867,0.0052136885924867,0.5279914451103969,hold
2022-09-19,0,1,0.0110088098852303,0.0110088098852303,0.5338040025506453,hold
2022-09-20,-1,-1,-0.0054950054374517,0.0054950054374517,0.5364703564459192,flip
2022-09-21,0,-1,-0.0049975776569025,0.0049975776569025,0.5391514087128838,hold
2022-09-22,0,-1,-0.0171556772324205,0.0171556772324205,0.5484009162601668,hold
2022-09-23,0,-1,-0.0179513217622564,0.0179513217622564,0.5582454375626693,hold
2022-09-26,0,-1,-0.0005230508522044,0.0005230508522044,0.5585374283145257,hold
2022-09-27,-1,-1,-0.0087491784653945,0.0087491784653945,0.563424171954452,hold
2022-09-28,1,1,-0.0024023347691036,-0.0024023347691036,0.5617889263904353,flip
2022-09-29,1,1,0.016425755966269,0.016425755966269,0.5710167341998769,hold
2022-09-30,-1,-1,-0.0121092644487904,0.0121092644487904,0.5776458184718879,flip
2022-10-03,0,-1,0.0229136709327191,-0.0229136709327191,0.5644098322717619,hold
2022-10-04,1,1,0.0033286441360573,0.0033286441360573,0.5660063468341505,flip
2022-10-06,-1,-1,-0.0009895331040011,0.0009895331040011,0.5662834256780006,flip
2022-10-07,-1,-1,-0.0042536458411471,0.0042536458411471,0.5686921948165463,hold
2022-10-10,1,1,-0.0149323831999303,-0.0149323831999303,0.559915918943328,flip
2022-10-11,-1,-1,0.0082461453396196,-0.0082461453396196,0.555018812938283,flip
2022-10-12,-1,-1,-0.0063800837728176,0.0063800837728176,0.558559879460319,hold
2022-10-13,0,-1,0.0100708880038873,-0.0100708880038873,0.5529346854708094,hold
2022-10-14,-1,-1,0.0073375869608156,-0.0073375869608156,0.5488774791325162,hold
2022-10-17,-1,-1,0.010117285874136,-0.010117285874136,0.5433243287662574,hold
2022-10-18,0,-1,0.0014468379208691,-0.0014468379208691,0.5425382265240676,hold
2022-10-19,0,-1,0.002952174549244,-0.002952174549244,0.5409365589797313,hold
2022-10-20,-1,-1,0.0007032337856462,-0.0007032337856462,0.5405561541155656,hold
2022-10-21,-1,-1,0.0087873563767617,-0.0087873563767617,0.5358060945477005,hold
2022-10-24,0,-1,-0.004196122026705,0.004196122026705,0.5380544023030749,hold
2022-10-25,0,-1,0.0045649078749665,-0.0045649078749665,0.5355982335248411,hold
2022-10-27,0,-1,0.0028106052447454,-0.0028106052447454,0.5340928783206198,hold
2022-10-28,-1,-1,0.0126722303955641,-0.0126722303955641,0.5273247303139109,hold
2022-10-31,-1,-1,0.0073950532223929,-0.0073950532223929,0.5234251358677556,hold
2022-11-01,0,-1,-0.0034471976315451,0.0034471976315451,0.5252294857564102,hold
2022-11-02,-1,-1,-0.0016673473084335,0.0016673473084335,0.526105225725796,hold
2022-11-03,-1,-1,0.0035701681556883,-0.0035701681556883,0.5242269416023685,hold
2022-11-04,-1,-1,0.0047275862251119,-0.0047275862251119,0.5217486135344166,hold
2022-11-07,0,-1,-0.0025161392359563,0.0025161392359563,0.5230614056922364,hold
2022-11-09,0,-1,-0.0070937259046097,0.0070937259046097,0.526771859935497,hold
2022-11-10,0,-1,0.0178331732470333,-0.0178331732470333,0.5173778460956053,hold
2022-11-11,-1,-1,-0.0011198455015547,0.0011198455015547,0.5179572293491596,hold
2022-11-14,-1,-1,0.0040509242609507,-0.0040509242609507,0.5158590238426543,hold
2022-11-15,-1,-1,0.0003396111515991,-0.0003396111515991,0.5156838323655043,hold
2022-11-16,-1,-1,-0.0035714963948192,0.0035714963948192,0.5175255953136643,hold
2022-11-17,-1,-1,-0.0019761337135545,0.0019761337135545,0.518548295090191,hold
2022-11-18,0,-1,-0.0080677295405768,0.0080677295405768,0.5227318024887059,hold
2022-11-21,0,-1,0.0046393301536886,-0.0046393301536886,0.520306677075128,hold
2022-11-22,0,-1,0.0012634580983039,-0.0012634580983039,0.5196492913903759,hold
2022-11-23,-1,-1,0.0118709498898301,-0.0118709498898301,0.513480560691995,hold
2022-11-24,0,-1,0.0015500019600884,-0.0015500019600884,0.5126846648164551,hold
2022-11-25,0,-1,0.0027008413120686,-0.0027008413120686,0.5112999848936548,hold
2022-11-28,0,-1,0.0029791265437502,-0.0029791265437502,0.509776757536839,hold
2022-11-29,0,-1,0.0075356346254191,-0.0075356346254191,0.5059352661515106,hold
2022-11-30,0,-1,0.0028867353340049,-0.0028867353340049,0.504474764941992,hold
2022-12-01,-1,-1,-0.006187396179402,0.006187396179402,0.5075961501751987,hold
2022-12-02,0,-1,0.0002648237856262,-0.0002648237856262,0.50746172664114,hold
2022-12-05,-1,-1,-0.0031175136590962,0.0031175136590962,0.5090437455054123,hold
2022-12-06,0,-1,-0.0044119027503989,0.0044119027503989,0.511289597006281,hold
2022-12-07,0,-1,0.0026319123609277,-0.0026319123609277,0.5099439275959063,hold
2022-12-08,0,-1,-0.0060587824059793,0.0060587824059793,0.5130335668924604,hold
2022-12-09,0,-1,2.977743269738653e-05,-2.977743269738653e-05,0.5130182900699507,hold
2022-12-12,1,1,0.0059927938646799,0.0059927938646799,0.5158361937861156,flip
2022-12-13,1,1,0.0028106610731943,0.0028106610731943,0.517286034496135,hold
2022-12-14,0,1,-0.0131509343553336,-0.0131509343553336,0.5104832398135455,hold
2022-12-15,0,1,-0.0079229530179417,-0.0079229530179417,0.5064387050880561,hold
2022-12-16,0,1,0.0082899566889265,0.0082899566889265,0.5106370600188321,hold
2022-12-19,1,1,-0.0019081205394395,-0.0019081205394395,0.5096627029564113,hold
2022-12-20,1,1,-0.0101277196435586,-0.0101277196435586,0.5045009819880905,hold
2022-12-21,0,1,-0.0039425027358517,-0.0039425027358517,0.5025119854863626,hold
2022-12-22,1,1,-0.0176831602541178,-0.0176831602541178,0.4936259855173923,hold
2022-12-23,0,1,0.0116696328935068,0.0116696328935068,0.4993864195550758,hold
2022-12-26,-1,-1,0.0065336546149905,-0.0065336546149905,0.4958739079605087,flip
2022-12-27,-1,-1,-0.0005405150382313,0.0005405150382313,0.4961419352648279,hold
2022-12-28,-1,-1,0.0037798317009243,-0.0037798317009243,0.494266602249756,hold
2022-12-29,-1,-1,-0.0047110779368918,0.0047110779368918,0.49659513073455724,hold
2022-12-30,1,1,0.0050895833553579,0.0050895833553579,0.4988742954809284,flip
2023-01-02,0,1,0.0019289276248581,0.0019289276248581,0.4998365878908132,hold
2023-01-03,-1,-1,-0.0103990694870288,0.0103990694870288,0.5047845050065037,flip
2023-01-04,0,-1,-0.0028154392892826,0.0028154392892826,0.5062056951345201,hold
2023-01-05,1,1,-0.0073755037054461,-0.0073755037054461,0.5022190703067703,flip
2023-01-06,0,1,0.0135362517084902,0.0135362517084902,0.5090172340552467,hold
2023-01-09,0,1,-0.0103335047509585,-0.0103335047509585,0.5037573020488171,hold
2023-01-10,0,1,-0.0010299775022909,-0.0010299775022909,0.503238443361092,hold
2023-01-11,-1,-1,-0.0020954755408891,0.0020954755408891,0.5040413479887098,flip
2023-01-12,0,-1,0.0055100959183882,-0.0055100959183882,0.5012640318144583,hold
2023-01-13,1,1,-0.0034388470725693,-0.0034388470725693,0.4992896294501617,flip
2023-01-16,0,1,0.0088545685118242,0.0088545685118242,0.5037106236813714,hold
2023-01-17,1,1,0.00620655632356,0.00620655632356,0.5068369320380254,hold
2023-01-18,1,1,-0.003165367099256,-0.003165367099256,0.5052326070886644,hold
2023-01-19,1,1,-0.0044289753051891,-0.0044289753051891,0.5029949443484923,hold
2023-01-20,1,1,0.0050422760956287,0.0050422760956287,0.5055311837326029,hold
2023-01-23,0,1,-1.3798013043020418e-05,-1.3798013043020418e-05,0.5055242084067361,hold
2023-01-24,1,1,-0.0124929796250122,-0.0124929796250122,0.4992087047711603,hold
2023-01-25,0,1,-0.0160742469061787,-0.0160742469061787,0.49118430079295505,hold
2023-01-27,0,1,0.0025334426073457,0.0025334426073457,0.49242868802864326,hold
2023-01-30,0,1,0.0007479862801675,0.0007479862801675,0.4927970179312496,hold
2023-01-31,0,1,-0.0025959245256645,-0.0025959245256645,0.49151775406622755,hold
2023-02-01,1,1,-0.0003349392530399,-0.0003349392530399,0.4913531254768248,hold
2023-02-02,-1,-1,0.0138355963078902,-0.0138355963078902,0.48430928542536894,flip
2023-02-03,0,-1,-0.0050101331608701,0.0050101331608701,0.48673573943639586,hold
2023-02-06,0,-1,-0.0024261514654264,0.0024261514654264,0.4879166340639049,hold
2023-02-07,0,-1,0.0084755364246817,-0.0084755364246817,0.4837812788596882,hold
2023-02-08,0,-1,0.0012170079483646,-0.0012170079483646,0.48319251319804596,hold
2023-02-09,0,-1,-0.0020649578680046,0.0020649578680046,0.48419028537993514,hold
2023-02-10,1,1,-0.0047937507000251,-0.0047937507000251,0.48162710271775977,flip
2023-02-13,1,1,0.0089443537049958,0.0089443537049958,0.48593494587837976,hold
2023-02-14,0,1,0.0047964707944361,0.0047964707944361,0.4882657186542813,hold
2023-02-15,0,1,0.0011101336008929,0.0011101336008929,0.4888077588347236,hold
2023-02-16,0,1,-0.0050815676893513,-0.0050815676893513,0.48632384912112486,hold
2023-02-17,0,1,-0.0055505184801407,-0.0055505184801407,0.4836244996092449,hold
2023-02-20,0,1,-0.001003126492992,-0.001003126492992,0.4831393630610269,hold
2023-02-21,-1,-1,-0.0152803631315826,0.0152803631315826,0.4902803382902304,flip
2023-02-22,0,-1,-0.0024524349779846,0.0024524349779846,0.4914827189408715,hold
2023-02-23,0,-1,-0.002595429723749,0.002595429723749,0.4927583277983196,hold
2023-02-24,1,1,-0.0041854114458053,-0.0041854114458053,0.4904495522892375,flip
2023-02-27,1,1,-0.0051027157362857,-0.0051027157362857,0.4879469276409169,hold
2023-02-28,0,1,0.008492348770636,0.008492348770636,0.4920907431320039,hold
2023-03-01,1,1,-0.0073921687198044,-0.0073921687198044,0.4884531253333182,hold
2023-03-02,1,1,0.0157285986298278,0.0157285986298278,0.49613580849117095,hold
2023-03-03,1,1,0.0066555236183669,0.0066555236183669,0.4994378520825015,hold
2023-03-06,0,1,0.0024250512391459,0.0024250512391459,0.5006490144645706,hold
2023-03-08,-1,-1,-0.0092822498999752,0.0092822498999752,0.5050458392217747,flip
2023-03-09,0,-1,-0.010045664635585,0.010045664635585,0.5101193603481943,hold
2023-03-10,0,-1,-0.0148510359316261,0.0148510359316261,0.5176951612981434,hold
2023-03-13,0,-1,-0.0064706805258611,0.0064706805258611,0.5210450012966878,hold
2023-03-14,1,1,-0.0041746837386849,-0.0041746837386849,0.5186092807020032,flip
2023-03-15,1,1,0.0007924286811309,0.0007924286811309,0.5190202415703321,hold
2023-03-16,-1,-1,0.0067381296219788,-0.0067381296219788,0.5152635057854154,flip
2023-03-17,-1,-1,-0.0065292432199922,0.0065292432199922,0.5186277865370742,hold
2023-03-20,0,-1,0.007010642946744,-0.007010642946744,0.5149918723034026,hold
2023-03-21,-1,-1,0.0025953757489405,-0.0025953757489405,0.5136552748871248,hold
2023-03-22,-1,-1,-0.0043726933046436,0.0043726933046436,0.5159013318685186,hold
2023-03-23,0,-1,-0.0077209333285906,0.0077209333285906,0.5198845716560065,hold
2023-03-24,0,-1,0.0023988383407489,-0.0023988383407489,0.5186374526127543,hold
2023-03-27,0,-1,-0.0020016838613549,0.0020016838613549,0.5196756008315434,hold
2023-03-28,0,-1,0.0076098565893214,-0.0076098565893214,0.5157209440362459,hold
2023-03-29,1,1,0.0163371989446239,0.0163371989446239,0.5238885192268572,flip
2023-03-31,1,1,0.0022062979737611,0.0022062979737611,0.5250443734053042,hold
2023-04-03,-1,-1,0.0091389548173612,-0.0091389548173612,0.5199834944129408,flip
2023-04-05,0,-1,0.0023978747854371,-0.0023978747854371,0.5187366391028445,hold
2023-04-06,0,-1,0.001414863221935,-0.001414863221935,0.5180026977103077,hold
2023-04-10,0,-1,0.0055747683219642,-0.0055747683219642,0.5151149526804203,hold
2023-04-11,0,-1,0.0050839679614469,-0.0050839679614469,0.5124961247645308,hold
2023-04-12,0,-1,0.0008757724412713,-0.0008757724412713,0.5120472947822037,hold
2023-04-13,-1,-1,-0.0067955121508301,0.0067955121508301,0.5155269183956959,hold
2023-04-17,-1,-1,-0.0026373533282438,0.0026373533282438,0.516886545029726,hold
2023-04-18,-1,-1,-0.0023442830162407,0.0023442830162407,0.5180982733785625,hold
2023-04-19,0,-1,0.0003234746363958,-0.0003234746363958,0.5179306817279641,hold
2023-04-20,-1,-1,-2.260708945023282e-05,2.260708945023282e-05,0.5179423906332149,hold
2023-04-21,-1,-1,0.0067719737565652,-0.0067719737565652,0.5144348983564341,hold
2023-04-24,0,-1,0.0014568576938982,-0.0014568576938982,0.5136854399167537,hold
2023-04-25,-1,-1,0.0024958627615121,-0.0024958627615121,0.5124033515561346,hold
2023-04-26,-1,-1,0.0056951528101938,-0.0056951528101938,0.5094851361685669,hold
2023-04-27,-1,-1,0.0083700136036979,-0.0083700136036979,0.5052207386479541,hold
2023-04-28,0,-1,0.0045751669319125,-0.0045751669319125,0.5029092694311756,hold
2023-05-02,0,-1,-0.0031850283648763,0.0031850283648763,0.5045110497192731,hold
2023-05-03,1,1,0.0091737176073036,0.0091737176073036,0.5088870360943024,flip
2023-05-04,0,1,-0.0102324068655403,-0.0102324068655403,0.5036798968923867,hold
2023-05-05,0,1,0.0108141231183243,0.0108141231183243,0.5091267533096059,hold
2023-05-08,0,1,8.480038171931881e-05,8.480038171931881e-05,0.50916992745263,hold
2023-05-09,0,1,0.0026908205008338,0.0026908205008338,0.5105400123318276,hold
2023-05-10,0,1,-0.0009882342854272,-0.0009882342854272,0.5100354791875589,hold
2023-05-11,-1,-1,0.0009728797753729,-0.0009728797753729,0.5092842582455409,flip
2023-05-12,0,-1,0.0045891205221868,-0.0045891205221868,0.5069470914043996,hold
2023-05-15,-1,-1,-0.0061063388070606,0.0061063388070606,0.5100426821017688,hold
2023-05-16,0,-1,-0.0057282694884204,0.0057282694884204,0.5129643440354446,hold
2023-05-17,0,-1,-0.0028490536527011,0.0028490536527011,0.5144258069735241,hold
2023-05-18,0,-1,0.0040513721791914,-0.0040513721791914,0.5123416765708936,hold
2023-05-19,0,-1,0.0060977618257063,-0.0060977618257063,0.5092175390537812,hold
2023-05-22,0,-1,0.0018346005688616,-0.0018346005688616,0.5082833282669588,hold
2023-05-23,0,-1,-0.0034117947119577,0.0034117947119577,0.5100174866385162,hold
2023-05-24,-1,-1,0.0019551116867164,-0.0019551116867164,0.5090203454899596,hold
2023-05-25,0,-1,0.0097264208278746,-0.0097264208278746,0.5040693993997741,hold
2023-05-26,0,-1,0.0053677985089635,-0.0053677985089635,0.5013636564292618,hold
2023-05-29,0,-1,0.0018925684396833,-0.0018925684396833,0.5004147913962996,hold
2023-05-30,-1,-1,-0.0053370195013254,0.0053370195013254,0.5030855148967334,hold
2023-05-31,0,-1,-0.0025169624936233,0.0025169624936233,0.5043517622688136,hold
2023-06-01,-1,-1,0.0025070443604549,-0.0025070443604549,0.5030873300275321,hold
2023-06-02,0,-1,0.0032237875731377,-0.0032237875731377,0.5014654833447864,hold
2023-06-05,0,-1,0.0002769943144211,-0.0002769943144211,0.5013265802570215,hold
2023-06-06,0,-1,0.0068498516385289,-0.0068498516385289,0.4978925675598098,hold
2023-06-07,0,-1,-0.0049048192636628,0.0049048192636628,0.5003346406164116,hold
2023-06-08,1,1,-0.0038181972541345,-0.0038181972541345,0.4981740969451535,flip
2023-06-09,1,1,0.0020524046550352,0.0020524046550352,0.49919655178074174,hold
2023-06-12,0,1,0.0061635024393194,0.0061635024393194,0.5022733509453422,hold
2023-06-13,0,1,0.0021238341844009,0.0021238341844009,0.5033400962579936,hold
2023-06-14,0,1,-0.0036149041015322,-0.0036149041015322,0.501520570079565,hold
2023-06-15,0,1,0.007379048352023,0.007379048352023,0.5052213146157163,hold
2023-06-16,0,1,-0.0037475183921172,-0.0037475183921172,0.5033279884471042,hold
2023-06-19,0,1,0.0032657175674986,0.0032657175674986,0.5049717155011897,hold
2023-06-20,0,1,0.002133763746672,0.002133763746672,0.5060492058408209,hold
2023-06-21,0,1,-0.0045394438174043,-0.0045394438174043,0.5037520239020644,hold
2023-06-22,1,1,-0.0056336152360657,-0.0056336152360657,0.5009140788250108,hold
2023-06-23,0,1,0.0013768299134766,0.0013768299134766,0.5016037523128187,hold
2023-06-26,0,1,0.0067519034171119,0.0067519034171119,0.5049905324020958,hold
2023-06-27,1,1,0.0082210728123248,0.0082210728123248,0.5091420963385082,hold
2023-06-28,0,1,0.0114352747635688,0.0114352747635688,0.5149642761038384,hold
2023-06-30,0,1,0.0069570924336936,0.0069570924336936,0.518546930172743,hold
2023-07-03,0,1,0.0034389465191355,0.0034389465191355,0.520330185333269,hold
2023-07-04,0,1,0.0004899685388621,0.0004899685388621,0.5205851307539027,hold
2023-07-05,0,1,0.0050932175812563,0.0050932175812563,0.5232365840943991,hold
2023-07-06,-1,-1,-0.0084883544577184,0.0084883544577184,0.5274163833933909,flip
2023-07-07,-1,-1,0.0012466303397029,-0.0012466303397029,0.5267588901281963,hold
2023-07-10,-1,-1,0.0043139300324381,-0.0043139300324381,0.5244864891322185,hold
2023-07-11,0,-1,-0.0028344294714754,0.0028344294714754,0.5259731090944055,hold
2023-07-12,0,-1,0.0015192303855748,-0.0015192303855748,0.5251740347650741,hold
2023-07-13,-1,-1,0.0077651149314275,-0.0077651149314275,0.5210959980261217,hold
2023-07-14,-1,-1,0.0075110132510414,-0.0075110132510414,0.5171820390798829,hold
2023-07-17,0,-1,0.0019177068530324,-0.0019177068530324,0.5161902355392741,hold
2023-07-18,-1,-1,0.0042482823714824,-0.0042482823714824,0.5139973136613013,hold
2023-07-19,-1,-1,0.0073614124394989,-0.0073614124394989,0.510213567442646,hold
2023-07-20,-1,-1,-0.011719737128305,0.011719737128305,0.5161931363323686,hold
2023-07-21,-1,-1,-0.0036794322929856,0.0036794322929856,0.5180924340276075,hold
2023-07-24,0,-1,0.0004193703428323,-0.0004193703428323,0.5178751614259305,hold
2023-07-25,-1,-1,0.0049643391875346,-0.0049643391875346,0.515304253467813,hold
2023-07-26,0,-1,-0.0059863783008722,0.0059863783008722,0.5183890596691199,hold
2023-07-27,0,-1,-0.0007044597937843,0.0007044597937843,0.5187542439191943,hold
2023-07-28,-1,-1,0.0054845628365591,-0.0054845628365591,0.5159091036716879,hold
2023-07-31,0,-1,-0.0010251191770254,0.0010251191770254,0.5164379719874637,hold
2023-08-01,-1,-1,-0.0104897492749598,0.0104897492749598,0.5218552768296809,hold
2023-08-02,0,-1,-0.0074206854169113,0.0074206854169113,0.525727800672189,hold
2023-08-03,0,-1,0.0069833892701145,-0.0069833892701145,0.522056438789974,hold
2023-08-04,1,1,0.0041144018676027,0.0041144018676027,0.5239433605573305,flip
2023-08-07,1,1,-0.0013497354646058,-0.0013497354646058,0.5232361756221415,hold
2023-08-08,-1,-1,0.0031527078847637,-0.0031527078847637,0.5213249467178529,flip
2023-08-09,0,-1,-0.0045562684580157,0.0045562684580157,0.5237002431289601,hold
2023-08-10,0,-1,-0.0058741361615907,0.0058741361615907,0.5267765296649577,hold
2023-08-11,1,1,0.0003216956578122,0.0003216956578122,0.5266826031223558,flip
2023-08-14,-1,-1,0.0015667570139761,-0.0015667570139761,0.5255940781582135,flip
2023-08-16,1,1,-0.0051245825841254,-0.0051245825841254,0.5226378308598854,flip
2023-08-17,1,1,-0.0028452826260957,-0.0028452826260957,0.5211507785199994,hold
2023-08-18,1,1,0.0043215209131937,0.0043215209131937,0.5234029425083008,hold
2023-08-21,1,1,0.0001469355577301,0.0001469355577301,0.5234798490115758,hold
2023-08-22,1,1,0.0024515199000461,0.0024515199000461,0.5247631702787009,hold
2023-08-23,0,1,-0.0029469646806212,-0.0029469646806212,0.5232167117501988,hold
2023-08-24,0,1,-0.0062361537740819,-0.0062361537740819,0.519953851878555,hold
2023-08-25,0,1,0.0020891942389009,0.0020891942389009,0.521040136470394,hold
2023-08-28,1,1,0.001895758474361,0.001895758474361,0.5220279027245901,hold
2023-08-29,1,1,0.0002480956863764,0.0002480956863764,0.5221574155954242,hold
2023-08-30,1,1,-0.0048403506033882,-0.0048403506033882,0.5196299906337832,hold
2023-08-31,1,1,0.0094267101889176,0.0094267101889176,0.5245283919609579,hold
2023-09-01,0,1,0.0048108337016425,0.0048108337016425,0.5270518108264721,hold
2023-09-04,1,1,0.0023605960187407,0.0023605960187407,0.5282959672327792,hold
2023-09-05,1,1,0.0018467726478093,0.0018467726478093,0.5292716097750126,hold
2023-09-06,1,1,0.0059150323607803,0.0059150323607803,0.5324022684744741,hold
2023-09-07,0,1,0.004709190366575,0.004709190366575,0.5349094521083169,hold
2023-09-08,0,1,0.0089001434200508,0.0089001434200508,0.5396702229488217,hold
2023-09-11,0,1,-0.0001575482868895,-0.0001575482868895,0.5395851988297109,hold
2023-09-12,1,1,0.0038413452699443,0.0038413452699443,0.5416579318809674,hold
2023-09-13,0,1,0.0016492082399102,0.0016492082399102,0.5425512386054383,hold
2023-09-14,-1,-1,0.0044396138771742,-0.0044396138771742,0.5398712449781449,flip
2023-09-15,-1,-1,-0.0029243168460981,0.0029243168460981,0.5414499995545584,hold
2023-09-18,-1,-1,-0.011518249945432,0.011518249945432,0.5476865559823819,hold
2023-09-20,0,-1,-0.0079919391664983,0.0079919391664983,0.552063633620102,hold
2023-09-21,-1,-1,-0.0034494176591149,0.0034494176591149,0.5539679316668663,hold
2023-09-22,0,-1,1.5288066889551644e-05,-1.5288066889551644e-05,0.5539594625680723,hold
2023-09-25,-1,-1,-0.0005007261720755,0.0005007261720755,0.554236844569249,hold
2023-09-26,-1,-1,0.0026316191986632,-0.0026316191986632,0.5527783042484741,hold
2023-09-27,-1,-1,-0.0097836296667737,0.0097836296667737,0.5581864824650683,hold
2023-09-28,0,-1,0.0058775169171687,-0.0058775169171687,0.554905731971445,hold
2023-09-29,0,-1,-0.0055784246544688,0.0055784246544688,0.5580012317875805,hold
2023-10-03,0,-1,-0.0047443072713306,0.0047443072713306,0.5606485610889619,hold
2023-10-04,1,1,0.0056415841052857,0.0056415841052857,0.5635311828193083,flip
2023-10-05,-1,-1,0.0055127073660514,-0.0055127073660514,0.560142834725371,flip
2023-10-06,-1,-1,-0.0071819467588469,0.0071819467588469,0.5641657507417182,hold
2023-10-09,0,-1,0.0090968029762401,-0.0090968029762401,0.5590336460612781,hold
2023-10-10,0,-1,0.0061706921287072,-0.0061706921287072,0.5555840215418453,hold
2023-10-11,0,-1,-0.0008757409120068,0.0008757409120068,0.5560705691995668,hold
2023-10-12,-1,-1,-0.002169809980297,0.002169809980297,0.5572771366703654,hold
2023-10-13,0,-1,-0.0009772027556287,0.0009772027556287,0.5578217094239686,hold
2023-10-16,-1,-1,0.0040417094276989,-0.0040417094276989,0.5555671561620146,hold
2023-10-17,0,-1,-0.0070868127413371,0.0070868127413371,0.5595043565629719,hold
2023-10-18,0,-1,-0.0023588102112444,0.0023588102112444,0.5608241211524684,hold
2023-10-19,0,-1,-0.0041808960845935,0.0041808960845935,0.5631688685247404,hold
2023-10-20,1,1,-0.0133503074255556,-0.0133503074255556,0.5553688065631704,flip
2023-10-23,0,1,-0.008277236732921,-0.008277236732921,0.5507718874771672,hold
2023-10-25,0,1,-0.0138530649123475,-0.0138530649123475,0.5431420087680499,hold
2023-10-26,0,1,0.0100757003274603,0.0100757003274603,0.5486145448836516,hold
2023-10-27,0,1,0.0049167407696648,0.0049167407696648,0.5513119403833122,hold
2023-10-30,-1,-1,-0.0032026069828995,0.0032026069828995,0.552801919883148,flip
2023-10-31,1,1,-0.0047406245729368,-0.0047406245729368,0.5499048925578417,flip
2023-11-01,0,1,0.0075885232572669,0.0075885232572669,0.5540778586243018,hold
2023-11-02,-1,-1,0.0050879808383312,-0.0050879808383312,0.5509816821673656,flip
2023-11-03,-1,-1,0.0094199033989916,-0.0094199033989916,0.5457914879467352,hold
2023-11-06,-1,-1,-0.0002601919584787,0.0002601919584787,0.545933498502905,hold
2023-11-07,-1,-1,0.0018962926582819,-0.0018962926582819,0.5448982488177837,hold
2023-11-08,-1,-1,-0.002478937369815,0.002478937369815,0.5462490174495249,hold
2023-11-09,1,1,0.0015492839458333,0.0015492839458333,0.546822187773962,flip
2023-11-10,-1,-1,0.0009369804014345,-0.0009369804014345,0.5460364150070612,flip
2023-11-13,0,-1,0.0119267535086042,-0.0119267535086042,0.5395239732785502,hold
2023-11-15,0,-1,0.0045615222809993,-0.0045615222809993,0.5370629226533068,hold
2023-11-16,0,-1,-0.0016897597201204,0.0016897597201204,0.5379704299471765,hold
2023-11-17,1,1,-0.0019157289123818,-0.0019157289123818,0.5366708392255467,flip
2023-11-20,1,1,0.004539473475424,0.004539473475424,0.5391070422652446,hold
2023-11-21,0,1,0.0014380348265852,0.0014380348265852,0.5398822969672794,hold
2023-11-22,-1,-1,-0.0004971574875239,0.0004971574875239,0.5398807623451146,flip
2023-11-23,-1,-1,-0.0003686890844358,0.0003686890844358,0.5400798104890882,hold
2023-11-24,-1,-1,0.0047992646389904,-0.0047992646389904,0.5374878245523752,hold
2023-11-28,-1,-1,0.0104023891135545,-0.0104023891135545,0.5318966670575834,hold
2023-11-29,-1,-1,0.0018187545137213,-0.0018187545137213,0.5309292775935391,hold
2023-11-30,-1,-1,0.0066929416105065,-0.0066929416105065,0.5273757989392972,hold
2023-12-01,-1,-1,0.0206681690037693,-0.0206681690037693,0.5164759067983219,hold
2023-12-04,0,-1,0.0081355657602475,-0.0081355657602475,0.5122740830949807,hold
2023-12-05,0,-1,0.0039606432442005,-0.0039606432442005,0.5102451482085916,hold
2023-12-06,-1,-1,-0.001745599062397,0.001745599062397,0.511135831660897,hold
2023-12-07,-1,-1,0.0032653705047074,-0.0032653705047074,0.5094667837922925,hold
2023-12-08,-1,-1,0.0013209351833629,-0.0013209351833629,0.5087938111928265,hold
2023-12-11,-1,-1,-0.0043196070141755,0.0043196070141755,0.5109916005084242,hold
2023-12-12,0,-1,0.0009542158562574,-0.0009542158562574,0.5105040042208047,hold
2023-12-13,-1,-1,0.0122500872899569,-0.0122500872899569,0.5042502856072273,hold
2023-12-14,-1,-1,0.0129327792008919,-0.0129327792008919,0.4977289280014824,hold
2023-12-15,-1,-1,-0.0017710126840955,0.0017710126840955,0.4986104122462143,hold
2023-12-18,-1,-1,0.0016083748565725,-0.0016083748565725,0.4978084597959322,hold
2023-12-19,-1,-1,-0.0141214660942333,0.0141214660942333,0.504838245082363,hold
2023-12-20,-1,-1,0.0049597940765233,-0.0049597940765233,0.5023343513448011,hold
2023-12-21,0,-1,0.0044389265566107,-0.0044389265566107,0.5001045260523188,hold
2023-12-22,0,-1,0.0043068759341071,-0.0043068759341071,0.49795063790452604,hold
2023-12-26,0,-1,0.0099527499207277,-0.0099527499207277,0.4929946597325955,hold
2023-12-27,-1,-1,0.0057238813077962,-0.0057238813077962,0.4901728168149087,hold
2023-12-28,-1,-1,-0.0021717930740454,0.0021717930740454,0.49123737074355267,hold
2023-12-29,-1,-1,0.0004831718072126,-0.0004831718072126,0.49100001869536014,hold
2024-01-01,-1,-1,-0.003500136051024,0.003500136051024,0.4927185855618493,hold
2024-01-02,-1,-1,-0.0068518663756694,0.0068518663756694,0.49609462747092786,hold
2024-01-03,0,-1,0.0065644701863494,-0.0065644701863494,0.4928380290792868,hold
2024-01-04,0,-1,0.0024101822286055,-0.0024101822286055,0.491650199620019,hold
2024-01-05,-1,-1,-0.009110708685643,0.009110708685643,0.4961294813639952,hold
2024-01-08,0,-1,0.0014804820050666,-0.0014804820050666,0.4953949705946528,hold
2024-01-09,0,-1,0.0034277152411805,-0.0034277152411805,0.49369689770354136,hold
2024-01-10,-1,-1,0.0013183031833516,-0.0013183031833516,0.493046055511688,hold
2024-01-11,-1,-1,0.0114264926377058,-0.0114264926377058,0.48741226838833385,hold
2024-01-12,0,-1,0.0092670746948486,-0.0092670746948486,0.4828953824899936,hold
2024-01-15,0,-1,-0.0029482333845447,0.0029482333845447,0.4843190707778931,hold
2024-01-16,1,1,-0.0208943935120824,-0.0208943935120824,0.4739573579922648,flip
2024-01-17,0,1,-0.0050852715087356,-0.0050852715087356,0.4715471561433111,hold
2024-01-18,0,1,0.0074619571864553,0.0074619571864553,0.4750658208338473,hold
2024-01-19,0,1,-0.0177408429427344,-0.0177408429427344,0.46663775271897284,hold
2024-01-23,0,1,0.0101299710711508,0.0101299710711508,0.4713647796547229,hold
2024-01-24,0,1,-0.0047240537554001,-0.0047240537554001,0.4691380270972317,hold
2024-01-25,0,1,0.0180305914522447,0.0180305914522447,0.477596863198534,hold
2024-01-29,0,1,-0.0099136981024832,-0.0099136981024832,0.4728621120820908,hold
2024-01-30,0,1,0.0094600254190029,0.0094600254190029,0.4773353996820708,hold
2024-01-31,0,1,-0.0013003033741542,-0.0013003033741542,0.47671471885126093,hold
2024-02-01,-1,-1,0.0072059881750932,-0.0072059881750932,0.4730411608649003,flip
2024-02-02,0,-1,-0.0037568550808078,0.0037568550808078,0.4748183079535268,hold
2024-02-05,0,-1,0.0072434021015312,-0.0072434021015312,0.47137900802385074,hold
2024-02-06,0,-1,5.014315737827957e-05,-5.014315737827957e-05,0.4713553715920666,hold
2024-02-07,-1,-1,-0.0096920171108729,0.0096920171108729,0.4759237559188388,hold
2024-02-08,0,-1,0.0029722318898448,-0.0029722318898448,0.47450920015436215,hold
2024-02-09,-1,-1,-0.0076414194307357,0.0076414194307357,0.47813512397648456,hold
2024-02-12,0,-1,0.0058844800115076,-0.0058844800115076,0.47532154739664517,hold
2024-02-13,0,-1,0.0044519922849619,-0.0044519922849619,0.4732054195347592,hold
2024-02-14,0,-1,0.0032371361888359,-0.0032371361888359,0.47167358914642993,hold
2024-02-15,0,-1,0.0059308430222606,-0.0059308430222606,0.46887616713145625,hold
2024-02-16,0,-1,0.0037000088082788,-0.0037000088082788,0.46714132118307783,hold
2024-02-19,-1,-1,0.003376655573009,-0.003376655573009,0.4655639458375222,hold
2024-02-20,-1,-1,-0.00639270001033,0.00639270001033,0.468540156478887,hold
2024-02-21,0,-1,0.0073633218581414,-0.0073633218581414,0.4650901445032691,hold
2024-02-22,0,-1,-0.0002137959201901,0.0002137959201901,0.46518957887868445,hold
2024-02-23,0,-1,-0.0040809285088362,0.0040809285088362,0.46708798429314397,hold
2024-02-26,0,-1,0.0034489943486464,-0.0034489943486464,0.46547700047499624,hold
2024-02-27,0,-1,-0.0111359278099485,0.0111359278099485,0.4706605187494772,hold
2024-02-28,0,-1,0.0014418556686905,-0.0014418556686905,0.4699818942124894,hold
2024-02-29,0,-1,0.0161921687000685,-0.0161921687000685,0.4623718680954231,hold
2024-03-01,1,1,0.0029925402887358,0.0029925402887358,0.463524348605029,flip
2024-03-04,-1,-1,-0.0022002905070378,0.0022002905070378,0.464312474654743,flip
2024-03-05,0,-1,0.0052669715420341,-0.0052669715420341,0.46186695406412503,hold
2024-03-06,0,-1,0.000867667346212,-0.000867667346212,0.4614662071897892,hold
2024-03-07,0,-1,-0.0071531788017711,0.0071531788017711,0.46476715748079295,hold
2024-03-11,0,-1,0.000136518866846,-0.000136518866846,0.46470370799510646,hold
2024-03-12,-1,-1,-0.0151327252704165,0.0151327252704165,0.47173594154034026,hold
2024-03-13,0,-1,0.0067712159528048,-0.0067712159528048,0.46854171560747093,hold
2024-03-14,0,-1,-0.0055674686273187,0.0055674686273187,0.47115030690970555,hold
2024-03-15,0,-1,0.0014688778023679,-0.0014688778023679,0.47045824468230707,hold
2024-03-18,0,-1,-0.0108021966402886,0.0108021966402886,0.4755402271524104,hold
2024-03-19,0,-1,0.0009923428906801,-0.0009923428906801,0.4750683281887633,hold
2024-03-20,-1,-1,0.0079146856998078,-0.0079146856998078,0.47130831168521614,hold
2024-03-21,0,-1,0.0038524885010076,-0.0038524885010076,0.46949260183401953,hold
2024-03-22,-1,-1,-0.0041658063402989,0.0041658063402989,0.4714484170914631,hold
2024-03-26,1,1,0.0054057167831516,0.0054057167831516,0.473761209503579,flip
2024-03-27,0,1,0.0091870010785439,0.0091870010785439,0.4781136542462607,hold
2024-03-28,0,1,0.0060509791780918,0.0060509791780918,0.4810067100128662,hold
2024-04-01,0,1,-0.0003872860275131,-0.0003872860275131,0.48082042283493814,hold
2024-04-02,1,1,-0.0008306302403686,-0.0008306302403686,0.48042103885154464,hold
2024-04-03,-1,-1,0.0035659124883635,-0.0035659124883635,0.47846768895000563,flip
2024-04-04,-1,-1,-4.224679746289706e-05,4.224679746289706e-05,0.4784879026775533,hold
2024-04-05,-1,-1,0.0067781647528144,-0.0067781647528144,0.47524463284097623,hold
2024-04-08,0,-1,-0.0010390218270411,0.0010390218270411,0.4757384223876821,hold
2024-04-09,-1,-1,0.0049044741142307,-0.0049044741142307,0.4734051756099368,hold
2024-04-10,0,-1,-0.0103015928142499,0.0103015928142499,0.47828200296522877,hold
2024-04-12,0,-1,-0.010963897188301,0.010963897188301,0.48352583767275426,hold
2024-04-15,0,-1,-0.005594325260972,0.005594325260972,0.4862308384807796,hold
2024-04-16,0,-1,-0.0068652458503182,0.0068652458503182,0.4895689327269565,hold
2024-04-18,1,1,0.0068717686886063,0.0068717686886063,0.4926883527234206,flip
2024-04-19,-1,-1,0.0085519659829773,-0.0085519659829773,0.48822855451435915,flip
2024-04-22,0,-1,0.0014147135985376,-0.0014147135985376,0.4875378509390933,hold
2024-04-23,-1,-1,0.0015379287654238,-0.0015379287654238,0.48678805245390117,hold
2024-04-24,-1,-1,0.0074969296067168,-0.0074969296067168,0.4831386366912635,hold
2024-04-25,0,-1,-0.0066636269808832,0.0066636269808832,0.48635809234622657,hold
2024-04-26,0,-1,0.0099666225688024,-0.0099666225688024,0.48151074480652895,hold
2024-04-29,0,-1,-0.0017025173156396,0.0017025173156396,0.4823305251872285,hold
2024-04-30,0,-1,0.001917712797214,-0.001917712797214,0.48140555376659006,hold
2024-05-02,-1,-1,-0.0076098592965534,0.0076098592965534,0.4850689822953332,hold
2024-05-03,0,-1,-0.0014749338156797,0.0014749338156797,0.48578442694025786,hold
2024-05-06,-1,-1,-0.006246985595782,0.006246985595782,0.4888191152580089,hold
2024-05-07,0,-1,0.0,-0.0,0.4888191152580089,hold
2024-05-08,-1,-1,-0.0154691178119045,0.0154691178119045,0.49638071574064596,hold
2024-05-09,0,-1,0.004449469144939,-0.004449469144939,0.4941720850618152,hold
2024-05-10,-1,-1,0.0022149680905385,-0.0022149680905385,0.49307750966216846,hold
2024-05-13,-1,-1,0.0051483245877055,-0.0051483245877055,0.4905389865955301,hold
2024-05-14,-1,-1,-0.0007786004689536,0.0007786004689536,0.4909209204805334,hold
2024-05-15,-1,-1,0.0091573776762647,-0.0091573776762647,0.48642537220251364,hold
2024-05-16,0,-1,0.002778540343975,-0.002778540343975,0.4850738196815159,hold
2024-05-17,0,-1,0.0028020516676037,-0.0028020516676037,0.4837146177761664,hold
2024-05-21,0,-1,0.00305161547495,-0.00305161547495,0.48223850676310115,hold
2024-05-22,0,-1,0.016366619608483,-0.016366619608483,0.47434589256234666,hold
2024-05-23,1,1,-0.0004593757337192,-0.0004593757337192,0.47389081662363297,flip
2024-05-24,-1,-1,-0.0010737589261899,0.0010737589261899,0.47416271570971025,flip
2024-05-27,-1,-1,-0.0019317094176221,0.0019317094176221,0.47507866029313195,hold
2024-05-28,-1,-1,-0.008015115627261,0.008015115627261,0.4788864706874256,hold
2024-05-29,-1,-1,-0.0095155996581792,0.0095155996581792,0.48344336262420556,hold
2024-05-30,0,-1,0.0018697799732139,-0.0018697799732139,0.48253942990658766,hold
2024-05-31,-1,-1,0.0325423176953527,-0.0325423176953527,0.4668364784780331,hold
2024-06-03,-1,-1,-0.0592935994164107,0.0592935994164107,0.4945168936258775,hold
2024-06-04,0,-1,0.0336242367600356,-0.0336242367600356,0.47788914051276365,hold
2024-06-05,0,-1,0.0088880492442378,-0.0088880492442378,0.47364163829859973,hold
2024-06-06,0,-1,0.0205399314668071,-0.0205399314668071,0.4639130715081203,hold
2024-06-07,0,-1,-0.0013289382574128,0.0013289382574128,0.4645295833369613,hold
2024-06-10,-1,-1,0.0002429314342191,-0.0002429314342191,0.4644167344990441,hold
2024-06-11,-1,-1,0.0024973129141392,-0.0024973129141392,0.46325694059043726,hold
2024-06-12,-1,-1,0.003256499474515,-0.003256499474515,0.46174834460683906,hold
2024-06-13,-1,-1,0.0028505279152657,-0.0028505279152657,0.4604321180607095,hold
2024-06-14,-1,-1,0.0039334507869606,-0.0039334507869606,0.45862103098358165,hold
2024-06-18,-1,-1,-0.0017786131162043,0.0017786131162043,0.4594367403646562,hold
2024-06-19,-1,-1,0.0021687361796223,-0.0021687361796223,0.45844034328357963,hold
2024-06-20,-1,-1,-0.0027962995130903,0.0027962995130903,0.45972227979228447,hold
2024-06-21,-1,-1,0.001563756616109,-0.001563756616109,0.4590033860356866,hold
2024-06-24,-1,-1,0.0077938798539154,-0.0077938798539154,0.45542596879238406,hold
2024-06-25,-1,-1,0.0062180401218379,-0.0062180401218379,0.45259411184590614,hold
2024-06-26,-1,-1,0.0073610408985447,-0.0073610408985447,0.4492625480781679,hold
2024-06-27,0,-1,-0.0014099020825968,0.0014099020825968,0.44989596428033607,hold
2024-06-28,-1,-1,0.0054704843490753,-0.0054704843490753,0.44743481544902836,hold
2024-07-01,-1,-1,-0.0007497161563467,0.0007497161563467,0.44777026455908253,hold
2024-07-02,-1,-1,0.0067423066077227,-0.0067423066077227,0.4447512601456041,hold
2024-07-03,0,-1,0.0006444070008029,-0.0006444070008029,0.4444646593199504,hold
2024-07-04,-1,-1,0.0008928929498506,-0.0008928929498506,0.4440677999591858,hold
2024-07-05,-1,-1,-0.0001356211363734,0.0001356211363734,0.4441280249388431,hold
2024-07-08,-1,-1,0.0046318209860134,-0.0046318209860134,0.4420709034324547,hold
2024-07-09,0,-1,-0.0044509111977667,0.0044509111977667,0.444038521766749,hold
2024-07-10,0,-1,-0.0003494426502141,0.0003494426502141,0.4441936877645924,hold
2024-07-11,-1,-1,0.007657573644356,-0.007657573644356,0.44079224188817695,hold
2024-07-12,0,-1,0.0034506697076412,-0.0034506697076412,0.43927121345173015,hold
2024-07-15,-1,-1,0.0010697158254551,-0.0010697158254551,0.43880131808303396,hold
2024-07-16,-1,-1,0.0076321297434283,-0.0076321297434283,0.4354523294918369,hold
2024-07-18,0,-1,-0.0108846762510892,0.0108846762510892,0.44019208712113816,hold
2024-07-19,-1,-1,-0.0008825762723847,0.0008825762723847,0.4405805902125228,hold
2024-07-22,-1,-1,-0.0012321559717249,0.0012321559717249,0.4411234542177793,hold
2024-07-23,-1,-1,-0.0026778318259059,0.0026778318259059,0.44230470864263727,hold
2024-07-24,0,-1,-0.0003031269840456,0.0003031269840456,0.4424387831349973,hold
2024-07-25,-1,-1,0.0175673297602745,-0.0175673297602745,0.4346663151329302,hold
2024-07-26,0,-1,5.03324972633834e-05,-5.03324972633834e-05,0.4346444372918133,hold
2024-07-29,0,-1,0.0008536433743,-0.0008536433743,0.4342734059477428,hold
2024-07-30,-1,-1,0.0037755350108565,-0.0037755350108565,0.4326337914993032,hold
2024-07-31,-1,-1,0.0023946791656728,-0.0023946791656728,0.4315977723724338,hold
2024-08-01,0,-1,-0.0117229354919546,0.0117229354919546,0.4366573652164271,hold
2024-08-02,0,-1,-0.0267864578946228,0.0267864578946228,0.4483538693441739,hold
2024-08-05,0,-1,-0.0026209626510589,0.0026209626510589,0.44952898809018277,hold
2024-08-06,1,1,0.0127101624804444,0.0127101624804444,0.4550178100744337,flip
2024-08-07,-1,-1,-0.007428747813561,0.007428747813561,0.4581705137311183,flip
2024-08-08,1,1,0.0103868640378157,0.0103868640378157,0.4627003833065141,flip
2024-08-09,-1,-1,-0.0008412844977941,0.0008412844977941,0.46285829577446,flip
2024-08-12,-1,-1,-0.0085431469996303,0.0085431469996303,0.4668125622352596,hold
2024-08-13,0,-1,0.0001967769998756,-0.0001967769998756,0.46672070425975865,hold
2024-08-14,0,-1,0.0164597624902924,-0.0164597624902924,0.45903859231834104,hold
2024-08-16,-1,-1,0.0012835584110202,-0.0012835584110202,0.45844938947218794,hold
2024-08-19,-1,-1,0.0051357593399101,-0.0051357593399101,0.45609490373833006,hold
2024-08-20,-1,-1,0.0028887826964991,-0.0028887826964991,0.45477734467244935,hold
2024-08-21,-1,-1,0.0016673576536574,-0.0016673576536574,0.4540190681860997,hold
2024-08-22,-1,-1,0.0004695560778267,-0.0004695560778267,0.45380588077318373,hold
2024-08-23,-1,-1,0.007551387144671,-0.007551387144671,0.45037901687893706,hold
2024-08-26,0,-1,0.000285894410237,-0.000285894410237,0.4502502560355233,hold
2024-08-27,-1,-1,0.0013830024432652,-0.0013830024432652,0.4496275588313454,hold
2024-08-28,-1,-1,0.0039756594063229,-0.0039756594063229,0.44783999279773556,hold
2024-08-29,-1,-1,0.0033377600735777,-0.0033377600735777,0.44634521035042396,hold
2024-08-30,-1,-1,0.0016959501132323,-0.0016959501132323,0.4455882311403895,hold
2024-09-02,-1,-1,4.550829989491412e-05,-4.550829989491412e-05,0.4455679531775371,hold
2024-09-03,-1,-1,-0.0032100820170585,0.0032100820170585,0.44699826285140987,hold
2024-09-04,-1,-1,-0.0021270784221717,0.0021270784221717,0.4479490632110693,hold
2024-09-05,0,-1,-0.0116503502989019,0.0116503502989019,0.45316782671354316,hold
2024-09-06,0,-1,0.0033900486950126,-0.0033900486950126,0.45163156571397123,hold
2024-09-09,-1,-1,0.0041986500501236,-0.0041986500501236,0.4497353228179488,hold
2024-09-10,-1,-1,-0.0048979634496194,0.0048979634496194,0.4519381099911139,hold
2024-09-11,1,1,0.0188796328272711,0.0188796328272711,0.46024456651340145,flip
2024-09-12,1,1,-0.0012761636040355,-0.0012761636040355,0.459657219148662,hold
2024-09-13,-1,-1,0.0010746751326089,-0.0010746751326089,0.45893340835614443,flip
2024-09-16,-1,-1,0.0013709866056039,-0.0013709866056039,0.45830421680042405,hold
2024-09-17,-1,-1,-0.0016129951842196,0.0016129951842196,0.4590434592950307,hold
2024-09-18,0,-1,0.0015072376499098,-0.0015072376499098,0.4583515717102364,hold
2024-09-19,0,-1,0.0147604413777415,-0.0147604413777415,0.4515861002056118,hold
2024-09-20,1,1,0.0057423850996662,0.0057423850996662,0.4539534884485461,flip
2024-09-23,-1,-1,5.203002169906768e-05,-5.203002169906768e-05,0.4537028924944675,flip
2024-09-24,-1,-1,0.0024575565157058,-0.0024575565157058,0.45258789199482313,hold
2024-09-25,-1,-1,0.008148714241454,-0.008148714241454,0.44889988259381525,hold
2024-09-26,0,-1,-0.0014152231703233,0.0014152231703233,0.44953517610881744,hold
2024-09-27,-1,-1,-0.0140609008520233,0.0140609008520233,0.4558560456495804,hold
2024-09-30,-1,-1,-0.0005404401234794,0.0005404401234794,0.4561024085471801,hold
2024-10-01,-1,-1,-0.0211963752609873,0.0211963752609873,0.4657701263561863,hold
2024-10-03,0,-1,-0.0093266958801446,0.0093266958801446,0.470114222674767,hold
2024-10-04,0,-1,-0.0087488751686026,0.0087488751686026,0.4742271933239332,hold
2024-10-07,0,-1,0.0087676473034692,-0.0087676473034692,0.47006933655115485,hold
2024-10-08,-1,-1,-0.0012473907279866,0.0012473907279866,0.4706556966830796,hold
2024-10-09,-1,-1,0.0006604768849507,-0.0006604768849507,0.47034483947465006,hold
2024-10-10,-1,-1,-0.0013680536120755,0.0013680536120755,0.4709882964312144,hold
2024-10-11,-1,-1,0.0065573457544287,-0.0065573457544287,0.4678998633252256,hold
2024-10-14,-1,-1,-0.0028096049048969,0.0028096049048969,0.4692144770762247,hold
2024-10-15,1,1,-0.0034340754096676,-0.0034340754096676,0.46736855194009913,flip
2024-10-16,1,1,-0.0088682273228345,-0.0088682273228345,0.4632238213779503,hold
2024-10-17,0,1,0.0042101739412401,0.0042101739412401,0.46517407423967744,hold
2024-10-18,-1,-1,-0.0029351823779982,0.0029351823779982,0.46630685794796756,flip
2024-10-21,1,1,-0.0124691803378693,-0.0124691803378693,0.4602592402144552,flip
2024-10-22,1,1,-0.0014955647434917,-0.0014955647434917,0.4595708927219242,hold
2024-10-23,-1,-1,-0.0014773427748562,0.0014773427748562,0.4600200510134602,flip
2024-10-24,-1,-1,-0.0089592205494931,0.0089592205494931,0.46414147210767887,hold
2024-10-25,1,1,0.0065485676346082,0.0065485676346082,0.4669488631937488,flip
2024-10-28,-1,-1,0.0052466588480091,-0.0052466588480091,0.4642654673775087,flip
2024-10-29,-1,-1,-0.0051498252538292,0.0051498252538292,0.4666563534058902,hold
2024-10-30,1,1,-0.005566773640794,-0.005566773640794,0.46382525494173826,flip
2024-10-31,1,1,0.0040900049616161,0.0040900049616161,0.46572230253577285,hold
2024-11-01,-1,-1,-0.0127137736646451,0.0127137736646451,0.4714105293295221,flip
2024-11-04,1,1,0.0090830588186072,0.0090830588186072,0.4754566736304682,flip
2024-11-05,0,1,0.0111818707596305,0.0111818707596305,0.4807731687068079,hold
2024-11-06,-1,-1,-0.0116280257061476,0.0116280257061476,0.4861232248870034,flip
2024-11-07,0,-1,-0.0021137093124677,0.0021137093124677,0.48715074807445385,hold
2024-11-08,0,-1,-0.0002856708874028,0.0002856708874028,0.48728991286095524,hold
2024-11-11,-1,-1,-0.0106809307765333,0.0106809307765333,0.492494622688326,hold
2024-11-12,0,-1,-0.0135825623229214,0.0135825623229214,0.4991839615946938,hold
2024-11-13,1,1,-0.0011185324376894,-0.0011185324376894,0.4983760161604785,flip
2024-11-14,-1,-1,-0.0033527151631265,0.0033527151631265,0.4997977409787181,flip
2024-11-18,1,1,0.0027585814066317,0.0027585814066317,0.5009265748635692,flip
2024-11-19,-1,-1,-0.0071688079331164,0.0071688079331164,0.5042671579799283,flip
2024-11-21,1,1,0.0238694641112378,0.0238694641112378,0.5160516112308161,flip
2024-11-22,1,1,0.0131612958673623,0.0131612958673623,0.5228435191690539,hold
2024-11-25,-1,-1,-0.0011312238174179,0.0011312238174179,0.523173550451136,flip
2024-11-26,-1,-1,0.0033230854378061,-0.0033230854378061,0.5214350000441865,hold
2024-11-27,-1,-1,-0.0148610290544929,0.0148610290544929,0.5291840607298727,hold
2024-11-28,0,-1,0.0090720019405352,-0.0090720019405352,0.524383301904031,hold
2024-11-29,0,-1,0.0060068200049485,-0.0060068200049485,0.5212334257958929,hold
2024-12-02,0,-1,0.0074600111445999,-0.0074600111445999,0.5173450186305175,hold
2024-12-03,0,-1,0.0004210968146538,-0.0004210968146538,0.5171271662910951,hold
2024-12-04,-1,-1,0.0098478255628851,-0.0098478255628851,0.5120345881636313,hold
2024-12-05,-1,-1,-0.0012384293961259,0.0012384293961259,0.5126687068494463,hold
2024-12-06,-1,-1,-0.0023827399277279,0.0023827399277279,0.5138902630469531,hold
2024-12-09,-1,-1,-0.00036350862139,0.00036350862139,0.514077066588019,hold
2024-12-10,-1,-1,0.0012901233029631,-0.0012901233029631,0.5134138437848949,hold
2024-12-11,-1,-1,-0.0037781963796591,0.0037781963796591,0.5153536221107498,hold
2024-12-12,-1,-1,0.0089455478085889,-0.0089455478085889,0.5107435016458286,hold
2024-12-13,0,-1,-0.0040394689217332,0.0040394689217332,0.5128066341477041,hold
2024-12-16,-1,-1,-0.0134687300477334,0.0134687300477334,0.5197134882697263,hold
2024-12-17,0,-1,-0.0056356998120069,0.0056356998120069,0.5226424374778654,hold
2024-12-18,0,-1,-0.010213311567061,0.010213311567061,0.5279803475299951,hold
2024-12-19,0,-1,-0.0152055691508056,0.0152055691508056,0.5360085892146288,hold
2024-12-20,0,-1,0.0070354729729729,-0.0070354729729729,0.532237515271928,hold
2024-12-23,-1,-1,-0.0010861087115143,0.0010861087115143,0.5328155830738596,hold
2024-12-24,-1,-1,0.0009503186263191,-0.0009503186263191,0.5323092385008714,hold
2024-12-26,-1,-1,0.002661079652128,-0.002661079652128,0.530892721217657,hold
2024-12-27,-1,-1,-0.0070758479358679,0.0070758479358679,0.5346492373832522,hold
2024-12-30,1,1,-4.212721278373799e-06,-4.212721278373799e-06,0.5343796604363418,flip
2024-12-31,-1,-1,0.0041488871182535,-0.0041488871182535,0.5318953897166826,flip
2025-01-01,-1,-1,0.0187740331916654,-0.0187740331916654,0.5219095680156478,hold
2025-01-02,1,1,-0.0076027553276091,-0.0076027553276091,0.5176806624828789,flip
2025-01-03,0,1,-0.0161925959966257,-0.0161925959966257,0.5092980686600281,hold
2025-01-06,0,1,0.0038892874268343,0.0038892874268343,0.5112788752349786,hold
2025-01-07,-1,-1,-0.0007993610384197,0.0007993610384197,0.511431932209991,flip
2025-01-08,-1,-1,-0.0068575949591475,0.0068575949591475,0.5149391252502612,hold
2025-01-09,1,1,-0.0040379997024632,-0.0040379997024632,0.5126023316530889,flip
2025-01-10,1,1,-0.0147472753024774,-0.0147472753024774,0.505042843947509,hold
2025-01-13,1,1,0.0039028744993869,0.0039028744993869,0.5070139627842496,hold
2025-01-14,-1,-1,0.0016028803979861,-0.0016028803979861,0.5059477730604054,flip
2025-01-15,-1,-1,0.0042476507253836,-0.0042476507253836,0.5037986836351591,hold
2025-01-16,-1,-1,-0.0046586517926727,0.0046586517926727,0.5061457062758222,hold
2025-01-17,1,1,0.0061004855371675,0.0061004855371675,0.5089803679835194,flip
2025-01-20,-1,-1,-0.0137118456772935,0.0137118456772935,0.5157049380580898,flip
2025-01-21,-1,-1,0.0056764909144164,-0.0056764909144164,0.5127775436626835,hold
2025-01-22,-1,-1,0.0021593282262408,-0.0021593282262408,0.5116702886388702,hold
2025-01-23,-1,-1,-0.0048760476583936,0.0048760476583936,0.5141652173516573,hold
2025-01-24,1,1,-0.0113912419355629,-0.0113912419355629,0.5080511543572775,flip
2025-01-27,1,1,0.0056112298172781,0.0056112298172781,0.5109019461433096,hold
2025-01-28,-1,-1,0.0089666492883511,-0.0089666492883511,0.506065416598435,flip
2025-01-29,1,1,0.0037300875997627,0.0037300875997627,0.5077000522252584,flip
2025-01-30,-1,-1,0.0111357401503258,-0.0111357401503258,0.5017925863432584,flip
2025-01-31,0,-1,-0.0011166221250199,0.0011166221250199,0.5023528990473403,hold
2025-02-01,-1,-1,-0.0051570919766934,0.0051570919766934,0.504943579152486,hold
2025-02-03,0,-1,0.0161893068206311,-0.0161893068206311,0.49676889262247875,hold
2025-02-04,0,-1,-0.0018092070621439,0.0018092070621439,0.4976676504112647,hold
2025-02-05,0,-1,-0.0039226026346081,0.0039226026346081,0.49961980284792723,hold
2025-02-06,0,-1,-0.0018387386257991,0.0018387386257991,0.5005384730776379,hold
2025-02-07,0,-1,-0.0075700336923079,0.0075700336923079,0.5043275661831319,hold
2025-02-10,0,-1,-0.0132496849360461,0.0132496849360461,0.5110097475396214,hold
2025-02-11,0,-1,-0.0011507892904301,0.0011507892904301,0.5115978120843954,hold
2025-02-12,-1,-1,-0.0006009745771905,0.0006009745771905,0.5119052693632044,hold
2025-02-13,-1,-1,-0.0044352661537063,0.0044352661537063,0.5141757054783149,hold
2025-02-14,1,1,0.0013192755977626,0.0013192755977626,0.5145969570867758,flip
2025-02-17,-1,-1,-0.0006184463402948,0.0006184463402948,0.5146579092130695,flip
2025-02-18,-1,-1,-0.0005404326900405,0.0005404326900405,0.5149360471713962,hold
2025-02-19,-1,-1,-0.0008612081186238,0.0008612081186238,0.5153795142757923,hold
2025-02-20,-1,-1,-0.0051171487988824,0.0051171487988824,0.5180167879382372,hold
2025-02-21,0,-1,-0.0106401053300685,0.0106401053300685,0.5235285411246438,hold
2025-02-24,1,1,-0.0002571160481895,-0.0002571160481895,0.5231321692644731,flip
2025-02-25,-1,-1,-0.0001108767876499,0.0001108767876499,0.5229286063942853,flip
2025-02-27,-1,-1,-0.0186449596666951,0.0186449596666951,0.5326785891690679,hold
2025-02-28,1,1,-0.0002440004922383,-0.0002440004922383,0.5322822760365213,flip
2025-03-03,-1,-1,-0.0016569416451024,0.0016569416451024,0.5328980955686179,flip
2025-03-04,0,-1,0.0115316950692254,-0.0115316950692254,0.5267528772275497,hold
2025-03-05,-1,-1,0.009284847776867,-0.009284847776867,0.5218620569464651,hold
2025-03-06,1,1,0.0003460139864501,0.0003460139864501,0.5217816974886931,flip
2025-03-07,-1,-1,-0.0040882039130917,0.0040882039130917,0.5236539566174017,flip
2025-03-10,1,1,0.001674047455606,0.001674047455606,0.5242687512127864,flip
2025-03-11,-1,-1,-0.0012179087892316,0.0012179087892316,0.5246451283572016,flip
2025-03-12,-1,-1,-0.0032620894617386,0.0032620894617386,0.526356567701568,hold
2025-03-13,0,-1,0.0049805683362682,-0.0049805683362682,0.5237350128468867,hold
2025-03-17,1,1,0.0144632989948354,0.0144632989948354,0.5310480814253318,flip
2025-03-18,-1,-1,0.0032100316461272,-0.0032100316461272,0.5290778762376287,flip
2025-03-19,1,1,0.01235619558909,0.01235619558909,0.5353507270201624,flip
2025-03-20,-1,-1,0.0068885519512889,-0.0068885519512889,0.5313952603614137,flip
2025-03-21,-1,-1,0.0131881772302988,-0.0131881772302988,0.5243871254884266,hold
2025-03-24,-1,-1,0.0004353972876416,-0.0004353972876416,0.5241588087563147,hold
2025-03-25,-1,-1,-0.0076810793285454,0.0076810793285454,0.5281849141471278,hold
2025-03-26,-1,-1,0.0044748278770025,-0.0044748278770025,0.52582137756909,hold
2025-03-27,-1,-1,-0.0030773044101545,0.0030773044101545,0.5274394900132368,hold
2025-03-28,-1,-1,-0.0150365718652369,0.0150365718652369,0.5353703718093847,hold
2025-04-01,0,-1,0.0071938424586863,-0.0071938424586863,0.5315190016975397,hold
2025-04-02,-1,-1,-0.0035251486188494,0.0035251486188494,0.533392685172266,hold
2025-04-03,-1,-1,-0.0148666197750665,0.0148666197750665,0.5413224314135238,hold
2025-04-04,0,-1,-0.0324325462830553,0.0324325462830553,0.5588788962243989,hold
2025-04-07,0,-1,0.0168873189028142,-0.0168873189028142,0.5494409300758046,hold
2025-04-08,-1,-1,-0.0060658560080705,0.0060658560080705,0.5527737596425848,hold
2025-04-09,1,1,0.0191703874091904,0.0191703874091904,0.5630942598847466,flip
2025-04-11,0,1,0.0219023977821084,0.0219023977821084,0.5754273743535643,hold
2025-04-15,-1,-1,0.004657316201027,-0.004657316201027,0.5724597134332963,flip
2025-04-16,-1,-1,0.0176834769379541,-0.0176834769379541,0.5623366352928908,hold
2025-04-17,0,-1,0.0114834984640164,-0.0114834984640164,0.5558790434052447,hold
2025-04-21,-1,-1,0.0017284255654137,-0.0017284255654137,0.5549182478553454,hold
2025-04-22,-1,-1,0.0066908406521222,-0.0066908406521222,0.5512053782839904,hold
2025-04-23,0,-1,-0.0033807460922566,0.0033807460922566,0.5530688637126548,hold
2025-04-24,-1,-1,-0.0085516633626838,0.0085516633626838,0.5577985224515075,hold
2025-04-25,-1,-1,0.0120282118827472,-0.0120282118827472,0.5510892036355775,hold
2025-04-28,-1,-1,0.0003061930965739,-0.0003061930965739,0.5509204639258278,hold
2025-04-29,-1,-1,-7.191007773188485e-05,7.191007773188485e-05,0.5509600806592129,hold
2025-04-30,-1,-1,0.0005136803511647,-0.0005136803511647,0.5506770632915021,hold
2025-05-02,-1,-1,0.0047008906976129,-0.0047008906976129,0.5480883906072863,hold
2025-05-05,0,-1,-0.0033338898599493,0.0033338898599493,0.5499156569350879,hold
2025-05-06,-1,-1,0.0014274549954715,-0.0014274549954715,0.5491306770835079,hold
2025-05-07,-1,-1,-0.0057588802970967,0.0057588802970967,0.5522930549202956,hold
2025-05-08,0,-1,-0.0109501096942064,0.0109501096942064,0.5583407244550211,hold
2025-05-09,-1,-1,0.0381830730902199,-0.0381830730902199,0.5370215597639088,hold
2025-05-12,-1,-1,-0.0138958390765435,0.0138958390765435,0.5444839249390224,hold
2025-05-13,0,-1,0.0036027960647213,-0.0036027960647213,0.5425222603969482,hold
2025-05-14,-1,-1,0.0160214381414618,-0.0160214381414618,0.5338302735616324,hold
2025-05-15,-1,-1,-0.0016877607536591,0.0016877607536591,0.5347312513464648,hold
2025-05-16,-1,-1,-0.0029717088137536,0.0029717088137536,0.5363203169190806,hold
2025-05-19,-1,-1,-0.0104848313546668,0.0104848313546668,0.5419435449940586,hold
2025-05-20,-1,-1,0.0052483127088862,-0.0052483127088862,0.5390992557993675,hold
2025-05-21,-1,-1,-0.0082112727740422,0.0082112727740422,0.5435259468410192,hold
2025-05-22,0,-1,0.0098924887180058,-0.0098924887180058,0.538149122543951,hold
2025-05-23,-1,-1,0.0059549794562796,-0.0059549794562796,0.5349444555747869,hold
2025-05-26,0,-1,-0.0069977248703164,0.0069977248703164,0.5386878496958004,hold
2025-05-27,-1,-1,-0.0029706520659956,0.0029706520659956,0.5402881038694259,hold
2025-05-28,1,1,0.0032784792287758,0.0032784792287758,0.5417892831435819,flip
2025-05-29,-1,-1,-0.0033382349691143,0.0033382349691143,0.5433270084328914,flip
2025-05-30,0,-1,-0.0013777230725331,0.0013777230725331,0.5440755625883398,hold
2025-06-02,-1,-1,-0.0070438333802584,0.0070438333802584,0.5479079401974825,hold
2025-06-03,1,1,0.0031659048079861,0.0031659048079861,0.5493686106095887,flip
2025-06-04,-1,-1,0.0053086967621067,-0.0053086967621067,0.5461774949399378,flip
2025-06-05,0,-1,0.0101875239545026,-0.0101875239545026,0.5406132986268269,hold
2025-06-06,0,-1,0.0040054487100871,-0.0040054487100871,0.5384478997871862,hold
2025-06-09,0,-1,4.18584595869298e-05,-4.18584595869298e-05,0.5384253611875333,hold
2025-06-10,0,-1,0.0014798446727146,-0.0014798446727146,0.5376285752851254,hold
2025-06-11,0,-1,-0.0100710846627866,0.0100710846627866,0.5430430781839553,hold
2025-06-12,0,-1,-0.0068144588479197,0.0068144588479197,0.5467436228928875,hold
2025-06-13,0,-1,0.0092197937677085,-0.0092197937677085,0.5417027594460052,hold
2025-06-16,0,-1,-0.0037319707924959,0.0037319707924959,0.5437243783224721,hold
2025-06-17,1,1,-0.0016637405234334,-0.0016637405234334,0.5425478998515172,flip
2025-06-18,0,1,-0.0007577278241026,-0.0007577278241026,0.5421367962118913,hold
2025-06-19,-1,-1,0.0128724709598377,-0.0128724709598377,0.5348870876482883,flip
2025-06-20,0,-1,-0.0055948454872697,0.0055948454872697,0.5378796982568161,hold
2025-06-23,1,1,0.0029012296868362,0.0029012296868362,0.539171270956217,flip
2025-06-24,0,1,0.0080018205204253,0.0080018205204253,0.5434856226961782,hold
2025-06-25,0,1,0.0120520108141297,0.0120520108141297,0.5500357172982365,hold
2025-06-26,0,1,0.003475704773181,0.003475704773181,0.5519474790662701,hold
2025-06-27,-1,-1,-0.0047098423546652,0.0047098423546652,0.554271090941194,flip
2025-06-30,-1,-1,0.0009699396772837,-0.0009699396772837,0.5537334814181188,hold
2025-07-01,-1,-1,-0.0034610085397696,0.0034610085397696,0.5556499577260633,hold
2025-07-02,-1,-1,-0.0018897125192245,0.0018897125192245,0.5566999764074848,hold
2025-07-03,-1,-1,0.0021924250859925,-0.0021924250859925,0.5554794534138376,hold
2025-07-04,-1,-1,1.1813410706551508e-05,-1.1813410706551508e-05,0.5554728913069155,hold
2025-07-07,0,-1,0.0024036171315751,-0.0024036171315751,0.5541377471492446,hold
2025-07-08,-1,-1,-0.0018180190273288,0.0018180190273288,0.555145180117323,hold
2025-07-09,0,-1,-0.004743646446198,0.004743646446198,0.5577785925781105,hold
2025-07-10,0,-1,-0.008100901810276,0.008100901810276,0.5622971021884596,hold
2025-07-11,0,-1,-0.0026858541571485,0.0026858541571485,0.563807350197925,hold
2025-07-14,0,-1,0.0045251032187942,-0.0045251032187942,0.5612560637427646,hold
2025-07-15,0,-1,0.0006449487413033,-0.0006449487413033,0.5608940823509049,hold
2025-07-16,-1,-1,-0.0039902173517283,0.0039902173517283,0.5631321716507832,hold
2025-07-17,0,-1,-0.0056965580472427,0.0056965580472427,0.5663400867548618,hold
2025-07-18,1,1,0.0048981443028652,0.0048981443028652,0.568830932180907,flip
2025-07-21,1,1,-0.0011876443882732,-0.0011876443882732,0.5681553633164261,hold
2025-07-22,-1,-1,0.0063445445902445,-0.0063445445902445,0.5642665985980203,flip
2025-07-23,0,-1,-0.006256994627491,0.006256994627491,0.5677972116739208,hold
2025-07-24,1,1,-0.0089816740370306,-0.0089816740370306,0.5624135435936939,flip
2025-07-25,0,1,-0.0062849623293875,-0.0062849623293875,0.5588787956586702,hold
2025-07-28,0,1,0.0056804742343701,0.0056804742343701,0.5620534922575451,hold
2025-07-29,-1,-1,0.0013678351245234,-0.0013678351245234,0.5610036690028454,flip
2025-07-30,-1,-1,-0.0034882717656889,0.0034882717656889,0.5629606022618759,hold
2025-07-31,1,1,-0.0081959437427822,-0.0081959437427822,0.558065128535204,flip
2025-08-01,1,1,0.0064074150430544,0.0064074150430544,0.5616408834347846,hold
2025-08-04,-1,-1,-0.0029608040671041,0.0029608040671041,0.5630229716049928,flip
2025-08-05,1,1,-0.0030569142281212,-0.0030569142281212,0.561020347186532,flip
2025-08-06,1,1,0.0008932609229541,0.0008932609229541,0.5615214847396559,hold
2025-08-07,-1,-1,-0.0094669127354072,0.0094669127354072,0.5665565988923728,flip
2025-08-08,0,-1,0.0091018044718578,-0.0091018044718578,0.5613999115070136,hold
2025-08-11,0,-1,-0.0039719417907191,0.0039719417907191,0.5636297592768343,hold
2025-08-12,0,-1,0.0053884535167121,-0.0053884535167121,0.5605926665183355,hold
2025-08-13,0,-1,0.000485438164071,-0.000485438164071,0.5603205334435092,hold
2025-08-14,-1,-1,0.0099730192766349,-0.0099730192766349,0.5547324459623827,hold
2025-08-18,0,-1,0.0041685646806257,-0.0041685646806257,0.5524200078809468,hold
2025-08-19,0,-1,0.0027981813736617,-0.0027981813736617,0.5508742365044563,hold
2025-08-20,-1,-1,0.0013252889742787,-0.0013252889742787,0.5501441689526028,hold
2025-08-21,-1,-1,-0.0085174820600987,0.0085174820600987,0.5548300120421245,hold
2025-08-22,0,-1,0.0039264173509054,-0.0039264173509054,0.5526515178560392,hold
2025-08-25,0,-1,-0.0102411798720348,0.0102411798720348,0.558311321456956,hold
2025-08-26,0,-1,-0.0085444301039235,0.0085444301039235,0.563081773519374,hold
2025-08-28,0,-1,-0.0030223697933294,0.0030223697933294,0.5647836148628333,hold
2025-08-29,0,-1,0.0081140701746054,-0.0081140701746054,0.560200920978369,hold
2025-09-01,0,-1,-0.0018457290617897,0.0018457290617897,0.5612349000986602,hold
2025-09-02,0,-1,0.005510715147017,-0.005510715147017,0.5581420944336519,hold
2025-09-03,0,-1,0.0007788776228048,-0.0007788776228048,0.5577073700459522,hold
2025-09-04,-1,-1,0.0002708473067116,-0.0002708473067116,0.557556316506842,hold
2025-09-05,-1,-1,0.0012994782193525,-0.0012994782193525,0.5568317842174789,hold
2025-09-08,0,-1,0.0038529301782352,-0.0038529301782352,0.5546863502318669,hold
2025-09-09,0,-1,0.0042020862308871,-0.0042020862308871,0.5523555103570965,hold
2025-09-10,0,-1,0.0012974116602184,-0.0012974116602184,0.5516388778773733,hold
2025-09-11,0,-1,0.0043390454100098,-0.0043390454100098,0.5492452917363365,hold
2025-09-12,0,-1,-0.0017838966811339,0.0017838966811339,0.5502250885893933,hold
2025-09-15,-1,-1,0.0067772563910986,-0.0067772563910986,0.5464960720912081,hold
2025-09-16,0,-1,0.0036114755294653,-0.0036114755294653,0.5445224148999018,hold
2025-09-17,-1,-1,0.0036853015416349,-0.0036853015416349,0.5425156856048164,hold
2025-09-18,-1,-1,-0.0037976065391384,0.0037976065391384,0.5445759467200544,hold
2025-09-19,-1,-1,-0.0049236357186648,0.0049236357186648,0.547257240302851,hold
2025-09-22,-1,-1,-0.001303434397354,0.001303434397354,0.5479705542140627,hold
2025-09-23,-1,-1,-0.0044736530076083,0.0044736530076083,0.5504219843320033,hold
2025-09-24,0,-1,-0.0066269482123226,0.0066269482123226,0.5540696023170953,hold
2025-09-25,0,-1,-0.0094874379272315,0.0094874379272315,0.5593263032764446,hold
2025-09-26,0,-1,-0.0008030448049409,0.0008030448049409,0.5597754673585577,hold
2025-09-29,-1,-1,-0.0009661407544825,0.0009661407544825,0.5603162892509322,hold
2025-09-30,-1,-1,0.0091503904924759,-0.0091503904924759,0.5551891764049911,hold
2025-10-01,0,-1,0.0023332467769816,-0.0023332467769816,0.5538937830485291,hold
2025-10-03,-1,-1,0.0073671787912872,-0.0073671787912872,0.5498131485174281,hold
2025-10-06,0,-1,0.0012222193924698,-0.0012222193924698,0.5491411562250752,hold
2025-10-07,-1,-1,-0.0024752925801897,0.0024752925801897,0.5505004412545559,hold
2025-10-08,1,1,0.0054160175719368,0.0054160175719368,0.5532067110971223,flip
2025-10-09,1,1,0.004112050167679,0.004112050167679,0.5554815248462504,hold
2025-10-10,0,1,-0.0022938183927065,-0.0022938183927065,0.5542073511077494,hold
2025-10-13,0,1,-0.0032444791324643,-0.0032444791324643,0.552409236922022,hold
2025-10-14,0,1,0.0070808208725219,0.0070808208725219,0.5563207477769934,hold
2025-10-15,0,1,0.0103362282114798,0.0103362282114798,0.5620710059847975,hold
2025-10-16,1,1,0.0048679837376106,0.0048679837376106,0.564807158501314,hold
2025-10-17,0,1,0.0051848137299641,0.0051848137299641,0.5677355784114937,hold
2025-10-20,-1,-1,0.0009847568259027,-0.0009847568259027,0.5668926291361395,flip
2025-10-21,-1,-1,0.0008814076368377,-0.0008814076368377,0.5663929656435518,hold
2025-10-23,-1,-1,-0.0037174505259611,0.0037174505259611,0.5684985034715841,hold
2025-10-24,-1,-1,0.0066252915000297,-0.0066252915000297,0.5647320351687543,hold
2025-10-27,0,-1,-0.001149638146805,0.001149638146805,0.5653812726591071,hold
2025-10-28,-1,-1,0.0045381040946781,-0.0045381040946781,0.5628155135905984,hold
2025-10-29,0,-1,-0.00675717564781,0.00675717564781,0.5666185568732425,hold
2025-10-30,0,-1,-0.0060186608373972,0.0060186608373972,0.5700288417912379,hold
2025-10-31,0,-1,0.0016036793506921,-0.0016036793506921,0.5691146983083584,hold
2025-11-03,-1,-1,-0.0064315867797603,0.0064315867797603,0.5727750088781656,hold
2025-11-04,0,-1,-0.0034359080045569,0.0034359080045569,0.5747430111159803,hold
2025-11-06,0,-1,-0.0006820322478444,0.0006820322478444,0.5751350043837846,hold
2025-11-07,-1,-1,0.0032185728871263,-0.0032185728871263,0.5732838904522377,hold
2025-11-10,-1,-1,0.0047156471705849,-0.0047156471705849,0.5705804858962847,hold
2025-11-11,1,1,0.0070384090258497,0.0070384090258497,0.5743111744952427,flip
2025-11-12,0,1,0.0001294494962036,0.0001294494962036,0.5743855187874453,hold
2025-11-13,0,1,0.0011940264714482,0.0011940264714482,0.575071350301694,hold
2025-11-14,0,1,0.0039906690408659,0.0039906690408659,0.577366269735632,hold
2025-11-17,0,1,-0.0039748069020186,-0.0039748069020186,0.5750713503016941,hold
2025-11-18,0,1,0.0055036406751542,0.0055036406751542,0.5782363363763304,hold
2025-11-19,0,1,0.0053545415882216,0.0053545415882216,0.5813325268872784,hold
2025-11-20,0,1,-0.0047342428227803,-0.0047342428227803,0.5785803575442136,hold
2025-11-21,0,1,-0.004167936312968,-0.004167936312968,0.576168871462035,hold
2025-11-24,0,1,-0.002877529180069,-0.002877529180069,0.5745109287217556,hold
2025-11-25,0,1,0.0123817835303625,0.0123817835303625,0.5816243986770159,hold
2025-11-26,0,1,0.0003911422381892,0.0003911422381892,0.5818518965460999,hold
2025-11-27,-1,-1,-0.0004806903583736,0.0004806903583736,0.5818406611944981,flip
2025-11-28,-1,-1,-0.0010380212747401,0.0010380212747401,0.5824446241793267,hold
2025-12-01,-1,-1,-0.0054841133969418,0.0054841133969418,0.5856388165457653,hold
2025-12-02,0,-1,-0.0017746951904364,0.0017746951904364,0.586678146936822,hold
2025-12-03,0,-1,0.0018375278996383,-0.0018375278996383,0.5856001094737174,hold
2025-12-04,-1,-1,0.0058654330916598,-0.0058654330916598,0.5821653112131308,hold
2025-12-05,1,1,-0.0086265394598917,-0.0086265394598917,0.576852156528164,flip
2025-12-08,0,1,-0.0046570811090926,-0.0046570811090926,0.5741657092472574,hold
2025-12-09,1,1,-0.0031598875909956,-0.0031598875909956,0.5723514101474318,hold
2025-12-10,1,1,0.0054565875164998,0.0054565875164998,0.5754744957070934,hold
2025-12-11,1,1,0.0057299900196514,0.0057299900196514,0.5787719588240591,hold
2025-12-12,1,1,-0.0007543469807149,-0.0007543469807149,0.5783353639443978,hold
2025-12-15,-1,-1,-0.0064240688375742,0.0064240688375742,0.581761462451608,flip
2025-12-16,0,-1,-0.0016066770334456,0.0016066770334456,0.5826961652322726,hold
2025-12-17,-1,-1,-0.0001161955225689,0.0001161955225689,0.5827638719176906,hold
2025-12-18,1,1,0.0058433620360547,0.0058433620360547,0.5858777902668799,flip
2025-12-19,1,1,0.0079333291061156,0.0079333291061156,0.5905257515930309,hold
2025-12-22,0,1,0.0001814888939914,0.0001814888939914,0.590632925458561,hold
2025-12-23,1,1,-0.0013389838361685,-0.0013389838361685,0.5898420775182631,hold
2025-12-24,1,1,-0.003817552133005,-0.003817552133005,0.5875903246370971,hold
2025-12-26,0,1,-0.0038476313101776,-0.0038476313101776,0.585329493706466,hold
2025-12-29,0,1,-0.0001252789885528,-0.0001252789885528,0.5852561642195244,hold
2025-12-30,0,1,0.007353834224439,0.007353834224439,0.5895600410300259,hold
2025-12-31,1,1,0.0006487344669803,0.0006487344669803,0.5899425089489965,hold
2026-01-01,0,1,0.0069607651702385,0.0069607651702385,0.5940489602177318,hold
2026-01-02,0,1,-0.002972058760474,-0.002972058760474,0.5922834118013662,hold
2026-01-05,1,1,-0.0027276473171363,-0.0027276473171363,0.5906678715421819,hold
