date,signal,position,market_return,pnl,equity,action
2020-01-01,-1,-1,0.0081838863379848,-0.0081838863379848,0.9915661136620152,enter
2020-01-02,0,-1,-0.0045227893866035,0.0045227893866035,0.9960507583570015,hold
2020-01-03,-1,-1,-0.0191058530729412,0.0191058530729412,1.015081157799362,hold
2020-01-06,0,-1,0.0049945920012428,-0.0049945920012428,1.010011241568005,hold
2020-01-07,1,1,-0.0022899444111396,-0.0022899444111396,1.0071933663494042,flip
2020-01-08,-1,-1,0.0158457581226116,-0.0158457581226116,0.990730027200358,flip
2020-01-09,1,1,0.0033480474426501,0.0033480474426501,0.9935516733206827,flip
2020-01-10,0,1,0.0059354808073293,0.0059354808073293,0.9994488802087675,hold
2020-01-13,1,1,0.0026562202609821,0.0026562202609821,1.002103636574194,hold
2020-01-14,0,1,-0.0015369308543056,-0.0015369308543056,1.0005634725759311,hold
2020-01-15,0,1,0.0009884063018437,0.0009884063018437,1.0015524358176198,hold
2020-01-16,0,1,-0.0002549788049855,-0.0002549788049855,1.0012970611744048,hold
2020-01-17,-1,-1,-0.0103461939411514,0.0103461939411514,1.011156026231433,flip
2020-01-20,0,-1,-0.0044746183856623,0.0044746183856623,1.0156805635771813,hold
2020-01-21,1,1,-0.0051725551893021,-0.0051725551893021,1.0099190595255882,flip
2020-01-22,1,1,0.0060667236352978,0.0060667236352978,1.0160459593537499,hold
2020-01-23,1,1,0.0055745847042631,0.0055745847042631,1.0217099936175917,hold
2020-01-24,1,1,-0.0105525279121506,-0.0105525279121506,1.010928370391819,hold
2020-01-27,0,1,-0.0052149678449129,-0.0052149678449129,1.0056564114467155,hold
2020-01-28,0,1,0.0061132563999481,0.0061132563999481,1.0118042469401411,hold
2020-01-29,1,1,-0.007724984155365,-0.007724984155365,1.0039880751641974,hold
2020-01-30,-1,-1,-0.0061234148547233,0.0061234148547233,1.009633916620041,flip
2020-01-31,0,-1,-0.0212503847193161,0.0212503847193161,1.031089025773887,hold
2020-02-03,0,-1,0.0232108226866707,-0.0232108226866707,1.007156601222477,hold
2020-02-04,0,-1,0.0091405004678344,-0.0091405004678344,0.9979506858378205,hold
2020-02-05,1,1,0.0040366612301674,0.0040366612301674,1.0014800993380422,flip
2020-02-06,0,1,-0.0032625431230384,-0.0032625431230384,0.998212727327087,hold
2020-02-07,0,1,-0.0055255147630383,-0.0055255147630383,0.9926970881655884,hold
2020-02-10,1,1,0.0063500303889789,0.0063500303889789,0.9990007448424909,hold
2020-02-11,0,1,0.0077056964194832,0.0077056964194832,1.0066987413050847,hold
2020-02-12,0,1,-0.0021759994314084,-0.0021759994314084,1.0045081654164052,hold
2020-02-13,1,1,-0.0050268544351488,-0.0050268544351488,0.9994586490899385,hold
2020-02-14,-1,-1,-0.0055847334602637,0.0055847334602637,1.004540629925116,flip
2020-02-17,1,1,-0.0044247626186481,-0.0044247626186481,0.9995935057819477,flip
2020-02-18,1,1,0.011123651500938,0.011123651500938,1.010712635582867,hold
2020-02-19,1,1,-0.0037152524595064,-0.0037152524595064,1.0069575829776636,hold
2020-02-20,1,1,-0.0208138687990014,-0.0208138687990014,0.9859988999594069,hold
2020-02-24,0,1,-0.0026628568617023,-0.0026628568617023,0.9833733260230191,hold
2020-02-25,0,1,-0.0101204779385897,-0.0101204779385897,0.9734211179716055,hold
2020-02-26,0,1,-0.0038703767874727,-0.0038703767874727,0.9696536114721724,hold
2020-02-27,1,1,-0.0370960786649383,-0.0370960786649383,0.9336832648232591,hold
2020-02-28,1,1,-0.0061597518244916,-0.0061597518244916,0.9279320076292669,hold
2020-03-02,1,1,0.0153196474085468,0.0153196474085468,0.9421475988052522,hold
2020-03-03,-1,-1,-0.0046269501465237,0.0046269501465237,0.9460357949761886,flip
2020-03-04,1,1,0.0015998577904186,0.0015998577904186,0.947076299815308,flip
2020-03-05,-1,-1,-0.0248069753028219,0.0248069753028219,0.9700968600448068,flip
2020-03-06,1,1,-0.0489560433359516,-0.0489560433359516,0.9221197076943602,flip
2020-03-09,1,1,0.0006649981756232,0.0006649981756232,0.9227329156176832,hold
2020-03-11,1,1,-0.0830193880106471,-0.0830193880106471,0.846128193665823,hold
2020-03-12,1,1,0.0380650761268936,0.0380650761268936,0.8783361277708236,hold
2020-03-13,1,1,-0.0761210010667908,-0.0761210010667908,0.8114763024517798,hold
2020-03-16,1,1,-0.0250451840905282,-0.0250451840905282,0.7911527290717738,hold
2020-03-17,1,1,-0.055564540272715,-0.055564540272715,0.7471926913953969,hold
2020-03-18,1,1,-0.0242477817531284,-0.0242477817531284,0.7290749260869087,hold
2020-03-19,1,1,0.0583291468584656,0.0583291468584656,0.7716012445214571,hold
2020-03-20,-1,-1,-0.1298046607047124,0.1298046607047124,0.8713728816436379,flip
2020-03-23,1,1,0.0250714240251634,0.0250714240251634,0.8927837542025324,flip
2020-03-24,1,1,0.0662474689466749,0.0662474689466749,0.9519284182351606,hold
2020-03-25,1,1,0.0389043564303894,0.0389043564303894,0.9889625807143981,hold
2020-03-26,1,1,0.0021755381634551,0.0021755381634551,0.9911141065509714,hold
2020-03-27,1,1,-0.0437805364308189,-0.0437805364308189,0.9477225993020181,hold
2020-03-30,-1,-1,0.0382377227133605,-0.0382377227133605,0.9110099840410714,flip
2020-03-31,-1,-1,-0.0400046750966822,0.0400046750966822,0.9474546424624681,hold
2020-04-01,1,1,-0.0205965741867707,-0.0205965741867707,0.9274665953091584,flip
2020-04-03,1,1,0.0876321046711503,0.0876321046711503,1.008742445068286,hold
2020-04-07,1,1,-0.0049419024075071,-0.0049419024075071,1.0037573383504483,hold
2020-04-08,-1,-1,0.0415088316188025,-0.0415088316188025,0.9615906653375471,flip
2020-04-09,-1,-1,-0.0129556707370791,0.0129556707370791,0.9740487173815091,hold
2020-04-13,0,-1,-0.0076218535626885,0.0076218535626885,0.9814727740683155,hold
2020-04-15,-1,-1,0.0075627711647903,-0.0075627711647903,0.9740501200735648,hold
2020-04-16,-1,-1,0.0304632818768748,-0.0304632818768748,0.9443773567035602,hold
2020-04-17,-1,-1,-0.0005288143766692,0.0005288143766692,0.944876757026786,hold
2020-04-20,-1,-1,-0.0302746671440956,0.0302746671440956,0.9734825863379645,hold
2020-04-21,-1,-1,0.0229194177887257,-0.0229194177887257,0.9511709322316354,hold
2020-04-22,-1,-1,0.0137799558770148,-0.0137799558770148,0.9380638387539845,hold
2020-04-23,-1,-1,-0.0171249415723349,0.0171249415723349,0.9541281271837666,hold
2020-04-24,-1,-1,0.0139713589754586,-0.0139713589754586,0.9407976606103001,hold
2020-04-27,-1,-1,0.0106224306488902,-0.0106224306488902,0.930804102705829,hold
2020-04-28,-1,-1,0.0183830135241964,-0.0183830135241964,0.9136931182974103,hold
2020-04-29,0,-1,0.032088303452139,-0.032088303452139,0.8843742562553518,hold
2020-04-30,-1,-1,-0.057444839013135,0.057444839013135,0.9351769930333015,hold
2020-05-04,-1,-1,-0.0094582655216011,0.0094582655216011,0.9440221453431029,hold
2020-05-05,0,-1,0.0070935934671216,-0.0070935934671216,0.937325636020079,hold
2020-05-06,-1,-1,-0.0077501195040513,0.0077501195040513,0.9445900217134454,hold
2020-05-07,1,1,0.0057016970693835,0.0057016970693835,0.9495034928611612,flip
2020-05-08,1,1,-0.0013294930214019,-0.0013294930214019,0.9482411345936055,hold
2020-05-11,1,1,-0.0046162427183511,-0.0046162427183511,0.9438638233607968,hold
2020-05-12,1,1,0.0203337125303977,0.0203337125303977,0.9630560790128573,hold
2020-05-13,1,1,-0.0256619093732747,-0.0256619093732747,0.9383422211918481,hold
2020-05-14,1,1,-0.0006453627874545,-0.0006453627874545,0.9377366500403934,hold
2020-05-15,1,1,-0.0343225097032598,-0.0343225097032598,0.9055511747702797,hold
2020-05-18,1,1,0.0063298228402233,0.0063298228402233,0.9112831532793316,hold
2020-05-19,1,1,0.021111396826158,0.021111396826158,0.9305216135492042,hold
2020-05-20,1,1,0.0043787544510012,0.0043787544510012,0.9345961392062856,hold
2020-05-21,1,1,-0.0073575840768702,-0.0073575840768702,0.9277197695341571,hold
2020-05-22,1,1,-0.0011284338094974,-0.0011284338094974,0.9266728991804756,hold
2020-05-26,-1,-1,0.0316645047717616,-0.0316645047717616,0.896866924292923,flip
2020-05-27,0,-1,0.0188030435364687,-0.0188030435364687,0.8800030964690244,hold
2020-05-28,0,-1,0.0095046626511057,-0.0095046626511057,0.8716389639051579,hold
2020-05-29,0,-1,0.0256620973194605,-0.0256620973194605,0.84927087998599,hold
2020-06-01,0,-1,0.0155655279707429,-0.0155655279707429,0.8360515303488306,hold
2020-06-02,-1,-1,0.0082622880359908,-0.0082622880359908,0.8291438317921577,hold
2020-06-03,-1,-1,-0.0032251686810099,0.0032251686810099,0.8318179605105063,hold
2020-06-04,-1,-1,0.0112722762414605,-0.0112722762414605,0.8224414786770236,hold
2020-06-05,-1,-1,0.0024945207587225,-0.0024945207587225,0.8203898813356293,hold
2020-06-08,-1,-1,-0.0118810323499978,0.0118810323499978,0.8301369600553887,hold
2020-06-09,-1,-1,0.0069177285262014,-0.0069177285262014,0.8243942979261595,hold
2020-06-10,-1,-1,-0.021169158460066,0.021169158460066,0.8418460314525331,hold
2020-06-11,-1,-1,0.0071602091117954,-0.0071602091117954,0.835818237827398,hold
2020-06-12,-1,-1,-0.0159632793948444,0.0159632793948444,0.8491606378811432,hold
2020-06-15,-1,-1,0.010220386061458,-0.010220386061458,0.8404818883338039,hold
2020-06-16,-1,-1,-0.0033134566648174,0.0033134566648174,0.8432667886483618,hold
2020-06-17,1,1,0.0213031875518985,0.0213031875518985,0.8608094258089009,flip
2020-06-18,0,1,0.0151362754442923,0.0151362754442923,0.8738388743829875,hold
2020-06-19,-1,-1,0.0065206163504338,-0.0065206163504338,0.8677039868938496,flip
2020-06-22,-1,-1,0.0154976919912916,-0.0154976919912916,0.854256577765353,hold
2020-06-23,-1,-1,-0.0158246772335498,0.0158246772335498,0.8677749123831265,hold
2020-06-24,1,1,-0.0015913572989929,-0.0015913572989929,0.8659600849862312,flip
2020-06-25,0,1,0.0091457401473864,0.0091457401473864,0.8738799309015239,hold
2020-06-26,0,1,-0.0067995386087835,-0.0067995386087835,0.867937950571918,hold
2020-06-29,1,1,-0.0009988732845714,-0.0009988732845714,0.8670709905404261,hold
2020-06-30,1,1,0.0124198173347171,0.0124198173347171,0.8778398538591705,hold
2020-07-01,1,1,0.0116634525148986,0.0116634525148986,0.8880784973103425,hold
2020-07-02,0,1,0.0052739760448483,0.0052739760448483,0.8927622020311021,hold
2020-07-03,0,1,0.014735139974255,0.014735139974255,0.9059171780417545,hold
2020-07-06,1,1,0.0033445902359812,0.0033445902359812,0.9089470997900406,hold
2020-07-07,-1,-1,-0.008694762073642,0.008694762073642,0.916395705010347,flip
2020-07-08,-1,-1,0.0100600327219018,-0.0100600327219018,0.9071767342317326,hold
2020-07-09,-1,-1,-0.0041985110954393,0.0041985110954393,0.9109855258159288,hold
2020-07-10,-1,-1,0.0032178891492418,-0.0032178891492418,0.9080540753772894,hold
2020-07-13,-1,-1,-0.0180834960154004,0.0180834960154004,0.9244748676311427,hold
2020-07-14,-1,-1,0.0010229309240368,-0.0010229309240368,0.923529193700548,hold
2020-07-15,0,-1,0.0114661616621005,-0.0114661616621005,0.9129398586659082,hold
2020-07-16,0,-1,0.0150605912558696,-0.0150605912558696,0.8991904446133496,hold
2020-07-17,1,1,0.0110533217609316,0.0110533217609316,0.9086798906997096,flip
2020-07-20,1,1,0.0127061568657644,0.0127061568657644,0.9202257199317058,hold
2020-07-21,1,1,-0.0026563094918139,-0.0026563094918139,0.9177813156172399,hold
2020-07-22,1,1,0.0074421598588463,0.0074421598588463,0.9246115908835256,hold
2020-07-23,1,1,-0.0018991484351116,-0.0018991484351116,0.9228556162276131,hold
2020-07-24,1,1,-0.0055699256988469,-0.0055699256988469,0.9177153790144618,hold
2020-07-27,1,1,0.0151592736988444,0.0151592736988444,0.9316272776225807,hold
2020-07-28,1,1,-0.0086456143286032,-0.0086456143286032,0.9235727874822492,hold
2020-07-29,1,1,-0.0089887146807479,-0.0089887146807479,0.9152710552086682,hold
2020-07-30,0,1,-0.0025851023723058,-0.0025851023723058,0.9129049858325455,hold
2020-07-31,-1,-1,-0.0164222155452939,0.0164222155452939,0.927440455789345,flip
2020-08-03,0,-1,0.0186979321613793,-0.0186979321613793,0.9100992370632771,hold
2020-08-04,-1,-1,0.0005768586219327,-0.0005768586219327,0.9095742384715628,hold
2020-08-05,-1,-1,0.0088725546683743,-0.0088725546683743,0.901503991315779,hold
2020-08-06,1,1,0.001241002448872,0.001241002448872,0.9021720079810119,flip
2020-08-07,0,1,0.005002705259437,0.005002705259437,0.9066853086302554,hold
2020-08-10,0,1,0.0046449787767293,0.0046449787767293,0.9108968426460152,hold
2020-08-11,0,1,-0.0012452735151247,-0.0012452735151247,0.9097625269328574,hold
2020-08-12,-1,-1,-0.000703034473301,0.000703034473301,0.9099472400883423,flip
2020-08-13,-1,-1,-0.0108004373788689,0.0108004373788689,0.9197750682729909,hold
2020-08-14,-1,-1,0.0061457110453491,-0.0061457110453491,0.9141223964766689,hold
2020-08-17,0,-1,0.0122920579350753,-0.0122920579350753,0.9028859510194279,hold
2020-08-18,1,1,0.0020246002135075,0.0020246002135075,0.9042624911331252,flip
2020-08-19,0,1,-0.008432399987605,-0.008432399987605,0.8966373881141025,hold
2020-08-20,-1,-1,0.0052509160938571,-0.0052509160938571,0.8914809017284432,flip
2020-08-21,0,-1,0.0083410064718865,-0.0083410064718865,0.884045053757563,hold
2020-08-24,1,1,0.0005058064691958,0.0005058064691958,0.8840501869379355,flip
2020-08-25,0,1,0.0067423225064831,0.0067423225064831,0.8900107384101877,hold
2020-08-26,0,1,0.0008355606212675,0.0008355606212675,0.8907543963357085,hold
2020-08-27,0,1,0.0076431956549949,0.0076431956549949,0.8975626064674492,hold
2020-08-28,0,1,-0.0223307478019462,-0.0223307478019462,0.8775193622659672,hold
2020-08-31,-1,-1,0.0072667398463226,-0.0072667398463226,0.8707038976691365,flip
2020-09-01,1,1,0.0056450382511279,0.0056450382511279,0.8751837025280504,flip
2020-09-02,1,1,-0.0006545127600779,-0.0006545127600779,0.8746108836273336,hold
2020-09-03,-1,-1,-0.0167947449485598,0.0167947449485598,0.8888624449052756,flip
2020-09-04,0,-1,0.0018705202595032,-0.0018705202595032,0.8871998096941687,hold
2020-09-07,-1,-1,-0.0033201259317187,0.0033201259317187,0.8901454247889501,hold
2020-09-08,1,1,-0.0034769279675166,-0.0034769279675166,0.88660538055395,flip
2020-09-09,1,1,0.0151844298634509,0.0151844298634509,0.9000679777715297,hold
2020-09-10,1,1,0.0013276149365679,0.0013276149365679,0.9012629214627457,hold
2020-09-11,-1,-1,-0.0021283524468515,0.0021283524468515,0.902730495146166,flip
2020-09-14,0,-1,0.0071459479106903,-0.0071459479106903,0.8962796300504597,hold
2020-09-15,0,-1,0.0071820376506051,-0.0071820376506051,0.889842516001967,hold
2020-09-16,1,1,-0.0076220272911209,-0.0076220272911209,0.8826151908021993,flip
2020-09-17,-1,-1,-0.0009681588767627,0.0009681588767627,0.883028394938539,flip
2020-09-18,-1,-1,-0.0221122548386738,0.0221122548386738,0.9025541438372051,hold
2020-09-21,0,-1,-0.0086128603263573,0.0086128603263573,0.91032771661505,hold
2020-09-22,-1,-1,-0.0019545871070447,0.0019545871070447,0.9121070314331312,hold
2020-09-23,-1,-1,-0.0293122720965164,0.0293122720965164,0.938842960919645,hold
2020-09-24,1,1,0.0226457884823545,0.0226457884823545,0.959634378550319,flip
2020-09-25,-1,-1,0.0160448681873712,-0.0160448681873712,0.9437573542491342,flip
2020-09-28,1,1,-0.0004586409458945,-0.0004586409458945,0.942852629806362,flip
2020-09-29,-1,-1,0.0022410013176423,-0.0022410013176423,0.9402682695057203,flip
2020-09-30,-1,-1,0.0150610927327836,-0.0150610927327836,0.9261068019050007,hold
2020-10-01,0,-1,0.0075676439490797,-0.0075676439490797,0.9190983553693628,hold
2020-10-05,0,-1,0.0138264754746197,-0.0138264754746197,0.906390464500085,hold
2020-10-06,0,-1,0.0065551872847253,-0.0065551872847253,0.9004489052521978,hold
2020-10-07,-1,-1,0.0081566766068399,-0.0081566766068399,0.8931042347310726,hold
2020-10-08,1,1,0.0067260903253916,0.0067260903253916,0.898664782366498,flip
2020-10-09,0,1,0.0014058853909966,0.0014058853909966,0.8999282020554302,hold
2020-10-12,-1,-1,0.0002975290843887,-0.0002975290843887,0.8992104831404294,flip
2020-10-13,-1,-1,0.0030625333853533,-0.0030625333853533,0.8964566210153522,hold
2020-10-14,-1,-1,-0.0242836008583533,0.0242836008583533,0.9182258157869171,hold
2020-10-15,-1,-1,0.007028949362235,-0.007028949362235,0.9117716530246539,hold
2020-10-16,-1,-1,0.0094027696218492,-0.0094027696218492,0.9031984742235305,hold
2020-10-19,1,1,0.0020003285078973,0.0020003285078973,0.9045535686426975,flip
2020-10-20,1,1,0.0034337457642519,0.0034337457642519,0.9076595756275634,hold
2020-10-21,-1,-1,-0.0034512817819539,0.0034512817819539,0.9103383347973291,flip
2020-10-22,1,1,0.0028495402835257,0.0028495402835257,0.9124772113865732,flip
2020-10-23,-1,-1,-0.0136290733045432,0.0136290733045432,0.9244571915835927,flip
2020-10-26,0,-1,0.0103376083469652,-0.0103376083469652,0.9149005152034662,hold
2020-10-27,0,-1,-0.0134406089457635,0.0134406089457635,0.9271973352525935,hold
2020-10-28,0,-1,-0.0050129421843609,0.0050129421843609,0.9318453218877083,hold
2020-10-29,0,-1,-0.0024333734223676,0.0024333734223676,0.9341128495277474,hold
2020-10-30,0,-1,0.0022976361491175,-0.0022976361491175,0.9319665980773173,hold
2020-11-02,1,1,0.0123701901631991,0.0123701901631991,0.9430292188222449,flip
2020-11-03,-1,-1,0.008041647267956,-0.008041647267956,0.9349741958716893,flip
2020-11-04,0,-1,0.0177855989156905,-0.0177855989156905,0.9183451198273951,hold
2020-11-05,0,-1,0.0118190145712895,-0.0118190145712895,0.9074911854746824,hold
2020-11-06,0,-1,0.0161046355374614,-0.0161046355374614,0.8928763706791538,hold
2020-11-09,0,-1,0.0136465071043638,-0.0136465071043638,0.8806917269433622,hold
2020-11-10,0,-1,0.0093460415087203,-0.0093460415087203,0.872460745506963,hold
2020-11-11,-1,-1,-0.0045768215253314,0.0045768215253314,0.876453842627006,hold
2020-11-12,-1,-1,0.0022969703307613,-0.0022969703307613,0.87444065415421,hold
2020-11-13,-1,-1,0.0121266198083733,-0.0121266198083733,0.8638366447962967,hold
2020-11-17,-1,-1,0.0049750511655721,-0.0049750511655721,0.859539013289739,hold
2020-11-18,0,-1,-0.0128726686134137,0.0128726686134137,0.8706035741681185,hold
2020-11-19,0,-1,0.0068393094137191,-0.0068393094137191,0.864649246947693,hold
2020-11-20,-1,-1,0.005241475198302,-0.005241475198302,0.8601172093645861,hold
2020-11-23,-1,-1,0.0099563448098976,-0.0099563448098976,0.8515535858512254,hold
2020-11-24,-1,-1,-0.0150706804680923,0.0150706804680923,0.8643870778450474,hold
2020-11-25,0,-1,0.0100012136399767,-0.0100012136399767,0.8557421580118839,hold
2020-11-26,-1,-1,-0.0013898363507738,0.0013898363507738,0.8569314995699785,hold
2020-11-27,-1,-1,0.0108026946873185,-0.0108026946873185,0.847674330212178,hold
2020-12-01,-1,-1,0.0003585458429504,-0.0003585458429504,0.8473704001049046,hold
2020-12-02,-1,-1,0.00153658492994,-0.00153658492994,0.8460683435180262,hold
2020-12-03,0,-1,0.0094906623588735,-0.0094906623588735,0.8380385945371652,hold
2020-12-04,0,-1,0.0073311332494399,-0.0073311332494399,0.8318948219324399,hold
2020-12-07,0,-1,0.0027853318093331,-0.0027853318093331,0.829577718822892,hold
2020-12-08,0,-1,0.0101657522858669,-0.0101657522858669,0.8211444372314639,hold
2020-12-09,0,-1,-0.0037548548058806,0.0037548548058806,0.8242277153679246,hold
2020-12-10,1,1,0.0026375585350264,0.0026375585350264,0.8259895503557148,flip
2020-12-11,0,1,0.0032781762806703,0.0032781762806703,0.8286972897077725,hold
2020-12-14,-1,-1,0.0007153791977927,-0.0007153791977927,0.8276901082605944,flip
2020-12-15,-1,-1,0.008464907059269,-0.008464907059269,0.8206837884202921,hold
2020-12-16,0,-1,0.0042389293905504,-0.0042389293905504,0.8172049677892091,hold
2020-12-17,0,-1,0.0014445849987885,-0.0014445849987885,0.8160244457518054,hold
2020-12-18,-1,-1,-0.0314049525779333,0.0314049525779333,0.8416516547730751,hold
2020-12-21,0,-1,0.0103462838766079,-0.0103462838766079,0.8329436878275761,hold
2020-12-22,0,-1,0.0100101591857162,-0.0100101591857162,0.8246057889196845,hold
2020-12-23,0,-1,0.0108925303747413,-0.0108925303747413,0.8156237453166894,hold
2020-12-24,-1,-1,0.0090150513891666,-0.0090150513891666,0.8082708553384349,hold
2020-12-28,0,-1,0.0042815942411449,-0.0042815942411449,0.8048101674989325,hold
2020-12-29,-1,-1,0.0035420946069744,-0.0035420946069744,0.8019594537449963,hold
2020-12-30,0,-1,-1.4318125132972703e-05,1.4318125132972703e-05,0.8019709363008067,hold
2020-12-31,0,-1,0.0026284263414808,-0.0026284263414808,0.7998630147667317,hold
2021-01-01,0,-1,0.0081606727271106,-0.0081606727271106,0.7933355944767003,hold
2021-01-04,0,-1,0.0047123808655142,-0.0047123808655142,0.789597095001357,hold
2021-01-05,0,-1,-0.0037501320469031,0.0037501320469031,0.7925581883714632,hold
2021-01-06,1,1,-0.000629169612088,-0.000629169612088,0.7916632557493426,flip
2021-01-07,-1,-1,0.014847223590326,-0.014847223590326,0.779513422755112,flip
2021-01-08,-1,-1,0.0095837181341371,-0.0095837181341371,0.7720427858296506,hold
2021-01-11,0,-1,0.0054333140242324,-0.0054333140242324,0.7678480349340949,hold
2021-01-12,0,-1,9.609083312889231e-05,-9.609083312889231e-05,0.7677742517767018,hold
2021-01-13,-1,-1,0.002111247340323,-0.002111247340323,0.7661532904296697,hold
2021-01-14,-1,-1,-0.0110923441582015,0.0110923441582015,0.7746517264050542,hold
2021-01-15,0,-1,-0.0105586501425666,0.0105586501425666,0.7828310029665003,hold
2021-01-18,0,-1,0.0167947308170628,-0.0167947308170628,0.7696835669964266,hold
2021-01-19,-1,-1,0.008508265623863,-0.008508265623863,0.7631348947620986,hold
2021-01-20,-1,-1,-0.0037112802046228,0.0037112802046228,0.7659671021904861,hold
2021-01-21,0,-1,-0.0149721716475961,0.0149721716475961,0.7774352931208939,hold
2021-01-22,0,-1,-0.0092541693433081,0.0092541693433081,0.784629810976899,hold
2021-01-25,0,-1,-0.0190604880418779,0.0190604880418779,0.7995852381063251,hold
2021-01-27,0,-1,-0.0107356502819043,0.0107356502819043,0.8081693055932078,hold
2021-01-28,0,-1,-0.0132404223540728,0.0132404223540728,0.8188698085328595,hold
2021-01-29,0,-1,0.0474235111013383,-0.0474235111013383,0.7800361270773506,hold
2021-02-01,-1,-1,0.0256735714819573,-0.0256735714819573,0.7600098138103212,hold
2021-02-02,-1,-1,0.0097011226717231,-0.0097011226717231,0.7526368653748339,hold
2021-02-03,-1,-1,0.0071467580293813,-0.0071467580293813,0.7472579518140079,hold
2021-02-04,0,-1,0.0019199973566108,-0.0019199973566108,0.7458232185218187,hold
2021-02-05,-1,-1,0.0128348027329681,-0.0128348027329681,0.7362507246384238,hold
2021-02-08,-1,-1,-0.0004300136336804,0.0004300136336804,0.7365673224878253,hold
2021-02-09,-1,-1,-0.0001853034041081,0.0001853034041081,0.7367038109200371,hold
2021-02-10,-1,-1,0.0044219246475027,-0.0044219246475027,0.7334461621806206,hold
2021-02-11,0,-1,-0.0006590524229219,0.0006590524229219,0.7339295416508886,hold
2021-02-12,-1,-1,0.0099846598415338,-0.0099846598415338,0.7266015048298516,hold
2021-02-15,-1,-1,-8.162092525865194e-05,8.162092525865194e-05,0.7266608107169701,hold
2021-02-16,-1,-1,-0.0068273186874309,0.0068273186874309,0.7316219556494017,hold
2021-02-17,-1,-1,-0.0059143128695843,0.0059143128695843,0.7359489967973694,hold
2021-02-18,0,-1,-0.0090747170630297,0.0090747170630297,0.742627525716126,hold
2021-02-19,0,-1,-0.0204281745915864,0.0204281745915864,0.7577980504679729,hold
2021-02-22,0,-1,0.0021872625461001,-0.0021872625461001,0.7561405471746766,hold
2021-02-23,-1,-1,0.0186431824578623,-0.0186431824578623,0.7420436809899112,hold
2021-02-24,-1,-1,0.0076992130139501,-0.0076992130139501,0.7363305286243144,hold
2021-02-25,1,1,-0.0376356932475859,-0.0376356932475859,0.7082500534558648,flip
2021-02-26,0,1,0.0159953891187234,0.0159953891187234,0.7195787886542481,hold
2021-03-01,0,1,0.0106729853417877,0.0106729853417877,0.7272588425178163,hold
2021-03-02,0,1,0.0218846987116321,0.0218846987116321,0.743174683171689,hold
2021-03-03,0,1,-0.0108129305241382,-0.0108129305241382,0.735138786955255,hold
2021-03-04,0,1,-0.0094591045289524,-0.0094591045289524,0.728185032326158,hold
2021-03-05,0,1,0.0012117060677612,0.0012117060677612,0.7290673785482805,hold
2021-03-08,-1,-1,0.0095077756017913,-0.0095077756017913,0.7217710358251832,flip
2021-03-09,0,-1,0.0050600998838219,-0.0050600998838219,0.7181188022906582,hold
2021-03-10,0,-1,-0.0094795062357636,0.0094795062357636,0.7249262139549915,hold
2021-03-12,0,-1,-0.006749419963093,0.006749419963093,0.7298190454152288,hold
2021-03-15,-1,-1,-0.0012759841044576,0.0012759841044576,0.7307502829163091,hold
2021-03-16,-1,-1,-0.0126857598628687,0.0126857598628687,0.7400204055251087,hold
2021-03-17,0,-1,-0.0111029730717429,0.0111029730717429,0.7482368321601943,hold
2021-03-18,0,-1,0.0127869428260285,-0.0127869428260285,0.7386691705670332,hold
2021-03-19,0,-1,-0.0005154374236977,0.0005154374236977,0.7390499083012753,hold
2021-03-22,-1,-1,0.0053167399974314,-0.0053167399974314,0.7351205720937118,hold
2021-03-23,0,-1,-0.0179111769942118,0.0179111769942118,0.7482874467725685,hold
2021-03-24,0,-1,-0.0154301891468089,0.0154301891468089,0.759833663612452,hold
2021-03-25,0,-1,0.0127330319296232,-0.0127330319296232,0.7501586773124721,hold
2021-03-26,-1,-1,0.0232848158675504,-0.0232848158675504,0.732691370639806,hold
2021-03-30,0,-1,-0.0104006990943323,0.0104006990943323,0.7403118731148446,hold
2021-03-31,0,-1,0.0120245741669184,-0.0120245741669184,0.7314099380899248,hold
2021-04-01,0,-1,-0.015439860548026,0.015439860548026,0.7427028055374736,hold
2021-04-05,0,-1,0.0031220672452334,-0.0031220672452334,0.7403840374353621,hold
2021-04-06,-1,-1,0.0092314369658119,-0.0092314369658119,0.7335492288632842,hold
2021-04-07,1,1,0.0036945688638336,0.0036945688638336,0.7358926023899001,flip
2021-04-08,-1,-1,-0.0026187118170183,0.0026187118170183,0.7374517467426399,flip
2021-04-09,-1,-1,-0.0353255893040076,0.0353255893040076,0.7635026642795935,hold
2021-04-12,0,-1,0.0135561955060299,-0.0135561955060299,0.7531524728932446,hold
2021-04-13,0,-1,0.0052844845607746,-0.0052844845607746,0.749172450278331,hold
2021-04-15,0,-1,0.0024962821650071,-0.0024962821650071,0.7473023044521866,hold
2021-04-16,0,-1,-0.0176769785548196,0.0176769785548196,0.7605123512619552,hold
2021-04-19,0,-1,-0.004390823034999,0.004390823034999,0.7638516264122773,hold
2021-04-20,-1,-1,0.0076767575754221,-0.0076767575754221,0.7579877226527184,hold
2021-04-22,0,-1,-0.0044981330537942,0.0044981330537942,0.7613972522823527,hold
2021-04-23,0,-1,0.0100165182871698,-0.0100165182871698,0.7537707027810656,hold
2021-04-26,-1,-1,0.011601643402658,-0.011601643402658,0.7450257238800287,hold
2021-04-27,0,-1,0.014433855260107,-0.014433855260107,0.734272130416488,hold
2021-04-28,0,-1,0.0020418099664161,-0.0020418099664161,0.732772886262542,hold
2021-04-29,0,-1,-0.0177108120451774,0.0177108120451774,0.7457508891229401,hold
2021-04-30,0,-1,0.0002085134632017,-0.0002085134632017,0.7455953900223633,hold
2021-05-03,-1,-1,-0.0094061074234402,0.0094061074234402,0.7526085403553354,hold
2021-05-04,0,-1,0.0083709591539336,-0.0083709591539336,0.7463084850051194,hold
2021-05-05,0,-1,0.0073164109749706,-0.0073164109749706,0.7408481854147142,hold
2021-05-06,0,-1,0.0066792477481554,-0.0066792477481554,0.7358998768405579,hold
2021-05-07,0,-1,0.0080414227481215,-0.0080414227481215,0.7299821948305925,hold
2021-05-10,0,-1,-0.0061302011912188,0.0061302011912188,0.7344571325509115,hold
2021-05-11,0,-1,-0.0103866808073666,0.0103866808073666,0.7420857043534115,hold
2021-05-12,0,-1,-0.0012724250884564,0.0012724250884564,0.7430299528214156,hold
2021-05-14,-1,-1,0.0167157604819725,-0.0167157604819725,0.7306096420991215,hold
2021-05-17,0,-1,0.012393443335275,-0.012393443335275,0.7215548728995604,hold
2021-05-18,0,-1,-0.0051594324081388,0.0051594324081388,0.7252776864950489,hold
2021-05-19,-1,-1,-0.0082567760609306,0.0082567760609306,0.7312661419344284,hold
2021-05-20,-1,-1,0.0180631356749747,-0.0180631356749747,0.7180571823981515,hold
2021-05-21,0,-1,0.0014761086049899,-0.0014761086049899,0.7169972520123388,hold
2021-05-24,0,-1,0.0007073438653115,-0.0007073438653115,0.7164900884046826,hold
2021-05-25,-1,-1,0.0061150215048646,-0.0061150215048646,0.7121087361060656,hold
2021-05-26,0,-1,0.0023788211965458,-0.0023788211965458,0.7104147567503711,hold
2021-05-27,0,-1,0.006376433707514,-0.006376433707514,0.7058848441491128,hold
2021-05-28,0,-1,0.0095330880357249,-0.0095330880357249,0.6991555817867553,hold
2021-05-31,0,-1,-0.0005101904286871,0.0005101904286871,0.699512284272746,hold
2021-06-01,-1,-1,8.67158252806366e-05,-8.67158252806366e-05,0.6994516254877213,hold
2021-06-02,-1,-1,0.0073284506253876,-0.0073284506253876,0.6943257287854875,hold
2021-06-03,0,-1,-0.0012810173052479,0.0012810173052479,0.6952151720595406,hold
2021-06-04,-1,-1,0.0051945814919991,-0.0051945814919991,0.6916038201938032,hold
2021-06-07,-1,-1,-0.0007333060957773,0.0007333060957773,0.6921109774910141,hold
2021-06-08,-1,-1,-0.0066549769442125,0.0066549769442125,0.6967169600890533,hold
2021-06-09,-1,-1,0.006549286916079,-0.006549286916079,0.6921539608181316,hold
2021-06-10,-1,-1,0.0039141306333496,-0.0039141306333496,0.6894447797970992,hold
2021-06-11,-1,-1,0.0007911718082738,-0.0007911718082738,0.6888993105239621,hold
2021-06-14,-1,-1,0.0036302135450976,-0.0036302135450976,0.6863984589156896,hold
2021-06-15,-1,-1,-0.0064086327528081,0.0064086327528081,0.6907973345609737,hold
2021-06-16,0,-1,-0.0048295020472909,0.0048295020472909,0.694133541702499,hold
2021-06-17,-1,-1,-0.0005130696464038,0.0005130696464038,0.6944896805532973,hold
2021-06-18,-1,-1,0.0040265882096546,-0.0040265882096546,0.6916932565938546,hold
2021-06-21,0,-1,0.0016670371193598,-0.0016670371193598,0.6905401782599018,hold
2021-06-22,0,-1,-0.0054397492312691,0.0054397492312691,0.6942965436637514,hold
2021-06-23,0,-1,0.0065978407983298,-0.0065978407983298,0.6897156856018273,hold
2021-06-24,0,-1,0.0044266891189239,-0.0044266891189239,0.6866625286812226,hold
2021-06-25,0,-1,-0.0028782098242977,0.0028782098242977,0.6886388875172499,hold
2021-06-28,1,1,-0.0041891404314852,-0.0041891404314852,0.6854097630670998,flip
2021-06-29,0,1,-0.0017112919035373,-0.0017112919035373,0.6842368268889577,hold
2021-06-30,-1,-1,-0.002639697229908,0.002639697229908,0.6857008865320532,flip
2021-07-01,1,1,0.0026913389867666,0.0026913389867666,0.6872034896179714,flip
2021-07-02,1,1,0.007133188273225,0.007133188273225,0.6921054414914336,hold
2021-07-05,1,1,-0.0010167521731027,-0.0010167521731027,0.691401741779781,hold
2021-07-06,-1,-1,0.0038816171589777,-0.0038816171589777,0.6883722840442517,flip
2021-07-07,0,-1,-0.0095562557277451,0.0095562557277451,0.6949505456264705,hold
2021-07-08,0,-1,-0.0024224839292732,0.0024224839292732,0.6966340521548903,hold
2021-07-09,1,1,0.0001784474449868,0.0001784474449868,0.6964100476955107,flip
2021-07-12,1,1,0.0076309854951284,0.0076309854951284,0.7017243426681369,hold
2021-07-13,1,1,0.0026308921169333,0.0026308921169333,0.7035705037095227,hold
2021-07-14,1,1,0.0044310723280038,0.0044310723280038,0.7066880754993097,hold
2021-07-15,1,1,-5.0225736783704455e-05,-5.0225736783704455e-05,0.7066525815700415,hold
2021-07-16,1,1,-0.0107389122803617,-0.0107389122803617,0.6990639014838697,hold
2021-07-19,0,1,-0.0076369809214345,-0.0076369809214345,0.6937251638053737,hold
2021-07-20,-1,-1,0.0122792331234495,-0.0122792331234495,0.6848598882135017,flip
2021-07-22,1,1,0.0020222383267853,0.0020222383267853,0.6859024081838183,flip
2021-07-23,-1,-1,-0.0019929055322251,0.0019929055322251,0.6869263956835625,flip
2021-07-26,1,1,-0.0049290812026508,-0.0049290812026508,0.6831970165011523,flip
2021-07-27,1,1,-0.0023528988583426,-0.0023528988583426,0.6815895230210037,hold
2021-07-28,0,1,0.0043954449546468,0.0043954449546468,0.6845854122511066,hold
2021-07-29,1,1,-0.0009760394990868,-0.0009760394990868,0.6839172298482509,hold
2021-07-30,-1,-1,0.0077460001364197,-0.0077460001364197,0.6782776482776225,flip
2021-08-02,1,1,0.0154609558824161,0.0154609558824161,0.688425330249533,flip
2021-08-03,0,1,0.0079382424678022,0.0079382424678022,0.6938902174420306,hold
2021-08-04,0,1,0.0022018725316477,0.0022018725316477,0.6954180752517953,hold
2021-08-05,0,1,-0.0034612335015614,-0.0034612335015614,0.6930110709121425,hold
2021-08-06,0,1,0.0012347307242392,0.0012347307242392,0.6938667529736358,hold
2021-08-09,0,1,0.0013439090538649,0.0013439090538649,0.6947992467851329,hold
2021-08-10,-1,-1,0.0001320870680521,-0.0001320870680521,0.6943600731663477,flip
2021-08-11,-1,-1,0.0050453954843463,-0.0050453954843463,0.6908567519886838,hold
2021-08-12,-1,-1,0.0100644823408473,-0.0100644823408473,0.6839036364082386,hold
2021-08-13,0,-1,0.0020540242770237,-0.0020540242770237,0.6824988817359112,hold
2021-08-16,-1,-1,0.0031122785775283,-0.0031122785775283,0.6803747550870975,hold
2021-08-17,-1,-1,-0.0027536023181795,0.0027536023181795,0.6822482365899363,hold
2021-08-18,-1,-1,-0.0071428984006249,0.0071428984006249,0.6871214664279037,hold
2021-08-20,-1,-1,0.0027931806783987,-0.0027931806783987,0.6852022120241643,hold
2021-08-23,-1,-1,0.0077683620836017,-0.0077683620836017,0.6798793131406758,hold
2021-08-24,-1,-1,0.0006045728309951,-0.0006045728309951,0.6794682765795954,hold
2021-08-25,-1,-1,0.0001352598309651,-0.0001352598309651,0.6793763718153591,hold
2021-08-26,-1,-1,0.00410526158848,-0.00410526158848,0.6765873540920246,hold
2021-08-27,0,-1,0.0135198365217041,-0.0135198365217041,0.6674400036720481,hold
2021-08-30,0,-1,0.0118804461754233,-0.0118804461754233,0.6595105186330981,hold
2021-08-31,1,1,-0.0032657347743637,-0.0032657347743637,0.6570269769390228,flip
2021-09-01,1,1,0.009246783727399,0.009246783727399,0.6631023632978448,hold
2021-09-02,-1,-1,0.0051902308336972,-0.0051902308336972,0.6593291577843099,flip
2021-09-03,-1,-1,0.0031287476677577,-0.0031287476677577,0.6572662832196076,hold
2021-09-06,-1,-1,-0.0009035189246697,0.0009035189246697,0.6578601357450439,hold
2021-09-07,-1,-1,-0.0004953092983268,0.0004953092983268,0.658185979987277,hold
2021-09-08,-1,-1,0.0009075978909154,-0.0009075978909154,0.6575886117800105,hold
2021-09-09,-1,-1,-0.0008030985074197,0.0008030985074197,0.6581167202126272,hold
2021-09-13,-1,-1,0.001423151293159,-0.001423151293159,0.6571801205512071,hold
2021-09-14,-1,-1,0.0080235453826236,-0.0080235453826236,0.6519072060294064,hold
2021-09-15,-1,-1,0.0062816347635072,-0.0062816347635072,0.6478121630614313,hold
2021-09-16,0,-1,-0.0025156476006126,0.0025156476006126,0.6494418301750844,hold
2021-09-17,-1,-1,-0.010705054879733,0.010705054879733,0.6563941406083029,hold
2021-09-20,-1,-1,0.0094901738624639,-0.0094901738624639,0.6501648460916276,hold
2021-09-21,-1,-1,-0.0008740239935656,0.0008740239935656,0.6507331057668846,hold
2021-09-22,-1,-1,0.0157465283671818,-0.0157465283671818,0.6404863184574621,hold
2021-09-23,-1,-1,0.0016972499684944,-0.0016972499684944,0.6393992530736391,hold
2021-09-24,-1,-1,0.0001064453827974,-0.0001064453827974,0.6393311919753853,hold
2021-09-27,1,1,-0.0059646824901542,-0.0059646824901542,0.6351981188132126,flip
2021-09-28,-1,-1,-0.0021015082285871,0.0021015082285871,0.6362153938272751,flip
2021-09-29,-1,-1,-0.0052593760207388,0.0052593760207388,0.6395614898135952,hold
2021-09-30,-1,-1,-0.0048869834497958,0.0048869834497958,0.6426870162294409,hold
2021-10-01,0,-1,0.0090804675811375,-0.0090804675811375,0.6368511176137515,hold
2021-10-04,0,-1,0.0074076609199462,-0.0074076609199462,0.6321335404779801,hold
2021-10-05,0,-1,-0.0098921448702895,0.0098921448702895,0.6383866970377573,hold
2021-10-06,0,-1,0.0081803020160375,-0.0081803020160375,0.6331645010529678,hold
2021-10-07,0,-1,0.0058936227604964,-0.0058936227604964,0.6294328683384237,hold
2021-10-08,0,-1,0.0028359561343596,-0.0028359561343596,0.6276478243342918,hold
2021-10-11,0,-1,0.0025632525445875,-0.0025632525445875,0.6260390044514621,hold
2021-10-12,-1,-1,0.0094375978492116,-0.0094375978492116,0.6201307000895284,hold
2021-10-13,0,-1,0.0097347877407187,-0.0097347877407187,0.6140938593526536,hold
2021-10-14,0,-1,0.0075523961327199,-0.0075523961327199,0.6094559792641516,hold
2021-10-18,0,-1,-0.0031553077349963,0.0031553077349963,0.6113790004296636,hold
2021-10-19,-1,-1,-0.00826062521208,0.00826062521208,0.6164293732147492,hold
2021-10-20,0,-1,-0.0048449082967022,0.0048449082967022,0.6194159169993683,hold
2021-10-21,-1,-1,-0.0034766680845673,0.0034766680845673,0.6215694205490729,hold
2021-10-22,-1,-1,0.0005796333280105,-0.0005796333280105,0.6212091381972505,hold
2021-10-25,-1,-1,0.0078894808897,-0.0078894808897,0.6163081205729364,hold
2021-10-26,-1,-1,-0.0031448386638428,0.0031448386638428,0.6182463101793545,hold
2021-10-27,-1,-1,-0.0194223384240636,0.0194223384240636,0.6302540992450865,hold
2021-10-28,0,-1,-0.0103935157639054,0.0103935157639054,0.6368046551608563,hold
2021-10-29,0,-1,0.0145996550575078,-0.0145996550575078,0.6275075268564926,hold
2021-11-01,-1,-1,-0.0022700482713416,0.0022700482713416,0.628931999233087,hold
2021-11-02,-1,-1,-0.0033400508475575,0.0033400508475575,0.6310326640901814,hold
2021-11-03,0,-1,0.0049133761659847,-0.0049133761659847,0.6279321632384829,hold
2021-11-04,1,1,0.0084697040421863,0.0084697040421863,0.6329365967380635,flip
2021-11-08,0,1,-0.0013449214352717,-0.0013449214352717,0.6320853467419425,hold
2021-11-09,-1,-1,-0.0014991358050348,0.0014991358050348,0.6327168858437102,flip
2021-11-10,-1,-1,-0.007970140510272,0.007970140510272,0.6377597283271063,hold
2021-11-11,-1,-1,0.0128206066843303,-0.0128206066843303,0.6295832616911191,hold
2021-11-12,0,-1,0.0003700663573213,-0.0003700663573213,0.6293502741068346,hold
2021-11-15,-1,-1,-0.0060879819517564,0.0060879819517564,0.6331817472169299,hold
2021-11-16,1,1,-0.005586294529162,-0.005586294529162,0.6293280166128783,flip
2021-11-17,0,1,-0.0074781956434608,-0.0074781956434608,0.6246217785807361,hold
2021-11-18,0,1,-0.0196033721001568,-0.0196033721001568,0.6123770854333561,hold
2021-11-22,0,1,0.0049836979327988,0.0049836979327988,0.6154289878481237,hold
2021-11-23,-1,-1,-0.0050446817378146,0.0050446817378146,0.618225916730119,flip
2021-11-24,0,-1,0.006959452503032,-0.006959452503032,0.6139234028264923,hold
2021-11-25,-1,-1,-0.0290712541877539,0.0290712541877539,0.631770926121872,hold
2021-11-26,0,-1,0.0016151341742889,-0.0016151341742889,0.6307505313087705,hold
2021-11-29,-1,-1,-0.004148599194972,0.004148599194972,0.6333672624551862,hold
2021-11-30,1,1,0.0108166411704213,0.0108166411704213,0.6399014852310284,flip
2021-12-01,-1,-1,0.0136745711024337,-0.0136745711024337,0.6308311561300682,flip
2021-12-02,-1,-1,-0.0117776858673942,0.0117776858673942,0.6382608873223332,hold
2021-12-03,-1,-1,-0.0165409195759996,0.0165409195759996,0.6488183093280381,hold
2021-12-06,-1,-1,0.0156365485816494,-0.0156365485816494,0.6386730303135666,hold
2021-12-07,-1,-1,0.0170609485278816,-0.0170609485278816,0.6277766626172406,hold
2021-12-08,-1,-1,0.0026960665936832,-0.0026960665936832,0.6260841349288644,hold
2021-12-09,-1,-1,-0.0003167708948091,0.0003167708948091,0.6262824601605116,hold
2021-12-10,-1,-1,-0.0081690551168631,0.0081690551168631,0.6313985960962875,hold
2021-12-13,0,-1,-0.0024959111813221,0.0024959111813221,0.6329745109121553,hold
2021-12-14,1,1,-0.0059740603216401,-0.0059740603216401,0.6288765957464494,flip
2021-12-15,0,1,0.0015678167505297,0.0015678167505297,0.6298625590072768,hold
2021-12-16,-1,-1,-0.01525945397337,0.01525945397337,0.6391589864564937,flip
2021-12-17,0,-1,-0.0218425462793778,0.0218425462793778,0.65311984619805,hold
2021-12-20,0,-1,0.009428705444209,-0.009428705444209,0.6469617715484814,hold
2021-12-21,-1,-1,0.0110071709945933,-0.0110071709945933,0.6398405527020823,hold
2021-12-22,-1,-1,0.0069093062126275,-0.0069093062126275,0.6354196983962067,hold
2021-12-23,-1,-1,-0.0040327548791804,0.0040327548791804,0.6379821902852413,hold
2021-12-24,0,-1,0.0048518709108285,-0.0048518709108285,0.6348867830545697,hold
2021-12-27,0,-1,0.0086034091740434,-0.0086034091740434,0.6294245922807591,hold
2021-12-28,0,-1,-0.0011402602889762,0.0011402602889762,0.6301423001482419,hold
2021-12-29,-1,-1,-0.0005606259494814,0.0005606259494814,0.630495574273571,hold
2021-12-30,-1,-1,0.0087248317576065,-0.0087248317576065,0.6249946064641185,hold
2021-12-31,0,-1,0.0156533158122078,-0.0156533158122078,0.6152113685082092,hold
2022-01-03,0,-1,0.0101868742352642,-0.0101868742352642,0.6089442876691114,hold
2022-01-04,-1,-1,0.006739585234692,-0.006739585234692,0.6048402557391865,hold
2022-01-05,-1,-1,-0.0100054174627969,0.0100054174627969,0.6108919349961619,hold
2022-01-06,-1,-1,0.0037641836511315,-0.0037641836511315,0.6085924255618412,hold
2022-01-07,-1,-1,0.0107003189218717,-0.0107003189218717,0.602080292514894,hold
2022-01-10,0,-1,0.0029133112526023,-0.0029133112526023,0.6003262452237403,hold
2022-01-11,-1,-1,0.0086731157318304,-0.0086731157318304,0.5951195462220596,hold
2022-01-12,0,-1,0.0024956237305924,-0.0024956237305924,0.5936343517599685,hold
2022-01-13,-1,-1,-0.0001123235637506,0.0001123235637506,0.593701030885923,hold
2022-01-14,-1,-1,0.0028675682661627,-0.0028675682661627,0.5919985526501664,hold
2022-01-17,-1,-1,-0.0106536905679234,0.0106536905679234,0.5983055220467598,hold
2022-01-18,0,-1,-0.0096422404339412,0.0096422404339412,0.6040745277432893,hold
2022-01-19,0,-1,-0.010112406160797,0.010112406160797,0.610183174719221,hold
2022-01-20,-1,-1,-0.0078757453046686,0.0078757453046686,0.6149888219925036,hold
2022-01-21,-1,-1,-0.0265679051873833,0.0265679051873833,0.6313277867065009,hold
2022-01-24,0,-1,0.0075134912216943,-0.0075134912216943,0.6265843109230699,hold
2022-01-25,-1,-1,-0.0097117329146276,0.0097117329146276,0.6326695303992508,hold
2022-01-27,0,-1,-0.0004793161771092,0.0004793161771092,0.6329727791399352,hold
2022-01-28,-1,-1,0.0139107178709299,-0.0139107178709299,0.6241676733893412,hold
2022-01-31,-1,-1,0.0136679386118703,-0.0136679386118703,0.6156365879459418,hold
2022-02-01,-1,-1,0.0115578385853996,-0.0115578385853996,0.6085211596351964,hold
2022-02-02,-1,-1,-0.0123622486642295,0.0123622486642295,0.6160438495280519,hold
2022-02-03,0,-1,-0.0024998826581151,0.0024998826581151,0.6175838868641256,hold
2022-02-04,-1,-1,-0.0172811129276234,0.0172811129276234,0.6282564237553051,hold
2022-02-07,-1,-1,0.0030876976246183,-0.0030876976246183,0.6263165578880246,hold
2022-02-08,-1,-1,0.0114121523303458,-0.0114121523303458,0.6191689379223887,hold
2022-02-09,-1,-1,0.008133901085124,-0.008133901085124,0.6141326790263467,hold
2022-02-10,0,-1,-0.0131262969128136,0.0131262969128136,0.6221939669151082,hold
2022-02-11,-1,-1,-0.0306162228952934,0.0306162228952934,0.6412431960902879,hold
2022-02-14,0,-1,0.0302591263839775,-0.0302591263839775,0.6218397371769262,hold
2022-02-15,-1,-1,-0.0017432697608654,0.0017432697608654,0.6229237715868513,hold
2022-02-16,-1,-1,-0.0010160147191904,0.0010160147191904,0.6235566713077172,hold
2022-02-17,-1,-1,-0.0016353356196504,0.0016353356196504,0.6245763957431774,hold
2022-02-18,0,-1,-0.004031556958107,0.004031556958107,0.6270944110573052,hold
2022-02-21,0,-1,-0.0066515660675804,0.0066515660675804,0.6312655709630632,hold
2022-02-22,0,-1,-0.0016937094155936,0.0016937094155936,0.6323347514043434,hold
2022-02-23,-1,-1,-0.0477810384708364,0.0477810384708364,0.662548362487641,hold
2022-02-24,0,-1,0.0252616601096495,-0.0252616601096495,0.6458112909482734,hold
2022-02-25,-1,-1,0.0081340342903666,-0.0081340342903666,0.6405582397625942,hold
2022-02-28,-1,-1,-0.0111916331229355,0.0111916331229355,0.6477271325758905,hold
2022-03-02,1,1,-0.006497577228417,-0.006497577228417,0.6431946119427496,flip
2022-03-03,1,1,-0.0153170320073322,-0.0153170320073322,0.6333427794846789,hold
2022-03-04,-1,-1,-0.0235266847399477,0.0235266847399477,0.6479265640001949,flip
2022-03-07,1,1,0.0094747765094835,0.0094747765094835,0.6537415601066543,flip
2022-03-08,-1,-1,0.0207262900882942,-0.0207262900882942,0.6398650521090565,flip
2022-03-09,-1,-1,0.0152673871904744,-0.0152673871904744,0.6300959846088545,hold
2022-03-10,1,1,0.0021421537513466,0.0021421537513466,0.6311306990936885,flip
2022-03-11,-1,-1,0.014482565042708,-0.014482565042708,0.6216747423440676,flip
2022-03-14,-1,-1,-0.0123464565033122,0.0123464565033122,0.6293502225096265,hold
2022-03-15,-1,-1,0.0187451004846066,-0.0187451004846066,0.617552989348674,hold
2022-03-16,-1,-1,0.0183619883565082,-0.0183619883565082,0.6062134885487268,hold
2022-03-17,-1,-1,-0.0098022024704637,0.0098022024704637,0.6121557159038075,hold
2022-03-21,0,-1,0.0115612232521558,-0.0115612232521558,0.6050784470071603,hold
2022-03-22,-1,-1,-0.004033935455228,0.004033935455228,0.6075192944077367,hold
2022-03-23,-1,-1,-0.0013278937068936,0.0013278937068936,0.6083260154555972,hold
2022-03-24,-1,-1,-0.0040498758909001,0.0040498758909001,0.6107896603193981,hold
2022-03-25,-1,-1,0.0040226199498629,-0.0040226199498629,0.6083326856466273,hold
2022-03-28,-1,-1,0.005998187274997,-0.005998187274997,0.604683792272617,hold
2022-03-29,-1,-1,0.0099824655821947,-0.0099824655821947,0.5986475571281447,hold
2022-03-30,0,-1,-0.0019144771620018,0.0019144771620018,0.5997936542043547,hold
2022-03-31,-1,-1,0.0117779652585923,-0.0117779652585923,0.5927293053828117,hold
2022-04-01,-1,-1,0.0216718413399843,-0.0216718413399843,0.5798837699189963,hold
2022-04-04,-1,-1,-0.005317557796472,0.005317557796472,0.5829673353807765,hold
2022-04-05,-1,-1,-0.0083391803235717,0.0083391803235717,0.587828805113269,hold
2022-04-06,0,-1,-0.0094397411049521,0.0094397411049521,0.5933777568475715,hold
2022-04-07,-1,-1,0.0082087593907955,-0.0082087593907955,0.5885068616137599,hold
2022-04-08,-1,-1,-0.006151497975913,0.006151497975913,0.5921270603817878,hold
2022-04-11,-1,-1,-0.0081838106412522,0.0081838106412522,0.5969729161195136,hold
2022-04-12,-1,-1,-0.0031174816283502,0.0031174816283502,0.5988339682181388,hold
2022-04-13,-1,-1,-0.0172811880101475,0.0172811880101475,0.6091825306097792,hold
2022-04-18,0,-1,-0.0125191788064678,0.0125191788064678,0.6168089956362596,hold
2022-04-19,0,-1,0.010490244596548,-0.010490244596548,0.610338518402684,hold
2022-04-20,-1,-1,0.014941678252146,-0.014941678252146,0.6012190366358197,hold
2022-04-21,-1,-1,-0.0126864526051679,0.0126864526051679,0.6088463734494247,hold
2022-04-22,0,-1,-0.0126951225643019,0.0126951225643019,0.6165757527831959,hold
2022-04-25,-1,-1,0.0145601216162072,-0.0145601216162072,0.607598334837068,hold
2022-04-26,-1,-1,-0.0094414436101153,0.0094414436101153,0.6133349402530321,hold
2022-04-27,0,-1,0.0121285088909346,-0.0121285088909346,0.6058961019770523,hold
2022-04-28,-1,-1,-0.0082632403816946,0.0082632403816946,0.6109027671140205,hold
2022-04-29,1,1,-0.0019559171203674,-0.0019559171203674,0.6094024405493854,flip
2022-05-02,-1,-1,-0.0229361834519363,0.0229361834519363,0.6230751055016092,flip
2022-05-04,0,-1,0.0003028482136697,-0.0003028482136697,0.6228864083189259,hold
2022-05-05,-1,-1,-0.0162684216398562,0.0162684216398562,0.6330197870431938,hold
2022-05-06,1,1,-0.0066661826871809,-0.0066661826871809,0.628483451604642,flip
2022-05-09,1,1,-0.0037909688880922,-0.0037909688880922,0.626100890392928,hold
2022-05-10,1,1,-0.0044919933245182,-0.0044919933245182,0.6232884493728081,hold
2022-05-11,1,1,-0.0222117521417858,-0.0222117521417858,0.6094441208225013,hold
2022-05-12,1,1,-0.0016352232651188,-0.0016352232651188,0.6084475436173425,hold
2022-05-13,-1,-1,0.0038112305721171,-0.0038112305721171,0.6058243859657699,flip
2022-05-16,-1,-1,0.0263219359020472,-0.0263219359020472,0.5898779153104818,hold
2022-05-17,1,1,-0.0011685620062508,-0.0011685620062508,0.5888936674326684,flip
2022-05-18,-1,-1,-0.0265327253341793,0.0265327253341793,0.6042241745279806,flip
2022-05-19,-1,-1,0.0288910387942893,-0.0288910387942893,0.5867675104612453,hold
2022-05-20,-1,-1,-0.0031630222318707,0.0031630222318707,0.5886234691417735,hold
2022-05-23,1,1,-0.0055227542667355,-0.0055227542667355,0.5850783346314993,flip
2022-05-24,-1,-1,-0.0061612191843656,0.0061612191843656,0.5883905913238718,flip
2022-05-25,0,-1,0.0090073873189953,-0.0090073873189953,0.583090729372965,hold
2022-05-26,0,-1,0.0112738471989222,-0.0112738471989222,0.5765170535869061,hold
2022-05-27,-1,-1,0.0188932050929628,-0.0188932050929628,0.565624798653898,hold
2022-05-30,0,-1,-0.0046124339835348,0.0046124339835348,0.5682337056971393,hold
2022-05-31,0,-1,-0.0037264067061659,0.0037264067061659,0.5703511755887186,hold
2022-06-01,0,-1,0.0063700049931154,-0.0063700049931154,0.5667180357523892,hold
2022-06-02,0,-1,-0.0026280502014673,0.0026280502014673,0.5682073992004234,hold
2022-06-03,-1,-1,-0.0008893953501298,0.0008893953501298,0.5687127602191816,hold
2022-06-06,-1,-1,-0.0092459460064759,0.0092459460064759,0.573971047693362,hold
2022-06-07,-1,-1,-0.0036609606157923,0.0036609606157923,0.5760723330935724,hold
2022-06-08,-1,-1,0.0074497277416889,-0.0074497277416889,0.5717807510525058,hold
2022-06-09,-1,-1,-0.0167676984141,0.0167676984141,0.5813681982451419,hold
2022-06-10,0,-1,-0.0263797491152091,0.0263797491152091,0.5967045454584099,hold
2022-06-13,0,-1,-0.0026816094559853,0.0026816094559853,0.5983046740099406,hold
2022-06-14,1,1,-0.002539344381356,-0.002539344381356,0.5964862200606496,flip
2022-06-15,-1,-1,-0.0211284478542902,0.0211284478542902,0.6087908049469734,flip
2022-06-16,1,1,-0.0043682936266399,-0.0043682936266399,0.605827032551293,flip
2022-06-17,1,1,0.0037042135956451,0.0037042135956451,0.6080711452818788,hold
2022-06-20,-1,-1,0.018804337854487,-0.018804337854487,0.5963327344537925,flip
2022-06-21,1,1,-0.0144192650853174,-0.0144192650853174,0.5874358883094243,flip
2022-06-22,0,1,0.0093004475196092,0.0093004475196092,0.5928993049597812,hold
2022-06-23,-1,-1,0.0091664725885294,-0.0091664725885294,0.5871680600806293,flip
2022-06-24,-1,-1,0.008458990377725,-0.008458990377725,0.5822012111102998,hold
2022-06-27,-1,-1,0.0011464333961117,-0.0011464333961117,0.5815337561986262,hold
2022-06-28,-1,-1,-0.0032239710103227,0.0032239710103227,0.5834086041701347,hold
2022-06-29,0,-1,-0.0011930812414028,0.0011930812414028,0.5841046580318431,hold
2022-06-30,-1,-1,-0.0017870563085186,0.0017870563085186,0.5851484859458139,hold
2022-07-01,-1,-1,0.0052881882498054,-0.0052881882498054,0.5820541105980439,hold
2022-07-04,1,1,-0.0015471713984448,-0.0015471713984448,0.5808625460704804,flip
2022-07-05,-1,-1,0.0113181897073002,-0.0113181897073002,0.573997802307154,flip
2022-07-06,-1,-1,0.0089494920315105,-0.0089494920315105,0.5688608135493016,hold
2022-07-07,0,-1,0.0054360478665673,-0.0054360478665673,0.5657684589374332,hold
2022-07-08,0,-1,-0.0002835659276332,0.0002835659276332,0.5659288915953175,hold
2022-07-11,0,-1,-0.0097249750439381,0.0097249750439381,0.5714325359427255,hold
2022-07-12,0,-1,-0.0057072925015229,0.0057072925015229,0.5746938685702376,hold
2022-07-13,0,-1,-0.0017536552323109,0.0017536552323109,0.5757016834798329,hold
2022-07-14,-1,-1,0.0069359576863876,-0.0069359576863876,0.5717086409632347,hold
2022-07-15,0,-1,0.0142873041582765,-0.0142873041582765,0.563540465719878,hold
2022-07-18,0,-1,0.0038117642711243,-0.0038117642711243,0.5613923823073143,hold
2022-07-19,-1,-1,0.0110338885069691,-0.0110338885069691,0.5551980413522736,hold
2022-07-20,0,-1,0.005108719746296,-0.005108719746296,0.5523616901553123,hold
2022-07-21,0,-1,0.0068772959606149,-0.0068772959606149,0.5485629353348088,hold
2022-07-22,0,-1,-0.0052901993117577,0.0052901993117577,0.5514649425977729,hold
2022-07-25,-1,-1,-0.008847958067765,0.008847958067765,0.5563442812857204,hold
2022-07-26,0,-1,0.0095821774414373,-0.0095821774414373,0.5510132916639118,hold
2022-07-27,-1,-1,0.0172937311236929,-0.0172937311236929,0.5414842159522951,hold
2022-07-28,-1,-1,0.0135059538264792,-0.0135059538264792,0.5341709551338761,hold
2022-07-29,-1,-1,0.0105955316684394,-0.0105955316684394,0.5285111298623947,hold
2022-08-01,-1,-1,0.0003113276638058,-0.0003113276638058,0.5283465897270393,hold
2022-08-02,-1,-1,0.0024618083588656,-0.0024618083588656,0.5270459016760711,hold
2022-08-03,-1,-1,-0.0003537116074355,0.0003537116074355,0.5272323239291452,hold
2022-08-04,-1,-1,0.0008917270739845,-0.0008917270739845,0.5267621765916178,hold
2022-08-05,-1,-1,0.0073343646716481,-0.0073343646716481,0.5228987106932639,hold
2022-08-08,-1,-1,0.0005506610997998,-0.0005506610997998,0.5226107707141496,hold
2022-08-10,-1,-1,0.0070859293688247,-0.0070859293688247,0.5189075877054822,hold
2022-08-11,0,-1,0.0022170219505635,-0.0022170219505635,0.5177571581932252,hold
2022-08-12,-1,-1,0.0071815193435313,-0.0071815193435313,0.5140388751464088,hold
2022-08-16,0,-1,0.0066759231988331,-0.0066759231988331,0.5106071910947168,hold
2022-08-17,0,-1,0.000682669936052,-0.000682669936052,0.5102586149162244,hold
2022-08-18,-1,-1,-0.011029475746944,0.011029475746944,0.5158864999341121,hold
2022-08-19,-1,-1,-0.0150773300473388,0.0150773300473388,0.5236646909605851,hold
2022-08-22,-1,-1,0.0049626821755044,-0.0049626821755044,0.521065909532814,hold
2022-08-23,-1,-1,0.0015616110795051,-0.0015616110795051,0.520252207235335,hold
2022-08-24,-1,-1,-0.0046861822192667,0.0046861822192667,0.5226902038784156,hold
2022-08-25,0,-1,0.0020802555293466,-0.0020802555293466,0.5216028746916622,hold
2022-08-26,1,1,-0.0140099889245538,-0.0140099889245538,0.5140344227568708,flip
2022-08-29,0,1,0.0257842637890255,0.0257842637890255,0.5272884219098735,hold
2022-08-30,0,1,-0.0121907952721076,-0.0121907952721076,0.5208603567090174,hold
2022-09-01,0,1,-0.0001910505934481,-0.0001910505934481,0.5207608460287646,hold
2022-09-02,-1,-1,0.0072038500710118,-0.0072038500710118,0.5167489825481058,flip
2022-09-05,0,-1,-0.0005774531254664,0.0005774531254664,0.5170473808631597,hold
2022-09-06,1,1,-0.0017671004916441,-0.0017671004916441,0.5158751824918015,flip
2022-09-07,-1,-1,0.0098925129655895,-0.0098925129655895,0.5105139429691297,flip
2022-09-08,0,-1,0.0019439347917691,-0.0019439347917691,0.5095215371537087,hold
2022-09-09,1,1,0.005775695663245,0.005775695663245,0.5122096177176005,flip
2022-09-12,0,1,0.0074542019299801,0.0074542019299801,0.5160277316385454,hold
2022-09-13,0,1,-0.0036690976717561,-0.0036690976717561,0.5141343754898289,hold
2022-09-14,0,1,-0.0070179606679163,-0.0070179606679163,0.5105262006646175,hold
2022-09-15,-1,-1,-0.0193848531485446,0.0193848531485446,0.5201674129926532,flip
2022-09-16,0,-1,0.0052136885924867,-0.0052136885924867,0.5174554220853501,hold
2022-09-19,-1,-1,0.0110088098852303,-0.0110088098852303,0.5117588537195309,hold
2022-09-20,-1,-1,-0.0054950054374517,0.0054950054374517,0.5145709714033837,hold
2022-09-21,0,-1,-0.0049975776569025,0.0049975776569025,0.5171425797929599,hold
2022-09-22,0,-1,-0.0171556772324205,0.0171556772324205,0.526014510975029,hold
2022-09-23,0,-1,-0.0179513217622564,0.0179513217622564,0.5354571667131578,hold
2022-09-26,0,-1,-0.0005230508522044,0.0005230508522044,0.5357372380405261,hold
2022-09-27,-1,-1,-0.0087491784653945,0.0087491784653945,0.5404244987467002,hold
2022-09-28,1,1,-0.0024023347691036,-0.0024023347691036,0.5388560059339123,flip
2022-09-29,1,1,0.016425755966269,0.016425755966269,0.5477071231883411,hold
2022-09-30,-1,-1,-0.0121092644487904,0.0121092644487904,0.5540656000219208,flip
2022-10-03,-1,-1,0.0229136709327191,-0.0229136709327191,0.541369923187879,hold
2022-10-04,1,1,0.0033286441360573,0.0033286441360573,0.5429012660465423,flip
2022-10-06,-1,-1,-0.0009895331040011,0.0009895331040011,0.5431670341884762,flip
2022-10-07,-1,-1,-0.0042536458411471,0.0042536458411471,0.5454774743845002,hold
2022-10-10,0,-1,-0.0149323831999303,0.0149323831999303,0.5536227530589398,hold
2022-10-11,-1,-1,0.0082461453396196,-0.0082461453396196,0.5490574993738955,hold
2022-10-12,-1,-1,-0.0063800837728176,0.0063800837728176,0.5525605322159947,hold
2022-10-13,0,-1,0.0100708880038873,-0.0100708880038873,0.546995756980679,hold
2022-10-14,-1,-1,0.0073375869608156,-0.0073375869608156,0.5429821280466361,hold
2022-10-17,-1,-1,0.010117285874136,-0.010117285874136,0.5374886226326416,hold
2022-10-18,0,-1,0.0014468379208691,-0.0014468379208691,0.536710963711381,hold
2022-10-19,0,-1,0.002952174549244,-0.002952174549244,0.5351264992640121,hold
2022-10-20,-1,-1,0.0007032337856462,-0.0007032337856462,0.5347501802301351,hold
2022-10-21,-1,-1,0.0087873563767617,-0.0087873563767617,0.5300511398239154,hold
2022-10-24,0,-1,-0.004196122026705,0.004196122026705,0.5322752990870107,hold
2022-10-25,-1,-1,0.0045649078749665,-0.0045649078749665,0.5298455113825582,hold
2022-10-27,0,-1,0.0028106052447454,-0.0028106052447454,0.5283563248093616,hold
2022-10-28,-1,-1,0.0126722303955641,-0.0126722303955641,0.5216608717304239,hold
2022-10-31,-1,-1,0.0073950532223929,-0.0073950532223929,0.5178031618199375,hold
2022-11-01,0,-1,-0.0034471976315451,0.0034471976315451,0.5195881316529697,hold
2022-11-02,-1,-1,-0.0016673473084335,0.0016673473084335,0.5204544655257752,hold
2022-11-03,-1,-1,0.0035701681556883,-0.0035701681556883,0.5185963555664693,hold
2022-11-04,-1,-1,0.0047275862251119,-0.0047275862251119,0.5161446465795,hold
2022-11-07,-1,-1,-0.0025161392359563,0.0025161392359563,0.5174433383761875,hold
2022-11-09,-1,-1,-0.0070937259046097,0.0070937259046097,0.5211139395897945,hold
2022-11-10,0,-1,0.0178331732470333,-0.0178331732470333,0.5118208244236456,hold
2022-11-11,0,-1,-0.0011198455015547,0.0011198455015547,0.5123939846714785,hold
2022-11-14,-1,-1,0.0040509242609507,-0.0040509242609507,0.5103183154478076,hold
2022-11-15,-1,-1,0.0003396111515991,-0.0003396111515991,0.5101450056570163,hold
2022-11-16,-1,-1,-0.0035714963948192,0.0035714963948192,0.5119669867055553,hold
2022-11-17,-1,-1,-0.0019761337135545,0.0019761337135545,0.512978701928211,hold
2022-11-18,-1,-1,-0.0080677295405768,0.0080677295405768,0.517117275355444,hold
2022-11-21,0,-1,0.0046393301536886,-0.0046393301536886,0.5147181975868943,hold
2022-11-22,-1,-1,0.0012634580983039,-0.0012634580983039,0.5140678727118088,hold
2022-11-23,-1,-1,0.0118709498898301,-0.0118709498898301,0.5079653987548753,hold
2022-11-24,0,-1,0.0015500019600884,-0.0015500019600884,0.5071780513911482,hold
2022-11-25,0,-1,0.0027008413120686,-0.0027008413120686,0.5058082439573766,hold
2022-11-28,0,-1,0.0029791265437502,-0.0029791265437502,0.5043013771917555,hold
2022-11-29,0,-1,0.0075356346254191,-0.0075356346254191,0.5005011462721428,hold
2022-11-30,0,-1,0.0028867353340049,-0.0028867353340049,0.4990563319284891,hold
2022-12-01,0,-1,-0.006187396179402,0.006187396179402,0.5021441911699698,hold
2022-12-02,-1,-1,0.0002648237856262,-0.0002648237856262,0.5020112114443339,hold
2022-12-05,-1,-1,-0.0031175136590962,0.0031175136590962,0.503576238253031,hold
2022-12-06,0,-1,-0.0044119027503989,0.0044119027503989,0.5057979676436151,hold
2022-12-07,0,-1,0.0026319123609277,-0.0026319123609277,0.5044667517204418,hold
2022-12-08,-1,-1,-0.0060587824059793,0.0060587824059793,0.5075232060001671,hold
2022-12-09,0,-1,2.977743269738653e-05,-2.977743269738653e-05,0.507508093262058,hold
2022-12-12,1,1,0.0059927938646799,0.0059927938646799,0.5102957306030034,flip
2022-12-13,1,1,0.0028106610731943,0.0028106610731943,0.5117299989488265,hold
2022-12-14,-1,-1,-0.0131509343553336,0.0131509343553336,0.5182038615731831,flip
2022-12-15,0,-1,-0.0079229530179417,0.0079229530179417,0.5223095664221433,hold
2022-12-16,0,-1,0.0082899566889265,-0.0082899566889265,0.5179796427382918,hold
2022-12-19,1,1,-0.0019081205394395,-0.0019081205394395,0.5167322853216022,flip
2022-12-20,1,1,-0.0101277196435586,-0.0101277196435586,0.5114989656050897,hold
2022-12-21,0,1,-0.0039425027358517,-0.0039425027358517,0.5094823795338063,hold
2022-12-22,0,1,-0.0176831602541178,-0.0176831602541178,0.5004731209698607,hold
2022-12-23,0,1,0.0116696328935068,0.0116696328935068,0.5063134585646467,hold
2022-12-26,-1,-1,0.0065336546149905,-0.0065336546149905,0.5027522245701818,flip
2022-12-27,-1,-1,-0.0005405150382313,0.0005405150382313,0.5030239697080662,hold
2022-12-28,-1,-1,0.0037798317009243,-0.0037798317009243,0.5011226237610388,hold
2022-12-29,-1,-1,-0.0047110779368918,0.0047110779368918,0.5034834514975167,hold
2022-12-30,1,1,0.0050895833553579,0.0050895833553579,0.5057942307662079,flip
2023-01-02,0,1,0.0019289276248581,0.0019289276248581,0.5067698712304267,hold
2023-01-03,-1,-1,-0.0103990694870288,0.0103990694870288,0.5117864213996693,flip
2023-01-04,0,-1,-0.0028154392892826,0.0028154392892826,0.5132273249981992,hold
2023-01-05,1,1,-0.0073755037054461,-0.0073755037054461,0.5091854012984397,flip
2023-01-06,0,1,0.0135362517084902,0.0135362517084902,0.516077863056704,hold
2023-01-09,0,1,-0.0103335047509585,-0.0103335047509585,0.5107449700069431,hold
2023-01-10,0,1,-0.0010299775022909,-0.0010299775022909,0.5102189141784277,hold
2023-01-11,-1,-1,-0.0020954755408891,0.0020954755408891,0.5110329559764983,flip
2023-01-12,-1,-1,0.0055100959183882,-0.0055100959183882,0.5082171153716104,hold
2023-01-13,0,-1,-0.0034388470725693,0.0034388470725693,0.5099647963110356,hold
2023-01-16,1,1,0.0088545685118242,0.0088545685118242,0.5142253321404346,flip
2023-01-17,1,1,0.00620655632356,0.00620655632356,0.5174169006273657,hold
2023-01-18,0,1,-0.003165367099256,-0.003165367099256,0.5157790861935209,hold
2023-01-19,1,1,-0.0044289753051891,-0.0044289753051891,0.5134947133578367,hold
2023-01-20,1,1,0.0050422760956287,0.0050422760956287,0.5160838954762327,hold
2023-01-23,0,1,-1.3798013043020418e-05,-1.3798013043020418e-05,0.5160767745439117,hold
2023-01-24,1,1,-0.0124929796250122,-0.0124929796250122,0.5096294379145926,hold
2023-01-25,0,1,-0.0160742469061787,-0.0160742469061787,0.5014375284988963,hold
2023-01-27,0,1,0.0025334426073457,0.0025334426073457,0.5027078916985176,hold
2023-01-30,-1,-1,0.0007479862801675,-0.0007479862801675,0.502080519146746,flip
2023-01-31,-1,-1,-0.0025959245256645,0.0025959245256645,0.5033838822802574,hold
2023-02-01,0,-1,-0.0003349392530399,0.0003349392530399,0.5035524853017807,hold
2023-02-02,-1,-1,0.0138355963078902,-0.0138355963078902,0.4965855363953104,hold
2023-02-03,0,-1,-0.0050101331608701,0.0050101331608701,0.499073496058413,hold
2023-02-06,0,-1,-0.0024261514654264,0.0024261514654264,0.5002843239522307,hold
2023-02-07,-1,-1,0.0084755364246817,-0.0084755364246817,0.4960441459418763,hold
2023-02-08,0,-1,0.0012170079483646,-0.0012170079483646,0.49544045627352534,hold
2023-02-09,0,-1,-0.0020649578680046,0.0020649578680046,0.49646351994183513,hold
2023-02-10,1,1,-0.0047937507000251,-0.0047937507000251,0.49383536583560617,flip
2023-02-13,1,1,0.0089443537049958,0.0089443537049958,0.4982524040196758,hold
2023-02-14,0,1,0.0047964707944361,0.0047964707944361,0.5006422571238137,hold
2023-02-15,0,1,0.0011101336008929,0.0011101336008929,0.5011980369154737,hold
2023-02-16,0,1,-0.0050815676893513,-0.0050815676893513,0.49865116516511776,hold
2023-02-17,0,1,-0.0055505184801407,-0.0055505184801407,0.49588339265772513,hold
2023-02-20,0,1,-0.001003126492992,-0.001003126492992,0.49538595888911546,hold
2023-02-21,-1,-1,-0.0152803631315826,0.0152803631315826,0.5027079432517838,flip
2023-02-22,0,-1,-0.0024524349779846,0.0024524349779846,0.5039408017955253,hold
2023-02-23,-1,-1,-0.002595429723749,0.002595429723749,0.5052487447315153,hold
2023-02-24,1,1,-0.0041854114458053,-0.0041854114458053,0.5028814464799715,flip
2023-02-27,0,1,-0.0051027157362857,-0.0051027157362857,0.500315385409532,hold
2023-02-28,0,1,0.008492348770636,0.008492348770636,0.504564238157745,hold
2023-03-01,1,1,-0.0073921687198044,-0.0073921687198044,0.5008344141793033,hold
2023-03-02,1,1,0.0157285986298278,0.0157285986298278,0.5087118376599346,hold
2023-03-03,1,1,0.0066555236183669,0.0066555236183669,0.5120975813104232,hold
2023-03-06,0,1,0.0024250512391459,0.0024250512391459,0.5133394441845436,hold
2023-03-08,-1,-1,-0.0092822498999752,0.0092822498999752,0.5178477194668867,flip
2023-03-09,0,-1,-0.010045664635585,0.010045664635585,0.5230498439889536,hold
2023-03-10,0,-1,-0.0148510359316261,0.0148510359316261,0.530817676016065,hold
2023-03-13,0,-1,-0.0064706805258611,0.0064706805258611,0.5342524276150451,hold
2023-03-14,0,-1,-0.0041746837386849,0.0041746837386849,0.5364827625369626,hold
2023-03-15,1,1,0.0007924286811309,0.0007924286811309,0.5366396454836608,flip
2023-03-16,-1,-1,0.0067381296219788,-0.0067381296219788,0.5327553781693574,flip
2023-03-17,-1,-1,-0.0065292432199922,0.0065292432199922,0.536233867610184,hold
2023-03-20,-1,-1,0.007010642946744,-0.007010642946744,0.5324745234284174,hold
2023-03-21,-1,-1,0.0025953757489405,-0.0025953757489405,0.5310925519633826,hold
2023-03-22,-1,-1,-0.0043726933046436,0.0043726933046436,0.5334148568094988,hold
2023-03-23,0,-1,-0.0077209333285906,0.0077209333285906,0.5375333173554047,hold
2023-03-24,-1,-1,0.0023988383407489,-0.0023988383407489,0.5362438618243025,hold
2023-03-27,-1,-1,-0.0020016838613549,0.0020016838613549,0.5373172525082668,hold
2023-03-28,-1,-1,0.0076098565893214,-0.0076098565893214,0.5332283452737107,hold
2023-03-29,0,-1,0.0163371989446239,-0.0163371989446239,0.5245168877140615,hold
2023-03-31,1,1,0.0022062979737611,0.0022062979737611,0.5254118698167715,flip
2023-04-03,-1,-1,0.0091389548173612,-0.0091389548173612,0.5203474485431024,flip
2023-04-05,0,-1,0.0023978747854371,-0.0023978747854371,0.5190997205165744,hold
2023-04-06,-1,-1,0.001414863221935,-0.001414863221935,0.5183652654134988,hold
2023-04-10,-1,-1,0.0055747683219642,-0.0055747683219642,0.5154754991526651,hold
2023-04-11,0,-1,0.0050839679614469,-0.0050839679614469,0.5128548382300621,hold
2023-04-12,0,-1,0.0008757724412713,-0.0008757724412713,0.5124056940963675,hold
2023-04-13,-1,-1,-0.0067955121508301,0.0067955121508301,0.5158877532167538,hold
2023-04-17,-1,-1,-0.0026373533282438,0.0026373533282438,0.5172483314997003,hold
2023-04-18,-1,-1,-0.0023442830162407,0.0023442830162407,0.5184609079784139,hold
2023-04-19,-1,-1,0.0003234746363958,-0.0003234746363958,0.5182931990247202,hold
2023-04-20,-1,-1,-2.260708945023282e-05,2.260708945023282e-05,0.518304916125432,hold
2023-04-21,-1,-1,0.0067719737565652,-0.0067719737565652,0.5147949688355318,hold
2023-04-24,-1,-1,0.0014568576938982,-0.0014568576938982,0.5140449858244036,hold
2023-04-25,-1,-1,0.0024958627615121,-0.0024958627615121,0.5127620000865425,hold
2023-04-26,-1,-1,0.0056951528101938,-0.0056951528101938,0.509841742140789,hold
2023-04-27,-1,-1,0.0083700136036979,-0.0083700136036979,0.5055743598233375,hold
2023-04-28,0,-1,0.0045751669319125,-0.0045751669319125,0.503261272730651,hold
2023-05-02,0,-1,-0.0031850283648763,0.0031850283648763,0.5048641741592419,hold
2023-05-03,0,-1,0.0091737176073036,-0.0091737176073036,0.5002326927954605,hold
2023-05-04,0,-1,-0.0102324068655403,0.0102324068655403,0.5053512772355885,hold
2023-05-05,0,-1,0.0108141231183243,-0.0108141231183243,0.4998863463055604,hold
2023-05-08,0,-1,8.480038171931881e-05,-8.480038171931881e-05,0.4998439557525774,hold
2023-05-09,-1,-1,0.0026908205008338,-0.0026908205008338,0.4984989653892205,hold
2023-05-10,-1,-1,-0.0009882342854272,0.0009882342854272,0.4989915991580682,hold
2023-05-11,-1,-1,0.0009728797753729,-0.0009728797753729,0.4985061403231663,hold
2023-05-12,-1,-1,0.0045891205221868,-0.0045891205221868,0.4962184355641731,hold
2023-05-15,0,-1,-0.0061063388070606,0.0061063388070606,0.49924851345403753,hold
2023-05-16,0,-1,-0.0057282694884204,0.0057282694884204,0.5021083434807956,hold
2023-05-17,0,-1,-0.0028490536527011,0.0028490536527011,0.5035388770908412,hold
2023-05-18,-1,-1,0.0040513721791914,-0.0040513721791914,0.5014988536930541,hold
2023-05-19,-1,-1,0.0060977618257063,-0.0060977618257063,0.49844083312736914,hold
2023-05-22,0,-1,0.0018346005688616,-0.0018346005688616,0.4975263932913698,hold
2023-05-23,-1,-1,-0.0034117947119577,0.0034117947119577,0.4992238512090606,hold
2023-05-24,-1,-1,0.0019551116867164,-0.0019551116867164,0.49824781282327424,hold
2023-05-25,0,-1,0.0097264208278746,-0.0097264208278746,0.493401644919187,hold
2023-05-26,0,-1,0.0053677985089635,-0.0053677985089635,0.4907531643052696,hold
2023-05-29,0,-1,0.0018925684396833,-0.0018925684396833,0.4898243803548307,hold
2023-05-30,-1,-1,-0.0053370195013254,0.0053370195013254,0.49243858262500906,hold
2023-05-31,0,-1,-0.0025169624936233,0.0025169624936233,0.4936780320678892,hold
2023-06-01,-1,-1,0.0025070443604549,-0.0025070443604549,0.49244035934171293,hold
2023-06-02,-1,-1,0.0032237875731377,-0.0032237875731377,0.49085283623075565,hold
2023-06-05,-1,-1,0.0002769943144211,-0.0002769943144211,0.49071687278590226,hold
2023-06-06,-1,-1,0.0068498516385289,-0.0068498516385289,0.487355535010796,hold
2023-06-07,0,-1,-0.0049048192636628,0.0049048192636628,0.4897459258271696,hold
2023-06-08,0,-1,-0.0038181972541345,0.0038181972541345,0.49161587237638643,hold
2023-06-09,0,-1,0.0020524046550352,-0.0020524046550352,0.49060687767143196,hold
2023-06-12,-1,-1,0.0061635024393194,-0.0061635024393194,0.48758302098415723,hold
2023-06-13,0,-1,0.0021238341844009,-0.0021238341844009,0.4865474754964576,hold
2023-06-14,-1,-1,-0.0036149041015322,0.0036149041015322,0.4883062979612198,hold
2023-06-15,0,-1,0.007379048352023,-0.007379048352023,0.48470306217796666,hold
2023-06-16,0,-1,-0.0037475183921172,0.0037475183921172,0.4865194958181941,hold
2023-06-19,0,-1,0.0032657175674986,-0.0032657175674986,0.48493066055377004,hold
2023-06-20,0,-1,0.002133763746672,-0.002133763746672,0.4838959330906307,hold
2023-06-21,-1,-1,-0.0045394438174043,0.0045394438174043,0.486092551492366,hold
2023-06-22,0,-1,-0.0056336152360657,0.0056336152360657,0.48883100989659145,hold
2023-06-23,0,-1,0.0013768299134766,-0.0013768299134766,0.4881579727395308,hold
2023-06-26,0,-1,0.0067519034171119,-0.0067519034171119,0.4848619772553004,hold
2023-06-27,1,1,0.0082210728123248,0.0082210728123248,0.4886056318856164,flip
2023-06-28,0,1,0.0114352747635688,0.0114352747635688,0.4941929715372556,hold
2023-06-30,0,1,0.0069570924336936,0.0069570924336936,0.49763111772032204,hold
2023-07-03,0,1,0.0034389465191355,0.0034389465191355,0.49934244452041987,hold
2023-07-04,-1,-1,0.0004899685388621,-0.0004899685388621,0.4988481112102262,flip
2023-07-05,-1,-1,0.0050932175812563,-0.0050932175812563,0.4963073692398338,hold
2023-07-06,-1,-1,-0.0084883544577184,0.0084883544577184,0.5005202021099192,hold
2023-07-07,-1,-1,0.0012466303397029,-0.0012466303397029,0.49989623844033476,hold
2023-07-10,-1,-1,0.0043139300324381,-0.0043139300324381,0.4977397210442242,hold
2023-07-11,-1,-1,-0.0028344294714754,0.0028344294714754,0.499150529178676,hold
2023-07-12,-1,-1,0.0015192303855748,-0.0015192303855748,0.498392204527772,hold
2023-07-13,-1,-1,0.0077651149314275,-0.0077651149314275,0.4945221317786863,hold
2023-07-14,-1,-1,0.0075110132510414,-0.0075110132510414,0.4908077694939634,hold
2023-07-17,0,-1,0.0019177068530324,-0.0019177068530324,0.48986654407088326,hold
2023-07-18,-1,-1,0.0042482823714824,-0.0042482823714824,0.48778545266732787,hold
2023-07-19,-1,-1,0.0073614124394989,-0.0073614124394989,0.48419466276825596,hold
2023-07-20,-1,-1,-0.011719737128305,0.011719737128305,0.4898692969348282,hold
2023-07-21,-1,-1,-0.0036794322929856,0.0036794322929856,0.4916717378453124,hold
2023-07-24,-1,-1,0.0004193703428323,-0.0004193703428323,0.4914655453000512,hold
2023-07-25,-1,-1,0.0049643391875346,-0.0049643391875346,0.4890257436341951,hold
2023-07-26,0,-1,-0.0059863783008722,0.0059863783008722,0.49195323673445474,hold
2023-07-27,0,-1,-0.0007044597937843,0.0007044597937843,0.49229979801015616,hold
2023-07-28,-1,-1,0.0054845628365591,-0.0054845628365591,0.4895997488335441,hold
2023-07-31,0,-1,-0.0010251191770254,0.0010251191770254,0.4901016469251402,hold
2023-08-01,-1,-1,-0.0104897492749598,0.0104897492749598,0.4952426903206298,hold
2023-08-02,0,-1,-0.0074206854169113,0.0074206854169113,0.49891773053052396,hold
2023-08-03,0,-1,0.0069833892701145,-0.0069833892701145,0.4954335938044672,hold
2023-08-04,1,1,0.0041144018676027,0.0041144018676027,0.4972242899111872,flip
2023-08-07,1,1,-0.0013497354646058,-0.0013497354646058,0.4965531686532306,hold
2023-08-08,-1,-1,0.0031527078847637,-0.0031527078847637,0.4947394049788866,flip
2023-08-09,-1,-1,-0.0045562684580157,0.0045562684580157,0.4969935705247293,hold
2023-08-10,0,-1,-0.0058741361615907,0.0058741361615907,0.49991297842942667,hold
2023-08-11,1,1,0.0003216956578122,0.0003216956578122,0.4998238417746567,flip
2023-08-14,-1,-1,0.0015667570139761,-0.0015667570139761,0.4987908273439165,flip
2023-08-16,1,1,-0.0051245825841254,-0.0051245825841254,0.49598533714331644,flip
2023-08-17,0,1,-0.0028452826260957,-0.0028452826260957,0.4945741186807443,hold
2023-08-18,1,1,0.0043215209131937,0.0043215209131937,0.4967114310777475,hold
2023-08-21,1,1,0.0001469355577301,0.0001469355577301,0.49678441564890385,hold
2023-08-22,1,1,0.0024515199000461,0.0024515199000461,0.4980022925298999,hold
2023-08-23,-1,-1,-0.0029469646806212,0.0029469646806212,0.49922088655058905,flip
2023-08-24,-1,-1,-0.0062361537740819,0.0062361537740819,0.502334104766352,hold
2023-08-25,0,-1,0.0020891942389009,-0.0020891942389009,0.5012846312486707,hold
2023-08-28,0,-1,0.001895758474361,-0.001895758474361,0.5003343166609141,hold
2023-08-29,1,1,0.0002480956863764,0.0002480956863764,0.5002082802882933,flip
2023-08-30,1,1,-0.0048403506033882,-0.0048403506033882,0.49778709683698014,hold
2023-08-31,1,1,0.0094267101889176,0.0094267101889176,0.502479591534645,hold
2023-09-01,0,1,0.0048108337016425,0.0048108337016425,0.5048969372879876,hold
2023-09-04,0,1,0.0023605960187407,0.0023605960187407,0.506088794988024,hold
2023-09-05,1,1,0.0018467726478093,0.0018467726478093,0.5070234259319706,hold
2023-09-06,0,1,0.0059150323607803,0.0059150323607803,0.5100224859040319,hold
2023-09-07,0,1,0.004709190366575,0.004709190366575,0.5124242788813878,hold
2023-09-08,0,1,0.0089001434200508,0.0089001434200508,0.5169849284553483,hold
2023-09-11,0,1,-0.0001575482868895,-0.0001575482868895,0.5169034783655224,hold
2023-09-12,0,1,0.0038413452699443,0.0038413452699443,0.5188890830971596,hold
2023-09-13,0,1,0.0016492082399102,0.0016492082399102,0.5197448392486029,hold
2023-09-14,-1,-1,0.0044396138771742,-0.0044396138771742,0.5171775004280609,flip
2023-09-15,0,-1,-0.0029243168460981,0.0029243168460981,0.5186898913049856,hold
2023-09-18,-1,-1,-0.011518249945432,0.011518249945432,0.5246642911172054,hold
2023-09-20,0,-1,-0.0079919391664983,0.0079919391664983,0.528857376214648,hold
2023-09-21,-1,-1,-0.0034494176591149,0.0034494176591149,0.530681626187316,hold
2023-09-22,-1,-1,1.5288066889551644e-05,-1.5288066889551644e-05,0.5306735130911178,hold
2023-09-25,-1,-1,-0.0005007261720755,0.0005007261720755,0.5309392352079497,hold
2023-09-26,-1,-1,0.0026316191986632,-0.0026316191986632,0.5295420053232529,hold
2023-09-27,-1,-1,-0.0097836296667737,0.0097836296667737,0.5347228481963363,hold
2023-09-28,0,-1,0.0058775169171687,-0.0058775169171687,0.5315800056100657,hold
2023-09-29,0,-1,-0.0055784246544688,0.0055784246544688,0.5345453846191836,hold
2023-10-03,-1,-1,-0.0047443072713306,0.0047443072713306,0.5370814321742886,hold
2023-10-04,1,1,0.0056415841052857,0.0056415841052857,0.5398428815292,flip
2023-10-05,-1,-1,0.0055127073660514,-0.0055127073660514,0.536596964258919,flip
2023-10-06,0,-1,-0.0071819467588469,0.0071819467588469,0.5404507750871855,hold
2023-10-09,0,-1,0.0090968029762401,-0.0090968029762401,0.5355344008678612,hold
2023-10-10,0,-1,0.0061706921287072,-0.0061706921287072,0.532229782955774,hold
2023-10-11,0,-1,-0.0008757409120068,0.0008757409120068,0.5326958783512968,hold
2023-10-12,-1,-1,-0.002169809980297,0.002169809980297,0.5338517271846065,hold
2023-10-13,-1,-1,-0.0009772027556287,0.0009772027556287,0.5343734085635085,hold
2023-10-16,-1,-1,0.0040417094276989,-0.0040417094276989,0.5322136265202058,hold
2023-10-17,0,-1,-0.0070868127413371,0.0070868127413371,0.5359853248297424,hold
2023-10-18,0,-1,-0.0023588102112444,0.0023588102112444,0.537249612487028,hold
2023-10-19,-1,-1,-0.0041808960845935,0.0041808960845935,0.5394957972883243,hold
2023-10-20,1,1,-0.0133503074255556,-0.0133503074255556,0.5320236146410858,flip
2023-10-23,0,1,-0.008277236732921,-0.008277236732921,0.5276199292351972,hold
2023-10-25,0,1,-0.0138530649123475,-0.0138530649123475,0.5203107761064538,hold
2023-10-26,0,1,0.0100757003274603,0.0100757003274603,0.5255532715636507,hold
2023-10-27,-1,-1,0.0049167407696648,-0.0049167407696648,0.5227064857309413,flip
2023-10-30,-1,-1,-0.0032026069828995,0.0032026069828995,0.52438050917215,hold
2023-10-31,1,1,-0.0047406245729368,-0.0047406245729368,0.5216324277902133,flip
2023-11-01,-1,-1,0.0075885232572669,-0.0075885232572669,0.5174131917662876,flip
2023-11-02,-1,-1,0.0050879808383312,-0.0050879808383312,0.514780603361081,hold
2023-11-03,-1,-1,0.0094199033989916,-0.0094199033989916,0.5099314198057451,hold
2023-11-06,0,-1,-0.0002601919584787,0.0002601919584787,0.5100640998605541,hold
2023-11-07,-1,-1,0.0018962926582819,-0.0018962926582819,0.5090968690527353,hold
2023-11-08,-1,-1,-0.002478937369815,0.002478937369815,0.510358888306286,hold
2023-11-09,1,1,0.0015492839458333,0.0015492839458333,0.5108943996943991,flip
2023-11-10,-1,-1,0.0009369804014345,-0.0009369804014345,0.5101602544548356,flip
2023-11-13,-1,-1,0.0119267535086042,-0.0119267535086042,0.504075698850066,hold
2023-11-15,0,-1,0.0045615222809993,-0.0045615222809993,0.5017763463184511,hold
2023-11-16,0,-1,-0.0016897597201204,0.0016897597201204,0.5026242277769692,hold
2023-11-17,1,1,-0.0019157289123818,-0.0019157289123818,0.5014100238978649,flip
2023-11-20,0,1,0.004539473475424,0.004539473475424,0.503686161401661,hold
2023-11-21,0,1,0.0014380348265852,0.0014380348265852,0.5044104796434257,hold
2023-11-22,-1,-1,-0.0004971574875239,0.0004971574875239,0.5044090458503442,flip
2023-11-23,-1,-1,-0.0003686890844358,0.0003686890844358,0.50459501595964,hold
2023-11-24,-1,-1,0.0047992646389904,-0.0047992646389904,0.502173330942534,hold
2023-11-28,-1,-1,0.0104023891135545,-0.0104023891135545,0.49694952855162,hold
2023-11-29,-1,-1,0.0018187545137213,-0.0018187545137213,0.4960456993534751,hold
2023-11-30,-1,-1,0.0066929416105065,-0.0066929416105065,0.49272569445155945,hold
2023-12-01,0,-1,0.0206681690037693,-0.0206681690037693,0.482541956526135,hold
2023-12-04,-1,-1,0.0081355657602475,-0.0081355657602475,0.47861620470673816,hold
2023-12-05,-1,-1,0.0039606432442005,-0.0039606432442005,0.47672057666900153,hold
2023-12-06,-1,-1,-0.001745599062397,0.001745599062397,0.47755273966066025,hold
2023-12-07,-1,-1,0.0032653705047074,-0.0032653705047074,0.47599335303013013,hold
2023-12-08,-1,-1,0.0013209351833629,-0.0013209351833629,0.4753645966630658,hold
2023-12-11,-1,-1,-0.0043196070141755,0.0043196070141755,0.4774179849091023,hold
2023-12-12,-1,-1,0.0009542158562574,-0.0009542158562574,0.4769624250978396,hold
2023-12-13,-1,-1,0.0122500872899569,-0.0122500872899569,0.47111959375636153,hold
2023-12-14,-1,-1,0.0129327792008919,-0.0129327792008919,0.46502670807309665,hold
2023-12-15,-1,-1,-0.0017710126840955,0.0017710126840955,0.4658502762715373,hold
2023-12-18,-1,-1,0.0016083748565725,-0.0016083748565725,0.4651010144002548,hold
2023-12-19,-1,-1,-0.0141214660942333,0.0141214660942333,0.47166892260550153,hold
2023-12-20,-1,-1,0.0049597940765233,-0.0049597940765233,0.46932954187708265,hold
2023-12-21,-1,-1,0.0044389265566107,-0.0044389265566107,0.46724622250984255,hold
2023-12-22,-1,-1,0.0043068759341071,-0.0043068759341071,0.4652338509988125,hold
2023-12-26,-1,-1,0.0099527499207277,-0.0099527499207277,0.4606034948251642,hold
2023-12-27,-1,-1,0.0057238813077962,-0.0057238813077962,0.45796705509082886,hold
2023-12-28,-1,-1,-0.0021717930740454,0.0021717930740454,0.4589616647692161,hold
2023-12-29,-1,-1,0.0004831718072126,-0.0004831718072126,0.45873990743220827,hold
2024-01-01,-1,-1,-0.003500136051024,0.003500136051024,0.4603455595202552,hold
2024-01-02,-1,-1,-0.0068518663756694,0.0068518663756694,0.4634997857807207,hold
2024-01-03,-1,-1,0.0065644701863494,-0.0065644701863494,0.46045715525558384,hold
2024-01-04,-1,-1,0.0024101822286055,-0.0024101822286055,0.4593473696029526,hold
2024-01-05,-1,-1,-0.009110708685643,0.009110708685643,0.46353234967292145,hold
2024-01-08,0,-1,0.0014804820050666,-0.0014804820050666,0.4628460983704645,hold
2024-01-09,-1,-1,0.0034277152411805,-0.0034277152411805,0.4612595937447591,hold
2024-01-10,-1,-1,0.0013183031833516,-0.0013183031833516,0.46065151375397395,hold
2024-01-11,-1,-1,0.0114264926377058,-0.0114264926377058,0.45538788262351615,hold
2024-01-12,0,-1,0.0092670746948486,-0.0092670746948486,0.4511677691001151,hold
2024-01-15,0,-1,-0.0029482333845447,0.0029482333845447,0.4524979169790066,hold
2024-01-16,1,1,-0.0208943935120824,-0.0208943935120824,0.44281699847976014,flip
2024-01-17,0,1,-0.0050852715087356,-0.0050852715087356,0.4405651538138072,hold
2024-01-18,-1,-1,0.0074619571864553,-0.0074619571864553,0.4370573929212976,flip
2024-01-19,0,-1,-0.0177408429427344,0.0177408429427344,0.44481115948607525,hold
2024-01-23,0,-1,0.0101299710711508,-0.0101299710711508,0.4403052353083563,hold
2024-01-24,0,-1,-0.0047240537554001,0.0047240537554001,0.44238526090873703,hold
2024-01-25,0,-1,0.0180305914522447,-0.0180305914522447,0.4344087930047969,hold
2024-01-29,0,-1,-0.0099136981024832,0.0099136981024832,0.43871539063171056,hold
2024-01-30,0,-1,0.0094600254190029,-0.0094600254190029,0.43456513188462675,hold
2024-01-31,0,-1,-0.0013003033741542,0.0013003033741542,0.43513019839190603,hold
2024-02-01,-1,-1,0.0072059881750932,-0.0072059881750932,0.431994655327668,hold
2024-02-02,0,-1,-0.0037568550808078,0.0037568550808078,0.4336175966434176,hold
2024-02-05,-1,-1,0.0072434021015312,-0.0072434021015312,0.43047673003262976,hold
2024-02-06,0,-1,5.014315737827957e-05,-5.014315737827957e-05,0.43045514457020806,hold
2024-02-07,-1,-1,-0.0096920171108729,0.0096920171108729,0.4346271231968458,hold
2024-02-08,0,-1,0.0029722318898448,-0.0029722318898448,0.43333531060108865,hold
2024-02-09,-1,-1,-0.0076414194307357,0.0076414194307357,0.4366466074635397,hold
2024-02-12,-1,-1,0.0058844800115076,-0.0058844800115076,0.4340771692298279,hold
2024-02-13,-1,-1,0.0044519922849619,-0.0044519922849619,0.43214466102133864,hold
2024-02-14,0,-1,0.0032371361888359,-0.0032371361888359,0.4307457499003342,hold
2024-02-15,0,-1,0.0059308430222606,-0.0059308430222606,0.4281910644751694,hold
2024-02-16,0,-1,0.0037000088082788,-0.0037000088082788,0.426606753764985,hold
2024-02-19,-1,-1,0.003376655573009,-0.003376655573009,0.4251662496924012,hold
2024-02-20,0,-1,-0.00639270001033,0.00639270001033,0.4278842099812018,hold
2024-02-21,-1,-1,0.0073633218581414,-0.0073633218581414,0.42473356082509367,hold
2024-02-22,0,-1,-0.0002137959201901,0.0002137959201901,0.4248243671275658,hold
2024-02-23,-1,-1,-0.0040809285088362,0.0040809285088362,0.426558044998625,hold
2024-02-26,0,-1,0.0034489943486464,-0.0034489943486464,0.42508684871205504,hold
2024-02-27,-1,-1,-0.0111359278099485,0.0111359278099485,0.429820585172271,hold
2024-02-28,0,-1,0.0014418556686905,-0.0014418556686905,0.4292008459250205,hold
2024-02-29,-1,-1,0.0161921687000685,-0.0161921687000685,0.4222511534215905,hold
2024-03-01,0,-1,0.0029925402887358,-0.0029925402887358,0.42098754983301123,hold
2024-03-04,-1,-1,-0.0022002905070378,0.0022002905070378,0.4219138447424899,hold
2024-03-05,-1,-1,0.0052669715420341,-0.0052669715420341,0.41969163652904096,hold
2024-03-06,0,-1,0.000867667346212,-0.000867667346212,0.4193274838005464,hold
2024-03-07,0,-1,-0.0071531788017711,0.0071531788017711,0.4223270082686685,hold
2024-03-11,0,-1,0.000136518866846,-0.000136518866846,0.4222693526640612,hold
2024-03-12,-1,-1,-0.0151327252704165,0.0151327252704165,0.4286594387680431,hold
2024-03-13,0,-1,0.0067712159528048,-0.0067712159528048,0.4257568931379365,hold
2024-03-14,0,-1,-0.0055674686273187,0.0055674686273187,0.42812728128334665,hold
2024-03-15,0,-1,0.0014688778023679,-0.0014688778023679,0.4274984146232814,hold
2024-03-18,0,-1,-0.0108021966402886,0.0108021966402886,0.43211633656145376,hold
2024-03-19,0,-1,0.0009923428906801,-0.0009923428906801,0.4316875289869203,hold
2024-03-20,-1,-1,0.0079146856998078,-0.0079146856998078,0.4282708578744622,hold
2024-03-21,-1,-1,0.0038524885010076,-0.0038524885010076,0.42662094931918415,hold
2024-03-22,-1,-1,-0.0041658063402989,0.0041658063402989,0.42839816957476234,hold
2024-03-26,1,1,0.0054057167831516,0.0054057167831516,0.4304997696651167,flip
2024-03-27,0,1,0.0091870010785439,0.0091870010785439,0.43445477151334305,hold
2024-03-28,0,1,0.0060509791780918,0.0060509791780918,0.43708364828959295,hold
2024-04-01,0,1,-0.0003872860275131,-0.0003872860275131,0.4369143718997559,hold
2024-04-02,0,1,-0.0008306302403686,-0.0008306302403686,0.43655145761000436,hold
2024-04-03,-1,-1,0.0035659124883635,-0.0035659124883635,0.4347764775866946,flip
2024-04-04,-1,-1,-4.224679746289706e-05,4.224679746289706e-05,0.43479484550048486,hold
2024-04-05,-1,-1,0.0067781647528144,-0.0067781647528144,0.4318477344040081,hold
2024-04-08,0,-1,-0.0010390218270411,0.0010390218270411,0.4322964336260121,hold
2024-04-09,-1,-1,0.0049044741142307,-0.0049044741142307,0.4301762469576191,hold
2024-04-10,0,-1,-0.0103015928142499,0.0103015928142499,0.43460774749213865,hold
2024-04-12,0,-1,-0.010963897188301,0.010963897188301,0.4393727421528816,hold
2024-04-15,0,-1,-0.005594325260972,0.005594325260972,0.44183073618329,hold
2024-04-16,-1,-1,-0.0068652458503182,0.0068652458503182,0.44486401281141535,hold
2024-04-18,1,1,0.0068717686886063,0.0068717686886063,0.4476985833989349,flip
2024-04-19,-1,-1,0.0085519659829773,-0.0085519659829773,0.4436460310513807,flip
2024-04-22,0,-1,0.0014147135985376,-0.0014147135985376,0.443018398978315,hold
2024-04-23,-1,-1,0.0015379287654238,-0.0015379287654238,0.4423370682389143,hold
2024-04-24,-1,-1,0.0074969296067168,-0.0074969296067168,0.43902089837588565,hold
2024-04-25,0,-1,-0.0066636269808832,0.0066636269808832,0.44194636987947483,hold
2024-04-26,0,-1,0.0099666225688024,-0.0099666225688024,0.43754165721523375,hold
2024-04-29,0,-1,-0.0017025173156396,0.0017025173156396,0.4382865794629563,hold
2024-04-30,-1,-1,0.001917712797214,-0.001917712797214,0.43744607168067307,hold
2024-05-02,-1,-1,-0.0076098592965534,0.0076098592965534,0.44077497473599303,hold
2024-05-03,0,-1,-0.0014749338156797,0.0014749338156797,0.4414250886513365,hold
2024-05-06,-1,-1,-0.006246985595782,0.006246985595782,0.4441826648217582,hold
2024-05-07,0,-1,0.0,-0.0,0.4441826648217582,hold
2024-05-08,-1,-1,-0.0154691178119045,0.0154691178119045,0.45105377879389164,hold
2024-05-09,0,-1,0.004449469144939,-0.004449469144939,0.4490468289224401,hold
2024-05-10,-1,-1,0.0022149680905385,-0.0022149680905385,0.4480522045252194,hold
2024-05-13,-1,-1,0.0051483245877055,-0.0051483245877055,0.4457454863440865,hold
2024-05-14,0,-1,-0.0007786004689536,0.0007786004689536,0.44609254398878795,hold
2024-05-15,-1,-1,0.0091573776762647,-0.0091573776762647,0.4420075060849169,hold
2024-05-16,0,-1,0.002778540343975,-0.002778540343975,0.4407793703969202,hold
2024-05-17,0,-1,0.0028020516676037,-0.0028020516676037,0.43954428382705424,hold
2024-05-21,0,-1,0.00305161547495,-0.00305161547495,0.4382029636886018,hold
2024-05-22,0,-1,0.016366619608483,-0.016366619608483,0.4310310624706006,hold
2024-05-23,0,-1,-0.0004593757337192,0.0004593757337192,0.4312290676811788,hold
2024-05-24,-1,-1,-0.0010737589261899,0.0010737589261899,0.43169210374183403,hold
2024-05-27,-1,-1,-0.0019317094176221,0.0019317094176221,0.4325260074441452,hold
2024-05-28,-1,-1,-0.008015115627261,0.008015115627261,0.43599275340560756,hold
2024-05-29,-1,-1,-0.0095155996581792,0.0095155996581792,0.4401414859008826,hold
2024-05-30,0,-1,0.0018697799732139,-0.0018697799732139,0.4393185181651645,hold
2024-05-31,-1,-1,0.0325423176953527,-0.0325423176953527,0.42502207537758213,hold
2024-06-03,-1,-1,-0.0592935994164107,0.0592935994164107,0.45022316405815205,hold
2024-06-04,0,-1,0.0336242367600356,-0.0336242367600356,0.4350847537950084,hold
2024-06-05,0,-1,0.0088880492442378,-0.0088880492442378,0.4312176990778613,hold
2024-06-06,0,-1,0.0205399314668071,-0.0205399314668071,0.4223605170915278,hold
2024-06-07,-1,-1,-0.0013289382574128,0.0013289382574128,0.4229218081411114,hold
2024-06-10,-1,-1,0.0002429314342191,-0.0002429314342191,0.4228190671396972,hold
2024-06-11,-1,-1,0.0024973129141392,-0.0024973129141392,0.42176315562298494,hold
2024-06-12,-1,-1,0.003256499474515,-0.003256499474515,0.4203896841283289,hold
2024-06-13,-1,-1,0.0028505279152657,-0.0028505279152657,0.41919135159843135,hold
2024-06-14,-1,-1,0.0039334507869606,-0.0039334507869606,0.4175424830465994,hold
2024-06-18,-1,-1,-0.0017786131162043,0.0017786131162043,0.4182851295835186,hold
2024-06-19,-1,-1,0.0021687361796223,-0.0021687361796223,0.4173779794895928,hold
2024-06-20,-1,-1,-0.0027962995130903,0.0027962995130903,0.41854509333041423,hold
2024-06-21,-1,-1,0.001563756616109,-0.001563756616109,0.41789059067157885,hold
2024-06-24,-1,-1,0.0077938798539154,-0.0077938798539154,0.4146336016158028,hold
2024-06-25,-1,-1,0.0062180401218379,-0.0062180401218379,0.4120553932450936,hold
2024-06-26,0,-1,0.0073610408985447,-0.0073610408985447,0.40902223664295057,hold
2024-06-27,0,-1,-0.0014099020825968,0.0014099020825968,0.4095989179462219,hold
2024-06-28,-1,-1,0.0054704843490753,-0.0054704843490753,0.40735821347619894,hold
2024-07-01,-1,-1,-0.0007497161563467,0.0007497161563467,0.4076636165102626,hold
2024-07-02,-1,-1,0.0067423066077227,-0.0067423066077227,0.40491502341493735,hold
2024-07-03,0,-1,0.0006444070008029,-0.0006444070008029,0.4046540933391185,hold
2024-07-04,-1,-1,0.0008928929498506,-0.0008928929498506,0.4042927805520478,hold
2024-07-05,-1,-1,-0.0001356211363734,0.0001356211363734,0.40434761119837387,hold
2024-07-08,-1,-1,0.0046318209860134,-0.0046318209860134,0.4024747454471808,hold
2024-07-09,0,-1,-0.0044509111977667,0.0044509111977667,0.40426612479850993,hold
2024-07-10,-1,-1,-0.0003494426502141,0.0003494426502141,0.40440739262455133,hold
2024-07-11,-1,-1,0.007657573644356,-0.007657573644356,0.4013106132332068,hold
2024-07-12,-1,-1,0.0034506697076412,-0.0034506697076412,0.3999258228567681,hold
2024-07-15,-1,-1,0.0010697158254551,-0.0010697158254551,0.39949801587505,hold
2024-07-16,-1,-1,0.0076321297434283,-0.0076321297434283,0.39644899518564947,hold
2024-07-18,0,-1,-0.0108846762510892,0.0108846762510892,0.4007642141483149,hold
2024-07-19,-1,-1,-0.0008825762723847,0.0008825762723847,0.40111791913454314,hold
2024-07-22,-1,-1,-0.0012321559717249,0.0012321559717249,0.4016121589739707,hold
2024-07-23,-1,-1,-0.0026778318259059,0.0026778318259059,0.402687608794942,hold
2024-07-24,-1,-1,-0.0003031269840456,0.0003031269840456,0.40280967427530856,hold
2024-07-25,-1,-1,0.0175673297602745,-0.0175673297602745,0.39573338389668544,hold
2024-07-26,0,-1,5.03324972633834e-05,-5.03324972633834e-05,0.39571346564722343,hold
2024-07-29,0,-1,0.0008536433743,-0.0008536433743,0.39537566746915237,hold
2024-07-30,-1,-1,0.0037755350108565,-0.0037755350108565,0.39388291279418186,hold
2024-07-31,-1,-1,0.0023946791656728,-0.0023946791656728,0.3929396895891991,hold
2024-08-01,-1,-1,-0.0117229354919546,0.0117229354919546,0.39754609622248194,hold
2024-08-02,0,-1,-0.0267864578946228,0.0267864578946228,0.40819494799011713,hold
2024-08-05,0,-1,-0.0026209626510589,0.0026209626510589,0.40926481170315016,hold
2024-08-06,1,1,0.0127101624804444,0.0127101624804444,0.4142620015515741,flip
2024-08-07,-1,-1,-0.007428747813561,0.007428747813561,0.417132318489066,flip
2024-08-08,1,1,0.0103868640378157,0.0103868640378157,0.4212564490077463,flip
2024-08-09,-1,-1,-0.0008412844977941,0.0008412844977941,0.42140021730338845,flip
2024-08-12,-1,-1,-0.0085431469996303,0.0085431469996303,0.4250003013054874,hold
2024-08-13,0,-1,0.0001967769998756,-0.0001967769998756,0.42491667102125025,hold
2024-08-14,-1,-1,0.0164597624902924,-0.0164597624902924,0.4179226435380748,hold
2024-08-16,-1,-1,0.0012835584110202,-0.0012835584110202,0.41738621541380566,hold
2024-08-19,-1,-1,0.0051357593399101,-0.0051357593399101,0.4152426202596445,hold
2024-08-20,0,-1,0.0028887826964991,-0.0028887826964991,0.4140430745633895,hold
2024-08-21,-1,-1,0.0016673576536574,-0.0016673576536574,0.41335271667407236,hold
2024-08-22,-1,-1,0.0004695560778267,-0.0004695560778267,0.41315862439367185,hold
2024-08-23,-1,-1,0.007551387144671,-0.007551387144671,0.41003870366871553,hold
2024-08-26,0,-1,0.000285894410237,-0.000285894410237,0.4099214758953558,hold
2024-08-27,-1,-1,0.0013830024432652,-0.0013830024432652,0.40935455349264566,hold
2024-08-28,-1,-1,0.0039756594063229,-0.0039756594063229,0.4077270992115315,hold
2024-08-29,-1,-1,0.0033377600735777,-0.0033377600735777,0.4063662039788676,hold
2024-08-30,-1,-1,0.0016959501132323,-0.0016959501132323,0.40567702716921583,hold
2024-09-02,-1,-1,4.550829989491412e-05,-4.550829989491412e-05,0.4056585654974029,hold
2024-09-03,-1,-1,-0.0032100820170585,0.0032100820170585,0.40696076276357185,hold
2024-09-04,-1,-1,-0.0021270784221717,0.0021270784221717,0.40782640022071676,hold
2024-09-05,-1,-1,-0.0116503502989019,0.0116503502989019,0.4125777206444282,hold
2024-09-06,-1,-1,0.0033900486950126,-0.0033900486950126,0.41117906208096633,hold
2024-09-09,-1,-1,0.0041986500501236,-0.0041986500501236,0.4094526650913503,hold
2024-09-10,-1,-1,-0.0048979634496194,0.0048979634496194,0.41145814927931695,hold
2024-09-11,0,-1,0.0188796328272711,-0.0188796328272711,0.40368997049713495,hold
2024-09-12,0,-1,-0.0012761636040355,0.0012761636040355,0.40420514494479753,hold
2024-09-13,-1,-1,0.0010746751326089,-0.0010746751326089,0.4037707557270528,hold
2024-09-16,0,-1,0.0013709866056039,-0.0013709866056039,0.40321719142921647,hold
2024-09-17,-1,-1,-0.0016129951842196,0.0016129951842196,0.4038675788171864,hold
2024-09-18,0,-1,0.0015072376499098,-0.0015072376499098,0.4032588543968152,hold
2024-09-19,-1,-1,0.0147604413777415,-0.0147604413777415,0.3973065757164358,hold
2024-09-20,0,-1,0.0057423850996662,-0.0057423850996662,0.39502508835604233,hold
2024-09-23,-1,-1,5.203002169906768e-05,-5.203002169906768e-05,0.3950045351921235,hold
2024-09-24,-1,-1,0.0024575565157058,-0.0024575565157058,0.39403378922292875,hold
2024-09-25,-1,-1,0.008148714241454,-0.008148714241454,0.39082292047307376,hold
2024-09-26,-1,-1,-0.0014152231703233,0.0014152231703233,0.39137602212562067,hold
2024-09-27,-1,-1,-0.0140609008520233,0.0140609008520233,0.39687912156858834,hold
2024-09-30,-1,-1,-0.0005404401234794,0.0005404401234794,0.3970936109700553,hold
2024-10-01,-1,-1,-0.0211963752609873,0.0211963752609873,0.4055105561619171,hold
2024-10-03,0,-1,-0.0093266958801446,0.0093266958801446,0.4092926297954276,hold
2024-10-04,0,-1,-0.0087488751686026,0.0087488751686026,0.41287347992093687,hold
2024-10-07,0,-1,0.0087676473034692,-0.0087676473034692,0.4092535508680341,hold
2024-10-08,-1,-1,-0.0012473907279866,0.0012473907279866,0.4097640499527825,hold
2024-10-09,-1,-1,0.0006604768849507,-0.0006604768849507,0.40949341026950486,hold
2024-10-10,-1,-1,-0.0013680536120755,0.0013680536120755,0.41005361920854516,hold
2024-10-11,-1,-1,0.0065573457544287,-0.0065573457544287,0.4073647558495399,hold
2024-10-14,-1,-1,-0.0028096049048969,0.0028096049048969,0.4085092898656569,hold
2024-10-15,1,1,-0.0034340754096676,-0.0034340754096676,0.40690218351377566,flip
2024-10-16,1,1,-0.0088682273228345,-0.0088682273228345,0.40329368245221775,hold
2024-10-17,-1,-1,0.0042101739412401,-0.0042101739412401,0.40139409905846457,flip
2024-10-18,-1,-1,-0.0029351823779982,0.0029351823779982,0.40257226394465345,hold
2024-10-21,1,1,-0.0124691803378693,-0.0124691803378693,0.39735123165453096,flip
2024-10-22,1,1,-0.0014955647434917,-0.0014955647434917,0.39675696716168546,hold
2024-10-23,-1,-1,-0.0014773427748562,0.0014773427748562,0.3971447347169148,flip
2024-10-24,-1,-1,-0.0089592205494931,0.0089592205494931,0.40070284198531353,hold
2024-10-25,1,1,0.0065485676346082,0.0065485676346082,0.40312652022644146,flip
2024-10-28,-1,-1,0.0052466588480091,-0.0052466588480091,0.40080988964211506,flip
2024-10-29,-1,-1,-0.0051498252538292,0.0051498252538292,0.4028739905337785,hold
2024-10-30,1,1,-0.005566773640794,-0.005566773640794,0.4004298452274467,flip
2024-10-31,1,1,0.0040900049616161,0.0040900049616161,0.4020676052812061,hold
2024-11-01,-1,-1,-0.0127137736646451,0.0127137736646451,0.4069783680099966,flip
2024-11-04,0,-1,0.0090830588186072,-0.0090830588186072,0.40328175955546103,hold
2024-11-05,-1,-1,0.0111818707596305,-0.0111818707596305,0.39877231504039545,hold
2024-11-06,-1,-1,-0.0116280257061476,0.0116280257061476,0.4034092497705852,hold
2024-11-07,-1,-1,-0.0021137093124677,0.0021137093124677,0.4042619396585609,hold
2024-11-08,-1,-1,-0.0002856708874028,0.0002856708874028,0.40437742552560635,hold
2024-11-11,-1,-1,-0.0106809307765333,0.0106809307765333,0.40869655281523803,hold
2024-11-12,0,-1,-0.0135825623229214,0.0135825623229214,0.4142476992150141,hold
2024-11-13,1,1,-0.0011185324376894,-0.0011185324376894,0.4135772258765964,flip
2024-11-14,-1,-1,-0.0033527151631265,0.0033527151631265,0.4147570438999784,flip
2024-11-18,1,1,0.0027585814066317,0.0027585814066317,0.4156938064476005,flip
2024-11-19,-1,-1,-0.0071688079331164,0.0071688079331164,0.4184659886017857,flip
2024-11-21,1,1,0.0238694641112378,0.0238694641112378,0.4282453145041888,flip
2024-11-22,1,1,0.0131612958673623,0.0131612958673623,0.43388157779219005,hold
2024-11-25,-1,-1,-0.0011312238174179,0.0011312238174179,0.43415545417803136,flip
2024-11-26,-1,-1,0.0033230854378061,-0.0033230854378061,0.43271271851050824,hold
2024-11-27,-1,-1,-0.0148610290544929,0.0148610290544929,0.4391432747925415,hold
2024-11-28,0,-1,0.0090720019405352,-0.0090720019405352,0.4351593661514506,hold
2024-11-29,-1,-1,0.0060068200049485,-0.0060068200049485,0.4325454421655114,hold
2024-12-02,-1,-1,0.0074600111445999,-0.0074600111445999,0.42931864834641076,hold
2024-12-03,0,-1,0.0004210968146538,-0.0004210968146538,0.4291378636311206,hold
2024-12-04,-1,-1,0.0098478255628851,-0.0098478255628851,0.4249117888076522,hold
2024-12-05,-1,-1,-0.0012384293961259,0.0012384293961259,0.425438012057672,hold
2024-12-06,-1,-1,-0.0023827399277279,0.0023827399277279,0.426451720195775,hold
2024-12-09,-1,-1,-0.00036350862139,0.00036350862139,0.42660673907267277,hold
2024-12-10,-1,-1,0.0012901233029631,-0.0012901233029631,0.42605636377739403,hold
2024-12-11,-1,-1,-0.0037781963796591,0.0037781963796591,0.42766608838854847,hold
2024-12-12,-1,-1,0.0089455478085889,-0.0089455478085889,0.4238403809487565,hold
2024-12-13,-1,-1,-0.0040394689217332,0.0040394689217332,0.4255524709953745,hold
2024-12-16,-1,-1,-0.0134687300477334,0.0134687300477334,0.4312841223483571,hold
2024-12-17,0,-1,-0.0056356998120069,0.0056356998120069,0.43371471019559726,hold
2024-12-18,-1,-1,-0.010213311567061,0.010213311567061,0.4381443736620425,hold
2024-12-19,0,-1,-0.0152055691508056,0.0152055691508056,0.4448066082337971,hold
2024-12-20,0,-1,0.0070354729729729,-0.0070354729729729,0.4416771833633685,hold
2024-12-23,-1,-1,-0.0010861087115143,0.0010861087115143,0.44215689279989656,hold
2024-12-24,-1,-1,0.0009503186263191,-0.0009503186263191,0.4417367028689134,hold
2024-12-26,-1,-1,0.002661079652128,-0.002661079652128,0.4405612063173108,hold
2024-12-27,-1,-1,-0.0070758479358679,0.0070758479358679,0.44367855041965465,hold
2024-12-30,1,1,-4.212721278373799e-06,-4.212721278373799e-06,0.4434548420503747,flip
2024-12-31,-1,-1,0.0041488871182535,-0.0041488871182535,0.44139327054763966,flip
2025-01-01,-1,-1,0.0187740331916654,-0.0187740331916654,0.43310653863580056,hold
2025-01-02,1,1,-0.0076027553276091,-0.0076027553276091,0.42959718232244704,flip
2025-01-03,-1,-1,-0.0161925959966257,0.0161925959966257,0.4363386773459219,flip
2025-01-06,0,-1,0.0038892874268343,-0.0038892874268343,0.4346416308142789,hold
2025-01-07,-1,-1,-0.0007993610384197,0.0007993610384197,0.43498906639962703,hold
2025-01-08,-1,-1,-0.0068575949591475,0.0068575949591475,0.43797204522865335,hold
2025-01-09,0,-1,-0.0040379997024632,0.0040379997024632,0.4397405762169738,hold
2025-01-10,0,-1,-0.0147472753024774,0.0147472753024774,0.44622555155611554,hold
2025-01-13,1,1,0.0039028744993869,0.0039028744993869,0.44774400110648077,flip
2025-01-14,-1,-1,0.0016028803979861,-0.0016028803979861,0.4468024490232381,flip
2025-01-15,-1,-1,0.0042476507253836,-0.0042476507253836,0.4449045882765414,hold
2025-01-16,-1,-1,-0.0046586517926727,0.0046586517926727,0.4469772438342842,hold
2025-01-17,1,1,0.0061004855371675,0.0061004855371675,0.44948053342382116,flip
2025-01-20,-1,-1,-0.0137118456772935,0.0137118456772935,0.4554190008663643,flip
2025-01-21,-1,-1,0.0056764909144164,-0.0056764909144164,0.4528338190456938,hold
2025-01-22,-1,-1,0.0021593282262408,-0.0021593282262408,0.451856002198432,hold
2025-01-23,-1,-1,-0.0048760476583936,0.0048760476583936,0.45405927359988274,hold
2025-01-24,0,-1,-0.0113912419355629,0.0113912419355629,0.4592315726385449,hold
2025-01-27,1,1,0.0056112298172781,0.0056112298172781,0.4615788107456506,flip
2025-01-28,-1,-1,0.0089666492883511,-0.0089666492883511,0.45720920602538734,flip
2025-01-29,0,-1,0.0037300875997627,-0.0037300875997627,0.4555037756354947,hold
2025-01-30,-1,-1,0.0111357401503258,-0.0111357401503258,0.4504314039525255,hold
2025-01-31,0,-1,-0.0011166221250199,0.0011166221250199,0.45093436562398265,hold
2025-02-01,-1,-1,-0.0051570919766934,0.0051570919766934,0.45325987562295744,hold
2025-02-03,0,-1,0.0161893068206311,-0.0161893068206311,0.4459219124270163,hold
2025-02-04,0,-1,-0.0018092070621439,0.0018092070621439,0.44672867750014394,hold
2025-02-05,0,-1,-0.0039226026346081,0.0039226026346081,0.44848101658746103,hold
2025-02-06,-1,-1,-0.0018387386257991,0.0018387386257991,0.44930565595559807,hold
2025-02-07,-1,-1,-0.0075700336923079,0.0075700336923079,0.45270691490932646,hold
2025-02-10,0,-1,-0.0132496849360461,0.0132496849360461,0.4587051389002445,hold
2025-02-11,0,-1,-0.0011507892904301,0.0011507892904301,0.4592330118615562,hold
2025-02-12,-1,-1,-0.0006009745771905,0.0006009745771905,0.4595089992266916,hold
2025-02-13,-1,-1,-0.0044352661537063,0.0044352661537063,0.4615470439382852,hold
2025-02-14,0,-1,0.0013192755977626,-0.0013192755977626,0.460938136185998,hold
2025-02-17,-1,-1,-0.0006184463402948,0.0006184463402948,0.4612232016894245,hold
2025-02-18,-1,-1,-0.0005404326900405,0.0005404326900405,0.46147246178502255,hold
2025-02-19,-1,-1,-0.0008612081186238,0.0008612081186238,0.46186988561563314,hold
2025-02-20,-1,-1,-0.0051171487988824,0.0051171487988824,0.4642333425460511,hold
2025-02-21,-1,-1,-0.0106401053300685,0.0106401053300685,0.4691728342084708,hold
2025-02-24,1,1,-0.0002571160481895,-0.0002571160481895,0.46881761592631704,flip
2025-02-25,-1,-1,-0.0001108767876499,0.0001108767876499,0.4686351881096015,flip
2025-02-27,-1,-1,-0.0186449596666951,0.0186449596666951,0.47737287229029907,hold
2025-02-28,1,1,-0.0002440004922383,-0.0002440004922383,0.4770177066383339,flip
2025-03-03,-1,-1,-0.0016569416451024,0.0016569416451024,0.4775695882885951,flip
2025-03-04,-1,-1,0.0115316950692254,-0.0115316950692254,0.47206240142211553,hold
2025-03-05,-1,-1,0.009284847776867,-0.009284847776867,0.4676793738837289,hold
2025-03-06,1,1,0.0003460139864501,0.0003460139864501,0.46760735780132506,flip
2025-03-07,-1,-1,-0.0040882039130917,0.0040882039130917,0.46928522835237824,flip
2025-03-10,1,1,0.001674047455606,0.001674047455606,0.4698361914806789,flip
2025-03-11,-1,-1,-0.0012179087892316,0.0012179087892316,0.47017349101204203,flip
2025-03-12,-1,-1,-0.0032620894617386,0.0032620894617386,0.47170723900226125,hold
2025-03-13,-1,-1,0.0049805683362682,-0.0049805683362682,0.46935786886369807,hold
2025-03-17,1,1,0.0144632989948354,0.0144632989948354,0.47591165312222067,flip
2025-03-18,0,1,0.0032100316461272,0.0032100316461272,0.4774393445895037,hold
2025-03-19,0,1,0.01235619558909,0.01235619558909,0.4833386785131786,hold
2025-03-20,-1,-1,0.0068885519512889,-0.0068885519512889,0.47976750557691666,flip
2025-03-21,-1,-1,0.0131881772302988,-0.0131881772302988,0.47344024668402995,hold
2025-03-24,-1,-1,0.0004353972876416,-0.0004353972876416,0.47323411208476335,hold
2025-03-25,-1,-1,-0.0076810793285454,0.0076810793285454,0.4768690608406601,hold
2025-03-26,-1,-1,0.0044748278770025,-0.0044748278770025,0.4747351538735303,hold
2025-03-27,0,-1,-0.0030773044101545,0.0030773044101545,0.47619605845620067,hold
2025-03-28,-1,-1,-0.0150365718652369,0.0150365718652369,0.4833564147111199,hold
2025-04-01,0,-1,0.0071938424586863,-0.0071938424586863,0.47987922481229267,hold
2025-04-02,-1,-1,-0.0035251486188494,0.0035251486188494,0.48157087039885427,hold
2025-04-03,-1,-1,-0.0148666197750665,0.0148666197750665,0.48873020142382184,hold
2025-04-04,0,-1,-0.0324325462830553,0.0324325462830553,0.5045809663014269,hold
2025-04-07,0,-1,0.0168873189028142,-0.0168873189028142,0.49605994661120456,hold
2025-04-08,-1,-1,-0.0060658560080705,0.0060658560080705,0.4990689748187192,hold
2025-04-09,1,1,0.0191703874091904,0.0191703874091904,0.5083867859224922,flip
2025-04-11,-1,-1,0.0219023977821084,-0.0219023977821084,0.49699770291708895,flip
2025-04-15,-1,-1,0.004657316201027,-0.004657316201027,0.49468302746341997,hold
2025-04-16,-1,-1,0.0176834769379541,-0.0176834769379541,0.48593531155567327,hold
2025-04-17,-1,-1,0.0114834984640164,-0.0114834984640164,0.48035507415181233,hold
2025-04-21,-1,-1,0.0017284255654137,-0.0017284255654137,0.4795248161611721,hold
2025-04-22,-1,-1,0.0066908406521222,-0.0066908406521222,0.4763163920274995,hold
2025-04-23,-1,-1,-0.0033807460922566,0.0033807460922566,0.4779266968085242,hold
2025-04-24,-1,-1,-0.0085516633626838,0.0085516633626838,0.48201376503167015,hold
2025-04-25,-1,-1,0.0120282118827472,-0.0120282118827472,0.47621600133546854,hold
2025-04-28,-1,-1,0.0003061930965739,-0.0003061930965739,0.47607018728338163,hold
2025-04-29,-1,-1,-7.191007773188485e-05,7.191007773188485e-05,0.47610442152755506,hold
2025-04-30,-1,-1,0.0005136803511647,-0.0005136803511647,0.4758598560411137,hold
2025-05-02,-1,-1,0.0047008906976129,-0.0047008906976129,0.4736228908704826,hold
2025-05-05,0,-1,-0.0033338898599493,0.0033338898599493,0.4752018974237956,hold
2025-05-06,-1,-1,0.0014274549954715,-0.0014274549954715,0.47452356810146046,hold
2025-05-07,-1,-1,-0.0057588802970967,0.0057588802970967,0.477256292528308,hold
2025-05-08,0,-1,-0.0109501096942064,0.0109501096942064,0.4824823012837432,hold
2025-05-09,-1,-1,0.0381830730902199,-0.0381830730902199,0.4640596443090885,hold
2025-05-12,-1,-1,-0.0138958390765435,0.0138958390765435,0.4705081424483257,hold
2025-05-13,-1,-1,0.0036027960647213,-0.0036027960647213,0.46881299756429357,hold
2025-05-14,-1,-1,0.0160214381414618,-0.0160214381414618,0.46130193912390394,hold
2025-05-15,-1,-1,-0.0016877607536591,0.0016877607536591,0.46208050643234416,hold
2025-05-16,-1,-1,-0.0029717088137536,0.0029717088137536,0.46345367514597285,hold
2025-05-19,-1,-1,-0.0104848313546668,0.0104848313546668,0.4683129087705789,hold
2025-05-20,-1,-1,0.0052483127088862,-0.0052483127088862,0.4658550561797428,hold
2025-05-21,-1,-1,-0.0082112727740422,0.0082112727740422,0.46968031911920144,hold
2025-05-22,-1,-1,0.0098924887180058,-0.0098924887180058,0.4650340118612453,hold
2025-05-23,-1,-1,0.0059549794562796,-0.0059549794562796,0.4622647438741403,hold
2025-05-26,-1,-1,-0.0069977248703164,0.0069977248703164,0.4654995453690188,hold
2025-05-27,-1,-1,-0.0029706520659956,0.0029706520659956,0.46688238255518927,hold
2025-05-28,0,-1,0.0032784792287758,-0.0032784792287758,0.46535171836170075,hold
2025-05-29,-1,-1,-0.0033382349691143,0.0033382349691143,0.46690517174087315,hold
2025-05-30,0,-1,-0.0013777230725331,0.0013777230725331,0.4675484377686656,hold
2025-06-02,-1,-1,-0.0070438333802584,0.0070438333802584,0.47084177106150826,hold
2025-06-03,0,-1,0.0031659048079861,-0.0031659048079861,0.469351130834704,hold
2025-06-04,-1,-1,0.0053086967621067,-0.0053086967621067,0.4668594880061507,hold
2025-06-05,0,-1,0.0101875239545026,-0.0101875239545026,0.4621033457887012,hold
2025-06-06,0,-1,0.0040054487100871,-0.0040054487100871,0.4602524145383849,hold
2025-06-09,0,-1,4.18584595869298e-05,-4.18584595869298e-05,0.46023314908129115,hold
2025-06-10,0,-1,0.0014798446727146,-0.0014798446727146,0.45955207550741656,hold
2025-06-11,0,-1,-0.0100710846627866,0.0100710846627866,0.464180263366811,hold
2025-06-12,0,-1,-0.0068144588479197,0.0068144588479197,0.4673434006695407,hold
2025-06-13,0,-1,0.0092197937677085,-0.0092197937677085,0.463034590896668,hold
2025-06-16,0,-1,-0.0037319707924959,0.0037319707924959,0.4647626224658096,hold
2025-06-17,1,1,-0.0016637405234334,-0.0016637405234334,0.4637569967458032,flip
2025-06-18,-1,-1,-0.0007577278241026,0.0007577278241026,0.4638765198274869,flip
2025-06-19,-1,-1,0.0128724709598377,-0.0128724709598377,0.457905282797057,hold
2025-06-20,0,-1,-0.0055948454872697,0.0055948454872697,0.460467192102111,hold
2025-06-23,0,-1,0.0029012296868362,-0.0029012296868362,0.4591312710145703,hold
2025-06-24,-1,-1,0.0080018205204253,-0.0080018205204253,0.45545738498859695,hold
2025-06-25,0,-1,0.0120520108141297,-0.0120520108141297,0.44996820765933915,hold
2025-06-26,0,-1,0.003475704773181,-0.003475704773181,0.4484042510121979,hold
2025-06-27,-1,-1,-0.0047098423546652,0.0047098423546652,0.4505161643456271,hold
2025-06-30,-1,-1,0.0009699396772837,-0.0009699396772837,0.4500791908425706,hold
2025-07-01,-1,-1,-0.0034610085397696,0.0034610085397696,0.45163691876564926,hold
2025-07-02,-1,-1,-0.0018897125192245,0.0018897125192245,0.4524903827051847,hold
2025-07-03,-1,-1,0.0021924250859925,-0.0021924250859925,0.4514983314389715,hold
2025-07-04,-1,-1,1.1813410706551508e-05,-1.1813410706551508e-05,0.4514929977037489,hold
2025-07-07,-1,-1,0.0024036171315751,-0.0024036171315751,0.45040778139968196,hold
2025-07-08,-1,-1,-0.0018180190273288,0.0018180190273288,0.4512266313163235,hold
2025-07-09,-1,-1,-0.004743646446198,0.004743646446198,0.45336709092239713,hold
2025-07-10,0,-1,-0.008100901810276,0.008100901810276,0.45703977320996997,hold
2025-07-11,0,-1,-0.0026858541571485,0.0026858541571485,0.4582673153848281,hold
2025-07-14,-1,-1,0.0045251032187942,-0.0045251032187942,0.45619360848091206,hold
2025-07-15,0,-1,0.0006449487413033,-0.0006449487413033,0.4558993869873317,hold
2025-07-16,-1,-1,-0.0039902173517283,0.0039902173517283,0.45771852463193086,hold
2025-07-17,0,-1,-0.0056965580472427,0.0056965580472427,0.460325944776795,hold
2025-07-18,0,-1,0.0048981443028652,-0.0048981443028652,0.4580712018729255,hold
2025-07-21,0,-1,-0.0011876443882732,0.0011876443882732,0.45861522756525946,hold
2025-07-22,-1,-1,0.0063445445902445,-0.0063445445902445,0.45570552280420656,hold
2025-07-23,0,-1,-0.006256994627491,0.006256994627491,0.4585568698121105,hold
2025-07-24,0,-1,-0.0089816740370306,0.0089816740370306,0.46267547814420396,hold
2025-07-25,-1,-1,-0.0062849623293875,0.0062849623293875,0.4655833760950716,hold
2025-07-28,0,-1,0.0056804742343701,-0.0056804742343701,0.4629386417232125,hold
2025-07-29,-1,-1,0.0013678351245234,-0.0013678351245234,0.4623054179885643,hold
2025-07-30,-1,-1,-0.0034882717656889,0.0034882717656889,0.46391806492525883,hold
2025-07-31,1,1,-0.0081959437427822,-0.0081959437427822,0.4598838595314084,flip
2025-08-01,0,1,0.0064074150430544,0.0064074150430544,0.4628305262910279,hold
2025-08-04,-1,-1,-0.0029608040671041,0.0029608040671041,0.4639694615325048,flip
2025-08-05,1,1,-0.0030569142281212,-0.0030569142281212,0.46231916195336614,flip
2025-08-06,1,1,0.0008932609229541,0.0008932609229541,0.462732133594672,hold
2025-08-07,-1,-1,-0.0094669127354072,0.0094669127354072,0.4668814122564843,flip
2025-08-08,0,-1,0.0091018044718578,-0.0091018044718578,0.4626319489305809,hold
2025-08-11,-1,-1,-0.0039719417907191,0.0039719417907191,0.4644694961022601,hold
2025-08-12,-1,-1,0.0053884535167121,-0.0053884535167121,0.4619667238125824,hold
2025-08-13,-1,-1,0.000485438164071,-0.000485438164071,0.461742467534313,hold
2025-08-14,-1,-1,0.0099730192766349,-0.0099730192766349,0.4571375010047523,hold
2025-08-18,0,-1,0.0041685646806257,-0.0041685646806257,0.4552318937638744,hold
2025-08-19,0,-1,0.0027981813736617,-0.0027981813736617,0.4539580723580476,hold
2025-08-20,-1,-1,0.0013252889742787,-0.0013252889742787,0.4533564467299666,hold
2025-08-21,-1,-1,-0.0085174820600987,0.0085174820600987,0.4572179021318192,hold
2025-08-22,0,-1,0.0039264173509054,-0.0039264173509054,0.45542267382774426,hold
2025-08-25,-1,-1,-0.0102411798720348,0.0102411798720348,0.4600867393482172,hold
2025-08-26,0,-1,-0.0085444301039235,0.0085444301039235,0.4640179183343201,hold
2025-08-28,0,-1,-0.0030223697933294,0.0030223697933294,0.4654203520742573,hold
2025-08-29,0,-1,0.0081140701746054,-0.0081140701746054,0.4616438986768372,hold
2025-09-01,0,-1,-0.0018457290617897,0.0018457290617897,0.46249596823682293,hold
2025-09-02,-1,-1,0.005510715147017,-0.005510715147017,0.459947284699226,hold
2025-09-03,-1,-1,0.0007788776228048,-0.0007788776228048,0.45958904205150397,hold
2025-09-04,-1,-1,0.0002708473067116,-0.0002708473067116,0.45946456359727017,hold
2025-09-05,0,-1,0.0012994782193525,-0.0012994782193525,0.4588674994043112,hold
2025-09-08,0,-1,0.0038529301782352,-0.0038529301782352,0.457099514968045,hold
2025-09-09,0,-1,0.0042020862308871,-0.0042020862308871,0.4551787433900526,hold
2025-09-10,0,-1,0.0012974116602184,-0.0012974116602184,0.45458818918089483,hold
2025-09-11,0,-1,0.0043390454100098,-0.0043390454100098,0.4526157103851848,hold
2025-09-12,0,-1,-0.0017838966811339,0.0017838966811339,0.45342313004876994,hold
2025-09-15,-1,-1,0.0067772563910986,-0.0067772563910986,0.450350165242775,hold
2025-09-16,0,-1,0.0036114755294653,-0.0036114755294653,0.44872373664131004,hold
2025-09-17,-1,-1,0.0036853015416349,-0.0036853015416349,0.44707005436289765,hold
2025-09-18,-1,-1,-0.0037976065391384,0.0037976065391384,0.4487678505247991,hold
2025-09-19,-1,-1,-0.0049236357186648,0.0049236357186648,0.4509774199430315,hold
2025-09-22,-1,-1,-0.001303434397354,0.001303434397354,0.45156523942461513,hold
2025-09-23,-1,-1,-0.0044736530076083,0.0044736530076083,0.45358538561609846,hold
2025-09-24,-1,-1,-0.0066269482123226,0.0066269482123226,0.45659127247644277,hold
2025-09-25,-1,-1,-0.0094874379272315,0.0094874379272315,0.46092315383217863,hold
2025-09-26,0,-1,-0.0008030448049409,0.0008030448049409,0.4612932957763406,hold
2025-09-29,-1,-1,-0.0009661407544825,0.0009661407544825,0.4617389700291597,hold
2025-09-30,-1,-1,0.0091503904924759,-0.0091503904924759,0.45751387814779926,hold
2025-10-01,0,-1,0.0023332467769816,-0.0023332467769816,0.4564463853661866,hold
2025-10-03,-1,-1,0.0073671787912872,-0.0073671787912872,0.4530836632365571,hold
2025-10-06,0,-1,0.0012222193924698,-0.0012222193924698,0.4525298955969381,hold
2025-10-07,-1,-1,-0.0024752925801897,0.0024752925801897,0.45365003948982324,hold
2025-10-08,0,-1,0.0054160175719368,-0.0054160175719368,0.45119306290443656,hold
2025-10-09,1,1,0.004112050167679,0.004112050167679,0.4528227948829562,flip
2025-10-10,0,1,-0.0022938183927065,-0.0022938183927065,0.4517841016274169,hold
2025-10-13,0,1,-0.0032444791324643,-0.0032444791324643,0.4503182975373076,hold
2025-10-14,-1,-1,0.0070808208725219,-0.0070808208725219,0.4469045151880583,flip
2025-10-15,0,-1,0.0103362282114798,-0.0103362282114798,0.4422852081303338,hold
2025-10-16,0,-1,0.0048679837376106,-0.0048679837376106,0.44013217092976964,hold
2025-10-17,0,-1,0.0051848137299641,-0.0051848137299641,0.437850167606934,hold
2025-10-20,-1,-1,0.0009847568259027,-0.0009847568259027,0.43741899166566045,hold
2025-10-21,-1,-1,0.0008814076368377,-0.0008814076368377,0.4370334472259085,hold
2025-10-23,-1,-1,-0.0037174505259611,0.0037174505259611,0.43865809744416107,hold
2025-10-24,-1,-1,0.0066252915000297,-0.0066252915000297,0.43575185967974506,hold
2025-10-27,0,-1,-0.001149638146805,0.001149638146805,0.4362528166401741,hold
2025-10-28,-1,-1,0.0045381040946781,-0.0045381040946781,0.4342730559466645,hold
2025-10-29,-1,-1,-0.00675717564781,0.00675717564781,0.43720751526480733,hold
2025-10-30,-1,-1,-0.0060186608373972,0.0060186608373972,0.4398389190147473,hold
2025-10-31,0,-1,0.0016036793506921,-0.0016036793506921,0.43913355842269264,hold
2025-11-03,-1,-1,-0.0064315867797603,0.0064315867797603,0.4419578840115931,hold
2025-11-04,-1,-1,-0.0034359080045569,0.0034359080045569,0.4434764106429456,hold
2025-11-06,-1,-1,-0.0006820322478444,0.0006820322478444,0.4437788758561624,hold
2025-11-07,-1,-1,0.0032185728871263,-0.0032185728871263,0.44235054119845235,hold
2025-11-10,-1,-1,0.0047156471705849,-0.0047156471705849,0.4402645721204432,hold
2025-11-11,1,1,0.0070384090258497,0.0070384090258497,0.44314320197255735,flip
2025-11-12,0,1,0.0001294494962036,0.0001294494962036,0.44320056663679874,hold
2025-11-13,0,1,0.0011940264714482,0.0011940264714482,0.443729759845524,hold
2025-11-14,0,1,0.0039906690408659,0.0039906690408659,0.4455005384606504,hold
2025-11-17,0,1,-0.0039748069020186,-0.0039748069020186,0.44372975984552404,hold
2025-11-18,0,1,0.0055036406751542,0.0055036406751542,0.4461718890005863,hold
2025-11-19,0,1,0.0053545415882216,0.0053545415882216,0.44856093493573534,hold
2025-11-20,0,1,-0.0047342428227803,-0.0047342428227803,0.4464373385489362,hold
2025-11-21,-1,-1,-0.004167936312968,0.004167936312968,0.4480748422744647,flip
2025-11-24,-1,-1,-0.002877529180069,0.002877529180069,0.44936419070796424,hold
2025-11-25,-1,-1,0.0123817835303625,-0.0123817835303625,0.4438002605723217,hold
2025-11-26,0,-1,0.0003911422381892,-0.0003911422381892,0.4436266715450925,hold
2025-11-27,-1,-1,-0.0004806903583736,0.0004806903583736,0.4438399186088216,hold
2025-11-28,-1,-1,-0.0010380212747401,0.0010380212747401,0.4443006338869165,hold
2025-12-01,-1,-1,-0.0054841133969418,0.0054841133969418,0.4467372289454855,hold
2025-12-02,-1,-1,-0.0017746951904364,0.0017746951904364,0.447530051357084,hold
2025-12-03,-1,-1,0.0018375278996383,-0.0018375278996383,0.4467077024017888,hold
2025-12-04,-1,-1,0.0058654330916598,-0.0058654330916598,0.44408756826182205,hold
2025-12-05,0,-1,-0.0086265394598917,0.0086265394598917,0.44791850719308,hold
2025-12-08,0,-1,-0.0046570811090926,0.0046570811090926,0.4500045000113419,hold
2025-12-09,1,1,-0.0031598875909956,-0.0031598875909956,0.4483575341258582,flip
2025-12-10,1,1,0.0054565875164998,0.0054565875164998,0.450804036249498,hold
2025-12-11,1,1,0.0057299900196514,0.0057299900196514,0.45338713887802623,hold
2025-12-12,1,1,-0.0007543469807149,-0.0007543469807149,0.4530451276587186,hold
2025-12-15,-1,-1,-0.0064240688375742,0.0064240688375742,0.45572899818149654,flip
2025-12-16,-1,-1,-0.0016066770334456,0.0016066770334456,0.4564612074963499,hold
2025-12-17,-1,-1,-0.0001161955225689,0.0001161955225689,0.4565142462448873,hold
2025-12-18,1,1,0.0058433620360547,0.0058433620360547,0.4589535671371904,flip
2025-12-19,0,1,0.0079333291061156,0.0079333291061156,0.46259459682971543,hold
2025-12-22,0,1,0.0001814888939914,0.0001814888939914,0.4626785526114605,hold
2025-12-23,1,1,-0.0013389838361685,-0.0013389838361685,0.46205903350817196,hold
2025-12-24,1,1,-0.003817552133005,-0.003817552133005,0.4602950990592286,hold
2025-12-26,0,1,-0.0038476313101776,-0.0038476313101776,0.458524053224167,hold
2025-12-29,0,1,-0.0001252789885528,-0.0001252789885528,0.45846660979455195,hold
2025-12-30,0,1,0.007353834224439,0.007353834224439,0.4618380972404217,hold
2025-12-31,1,1,0.0006487344669803,0.0006487344669803,0.4621377075322662,hold
2026-01-01,-1,-1,0.0069607651702385,-0.0069607651702385,0.45868980662005565,flip
2026-01-02,0,-1,-0.002972058760474,0.002972058760474,0.4600530596781609,hold
2026-01-05,1,1,-0.0027276473171363,-0.0027276473171363,0.4585681706543504,flip
