date,signal,position,market_return,pnl,equity,action
2020-01-01,0,0,0.0081838863379848,0.0,1.0,hold
2020-01-02,0,0,-0.0045227893866035,-0.0,1.0,hold
2020-01-03,0,0,-0.0191058530729412,-0.0,1.0,hold
2020-01-06,0,0,0.0049945920012428,0.0,1.0,hold
2020-01-07,1,1,-0.0022899444111396,-0.0022899444111396,0.9972100555888604,enter
2020-01-08,-1,-1,0.0158457581226116,-0.0158457581226116,0.9804112961949745,flip
2020-01-09,1,1,0.0033480474426501,0.0033480474426501,0.9827133484317505,flip
2020-01-10,0,1,0.0059354808073293,0.0059354808073293,0.9885462246504735,hold
2020-01-13,1,1,0.0026562202609821,0.0026562202609821,0.9911720211613074,hold
2020-01-14,1,1,-0.0015369308543056,-0.0015369308543056,0.9896486583000601,hold
2020-01-15,0,1,0.0009884063018437,0.0009884063018437,0.990626833270535,hold
2020-01-16,0,1,-0.0002549788049855,-0.0002549788049855,0.9903742444244011,hold
2020-01-17,0,1,-0.0103461939411514,-0.0103461939411514,0.980127640417265,hold
2020-01-20,0,1,-0.0044746183856623,-0.0044746183856623,0.975741943257158,hold
2020-01-21,1,1,-0.0051725551893021,-0.0051725551893021,0.9706948642051434,hold
2020-01-22,1,1,0.0060667236352978,0.0060667236352978,0.976583801680479,hold
2020-01-23,1,1,0.0055745847042631,0.0055745847042631,0.9820278508037582,hold
2020-01-24,1,1,-0.0105525279121506,-0.0105525279121506,0.9716649744976423,hold
2020-01-27,0,1,-0.0052149678449129,-0.0052149678449129,0.966597772899609,hold
2020-01-28,0,1,0.0061132563999481,0.0061132563999481,0.9725068329209632,hold
2020-01-29,1,1,-0.007724984155365,-0.007724984155365,0.9649942330456645,hold
2020-01-30,0,1,-0.0061234148547233,-0.0061234148547233,0.9590851730243103,hold
2020-01-31,0,1,-0.0212503847193161,-0.0212503847193161,0.9387042441189519,hold
2020-02-03,0,1,0.0232108226866707,0.0232108226866707,0.9604923418844222,hold
2020-02-04,1,1,0.0091405004678344,0.0091405004678344,0.9692717225847682,hold
2020-02-05,1,1,0.0040366612301674,0.0040366612301674,0.9731843441688238,hold
2020-02-06,0,1,-0.0032625431230384,-0.0032625431230384,0.9700092882793072,hold
2020-02-07,1,1,-0.0055255147630383,-0.0055255147630383,0.9646494876366356,hold
2020-02-10,1,1,0.0063500303889789,0.0063500303889789,0.9707750411978412,hold
2020-02-11,1,1,0.0077056964194832,0.0077056964194832,0.9782555389569231,hold
2020-02-12,0,1,-0.0021759994314084,-0.0021759994314084,0.9761268554603807,hold
2020-02-13,1,1,-0.0050268544351488,-0.0050268544351488,0.9712200078477418,hold
2020-02-14,0,1,-0.0055847334602637,-0.0055847334602637,0.9657960029726369,hold
2020-02-17,0,1,-0.0044247626186481,-0.0044247626186481,0.9615225849214438,hold
2020-02-18,1,1,0.011123651500938,0.011123651500938,0.9722182270663912,hold
2020-02-19,1,1,-0.0037152524595064,-0.0037152524595064,0.9686061909071058,hold
2020-02-20,1,1,-0.0208138687990014,-0.0208138687990014,0.9484457487316648,hold
2020-02-24,0,1,-0.0026628568617023,-0.0026628568617023,0.9459201734617022,hold
2020-02-25,0,1,-0.0101204779385897,-0.0101204779385897,0.9363470092145161,hold
2020-02-26,0,1,-0.0038703767874727,-0.0038703767874727,0.9327229934850327,hold
2020-02-27,1,1,-0.0370960786649383,-0.0370960786649383,0.8981226279461152,hold
2020-02-28,0,1,-0.0061597518244916,-0.0061597518244916,0.892590415450007,hold
2020-03-02,1,1,0.0153196474085468,0.0153196474085468,0.9062645858949494,hold
2020-03-03,-1,-1,-0.0046269501465237,0.0046269501465237,0.9095515623675504,flip
2020-03-04,1,1,0.0015998577904186,0.0015998577904186,0.9100971639580241,flip
2020-03-05,-1,-1,-0.0248069753028219,0.0248069753028219,0.9317638246635411,flip
2020-03-06,0,-1,-0.0489560433359516,0.0489560433359516,0.9773792948426414,hold
2020-03-09,0,-1,0.0006649981756232,-0.0006649981756232,0.9767293393946792,hold
2020-03-11,0,-1,-0.0830193880106471,0.0830193880106471,1.057816811403269,hold
2020-03-12,0,-1,0.0380650761268936,-0.0380650761268936,1.0175509339488957,hold
2020-03-13,0,-1,-0.0761210010667908,0.0761210010667908,1.0950079296775335,hold
2020-03-16,0,-1,-0.0250451840905282,0.0250451840905282,1.1224326048568953,hold
2020-03-17,0,-1,-0.055564540272715,0.055564540272715,1.1848000565328747,hold
2020-03-18,0,-1,-0.0242477817531284,0.0242477817531284,1.213528829724778,hold
2020-03-19,0,-1,0.0583291468584656,-0.0583291468584656,1.1427447283987795,hold
2020-03-20,-1,-1,-0.1298046607047124,0.1298046607047124,1.2910783201406817,hold
2020-03-23,0,-1,0.0250714240251634,-0.0250714240251634,1.258709148126739,hold
2020-03-24,0,-1,0.0662474689466749,-0.0662474689466749,1.1753228529233173,hold
2020-03-25,0,-1,0.0389043564303894,-0.0389043564303894,1.1295976737324065,hold
2020-03-26,1,1,0.0021755381634551,0.0021755381634551,1.1309255589072293,flip
2020-03-27,1,1,-0.0437805364308189,-0.0437805364308189,1.081413031274947,hold
2020-03-30,-1,-1,0.0382377227133605,-0.0382377227133605,1.038980846615166,flip
2020-03-31,-1,-1,-0.0400046750966822,0.0400046750966822,1.0805449378156815,hold
2020-04-01,0,-1,-0.0205965741867707,0.0205965741867707,1.1028004617895417,hold
2020-04-03,1,1,0.0876321046711503,0.0876321046711503,1.1983383868266864,flip
2020-04-07,1,1,-0.0049419024075071,-0.0049419024075071,1.1924163154678193,hold
2020-04-08,-1,-1,0.0415088316188025,-0.0415088316188025,1.141728091094085,flip
2020-04-09,-1,-1,-0.0129556707370791,0.0129556707370791,1.1565199443135739,hold
2020-04-13,-1,-1,-0.0076218535626885,0.0076218535626885,1.1653347699714605,hold
2020-04-15,-1,-1,0.0075627711647903,-0.0075627711647903,1.1565216097757927,hold
2020-04-16,-1,-1,0.0304632818768748,-0.0304632818768748,1.1212901659804957,hold
2020-04-17,-1,-1,-0.0005288143766692,0.0005288143766692,1.121883120340684,hold
2020-04-20,-1,-1,-0.0302746671440956,0.0302746671440956,1.1558477583835776,hold
2020-04-21,-1,-1,0.0229194177887257,-0.0229194177887257,1.1293564007090222,hold
2020-04-22,-1,-1,0.0137799558770148,-0.0137799558770148,1.1137939193378277,hold
2020-04-23,-1,-1,-0.0171249415723349,0.0171249415723349,1.1328675751301098,hold
2020-04-24,-1,-1,0.0139713589754586,-0.0139713589754586,1.1170398755663098,hold
2020-04-27,-1,-1,0.0106224306488902,-0.0106224306488902,1.1051741969560618,hold
2020-04-28,-1,-1,0.0183830135241964,-0.0183830135241964,1.0848577647468256,hold
2020-04-29,-1,-1,0.032088303452139,-0.032088303452139,1.0500465195892204,hold
2020-04-30,-1,-1,-0.057444839013135,0.057444839013135,1.110366272863326,hold
2020-05-04,-1,-1,-0.0094582655216011,0.0094582655216011,1.120868411898298,hold
2020-05-05,0,-1,0.0070935934671216,-0.0070935934671216,1.112917427054153,hold
2020-05-06,-1,-1,-0.0077501195040513,0.0077501195040513,1.121542670111964,hold
2020-05-07,1,1,0.0057016970693835,0.0057016970693835,1.1268158239972181,flip
2020-05-08,0,1,-0.0013294930214019,-0.0013294930214019,1.1253177302228086,hold
2020-05-11,1,1,-0.0046162427183511,-0.0046162427183511,1.120122990444836,hold
2020-05-12,1,1,0.0203337125303977,0.0203337125303977,1.1428992493312307,hold
2020-05-13,1,1,-0.0256619093732747,-0.0256619093732747,1.1135702723721088,hold
2020-05-14,0,1,-0.0006453627874545,-0.0006453627874545,1.1128516155571042,hold
2020-05-15,1,1,-0.0343225097032598,-0.0343225097032598,1.0746557551838571,hold
2020-05-18,0,1,0.0063298228402233,0.0063298228402233,1.0814581357283974,hold
2020-05-19,0,1,0.021111396826158,0.021111396826158,1.1042892275826368,hold
2020-05-20,0,1,0.0043787544510012,0.0043787544510012,1.109124638953107,hold
2020-05-21,0,1,-0.0073575840768702,-0.0073575840768702,1.1009641611702814,hold
2020-05-22,1,1,-0.0011284338094974,-0.0011284338094974,1.0997217959877719,hold
2020-05-26,-1,-1,0.0316645047717616,-0.0316645047717616,1.063799928135119,flip
2020-05-27,0,-1,0.0188030435364687,-0.0188030435364687,1.043797251772302,hold
2020-05-28,0,-1,0.0095046626511057,-0.0095046626511057,1.0338763110180549,hold
2020-05-29,0,-1,0.0256620973194605,-0.0256620973194605,1.0073448765084247,hold
2020-06-01,0,-1,0.0155655279707429,-0.0155655279707429,0.9916650216569483,hold
2020-06-02,-1,-1,0.0082622880359908,-0.0082622880359908,0.9834715996128015,hold
2020-06-03,-1,-1,-0.0032251686810099,0.0032251686810099,0.9866434614145354,hold
2020-06-04,-1,-1,0.0112722762414605,-0.0112722762414605,0.9755217437656399,hold
2020-06-05,-1,-1,0.0024945207587225,-0.0024945207587225,0.9730882845252314,hold
2020-06-08,-1,-1,-0.0118810323499978,0.0118810323499978,0.9846495779130796,hold
2020-06-09,-1,-1,0.0069177285262014,-0.0069177285262014,0.9778380394396381,hold
2020-06-10,-1,-1,-0.021169158460066,0.021169158460066,0.998538047844816,hold
2020-06-11,-1,-1,0.0071602091117954,-0.0071602091117954,0.9913883066161632,hold
2020-06-12,-1,-1,-0.0159632793948444,0.0159632793948444,1.0072141151434586,hold
2020-06-15,-1,-1,0.010220386061458,-0.010220386061458,0.9969199980401426,hold
2020-06-16,-1,-1,-0.0033134566648174,0.0033134566648174,1.0002232492519385,hold
2020-06-17,0,-1,0.0213031875518985,-0.0213031875518985,0.9789153057793551,hold
2020-06-18,-1,-1,0.0151362754442923,-0.0151362754442923,0.9640981740744452,hold
2020-06-19,-1,-1,0.0065206163504338,-0.0065206163504338,0.957811659757152,hold
2020-06-22,-1,-1,0.0154976919912916,-0.0154976919912916,0.9429677896685679,hold
2020-06-23,-1,-1,-0.0158246772335498,0.0158246772335498,0.9578899505817068,hold
2020-06-24,0,-1,-0.0015913572989929,0.0015913572989929,0.959414295746197,hold
2020-06-25,0,-1,0.0091457401473864,-0.0091457401473864,0.9506397419036144,hold
2020-06-26,0,-1,-0.0067995386087835,0.0067995386087835,0.9571036535317321,hold
2020-06-29,1,1,-0.0009988732845714,-0.0009988732845714,0.9551905246081218,flip
2020-06-30,1,1,0.0124198173347171,0.0124198173347171,0.9670538164436073,hold
2020-07-01,1,1,0.0116634525148986,0.0116634525148986,0.9783330027110488,hold
2020-07-02,0,1,0.0052739760448483,0.0052739760448483,0.9834927075312315,hold
2020-07-03,0,1,0.014735139974255,0.014735139974255,0.9979846102403632,hold
2020-07-06,1,1,0.0033445902359812,0.0033445902359812,1.0013224598234327,hold
2020-07-07,-1,-1,-0.008694762073642,0.008694762073642,1.009027397910768,flip
2020-07-08,-1,-1,0.0100600327219018,-0.0100600327219018,0.9988765492704902,hold
2020-07-09,-1,-1,-0.0041985110954393,0.0041985110954393,1.0030703435455763,hold
2020-07-10,-1,-1,0.0032178891492418,-0.0032178891492418,0.9998425743711548,hold
2020-07-13,-1,-1,-0.0180834960154004,0.0180834960154004,1.017923223580823,hold
2020-07-14,-1,-1,0.0010229309240368,-0.0010229309240368,1.016881958437127,hold
2020-07-15,-1,-1,0.0114661616621005,-0.0114661616621005,1.0052222255104135,hold
2020-07-16,0,-1,0.0150605912558696,-0.0150605912558696,0.9900829844506857,hold
2020-07-17,1,1,0.0110533217609316,0.0110533217609316,1.000036607263392,flip
2020-07-20,1,1,0.0127061568657644,0.0127061568657644,1.0127432292667875,hold
2020-07-21,1,1,-0.0026563094918139,-0.0026563094918139,1.010053069814116,hold
2020-07-22,1,1,0.0074421598588463,0.0074421598588463,1.017570046225591,hold
2020-07-23,0,1,-0.0018991484351116,-0.0018991484351116,1.0156375296646851,hold
2020-07-24,0,1,-0.0055699256988469,-0.0055699256988469,1.0099805040874925,hold
2020-07-27,1,1,0.0151592736988444,0.0151592736988444,1.0252910749794517,hold
2020-07-28,1,1,-0.0086456143286032,-0.0086456143286032,1.0164268037706203,hold
2020-07-29,1,1,-0.0089887146807479,-0.0089887146807479,1.0072904332376618,hold
2020-07-30,1,1,-0.0025851023723058,-0.0025851023723058,1.0046864843490981,hold
2020-07-31,0,1,-0.0164222155452939,-0.0164222155452939,0.9881873063476737,hold
2020-08-03,0,1,0.0186979321613793,0.0186979321613793,1.0066643655644987,hold
2020-08-04,0,1,0.0005768586219327,0.0005768586219327,1.007245068583167,hold
2020-08-05,-1,-1,0.0088725546683743,-0.0088725546683743,0.9973009865791294,flip
2020-08-06,0,-1,0.001241002448872,-0.001241002448872,0.9960633336125222,hold
2020-08-07,-1,-1,0.005002705259437,-0.005002705259437,0.9910803223347264,hold
2020-08-10,0,-1,0.0046449787767293,-0.0046449787767293,0.9864767752714476,hold
2020-08-11,0,-1,-0.0012452735151247,0.0012452735151247,0.9877052086729787,hold
2020-08-12,-1,-1,-0.000703034473301,0.000703034473301,0.9883995994841348,hold
2020-08-13,-1,-1,-0.0108004373788689,0.0108004373788689,0.9990747474636622,hold
2020-08-14,0,-1,0.0061457110453491,-0.0061457110453491,0.9929347227530454,hold
2020-08-17,0,-1,0.0122920579350753,-0.0122920579350753,0.980729511615217,hold
2020-08-18,1,1,0.0020246002135075,0.0020246002135075,0.9817343672822113,flip
2020-08-19,0,1,-0.008432399987605,-0.008432399987605,0.9734559904157094,hold
2020-08-20,-1,-1,0.0052509160938571,-0.0052509160938571,0.9673709986985582,flip
2020-08-21,0,-1,0.0083410064718865,-0.0083410064718865,0.9593021509376982,hold
2020-08-24,1,1,0.0005058064691958,0.0005058064691958,0.9588280700206183,flip
2020-08-25,0,1,0.0067423225064831,0.0067423225064831,0.9652927980969661,hold
2020-08-26,0,1,0.0008355606212675,0.0008355606212675,0.9660993587470491,hold
2020-08-27,0,1,0.0076431956549949,0.0076431956549949,0.9734834451681179,hold
2020-08-28,0,1,-0.0223307478019462,-0.0223307478019462,0.9517448318646989,hold
2020-08-31,-1,-1,0.0072667398463226,-0.0072667398463226,0.9438770049395914,flip
2020-09-01,1,1,0.0056450382511279,0.0056450382511279,0.9482613497318959,flip
2020-09-02,1,1,-0.0006545127600779,-0.0006545127600779,0.9476407005786077,hold
2020-09-03,-1,-1,-0.0167947449485598,0.0167947449485598,0.9626084437471214,flip
2020-09-04,0,-1,0.0018705202595032,-0.0018705202595032,0.9608078651511236,hold
2020-09-07,-1,-1,-0.0033201259317187,0.0033201259317187,0.963997868259611,hold
2020-09-08,1,1,-0.0034769279675166,-0.0034769279675166,0.9596821192425731,flip
2020-09-09,0,1,0.0151844298634509,0.0151844298634509,0.9742543450734199,hold
2020-09-10,1,1,0.0013276149365679,0.0013276149365679,0.9755477796939556,hold
2020-09-11,-1,-1,-0.0021283524468515,0.0021283524468515,0.9766485414181938,flip
2020-09-14,0,-1,0.0071459479106903,-0.0071459479106903,0.9696694618141677,hold
2020-09-15,0,-1,0.0071820376506051,-0.0071820376506051,0.9627052592307763,hold
2020-09-16,0,-1,-0.0076220272911209,0.0076220272911209,0.970043024989939,hold
2020-09-17,-1,-1,-0.0009681588767627,0.0009681588767627,0.9709821807554248,hold
2020-09-18,-1,-1,-0.0221122548386738,0.0221122548386738,0.9924527861801,hold
2020-09-21,0,-1,-0.0086128603263573,0.0086128603263573,1.0010006434079735,hold
2020-09-22,0,-1,-0.0019545871070447,0.0019545871070447,1.0029571863597222,hold
2020-09-23,-1,-1,-0.0293122720965164,0.0293122720965164,1.0323561403074548,hold
2020-09-24,0,-1,0.0226457884823545,-0.0226457884823545,1.0089776215155923,hold
2020-09-25,0,-1,0.0160448681873712,-0.0160448681873712,0.9927887085743674,hold
2020-09-28,1,1,-0.0004586409458945,-0.0004586409458945,0.991340586313419,flip
2020-09-29,-1,-1,0.0022410013176423,-0.0022410013176423,0.988127650166945,flip
2020-09-30,-1,-1,0.0150610927327836,-0.0150610927327836,0.9732453679959532,hold
2020-10-01,0,-1,0.0075676439490797,-0.0075676439490797,0.9658801935758687,hold
2020-10-05,0,-1,0.0138264754746197,-0.0138264754746197,0.9525254747679711,hold
2020-10-06,0,-1,0.0065551872847253,-0.0065551872847253,0.9462814918873952,hold
2020-10-07,0,-1,0.0081566766068399,-0.0081566766068399,0.9385629797790317,hold
2020-10-08,1,1,0.0067260903253916,0.0067260903253916,0.9439372761773153,flip
2020-10-09,0,1,0.0014058853909966,0.0014058853909966,0.9452643438039101,hold
2020-10-12,-1,-1,0.0002975290843887,-0.0002975290843887,0.9440378358253889,flip
2020-10-13,-1,-1,0.0030625333853533,-0.0030625333853533,0.9411466884361369,hold
2020-10-14,-1,-1,-0.0242836008583533,0.0242836008583533,0.9640011189672811,hold
2020-10-15,-1,-1,0.007028949362235,-0.007028949362235,0.9572252039169222,hold
2020-10-16,-1,-1,0.0094027696218492,-0.0094027696218492,0.9482246358482638,hold
2020-10-19,0,-1,0.0020003285078973,-0.0020003285078973,0.9463278750772859,hold
2020-10-20,0,-1,0.0034337457642519,-0.0034337457642519,0.9430784257446457,hold
2020-10-21,-1,-1,-0.0034512817819539,0.0034512817819539,0.9463332551343719,hold
2020-10-22,0,-1,0.0028495402835257,-0.0028495402835257,0.9436366404022266,hold
2020-10-23,-1,-1,-0.0136290733045432,0.0136290733045432,0.9564975333471214,hold
2020-10-26,0,-1,0.0103376083469652,-0.0103376083469652,0.9466096364625406,hold
2020-10-27,1,1,-0.0134406089457635,-0.0134406089457635,0.9329400168780937,flip
2020-10-28,0,1,-0.0050129421843609,-0.0050129421843609,0.9282632425120071,hold
2020-10-29,1,1,-0.0024333734223676,-0.0024333734223676,0.9260044314087176,hold
2020-10-30,0,1,0.0022976361491175,0.0022976361491175,0.9281320526645653,hold
2020-11-02,1,1,0.0123701901631991,0.0123701901631991,0.9396132226525864,hold
2020-11-03,-1,-1,0.008041647267956,-0.008041647267956,0.9311175713250543,flip
2020-11-04,0,-1,0.0177855989156905,-0.0177855989156905,0.914557087658115,hold
2020-11-05,0,-1,0.0118190145712895,-0.0118190145712895,0.9037479241128077,hold
2020-11-06,0,-1,0.0161046355374614,-0.0161046355374614,0.8891933931772336,hold
2020-11-09,0,-1,0.0136465071043638,-0.0136465071043638,0.8770590092200871,hold
2020-11-10,0,-1,0.0093460415087203,-0.0093460415087203,0.868861979314319,hold
2020-11-11,-1,-1,-0.0045768215253314,0.0045768215253314,0.8728386055237868,hold
2020-11-12,-1,-1,0.0022969703307613,-0.0022969703307613,0.8708337211433557,hold
2020-11-13,-1,-1,0.0121266198083733,-0.0121266198083733,0.8602734516907392,hold
2020-11-17,-1,-1,0.0049750511655721,-0.0049750511655721,0.8559935472521945,hold
2020-11-18,0,-1,-0.0128726686134137,0.0128726686134137,0.8670124685211925,hold
2020-11-19,0,-1,0.0068393094137191,-0.0068393094137191,0.8610827019834236,hold
2020-11-20,-1,-1,0.005241475198302,-0.005241475198302,0.8565693583572906,hold
2020-11-23,-1,-1,0.0099563448098976,-0.0099563448098976,0.8480410584718927,hold
2020-11-24,-1,-1,-0.0150706804680923,0.0150706804680923,0.8608216142879453,hold
2020-11-25,0,-1,0.0100012136399767,-0.0100012136399767,0.852212353417542,hold
2020-11-26,-1,-1,-0.0013898363507738,0.0013898363507738,0.8533967891249002,hold
2020-11-27,-1,-1,0.0108026946873185,-0.0108026946873185,0.844177804164846,hold
2020-12-01,-1,-1,0.0003585458429504,-0.0003585458429504,0.8438751277224518,hold
2020-12-02,-1,-1,0.00153658492994,-0.00153658492994,0.8425784419184422,hold
2020-12-03,-1,-1,0.0094906623588735,-0.0094906623588735,0.8345818144153285,hold
2020-12-04,-1,-1,0.0073311332494399,-0.0073311332494399,0.8284633839262904,hold
2020-12-07,0,-1,0.0027853318093331,-0.0027853318093331,0.8261558385101728,hold
2020-12-08,0,-1,0.0101657522858669,-0.0101657522858669,0.8177573429063557,hold
2020-12-09,0,-1,-0.0037548548058806,0.0037548548058806,0.8208279029954118,hold
2020-12-10,1,1,0.0026375585350264,0.0026375585350264,0.8221720567337498,flip
2020-12-11,0,1,0.0032781762806703,0.0032781762806703,0.8248672816687644,hold
2020-12-14,-1,-1,0.0007153791977927,-0.0007153791977927,0.82345232149285,flip
2020-12-15,-1,-1,0.008464907059269,-0.008464907059269,0.8164818741236737,hold
2020-12-16,-1,-1,0.0042389293905504,-0.0042389293905504,0.8130208651105992,hold
2020-12-17,0,-1,0.0014445849987885,-0.0014445849987885,0.8118463873651584,hold
2020-12-18,-1,-1,-0.0314049525779333,0.0314049525779333,0.8373423846609275,hold
2020-12-21,0,-1,0.0103462838766079,-0.0103462838766079,0.8286790026473098,hold
2020-12-22,-1,-1,0.0100101591857162,-0.0100101591857162,0.8203837939169496,hold
2020-12-23,1,1,0.0108925303747413,0.0108925303747413,0.8284994655172186,flip
2020-12-24,0,1,0.0090150513891666,0.0090150513891666,0.8359684307747535,hold
2020-12-28,0,1,0.0042815942411449,0.0042815942411449,0.8395477083937376,hold
2020-12-29,0,1,0.0035420946069744,0.0035420946069744,0.8425214658039368,hold
2020-12-30,-1,-1,-1.4318125132972703e-05,1.4318125132972703e-05,0.8416910076659075,flip
2020-12-31,0,-1,0.0026284263414808,-0.0026284263414808,0.839478684849971,hold
2021-01-01,-1,-1,0.0081606727271106,-0.0081606727271106,0.8326279740415251,hold
2021-01-04,0,-1,0.0047123808655142,-0.0047123808655142,0.82870431390856,hold
2021-01-05,0,-1,-0.0037501320469031,0.0037501320469031,0.8318120645135554,hold
2021-01-06,1,1,-0.000629169612088,-0.000629169612088,0.8304569015750817,flip
2021-01-07,-1,-1,0.014847223590326,-0.014847223590326,0.817296465373692,flip
2021-01-08,-1,-1,0.0095837181341371,-0.0095837181341371,0.8094637264175241,hold
2021-01-11,0,-1,0.0054333140242324,-0.0054333140242324,0.8050656558006724,hold
2021-01-12,0,-1,9.609083312889231e-05,-9.609083312889231e-05,0.804988296371083,hold
2021-01-13,-1,-1,0.002111247340323,-0.002111247340323,0.8032887669713785,hold
2021-01-14,-1,-1,-0.0110923441582015,0.0110923441582015,0.8121991224330425,hold
2021-01-15,0,-1,-0.0105586501425666,0.0105586501425666,0.8207748488129125,hold
2021-01-18,0,-1,0.0167947308170628,-0.0167947308170628,0.8069901561656841,hold
2021-01-19,-1,-1,0.008508265623863,-0.008508265623863,0.8001240695611839,hold
2021-01-20,-1,-1,-0.0037112802046228,0.0037112802046228,0.8030935541817886,hold
2021-01-21,0,-1,-0.0149721716475961,0.0149721716475961,0.8151176087240763,hold
2021-01-22,0,-1,-0.0092541693433081,0.0092541693433081,0.8226608451099213,hold
2021-01-25,0,-1,-0.0190604880418779,0.0190604880418779,0.8383411623106601,hold
2021-01-27,0,-1,-0.0107356502819043,0.0107356502819043,0.8473412998461525,hold
2021-01-28,0,-1,-0.0132404223540728,0.0132404223540728,0.8585604565341646,hold
2021-01-29,0,-1,0.0474235111013383,-0.0474235111013383,0.8178445051925465,hold
2021-02-01,-1,-1,0.0256735714819573,-0.0256735714819573,0.7968475158273597,hold
2021-02-02,-1,-1,0.0097011226717231,-0.0097011226717231,0.7891172003256607,hold
2021-02-03,-1,-1,0.0071467580293813,-0.0071467580293813,0.7834775706381104,hold
2021-02-04,0,-1,0.0019199973566108,-0.0019199973566108,0.7819732957735215,hold
2021-02-05,-1,-1,0.0128348027329681,-0.0128348027329681,0.7719368227798195,hold
2021-02-08,-1,-1,-0.0004300136336804,0.0004300136336804,0.7722687661379547,hold
2021-02-09,-1,-1,-0.0001853034041081,0.0001853034041081,0.7724118701692064,hold
2021-02-10,-1,-1,0.0044219246475027,-0.0044219246475027,0.7689963230824816,hold
2021-02-11,0,-1,-0.0006590524229219,0.0006590524229219,0.7695031319724271,hold
2021-02-12,-1,-1,0.0099846598415338,-0.0099846598415338,0.7618199049526875,hold
2021-02-15,-1,-1,-8.162092525865194e-05,8.162092525865194e-05,0.7618820853982101,hold
2021-02-16,-1,-1,-0.0068273186874309,0.0068273186874309,0.767083697197468,hold
2021-02-17,0,-1,-0.0059143128695843,0.0059143128695843,0.7716204701798512,hold
2021-02-18,-1,-1,-0.0090747170630297,0.0090747170630297,0.7786227076267753,hold
2021-02-19,0,-1,-0.0204281745915864,0.0204281745915864,0.7945285482391489,hold
2021-02-22,0,-1,0.0021872625461001,-0.0021872625461001,0.7927907057037781,hold
2021-02-23,-1,-1,0.0186431824578623,-0.0186431824578623,0.7780105639264451,hold
2021-02-24,0,-1,0.0076992130139501,-0.0076992130139501,0.772020494867672,hold
2021-02-25,1,1,-0.0376356932475859,-0.0376356932475859,0.7421929478471152,flip
2021-02-26,0,1,0.0159953891187234,0.0159953891187234,0.7540646128491022,hold
2021-03-01,1,1,0.0106729853417877,0.0106729853417877,0.7621127334088015,hold
2021-03-02,0,1,0.0218846987116321,0.0218846987116321,0.7787913409637515,hold
2021-03-03,0,1,-0.0108129305241382,-0.0108129305241382,0.77037032430111,hold
2021-03-04,0,1,-0.0094591045289524,-0.0094591045289524,0.7630833108775428,hold
2021-03-05,0,1,0.0012117060677612,0.0012117060677612,0.7640079435555405,hold
2021-03-08,-1,-1,0.0095077756017913,-0.0095077756017913,0.7559799195266729,flip
2021-03-09,0,-1,0.0050600998838219,-0.0050600998838219,0.7521545856237042,hold
2021-03-10,0,-1,-0.0094795062357636,0.0094795062357636,0.7592846397083822,hold
2021-03-12,0,-1,-0.006749419963093,0.006749419963093,0.7644093706132999,hold
2021-03-15,0,-1,-0.0012759841044576,0.0012759841044576,0.7653847448195009,hold
2021-03-16,-1,-1,-0.0126857598628687,0.0126857598628687,0.7750942318949842,hold
2021-03-17,1,1,-0.0111029730717429,-0.0111029730717429,0.7657132872782959,flip
2021-03-18,0,1,0.0127869428260285,0.0127869428260285,0.7755044193038538,hold
2021-03-19,0,1,-0.0005154374236977,-0.0005154374236977,0.7751046953039016,hold
2021-03-22,-1,-1,0.0053167399974314,-0.0053167399974314,0.7702085604728786,flip
2021-03-23,0,-1,-0.0179111769942118,0.0179111769942118,0.7840039023219654,hold
2021-03-24,0,-1,-0.0154301891468089,0.0154301891468089,0.7961012308266296,hold
2021-03-25,0,-1,0.0127330319296232,-0.0127330319296232,0.7859644484353019,hold
2021-03-26,-1,-1,0.0232848158675504,-0.0232848158675504,0.7676634109750451,hold
2021-03-30,0,-1,-0.0104006990943323,0.0104006990943323,0.7756476471183253,hold
2021-03-31,0,-1,0.0120245741669184,-0.0120245741669184,0.7663208144581553,hold
2021-04-01,1,1,-0.015439860548026,-0.015439860548026,0.7537226071334134,flip
2021-04-05,0,1,0.0031220672452334,0.0031220672452334,0.7560757797971366,hold
2021-04-06,-1,-1,0.0092314369658119,-0.0092314369658119,0.7483400381147651,flip
2021-04-07,0,-1,0.0036945688638336,-0.0036945688638336,0.7455752443103862,hold
2021-04-08,-1,-1,-0.0026187118170183,0.0026187118170183,0.7475276910131381,hold
2021-04-09,0,-1,-0.0353255893040076,0.0353255893040076,0.7739345472192414,hold
2021-04-12,0,-1,0.0135561955060299,-0.0135561955060299,0.7634429391882666,hold
2021-04-13,0,-1,0.0052844845607746,-0.0052844845607746,0.7594085367630938,hold
2021-04-15,0,-1,0.0024962821650071,-0.0024962821650071,0.757512838776818,hold
2021-04-16,0,-1,-0.0176769785548196,0.0176769785548196,0.7709033769828764,hold
2021-04-19,0,-1,-0.004390823034999,0.004390823034999,0.7742882772882912,hold
2021-04-20,0,-1,0.0076767575754221,-0.0076767575754221,0.7683442538900578,hold
2021-04-22,0,-1,-0.0044981330537942,0.0044981330537942,0.7718003685751734,hold
2021-04-23,0,-1,0.0100165182871698,-0.0100165182871698,0.7640696160692958,hold
2021-04-26,0,-1,0.011601643402658,-0.011601643402658,0.755205152848854,hold
2021-04-27,0,-1,0.014433855260107,-0.014433855260107,0.7443046309809467,hold
2021-04-28,0,-1,0.0020418099664161,-0.0020418099664161,0.7427849023673601,hold
2021-04-29,0,-1,-0.0177108120451774,0.0177108120451774,0.7559402261631838,hold
2021-04-30,0,-1,0.0002085134632017,-0.0002085134632017,0.755782602448653,hold
2021-05-03,-1,-1,-0.0094061074234402,0.0094061074234402,0.7628915747960522,hold
2021-05-04,0,-1,0.0083709591539336,-0.0083709591539336,0.7565054405845544,hold
2021-05-05,0,-1,0.0073164109749706,-0.0073164109749706,0.7509705358764366,hold
2021-05-06,1,1,0.0066792477481554,0.0066792477481554,0.755235483601244,flip
2021-05-07,0,1,0.0080414227481215,0.0080414227481215,0.7613086513992637,hold
2021-05-10,0,1,-0.0061302011912188,-0.0061302011912188,0.7566416761975708,hold
2021-05-11,0,1,-0.0103866808073666,-0.0103866808073666,0.7487826806213558,hold
2021-05-12,0,1,-0.0012724250884564,-0.0012724250884564,0.7478299107527315,hold
2021-05-14,-1,-1,0.0167157604819725,-0.0167157604819725,0.7345815351725813,flip
2021-05-17,0,-1,0.012393443335275,-0.012393443335275,0.7254775405412806,hold
2021-05-18,0,-1,-0.0051594324081388,0.0051594324081388,0.729220592875326,hold
2021-05-19,0,-1,-0.0082567760609306,0.0082567760609306,0.7352416040097167,hold
2021-05-20,0,-1,0.0180631356749747,-0.0180631356749747,0.7219608351626031,hold
2021-05-21,0,-1,0.0014761086049899,-0.0014761086049899,0.7208951425613539,hold
2021-05-24,0,-1,0.0007073438653115,-0.0007073438653115,0.7203852218047303,hold
2021-05-25,-1,-1,0.0061150215048646,-0.0061150215048646,0.7159800506816076,hold
2021-05-26,0,-1,0.0023788211965458,-0.0023788211965458,0.7142768621607424,hold
2021-05-27,1,1,0.006376433707514,0.006376433707514,0.7181171243589608,flip
2021-05-28,0,1,0.0095330880357249,0.0095330880357249,0.7249629981254364,hold
2021-05-31,0,1,-0.0005101904286871,-0.0005101904286871,0.7245931289426405,hold
2021-06-01,-1,-1,8.67158252806366e-05,-8.67158252806366e-05,0.7238057021225289,flip
2021-06-02,-1,-1,0.0073284506253876,-0.0073284506253876,0.71850132777215,hold
2021-06-03,0,-1,-0.0012810173052479,0.0012810173052479,0.7194217404068698,hold
2021-06-04,-1,-1,0.0051945814919991,-0.0051945814919991,0.7156846455492104,hold
2021-06-07,0,-1,-0.0007333060957773,0.0007333060957773,0.7162094614624458,hold
2021-06-08,-1,-1,-0.0066549769442125,0.0066549769442125,0.7209758189157053,hold
2021-06-09,0,-1,0.006549286916079,-0.006549286916079,0.7162539414180713,hold
2021-06-10,0,-1,0.0039141306333496,-0.0039141306333496,0.7134504299247095,hold
2021-06-11,-1,-1,0.0007911718082738,-0.0007911718082738,0.7128859680579522,hold
2021-06-14,-1,-1,0.0036302135450976,-0.0036302135450976,0.7102980397605982,hold
2021-06-15,-1,-1,-0.0064086327528081,0.0064086327528081,0.7148500790424634,hold
2021-06-16,1,1,-0.0048295020472909,-0.0048295020472909,0.7106828590431793,flip
2021-06-17,0,1,-0.0005130696464038,-0.0005130696464038,0.7103182292399848,hold
2021-06-18,-1,-1,0.0040265882096546,-0.0040265882096546,0.7067477520037844,flip
2021-06-21,0,-1,0.0016670371193598,-0.0016670371193598,0.70556957726717,hold
2021-06-22,0,-1,-0.0054397492312691,0.0054397492312691,0.7094076988327158,hold
2021-06-23,0,-1,0.0065978407983298,-0.0065978407983298,0.704727139774708,hold
2021-06-24,0,-1,0.0044266891189239,-0.0044266891189239,0.701607531813257,hold
2021-06-25,0,-1,-0.0028782098242977,0.0028782098242977,0.7036269055041231,hold
2021-06-28,1,1,-0.0041891404314852,-0.0041891404314852,0.6999756866800908,flip
2021-06-29,0,1,-0.0017112919035373,-0.0017112919035373,0.6987778239548023,hold
2021-06-30,-1,-1,-0.002639697229908,0.002639697229908,0.6999236080170622,flip
2021-07-01,1,1,0.0026913389867666,0.0026913389867666,0.7011074161030599,flip
2021-07-02,1,1,0.007133188273225,0.007133188273225,0.7061085473018774,hold
2021-07-05,1,1,-0.0010167521731027,-0.0010167521731027,0.7053906099019619,hold
2021-07-06,0,1,0.0038816171589777,0.0038816171589777,0.7081286661971391,hold
2021-07-07,0,1,-0.0095562557277451,-0.0095562557277451,0.7013616075748121,hold
2021-07-08,0,1,-0.0024224839292732,-0.0024224839292732,0.6996625703518529,hold
2021-07-09,0,1,0.0001784474449868,0.0001784474449868,0.6997874233498851,hold
2021-07-12,1,1,0.0076309854951284,0.0076309854951284,0.7051274910271413,hold
2021-07-13,1,1,0.0026308921169333,0.0026308921169333,0.7069826053847177,hold
2021-07-14,1,1,0.0044310723280038,0.0044310723280038,0.710115296443818,hold
2021-07-15,1,1,-5.0225736783704455e-05,-5.0225736783704455e-05,0.7100796303798527,hold
2021-07-16,1,1,-0.0107389122803617,-0.0107389122803617,0.7024541475171318,hold
2021-07-19,0,1,-0.0076369809214345,-0.0076369809214345,0.6970895185943609,hold
2021-07-20,0,1,0.0122792331234495,0.0122792331234495,0.7056492433010942,hold
2021-07-22,0,1,0.0020222383267853,0.0020222383267853,0.7070762342461648,hold
2021-07-23,0,1,-0.0019929055322251,-0.0019929055322251,0.7056670981072308,hold
2021-07-26,1,1,-0.0049290812026508,-0.0049290812026508,0.7021888076786214,hold
2021-07-27,1,1,-0.0023528988583426,-0.0023528988583426,0.7005366284346934,hold
2021-07-28,0,1,0.0043954449546468,0.0043954449546468,0.7036157986236921,hold
2021-07-29,1,1,-0.0009760394990868,-0.0009760394990868,0.7029290418120538,hold
2021-07-30,-1,-1,0.0077460001364197,-0.0077460001364197,0.6967812243164723,flip
2021-08-02,1,1,0.0154609558824161,0.0154609558824161,0.7068573468610088,flip
2021-08-03,0,1,0.0079382424678022,0.0079382424678022,0.7124685518705389,hold
2021-08-04,0,1,0.0022018725316477,0.0022018725316477,0.7140373168045655,hold
2021-08-05,0,1,-0.0034612335015614,-0.0034612335015614,0.7115658669222765,hold
2021-08-06,0,1,0.0012347307242392,0.0012347307242392,0.7124444591604854,hold
2021-08-09,0,1,0.0013439090538649,0.0013439090538649,0.713401919719527,hold
2021-08-10,-1,-1,0.0001320870680521,-0.0001320870680521,0.7125942866318891,flip
2021-08-11,0,-1,0.0050453954843463,-0.0050453954843463,0.7089989666359455,hold
2021-08-12,0,-1,0.0100644823408473,-0.0100644823408473,0.701863259056559,hold
2021-08-13,0,-1,0.0020540242770237,-0.0020540242770237,0.7004216148833058,hold
2021-08-16,-1,-1,0.0031122785775283,-0.0031122785775283,0.6982417076960667,hold
2021-08-17,-1,-1,-0.0027536023181795,0.0027536023181795,0.7001643876810283,hold
2021-08-18,-1,-1,-0.0071428984006249,0.0071428984006249,0.7051655907659696,hold
2021-08-20,0,-1,0.0027931806783987,-0.0027931806783987,0.7031959358627705,hold
2021-08-23,-1,-1,0.0077683620836017,-0.0077683620836017,0.6977332552172714,hold
2021-08-24,-1,-1,0.0006045728309951,-0.0006045728309951,0.6973114246478852,hold
2021-08-25,-1,-1,0.0001352598309651,-0.0001352598309651,0.6972171064224573,hold
2021-08-26,-1,-1,0.00410526158848,-0.00410526158848,0.6943548478166299,hold
2021-08-27,0,-1,0.0135198365217041,-0.0135198365217041,0.6849672837860964,hold
2021-08-30,0,-1,0.0118804461754233,-0.0118804461754233,0.6768295668391497,hold
2021-08-31,1,1,-0.0032657347743637,-0.0032657347743637,0.6739423914195665,flip
2021-09-01,1,1,0.009246783727399,0.009246783727399,0.6801741909577493,hold
2021-09-02,-1,-1,0.0051902308336972,-0.0051902308336972,0.6759637557085977,flip
2021-09-03,-1,-1,0.0031287476677577,-0.0031287476677577,0.6738488356844357,hold
2021-09-06,-1,-1,-0.0009035189246697,0.0009035189246697,0.6744576708598432,hold
2021-09-07,-1,-1,-0.0004953092983268,0.0004953092983268,0.674791736015548,hold
2021-09-08,-1,-1,0.0009075978909154,-0.0009075978909154,0.6741792964591331,hold
2021-09-09,-1,-1,-0.0008030985074197,0.0008030985074197,0.6747207288458527,hold
2021-09-13,-1,-1,0.001423151293159,-0.001423151293159,0.6737604991680746,hold
2021-09-14,-1,-1,0.0080235453826236,-0.0080235453826236,0.6683545512259804,hold
2021-09-15,0,-1,0.0062816347635072,-0.0062816347635072,0.6641561920426511,hold
2021-09-16,0,-1,-0.0025156476006126,0.0025156476006126,0.6658269749735951,hold
2021-09-17,-1,-1,-0.010705054879733,0.010705054879733,0.672954689281094,hold
2021-09-20,0,-1,0.0094901738624639,-0.0094901738624639,0.6665682322782561,hold
2021-09-21,0,-1,-0.0008740239935656,0.0008740239935656,0.6671508289066159,hold
2021-09-22,-1,-1,0.0157465283671818,-0.0157465283671818,0.656645519454049,hold
2021-09-23,0,-1,0.0016972499684944,-0.0016972499684944,0.6555310278668437,hold
2021-09-24,-1,-1,0.0001064453827974,-0.0001064453827974,0.6554612496156469,hold
2021-09-27,1,1,-0.0059646824901542,-0.0059646824901542,0.6508961701274741,flip
2021-09-28,0,1,-0.0021015082285871,-0.0021015082285871,0.6495283064699954,hold
2021-09-29,0,1,-0.0052593760207388,-0.0052593760207388,0.646112192870156,hold
2021-09-30,0,1,-0.0048869834497958,-0.0048869834497958,0.6429546532768883,hold
2021-10-01,0,1,0.0090804675811375,0.0090804675811375,0.6487929821621106,hold
2021-10-04,0,1,0.0074076609199462,0.0074076609199462,0.6535990205812082,hold
2021-10-05,0,1,-0.0098921448702895,-0.0098921448702895,0.6471335243825396,hold
2021-10-06,0,1,0.0081803020160375,0.0081803020160375,0.6524272720566916,hold
2021-10-07,0,1,0.0058936227604964,0.0058936227604964,0.6562724322768535,hold
2021-10-08,0,1,0.0028359561343596,0.0028359561343596,0.6581335921069802,hold
2021-10-11,0,1,0.0025632525445875,0.0025632525445875,0.6598205547116269,hold
2021-10-12,0,1,0.0094375978492116,0.0094375978492116,0.666047675759639,hold
2021-10-13,0,1,0.0097347877407187,0.0097347877407187,0.6725315085083582,hold
2021-10-14,0,1,0.0075523961327199,0.0075523961327199,0.6776107328723491,hold
2021-10-18,0,1,-0.0031553077349963,-0.0031553077349963,0.6754726624856005,hold
2021-10-19,-1,-1,-0.00826062521208,0.00826062521208,0.6803770163289143,flip
2021-10-20,0,-1,-0.0048449082967022,0.0048449082967022,0.6836733805802118,hold
2021-10-21,0,-1,-0.0034766680845673,0.0034766680845673,0.6860502860027432,hold
2021-10-22,0,-1,0.0005796333280105,-0.0005796333280105,0.6856526283922849,hold
2021-10-25,-1,-1,0.0078894808897,-0.0078894808897,0.6802431850836114,hold
2021-10-26,0,-1,-0.0031448386638428,0.0031448386638428,0.682382440152878,hold
2021-10-27,0,-1,-0.0194223384240636,0.0194223384240636,0.6956359028401654,hold
2021-10-28,0,-1,-0.0103935157639054,0.0103935157639054,0.7028660055622733,hold
2021-10-29,0,-1,0.0145996550575078,-0.0145996550575078,0.6926044043294157,hold
2021-11-01,0,-1,-0.0022700482713416,0.0022700482713416,0.6941766497601873,hold
2021-11-02,0,-1,-0.0033400508475575,0.0033400508475575,0.6964952350675734,hold
2021-11-03,1,1,0.0049133761659847,0.0049133761659847,0.6992208829202089,flip
2021-11-04,0,1,0.0084697040421863,0.0084697040421863,0.7051430768586593,hold
2021-11-08,0,1,-0.0013449214352717,-0.0013449214352717,0.7041947148196587,hold
2021-11-09,-1,-1,-0.0014991358050348,0.0014991358050348,0.7045462036155414,flip
2021-11-10,-1,-1,-0.007970140510272,0.007970140510272,0.710161535854336,hold
2021-11-11,0,-1,0.0128206066843303,-0.0128206066843303,0.7010568341208075,hold
2021-11-12,0,-1,0.0003700663573213,-0.0003700663573213,0.7007973965719293,hold
2021-11-15,-1,-1,-0.0060879819517564,0.0060879819517564,0.705063838474097,hold
2021-11-16,1,1,-0.005586294529162,-0.005586294529162,0.7004200803720451,flip
2021-11-17,1,1,-0.0074781956434608,-0.0074781956434608,0.6951822019784144,hold
2021-11-18,1,1,-0.0196033721001568,-0.0196033721001568,0.6815542865956251,hold
2021-11-22,0,1,0.0049836979327988,0.0049836979327988,0.684950947284822,hold
2021-11-23,-1,-1,-0.0050446817378146,0.0050446817378146,0.6877213558726039,flip
2021-11-24,0,-1,0.006959452503032,-0.006959452503032,0.6829351917610877,hold
2021-11-25,-1,-1,-0.0290712541877539,0.0290712541877539,0.7027889743145367,hold
2021-11-26,1,1,0.0016151341742889,0.0016151341742889,0.7032212838299511,flip
2021-11-29,-1,-1,-0.004148599194972,0.004148599194972,0.7054354457981052,flip
2021-11-30,1,1,0.0108166411704213,0.0108166411704213,0.7123604524384015,flip
2021-12-01,-1,-1,0.0136745711024337,-0.0136745711024337,0.7019068683285323,flip
2021-12-02,-1,-1,-0.0117776858673942,0.0117776858673942,0.7101737069318722,hold
2021-12-03,0,-1,-0.0165409195759996,0.0165409195759996,0.7219206331032217,hold
2021-12-06,0,-1,0.0156365485816494,-0.0156365485816494,0.7106322860516081,hold
2021-12-07,0,-1,0.0170609485278816,-0.0170609485278816,0.6985082251970307,hold
2021-12-08,-1,-1,0.0026960665936832,-0.0026960665936832,0.6966250005056641,hold
2021-12-09,-1,-1,-0.0003167708948091,0.0003167708948091,0.6968456710304207,hold
2021-12-10,-1,-1,-0.0081690551168631,0.0081690551168631,0.7025382417250158,hold
2021-12-13,0,-1,-0.0024959111813221,0.0024959111813221,0.7042917147778436,hold
2021-12-14,1,1,-0.0059740603216401,-0.0059740603216401,0.6993799418749516,flip
2021-12-15,0,1,0.0015678167505297,0.0015678167505297,0.7004764414628076,hold
2021-12-16,-1,-1,-0.01525945397337,0.01525945397337,0.7104648530392765,flip
2021-12-17,0,-1,-0.0218425462793778,0.0218425462793778,0.7259832144716584,hold
2021-12-20,0,-1,0.009428705444209,-0.009428705444209,0.7191381325849651,hold
2021-12-21,0,-1,0.0110071709945933,-0.0110071709945933,0.7112224561908699,hold
2021-12-22,-1,-1,0.0069093062126275,-0.0069093062126275,0.7063084024557501,hold
2021-12-23,-1,-1,-0.0040327548791804,0.0040327548791804,0.7091567711119596,hold
2021-12-24,0,-1,0.0048518709108285,-0.0048518709108285,0.7057160340029844,hold
2021-12-27,0,-1,0.0086034091740434,-0.0086034091740434,0.6996444702017736,hold
2021-12-28,0,-1,-0.0011402602889762,0.0011402602889762,0.7004422470075465,hold
2021-12-29,-1,-1,-0.0005606259494814,0.0005606259494814,0.700834933107332,hold
2021-12-30,-1,-1,0.0087248317576065,-0.0087248317576065,0.6947202662261172,hold
2021-12-31,0,-1,0.0156533158122078,-0.0156533158122078,0.6838455904977387,hold
2022-01-03,0,-1,0.0101868742352642,-0.0101868742352642,0.6768793414709983,hold
2022-01-04,-1,-1,0.006739585234692,-0.006739585234692,0.6723174554555523,hold
2022-01-05,-1,-1,-0.0100054174627969,0.0100054174627969,0.6790442722649104,hold
2022-01-06,-1,-1,0.0037641836511315,-0.0037641836511315,0.6764882249168563,hold
2022-01-07,-1,-1,0.0107003189218717,-0.0107003189218717,0.6692495851633551,hold
2022-01-10,-1,-1,0.0029133112526023,-0.0029133112526023,0.6672998528160993,hold
2022-01-11,-1,-1,0.0086731157318304,-0.0086731157318304,0.6615122839647919,hold
2022-01-12,0,-1,0.0024956237305924,-0.0024956237305924,0.659861398210851,hold
2022-01-13,-1,-1,-0.0001123235637506,0.0001123235637506,0.6599355161946795,hold
2022-01-14,-1,-1,0.0028675682661627,-0.0028675682661627,0.6580431060507259,hold
2022-01-17,-1,-1,-0.0106536905679234,0.0106536905679234,0.6650536936829455,hold
2022-01-18,0,-1,-0.0096422404339412,0.0096422404339412,0.6714663012989172,hold
2022-01-19,0,-1,-0.010112406160797,0.010112406160797,0.6782564412609399,hold
2022-01-20,0,-1,-0.0078757453046686,0.0078757453046686,0.6835982162435619,hold
2022-01-21,0,-1,-0.0265679051873833,0.0265679051873833,0.7017599888389852,hold
2022-01-24,0,-1,0.0075134912216943,-0.0075134912216943,0.6964873213231072,hold
2022-01-25,-1,-1,-0.0097117329146276,0.0097117329146276,0.7032514201662217,hold
2022-01-27,1,1,-0.0004793161771092,-0.0004793161771092,0.7022110889637948,flip
2022-01-28,-1,-1,0.0139107178709299,-0.0139107178709299,0.6917406175304172,flip
2022-01-31,-1,-1,0.0136679386118703,-0.0136679386118703,0.6822859492346741,hold
2022-02-01,-1,-1,0.0115578385853996,-0.0115578385853996,0.6744001983643336,hold
2022-02-02,-1,-1,-0.0123622486642295,0.0123622486642295,0.6827373013157192,hold
2022-02-03,0,-1,-0.0024998826581151,0.0024998826581151,0.6844440644553267,hold
2022-02-04,-1,-1,-0.0172811129276234,0.0172811129276234,0.6962720196258207,hold
2022-02-07,-1,-1,0.0030876976246183,-0.0030876976246183,0.694122142164734,hold
2022-02-08,-1,-1,0.0114121523303458,-0.0114121523303458,0.6862007145424841,hold
2022-02-09,-1,-1,0.008133901085124,-0.008133901085124,0.6806192258058541,hold
2022-02-10,0,-1,-0.0131262969128136,0.0131262969128136,0.689553235848351,hold
2022-02-11,-1,-1,-0.0306162228952934,0.0306162228952934,0.7106647514152549,hold
2022-02-14,0,-1,0.0302591263839775,-0.0302591263839775,0.6891606568855427,hold
2022-02-15,0,-1,-0.0017432697608654,0.0017432697608654,0.6903620498190695,hold
2022-02-16,0,-1,-0.0010160147191904,0.0010160147191904,0.6910634678232561,hold
2022-02-17,-1,-1,-0.0016353356196504,0.0016353356196504,0.6921935885276266,hold
2022-02-18,1,1,-0.004031556958107,-0.004031556958107,0.6887107770609133,flip
2022-02-21,0,1,-0.0066515660675804,-0.0066515660675804,0.684129771825838,hold
2022-02-22,0,1,-0.0016937094155936,-0.0016937094155936,0.6829710547898087,hold
2022-02-23,0,1,-0.0477810384708364,-0.0477810384708364,0.6503379885464291,hold
2022-02-24,0,1,0.0252616601096495,0.0252616601096495,0.6667666057694822,hold
2022-02-25,0,1,0.0081340342903666,0.0081340342903666,0.6721901082044826,hold
2022-02-28,-1,-1,-0.0111916331229355,0.0111916331229355,0.6790408231761691,flip
2022-03-02,1,1,-0.006497577228417,-0.006497577228417,0.6739496621631579,flip
2022-03-03,1,1,-0.0153170320073322,-0.0153170320073322,0.663626753616474,hold
2022-03-04,0,1,-0.0235266847399477,-0.0235266847399477,0.6480138161991443,hold
2022-03-07,1,1,0.0094747765094835,0.0094747765094835,0.6541536022826888,hold
2022-03-08,-1,-1,0.0207262900882942,-0.0207262900882942,0.6399412713571925,flip
2022-03-09,0,-1,0.0152673871904744,-0.0152673871904744,0.6301710401882178,hold
2022-03-10,1,1,0.0021421537513466,0.0021421537513466,0.6308907924057588,flip
2022-03-11,-1,-1,0.014482565042708,-0.014482565042708,0.6211229846774912,flip
2022-03-14,-1,-1,-0.0123464565033122,0.0123464565033122,0.6287916525910193,hold
2022-03-15,-1,-1,0.0187451004846066,-0.0187451004846066,0.6170048898793188,hold
2022-03-16,0,-1,0.0183619883565082,-0.0183619883565082,0.6056754532754461,hold
2022-03-17,0,-1,-0.0098022024704637,0.0098022024704637,0.6116124066998418,hold
2022-03-21,0,-1,0.0115612232521558,-0.0115612232521558,0.6045414191221966,hold
2022-03-22,-1,-1,-0.004033935455228,0.004033935455228,0.6069801001869475,hold
2022-03-23,-1,-1,-0.0013278937068936,0.0013278937068936,0.6077861052421955,hold
2022-03-24,-1,-1,-0.0040498758909001,0.0040498758909001,0.6102475635366398,hold
2022-03-25,-1,-1,0.0040226199498629,-0.0040226199498629,0.607792769513202,hold
2022-03-28,0,-1,0.005998187274997,-0.005998187274997,0.6041471146572728,hold
2022-03-29,0,-1,0.0099824655821947,-0.0099824655821947,0.5981162368786243,hold
2022-03-30,-1,-1,-0.0019144771620018,0.0019144771620018,0.5992613167543509,hold
2022-03-31,-1,-1,0.0117779652585923,-0.0117779652585923,0.5922032377847999,hold
2022-04-01,-1,-1,0.0216718413399843,-0.0216718413399843,0.5793691031745026,hold
2022-04-04,0,-1,-0.005317557796472,0.005317557796472,0.5824499318661231,hold
2022-04-05,-1,-1,-0.0083391803235717,0.0083391803235717,0.5873070868774068,hold
2022-04-06,-1,-1,-0.0094397411049521,0.0094397411049521,0.5928511137266331,hold
2022-04-07,-1,-1,0.0082087593907955,-0.0082087593907955,0.5879845415794861,hold
2022-04-08,-1,-1,-0.006151497975913,0.006151497975913,0.5916015272968804,hold
2022-04-11,0,-1,-0.0081838106412522,0.0081838106412522,0.5964430821713537,hold
2022-04-12,0,-1,-0.0031174816283502,0.0031174816283502,0.5983024825223794,hold
2022-04-13,0,-1,-0.0172811880101475,0.0172811880101475,0.6086418602097866,hold
2022-04-18,0,-1,-0.0125191788064678,0.0125191788064678,0.6162615564868541,hold
2022-04-19,0,-1,0.010490244596548,-0.010490244596548,0.6097968220238577,hold
2022-04-20,-1,-1,0.014941678252146,-0.014941678252146,0.6006854341099961,hold
2022-04-21,-1,-1,-0.0126864526051679,0.0126864526051679,0.6083060014004473,hold
2022-04-22,0,-1,-0.0126951225643019,0.0126951225643019,0.6160285206448264,hold
2022-04-25,0,-1,0.0145601216162072,-0.0145601216162072,0.6070590704651855,hold
2022-04-26,-1,-1,-0.0094414436101153,0.0094414436101153,0.6127905844469915,hold
2022-04-27,0,-1,0.0121285088909346,-0.0121285088909346,0.6053583483952452,hold
2022-04-28,-1,-1,-0.0082632403816946,0.0082632403816946,0.6103605699451008,hold
2022-04-29,1,1,-0.0019559171203674,-0.0019559171203674,0.6085563946868029,flip
2022-05-02,0,1,-0.0229361834519363,-0.0229361834519363,0.5945984335774175,hold
2022-05-04,0,1,0.0003028482136697,0.0003028482136697,0.5947785066508773,hold
2022-05-05,-1,-1,-0.0162684216398562,0.0162684216398562,0.6038598356727469,flip
2022-05-06,1,1,-0.0066661826871809,-0.0066661826871809,0.5992305358550286,flip
2022-05-09,1,1,-0.0037909688880922,-0.0037909688880922,0.5969588715368074,hold
2022-05-10,1,1,-0.0044919933245182,-0.0044919933245182,0.5942773362708521,hold
2022-05-11,1,1,-0.0222117521417858,-0.0222117521417858,0.5810773953741232,hold
2022-05-12,0,1,-0.0016352232651188,-0.0016352232651188,0.5801272040983728,hold
2022-05-13,0,1,0.0038112305721171,0.0038112305721171,0.5823382026343494,hold
2022-05-16,-1,-1,0.0263219359020472,-0.0263219359020472,0.5664275955886603,flip
2022-05-17,1,1,-0.0011685620062508,-0.0011685620062508,0.5651992622255747,flip
2022-05-18,-1,-1,-0.0265327253341793,0.0265327253341793,0.5796303397470612,flip
2022-05-19,-1,-1,0.0288910387942893,-0.0288910387942893,0.5628842171150817,hold
2022-05-20,0,-1,-0.0031630222318707,0.0031630222318707,0.5646646324077859,hold
2022-05-23,1,1,-0.0055227542667355,-0.0055227542667355,0.5609814637674733,flip
2022-05-24,0,1,-0.0061612191843656,-0.0061612191843656,0.5575251340108356,hold
2022-05-25,0,1,0.0090073873189953,0.0090073873189953,0.5625469788329459,hold
2022-05-26,0,1,0.0112738471989222,0.0112738471989222,0.5688890475145238,hold
2022-05-27,-1,-1,0.0188932050929628,-0.0188932050929628,0.5575720210171772,flip
2022-05-30,1,1,-0.0046124339835348,-0.0046124339835348,0.5544426848581522,flip
2022-05-31,0,1,-0.0037264067061659,-0.0037264067061659,0.5523766059191122,hold
2022-06-01,0,1,0.0063700049931154,0.0063700049931154,0.5558952476568971,hold
2022-06-02,0,1,-0.0026280502014673,-0.0026280502014673,0.5544343270392977,hold
2022-06-03,-1,-1,-0.0008893953501298,0.0008893953501298,0.5543730040246796,flip
2022-06-06,-1,-1,-0.0092459460064759,0.0092459460064759,0.5594987068873397,hold
2022-06-07,0,-1,-0.0036609606157923,0.0036609606157923,0.561547009617841,hold
2022-06-08,0,-1,0.0074497277416889,-0.0074497277416889,0.5573636372820285,hold
2022-06-09,-1,-1,-0.0167676984141,0.0167676984141,0.5667093426589594,hold
2022-06-10,0,-1,-0.0263797491152091,0.0263797491152091,0.5816589929395479,hold
2022-06-13,0,-1,-0.0026816094559853,0.0026816094559853,0.5832187751951735,hold
2022-06-14,1,1,-0.002539344381356,-0.002539344381356,0.5811545631000852,flip
2022-06-15,0,1,-0.0211284478542902,-0.0211284478542902,0.5688756692183422,hold
2022-06-16,1,1,-0.0043682936266399,-0.0043682936266399,0.5663906532581452,hold
2022-06-17,1,1,0.0037042135956451,0.0037042135956451,0.5684886852163903,hold
2022-06-20,-1,-1,0.018804337854487,-0.018804337854487,0.5572301432279118,flip
2022-06-21,1,1,-0.0144192650853174,-0.0144192650853174,0.5486380639359512,flip
2022-06-22,0,1,0.0093004475196092,0.0093004475196092,0.5537406434568475,hold
2022-06-23,0,1,0.0091664725885294,0.0091664725885294,0.5588164918862493,hold
2022-06-24,-1,-1,0.008458990377725,-0.008458990377725,0.5535306520665831,flip
2022-06-27,-1,-1,0.0011464333961117,-0.0011464333961117,0.5528960660412826,hold
2022-06-28,-1,-1,-0.0032239710103227,0.0032239710103227,0.5546785869299212,hold
2022-06-29,-1,-1,-0.0011930812414028,0.0011930812414028,0.5553403635469951,hold
2022-06-30,-1,-1,-0.0017870563085186,0.0017870563085186,0.5563327880470468,hold
2022-07-01,0,-1,0.0052881882498054,-0.0052881882498054,0.5533907955343149,hold
2022-07-04,1,1,-0.0015471713984448,-0.0015471713984448,0.5519812143277673,flip
2022-07-05,-1,-1,0.0113181897073002,-0.0113181897073002,0.5451818050148118,flip
2022-07-06,-1,-1,0.0089494920315105,-0.0089494920315105,0.5403027047951072,hold
2022-07-07,0,-1,0.0054360478665673,-0.0054360478665673,0.5373655934294053,hold
2022-07-08,0,-1,-0.0002835659276332,0.0002835659276332,0.5375179720023843,hold
2022-07-11,1,1,-0.0097249750439381,-0.0097249750439381,0.5317531051669905,flip
2022-07-12,0,1,-0.0057072925015229,-0.0057072925015229,0.5287182346572094,hold
2022-07-13,0,1,-0.0017536552323109,-0.0017536552323109,0.5277910451585845,hold
2022-07-14,0,1,0.0069359576863876,0.0069359576863876,0.5314517815150588,hold
2022-07-15,0,1,0.0142873041582765,0.0142873041582765,0.5390447947630224,hold
2022-07-18,0,1,0.0038117642711243,0.0038117642711243,0.5410995064522356,hold
2022-07-19,-1,-1,0.0110338885069691,-0.0110338885069691,0.5345879753204134,flip
2022-07-20,0,-1,0.005108719746296,-0.005108719746296,0.5318569151747615,hold
2022-07-21,0,-1,0.0068772959606149,-0.0068772959606149,0.528199177760405,hold
2022-07-22,0,-1,-0.0052901993117577,0.0052901993117577,0.5309934566870641,hold
2022-07-25,-1,-1,-0.008847958067765,0.008847958067765,0.5356916645260889,hold
2022-07-26,-1,-1,0.0095821774414373,-0.0095821774414373,0.530558571942701,hold
2022-07-27,-1,-1,0.0172937311236929,-0.0172937311236929,0.5213832346541534,hold
2022-07-28,-1,-1,0.0135059538264792,-0.0135059538264792,0.514341456761014,hold
2022-07-29,-1,-1,0.0105955316684394,-0.0105955316684394,0.5088917355675113,hold
2022-08-01,-1,-1,0.0003113276638058,-0.0003113276638058,0.508733303492347,hold
2022-08-02,-1,-1,0.0024618083588656,-0.0024618083588656,0.5074808995933763,hold
2022-08-03,-1,-1,-0.0003537116074355,0.0003537116074355,0.5076604014781142,hold
2022-08-04,-1,-1,0.0008917270739845,-0.0008917270739845,0.5072077069537263,hold
2022-08-05,-1,-1,0.0073343646716481,-0.0073343646716481,0.5034876606666573,hold
2022-08-08,-1,-1,0.0005506610997998,-0.0005506610997998,0.5032104095976989,hold
2022-08-10,-1,-1,0.0070859293688247,-0.0070859293688247,0.4996446961776323,hold
2022-08-11,0,-1,0.0022170219505635,-0.0022170219505635,0.49853697291872384,hold
2022-08-12,-1,-1,0.0071815193435313,-0.0071815193435313,0.4949567200042425,hold
2022-08-16,0,-1,0.0066759231988331,-0.0066759231988331,0.4916524269547478,hold
2022-08-17,0,-1,0.000682669936052,-0.000682669936052,0.4913167906238788,hold
2022-08-18,-1,-1,-0.011029475746944,0.011029475746944,0.49673575725013125,hold
2022-08-19,-1,-1,-0.0150773300473388,0.0150773300473388,0.5042252062085062,hold
2022-08-22,-1,-1,0.0049626821755044,-0.0049626821755044,0.5017228967652152,hold
2022-08-23,-1,-1,0.0015616110795051,-0.0015616110795051,0.5009394007307852,hold
2022-08-24,-1,-1,-0.0046861822192667,0.0046861822192667,0.50328689404342,hold
2022-08-25,0,-1,0.0020802555293466,-0.0020802555293466,0.5022399286992384,hold
2022-08-26,1,1,-0.0140099889245538,-0.0140099889245538,0.4947013129319941,flip
2022-08-29,0,1,0.0257842637890255,0.0257842637890255,0.5074568220814099,hold
2022-08-30,0,1,-0.0121907952721076,-0.0121907952721076,0.5012705198539811,hold
2022-09-01,0,1,-0.0001910505934481,-0.0001910505934481,0.5011747518236849,hold
2022-09-02,0,1,0.0072038500710118,0.0072038500710118,0.5047851395951993,hold
2022-09-05,0,1,-0.0005774531254664,-0.0005774531254664,0.5044936498386511,hold
2022-09-06,1,1,-0.0017671004916441,-0.0017671004916441,0.5036021588619899,hold
2022-09-07,0,1,0.0098925129655895,0.0098925129655895,0.5085840497480311,hold
2022-09-08,0,1,0.0019439347917691,0.0019439347917691,0.5095727039768752,hold
2022-09-09,1,1,0.005775695663245,0.005775695663245,0.5125158408333425,hold
2022-09-12,0,1,0.0074542019299801,0.0074542019299801,0.5163362374032278,hold
2022-09-13,0,1,-0.0036690976717561,-0.0036690976717561,0.5144417493167283,hold
2022-09-14,0,1,-0.0070179606679163,-0.0070179606679163,0.5108314173540894,hold
2022-09-15,0,1,-0.0193848531485446,-0.0193848531485446,0.5009290253450175,hold
2022-09-16,0,1,0.0052136885924867,0.0052136885924867,0.5035407132901043,hold
2022-09-19,0,1,0.0110088098852303,0.0110088098852303,0.5090840972721883,hold
2022-09-20,-1,-1,-0.0054950054374517,0.0054950054374517,0.511372433057547,flip
2022-09-21,0,-1,-0.0049975776569025,0.0049975776569025,0.5139280565033513,hold
2022-09-22,0,-1,-0.0171556772324205,0.0171556772324205,0.5227448403614079,hold
2022-09-23,0,-1,-0.0179513217622564,0.0179513217622564,0.5321288011902949,hold
2022-09-26,0,-1,-0.0005230508522044,0.0005230508522044,0.53240713161324,hold
2022-09-27,-1,-1,-0.0087491784653945,0.0087491784653945,0.5370652566239731,hold
2022-09-28,1,1,-0.0024023347691036,-0.0024023347691036,0.5352379808280838,flip
2022-09-29,1,1,0.016425755966269,0.016425755966269,0.5440296692850445,hold
2022-09-30,-1,-1,-0.0121092644487904,0.0121092644487904,0.5500734387491201,flip
2022-10-03,0,-1,0.0229136709327191,-0.0229136709327191,0.5374692369847935,hold
2022-10-04,1,1,0.0033286441360573,0.0033286441360573,0.5387208115718095,flip
2022-10-06,-1,-1,-0.0009895331040011,0.0009895331040011,0.5387151728371024,flip
2022-10-07,-1,-1,-0.0042536458411471,0.0042536458411471,0.5410066763916037,hold
2022-10-10,1,1,-0.0149323831999303,-0.0149323831999303,0.532387150709612,flip
2022-10-11,-1,-1,0.0082461453396196,-0.0082461453396196,0.5274646217372049,flip
2022-10-12,-1,-1,-0.0063800837728176,0.0063800837728176,0.5308298902110858,hold
2022-10-13,0,-1,0.0100708880038873,-0.0100708880038873,0.5254839618376542,hold
2022-10-14,-1,-1,0.0073375869608156,-0.0073375869608156,0.5216281775711565,hold
2022-10-17,-1,-1,0.010117285874136,-0.010117285874136,0.5163507161786646,hold
2022-10-18,0,-1,0.0014468379208691,-0.0014468379208691,0.5156036403820293,hold
2022-10-19,0,-1,0.002952174549244,-0.002952174549244,0.514081488437396,hold
2022-10-20,-1,-1,0.0007032337856462,-0.0007032337856462,0.5137199689661516,hold
2022-10-21,-1,-1,0.0087873563767617,-0.0087873563767617,0.5092057285209871,hold
2022-10-24,0,-1,-0.004196122026705,0.004196122026705,0.5113424178945584,hold
2022-10-25,0,-1,0.0045649078749665,-0.0045649078749665,0.509008186864307,hold
2022-10-27,0,-1,0.0028106052447454,-0.0028106052447454,0.5075775657846878,hold
2022-10-28,-1,-1,0.0126722303955641,-0.0126722303955641,0.5011454259274447,hold
2022-10-31,-1,-1,0.0073950532223929,-0.0073950532223929,0.49743942883055253,hold
2022-11-01,0,-1,-0.0034471976315451,0.0034471976315451,0.49915420085145434,hold
2022-11-02,-1,-1,-0.0016673473084335,0.0016673473084335,0.49998646426473725,hold
2022-11-03,-1,-1,0.0035701681556883,-0.0035701681556883,0.4982014285117441,hold
2022-11-04,-1,-1,0.0047275862251119,-0.0047275862251119,0.4958461383009809,hold
2022-11-07,0,-1,-0.0025161392359563,0.0025161392359563,0.4970937562245574,hold
2022-11-09,0,-1,-0.0070937259046097,0.0070937259046097,0.5006200030801073,hold
2022-11-10,0,-1,0.0178331732470333,-0.0178331732470333,0.49169235983424947,hold
2022-11-11,-1,-1,-0.0011198455015547,0.0011198455015547,0.49224297931155864,hold
2022-11-14,-1,-1,0.0040509242609507,-0.0040509242609507,0.4902489402843828,hold
2022-11-15,-1,-1,0.0003396111515991,-0.0003396111515991,0.4900824462772026,hold
2022-11-16,-1,-1,-0.0035714963948192,0.0035714963948192,0.49183277396724584,hold
2022-11-17,-1,-1,-0.0019761337135545,0.0019761337135545,0.4928047012933135,hold
2022-11-18,0,-1,-0.0080677295405768,0.0080677295405768,0.49678051633967274,hold
2022-11-21,0,-1,0.0046393301536886,-0.0046393301536886,0.4944757875104531,hold
2022-11-22,0,-1,0.0012634580983039,-0.0012634580983039,0.49385103807230785,hold
2022-11-23,-1,-1,0.0118709498898301,-0.0118709498898301,0.4879885571463109,hold
2022-11-24,0,-1,0.0015500019600884,-0.0015500019600884,0.4872321739262334,hold
2022-11-25,0,-1,0.0027008413120686,-0.0027008413120686,0.48591623714232446,hold
2022-11-28,0,-1,0.0029791265437502,-0.0029791265437502,0.48446863118221456,hold
2022-11-29,0,-1,0.0075356346254191,-0.0075356346254191,0.4808178525901485,hold
2022-11-30,0,-1,0.0028867353340049,-0.0028867353340049,0.47942985870585614,hold
2022-12-01,-1,-1,-0.006187396179402,0.006187396179402,0.4823962811819039,hold
2022-12-02,0,-1,0.0002648237856262,-0.0002648237856262,0.4822685311725493,hold
2022-12-05,-1,-1,-0.0031175136590962,0.0031175136590962,0.48377200990583197,hold
2022-12-06,0,-1,-0.0044119027503989,0.0044119027503989,0.4859063649669015,hold
2022-12-07,0,-1,0.0026319123609277,-0.0026319123609277,0.48462750199869165,hold
2022-12-08,0,-1,-0.0060587824059793,0.0060587824059793,0.487563754581255,hold
2022-12-09,0,-1,2.977743269738653e-05,-2.977743269738653e-05,0.4875492361843673,hold
2022-12-12,1,1,0.0059927938646799,0.0059927938646799,0.48998346901951806,flip
2022-12-13,1,1,0.0028106610731943,0.0028106610731943,0.49136064648239997,hold
2022-12-14,0,1,-0.0131509343553336,-0.0131509343553336,0.48489879487571563,hold
2022-12-15,0,1,-0.0079229530179417,-0.0079229530179417,0.4810569645054588,hold
2022-12-16,0,1,0.0082899566889265,0.0082899566889265,0.48504490590611554,hold
2022-12-19,1,1,-0.0019081205394395,-0.0019081205394395,0.4841193817586056,hold
2022-12-20,1,1,-0.0101277196435586,-0.0101277196435586,0.4792163563861415,hold
2022-12-21,0,1,-0.0039425027358517,-0.0039425027358517,0.4773270445900243,hold
2022-12-22,1,1,-0.0176831602541178,-0.0176831602541178,0.46888639396691445,hold
2022-12-23,0,1,0.0116696328935068,0.0116696328935068,0.47435812605326855,hold
2022-12-26,-1,-1,0.0065336546149905,-0.0065336546149905,0.4707844757677691,flip
2022-12-27,-1,-1,-0.0005405150382313,0.0005405150382313,0.4710389418566875,hold
2022-12-28,-1,-1,0.0037798317009243,-0.0037798317009243,0.46925849393188773,hold
2022-12-29,-1,-1,-0.0047110779368918,0.0047110779368918,0.4714692072693493,hold
2022-12-30,1,1,0.0050895833553579,0.0050895833553579,0.4733973198919619,flip
2023-01-02,0,1,0.0019289276248581,0.0019289276248581,0.4743104690598353,hold
2023-01-03,-1,-1,-0.0103990694870288,0.0103990694870288,0.478768546116954,flip
2023-01-04,0,-1,-0.0028154392892826,0.0028154392892826,0.4801164898921644,hold
2023-01-05,1,1,-0.0073755037054461,-0.0073755037054461,0.47609527245202676,flip
2023-01-06,0,1,0.0135362517084902,0.0135362517084902,0.48253981789715966,hold
2023-01-09,0,1,-0.0103335047509585,-0.0103335047509585,0.4775534903963927,hold
2023-01-10,0,1,-0.0010299775022909,-0.0010299775022909,0.47706162104514394,hold
2023-01-11,-1,-1,-0.0020954755408891,0.0020954755408891,0.4775842303824958,flip
2023-01-12,0,-1,0.0055100959183882,-0.0055100959183882,0.4749526954639786,hold
2023-01-13,1,1,-0.0034388470725693,-0.0034388470725693,0.4728444530821095,flip
2023-01-16,0,1,0.0088545685118242,0.0088545685118242,0.47703128668736106,hold
2023-01-17,1,1,0.00620655632356,0.00620655632356,0.47999200823628646,hold
2023-01-18,1,1,-0.003165367099256,-0.003165367099256,0.47847265732550953,hold
2023-01-19,1,1,-0.0044289753051891,-0.0044289753051891,0.47635351374200663,hold
2023-01-20,1,1,0.0050422760956287,0.0050422760956287,0.47875541967741675,hold
2023-01-23,0,1,-1.3798013043020418e-05,-1.3798013043020418e-05,0.4787488138038916,hold
2023-01-24,1,1,-0.0124929796250122,-0.0124929796250122,0.47276781462754086,hold
2023-01-25,0,1,-0.0160742469061787,-0.0160742469061787,0.4651684280459233,hold
2023-01-27,0,1,0.0025334426073457,0.0025334426073457,0.4663469055611269,hold
2023-01-30,0,1,0.0007479862801675,0.0007479862801675,0.46669572664828524,hold
2023-01-31,0,1,-0.0025959245256645,-0.0025959245256645,0.4654842197654561,hold
2023-02-01,1,1,-0.0003349392530399,-0.0003349392530399,0.46532831082858606,hold
2023-02-02,-1,-1,0.0138355963078902,-0.0138355963078902,0.4584248878585007,flip
2023-02-03,0,-1,-0.0050101331608701,0.0050101331608701,0.46072165759092876,hold
2023-02-06,0,-1,-0.0024261514654264,0.0024261514654264,0.4618394381156467,hold
2023-02-07,0,-1,0.0084755364246817,-0.0084755364246817,0.457925101135543,hold
2023-02-08,0,-1,0.0012170079483646,-0.0012170079483646,0.45736780264770543,hold
2023-02-09,0,-1,-0.0020649578680046,0.0020649578680046,0.45831224789035474,hold
2023-02-10,1,1,-0.0047937507000251,-0.0047937507000251,0.4556569009833099,flip
2023-02-13,1,1,0.0089443537049958,0.0089443537049958,0.4597324574738269,hold
2023-02-14,0,1,0.0047964707944361,0.0047964707944361,0.46193755077935444,hold
2023-02-15,0,1,0.0011101336008929,0.0011101336008929,0.4624503631759888,hold
2023-02-16,0,1,-0.0050815676893513,-0.0050815676893513,0.4601003903525449,hold
2023-02-17,0,1,-0.0055505184801407,-0.0055505184801407,0.45754659463317315,hold
2023-02-20,0,1,-0.001003126492992,-0.001003126492992,0.45708761752231836,hold
2023-02-21,-1,-1,-0.0152803631315826,0.0152803631315826,0.46361499468348705,flip
2023-02-22,0,-1,-0.0024524349779846,0.0024524349779846,0.464751980312767,hold
2023-02-23,0,-1,-0.002595429723749,0.002595429723749,0.4659582114166419,hold
2023-02-24,1,1,-0.0041854114458053,-0.0041854114458053,0.4635420263738951,flip
2023-02-27,1,1,-0.0051027157362857,-0.0051027157362857,0.46117670318148724,hold
2023-02-28,0,1,0.008492348770636,0.008492348770636,0.46509317658979654,hold
2023-03-01,1,1,-0.0073921687198044,-0.0073921687198044,0.461655129358015,hold
2023-03-02,1,1,0.0157285986298278,0.0157285986298278,0.4689163175930885,hold
2023-03-03,1,1,0.0066555236183669,0.0066555236183669,0.472037201219867,hold
2023-03-06,0,1,0.0024250512391459,0.0024250512391459,0.4731819156196082,hold
2023-03-08,-1,-1,-0.0092822498999752,0.0092822498999752,0.4771009264929188,flip
2023-03-09,0,-1,-0.010045664635585,0.010045664635585,0.4818937223977936,hold
2023-03-10,0,-1,-0.0148510359316261,0.0148510359316261,0.4890503433843483,hold
2023-03-13,0,-1,-0.0064706805258611,0.0064706805258611,0.4922148319174511,hold
2023-03-14,1,1,-0.0041746837386849,-0.0041746837386849,0.4896677758307883,flip
2023-03-15,1,1,0.0007924286811309,0.0007924286811309,0.49005580262058224,hold
2023-03-16,-1,-1,0.0067381296219788,-0.0067381296219788,0.4862636872979013,flip
2023-03-17,-1,-1,-0.0065292432199922,0.0065292432199922,0.48943862118131953,hold
2023-03-20,0,-1,0.007010642946744,-0.007010642946744,0.4860073417638706,hold
2023-03-21,-1,-1,0.0025953757489405,-0.0025953757489405,0.4847459700952496,hold
2023-03-22,-1,-1,-0.0043726933046436,0.0043726933046436,0.486865615553138,hold
2023-03-23,0,-1,-0.0077209333285906,0.0077209333285906,0.490624672510807,hold
2023-03-24,0,-1,0.0023988383407489,-0.0023988383407489,0.4894477432354707,hold
2023-03-27,0,-1,-0.0020016838613549,0.0020016838613549,0.4904274628840817,hold
2023-03-28,0,-1,0.0076098565893214,-0.0076098565893214,0.48669538022406905,hold
2023-03-29,1,1,0.0163371989446239,0.0163371989446239,0.494159924095995,flip
2023-03-31,1,1,0.0022062979737611,0.0022062979737611,0.49525018813524196,hold
2023-04-03,-1,-1,0.0091389548173612,-0.0091389548173612,0.4902288688544491,flip
2023-04-05,0,-1,0.0023978747854371,-0.0023978747854371,0.4890533614107297,hold
2023-04-06,0,-1,0.001414863221935,-0.001414863221935,0.488361417796106,hold
2023-04-10,0,-1,0.0055747683219642,-0.0055747683219642,0.4856389160345067,hold
2023-04-11,0,-1,0.0050839679614469,-0.0050839679614469,0.48316994334455543,hold
2023-04-12,0,-1,0.0008757724412713,-0.0008757724412713,0.48274679642372365,hold
2023-04-13,-1,-1,-0.0067955121508301,0.0067955121508301,0.4860273081445953,hold
2023-04-17,-1,-1,-0.0026373533282438,0.0026373533282438,0.48730913388334784,hold
2023-04-18,-1,-1,-0.0023442830162407,0.0023442830162407,0.48845152440956957,hold
2023-04-19,0,-1,0.0003234746363958,-0.0003234746363958,0.4882935227303142,hold
2023-04-20,-1,-1,-2.260708945023282e-05,2.260708945023282e-05,0.4883045616256605,hold
2023-04-21,-1,-1,0.0067719737565652,-0.0067719737565652,0.4849977759491204,hold
2023-04-24,0,-1,0.0014568576938982,-0.0014568576938982,0.4842912032077054,hold
2023-04-25,-1,-1,0.0024958627615121,-0.0024958627615121,0.4830824788278914,hold
2023-04-26,-1,-1,0.0056951528101938,-0.0056951528101938,0.48033125029103935,hold
2023-04-27,-1,-1,0.0083700136036979,-0.0083700136036979,0.4763108711918221,hold
2023-04-28,0,-1,0.0045751669319125,-0.0045751669319125,0.4741316694446348,hold
2023-05-02,0,-1,-0.0031850283648763,0.0031850283648763,0.47564179226050207,hold
2023-05-03,1,1,0.0091737176073036,0.0091737176073036,0.4795295539526713,flip
2023-05-04,0,1,-0.0102324068655403,-0.0102324068655403,0.4746228124525765,hold
2023-05-05,0,1,0.0108141231183243,0.0108141231183243,0.479755441981204,hold
2023-05-08,0,1,8.480038171931881e-05,8.480038171931881e-05,0.47979612542581596,hold
2023-05-09,0,1,0.0026908205008338,0.0026908205008338,0.4810871706763324,hold
2023-05-10,0,1,-0.0009882342854272,-0.0009882342854272,0.4806117438399909,hold
2023-05-11,-1,-1,0.0009728797753729,-0.0009728797753729,0.47966355465076227,flip
2023-05-12,0,-1,0.0045891205221868,-0.0045891205221868,0.47746232078836937,hold
2023-05-15,-1,-1,-0.0061063388070606,0.0061063388070606,0.4803778674867086,hold
2023-05-16,0,-1,-0.0057282694884204,0.0057282694884204,0.48312960136794514,hold
2023-05-17,0,-1,-0.0028490536527011,0.0028490536527011,0.4845060635234505,hold
2023-05-18,0,-1,0.0040513721791914,-0.0040513721791914,0.48254314913704205,hold
2023-05-19,0,-1,0.0060977618257063,-0.0060977618257063,0.4796007159429781,hold
2023-05-22,0,-1,0.0018346005688616,-0.0018346005688616,0.47872084019668265,hold
2023-05-23,0,-1,-0.0034117947119577,0.0034117947119577,0.4803541374277696,hold
2023-05-24,-1,-1,0.0019551116867164,-0.0019551116867164,0.479414991439922,hold
2023-05-25,0,-1,0.0097264208278746,-0.0097264208278746,0.47475199948198543,hold
2023-05-26,0,-1,0.0053677985089635,-0.0053677985089635,0.47220362640703856,hold
2023-05-29,0,-1,0.0018925684396833,-0.0018925684396833,0.4713099487265966,hold
2023-05-30,-1,-1,-0.0053370195013254,0.0053370195013254,0.4738253391141191,hold
2023-05-31,0,-1,-0.0025169624936233,0.0025169624936233,0.47501793972119766,hold
2023-06-01,-1,-1,0.0025070443604549,-0.0025070443604549,0.4738270486743047,hold
2023-06-02,0,-1,0.0032237875731377,-0.0032237875731377,0.47229953092297194,hold
2023-06-05,0,-1,0.0002769943144211,-0.0002769943144211,0.47216870663820254,hold
2023-06-06,0,-1,0.0068498516385289,-0.0068498516385289,0.46893442104937477,hold
2023-06-07,0,-1,-0.0049048192636628,0.0049048192636628,0.47123445963113225,hold
2023-06-08,1,1,-0.0038181972541345,-0.0038181972541345,0.468963959051684,flip
2023-06-09,1,1,0.0020524046550352,0.0020524046550352,0.4699264628642854,hold
2023-06-12,0,1,0.0061635024393194,0.0061635024393194,0.47282285576445016,hold
2023-06-13,0,1,0.0021238341844009,0.0021238341844009,0.4738270531086888,hold
2023-06-14,0,1,-0.0036149041015322,-0.0036149041015322,0.4721142137509893,hold
2023-06-15,0,1,0.007379048352023,0.007379048352023,0.47559796736193516,hold
2023-06-16,0,1,-0.0037475183921172,-0.0037475183921172,0.47381565523199276,hold
2023-06-19,0,1,0.0032657175674986,0.0032657175674986,0.47536300334103976,hold
2023-06-20,0,1,0.002133763746672,0.002133763746672,0.47637731568407804,hold
2023-06-21,0,1,-0.0045394438174043,-0.0045394438174043,0.47421482762364425,hold
2023-06-22,1,1,-0.0056336152360657,-0.0056336152360657,0.47154328374557547,hold
2023-06-23,0,1,0.0013768299134766,0.0013768299134766,0.47219251864413536,hold
2023-06-26,0,1,0.0067519034171119,0.0067519034171119,0.4753807169243034,hold
2023-06-27,1,1,0.0082210728123248,0.0082210728123248,0.4792888564117133,hold
2023-06-28,0,1,0.0114352747635688,0.0114352747635688,0.48476965617589796,hold
2023-06-30,0,1,0.0069570924336936,0.0069570924336936,0.4881422434829636,hold
2023-07-03,0,1,0.0034389465191355,0.0034389465191355,0.48982093855203235,hold
2023-07-04,0,1,0.0004899685388621,0.0004899685388621,0.4900609354015988,hold
2023-07-05,0,1,0.0050932175812563,0.0050932175812563,0.49255692237367316,hold
2023-07-06,-1,-1,-0.0084883544577184,0.0084883544577184,0.49624536319901014,flip
2023-07-07,-1,-1,0.0012466303397029,-0.0012466303397029,0.49562672867330937,hold
2023-07-10,-1,-1,0.0043139300324381,-0.0043139300324381,0.49348862964360657,hold
2023-07-11,0,-1,-0.0028344294714754,0.0028344294714754,0.49488738835930646,hold
2023-07-12,0,-1,0.0015192303855748,-0.0015192303855748,0.49413554040147323,hold
2023-07-13,-1,-1,0.0077651149314275,-0.0077651149314275,0.49029852113855277,hold
2023-07-14,-1,-1,0.0075110132510414,-0.0075110132510414,0.4866158824493151,hold
2023-07-17,0,-1,0.0019177068530324,-0.0019177068530324,0.4856826958367476,hold
2023-07-18,-1,-1,0.0042482823714824,-0.0042482823714824,0.4836193786018903,hold
2023-07-19,-1,-1,0.0073614124394989,-0.0073614124394989,0.4800592568922676,hold
2023-07-20,-1,-1,-0.011719737128305,0.011719737128305,0.48568542518905444,hold
2023-07-21,-1,-1,-0.0036794322929856,0.0036794322929856,0.4874724718267275,hold
2023-07-24,0,-1,0.0004193703428323,-0.0004193703428323,0.48726804032909615,hold
2023-07-25,-1,-1,0.0049643391875346,-0.0049643391875346,0.48484907650165726,hold
2023-07-26,0,-1,-0.0059863783008722,0.0059863783008722,0.48775156649242474,hold
2023-07-27,0,-1,-0.0007044597937843,0.0007044597937843,0.48809516786037394,hold
2023-07-28,-1,-1,0.0054845628365591,-0.0054845628365591,0.48541817924202285,hold
2023-07-31,0,-1,-0.0010251191770254,0.0010251191770254,0.4859157907264406,hold
2023-08-01,-1,-1,-0.0104897492749598,0.0104897492749598,0.4910129255399048,hold
2023-08-02,0,-1,-0.0074206854169113,0.0074206854169113,0.4946565779959737,hold
2023-08-03,0,-1,0.0069833892701145,-0.0069833892701145,0.491202198556805,hold
2023-08-04,1,1,0.0041144018676027,0.0041144018676027,0.49273199960136094,flip
2023-08-07,1,1,-0.0013497354646058,-0.0013497354646058,0.49206694174695287,hold
2023-08-08,-1,-1,0.0031527078847637,-0.0031527078847637,0.4900235314781287,flip
2023-08-09,0,-1,-0.0045562684580157,0.0045562684580157,0.4922562102382879,hold
2023-08-10,0,-1,-0.0058741361615907,0.0058741361615907,0.4951477902436162,hold
2023-08-11,1,1,0.0003216956578122,0.0003216956578122,0.4948119293474693,flip
2023-08-14,-1,-1,0.0015667570139761,-0.0015667570139761,0.4935418673572176,flip
2023-08-16,1,1,-0.0051245825841254,-0.0051245825841254,0.4905191294318649,flip
2023-08-17,1,1,-0.0028452826260957,-0.0028452826260957,0.4891234638751248,hold
2023-08-18,1,1,0.0043215209131937,0.0043215209131937,0.4912372211533949,hold
2023-08-21,1,1,0.0001469355577301,0.0001469355577301,0.4913094013684629,hold
2023-08-22,1,1,0.0024515199000461,0.0024515199000461,0.4925138561429974,hold
2023-08-23,0,1,-0.0029469646806212,-0.0029469646806212,0.4910624352042275,hold
2023-08-24,0,1,-0.0062361537740819,-0.0062361537740819,0.4880000943456188,hold
2023-08-25,0,1,0.0020891942389009,0.0020891942389009,0.48901962133130883,hold
2023-08-28,1,1,0.001895758474361,0.001895758474361,0.4899466844225765,hold
2023-08-29,1,1,0.0002480956863764,0.0002480956863764,0.49006823808153616,hold
2023-08-30,1,1,-0.0048403506033882,-0.0048403506033882,0.4876961359896368,hold
2023-08-31,1,1,0.0094267101889176,0.0094267101889176,0.4922935061238661,hold
2023-09-01,0,1,0.0048108337016425,0.0048108337016425,0.49466184831422655,hold
2023-09-04,1,1,0.0023605960187407,0.0023605960187407,0.49582954510398003,hold
2023-09-05,1,1,0.0018467726478093,0.0018467726478093,0.49674522954585376,hold
2023-09-06,1,1,0.0059150323607803,0.0059150323607803,0.49968349365368075,hold
2023-09-07,0,1,0.004709190366575,0.004709190366575,0.5020365983483313,hold
2023-09-08,0,1,0.0089001434200508,0.0089001434200508,0.5065047960757458,hold
2023-09-11,0,1,-0.0001575482868895,-0.0001575482868895,0.5064249971128227,hold
2023-09-12,1,1,0.0038413452699443,0.0038413452699443,0.5083703503800637,hold
2023-09-13,0,1,0.0016492082399102,0.0016492082399102,0.5092087589508366,hold
2023-09-14,-1,-1,0.0044396138771742,-0.0044396138771742,0.506438859919269,flip
2023-09-15,-1,-1,-0.0029243168460981,0.0029243168460981,0.5079198476088497,hold
2023-09-18,-1,-1,-0.011518249945432,0.011518249945432,0.5137701953658541,hold
2023-09-20,0,-1,-0.0079919391664983,0.0079919391664983,0.517876215512778,hold
2023-09-21,-1,-1,-0.0034494176591149,0.0034494176591149,0.5196625868758034,hold
2023-09-22,0,-1,1.5288066889551644e-05,-1.5288066889551644e-05,0.5196546422394152,hold
2023-09-25,-1,-1,-0.0005007261720755,0.0005007261720755,0.519914846919225,hold
2023-09-26,-1,-1,0.0026316191986632,-0.0026316191986632,0.5185466290264023,hold
2023-09-27,-1,-1,-0.0097836296667737,0.0097836296667737,0.5236198972097504,hold
2023-09-28,0,-1,0.0058775169171687,-0.0058775169171687,0.520542312405734,hold
2023-09-29,0,-1,-0.0055784246544688,0.0055784246544688,0.5234461184749524,hold
2023-10-03,0,-1,-0.0047443072713306,0.0047443072713306,0.5259295077009829,hold
2023-10-04,1,1,0.0056415841052857,0.0056415841052857,0.5283706537444286,flip
2023-10-05,-1,-1,0.0055127073660514,-0.0055127073660514,0.5249295302957819,flip
2023-10-06,-1,-1,-0.0071819467588469,0.0071819467588469,0.5286995462345128,hold
2023-10-09,0,-1,0.0090968029762401,-0.0090968029762401,0.5238900706287899,hold
2023-10-10,0,-1,0.0061706921287072,-0.0061706921287072,0.5206573062936529,hold
2023-10-11,0,-1,-0.0008757409120068,0.0008757409120068,0.5211132671979095,hold
2023-10-12,-1,-1,-0.002169809980297,0.002169809980297,0.5222439839659406,hold
2023-10-13,0,-1,-0.0009772027556287,0.0009772027556287,0.5227543222261827,hold
2023-10-16,-1,-1,0.0040417094276989,-0.0040417094276989,0.5206415011536708,hold
2023-10-17,0,-1,-0.0070868127413371,0.0070868127413371,0.5243311899777154,hold
2023-10-18,0,-1,-0.0023588102112444,0.0023588102112444,0.5255679877427089,hold
2023-10-19,0,-1,-0.0041808960845935,0.0041808960845935,0.5277653328848501,hold
2023-10-20,1,1,-0.0133503074255556,-0.0133503074255556,0.5201917381094018,flip
2023-10-23,0,1,-0.008277236732921,-0.008277236732921,0.5158859879465606,hold
2023-10-25,0,1,-0.0138530649123475,-0.0138530649123475,0.5087393858681664,hold
2023-10-26,0,1,0.0100757003274603,0.0100757003274603,0.5138652914649502,hold
2023-10-27,0,1,0.0049167407696648,0.0049167407696648,0.5163918338936117,hold
2023-10-30,-1,-1,-0.0032026069828995,0.0032026069828995,0.517529242152858,flip
2023-10-31,1,1,-0.0047406245729368,-0.0047406245729368,0.5145583010681419,flip
2023-11-01,0,1,0.0075885232572669,0.0075885232572669,0.5184630387030174,hold
2023-11-02,-1,-1,0.0050879808383312,-0.0050879808383312,0.5153066456580104,flip
2023-11-03,-1,-1,0.0094199033989916,-0.0094199033989916,0.5104525068350536,hold
2023-11-06,-1,-1,-0.0002601919584787,0.0002601919584787,0.5105853224725173,hold
2023-11-07,-1,-1,0.0018962926582819,-0.0018962926582819,0.5096171032740862,hold
2023-11-08,-1,-1,-0.002478937369815,0.002478937369815,0.5108804121556892,hold
2023-11-09,1,1,0.0015492839458333,0.0015492839458333,0.5111610305643272,flip
2023-11-10,-1,-1,0.0009369804014345,-0.0009369804014345,0.510170921666147,flip
2023-11-13,0,-1,0.0119267535086042,-0.0119267535086042,0.5040862388361774,hold
2023-11-15,0,-1,0.0045615222809993,-0.0045615222809993,0.5017868382261811,hold
2023-11-16,0,-1,-0.0016897597201204,0.0016897597201204,0.5026347374135023,hold
2023-11-17,1,1,-0.0019157289123818,-0.0019157289123818,0.5011691907772583,flip
2023-11-20,1,1,0.004539473475424,0.004539473475424,0.5034442350254914,hold
2023-11-21,0,1,0.0014380348265852,0.0014380348265852,0.5041682053687017,hold
2023-11-22,-1,-1,-0.0004971574875239,0.0004971574875239,0.5039146881616035,flip
2023-11-23,-1,-1,-0.0003686890844358,0.0003686890844358,0.5041004760066156,hold
2023-11-24,-1,-1,0.0047992646389904,-0.0047992646389904,0.5016811644176188,hold
2023-11-28,-1,-1,0.0104023891135545,-0.0104023891135545,0.4964624817344056,hold
2023-11-29,-1,-1,0.0018187545137213,-0.0018187545137213,0.4955595383548579,hold
2023-11-30,-1,-1,0.0066929416105065,-0.0066929416105065,0.4922427873001193,hold
2023-12-01,-1,-1,0.0206681690037693,-0.0206681690037693,0.4820690301813139,hold
2023-12-04,0,-1,0.0081355657602475,-0.0081355657602475,0.47814712588529507,hold
2023-12-05,0,-1,0.0039606432442005,-0.0039606432442005,0.4762533557014236,hold
2023-12-06,-1,-1,-0.001745599062397,0.001745599062397,0.4770847031125994,hold
2023-12-07,-1,-1,0.0032653705047074,-0.0032653705047074,0.4755268447948084,hold
2023-12-08,-1,-1,0.0013209351833629,-0.0013209351833629,0.47489870465488543,hold
2023-12-11,-1,-1,-0.0043196070141755,0.0043196070141755,0.47695008043053555,hold
2023-12-12,0,-1,0.0009542158562574,-0.0009542158562574,0.4764949671011455,hold
2023-12-13,-1,-1,0.0122500872899569,-0.0122500872899569,0.4706578621609313,hold
2023-12-14,-1,-1,0.0129327792008919,-0.0129327792008919,0.4645709479504402,hold
2023-12-15,-1,-1,-0.0017710126840955,0.0017710126840955,0.46539370899192267,hold
2023-12-18,-1,-1,0.0016083748565725,-0.0016083748565725,0.46464518145197303,hold
2023-12-19,-1,-1,-0.0141214660942333,0.0141214660942333,0.47120665262769595,hold
2023-12-20,-1,-1,0.0049597940765233,-0.0049597940765233,0.46886956466317475,hold
2023-12-21,0,-1,0.0044389265566107,-0.0044389265566107,0.4667882871010049,hold
2023-12-22,0,-1,0.0043068759341071,-0.0043068759341071,0.4647778878609665,hold
2023-12-26,0,-1,0.0099527499207277,-0.0099527499207277,0.4601520697744023,hold
2023-12-27,-1,-1,0.0057238813077962,-0.0057238813077962,0.45751821394347686,hold
2023-12-28,-1,-1,-0.0021717930740454,0.0021717930740454,0.45851184883176893,hold
2023-12-29,-1,-1,0.0004831718072126,-0.0004831718072126,0.4582903088331405,hold
2024-01-01,-1,-1,-0.003500136051024,0.003500136051024,0.4598943872649223,hold
2024-01-02,-1,-1,-0.0068518663756694,0.0068518663756694,0.4630455221533819,hold
2024-01-03,0,-1,0.0065644701863494,-0.0065644701863494,0.46000587362828343,hold
2024-01-04,0,-1,0.0024101822286055,-0.0024101822286055,0.4588971756466104,hold
2024-01-05,-1,-1,-0.009110708685643,0.009110708685643,0.46307805413059105,hold
2024-01-08,0,-1,0.0014804820050666,-0.0014804820050666,0.46239247540450945,hold
2024-01-09,0,-1,0.0034277152411805,-0.0034277152411805,0.4608075256691582,hold
2024-01-10,-1,-1,0.0013183031833516,-0.0013183031833516,0.4602000416411562,hold
2024-01-11,-1,-1,0.0114264926377058,-0.0114264926377058,0.4549415692534716,hold
2024-01-12,0,-1,0.0092670746948486,-0.0092670746948486,0.45072559174940807,hold
2024-01-15,0,-1,-0.0029482333845447,0.0029482333845447,0.4520544359862724,hold
2024-01-16,1,1,-0.0208943935120824,-0.0208943935120824,0.44215697827590644,flip
2024-01-17,0,1,-0.0050852715087356,-0.0050852715087356,0.43990848999189136,hold
2024-01-18,0,1,0.0074619571864553,0.0074619571864553,0.4431910683101691,hold
2024-01-19,0,1,-0.0177408429427344,-0.0177408429427344,0.4353284851736557,hold
2024-01-23,0,1,0.0101299710711508,0.0101299710711508,0.43973835013491275,hold
2024-01-24,0,1,-0.0047240537554001,-0.0047240537554001,0.4376610025305645,hold
2024-01-25,0,1,0.0180305914522447,0.0180305914522447,0.445552289261773,hold
2024-01-29,0,1,-0.0099136981024832,-0.0099136981024832,0.44113521837716146,hold
2024-01-30,0,1,0.0094600254190029,0.0094600254190029,0.4453083687562268,hold
2024-01-31,0,1,-0.0013003033741542,-0.0013003033741542,0.444729332781794,hold
2024-02-01,-1,-1,0.0072059881750932,-0.0072059881750932,0.4410798891358695,flip
2024-02-02,0,-1,-0.0037568550808078,0.0037568550808078,0.4427369623584117,hold
2024-02-05,0,-1,0.0072434021015312,-0.0072434021015312,0.43953004051483924,hold
2024-02-06,0,-1,5.014315737827957e-05,-5.014315737827957e-05,0.4395080010908452,hold
2024-02-07,-1,-1,-0.0096920171108729,0.0096920171108729,0.44376772015778326,hold
2024-02-08,0,-1,0.0029722318898448,-0.0029722318898448,0.4424487395882466,hold
2024-02-09,-1,-1,-0.0076414194307357,0.0076414194307357,0.4458296759840408,hold
2024-02-12,0,-1,0.0058844800115076,-0.0058844800115076,0.44320620016717577,hold
2024-02-13,0,-1,0.0044519922849619,-0.0044519922849619,0.4412330495833842,hold
2024-02-14,0,-1,0.0032371361888359,-0.0032371361888359,0.4398047181108674,hold
2024-02-15,0,-1,0.0059308430222606,-0.0059308430222606,0.4371963053673023,hold
2024-02-16,0,-1,0.0037000088082788,-0.0037000088082788,0.43557867518649634,hold
2024-02-19,-1,-1,0.003376655573009,-0.003376655573009,0.434107876025444,hold
2024-02-20,-1,-1,-0.00639270001033,0.00639270001033,0.4368829974489962,hold
2024-02-21,0,-1,0.0073633218581414,-0.0073633218581414,0.4336660873244297,hold
2024-02-22,0,-1,-0.0002137959201901,0.0002137959201901,0.4337588033646244,hold
2024-02-23,0,-1,-0.0040809285088362,0.0040809285088362,0.43552894203123377,hold
2024-02-26,0,-1,0.0034489943486464,-0.0034489943486464,0.4340268051714961,hold
2024-02-27,0,-1,-0.0111359278099485,0.0111359278099485,0.4388600963414685,hold
2024-02-28,0,-1,0.0014418556686905,-0.0014418556686905,0.4382273234237965,hold
2024-02-29,0,-1,0.0161921687000685,-0.0161921687000685,0.4311314726739389,hold
2024-03-01,1,1,0.0029925402887358,0.0029925402887358,0.43199051950298384,flip
2024-03-04,-1,-1,-0.0022002905070378,0.0022002905070378,0.4325090336226736,flip
2024-03-05,0,-1,0.0052669715420341,-0.0052669715420341,0.4302310208509103,hold
2024-03-06,0,-1,0.000867667346212,-0.000867667346212,0.4298577234427905,hold
2024-03-07,0,-1,-0.0071531788017711,0.0071531788017711,0.4329325725978991,hold
2024-03-11,0,-1,0.000136518866846,-0.000136518866846,0.4328734691336673,hold
2024-03-12,-1,-1,-0.0151327252704165,0.0151327252704165,0.43942402441891926,hold
2024-03-13,0,-1,0.0067712159528048,-0.0067712159528048,0.4364485894547282,hold
2024-03-14,0,-1,-0.0055674686273187,0.0055674686273187,0.43887850328395484,hold
2024-03-15,0,-1,0.0014688778023679,-0.0014688778023679,0.4382338443925446,hold
2024-03-18,0,-1,-0.0108021966402886,0.0108021966402886,0.44296773255410254,hold
2024-03-19,0,-1,0.0009923428906801,-0.0009923428906801,0.44252815667390183,hold
2024-03-20,-1,-1,0.0079146856998078,-0.0079146856998078,0.43902568540051257,hold
2024-03-21,0,-1,0.0038524885010076,-0.0038524885010076,0.43733434399586013,hold
2024-03-22,-1,-1,-0.0041658063402989,0.0041658063402989,0.43915619417890855,hold
2024-03-26,1,1,0.0054057167831516,0.0054057167831516,0.4410909919940276,flip
2024-03-27,0,1,0.0091870010785439,0.0091870010785439,0.4451432954132128,hold
2024-03-28,0,1,0.0060509791780918,0.0060509791780918,0.44783684822502534,hold
2024-04-01,0,1,-0.0003872860275131,-0.0003872860275131,0.44766340727110226,hold
2024-04-02,1,1,-0.0008306302403686,-0.0008306302403686,0.44729156450751645,hold
2024-04-03,-1,-1,0.0035659124883635,-0.0035659124883635,0.4452492703671919,flip
2024-04-04,-1,-1,-4.224679746289706e-05,4.224679746289706e-05,0.44526808072293766,hold
2024-04-05,-1,-1,0.0067781647528144,-0.0067781647528144,0.44224998031262813,hold
2024-04-08,0,-1,-0.0010390218270411,0.0010390218270411,0.4427094876951814,hold
2024-04-09,-1,-1,0.0049044741142307,-0.0049044741142307,0.4405382304726561,hold
2024-04-10,0,-1,-0.0103015928142499,0.0103015928142499,0.44507647594209554,hold
2024-04-12,0,-1,-0.010963897188301,0.010963897188301,0.449956248665256,hold
2024-04-15,0,-1,-0.005594325260972,0.005594325260972,0.4524734502734963,hold
2024-04-16,0,-1,-0.0068652458503182,0.0068652458503182,0.45557979175036556,hold
2024-04-18,1,1,0.0068717686886063,0.0068717686886063,0.45825485090672724,flip
2024-04-19,-1,-1,0.0085519659829773,-0.0085519659829773,0.45387761615933186,flip
2024-04-22,0,-1,0.0014147135985376,-0.0014147135985376,0.4532355093236794,hold
2024-04-23,-1,-1,0.0015379287654238,-0.0015379287654238,0.452538465396379,hold
2024-04-24,-1,-1,0.0074969296067168,-0.0074969296067168,0.4491458163769707,hold
2024-04-25,0,-1,-0.0066636269808832,0.0066636269808832,0.45213875655733116,hold
2024-04-26,0,-1,0.0099666225688024,-0.0099666225688024,0.4476324602219966,hold
2024-04-29,0,-1,-0.0017025173156396,0.0017025173156396,0.4483945622365669,hold
2024-04-30,0,-1,0.001917712797214,-0.001917712797214,0.4475346702463647,hold
2024-05-02,-1,-1,-0.0076098592965534,0.0076098592965534,0.45094034611726896,hold
2024-05-03,0,-1,-0.0014749338156797,0.0014749338156797,0.4516054532826116,hold
2024-05-06,-1,-1,-0.006246985595782,0.006246985595782,0.4544266260442447,hold
2024-05-07,0,-1,0.0,-0.0,0.4544266260442447,hold
2024-05-08,-1,-1,-0.0154691178119045,0.0154691178119045,0.4614562050593894,hold
2024-05-09,0,-1,0.004449469144939,-0.004449469144939,0.459402969913237,hold
2024-05-10,-1,-1,0.0022149680905385,-0.0022149680905385,0.45838540699418057,hold
2024-05-13,-1,-1,0.0051483245877055,-0.0051483245877055,0.45602549013270705,hold
2024-05-14,-1,-1,-0.0007786004689536,0.0007786004689536,0.45638055179317916,hold
2024-05-15,-1,-1,0.0091573776762647,-0.0091573776762647,0.45220130271630693,hold
2024-05-16,0,-1,0.002778540343975,-0.002778540343975,0.4509448431531116,hold
2024-05-17,0,-1,0.0028020516676037,-0.0028020516676037,0.44968127240335715,hold
2024-05-21,0,-1,0.00305161547495,-0.00305161547495,0.44830901807369583,hold
2024-05-22,0,-1,0.016366619608483,-0.016366619608483,0.44097171490783116,hold
2024-05-23,1,1,-0.0004593757337192,-0.0004593757337192,0.4403281714878381,flip
2024-05-24,-1,-1,-0.0010737589261899,0.0010737589261899,0.4403606496209383,flip
2024-05-27,-1,-1,-0.0019317094176221,0.0019317094176221,0.44121129843496126,hold
2024-05-28,-1,-1,-0.008015115627261,0.008015115627261,0.44474765800797145,hold
2024-05-29,-1,-1,-0.0095155996581792,0.0095155996581792,0.44897969867048815,hold
2024-05-30,0,-1,0.0018697799732139,-0.0018697799732139,0.44814020542153443,hold
2024-05-31,-1,-1,0.0325423176953527,-0.0325423176953527,0.43355668448464624,hold
2024-06-03,-1,-1,-0.0592935994164107,0.0592935994164107,0.45926382085878603,hold
2024-06-04,0,-1,0.0336242367600356,-0.0336242367600356,0.44382142541091163,hold
2024-06-05,0,-1,0.0088880492442378,-0.0088880492442378,0.43987671872621165,hold
2024-06-06,0,-1,0.0205399314668071,-0.0205399314668071,0.43084168106973125,hold
2024-06-07,0,-1,-0.0013289382574128,0.0013289382574128,0.4314142430625929,hold
2024-06-10,-1,-1,0.0002429314342191,-0.0002429314342191,0.4313094389817832,hold
2024-06-11,-1,-1,0.0024973129141392,-0.0024973129141392,0.43023232434982384,hold
2024-06-12,-1,-1,0.003256499474515,-0.003256499474515,0.42883127301165924,hold
2024-06-13,-1,-1,0.0028505279152657,-0.0028505279152657,0.42760887749700055,hold
2024-06-14,-1,-1,0.0039334507869606,-0.0039334507869606,0.42592689902129865,hold
2024-06-18,-1,-1,-0.0017786131162043,0.0017786131162043,0.42668445819044215,hold
2024-06-19,-1,-1,0.0021687361796223,-0.0021687361796223,0.425759092168682,hold
2024-06-20,-1,-1,-0.0027962995130903,0.0027962995130903,0.4269496421108071,hold
2024-06-21,-1,-1,0.001563756616109,-0.001563756616109,0.426281996783211,hold
2024-06-24,-1,-1,0.0077938798539154,-0.0077938798539154,0.4229596061163955,hold
2024-06-25,-1,-1,0.0062180401218379,-0.0062180401218379,0.42032962631564696,hold
2024-06-26,-1,-1,0.0073610408985447,-0.0073610408985447,0.41723556274546747,hold
2024-06-27,0,-1,-0.0014099020825968,0.0014099020825968,0.4178238240343158,hold
2024-06-28,-1,-1,0.0054704843490753,-0.0054704843490753,0.41553812534426526,hold
2024-07-01,-1,-1,-0.0007497161563467,0.0007497161563467,0.4158496609904139,hold
2024-07-02,-1,-1,0.0067423066077227,-0.0067423066077227,0.41304587507329904,hold
2024-07-03,0,-1,0.0006444070008029,-0.0006444070008029,0.412779705419749,hold
2024-07-04,-1,-1,0.0008928929498506,-0.0008928929498506,0.4124111373309383,hold
2024-07-05,-1,-1,-0.0001356211363734,0.0001356211363734,0.4124670689980362,hold
2024-07-08,-1,-1,0.0046318209860134,-0.0046318209860134,0.41055659537181166,hold
2024-07-09,0,-1,-0.0044509111977667,0.0044509111977667,0.412383946319469,hold
2024-07-10,0,-1,-0.0003494426502141,0.0003494426502141,0.4125280508585767,hold
2024-07-11,-1,-1,0.007657573644356,-0.007657573644356,0.4093690869287645,hold
2024-07-12,0,-1,0.0034506697076412,-0.0034506697076412,0.4079564894212547,hold
2024-07-15,-1,-1,0.0010697158254551,-0.0010697158254551,0.40752009190842364,hold
2024-07-16,-1,-1,0.0076321297434283,-0.0076321297434283,0.40440984569392474,hold
2024-07-18,0,-1,-0.0108846762510892,0.0108846762510892,0.40881171593705606,hold
2024-07-19,-1,-1,-0.0008825762723847,0.0008825762723847,0.409172523457415,hold
2024-07-22,-1,-1,-0.0012321559717249,0.0012321559717249,0.40967668782565886,hold
2024-07-23,-1,-1,-0.0026778318259059,0.0026778318259059,0.4107737330986502,hold
2024-07-24,0,-1,-0.0003031269840456,0.0003031269840456,0.4108982497014895,hold
2024-07-25,-1,-1,0.0175673297602745,-0.0175673297602745,0.4036798646510638,hold
2024-07-26,0,-1,5.03324972633834e-05,-5.03324972633834e-05,0.403659546435381,hold
2024-07-29,0,-1,0.0008536433743,-0.0008536433743,0.40331496513809345,hold
2024-07-30,-1,-1,0.0037755350108565,-0.0037755350108565,0.40179223536681224,hold
2024-07-31,-1,-1,0.0023946791656728,-0.0023946791656728,0.4008300718718502,hold
2024-08-01,0,-1,-0.0117229354919546,0.0117229354919546,0.40552897694763945,hold
2024-08-02,0,-1,-0.0267864578946228,0.0267864578946228,0.41639166181369686,hold
2024-08-05,0,-1,-0.0026209626510589,0.0026209626510589,0.4174830088075229,hold
2024-08-06,1,1,0.0127101624804444,0.0127101624804444,0.4223718026734839,flip
2024-08-07,-1,-1,-0.007428747813561,0.007428747813561,0.42508712447643093,flip
2024-08-08,1,1,0.0103868640378157,0.0103868640378157,0.4290773595181173,flip
2024-08-09,-1,-1,-0.0008412844977941,0.0008412844977941,0.4290092582895162,flip
2024-08-12,-1,-1,-0.0085431469996303,0.0085431469996303,0.43267434744728583,hold
2024-08-13,0,-1,0.0001967769998756,-0.0001967769998756,0.432589207087272,hold
2024-08-14,0,-1,0.0164597624902924,-0.0164597624902924,0.42546889148275163,hold
2024-08-16,-1,-1,0.0012835584110202,-0.0012835584110202,0.4249227773084615,hold
2024-08-19,-1,-1,0.0051357593399101,-0.0051357593399101,0.42274047618615906,hold
2024-08-20,-1,-1,0.0028887826964991,-0.0028887826964991,0.4215192708134427,hold
2024-08-21,-1,-1,0.0016673576536574,-0.0016673576536574,0.4208164474310878,hold
2024-08-22,-1,-1,0.0004695560778267,-0.0004695560778267,0.4206188505105471,hold
2024-08-23,-1,-1,0.007551387144671,-0.007551387144671,0.41744259472999545,hold
2024-08-26,0,-1,0.000285894410237,-0.000285894410237,0.4173232502255673,hold
2024-08-27,-1,-1,0.0013830024432652,-0.0013830024432652,0.416746091150874,hold
2024-08-28,-1,-1,0.0039756594063229,-0.0039756594063229,0.41508925063354174,hold
2024-08-29,-1,-1,0.0033377600735777,-0.0033377600735777,0.41370378230580584,hold
2024-08-30,-1,-1,0.0016959501132323,-0.0016959501132323,0.4130021613293597,hold
2024-09-02,-1,-1,4.550829989491412e-05,-4.550829989491412e-05,0.41298336630314464,hold
2024-09-03,-1,-1,-0.0032100820170585,0.0032100820170585,0.4143090767806586,hold
2024-09-04,-1,-1,-0.0021270784221717,0.0021270784221717,0.4151903446779886,hold
2024-09-05,0,-1,-0.0116503502989019,0.0116503502989019,0.42002745763420896,hold
2024-09-06,0,-1,0.0033900486950126,-0.0033900486950126,0.41860354409958667,hold
2024-09-09,-1,-1,0.0041986500501236,-0.0041986500501236,0.416845974308171,hold
2024-09-10,-1,-1,-0.0048979634496194,0.0048979634496194,0.41888767065445337,hold
2024-09-11,1,1,0.0188796328272711,0.0188796328272711,0.4263772284016259,flip
2024-09-12,1,1,-0.0012761636040355,-0.0012761636040355,0.4258331013011502,hold
2024-09-13,-1,-1,0.0010746751326089,-0.0010746751326089,0.42494963595523894,flip
2024-09-16,-1,-1,0.0013709866056039,-0.0013709866056039,0.4243670356962881,hold
2024-09-17,-1,-1,-0.0016129951842196,0.0016129951842196,0.4250515376812078,hold
2024-09-18,0,-1,0.0015072376499098,-0.0015072376499098,0.4244108840004626,hold
2024-09-19,0,-1,0.0147604413777415,-0.0147604413777415,0.41814639202709836,hold
2024-09-20,1,1,0.0057423850996662,0.0057423850996662,0.4201294032461269,flip
2024-09-23,-1,-1,5.203002169906768e-05,-5.203002169906768e-05,0.41968741450091346,flip
2024-09-24,-1,-1,0.0024575565157058,-0.0024575565157058,0.41865600896084704,hold
2024-09-25,-1,-1,0.008148714241454,-0.008148714241454,0.4152445007783575,hold
2024-09-26,0,-1,-0.0014152231703233,0.0014152231703233,0.4158321644172084,hold
2024-09-27,-1,-1,-0.0140609008520233,0.0140609008520233,0.42167913925216105,hold
2024-09-30,-1,-1,-0.0005404401234794,0.0005404401234794,0.42190703157824716,hold
2024-10-01,-1,-1,-0.0211963752609873,0.0211963752609873,0.43084993134482896,hold
2024-10-03,0,-1,-0.0093266958801446,0.0093266958801446,0.43486833762446336,hold
2024-10-04,0,-1,-0.0087488751686026,0.0087488751686026,0.43867294642511756,hold
2024-10-07,0,-1,0.0087676473034692,-0.0087676473034692,0.43482681674928847,hold
2024-10-08,-1,-1,-0.0012473907279866,0.0012473907279866,0.43536921568878145,hold
2024-10-09,-1,-1,0.0006604768849507,-0.0006604768849507,0.43508166438539986,hold
2024-10-10,-1,-1,-0.0013680536120755,0.0013680536120755,0.4356768794279101,hold
2024-10-11,-1,-1,0.0065573457544287,-0.0065573457544287,0.4328199954922908,hold
2024-10-14,-1,-1,-0.0028096049048969,0.0028096049048969,0.43403604867456336,hold
2024-10-15,1,1,-0.0034340754096676,-0.0034340754096676,0.4321115001042262,flip
2024-10-16,1,1,-0.0088682273228345,-0.0088682273228345,0.4282794370924909,hold
2024-10-17,0,1,0.0042101739412401,0.0042101739412401,0.4300825680181067,hold
2024-10-18,-1,-1,-0.0029351823779982,0.0029351823779982,0.43091485622481956,flip
2024-10-21,1,1,-0.0124691803378693,-0.0124691803378693,0.4251107863160605,flip
2024-10-22,1,1,-0.0014955647434917,-0.0014955647434917,0.42447500561196816,hold
2024-10-23,-1,-1,-0.0014773427748562,0.0014773427748562,0.42467762568900413,flip
2024-10-24,-1,-1,-0.0089592205494931,0.0089592205494931,0.42848240619998695,hold
2024-10-25,1,1,0.0065485676346082,0.0065485676346082,0.4308598698110273,flip
2024-10-28,-1,-1,0.0052466588480091,-0.0052466588480091,0.42816843519302017,flip
2024-10-29,-1,-1,-0.0051498252538292,0.0051498252538292,0.43037342781346966,hold
2024-10-30,1,1,-0.005566773640794,-0.005566773640794,0.42754726293200596,flip
2024-10-31,1,1,0.0040900049616161,0.0040900049616161,0.4292959333587233,hold
2024-11-01,-1,-1,-0.0127137736646451,0.0127137736646451,0.43432460875723994,flip
2024-11-04,1,1,0.0090830588186072,0.0090830588186072,0.4378352801161933,flip
2024-11-05,0,1,0.0111818707596305,0.0111818707596305,0.4427310976324592,hold
2024-11-06,-1,-1,-0.0116280257061476,0.0116280257061476,0.447436455119008,flip
2024-11-07,0,-1,-0.0021137093124677,0.0021137093124677,0.44838220572093057,hold
2024-11-08,0,-1,-0.0002856708874028,0.0002856708874028,0.4485102954635345,hold
2024-11-11,-1,-1,-0.0106809307765333,0.0106809307765333,0.45330080288194297,hold
2024-11-12,0,-1,-0.0135825623229214,0.0135825623229214,0.4594577892881172,hold
2024-11-13,1,1,-0.0011185324376894,-0.0011185324376894,0.4584844130577612,flip
2024-11-14,-1,-1,-0.0033527151631265,0.0033527151631265,0.4595630962884194,flip
2024-11-18,1,1,0.0027585814066317,0.0027585814066317,0.4603712754047264,flip
2024-11-19,-1,-1,-0.0071688079331164,0.0071688079331164,0.46321121738062204,flip
2024-11-21,1,1,0.0238694641112378,0.0238694641112378,0.473804609692431,flip
2024-11-22,1,1,0.0131612958673623,0.0131612958673623,0.4800404923439132,hold
2024-11-25,-1,-1,-0.0011312238174179,0.0011312238174179,0.4801034850898338,flip
2024-11-26,-1,-1,0.0033230854378061,-0.0033230854378061,0.4785080601898918,hold
2024-11-27,-1,-1,-0.0148610290544929,0.0148610290544929,0.48561918237518276,hold
2024-11-28,0,-1,0.0090720019405352,-0.0090720019405352,0.481213644210314,hold
2024-11-29,0,-1,0.0060068200049485,-0.0060068200049485,0.47832308046561733,hold
2024-12-02,0,-1,0.0074600111445999,-0.0074600111445999,0.4747547849546245,hold
2024-12-03,0,-1,0.0004210968146538,-0.0004210968146538,0.4745548672269384,hold
2024-12-04,-1,-1,0.0098478255628851,-0.0098478255628851,0.4698815336744694,hold
2024-12-05,-1,-1,-0.0012384293961259,0.0012384293961259,0.4704634487784685,hold
2024-12-06,-1,-1,-0.0023827399277279,0.0023827399277279,0.4715844408224095,hold
2024-12-09,-1,-1,-0.00036350862139,0.00036350862139,0.47175586583236184,hold
2024-12-10,-1,-1,0.0012901233029631,-0.0012901233029631,0.471147242596542,hold
2024-12-11,-1,-1,-0.0037781963796591,0.0037781963796591,0.4729273294028066,hold
2024-12-12,-1,-1,0.0089455478085889,-0.0089455478085889,0.4686967353676455,hold
2024-12-13,0,-1,-0.0040394689217332,0.0040394689217332,0.4705900212638809,hold
2024-12-16,-1,-1,-0.0134687300477334,0.0134687300477334,0.4769282712234412,hold
2024-12-17,0,-1,-0.0056356998120069,0.0056356998120069,0.47961609579191594,hold
2024-12-18,0,-1,-0.010213311567061,0.010213311567061,0.4845145644108162,hold
2024-12-19,0,-1,-0.0152055691508056,0.0152055691508056,0.49188188412453726,hold
2024-12-20,0,-1,0.0070354729729729,-0.0070354729729729,0.4884212624228841,hold
2024-12-23,-1,-1,-0.0010861087115143,0.0010861087115143,0.48895174101089045,hold
2024-12-24,-1,-1,0.0009503186263191,-0.0009503186263191,0.48848708106403665,hold
2024-12-26,-1,-1,0.002661079652128,-0.002661079652128,0.4871871780322897,hold
2024-12-27,-1,-1,-0.0070758479358679,0.0070758479358679,0.4906344404203508,hold
2024-12-30,1,1,-4.212721278373799e-06,-4.212721278373799e-06,0.4901417390737834,flip
2024-12-31,-1,-1,0.0041488871182535,-0.0041488871182535,0.487618054587348,flip
2025-01-01,-1,-1,0.0187740331916654,-0.0187740331916654,0.47846349704566987,hold
2025-01-02,1,1,-0.0076027553276091,-0.0076027553276091,0.47434739264739373,flip
2025-01-03,0,1,-0.0161925959966257,-0.0161925959966257,0.4666664769562017,hold
2025-01-06,0,1,0.0038892874268343,0.0038892874268343,0.46848147701755255,hold
2025-01-07,-1,-1,-0.0007993610384197,0.0007993610384197,0.4683874813804841,flip
2025-01-08,-1,-1,-0.0068575949591475,0.0068575949591475,0.47159949301172666,hold
2025-01-09,1,1,-0.0040379997024632,-0.0040379997024632,0.4692235749062518,flip
2025-01-10,1,1,-0.0147472753024774,-0.0147472753024774,0.4623038056686966,hold
2025-01-13,1,1,0.0039028744993869,0.0039028744993869,0.4641081194028105,hold
2025-01-14,-1,-1,0.0016028803979861,-0.0016028803979861,0.46290010147627075,flip
2025-01-15,-1,-1,0.0042476507253836,-0.0042476507253836,0.4609338635244549,hold
2025-01-16,-1,-1,-0.0046586517926727,0.0046586517926727,0.4630811938940667,hold
2025-01-17,1,1,0.0061004855371675,0.0061004855371675,0.46544313282605776,flip
2025-01-20,-1,-1,-0.0137118456772935,0.0137118456772935,0.4713597741020987,flip
2025-01-21,-1,-1,0.0056764909144164,-0.0056764909144164,0.46868410462698684,hold
2025-01-22,-1,-1,0.0021593282262408,-0.0021593282262408,0.4676720618106754,hold
2025-01-23,-1,-1,-0.0048760476583936,0.0048760476583936,0.4699524530725634,hold
2025-01-24,1,1,-0.0113912419355629,-0.0113912419355629,0.46412915852833003,flip
2025-01-27,1,1,0.0056112298172781,0.0056112298172781,0.4667334939017324,hold
2025-01-28,-1,-1,0.0089666492883511,-0.0089666492883511,0.4620817248568871,flip
2025-01-29,1,1,0.0037300875997627,0.0037300875997627,0.46334324844399594,flip
2025-01-30,-1,-1,0.0111357401503258,-0.0111357401503258,0.4577202351804717,flip
2025-01-31,0,-1,-0.0011166221250199,0.0011166221250199,0.45823133572214353,hold
2025-02-01,-1,-1,-0.0051570919766934,0.0051570919766934,0.4605944768670657,hold
2025-02-03,0,-1,0.0161893068206311,-0.0161893068206311,0.45313777156117674,hold
2025-02-04,0,-1,-0.0018092070621439,0.0018092070621439,0.45395759161760935,hold
2025-02-05,0,-1,-0.0039226026346081,0.0039226026346081,0.45573828686248896,hold
2025-02-06,0,-1,-0.0018387386257991,0.0018387386257991,0.45657627045379856,hold
2025-02-07,0,-1,-0.0075700336923079,0.0075700336923079,0.4600325682042421,hold
2025-02-10,0,-1,-0.0132496849360461,0.0132496849360461,0.46612785479326846,hold
2025-02-11,0,-1,-0.0011507892904301,0.0011507892904301,0.4666642697365357,hold
2025-02-12,-1,-1,-0.0006009745771905,0.0006009745771905,0.4669447230987305,hold
2025-02-13,-1,-1,-0.0044352661537063,0.0044352661537063,0.46901574722474204,hold
2025-02-14,1,1,0.0013192755977626,0.0013192755977626,0.4691654925077974,flip
2025-02-17,-1,-1,-0.0006184463402948,0.0006184463402948,0.4689864806971236,flip
2025-02-18,-1,-1,-0.0005404326900405,0.0005404326900405,0.46923993632247935,hold
2025-02-19,-1,-1,-0.0008612081186238,0.0008612081186238,0.4696440495652228,hold
2025-02-20,-1,-1,-0.0051171487988824,0.0051171487988824,0.47204728804935775,hold
2025-02-21,0,-1,-0.0106401053300685,0.0106401053300685,0.4770699209149761,hold
2025-02-24,1,1,-0.0002571160481895,-0.0002571160481895,0.4764701886612854,flip
2025-02-25,-1,-1,-0.0001108767876499,0.0001108767876499,0.47604654795655377,flip
2025-02-27,-1,-1,-0.0186449596666951,0.0186449596666951,0.48492241664267316,hold
2025-02-28,1,1,-0.0002440004922383,-0.0002440004922383,0.4843191729176723,flip
2025-03-03,-1,-1,-0.0016569416451024,0.0016569416451024,0.48463734235188355,flip
2025-03-04,0,-1,0.0115316950692254,-0.0115316950692254,0.47904865230072186,hold
2025-03-05,-1,-1,0.009284847776867,-0.009284847776867,0.4746007584863964,hold
2025-03-06,1,1,0.0003460139864501,0.0003460139864501,0.47429037622832615,flip
2025-03-07,-1,-1,-0.0040882039130917,0.0040882039130917,0.4757550816241362,flip
2025-03-10,1,1,0.001674047455606,0.001674047455606,0.47607576312639666,flip
2025-03-11,-1,-1,-0.0012179087892316,0.0012179087892316,0.4761795042195221,flip
2025-03-12,-1,-1,-0.0032620894617386,0.0032620894617386,0.4777328443621325,hold
2025-03-13,0,-1,0.0049805683362682,-0.0049805683362682,0.47535346328430705,hold
2025-03-17,1,1,0.0144632989948354,0.0144632989948354,0.48175328908873427,flip
2025-03-18,-1,-1,0.0032100316461272,-0.0032100316461272,0.47972509249604484,flip
2025-03-19,1,1,0.01235619558909,0.01235619558909,0.4851729444754243,flip
2025-03-20,-1,-1,0.0068885519512889,-0.0068885519512889,0.4813456324975701,flip
2025-03-21,-1,-1,0.0131881772302988,-0.0131881772302988,0.4749975609871619,hold
2025-03-24,-1,-1,0.0004353972876416,-0.0004353972876416,0.4747907483374717,hold
2025-03-25,-1,-1,-0.0076810793285454,0.0076810793285454,0.4784376537399112,hold
2025-03-26,-1,-1,0.0044748278770025,-0.0044748278770025,0.47629672758954816,hold
2025-03-27,-1,-1,-0.0030773044101545,0.0030773044101545,0.4777624376099016,hold
2025-03-28,-1,-1,-0.0150365718652369,0.0150365718652369,0.4849463468375337,hold
2025-04-01,0,-1,0.0071938424586863,-0.0071938424586863,0.48145771921746905,hold
2025-04-02,-1,-1,-0.0035251486188494,0.0035251486188494,0.4831549292314029,hold
2025-04-03,-1,-1,-0.0148666197750665,0.0148666197750665,0.4903378098567353,hold
2025-04-04,0,-1,-0.0324325462830553,0.0324325462830553,0.5062407135692458,hold
2025-04-07,0,-1,0.0168873189028142,-0.0168873189028142,0.4976916651976137,hold
2025-04-08,-1,-1,-0.0060658560080705,0.0060658560080705,0.5007105911751192,hold
2025-04-09,1,1,0.0191703874091904,0.0191703874091904,0.509808696596656,flip
2025-04-11,0,1,0.0219023977821084,0.0219023977821084,0.5209747294622942,hold
2025-04-15,-1,-1,0.004657316201027,-0.004657316201027,0.5180274106849815,flip
2025-04-16,-1,-1,0.0176834769379541,-0.0176834769379541,0.5088668849149055,hold
2025-04-17,0,-1,0.0114834984640164,-0.0114834984640164,0.5030233128235964,hold
2025-04-21,-1,-1,0.0017284255654137,-0.0017284255654137,0.5021538744697129,hold
2025-04-22,-1,-1,0.0066908406521222,-0.0066908406521222,0.4987940429127903,hold
2025-04-23,0,-1,-0.0033807460922566,0.0033807460922566,0.5004803389242085,hold
2025-04-24,-1,-1,-0.0085516633626838,0.0085516633626838,0.5047602783023303,hold
2025-04-25,-1,-1,0.0120282118827472,-0.0120282118827472,0.49868891472491544,hold
2025-04-28,-1,-1,0.0003061930965739,-0.0003061930965739,0.49853621962188877,hold
2025-04-29,-1,-1,-7.191007773188485e-05,7.191007773188485e-05,0.498572069400194,hold
2025-04-30,-1,-1,0.0005136803511647,-0.0005136803511647,0.49831596272450357,hold
2025-05-02,-1,-1,0.0047008906976129,-0.0047008906976129,0.4959734338508599,hold
2025-05-05,0,-1,-0.0033338898599493,0.0033338898599493,0.4976269546527795,hold
2025-05-06,-1,-1,0.0014274549954715,-0.0014274549954715,0.49691661457047914,hold
2025-05-07,-1,-1,-0.0057588802970967,0.0057588802970967,0.4997782978714291,hold
2025-05-08,0,-1,-0.0109501096942064,0.0109501096942064,0.505250925055905,hold
2025-05-09,-1,-1,0.0381830730902199,-0.0381830730902199,0.4859588920555941,hold
2025-05-12,-1,-1,-0.0138958390765435,0.0138958390765435,0.49271169861741404,hold
2025-05-13,0,-1,0.0036027960647213,-0.0036027960647213,0.4909365588485931,hold
2025-05-14,-1,-1,0.0160214381414618,-0.0160214381414618,0.48307104913961824,hold
2025-05-15,-1,-1,-0.0016877607536591,0.0016877607536591,0.483886357497585,hold
2025-05-16,-1,-1,-0.0029717088137536,0.0029717088137536,0.4853243268510157,hold
2025-05-19,-1,-1,-0.0104848313546668,0.0104848313546668,0.49041287057036576,hold
2025-05-20,-1,-1,0.0052483127088862,-0.0052483127088862,0.48783903046914995,hold
2025-05-21,-1,-1,-0.0082112727740422,0.0082112727740422,0.4918448098181564,hold
2025-05-22,0,-1,0.0098924887180058,-0.0098924887180058,0.4869792405860206,hold
2025-05-23,-1,-1,0.0059549794562796,-0.0059549794562796,0.48407928921269616,hold
2025-05-26,0,-1,-0.0069977248703164,0.0069977248703164,0.4874667428940249,hold
2025-05-27,-1,-1,-0.0029706520659956,0.0029706520659956,0.48891483698090715,hold
2025-05-28,1,1,0.0032784792287758,0.0032784792287758,0.4900288192816086,flip
2025-05-29,-1,-1,-0.0033382349691143,0.0033382349691143,0.49117462180272664,flip
2025-05-30,0,-1,-0.0013777230725331,0.0013777230725331,0.491851324411827,hold
2025-06-02,-1,-1,-0.0070438333802584,0.0070438333802584,0.49531584318884336,hold
2025-06-03,1,1,0.0031659048079861,0.0031659048079861,0.4963886501550779,flip
2025-06-04,-1,-1,0.0053086967621067,-0.0053086967621067,0.49325708468509805,flip
2025-06-05,0,-1,0.0101875239545026,-0.0101875239545026,0.4882320163191405,hold
2025-06-06,0,-1,0.0040054487100871,-0.0040054487100871,0.4862764280191518,hold
2025-06-09,0,-1,4.18584595869298e-05,-4.18584595869298e-05,0.4862560732369415,hold
2025-06-10,0,-1,0.0014798446727146,-0.0014798446727146,0.48553648977738667,hold
2025-06-11,0,-1,-0.0100710846627866,0.0100710846627866,0.4904263688728069,hold
2025-06-12,0,-1,-0.0068144588479197,0.0068144588479197,0.49376835918142536,hold
2025-06-13,0,-1,0.0092197937677085,-0.0092197937677085,0.48921591674075277,hold
2025-06-16,0,-1,-0.0037319707924959,0.0037319707924959,0.49104165625325336,hold
2025-06-17,1,1,-0.0016637405234334,-0.0016637405234334,0.4897336486947977,flip
2025-06-18,0,1,-0.0007577278241026,-0.0007577278241026,0.4893625638827824,hold
2025-06-19,-1,-1,0.0128724709598377,-0.0128724709598377,0.48257389592648675,flip
2025-06-20,0,-1,-0.0055948454872697,0.0055948454872697,0.4852738223103852,hold
2025-06-23,1,1,0.0029012296868362,0.0029012296868362,0.48619643930760625,flip
2025-06-24,0,1,0.0080018205204253,0.0080018205204253,0.49008689595261556,hold
2025-06-25,0,1,0.0120520108141297,0.0120520108141297,0.4959934285224998,hold
2025-06-26,0,1,0.003475704773181,0.003475704773181,0.49771735524948185,hold
2025-06-27,-1,-1,-0.0047098423546652,0.0047098423546652,0.49956380817463836,flip
2025-06-30,-1,-1,0.0009699396772837,-0.0009699396772837,0.49907926141575487,hold
2025-07-01,-1,-1,-0.0034610085397696,0.0034610085397696,0.5008065790015367,hold
2025-07-02,-1,-1,-0.0018897125192245,0.0018897125192245,0.5017529594635859,hold
2025-07-03,-1,-1,0.0021924250859925,-0.0021924250859925,0.500652903688287,hold
2025-07-04,-1,-1,1.1813410706551508e-05,-1.1813410706551508e-05,0.5006469892699142,hold
2025-07-07,0,-1,0.0024036171315751,-0.0024036171315751,0.49944362558963357,hold
2025-07-08,-1,-1,-0.0018180190273288,0.0018180190273288,0.5003516236040335,hold
2025-07-09,0,-1,-0.004743646446198,0.004743646446198,0.5027251148051922,hold
2025-07-10,0,-1,-0.008100901810276,0.008100901810276,0.5067976415977888,hold
2025-07-11,0,-1,-0.0026858541571485,0.0026858541571485,0.5081588261503073,hold
2025-07-14,0,-1,0.0045251032187942,-0.0045251032187942,0.5058593550104359,hold
2025-07-15,0,-1,0.0006449487413033,-0.0006449487413033,0.5055331016561454,hold
2025-07-16,-1,-1,-0.0039902173517283,0.0039902173517283,0.5075502886102468,hold
2025-07-17,0,-1,-0.0056965580472427,0.0056965580472427,0.5104415782912098,hold
2025-07-18,1,1,0.0048981443028652,0.0048981443028652,0.5124313532215713,flip
2025-07-21,1,1,-0.0011876443882732,-0.0011876443882732,0.5118227670005424,hold
2025-07-22,-1,-1,0.0063445445902445,-0.0063445445902445,0.5080636618660046,flip
2025-07-23,0,-1,-0.006256994627491,0.006256994627491,0.5112426134687237,hold
2025-07-24,1,1,-0.0089816740370306,-0.0089816740370306,0.5061395563472392,flip
2025-07-25,0,1,-0.0062849623293875,-0.0062849623293875,0.5029584883021839,hold
2025-07-28,0,1,0.0056804742343701,0.0056804742343701,0.5058155310359422,hold
2025-07-29,-1,-1,0.0013678351245234,-0.0013678351245234,0.5046178432550259,flip
2025-07-30,-1,-1,-0.0034882717656889,0.0034882717656889,0.5063780874301153,hold
2025-07-31,1,1,-0.0081959437427822,-0.0081959437427822,0.5017214630255302,flip
2025-08-01,1,1,0.0064074150430544,0.0064074150430544,0.5049362006751433,hold
2025-08-04,-1,-1,-0.0029608040671041,0.0029608040671041,0.5059262816310552,flip
2025-08-05,1,1,-0.0030569142281212,-0.0030569142281212,0.5038737821007258,flip
2025-08-06,1,1,0.0008932609229541,0.0008932609229541,0.5043238728603775,hold
2025-08-07,-1,-1,-0.0094669127354072,0.0094669127354072,0.508593939082269,flip
2025-08-08,0,-1,0.0091018044718578,-0.0091018044718578,0.5039648164931703,hold
2025-08-11,0,-1,-0.0039719417907191,0.0039719417907191,0.5059665354088516,hold
2025-08-12,0,-1,0.0053884535167121,-0.0053884535167121,0.5032401582517891,hold
2025-08-13,0,-1,0.000485438164071,-0.000485438164071,0.5029958662732806,hold
2025-08-14,-1,-1,0.0099730192766349,-0.0099730192766349,0.4979794788028696,hold
2025-08-18,0,-1,0.0041685646806257,-0.0041685646806257,0.49590361913585557,hold
2025-08-19,0,-1,0.0027981813736617,-0.0027981813736617,0.4945159908656582,hold
2025-08-20,-1,-1,0.0013252889742787,-0.0013252889742787,0.4938606142753594,hold
2025-08-21,-1,-1,-0.0085174820600987,0.0085174820600987,0.49806706319763905,hold
2025-08-22,0,-1,0.0039264173509054,-0.0039264173509054,0.4961114440387854,hold
2025-08-25,0,-1,-0.0102411798720348,0.0102411798720348,0.5011922105737615,hold
2025-08-26,0,-1,-0.0085444301039235,0.0085444301039235,0.50547461238564,hold
2025-08-28,0,-1,-0.0030223697933294,0.0030223697933294,0.5070023435854092,hold
2025-08-29,0,-1,0.0081140701746054,-0.0081140701746054,0.5028884909908677,hold
2025-09-01,0,-1,-0.0018457290617897,0.0018457290617897,0.5038166868935292,hold
2025-09-02,0,-1,0.005510715147017,-0.005510715147017,0.5010402966457451,hold
2025-09-03,0,-1,0.0007788776228048,-0.0007788776228048,0.5006500475705643,hold
2025-09-04,-1,-1,0.0002708473067116,-0.0002708473067116,0.5005144478535748,hold
2025-09-05,-1,-1,0.0012994782193525,-0.0012994782193525,0.4998640402301178,hold
2025-09-08,0,-1,0.0038529301782352,-0.0038529301782352,0.49793809898450064,hold
2025-09-09,0,-1,0.0042020862308871,-0.0042020862308871,0.49584572015492373,hold
2025-09-10,0,-1,0.0012974116602184,-0.0012974116602184,0.49520240413592537,hold
2025-09-11,0,-1,0.0043390454100098,-0.0043390454100098,0.49305369841723357,hold
2025-09-12,0,-1,-0.0017838966811339,0.0017838966811339,0.4939332552734609,hold
2025-09-15,-1,-1,0.0067772563910986,-0.0067772563910986,0.49058574296238266,hold
2025-09-16,0,-1,0.0036114755294653,-0.0036114755294653,0.4888140045565695,hold
2025-09-17,-1,-1,0.0036853015416349,-0.0036853015416349,0.4870125775520044,hold
2025-09-18,-1,-1,-0.0037976065391384,0.0037976065391384,0.4888620597011585,hold
2025-09-19,-1,-1,-0.0049236357186648,0.0049236357186648,0.4912690383998032,hold
2025-09-22,-1,-1,-0.001303434397354,0.001303434397354,0.4919093753628085,hold
2025-09-23,-1,-1,-0.0044736530076083,0.0044736530076083,0.4941100072193711,hold
2025-09-24,0,-1,-0.0066269482123226,0.0066269482123226,0.49738444864840425,hold
2025-09-25,0,-1,-0.0094874379272315,0.0094874379272315,0.5021033527309262,hold
2025-09-26,0,-1,-0.0008030448049409,0.0008030448049409,0.5025065642198803,hold
2025-09-29,-1,-1,-0.0009661407544825,0.0009661407544825,0.5029920562909681,hold
2025-09-30,-1,-1,0.0091503904924759,-0.0091503904924759,0.49838948256129234,hold
2025-10-01,0,-1,0.0023332467769816,-0.0023332467769816,0.4972266169074247,hold
2025-10-03,-1,-1,0.0073671787912872,-0.0073671787912872,0.4935634595208808,hold
2025-10-06,0,-1,0.0012222193924698,-0.0012222193924698,0.4929602166892399,hold
2025-10-07,-1,-1,-0.0024752925801897,0.0024752925801897,0.4941804374559394,hold
2025-10-08,1,1,0.0054160175719368,0.0054160175719368,0.4963627469514524,flip
2025-10-09,1,1,0.004112050167679,0.004112050167679,0.4984038154682837,hold
2025-10-10,0,1,-0.0022938183927065,-0.0022938183927065,0.4972605676293675,hold
2025-10-13,0,1,-0.0032444791324643,-0.0032444791324643,0.4956472160942967,hold
2025-10-14,0,1,0.0070808208725219,0.0070808208725219,0.49915680524742456,hold
2025-10-15,0,1,0.0103362282114798,0.0103362282114798,0.5043162038997752,hold
2025-10-16,1,1,0.0048679837376106,0.0048679837376106,0.5067712069789728,hold
2025-10-17,0,1,0.0051848137299641,0.0051848137299641,0.5093987212908679,hold
2025-10-20,-1,-1,0.0009847568259027,-0.0009847568259027,0.5083876887016798,flip
2025-10-21,-1,-1,0.0008814076368377,-0.0008814076368377,0.5079395919103838,hold
2025-10-23,-1,-1,-0.0037174505259611,0.0037174505259611,0.5098278322134876,hold
2025-10-24,-1,-1,0.0066252915000297,-0.0066252915000297,0.506450074210245,hold
2025-10-27,0,-1,-0.001149638146805,0.001149638146805,0.5070323085350094,hold
2025-10-28,-1,-1,0.0045381040946781,-0.0045381040946781,0.5047313431395125,hold
2025-10-29,0,-1,-0.00675717564781,0.00675717564781,0.5081419014800612,hold
2025-10-30,0,-1,-0.0060186608373972,0.0060186608373972,0.5112002352423398,hold
2025-10-31,0,-1,0.0016036793506921,-0.0016036793506921,0.5103804339810127,hold
2025-11-03,-1,-1,-0.0064315867797603,0.0064315867797603,0.5136629900328533,hold
2025-11-04,0,-1,-0.0034359080045569,0.0034359080045569,0.5154278888119519,hold
2025-11-06,0,-1,-0.0006820322478444,0.0006820322478444,0.5157794272535601,hold
2025-11-07,-1,-1,0.0032185728871263,-0.0032185728871263,0.5141193535732642,hold
2025-11-10,-1,-1,0.0047156471705849,-0.0047156471705849,0.5116949480982435,hold
2025-11-11,1,1,0.0070384090258497,0.0070384090258497,0.5147847714913216,flip
2025-11-12,0,1,0.0001294494962036,0.0001294494962036,0.5148514101206445,hold
2025-11-13,0,1,0.0011940264714482,0.0011940264714482,0.515466156333191,hold
2025-11-14,0,1,0.0039906690408659,0.0039906690408659,0.5175232111648841,hold
2025-11-17,0,1,-0.0039748069020186,-0.0039748069020186,0.5154661563331912,hold
2025-11-18,0,1,0.0055036406751542,0.0055036406751542,0.5183030968378519,hold
2025-11-19,0,1,0.0053545415882216,0.0053545415882216,0.5210783723251743,hold
2025-11-20,0,1,-0.0047342428227803,-0.0047342428227803,0.5186114607808878,hold
2025-11-21,0,1,-0.004167936312968,-0.004167936312968,0.5164499212411778,hold
2025-11-24,0,1,-0.002877529180069,-0.002877529180069,0.514963821522762,hold
2025-11-25,0,1,0.0123817835303625,0.0123817835303625,0.5213399920868251,hold
2025-11-26,0,1,0.0003911422381892,0.0003911422381892,0.5215439101781876,hold
2025-11-27,-1,-1,-0.0004806903583736,0.0004806903583736,0.5212730673971006,flip
2025-11-28,-1,-1,-0.0010380212747401,0.0010380212747401,0.5218141599310078,hold
2025-12-01,-1,-1,-0.0054841133969418,0.0054841133969418,0.5246758479561994,hold
2025-12-02,0,-1,-0.0017746951904364,0.0017746951904364,0.5256069876601054,hold
2025-12-03,0,-1,0.0018375278996383,-0.0018375278996383,0.5246411701560351,hold
2025-12-04,-1,-1,0.0058654330916598,-0.0058654330916598,0.5215639224753548,hold
2025-12-05,1,1,-0.0086265394598917,-0.0086265394598917,0.5165430667947899,flip
2025-12-08,0,1,-0.0046570811090926,-0.0046570811090926,0.5141374838363871,hold
2025-12-09,1,1,-0.0031598875909956,-0.0031598875909956,0.5125128671811469,hold
2025-12-10,1,1,0.0054565875164998,0.0054565875164998,0.515309438494253,hold
2025-12-11,1,1,0.0057299900196514,0.0057299900196514,0.5182621564338573,hold
2025-12-12,1,1,-0.0007543469807149,-0.0007543469807149,0.5178712069409327,hold
2025-12-15,-1,-1,-0.0064240688375742,0.0064240688375742,0.5206801760163781,flip
2025-12-16,0,-1,-0.0016066770334456,0.0016066770334456,0.521516740896954,hold
2025-12-17,-1,-1,-0.0001161955225689,0.0001161955225689,0.5215773388071909,hold
2025-12-18,1,1,0.0058433620360547,0.0058433620360547,0.5241035266888362,flip
2025-12-19,1,1,0.0079333291061156,0.0079333291061156,0.5282614124517346,hold
2025-12-22,0,1,0.0001814888939914,0.0001814888939914,0.5283572860312189,hold
2025-12-23,1,1,-0.0013389838361685,-0.0013389838361685,0.5276498241655012,hold
2025-12-24,1,1,-0.003817552133005,-0.003817552133005,0.5256354934537785,hold
2025-12-26,0,1,-0.0038476313101776,-0.0038476313101776,0.5236130418714251,hold
2025-12-29,0,1,-0.0001252789885528,-0.0001252789885528,0.5235474441591464,hold
2025-12-30,0,1,0.007353834224439,0.007353834224439,0.5273975252721216,hold
2025-12-31,1,1,0.0006487344669803,0.0006487344669803,0.5277396662245657,hold
2026-01-01,0,1,0.0069607651702385,0.0069607651702385,0.5314131381121749,hold
2026-01-02,0,1,-0.002972058760474,-0.002972058760474,0.5298337470396177,hold
2026-01-05,1,1,-0.0027276473171363,-0.0027276473171363,0.5283885474409769,hold
